<?xml version='1.0' encoding='UTF-8'?>
<kml xmlns:xsd="http://www.w3.org/2001/XMLSchema" xmlns:gx="http://www.google.com/kml/ext/2.2" xmlns:atom="http://www.w3.org/2005/Atom" xmlns="http://www.opengis.net/kml/2.2">
<Document>
<name>araxa_3104007_localidades_2022</name>
<visibility>1</visibility>
<Schema name="Vilas" id="kml_schema_ft_Vilas">
<SimpleField type="xsd:string" name="CD_UF">
<displayName>CD_UF</displayName>
</SimpleField>
<SimpleField type="xsd:string" name="NM_UF">
<displayName>NM_UF</displayName>
</SimpleField>
<SimpleField type="xsd:string" name="SIGLA_UF">
<displayName>SIGLA_UF</displayName>
</SimpleField>
<SimpleField type="xsd:string" name="CD_MUN">
<displayName>CD_MUN</displayName>
</SimpleField>
<SimpleField type="xsd:string" name="NM_MUN">
<displayName>NM_MUN</displayName>
</SimpleField>
<SimpleField type="xsd:string" name="CD_RGINT">
<displayName>CD_RGINT</displayName>
</SimpleField>
<SimpleField type="xsd:string" name="NM_RGINT">
<displayName>NM_RGINT</displayName>
</SimpleField>
<SimpleField type="xsd:string" name="CD_RGI">
<displayName>CD_RGI</displayName>
</SimpleField>
<SimpleField type="xsd:string" name="NM_RGI">
<displayName>NM_RGI</displayName>
</SimpleField>
<SimpleField type="xsd:string" name="CT_LOCALIDADE">
<displayName>CT_LOCALIDADE</displayName>
</SimpleField>
<SimpleField type="xsd:string" name="CD_LOCALIDADE">
<displayName>CD_LOCALIDADE</displayName>
</SimpleField>
<SimpleField type="xsd:string" name="NM_LOCALIDADE">
<displayName>NM_LOCALIDADE</displayName>
</SimpleField>
<SimpleField type="xsd:string" name="LAT_LOCALIDADE">
<displayName>LAT_LOCALIDADE</displayName>
</SimpleField>
<SimpleField type="xsd:string" name="LONG_LOCALIDADE">
<displayName>LONG_LOCALIDADE</displayName>
</SimpleField>
</Schema>
<Schema name="Localidades" id="kml_schema_ft_Localidades">
<SimpleField type="xsd:string" name="CD_UF">
<displayName>CD_UF</displayName>
</SimpleField>
<SimpleField type="xsd:string" name="NM_UF">
<displayName>NM_UF</displayName>
</SimpleField>
<SimpleField type="xsd:string" name="SIGLA_UF">
<displayName>SIGLA_UF</displayName>
</SimpleField>
<SimpleField type="xsd:string" name="CD_MUN">
<displayName>CD_MUN</displayName>
</SimpleField>
<SimpleField type="xsd:string" name="NM_MUN">
<displayName>NM_MUN</displayName>
</SimpleField>
<SimpleField type="xsd:string" name="CD_RGINT">
<displayName>CD_RGINT</displayName>
</SimpleField>
<SimpleField type="xsd:string" name="NM_RGINT">
<displayName>NM_RGINT</displayName>
</SimpleField>
<SimpleField type="xsd:string" name="CD_RGI">
<displayName>CD_RGI</displayName>
</SimpleField>
<SimpleField type="xsd:string" name="NM_RGI">
<displayName>NM_RGI</displayName>
</SimpleField>
<SimpleField type="xsd:string" name="CT_LOCALIDADE">
<displayName>CT_LOCALIDADE</displayName>
</SimpleField>
<SimpleField type="xsd:string" name="SCT_LOCALIDADE">
<displayName>SCT_LOCALIDADE</displayName>
</SimpleField>
<SimpleField type="xsd:string" name="CD_LOCALIDADE">
<displayName>CD_LOCALIDADE</displayName>
</SimpleField>
<SimpleField type="xsd:string" name="NM_LOCALIDADE">
<displayName>NM_LOCALIDADE</displayName>
</SimpleField>
</Schema>
<Schema name="Núcleos Urbanos" id="kml_schema_ft_Núcleos_Urbanos">
<SimpleField type="xsd:string" name="CD_UF">
<displayName>CD_UF</displayName>
</SimpleField>
<SimpleField type="xsd:string" name="NM_UF">
<displayName>NM_UF</displayName>
</SimpleField>
<SimpleField type="xsd:string" name="SIGLA_UF">
<displayName>SIGLA_UF</displayName>
</SimpleField>
<SimpleField type="xsd:string" name="CD_MUN">
<displayName>CD_MUN</displayName>
</SimpleField>
<SimpleField type="xsd:string" name="NM_MUN">
<displayName>NM_MUN</displayName>
</SimpleField>
<SimpleField type="xsd:string" name="CD_RGINT">
<displayName>CD_RGINT</displayName>
</SimpleField>
<SimpleField type="xsd:string" name="NM_RGINT">
<displayName>NM_RGINT</displayName>
</SimpleField>
<SimpleField type="xsd:string" name="CD_RGI">
<displayName>CD_RGI</displayName>
</SimpleField>
<SimpleField type="xsd:string" name="NM_RGI">
<displayName>NM_RGI</displayName>
</SimpleField>
<SimpleField type="xsd:string" name="CT_LOCALIDADE">
<displayName>CT_LOCALIDADE</displayName>
</SimpleField>
<SimpleField type="xsd:string" name="CD_LOCALIDADE">
<displayName>CD_LOCALIDADE</displayName>
</SimpleField>
<SimpleField type="xsd:string" name="NM_LOCALIDADE">
<displayName>NM_LOCALIDADE</displayName>
</SimpleField>
<SimpleField type="xsd:string" name="LAT_LOCALIDADE">
<displayName>LAT_LOCALIDADE</displayName>
</SimpleField>
<SimpleField type="xsd:string" name="LONG_LOCALIDADE">
<displayName>LONG_LOCALIDADE</displayName>
</SimpleField>
</Schema>
<Schema name="01. Cidade" id="kml_schema_ft_01._Cidade">
<SimpleField type="xsd:string" name="CD_UF">
<displayName>CD_UF</displayName>
</SimpleField>
<SimpleField type="xsd:string" name="NM_UF">
<displayName>NM_UF</displayName>
</SimpleField>
<SimpleField type="xsd:string" name="SIGLA_UF">
<displayName>SIGLA_UF</displayName>
</SimpleField>
<SimpleField type="xsd:string" name="CD_MUN">
<displayName>CD_MUN</displayName>
</SimpleField>
<SimpleField type="xsd:string" name="NM_MUN">
<displayName>NM_MUN</displayName>
</SimpleField>
<SimpleField type="xsd:string" name="CD_RGINT">
<displayName>CD_RGINT</displayName>
</SimpleField>
<SimpleField type="xsd:string" name="NM_RGINT">
<displayName>NM_RGINT</displayName>
</SimpleField>
<SimpleField type="xsd:string" name="CD_RGI">
<displayName>CD_RGI</displayName>
</SimpleField>
<SimpleField type="xsd:string" name="NM_RGI">
<displayName>NM_RGI</displayName>
</SimpleField>
<SimpleField type="xsd:string" name="CT_LOCALIDADE">
<displayName>CT_LOCALIDADE</displayName>
</SimpleField>
<SimpleField type="xsd:string" name="SCT_LOCALIDADE">
<displayName>SCT_LOCALIDADE</displayName>
</SimpleField>
<SimpleField type="xsd:string" name="CD_LOCALIDADE">
<displayName>CD_LOCALIDADE</displayName>
</SimpleField>
<SimpleField type="xsd:string" name="NM_LOCALIDADE">
<displayName>NM_LOCALIDADE</displayName>
</SimpleField>
<SimpleField type="xsd:string" name="LAT_LOCALIDADE">
<displayName>LAT_LOCALIDADE</displayName>
</SimpleField>
<SimpleField type="xsd:string" name="LONG_LOCALIDADE">
<displayName>LONG_LOCALIDADE</displayName>
</SimpleField>
</Schema>
<Schema name="Município" id="kml_schema_ft_Município">
<SimpleField type="xsd:string" name="CD_UF">
<displayName>CD_UF</displayName>
</SimpleField>
<SimpleField type="xsd:string" name="NM_UF">
<displayName>NM_UF</displayName>
</SimpleField>
<SimpleField type="xsd:string" name="CD_MUN">
<displayName>CD_MUN</displayName>
</SimpleField>
<SimpleField type="xsd:string" name="NM_MUN">
<displayName>NM_MUN</displayName>
</SimpleField>
<SimpleField type="xsd:string" name="CD_RGINT">
<displayName>CD_RGINT</displayName>
</SimpleField>
<SimpleField type="xsd:string" name="NM_RGINT">
<displayName>NM_RGINT</displayName>
</SimpleField>
<SimpleField type="xsd:string" name="CD_RGI">
<displayName>CD_RGI</displayName>
</SimpleField>
<SimpleField type="xsd:string" name="NM_RGI">
<displayName>NM_RGI</displayName>
</SimpleField>
</Schema>
<Folder id="01. Cidade">
<name>01. Cidade</name>
<Folder id="01.03. Sede Municipal">
<name>01.03. Sede Municipal</name>
<Placemark id="01.03. Sede Municipal">
<name>Araxá [3104007]</name>
<visibility>1</visibility>
<snippet> </snippet>
<description>&lt;center&gt;&lt;table&gt;&lt;tr&gt;&lt;th colspan='2' align='center'&gt;&lt;em&gt;Atributos&lt;/em&gt;&lt;/th&gt;&lt;/tr&gt;&lt;tr bgcolor="#E3E3F3"&gt;
&lt;th&gt;CD_UF&lt;/th&gt;
&lt;td&gt;31&lt;/td&gt;
&lt;/tr&gt;&lt;tr bgcolor=""&gt;
&lt;th&gt;NM_UF&lt;/th&gt;
&lt;td&gt;Minas Gerais&lt;/td&gt;
&lt;/tr&gt;&lt;tr bgcolor="#E3E3F3"&gt;
&lt;th&gt;SIGLA_UF&lt;/th&gt;
&lt;td&gt;MG&lt;/td&gt;
&lt;/tr&gt;&lt;tr bgcolor=""&gt;
&lt;th&gt;CD_MUN&lt;/th&gt;
&lt;td&gt;3104007&lt;/td&gt;
&lt;/tr&gt;&lt;tr bgcolor="#E3E3F3"&gt;
&lt;th&gt;NM_MUN&lt;/th&gt;
&lt;td&gt;Araxá&lt;/td&gt;
&lt;/tr&gt;&lt;tr bgcolor=""&gt;
&lt;th&gt;CD_RGINT&lt;/th&gt;
&lt;td&gt;3110&lt;/td&gt;
&lt;/tr&gt;&lt;tr bgcolor="#E3E3F3"&gt;
&lt;th&gt;NM_RGINT&lt;/th&gt;
&lt;td&gt;Uberaba&lt;/td&gt;
&lt;/tr&gt;&lt;tr bgcolor=""&gt;
&lt;th&gt;CD_RGI&lt;/th&gt;
&lt;td&gt;310056&lt;/td&gt;
&lt;/tr&gt;&lt;tr bgcolor="#E3E3F3"&gt;
&lt;th&gt;NM_RGI&lt;/th&gt;
&lt;td&gt;Araxá&lt;/td&gt;
&lt;/tr&gt;&lt;tr bgcolor=""&gt;
&lt;th&gt;CT_LOCALIDADE&lt;/th&gt;
&lt;td&gt;Cidade&lt;/td&gt;
&lt;/tr&gt;&lt;tr bgcolor="#E3E3F3"&gt;
&lt;th&gt;SCT_LOCALIDADE&lt;/th&gt;
&lt;td&gt;Sede Municipal&lt;/td&gt;
&lt;/tr&gt;&lt;tr bgcolor=""&gt;
&lt;th&gt;CD_LOCALIDADE&lt;/th&gt;
&lt;td&gt;3104007&lt;/td&gt;
&lt;/tr&gt;&lt;tr bgcolor="#E3E3F3"&gt;
&lt;th&gt;NM_LOCALIDADE&lt;/th&gt;
&lt;td&gt;Araxá&lt;/td&gt;
&lt;/tr&gt;&lt;tr bgcolor=""&gt;
&lt;th&gt;LAT_LOCALIDADE&lt;/th&gt;
&lt;td&gt;-19.5984&lt;/td&gt;
&lt;/tr&gt;&lt;tr bgcolor="#E3E3F3"&gt;
&lt;th&gt;LONG_LOCALIDADE&lt;/th&gt;
&lt;td&gt;-46.9491&lt;/td&gt;
&lt;/tr&gt;&lt;/table&gt;&lt;/center&gt;</description>
<Style>
<IconStyle>
<color>ff00aaff</color>
<scale>1.0</scale>
<Icon>
<href>http://maps.google.com/mapfiles/kml/shapes/placemark_circle.png</href>
</Icon>
</IconStyle>
<LabelStyle>
<scale>1.0</scale>
</LabelStyle>
<LineStyle>
<color>ffffffff</color>
<width>3</width>
<gx:labelVisibility>1</gx:labelVisibility>
</LineStyle>
<PolyStyle>
<color>00ffffff</color>
</PolyStyle>
</Style>
<ExtendedData>
<SchemaData schemaUrl="#kml_schema_ft_01._Cidade">
<SimpleData name="CD_UF">31</SimpleData>
<SimpleData name="NM_UF">Minas Gerais</SimpleData>
<SimpleData name="SIGLA_UF">MG</SimpleData>
<SimpleData name="CD_MUN">3104007</SimpleData>
<SimpleData name="NM_MUN">Araxá</SimpleData>
<SimpleData name="CD_RGINT">3110</SimpleData>
<SimpleData name="NM_RGINT">Uberaba</SimpleData>
<SimpleData name="CD_RGI">310056</SimpleData>
<SimpleData name="NM_RGI">Araxá</SimpleData>
<SimpleData name="CT_LOCALIDADE">Cidade</SimpleData>
<SimpleData name="SCT_LOCALIDADE">Sede Municipal</SimpleData>
<SimpleData name="CD_LOCALIDADE">3104007</SimpleData>
<SimpleData name="NM_LOCALIDADE">Araxá</SimpleData>
<SimpleData name="LAT_LOCALIDADE">-19.5984</SimpleData>
<SimpleData name="LONG_LOCALIDADE">-46.9491</SimpleData>
</SchemaData>
</ExtendedData>
<Point>
<extrude>0</extrude>
<coordinates>-46.9491,-19.5983999994022,0.0</coordinates>
</Point>
</Placemark>
</Folder>
</Folder>
<Folder id="04. Vilas">
<name>04. Vilas</name>
<Placemark id="04. Vilas">
<name>Itaipu de Araxá [310400715]</name>
<visibility>1</visibility>
<snippet> </snippet>
<description>&lt;center&gt;&lt;table&gt;&lt;tr&gt;&lt;th colspan='2' align='center'&gt;&lt;em&gt;Atributos&lt;/em&gt;&lt;/th&gt;&lt;/tr&gt;&lt;tr bgcolor="#E3E3F3"&gt;
&lt;th&gt;CD_UF&lt;/th&gt;
&lt;td&gt;31&lt;/td&gt;
&lt;/tr&gt;&lt;tr bgcolor=""&gt;
&lt;th&gt;NM_UF&lt;/th&gt;
&lt;td&gt;Minas Gerais&lt;/td&gt;
&lt;/tr&gt;&lt;tr bgcolor="#E3E3F3"&gt;
&lt;th&gt;SIGLA_UF&lt;/th&gt;
&lt;td&gt;MG&lt;/td&gt;
&lt;/tr&gt;&lt;tr bgcolor=""&gt;
&lt;th&gt;CD_MUN&lt;/th&gt;
&lt;td&gt;3104007&lt;/td&gt;
&lt;/tr&gt;&lt;tr bgcolor="#E3E3F3"&gt;
&lt;th&gt;NM_MUN&lt;/th&gt;
&lt;td&gt;Araxá&lt;/td&gt;
&lt;/tr&gt;&lt;tr bgcolor=""&gt;
&lt;th&gt;CD_RGINT&lt;/th&gt;
&lt;td&gt;3110&lt;/td&gt;
&lt;/tr&gt;&lt;tr bgcolor="#E3E3F3"&gt;
&lt;th&gt;NM_RGINT&lt;/th&gt;
&lt;td&gt;Uberaba&lt;/td&gt;
&lt;/tr&gt;&lt;tr bgcolor=""&gt;
&lt;th&gt;CD_RGI&lt;/th&gt;
&lt;td&gt;310056&lt;/td&gt;
&lt;/tr&gt;&lt;tr bgcolor="#E3E3F3"&gt;
&lt;th&gt;NM_RGI&lt;/th&gt;
&lt;td&gt;Araxá&lt;/td&gt;
&lt;/tr&gt;&lt;tr bgcolor=""&gt;
&lt;th&gt;CT_LOCALIDADE&lt;/th&gt;
&lt;td&gt;Vila&lt;/td&gt;
&lt;/tr&gt;&lt;tr bgcolor="#E3E3F3"&gt;
&lt;th&gt;CD_LOCALIDADE&lt;/th&gt;
&lt;td&gt;310400715&lt;/td&gt;
&lt;/tr&gt;&lt;tr bgcolor=""&gt;
&lt;th&gt;NM_LOCALIDADE&lt;/th&gt;
&lt;td&gt;Itaipu de Araxá&lt;/td&gt;
&lt;/tr&gt;&lt;tr bgcolor="#E3E3F3"&gt;
&lt;th&gt;LAT_LOCALIDADE&lt;/th&gt;
&lt;td&gt;-19.6007&lt;/td&gt;
&lt;/tr&gt;&lt;tr bgcolor=""&gt;
&lt;th&gt;LONG_LOCALIDADE&lt;/th&gt;
&lt;td&gt;-47.2096&lt;/td&gt;
&lt;/tr&gt;&lt;/table&gt;&lt;/center&gt;</description>
<Style>
<IconStyle>
<color>ffff5400</color>
<scale>1.0</scale>
<Icon>
<href>http://maps.google.com/mapfiles/kml/shapes/placemark_circle.png</href>
</Icon>
</IconStyle>
<LabelStyle>
<scale>0.9</scale>
</LabelStyle>
<LineStyle>
<color>72ffffff</color>
<width>1.0</width>
<gx:labelVisibility>1</gx:labelVisibility>
</LineStyle>
<PolyStyle>
<color>660054ff</color>
</PolyStyle>
</Style>
<ExtendedData>
<SchemaData schemaUrl="#kml_schema_ft_Vilas">
<SimpleData name="CD_UF">31</SimpleData>
<SimpleData name="NM_UF">Minas Gerais</SimpleData>
<SimpleData name="SIGLA_UF">MG</SimpleData>
<SimpleData name="CD_MUN">3104007</SimpleData>
<SimpleData name="NM_MUN">Araxá</SimpleData>
<SimpleData name="CD_RGINT">3110</SimpleData>
<SimpleData name="NM_RGINT">Uberaba</SimpleData>
<SimpleData name="CD_RGI">310056</SimpleData>
<SimpleData name="NM_RGI">Araxá</SimpleData>
<SimpleData name="CT_LOCALIDADE">Vila</SimpleData>
<SimpleData name="CD_LOCALIDADE">310400715</SimpleData>
<SimpleData name="NM_LOCALIDADE">Itaipu de Araxá</SimpleData>
<SimpleData name="LAT_LOCALIDADE">-19.6007</SimpleData>
<SimpleData name="LONG_LOCALIDADE">-47.2096</SimpleData>
</SchemaData>
</ExtendedData>
<Point>
<extrude>0</extrude>
<coordinates>-47.2096,-19.6006999994021,0.0</coordinates>
</Point>
</Placemark>
</Folder>
<Folder id="05. Núcleos Urbanos">
<name>05. Núcleos Urbanos</name>
<Placemark id="localidades">
<name>Chacreamento Parque das Acácias [3104007001]</name>
<visibility>1</visibility>
<snippet> </snippet>
<description>&lt;center&gt;&lt;table&gt;&lt;tr&gt;&lt;th colspan='2' align='center'&gt;&lt;em&gt;Attributes&lt;/em&gt;&lt;/th&gt;&lt;/tr&gt;&lt;tr bgcolor="#E3E3F3"&gt;
&lt;th&gt;CD_UF&lt;/th&gt;
&lt;td&gt;31&lt;/td&gt;
&lt;/tr&gt;&lt;tr bgcolor=""&gt;
&lt;th&gt;NM_UF&lt;/th&gt;
&lt;td&gt;Minas Gerais&lt;/td&gt;
&lt;/tr&gt;&lt;tr bgcolor="#E3E3F3"&gt;
&lt;th&gt;SIGLA_UF&lt;/th&gt;
&lt;td&gt;MG&lt;/td&gt;
&lt;/tr&gt;&lt;tr bgcolor=""&gt;
&lt;th&gt;CD_MUN&lt;/th&gt;
&lt;td&gt;3104007&lt;/td&gt;
&lt;/tr&gt;&lt;tr bgcolor="#E3E3F3"&gt;
&lt;th&gt;NM_MUN&lt;/th&gt;
&lt;td&gt;Araxá&lt;/td&gt;
&lt;/tr&gt;&lt;tr bgcolor=""&gt;
&lt;th&gt;CD_RGINT&lt;/th&gt;
&lt;td&gt;3110&lt;/td&gt;
&lt;/tr&gt;&lt;tr bgcolor="#E3E3F3"&gt;
&lt;th&gt;NM_RGINT&lt;/th&gt;
&lt;td&gt;Uberaba&lt;/td&gt;
&lt;/tr&gt;&lt;tr bgcolor=""&gt;
&lt;th&gt;CD_RGI&lt;/th&gt;
&lt;td&gt;310056&lt;/td&gt;
&lt;/tr&gt;&lt;tr bgcolor="#E3E3F3"&gt;
&lt;th&gt;NM_RGI&lt;/th&gt;
&lt;td&gt;Araxá&lt;/td&gt;
&lt;/tr&gt;&lt;tr bgcolor=""&gt;
&lt;th&gt;CT_LOCALIDADE&lt;/th&gt;
&lt;td&gt;Núcleo Urbano&lt;/td&gt;
&lt;/tr&gt;&lt;tr bgcolor="#E3E3F3"&gt;
&lt;th&gt;CD_LOCALIDADE&lt;/th&gt;
&lt;td&gt;3104007001&lt;/td&gt;
&lt;/tr&gt;&lt;tr bgcolor=""&gt;
&lt;th&gt;NM_LOCALIDADE&lt;/th&gt;
&lt;td&gt;Chacreamento Parque das Acácias&lt;/td&gt;
&lt;/tr&gt;&lt;tr bgcolor="#E3E3F3"&gt;
&lt;th&gt;LAT_LOCALIDADE&lt;/th&gt;
&lt;td&gt;-19.5138&lt;/td&gt;
&lt;/tr&gt;&lt;tr bgcolor=""&gt;
&lt;th&gt;LONG_LOCALIDADE&lt;/th&gt;
&lt;td&gt;-46.9595&lt;/td&gt;
&lt;/tr&gt;&lt;/table&gt;&lt;/center&gt;</description>
<Style>
<IconStyle>
<color>ff0000ff</color>
<scale>0.9</scale>
<Icon>
<href>http://maps.google.com/mapfiles/kml/shapes/placemark_circle.png</href>
</Icon>
</IconStyle>
<LabelStyle>
<scale>0.9</scale>
</LabelStyle>
<LineStyle>
<color>72ffffff</color>
<width>1.0</width>
<gx:labelVisibility>1</gx:labelVisibility>
</LineStyle>
<PolyStyle>
<color>66ff54ff</color>
</PolyStyle>
</Style>
<ExtendedData>
<SchemaData schemaUrl="#kml_schema_ft_Núcleos_Urbanos">
<SimpleData name="CD_UF">31</SimpleData>
<SimpleData name="NM_UF">Minas Gerais</SimpleData>
<SimpleData name="SIGLA_UF">MG</SimpleData>
<SimpleData name="CD_MUN">3104007</SimpleData>
<SimpleData name="NM_MUN">Araxá</SimpleData>
<SimpleData name="CD_RGINT">3110</SimpleData>
<SimpleData name="NM_RGINT">Uberaba</SimpleData>
<SimpleData name="CD_RGI">310056</SimpleData>
<SimpleData name="NM_RGI">Araxá</SimpleData>
<SimpleData name="CT_LOCALIDADE">Núcleo Urbano</SimpleData>
<SimpleData name="CD_LOCALIDADE">3104007001</SimpleData>
<SimpleData name="NM_LOCALIDADE">Chacreamento Parque das Acácias</SimpleData>
<SimpleData name="LAT_LOCALIDADE">-19.5138</SimpleData>
<SimpleData name="LONG_LOCALIDADE">-46.9595</SimpleData>
</SchemaData>
</ExtendedData>
<Point>
<extrude>0</extrude>
<coordinates>-46.9595114551282,-19.5138422301735,0.0</coordinates>
</Point>
</Placemark>
</Folder>
<Folder id="12. Outras Localidades">
<name>12. Outras Localidades</name>
<Placemark id="12. Outras Localidades">
<name>Pirapetinga [310400700001]</name>
<visibility>1</visibility>
<snippet> </snippet>
<description>&lt;center&gt;&lt;table&gt;&lt;tr&gt;&lt;th colspan='2' align='center'&gt;&lt;em&gt;Attributes&lt;/em&gt;&lt;/th&gt;&lt;/tr&gt;&lt;tr bgcolor="#E3E3F3"&gt;
&lt;th&gt;CD_UF&lt;/th&gt;
&lt;td&gt;31&lt;/td&gt;
&lt;/tr&gt;&lt;tr bgcolor=""&gt;
&lt;th&gt;NM_UF&lt;/th&gt;
&lt;td&gt;Minas Gerais&lt;/td&gt;
&lt;/tr&gt;&lt;tr bgcolor="#E3E3F3"&gt;
&lt;th&gt;SIGLA_UF&lt;/th&gt;
&lt;td&gt;MG&lt;/td&gt;
&lt;/tr&gt;&lt;tr bgcolor=""&gt;
&lt;th&gt;CD_MUN&lt;/th&gt;
&lt;td&gt;3104007&lt;/td&gt;
&lt;/tr&gt;&lt;tr bgcolor="#E3E3F3"&gt;
&lt;th&gt;NM_MUN&lt;/th&gt;
&lt;td&gt;Araxá&lt;/td&gt;
&lt;/tr&gt;&lt;tr bgcolor=""&gt;
&lt;th&gt;CD_RGINT&lt;/th&gt;
&lt;td&gt;3110&lt;/td&gt;
&lt;/tr&gt;&lt;tr bgcolor="#E3E3F3"&gt;
&lt;th&gt;NM_RGINT&lt;/th&gt;
&lt;td&gt;Uberaba&lt;/td&gt;
&lt;/tr&gt;&lt;tr bgcolor=""&gt;
&lt;th&gt;CD_RGI&lt;/th&gt;
&lt;td&gt;310056&lt;/td&gt;
&lt;/tr&gt;&lt;tr bgcolor="#E3E3F3"&gt;
&lt;th&gt;NM_RGI&lt;/th&gt;
&lt;td&gt;Araxá&lt;/td&gt;
&lt;/tr&gt;&lt;tr bgcolor=""&gt;
&lt;th&gt;CT_LOCALIDADE&lt;/th&gt;
&lt;td&gt;Outras Localidades&lt;/td&gt;
&lt;/tr&gt;&lt;tr bgcolor="#E3E3F3"&gt;
&lt;th&gt;SCT_LOCALIDADE&lt;/th&gt;
&lt;td&gt;&lt;/td&gt;
&lt;/tr&gt;&lt;tr bgcolor=""&gt;
&lt;th&gt;CD_LOCALIDADE&lt;/th&gt;
&lt;td&gt;310400700001&lt;/td&gt;
&lt;/tr&gt;&lt;tr bgcolor="#E3E3F3"&gt;
&lt;th&gt;NM_LOCALIDADE&lt;/th&gt;
&lt;td&gt;Pirapetinga&lt;/td&gt;
&lt;/tr&gt;&lt;/table&gt;&lt;/center&gt;</description>
<Style>
<IconStyle>
<color>ff0069d3</color>
<scale>0.6</scale>
<Icon>
<href>http://maps.google.com/mapfiles/kml/shapes/placemark_circle.png</href>
</Icon>
</IconStyle>
<LabelStyle>
<scale>0.6</scale>
</LabelStyle>
<LineStyle>
<width>1.0</width>
<gx:labelVisibility>1</gx:labelVisibility>
</LineStyle>
</Style>
<ExtendedData>
<SchemaData schemaUrl="#kml_schema_ft_Localidades">
<SimpleData name="CD_UF">31</SimpleData>
<SimpleData name="NM_UF">Minas Gerais</SimpleData>
<SimpleData name="SIGLA_UF">MG</SimpleData>
<SimpleData name="CD_MUN">3104007</SimpleData>
<SimpleData name="NM_MUN">Araxá</SimpleData>
<SimpleData name="CD_RGINT">3110</SimpleData>
<SimpleData name="NM_RGINT">Uberaba</SimpleData>
<SimpleData name="CD_RGI">310056</SimpleData>
<SimpleData name="NM_RGI">Araxá</SimpleData>
<SimpleData name="CT_LOCALIDADE">Outras Localidades</SimpleData>
<SimpleData name="CD_LOCALIDADE">310400700001</SimpleData>
<SimpleData name="NM_LOCALIDADE">Pirapetinga</SimpleData>
</SchemaData>
</ExtendedData>
<Point>
<extrude>0</extrude>
<coordinates>-46.8647004,-19.5696385994029,0.0</coordinates>
</Point>
</Placemark>
<Placemark id="12. Outras Localidades">
<name>Mourão Rachado [310400700002]</name>
<visibility>1</visibility>
<snippet> </snippet>
<description>&lt;center&gt;&lt;table&gt;&lt;tr&gt;&lt;th colspan='2' align='center'&gt;&lt;em&gt;Attributes&lt;/em&gt;&lt;/th&gt;&lt;/tr&gt;&lt;tr bgcolor="#E3E3F3"&gt;
&lt;th&gt;CD_UF&lt;/th&gt;
&lt;td&gt;31&lt;/td&gt;
&lt;/tr&gt;&lt;tr bgcolor=""&gt;
&lt;th&gt;NM_UF&lt;/th&gt;
&lt;td&gt;Minas Gerais&lt;/td&gt;
&lt;/tr&gt;&lt;tr bgcolor="#E3E3F3"&gt;
&lt;th&gt;SIGLA_UF&lt;/th&gt;
&lt;td&gt;MG&lt;/td&gt;
&lt;/tr&gt;&lt;tr bgcolor=""&gt;
&lt;th&gt;CD_MUN&lt;/th&gt;
&lt;td&gt;3104007&lt;/td&gt;
&lt;/tr&gt;&lt;tr bgcolor="#E3E3F3"&gt;
&lt;th&gt;NM_MUN&lt;/th&gt;
&lt;td&gt;Araxá&lt;/td&gt;
&lt;/tr&gt;&lt;tr bgcolor=""&gt;
&lt;th&gt;CD_RGINT&lt;/th&gt;
&lt;td&gt;3110&lt;/td&gt;
&lt;/tr&gt;&lt;tr bgcolor="#E3E3F3"&gt;
&lt;th&gt;NM_RGINT&lt;/th&gt;
&lt;td&gt;Uberaba&lt;/td&gt;
&lt;/tr&gt;&lt;tr bgcolor=""&gt;
&lt;th&gt;CD_RGI&lt;/th&gt;
&lt;td&gt;310056&lt;/td&gt;
&lt;/tr&gt;&lt;tr bgcolor="#E3E3F3"&gt;
&lt;th&gt;NM_RGI&lt;/th&gt;
&lt;td&gt;Araxá&lt;/td&gt;
&lt;/tr&gt;&lt;tr bgcolor=""&gt;
&lt;th&gt;CT_LOCALIDADE&lt;/th&gt;
&lt;td&gt;Outras Localidades&lt;/td&gt;
&lt;/tr&gt;&lt;tr bgcolor="#E3E3F3"&gt;
&lt;th&gt;SCT_LOCALIDADE&lt;/th&gt;
&lt;td&gt;&lt;/td&gt;
&lt;/tr&gt;&lt;tr bgcolor=""&gt;
&lt;th&gt;CD_LOCALIDADE&lt;/th&gt;
&lt;td&gt;310400700002&lt;/td&gt;
&lt;/tr&gt;&lt;tr bgcolor="#E3E3F3"&gt;
&lt;th&gt;NM_LOCALIDADE&lt;/th&gt;
&lt;td&gt;Mourão Rachado&lt;/td&gt;
&lt;/tr&gt;&lt;/table&gt;&lt;/center&gt;</description>
<Style>
<IconStyle>
<color>ff0069d3</color>
<scale>0.6</scale>
<Icon>
<href>http://maps.google.com/mapfiles/kml/shapes/placemark_circle.png</href>
</Icon>
</IconStyle>
<LabelStyle>
<scale>0.6</scale>
</LabelStyle>
<LineStyle>
<width>1.0</width>
<gx:labelVisibility>1</gx:labelVisibility>
</LineStyle>
</Style>
<ExtendedData>
<SchemaData schemaUrl="#kml_schema_ft_Localidades">
<SimpleData name="CD_UF">31</SimpleData>
<SimpleData name="NM_UF">Minas Gerais</SimpleData>
<SimpleData name="SIGLA_UF">MG</SimpleData>
<SimpleData name="CD_MUN">3104007</SimpleData>
<SimpleData name="NM_MUN">Araxá</SimpleData>
<SimpleData name="CD_RGINT">3110</SimpleData>
<SimpleData name="NM_RGINT">Uberaba</SimpleData>
<SimpleData name="CD_RGI">310056</SimpleData>
<SimpleData name="NM_RGI">Araxá</SimpleData>
<SimpleData name="CT_LOCALIDADE">Outras Localidades</SimpleData>
<SimpleData name="CD_LOCALIDADE">310400700002</SimpleData>
<SimpleData name="NM_LOCALIDADE">Mourão Rachado</SimpleData>
</SchemaData>
</ExtendedData>
<Point>
<extrude>0</extrude>
<coordinates>-46.8710976,-19.5933531994023,0.0</coordinates>
</Point>
</Placemark>
<Placemark id="12. Outras Localidades">
<name>Córrego dos Bastos [310400700003]</name>
<visibility>1</visibility>
<snippet> </snippet>
<description>&lt;center&gt;&lt;table&gt;&lt;tr&gt;&lt;th colspan='2' align='center'&gt;&lt;em&gt;Attributes&lt;/em&gt;&lt;/th&gt;&lt;/tr&gt;&lt;tr bgcolor="#E3E3F3"&gt;
&lt;th&gt;CD_UF&lt;/th&gt;
&lt;td&gt;31&lt;/td&gt;
&lt;/tr&gt;&lt;tr bgcolor=""&gt;
&lt;th&gt;NM_UF&lt;/th&gt;
&lt;td&gt;Minas Gerais&lt;/td&gt;
&lt;/tr&gt;&lt;tr bgcolor="#E3E3F3"&gt;
&lt;th&gt;SIGLA_UF&lt;/th&gt;
&lt;td&gt;MG&lt;/td&gt;
&lt;/tr&gt;&lt;tr bgcolor=""&gt;
&lt;th&gt;CD_MUN&lt;/th&gt;
&lt;td&gt;3104007&lt;/td&gt;
&lt;/tr&gt;&lt;tr bgcolor="#E3E3F3"&gt;
&lt;th&gt;NM_MUN&lt;/th&gt;
&lt;td&gt;Araxá&lt;/td&gt;
&lt;/tr&gt;&lt;tr bgcolor=""&gt;
&lt;th&gt;CD_RGINT&lt;/th&gt;
&lt;td&gt;3110&lt;/td&gt;
&lt;/tr&gt;&lt;tr bgcolor="#E3E3F3"&gt;
&lt;th&gt;NM_RGINT&lt;/th&gt;
&lt;td&gt;Uberaba&lt;/td&gt;
&lt;/tr&gt;&lt;tr bgcolor=""&gt;
&lt;th&gt;CD_RGI&lt;/th&gt;
&lt;td&gt;310056&lt;/td&gt;
&lt;/tr&gt;&lt;tr bgcolor="#E3E3F3"&gt;
&lt;th&gt;NM_RGI&lt;/th&gt;
&lt;td&gt;Araxá&lt;/td&gt;
&lt;/tr&gt;&lt;tr bgcolor=""&gt;
&lt;th&gt;CT_LOCALIDADE&lt;/th&gt;
&lt;td&gt;Outras Localidades&lt;/td&gt;
&lt;/tr&gt;&lt;tr bgcolor="#E3E3F3"&gt;
&lt;th&gt;SCT_LOCALIDADE&lt;/th&gt;
&lt;td&gt;&lt;/td&gt;
&lt;/tr&gt;&lt;tr bgcolor=""&gt;
&lt;th&gt;CD_LOCALIDADE&lt;/th&gt;
&lt;td&gt;310400700003&lt;/td&gt;
&lt;/tr&gt;&lt;tr bgcolor="#E3E3F3"&gt;
&lt;th&gt;NM_LOCALIDADE&lt;/th&gt;
&lt;td&gt;Córrego dos Bastos&lt;/td&gt;
&lt;/tr&gt;&lt;/table&gt;&lt;/center&gt;</description>
<Style>
<IconStyle>
<color>ff0069d3</color>
<scale>0.6</scale>
<Icon>
<href>http://maps.google.com/mapfiles/kml/shapes/placemark_circle.png</href>
</Icon>
</IconStyle>
<LabelStyle>
<scale>0.6</scale>
</LabelStyle>
<LineStyle>
<width>1.0</width>
<gx:labelVisibility>1</gx:labelVisibility>
</LineStyle>
</Style>
<ExtendedData>
<SchemaData schemaUrl="#kml_schema_ft_Localidades">
<SimpleData name="CD_UF">31</SimpleData>
<SimpleData name="NM_UF">Minas Gerais</SimpleData>
<SimpleData name="SIGLA_UF">MG</SimpleData>
<SimpleData name="CD_MUN">3104007</SimpleData>
<SimpleData name="NM_MUN">Araxá</SimpleData>
<SimpleData name="CD_RGINT">3110</SimpleData>
<SimpleData name="NM_RGINT">Uberaba</SimpleData>
<SimpleData name="CD_RGI">310056</SimpleData>
<SimpleData name="NM_RGI">Araxá</SimpleData>
<SimpleData name="CT_LOCALIDADE">Outras Localidades</SimpleData>
<SimpleData name="CD_LOCALIDADE">310400700003</SimpleData>
<SimpleData name="NM_LOCALIDADE">Córrego dos Bastos</SimpleData>
</SchemaData>
</ExtendedData>
<Point>
<extrude>0</extrude>
<coordinates>-46.8480558,-19.6787623994001,0.0</coordinates>
</Point>
</Placemark>
<Placemark id="12. Outras Localidades">
<name>Ribeirão Tamanduá [310400700004]</name>
<visibility>1</visibility>
<snippet> </snippet>
<description>&lt;center&gt;&lt;table&gt;&lt;tr&gt;&lt;th colspan='2' align='center'&gt;&lt;em&gt;Attributes&lt;/em&gt;&lt;/th&gt;&lt;/tr&gt;&lt;tr bgcolor="#E3E3F3"&gt;
&lt;th&gt;CD_UF&lt;/th&gt;
&lt;td&gt;31&lt;/td&gt;
&lt;/tr&gt;&lt;tr bgcolor=""&gt;
&lt;th&gt;NM_UF&lt;/th&gt;
&lt;td&gt;Minas Gerais&lt;/td&gt;
&lt;/tr&gt;&lt;tr bgcolor="#E3E3F3"&gt;
&lt;th&gt;SIGLA_UF&lt;/th&gt;
&lt;td&gt;MG&lt;/td&gt;
&lt;/tr&gt;&lt;tr bgcolor=""&gt;
&lt;th&gt;CD_MUN&lt;/th&gt;
&lt;td&gt;3104007&lt;/td&gt;
&lt;/tr&gt;&lt;tr bgcolor="#E3E3F3"&gt;
&lt;th&gt;NM_MUN&lt;/th&gt;
&lt;td&gt;Araxá&lt;/td&gt;
&lt;/tr&gt;&lt;tr bgcolor=""&gt;
&lt;th&gt;CD_RGINT&lt;/th&gt;
&lt;td&gt;3110&lt;/td&gt;
&lt;/tr&gt;&lt;tr bgcolor="#E3E3F3"&gt;
&lt;th&gt;NM_RGINT&lt;/th&gt;
&lt;td&gt;Uberaba&lt;/td&gt;
&lt;/tr&gt;&lt;tr bgcolor=""&gt;
&lt;th&gt;CD_RGI&lt;/th&gt;
&lt;td&gt;310056&lt;/td&gt;
&lt;/tr&gt;&lt;tr bgcolor="#E3E3F3"&gt;
&lt;th&gt;NM_RGI&lt;/th&gt;
&lt;td&gt;Araxá&lt;/td&gt;
&lt;/tr&gt;&lt;tr bgcolor=""&gt;
&lt;th&gt;CT_LOCALIDADE&lt;/th&gt;
&lt;td&gt;Outras Localidades&lt;/td&gt;
&lt;/tr&gt;&lt;tr bgcolor="#E3E3F3"&gt;
&lt;th&gt;SCT_LOCALIDADE&lt;/th&gt;
&lt;td&gt;&lt;/td&gt;
&lt;/tr&gt;&lt;tr bgcolor=""&gt;
&lt;th&gt;CD_LOCALIDADE&lt;/th&gt;
&lt;td&gt;310400700004&lt;/td&gt;
&lt;/tr&gt;&lt;tr bgcolor="#E3E3F3"&gt;
&lt;th&gt;NM_LOCALIDADE&lt;/th&gt;
&lt;td&gt;Ribeirão Tamanduá&lt;/td&gt;
&lt;/tr&gt;&lt;/table&gt;&lt;/center&gt;</description>
<Style>
<IconStyle>
<color>ff0069d3</color>
<scale>0.6</scale>
<Icon>
<href>http://maps.google.com/mapfiles/kml/shapes/placemark_circle.png</href>
</Icon>
</IconStyle>
<LabelStyle>
<scale>0.6</scale>
</LabelStyle>
<LineStyle>
<width>1.0</width>
<gx:labelVisibility>1</gx:labelVisibility>
</LineStyle>
</Style>
<ExtendedData>
<SchemaData schemaUrl="#kml_schema_ft_Localidades">
<SimpleData name="CD_UF">31</SimpleData>
<SimpleData name="NM_UF">Minas Gerais</SimpleData>
<SimpleData name="SIGLA_UF">MG</SimpleData>
<SimpleData name="CD_MUN">3104007</SimpleData>
<SimpleData name="NM_MUN">Araxá</SimpleData>
<SimpleData name="CD_RGINT">3110</SimpleData>
<SimpleData name="NM_RGINT">Uberaba</SimpleData>
<SimpleData name="CD_RGI">310056</SimpleData>
<SimpleData name="NM_RGI">Araxá</SimpleData>
<SimpleData name="CT_LOCALIDADE">Outras Localidades</SimpleData>
<SimpleData name="CD_LOCALIDADE">310400700004</SimpleData>
<SimpleData name="NM_LOCALIDADE">Ribeirão Tamanduá</SimpleData>
</SchemaData>
</ExtendedData>
<Point>
<extrude>0</extrude>
<coordinates>-46.9103657,-19.4821130994051,0.0</coordinates>
</Point>
</Placemark>
<Placemark id="12. Outras Localidades">
<name>Condomínio Recanto dos Coqueiros [310400700005]</name>
<visibility>1</visibility>
<snippet> </snippet>
<description>&lt;center&gt;&lt;table&gt;&lt;tr&gt;&lt;th colspan='2' align='center'&gt;&lt;em&gt;Attributes&lt;/em&gt;&lt;/th&gt;&lt;/tr&gt;&lt;tr bgcolor="#E3E3F3"&gt;
&lt;th&gt;CD_UF&lt;/th&gt;
&lt;td&gt;31&lt;/td&gt;
&lt;/tr&gt;&lt;tr bgcolor=""&gt;
&lt;th&gt;NM_UF&lt;/th&gt;
&lt;td&gt;Minas Gerais&lt;/td&gt;
&lt;/tr&gt;&lt;tr bgcolor="#E3E3F3"&gt;
&lt;th&gt;SIGLA_UF&lt;/th&gt;
&lt;td&gt;MG&lt;/td&gt;
&lt;/tr&gt;&lt;tr bgcolor=""&gt;
&lt;th&gt;CD_MUN&lt;/th&gt;
&lt;td&gt;3104007&lt;/td&gt;
&lt;/tr&gt;&lt;tr bgcolor="#E3E3F3"&gt;
&lt;th&gt;NM_MUN&lt;/th&gt;
&lt;td&gt;Araxá&lt;/td&gt;
&lt;/tr&gt;&lt;tr bgcolor=""&gt;
&lt;th&gt;CD_RGINT&lt;/th&gt;
&lt;td&gt;3110&lt;/td&gt;
&lt;/tr&gt;&lt;tr bgcolor="#E3E3F3"&gt;
&lt;th&gt;NM_RGINT&lt;/th&gt;
&lt;td&gt;Uberaba&lt;/td&gt;
&lt;/tr&gt;&lt;tr bgcolor=""&gt;
&lt;th&gt;CD_RGI&lt;/th&gt;
&lt;td&gt;310056&lt;/td&gt;
&lt;/tr&gt;&lt;tr bgcolor="#E3E3F3"&gt;
&lt;th&gt;NM_RGI&lt;/th&gt;
&lt;td&gt;Araxá&lt;/td&gt;
&lt;/tr&gt;&lt;tr bgcolor=""&gt;
&lt;th&gt;CT_LOCALIDADE&lt;/th&gt;
&lt;td&gt;Outras Localidades&lt;/td&gt;
&lt;/tr&gt;&lt;tr bgcolor="#E3E3F3"&gt;
&lt;th&gt;SCT_LOCALIDADE&lt;/th&gt;
&lt;td&gt;&lt;/td&gt;
&lt;/tr&gt;&lt;tr bgcolor=""&gt;
&lt;th&gt;CD_LOCALIDADE&lt;/th&gt;
&lt;td&gt;310400700005&lt;/td&gt;
&lt;/tr&gt;&lt;tr bgcolor="#E3E3F3"&gt;
&lt;th&gt;NM_LOCALIDADE&lt;/th&gt;
&lt;td&gt;Condomínio Recanto dos Coqueiros&lt;/td&gt;
&lt;/tr&gt;&lt;/table&gt;&lt;/center&gt;</description>
<Style>
<IconStyle>
<color>ff0069d3</color>
<scale>0.6</scale>
<Icon>
<href>http://maps.google.com/mapfiles/kml/shapes/placemark_circle.png</href>
</Icon>
</IconStyle>
<LabelStyle>
<scale>0.6</scale>
</LabelStyle>
<LineStyle>
<width>1.0</width>
<gx:labelVisibility>1</gx:labelVisibility>
</LineStyle>
</Style>
<ExtendedData>
<SchemaData schemaUrl="#kml_schema_ft_Localidades">
<SimpleData name="CD_UF">31</SimpleData>
<SimpleData name="NM_UF">Minas Gerais</SimpleData>
<SimpleData name="SIGLA_UF">MG</SimpleData>
<SimpleData name="CD_MUN">3104007</SimpleData>
<SimpleData name="NM_MUN">Araxá</SimpleData>
<SimpleData name="CD_RGINT">3110</SimpleData>
<SimpleData name="NM_RGINT">Uberaba</SimpleData>
<SimpleData name="CD_RGI">310056</SimpleData>
<SimpleData name="NM_RGI">Araxá</SimpleData>
<SimpleData name="CT_LOCALIDADE">Outras Localidades</SimpleData>
<SimpleData name="CD_LOCALIDADE">310400700005</SimpleData>
<SimpleData name="NM_LOCALIDADE">Condomínio Recanto dos Coqueiros</SimpleData>
</SchemaData>
</ExtendedData>
<Point>
<extrude>0</extrude>
<coordinates>-47.034634,-19.5095614994044,0.0</coordinates>
</Point>
</Placemark>
<Placemark id="12. Outras Localidades">
<name>Ribeirão Marmelo [310400700006]</name>
<visibility>1</visibility>
<snippet> </snippet>
<description>&lt;center&gt;&lt;table&gt;&lt;tr&gt;&lt;th colspan='2' align='center'&gt;&lt;em&gt;Attributes&lt;/em&gt;&lt;/th&gt;&lt;/tr&gt;&lt;tr bgcolor="#E3E3F3"&gt;
&lt;th&gt;CD_UF&lt;/th&gt;
&lt;td&gt;31&lt;/td&gt;
&lt;/tr&gt;&lt;tr bgcolor=""&gt;
&lt;th&gt;NM_UF&lt;/th&gt;
&lt;td&gt;Minas Gerais&lt;/td&gt;
&lt;/tr&gt;&lt;tr bgcolor="#E3E3F3"&gt;
&lt;th&gt;SIGLA_UF&lt;/th&gt;
&lt;td&gt;MG&lt;/td&gt;
&lt;/tr&gt;&lt;tr bgcolor=""&gt;
&lt;th&gt;CD_MUN&lt;/th&gt;
&lt;td&gt;3104007&lt;/td&gt;
&lt;/tr&gt;&lt;tr bgcolor="#E3E3F3"&gt;
&lt;th&gt;NM_MUN&lt;/th&gt;
&lt;td&gt;Araxá&lt;/td&gt;
&lt;/tr&gt;&lt;tr bgcolor=""&gt;
&lt;th&gt;CD_RGINT&lt;/th&gt;
&lt;td&gt;3110&lt;/td&gt;
&lt;/tr&gt;&lt;tr bgcolor="#E3E3F3"&gt;
&lt;th&gt;NM_RGINT&lt;/th&gt;
&lt;td&gt;Uberaba&lt;/td&gt;
&lt;/tr&gt;&lt;tr bgcolor=""&gt;
&lt;th&gt;CD_RGI&lt;/th&gt;
&lt;td&gt;310056&lt;/td&gt;
&lt;/tr&gt;&lt;tr bgcolor="#E3E3F3"&gt;
&lt;th&gt;NM_RGI&lt;/th&gt;
&lt;td&gt;Araxá&lt;/td&gt;
&lt;/tr&gt;&lt;tr bgcolor=""&gt;
&lt;th&gt;CT_LOCALIDADE&lt;/th&gt;
&lt;td&gt;Outras Localidades&lt;/td&gt;
&lt;/tr&gt;&lt;tr bgcolor="#E3E3F3"&gt;
&lt;th&gt;SCT_LOCALIDADE&lt;/th&gt;
&lt;td&gt;&lt;/td&gt;
&lt;/tr&gt;&lt;tr bgcolor=""&gt;
&lt;th&gt;CD_LOCALIDADE&lt;/th&gt;
&lt;td&gt;310400700006&lt;/td&gt;
&lt;/tr&gt;&lt;tr bgcolor="#E3E3F3"&gt;
&lt;th&gt;NM_LOCALIDADE&lt;/th&gt;
&lt;td&gt;Ribeirão Marmelo&lt;/td&gt;
&lt;/tr&gt;&lt;/table&gt;&lt;/center&gt;</description>
<Style>
<IconStyle>
<color>ff0069d3</color>
<scale>0.6</scale>
<Icon>
<href>http://maps.google.com/mapfiles/kml/shapes/placemark_circle.png</href>
</Icon>
</IconStyle>
<LabelStyle>
<scale>0.6</scale>
</LabelStyle>
<LineStyle>
<width>1.0</width>
<gx:labelVisibility>1</gx:labelVisibility>
</LineStyle>
</Style>
<ExtendedData>
<SchemaData schemaUrl="#kml_schema_ft_Localidades">
<SimpleData name="CD_UF">31</SimpleData>
<SimpleData name="NM_UF">Minas Gerais</SimpleData>
<SimpleData name="SIGLA_UF">MG</SimpleData>
<SimpleData name="CD_MUN">3104007</SimpleData>
<SimpleData name="NM_MUN">Araxá</SimpleData>
<SimpleData name="CD_RGINT">3110</SimpleData>
<SimpleData name="NM_RGINT">Uberaba</SimpleData>
<SimpleData name="CD_RGI">310056</SimpleData>
<SimpleData name="NM_RGI">Araxá</SimpleData>
<SimpleData name="CT_LOCALIDADE">Outras Localidades</SimpleData>
<SimpleData name="CD_LOCALIDADE">310400700006</SimpleData>
<SimpleData name="NM_LOCALIDADE">Ribeirão Marmelo</SimpleData>
</SchemaData>
</ExtendedData>
<Point>
<extrude>0</extrude>
<coordinates>-47.1795351,-19.6194428994016,0.0</coordinates>
</Point>
</Placemark>
<Placemark id="12. Outras Localidades">
<name>Ribeirão Marmelo 2 [310400700007]</name>
<visibility>1</visibility>
<snippet> </snippet>
<description>&lt;center&gt;&lt;table&gt;&lt;tr&gt;&lt;th colspan='2' align='center'&gt;&lt;em&gt;Attributes&lt;/em&gt;&lt;/th&gt;&lt;/tr&gt;&lt;tr bgcolor="#E3E3F3"&gt;
&lt;th&gt;CD_UF&lt;/th&gt;
&lt;td&gt;31&lt;/td&gt;
&lt;/tr&gt;&lt;tr bgcolor=""&gt;
&lt;th&gt;NM_UF&lt;/th&gt;
&lt;td&gt;Minas Gerais&lt;/td&gt;
&lt;/tr&gt;&lt;tr bgcolor="#E3E3F3"&gt;
&lt;th&gt;SIGLA_UF&lt;/th&gt;
&lt;td&gt;MG&lt;/td&gt;
&lt;/tr&gt;&lt;tr bgcolor=""&gt;
&lt;th&gt;CD_MUN&lt;/th&gt;
&lt;td&gt;3104007&lt;/td&gt;
&lt;/tr&gt;&lt;tr bgcolor="#E3E3F3"&gt;
&lt;th&gt;NM_MUN&lt;/th&gt;
&lt;td&gt;Araxá&lt;/td&gt;
&lt;/tr&gt;&lt;tr bgcolor=""&gt;
&lt;th&gt;CD_RGINT&lt;/th&gt;
&lt;td&gt;3110&lt;/td&gt;
&lt;/tr&gt;&lt;tr bgcolor="#E3E3F3"&gt;
&lt;th&gt;NM_RGINT&lt;/th&gt;
&lt;td&gt;Uberaba&lt;/td&gt;
&lt;/tr&gt;&lt;tr bgcolor=""&gt;
&lt;th&gt;CD_RGI&lt;/th&gt;
&lt;td&gt;310056&lt;/td&gt;
&lt;/tr&gt;&lt;tr bgcolor="#E3E3F3"&gt;
&lt;th&gt;NM_RGI&lt;/th&gt;
&lt;td&gt;Araxá&lt;/td&gt;
&lt;/tr&gt;&lt;tr bgcolor=""&gt;
&lt;th&gt;CT_LOCALIDADE&lt;/th&gt;
&lt;td&gt;Outras Localidades&lt;/td&gt;
&lt;/tr&gt;&lt;tr bgcolor="#E3E3F3"&gt;
&lt;th&gt;SCT_LOCALIDADE&lt;/th&gt;
&lt;td&gt;&lt;/td&gt;
&lt;/tr&gt;&lt;tr bgcolor=""&gt;
&lt;th&gt;CD_LOCALIDADE&lt;/th&gt;
&lt;td&gt;310400700007&lt;/td&gt;
&lt;/tr&gt;&lt;tr bgcolor="#E3E3F3"&gt;
&lt;th&gt;NM_LOCALIDADE&lt;/th&gt;
&lt;td&gt;Ribeirão Marmelo 2&lt;/td&gt;
&lt;/tr&gt;&lt;/table&gt;&lt;/center&gt;</description>
<Style>
<IconStyle>
<color>ff0069d3</color>
<scale>0.6</scale>
<Icon>
<href>http://maps.google.com/mapfiles/kml/shapes/placemark_circle.png</href>
</Icon>
</IconStyle>
<LabelStyle>
<scale>0.6</scale>
</LabelStyle>
<LineStyle>
<width>1.0</width>
<gx:labelVisibility>1</gx:labelVisibility>
</LineStyle>
</Style>
<ExtendedData>
<SchemaData schemaUrl="#kml_schema_ft_Localidades">
<SimpleData name="CD_UF">31</SimpleData>
<SimpleData name="NM_UF">Minas Gerais</SimpleData>
<SimpleData name="SIGLA_UF">MG</SimpleData>
<SimpleData name="CD_MUN">3104007</SimpleData>
<SimpleData name="NM_MUN">Araxá</SimpleData>
<SimpleData name="CD_RGINT">3110</SimpleData>
<SimpleData name="NM_RGINT">Uberaba</SimpleData>
<SimpleData name="CD_RGI">310056</SimpleData>
<SimpleData name="NM_RGI">Araxá</SimpleData>
<SimpleData name="CT_LOCALIDADE">Outras Localidades</SimpleData>
<SimpleData name="CD_LOCALIDADE">310400700007</SimpleData>
<SimpleData name="NM_LOCALIDADE">Ribeirão Marmelo 2</SimpleData>
</SchemaData>
</ExtendedData>
<Point>
<extrude>0</extrude>
<coordinates>-47.080767,-19.5938681994023,0.0</coordinates>
</Point>
</Placemark>
<Placemark id="12. Outras Localidades">
<name>Ribeirão Marmelo 3 [310400700008]</name>
<visibility>1</visibility>
<snippet> </snippet>
<description>&lt;center&gt;&lt;table&gt;&lt;tr&gt;&lt;th colspan='2' align='center'&gt;&lt;em&gt;Attributes&lt;/em&gt;&lt;/th&gt;&lt;/tr&gt;&lt;tr bgcolor="#E3E3F3"&gt;
&lt;th&gt;CD_UF&lt;/th&gt;
&lt;td&gt;31&lt;/td&gt;
&lt;/tr&gt;&lt;tr bgcolor=""&gt;
&lt;th&gt;NM_UF&lt;/th&gt;
&lt;td&gt;Minas Gerais&lt;/td&gt;
&lt;/tr&gt;&lt;tr bgcolor="#E3E3F3"&gt;
&lt;th&gt;SIGLA_UF&lt;/th&gt;
&lt;td&gt;MG&lt;/td&gt;
&lt;/tr&gt;&lt;tr bgcolor=""&gt;
&lt;th&gt;CD_MUN&lt;/th&gt;
&lt;td&gt;3104007&lt;/td&gt;
&lt;/tr&gt;&lt;tr bgcolor="#E3E3F3"&gt;
&lt;th&gt;NM_MUN&lt;/th&gt;
&lt;td&gt;Araxá&lt;/td&gt;
&lt;/tr&gt;&lt;tr bgcolor=""&gt;
&lt;th&gt;CD_RGINT&lt;/th&gt;
&lt;td&gt;3110&lt;/td&gt;
&lt;/tr&gt;&lt;tr bgcolor="#E3E3F3"&gt;
&lt;th&gt;NM_RGINT&lt;/th&gt;
&lt;td&gt;Uberaba&lt;/td&gt;
&lt;/tr&gt;&lt;tr bgcolor=""&gt;
&lt;th&gt;CD_RGI&lt;/th&gt;
&lt;td&gt;310056&lt;/td&gt;
&lt;/tr&gt;&lt;tr bgcolor="#E3E3F3"&gt;
&lt;th&gt;NM_RGI&lt;/th&gt;
&lt;td&gt;Araxá&lt;/td&gt;
&lt;/tr&gt;&lt;tr bgcolor=""&gt;
&lt;th&gt;CT_LOCALIDADE&lt;/th&gt;
&lt;td&gt;Outras Localidades&lt;/td&gt;
&lt;/tr&gt;&lt;tr bgcolor="#E3E3F3"&gt;
&lt;th&gt;SCT_LOCALIDADE&lt;/th&gt;
&lt;td&gt;&lt;/td&gt;
&lt;/tr&gt;&lt;tr bgcolor=""&gt;
&lt;th&gt;CD_LOCALIDADE&lt;/th&gt;
&lt;td&gt;310400700008&lt;/td&gt;
&lt;/tr&gt;&lt;tr bgcolor="#E3E3F3"&gt;
&lt;th&gt;NM_LOCALIDADE&lt;/th&gt;
&lt;td&gt;Ribeirão Marmelo 3&lt;/td&gt;
&lt;/tr&gt;&lt;/table&gt;&lt;/center&gt;</description>
<Style>
<IconStyle>
<color>ff0069d3</color>
<scale>0.6</scale>
<Icon>
<href>http://maps.google.com/mapfiles/kml/shapes/placemark_circle.png</href>
</Icon>
</IconStyle>
<LabelStyle>
<scale>0.6</scale>
</LabelStyle>
<LineStyle>
<width>1.0</width>
<gx:labelVisibility>1</gx:labelVisibility>
</LineStyle>
</Style>
<ExtendedData>
<SchemaData schemaUrl="#kml_schema_ft_Localidades">
<SimpleData name="CD_UF">31</SimpleData>
<SimpleData name="NM_UF">Minas Gerais</SimpleData>
<SimpleData name="SIGLA_UF">MG</SimpleData>
<SimpleData name="CD_MUN">3104007</SimpleData>
<SimpleData name="NM_MUN">Araxá</SimpleData>
<SimpleData name="CD_RGINT">3110</SimpleData>
<SimpleData name="NM_RGINT">Uberaba</SimpleData>
<SimpleData name="CD_RGI">310056</SimpleData>
<SimpleData name="NM_RGI">Araxá</SimpleData>
<SimpleData name="CT_LOCALIDADE">Outras Localidades</SimpleData>
<SimpleData name="CD_LOCALIDADE">310400700008</SimpleData>
<SimpleData name="NM_LOCALIDADE">Ribeirão Marmelo 3</SimpleData>
</SchemaData>
</ExtendedData>
<Point>
<extrude>0</extrude>
<coordinates>-47.0726751,-19.5900511994024,0.0</coordinates>
</Point>
</Placemark>
<Placemark id="12. Outras Localidades">
<name>Rio Capivara [310400700009]</name>
<visibility>1</visibility>
<snippet> </snippet>
<description>&lt;center&gt;&lt;table&gt;&lt;tr&gt;&lt;th colspan='2' align='center'&gt;&lt;em&gt;Attributes&lt;/em&gt;&lt;/th&gt;&lt;/tr&gt;&lt;tr bgcolor="#E3E3F3"&gt;
&lt;th&gt;CD_UF&lt;/th&gt;
&lt;td&gt;31&lt;/td&gt;
&lt;/tr&gt;&lt;tr bgcolor=""&gt;
&lt;th&gt;NM_UF&lt;/th&gt;
&lt;td&gt;Minas Gerais&lt;/td&gt;
&lt;/tr&gt;&lt;tr bgcolor="#E3E3F3"&gt;
&lt;th&gt;SIGLA_UF&lt;/th&gt;
&lt;td&gt;MG&lt;/td&gt;
&lt;/tr&gt;&lt;tr bgcolor=""&gt;
&lt;th&gt;CD_MUN&lt;/th&gt;
&lt;td&gt;3104007&lt;/td&gt;
&lt;/tr&gt;&lt;tr bgcolor="#E3E3F3"&gt;
&lt;th&gt;NM_MUN&lt;/th&gt;
&lt;td&gt;Araxá&lt;/td&gt;
&lt;/tr&gt;&lt;tr bgcolor=""&gt;
&lt;th&gt;CD_RGINT&lt;/th&gt;
&lt;td&gt;3110&lt;/td&gt;
&lt;/tr&gt;&lt;tr bgcolor="#E3E3F3"&gt;
&lt;th&gt;NM_RGINT&lt;/th&gt;
&lt;td&gt;Uberaba&lt;/td&gt;
&lt;/tr&gt;&lt;tr bgcolor=""&gt;
&lt;th&gt;CD_RGI&lt;/th&gt;
&lt;td&gt;310056&lt;/td&gt;
&lt;/tr&gt;&lt;tr bgcolor="#E3E3F3"&gt;
&lt;th&gt;NM_RGI&lt;/th&gt;
&lt;td&gt;Araxá&lt;/td&gt;
&lt;/tr&gt;&lt;tr bgcolor=""&gt;
&lt;th&gt;CT_LOCALIDADE&lt;/th&gt;
&lt;td&gt;Outras Localidades&lt;/td&gt;
&lt;/tr&gt;&lt;tr bgcolor="#E3E3F3"&gt;
&lt;th&gt;SCT_LOCALIDADE&lt;/th&gt;
&lt;td&gt;&lt;/td&gt;
&lt;/tr&gt;&lt;tr bgcolor=""&gt;
&lt;th&gt;CD_LOCALIDADE&lt;/th&gt;
&lt;td&gt;310400700009&lt;/td&gt;
&lt;/tr&gt;&lt;tr bgcolor="#E3E3F3"&gt;
&lt;th&gt;NM_LOCALIDADE&lt;/th&gt;
&lt;td&gt;Rio Capivara&lt;/td&gt;
&lt;/tr&gt;&lt;/table&gt;&lt;/center&gt;</description>
<Style>
<IconStyle>
<color>ff0069d3</color>
<scale>0.6</scale>
<Icon>
<href>http://maps.google.com/mapfiles/kml/shapes/placemark_circle.png</href>
</Icon>
</IconStyle>
<LabelStyle>
<scale>0.6</scale>
</LabelStyle>
<LineStyle>
<width>1.0</width>
<gx:labelVisibility>1</gx:labelVisibility>
</LineStyle>
</Style>
<ExtendedData>
<SchemaData schemaUrl="#kml_schema_ft_Localidades">
<SimpleData name="CD_UF">31</SimpleData>
<SimpleData name="NM_UF">Minas Gerais</SimpleData>
<SimpleData name="SIGLA_UF">MG</SimpleData>
<SimpleData name="CD_MUN">3104007</SimpleData>
<SimpleData name="NM_MUN">Araxá</SimpleData>
<SimpleData name="CD_RGINT">3110</SimpleData>
<SimpleData name="NM_RGINT">Uberaba</SimpleData>
<SimpleData name="CD_RGI">310056</SimpleData>
<SimpleData name="NM_RGI">Araxá</SimpleData>
<SimpleData name="CT_LOCALIDADE">Outras Localidades</SimpleData>
<SimpleData name="CD_LOCALIDADE">310400700009</SimpleData>
<SimpleData name="NM_LOCALIDADE">Rio Capivara</SimpleData>
</SchemaData>
</ExtendedData>
<Point>
<extrude>0</extrude>
<coordinates>-47.0589105,-19.5540546994033,0.0</coordinates>
</Point>
</Placemark>
<Placemark id="12. Outras Localidades">
<name>Córrego do Retiro [310400700010]</name>
<visibility>1</visibility>
<snippet> </snippet>
<description>&lt;center&gt;&lt;table&gt;&lt;tr&gt;&lt;th colspan='2' align='center'&gt;&lt;em&gt;Attributes&lt;/em&gt;&lt;/th&gt;&lt;/tr&gt;&lt;tr bgcolor="#E3E3F3"&gt;
&lt;th&gt;CD_UF&lt;/th&gt;
&lt;td&gt;31&lt;/td&gt;
&lt;/tr&gt;&lt;tr bgcolor=""&gt;
&lt;th&gt;NM_UF&lt;/th&gt;
&lt;td&gt;Minas Gerais&lt;/td&gt;
&lt;/tr&gt;&lt;tr bgcolor="#E3E3F3"&gt;
&lt;th&gt;SIGLA_UF&lt;/th&gt;
&lt;td&gt;MG&lt;/td&gt;
&lt;/tr&gt;&lt;tr bgcolor=""&gt;
&lt;th&gt;CD_MUN&lt;/th&gt;
&lt;td&gt;3104007&lt;/td&gt;
&lt;/tr&gt;&lt;tr bgcolor="#E3E3F3"&gt;
&lt;th&gt;NM_MUN&lt;/th&gt;
&lt;td&gt;Araxá&lt;/td&gt;
&lt;/tr&gt;&lt;tr bgcolor=""&gt;
&lt;th&gt;CD_RGINT&lt;/th&gt;
&lt;td&gt;3110&lt;/td&gt;
&lt;/tr&gt;&lt;tr bgcolor="#E3E3F3"&gt;
&lt;th&gt;NM_RGINT&lt;/th&gt;
&lt;td&gt;Uberaba&lt;/td&gt;
&lt;/tr&gt;&lt;tr bgcolor=""&gt;
&lt;th&gt;CD_RGI&lt;/th&gt;
&lt;td&gt;310056&lt;/td&gt;
&lt;/tr&gt;&lt;tr bgcolor="#E3E3F3"&gt;
&lt;th&gt;NM_RGI&lt;/th&gt;
&lt;td&gt;Araxá&lt;/td&gt;
&lt;/tr&gt;&lt;tr bgcolor=""&gt;
&lt;th&gt;CT_LOCALIDADE&lt;/th&gt;
&lt;td&gt;Outras Localidades&lt;/td&gt;
&lt;/tr&gt;&lt;tr bgcolor="#E3E3F3"&gt;
&lt;th&gt;SCT_LOCALIDADE&lt;/th&gt;
&lt;td&gt;&lt;/td&gt;
&lt;/tr&gt;&lt;tr bgcolor=""&gt;
&lt;th&gt;CD_LOCALIDADE&lt;/th&gt;
&lt;td&gt;310400700010&lt;/td&gt;
&lt;/tr&gt;&lt;tr bgcolor="#E3E3F3"&gt;
&lt;th&gt;NM_LOCALIDADE&lt;/th&gt;
&lt;td&gt;Córrego do Retiro&lt;/td&gt;
&lt;/tr&gt;&lt;/table&gt;&lt;/center&gt;</description>
<Style>
<IconStyle>
<color>ff0069d3</color>
<scale>0.6</scale>
<Icon>
<href>http://maps.google.com/mapfiles/kml/shapes/placemark_circle.png</href>
</Icon>
</IconStyle>
<LabelStyle>
<scale>0.6</scale>
</LabelStyle>
<LineStyle>
<width>1.0</width>
<gx:labelVisibility>1</gx:labelVisibility>
</LineStyle>
</Style>
<ExtendedData>
<SchemaData schemaUrl="#kml_schema_ft_Localidades">
<SimpleData name="CD_UF">31</SimpleData>
<SimpleData name="NM_UF">Minas Gerais</SimpleData>
<SimpleData name="SIGLA_UF">MG</SimpleData>
<SimpleData name="CD_MUN">3104007</SimpleData>
<SimpleData name="NM_MUN">Araxá</SimpleData>
<SimpleData name="CD_RGINT">3110</SimpleData>
<SimpleData name="NM_RGINT">Uberaba</SimpleData>
<SimpleData name="CD_RGI">310056</SimpleData>
<SimpleData name="NM_RGI">Araxá</SimpleData>
<SimpleData name="CT_LOCALIDADE">Outras Localidades</SimpleData>
<SimpleData name="CD_LOCALIDADE">310400700010</SimpleData>
<SimpleData name="NM_LOCALIDADE">Córrego do Retiro</SimpleData>
</SchemaData>
</ExtendedData>
<Point>
<extrude>0</extrude>
<coordinates>-47.0079077,-19.5603068994031,0.0</coordinates>
</Point>
</Placemark>
<Placemark id="12. Outras Localidades">
<name>Chacreamento Boa Vista [310400700011]</name>
<visibility>1</visibility>
<snippet> </snippet>
<description>&lt;center&gt;&lt;table&gt;&lt;tr&gt;&lt;th colspan='2' align='center'&gt;&lt;em&gt;Attributes&lt;/em&gt;&lt;/th&gt;&lt;/tr&gt;&lt;tr bgcolor="#E3E3F3"&gt;
&lt;th&gt;CD_UF&lt;/th&gt;
&lt;td&gt;31&lt;/td&gt;
&lt;/tr&gt;&lt;tr bgcolor=""&gt;
&lt;th&gt;NM_UF&lt;/th&gt;
&lt;td&gt;Minas Gerais&lt;/td&gt;
&lt;/tr&gt;&lt;tr bgcolor="#E3E3F3"&gt;
&lt;th&gt;SIGLA_UF&lt;/th&gt;
&lt;td&gt;MG&lt;/td&gt;
&lt;/tr&gt;&lt;tr bgcolor=""&gt;
&lt;th&gt;CD_MUN&lt;/th&gt;
&lt;td&gt;3104007&lt;/td&gt;
&lt;/tr&gt;&lt;tr bgcolor="#E3E3F3"&gt;
&lt;th&gt;NM_MUN&lt;/th&gt;
&lt;td&gt;Araxá&lt;/td&gt;
&lt;/tr&gt;&lt;tr bgcolor=""&gt;
&lt;th&gt;CD_RGINT&lt;/th&gt;
&lt;td&gt;3110&lt;/td&gt;
&lt;/tr&gt;&lt;tr bgcolor="#E3E3F3"&gt;
&lt;th&gt;NM_RGINT&lt;/th&gt;
&lt;td&gt;Uberaba&lt;/td&gt;
&lt;/tr&gt;&lt;tr bgcolor=""&gt;
&lt;th&gt;CD_RGI&lt;/th&gt;
&lt;td&gt;310056&lt;/td&gt;
&lt;/tr&gt;&lt;tr bgcolor="#E3E3F3"&gt;
&lt;th&gt;NM_RGI&lt;/th&gt;
&lt;td&gt;Araxá&lt;/td&gt;
&lt;/tr&gt;&lt;tr bgcolor=""&gt;
&lt;th&gt;CT_LOCALIDADE&lt;/th&gt;
&lt;td&gt;Outras Localidades&lt;/td&gt;
&lt;/tr&gt;&lt;tr bgcolor="#E3E3F3"&gt;
&lt;th&gt;SCT_LOCALIDADE&lt;/th&gt;
&lt;td&gt;&lt;/td&gt;
&lt;/tr&gt;&lt;tr bgcolor=""&gt;
&lt;th&gt;CD_LOCALIDADE&lt;/th&gt;
&lt;td&gt;310400700011&lt;/td&gt;
&lt;/tr&gt;&lt;tr bgcolor="#E3E3F3"&gt;
&lt;th&gt;NM_LOCALIDADE&lt;/th&gt;
&lt;td&gt;Chacreamento Boa Vista&lt;/td&gt;
&lt;/tr&gt;&lt;/table&gt;&lt;/center&gt;</description>
<Style>
<IconStyle>
<color>ff0069d3</color>
<scale>0.6</scale>
<Icon>
<href>http://maps.google.com/mapfiles/kml/shapes/placemark_circle.png</href>
</Icon>
</IconStyle>
<LabelStyle>
<scale>0.6</scale>
</LabelStyle>
<LineStyle>
<width>1.0</width>
<gx:labelVisibility>1</gx:labelVisibility>
</LineStyle>
</Style>
<ExtendedData>
<SchemaData schemaUrl="#kml_schema_ft_Localidades">
<SimpleData name="CD_UF">31</SimpleData>
<SimpleData name="NM_UF">Minas Gerais</SimpleData>
<SimpleData name="SIGLA_UF">MG</SimpleData>
<SimpleData name="CD_MUN">3104007</SimpleData>
<SimpleData name="NM_MUN">Araxá</SimpleData>
<SimpleData name="CD_RGINT">3110</SimpleData>
<SimpleData name="NM_RGINT">Uberaba</SimpleData>
<SimpleData name="CD_RGI">310056</SimpleData>
<SimpleData name="NM_RGI">Araxá</SimpleData>
<SimpleData name="CT_LOCALIDADE">Outras Localidades</SimpleData>
<SimpleData name="CD_LOCALIDADE">310400700011</SimpleData>
<SimpleData name="NM_LOCALIDADE">Chacreamento Boa Vista</SimpleData>
</SchemaData>
</ExtendedData>
<Point>
<extrude>0</extrude>
<coordinates>-46.9737017,-19.604348999402,0.0</coordinates>
</Point>
</Placemark>
<Placemark id="12. Outras Localidades">
<name>Boca da Mata [310400700012]</name>
<visibility>1</visibility>
<snippet> </snippet>
<description>&lt;center&gt;&lt;table&gt;&lt;tr&gt;&lt;th colspan='2' align='center'&gt;&lt;em&gt;Attributes&lt;/em&gt;&lt;/th&gt;&lt;/tr&gt;&lt;tr bgcolor="#E3E3F3"&gt;
&lt;th&gt;CD_UF&lt;/th&gt;
&lt;td&gt;31&lt;/td&gt;
&lt;/tr&gt;&lt;tr bgcolor=""&gt;
&lt;th&gt;NM_UF&lt;/th&gt;
&lt;td&gt;Minas Gerais&lt;/td&gt;
&lt;/tr&gt;&lt;tr bgcolor="#E3E3F3"&gt;
&lt;th&gt;SIGLA_UF&lt;/th&gt;
&lt;td&gt;MG&lt;/td&gt;
&lt;/tr&gt;&lt;tr bgcolor=""&gt;
&lt;th&gt;CD_MUN&lt;/th&gt;
&lt;td&gt;3104007&lt;/td&gt;
&lt;/tr&gt;&lt;tr bgcolor="#E3E3F3"&gt;
&lt;th&gt;NM_MUN&lt;/th&gt;
&lt;td&gt;Araxá&lt;/td&gt;
&lt;/tr&gt;&lt;tr bgcolor=""&gt;
&lt;th&gt;CD_RGINT&lt;/th&gt;
&lt;td&gt;3110&lt;/td&gt;
&lt;/tr&gt;&lt;tr bgcolor="#E3E3F3"&gt;
&lt;th&gt;NM_RGINT&lt;/th&gt;
&lt;td&gt;Uberaba&lt;/td&gt;
&lt;/tr&gt;&lt;tr bgcolor=""&gt;
&lt;th&gt;CD_RGI&lt;/th&gt;
&lt;td&gt;310056&lt;/td&gt;
&lt;/tr&gt;&lt;tr bgcolor="#E3E3F3"&gt;
&lt;th&gt;NM_RGI&lt;/th&gt;
&lt;td&gt;Araxá&lt;/td&gt;
&lt;/tr&gt;&lt;tr bgcolor=""&gt;
&lt;th&gt;CT_LOCALIDADE&lt;/th&gt;
&lt;td&gt;Outras Localidades&lt;/td&gt;
&lt;/tr&gt;&lt;tr bgcolor="#E3E3F3"&gt;
&lt;th&gt;SCT_LOCALIDADE&lt;/th&gt;
&lt;td&gt;&lt;/td&gt;
&lt;/tr&gt;&lt;tr bgcolor=""&gt;
&lt;th&gt;CD_LOCALIDADE&lt;/th&gt;
&lt;td&gt;310400700012&lt;/td&gt;
&lt;/tr&gt;&lt;tr bgcolor="#E3E3F3"&gt;
&lt;th&gt;NM_LOCALIDADE&lt;/th&gt;
&lt;td&gt;Boca da Mata&lt;/td&gt;
&lt;/tr&gt;&lt;/table&gt;&lt;/center&gt;</description>
<Style>
<IconStyle>
<color>ff0069d3</color>
<scale>0.6</scale>
<Icon>
<href>http://maps.google.com/mapfiles/kml/shapes/placemark_circle.png</href>
</Icon>
</IconStyle>
<LabelStyle>
<scale>0.6</scale>
</LabelStyle>
<LineStyle>
<width>1.0</width>
<gx:labelVisibility>1</gx:labelVisibility>
</LineStyle>
</Style>
<ExtendedData>
<SchemaData schemaUrl="#kml_schema_ft_Localidades">
<SimpleData name="CD_UF">31</SimpleData>
<SimpleData name="NM_UF">Minas Gerais</SimpleData>
<SimpleData name="SIGLA_UF">MG</SimpleData>
<SimpleData name="CD_MUN">3104007</SimpleData>
<SimpleData name="NM_MUN">Araxá</SimpleData>
<SimpleData name="CD_RGINT">3110</SimpleData>
<SimpleData name="NM_RGINT">Uberaba</SimpleData>
<SimpleData name="CD_RGI">310056</SimpleData>
<SimpleData name="NM_RGI">Araxá</SimpleData>
<SimpleData name="CT_LOCALIDADE">Outras Localidades</SimpleData>
<SimpleData name="CD_LOCALIDADE">310400700012</SimpleData>
<SimpleData name="NM_LOCALIDADE">Boca da Mata</SimpleData>
</SchemaData>
</ExtendedData>
<Point>
<extrude>0</extrude>
<coordinates>-46.9338294,-19.6957529993997,0.0</coordinates>
</Point>
</Placemark>
</Folder>
<Folder id="13. Referência">
<name>13. Referência</name>
<Placemark id="13. Referência">
<name>Araxá [3104007]</name>
<visibility>1</visibility>
<snippet> </snippet>
<description>&lt;center&gt;&lt;table&gt;&lt;tr&gt;&lt;th colspan='2' align='center'&gt;&lt;em&gt;Attributes&lt;/em&gt;&lt;/th&gt;&lt;/tr&gt;&lt;tr bgcolor="#E3E3F3"&gt;
&lt;th&gt;CD_UF&lt;/th&gt;
&lt;td&gt;31&lt;/td&gt;
&lt;/tr&gt;&lt;tr bgcolor=""&gt;
&lt;th&gt;NM_UF&lt;/th&gt;
&lt;td&gt;Minas Gerais&lt;/td&gt;
&lt;/tr&gt;&lt;tr bgcolor="#E3E3F3"&gt;
&lt;th&gt;CD_MUN&lt;/th&gt;
&lt;td&gt;3104007&lt;/td&gt;
&lt;/tr&gt;&lt;tr bgcolor=""&gt;
&lt;th&gt;NM_MUN&lt;/th&gt;
&lt;td&gt;Araxá&lt;/td&gt;
&lt;/tr&gt;&lt;tr bgcolor="#E3E3F3"&gt;
&lt;th&gt;CD_RGINT&lt;/th&gt;
&lt;td&gt;3110&lt;/td&gt;
&lt;/tr&gt;&lt;tr bgcolor=""&gt;
&lt;th&gt;NM_RGINT&lt;/th&gt;
&lt;td&gt;Uberaba&lt;/td&gt;
&lt;/tr&gt;&lt;tr bgcolor="#E3E3F3"&gt;
&lt;th&gt;CD_RGI&lt;/th&gt;
&lt;td&gt;310056&lt;/td&gt;
&lt;/tr&gt;&lt;tr bgcolor=""&gt;
&lt;th&gt;NM_RGI&lt;/th&gt;
&lt;td&gt;Araxá&lt;/td&gt;
&lt;/tr&gt;&lt;/table&gt;&lt;/center&gt;</description>
<Style>
<IconStyle>
<scale>0.7</scale>
</IconStyle>
<LabelStyle>
<scale>0.7</scale>
</LabelStyle>
<LineStyle>
<color>ffffffff</color>
<width>3</width>
<gx:labelVisibility>1</gx:labelVisibility>
</LineStyle>
<PolyStyle>
<color>00ffffff</color>
</PolyStyle>
</Style>
<ExtendedData>
<SchemaData schemaUrl="#kml_schema_ft_Município">
<SimpleData name="CD_UF">31</SimpleData>
<SimpleData name="NM_UF">Minas Gerais</SimpleData>
<SimpleData name="CD_MUN">3104007</SimpleData>
<SimpleData name="NM_MUN">Araxá</SimpleData>
<SimpleData name="CD_RGINT">3110</SimpleData>
<SimpleData name="NM_RGINT">Uberaba</SimpleData>
<SimpleData name="CD_RGI">310056</SimpleData>
<SimpleData name="NM_RGI">Araxá</SimpleData>
</SchemaData>
</ExtendedData>
<MultiGeometry>
<Polygon>
<extrude>0</extrude>
<tessellate>1</tessellate>
<outerBoundaryIs>
<LinearRing>
<coordinates>-46.85203,-19.5516839994034,0.0 -46.851888,-19.5521899994033,0.0 -46.851745,-19.5526509994033,0.0 -46.851529,-19.5531129994033,0.0 -46.851241,-19.5534829994033,0.0 -46.851232,-19.5534933994033,0.0 -46.850879,-19.5538989994033,0.0 -46.850541,-19.5542459994033,0.0 -46.850155,-19.5545929994033,0.0 -46.849842,-19.5549169994033,0.0 -46.849479,-19.5551949994033,0.0 -46.849044,-19.5554269994033,0.0 -46.848609,-19.5557519994033,0.0 -46.848369,-19.5561669994032,0.0 -46.848129,-19.5565599994032,0.0 -46.847889,-19.5569979994032,0.0 -46.847673,-19.5574139994032,0.0 -46.8476555,-19.5575289994032,0.0 -46.8476437,-19.5576066994032,0.0 -46.847638,-19.5576439994032,0.0 -46.8476205,-19.5577589994032,0.0 -46.847603,-19.5578739994032,0.0 -46.847557,-19.5583349994032,0.0 -46.847244,-19.5586809994032,0.0 -46.846808,-19.5588449994032,0.0 -46.84625,-19.5588709994032,0.0 -46.845811,-19.5584819994032,0.0 -46.845638,-19.5580689994032,0.0 -46.845538,-19.5576329994032,0.0 -46.84522,-19.5572199994032,0.0 -46.84495,-19.5567159994032,0.0 -46.844778,-19.5562559994032,0.0 -46.844557,-19.5558429994033,0.0 -46.844069,-19.5555699994033,0.0 -46.843655,-19.5553189994033,0.0 -46.843265,-19.5550219994033,0.0 -46.842923,-19.5546329994033,0.0 -46.842605,-19.5542899994033,0.0 -46.84219,-19.5538319994033,0.0 -46.841896,-19.5534189994033,0.0 -46.841603,-19.5530529994033,0.0 -46.841261,-19.5527099994033,0.0 -46.840895,-19.5524359994033,0.0 -46.840481,-19.5521849994033,0.0 -46.840114,-19.5517959994034,0.0 -46.8397,-19.5515449994034,0.0 -46.839262,-19.5513629994034,0.0 -46.838801,-19.5512739994034,0.0 -46.838315,-19.5511609994034,0.0 -46.837829,-19.5510949994034,0.0 -46.83727,-19.5510289994034,0.0 -46.83676,-19.5509169994034,0.0 -46.836274,-19.5508509994034,0.0 -46.835764,-19.5508529994034,0.0 -46.835326,-19.5505799994034,0.0 -46.834209,-19.5505859994034,0.0 -46.833677,-19.5508649994034,0.0 -46.83351,-19.5513029994034,0.0 -46.83344,-19.5517859994034,0.0 -46.833394,-19.5522239994033,0.0 -46.833373,-19.5527299994033,0.0 -46.833382,-19.5542479994033,0.0 -46.833338,-19.5548699994033,0.0 -46.833267,-19.5553069994033,0.0 -46.833173,-19.5558139994033,0.0 -46.83279,-19.5566909994032,0.0 -46.832599,-19.5571059994032,0.0 -46.832286,-19.5575449994032,0.0 -46.831948,-19.5578919994032,0.0 -46.831514,-19.5582619994032,0.0 -46.831151,-19.5585399994032,0.0 -46.830741,-19.5588639994032,0.0 -46.830476,-19.5592799994032,0.0 -46.830187,-19.5596729994032,0.0 -46.829801,-19.5599739994031,0.0 -46.829488,-19.5603899994031,0.0 -46.829077,-19.5607139994031,0.0 -46.828715,-19.5610149994031,0.0 -46.828231,-19.5612939994031,0.0 -46.827771,-19.5613879994031,0.0 -46.827309,-19.5613219994031,0.0 -46.826943,-19.5609789994031,0.0 -46.826528,-19.5606589994031,0.0 -46.825747,-19.5599269994032,0.0 -46.825478,-19.5595369994032,0.0 -46.824943,-19.5593789994032,0.0 -46.824458,-19.5593819994032,0.0 -46.823972,-19.5594069994032,0.0 -46.823439,-19.5594789994032,0.0 -46.82293,-19.5596429994032,0.0 -46.822519,-19.5598989994031,0.0 -46.822254,-19.5602679994031,0.0 -46.821941,-19.5607069994031,0.0 -46.821652,-19.5610999994031,0.0 -46.82134,-19.5615609994031,0.0 -46.820929,-19.5619549994031,0.0 -46.820617,-19.5623939994031,0.0 -46.820498,-19.5628539994031,0.0 -46.820331,-19.5632929994031,0.0 -46.820163,-19.5637079994031,0.0 -46.81978,-19.564537999403,0.0 -46.819637,-19.564998999403,0.0 -46.819446,-19.565528999403,0.0 -46.819376,-19.565989999403,0.0 -46.819257,-19.566426999403,0.0 -46.819115,-19.566933999403,0.0 -46.819021,-19.567417999403,0.0 -46.81888,-19.5683389994029,0.0 -46.818763,-19.5689609994029,0.0 -46.818717,-19.5694439994029,0.0 -46.818671,-19.5698819994029,0.0 -46.818626,-19.5704339994029,0.0 -46.818605,-19.5709399994029,0.0 -46.818511,-19.5714239994029,0.0 -46.818393,-19.5719769994028,0.0 -46.818323,-19.5724369994028,0.0 -46.818228,-19.5728749994028,0.0 -46.818109,-19.5733129994028,0.0 -46.817967,-19.5737969994028,0.0 -46.817824,-19.5742349994028,0.0 -46.817656,-19.5746499994028,0.0 -46.817609,-19.5748914994028,0.0 -46.817562,-19.5751329994028,0.0 -46.817443,-19.5755939994027,0.0 -46.817155,-19.5759869994027,0.0 -46.816744,-19.5763109994027,0.0 -46.816259,-19.5764749994027,0.0 -46.815898,-19.5768679994027,0.0 -46.815388,-19.5768939994027,0.0 -46.814903,-19.5769419994027,0.0 -46.814442,-19.5769679994027,0.0 -46.812427,-19.5769789994027,0.0 -46.811893,-19.5770509994027,0.0 -46.811335,-19.5769619994027,0.0 -46.810824,-19.5768489994027,0.0 -46.810315,-19.5769669994027,0.0 -46.809879,-19.5771529994027,0.0 -46.809444,-19.5773859994027,0.0 -46.80913,-19.5777329994027,0.0 -46.808796,-19.5786549994027,0.0 -46.808677,-19.5790919994027,0.0 -46.808534,-19.5795299994026,0.0 -46.808392,-19.5800599994026,0.0 -46.808322,-19.5805209994026,0.0 -46.808179,-19.5809589994026,0.0 -46.807718,-19.5811219994026,0.0 -46.807233,-19.5811709994026,0.0 -46.806747,-19.5811269994026,0.0 -46.806454,-19.5807839994026,0.0 -46.806329,-19.5802319994026,0.0 -46.806205,-19.5797959994026,0.0 -46.806056,-19.5792219994027,0.0 -46.806005,-19.5787849994027,0.0 -46.805881,-19.5783249994027,0.0 -46.80566,-19.5778889994027,0.0 -46.805367,-19.5775229994027,0.0 -46.804952,-19.5772719994027,0.0 -46.804491,-19.5772049994027,0.0 -46.803981,-19.5772309994027,0.0 -46.803692,-19.5776469994027,0.0 -46.803404,-19.5780849994027,0.0 -46.80309,-19.5784319994027,0.0 -46.802899,-19.5789159994027,0.0 -46.802756,-19.5793539994026,0.0 -46.802443,-19.5797699994026,0.0 -46.801983,-19.5800949994026,0.0 -46.8015,-19.5805109994026,0.0 -46.801114,-19.5808349994026,0.0 -46.800703,-19.5811369994026,0.0 -46.80034,-19.5814149994026,0.0 -46.800173,-19.5818529994026,0.0 -46.800079,-19.5822899994026,0.0 -46.799936,-19.5827739994026,0.0 -46.799647,-19.5832129994026,0.0 -46.799407,-19.5836739994025,0.0 -46.799069,-19.5840439994025,0.0 -46.79878,-19.5844369994025,0.0 -46.798394,-19.5847149994025,0.0 -46.79786,-19.5848559994025,0.0 -46.7974,-19.5849969994025,0.0 -46.79694,-19.5852749994025,0.0 -46.796482,-19.5856689994025,0.0 -46.796046,-19.5859469994025,0.0 -46.795635,-19.5861559994025,0.0 -46.795054,-19.5864809994025,0.0 -46.79457,-19.5867829994025,0.0 -46.794184,-19.5871529994025,0.0 -46.793216,-19.5876649994024,0.0 -46.792757,-19.5880809994024,0.0 -46.792395,-19.5884509994024,0.0 -46.792278,-19.5890959994024,0.0 -46.792159,-19.5895569994024,0.0 -46.791992,-19.5900639994024,0.0 -46.791873,-19.5905019994024,0.0 -46.791755,-19.5909849994024,0.0 -46.791563,-19.5914229994023,0.0 -46.791348,-19.5919999994023,0.0 -46.791157,-19.5925069994023,0.0 -46.790965,-19.5929219994023,0.0 -46.790628,-19.5934299994023,0.0 -46.790461,-19.5938909994023,0.0 -46.790124,-19.5944909994023,0.0 -46.789764,-19.5950909994022,0.0 -46.789548,-19.5954829994022,0.0 -46.789307,-19.5959449994022,0.0 -46.789043,-19.5963139994022,0.0 -46.788559,-19.5965929994022,0.0 -46.788098,-19.5967339994022,0.0 -46.787516,-19.5968519994022,0.0 -46.786861,-19.5969009994022,0.0 -46.785817,-19.5969069994022,0.0 -46.785235,-19.5970019994022,0.0 -46.78475,-19.5970729994022,0.0 -46.784119,-19.5971919994022,0.0 -46.783537,-19.5972869994022,0.0 -46.782931,-19.5973589994022,0.0 -46.782421,-19.5973609994022,0.0 -46.781986,-19.5976859994022,0.0 -46.781477,-19.5978039994022,0.0 -46.780992,-19.5979669994022,0.0 -46.780581,-19.5981989994022,0.0 -46.78012,-19.5982709994022,0.0 -46.779635,-19.5983649994022,0.0 -46.778569,-19.5986929994022,0.0 -46.778036,-19.5988799994022,0.0 -46.777478,-19.5989979994022,0.0 -46.777016,-19.5989309994022,0.0 -46.776459,-19.5990719994021,0.0 -46.775999,-19.5993509994021,0.0 -46.77554,-19.5996749994021,0.0 -46.775177,-19.6000449994021,0.0 -46.774913,-19.6004149994021,0.0 -46.774478,-19.6008309994021,0.0 -46.774067,-19.6012009994021,0.0 -46.773632,-19.6014099994021,0.0 -46.773245,-19.6016659994021,0.0 -46.772858,-19.6020129994021,0.0 -46.772496,-19.6023369994021,0.0 -46.772256,-19.6028669994021,0.0 -46.771797,-19.603306999402,0.0 -46.771362,-19.603653999402,0.0 -46.770976,-19.603954999402,0.0 -46.770637,-19.604255999402,0.0 -46.770348,-19.604648999402,0.0 -46.76989,-19.605133999402,0.0 -46.769455,-19.605549999402,0.0 -46.769045,-19.605966999402,0.0 -46.768658,-19.606313999402,0.0 -46.768248,-19.606683999402,0.0 -46.767789,-19.6071469994019,0.0 -46.767305,-19.6074019994019,0.0 -46.76704,-19.6077719994019,0.0 -46.766702,-19.6081419994019,0.0 -46.76634,-19.6084649994019,0.0 -46.76588,-19.6087669994019,0.0 -46.765396,-19.6089769994019,0.0 -46.764887,-19.6092319994019,0.0 -46.764427,-19.6093269994019,0.0 -46.763821,-19.6094909994019,0.0 -46.763263,-19.6097009994019,0.0 -46.762753,-19.6096339994019,0.0 -46.76217,-19.6095449994019,0.0 -46.761636,-19.6096629994019,0.0 -46.761201,-19.6098949994019,0.0 -46.760427,-19.6104049994019,0.0 -46.759894,-19.6106839994019,0.0 -46.759458,-19.6108479994019,0.0 -46.758877,-19.6111039994018,0.0 -46.758368,-19.6112439994018,0.0 -46.758055,-19.6116829994018,0.0 -46.757497,-19.6118929994018,0.0 -46.756356,-19.6118989994018,0.0 -46.755895,-19.6119239994018,0.0 -46.755312,-19.6119269994018,0.0 -46.754827,-19.6119749994018,0.0 -46.754365,-19.6119089994018,0.0 -46.753903,-19.6118189994018,0.0 -46.753321,-19.6117989994018,0.0 -46.752983,-19.6122149994018,0.0 -46.753156,-19.6126739994018,0.0 -46.753158,-19.6131799994018,0.0 -46.75321,-19.6137319994018,0.0 -46.752387,-19.6141969994018,0.0 -46.751781,-19.6143379994018,0.0 -46.751223,-19.6144559994018,0.0 -46.750714,-19.6145269994018,0.0 -46.749184,-19.6145349994018,0.0 -46.748746,-19.6143529994018,0.0 -46.748235,-19.6140799994018,0.0 -46.747844,-19.6136899994018,0.0 -46.74755,-19.6133009994018,0.0 -46.747233,-19.6129569994018,0.0 -46.746915,-19.6125909994018,0.0 -46.746597,-19.6120629994018,0.0 -46.746254,-19.6116279994018,0.0 -46.745816,-19.6113999994018,0.0 -46.745354,-19.6113789994018,0.0 -46.74482,-19.6113819994018,0.0 -46.744409,-19.6117059994018,0.0 -46.744339,-19.6121659994018,0.0 -46.744317,-19.6126039994018,0.0 -46.744296,-19.6130639994018,0.0 -46.744298,-19.6135699994018,0.0 -46.744277,-19.6140299994018,0.0 -46.74406,-19.6144459994018,0.0 -46.743673,-19.6147239994018,0.0 -46.743458,-19.6151849994017,0.0 -46.74312,-19.6155779994017,0.0 -46.742806,-19.6159469994017,0.0 -46.74259,-19.6163629994017,0.0 -46.742325,-19.6168009994017,0.0 -46.742085,-19.6172389994017,0.0 -46.741894,-19.6177699994017,0.0 -46.741702,-19.6182539994017,0.0 -46.741535,-19.6187839994016,0.0 -46.741441,-19.6193129994016,0.0 -46.741395,-19.6198199994016,0.0 -46.741373,-19.6202569994016,0.0 -46.741376,-19.6207629994016,0.0 -46.741359,-19.6209309994016,0.0 -46.74133,-19.6212239994016,0.0 -46.741333,-19.6216839994016,0.0 -46.74136,-19.6221439994016,0.0 -46.741605,-19.6225799994015,0.0 -46.74168,-19.6230399994015,0.0 -46.741634,-19.6235229994015,0.0 -46.741442,-19.6239379994015,0.0 -46.741275,-19.6244219994015,0.0 -46.741059,-19.6248599994015,0.0 -46.740843,-19.6252759994015,0.0 -46.740529,-19.6256909994015,0.0 -46.740313,-19.6261069994015,0.0 -46.740121,-19.6265219994015,0.0 -46.739978,-19.6270289994014,0.0 -46.739909,-19.6276499994014,0.0 -46.739912,-19.6281099994014,0.0 -46.73989,-19.6286399994014,0.0 -46.739869,-19.6290999994014,0.0 -46.739993,-19.6297199994014,0.0 -46.740214,-19.6301099994014,0.0 -46.740435,-19.6305469994013,0.0 -46.740729,-19.6309359994013,0.0 -46.741143,-19.6313019994013,0.0 -46.741608,-19.6318519994013,0.0 -46.742023,-19.6322639994013,0.0 -46.742437,-19.6324689994013,0.0 -46.7429,-19.6327199994013,0.0 -46.743605,-19.6328779994013,0.0 -46.744116,-19.6330359994013,0.0 -46.744603,-19.6333789994013,0.0 -46.745018,-19.6336299994013,0.0 -46.745383,-19.6339039994013,0.0 -46.745749,-19.6342469994013,0.0 -46.74614,-19.6345209994012,0.0 -46.746675,-19.6347259994012,0.0 -46.747137,-19.6349299994012,0.0 -46.747674,-19.6352729994012,0.0 -46.74804,-19.6356159994012,0.0 -46.748454,-19.6359359994012,0.0 -46.748893,-19.6362789994012,0.0 -46.749284,-19.6365989994012,0.0 -46.749601,-19.6369429994012,0.0 -46.749993,-19.6374009994012,0.0 -46.750311,-19.6378139994012,0.0 -46.750604,-19.6381799994011,0.0 -46.750922,-19.6386619994011,0.0 -46.751144,-19.6392359994011,0.0 -46.751365,-19.6396949994011,0.0 -46.751635,-19.6401769994011,0.0 -46.751832,-19.6405899994011,0.0 -46.751931,-19.6410259994011,0.0 -46.752031,-19.6415089994011,0.0 -46.752155,-19.6419919994011,0.0 -46.752182,-19.642428999401,0.0 -46.752209,-19.642934999401,0.0 -46.752212,-19.643463999401,0.0 -46.752239,-19.643900999401,0.0 -46.752315,-19.644383999401,0.0 -46.752318,-19.644981999401,0.0 -46.752296,-19.645464999401,0.0 -46.752299,-19.645970999401,0.0 -46.752399,-19.6464539994009,0.0 -46.752499,-19.6468909994009,0.0 -46.752649,-19.6477639994009,0.0 -46.752822,-19.6482459994009,0.0 -46.75319,-19.6487969994009,0.0 -46.753483,-19.6491629994009,0.0 -46.754067,-19.6492989994009,0.0 -46.754674,-19.6493639994009,0.0 -46.755136,-19.6494079994009,0.0 -46.755622,-19.6494289994009,0.0 -46.756156,-19.6494489994009,0.0 -46.756739,-19.6494689994009,0.0 -46.757346,-19.6495119994009,0.0 -46.757785,-19.6497399994009,0.0 -46.758296,-19.6499669994008,0.0 -46.758785,-19.6504249994008,0.0 -46.759248,-19.6507909994008,0.0 -46.759518,-19.6512029994008,0.0 -46.75969,-19.6516629994008,0.0 -46.759863,-19.6521909994008,0.0 -46.759939,-19.6526279994008,0.0 -46.760087,-19.6532019994008,0.0 -46.760212,-19.6537079994008,0.0 -46.760264,-19.6543519994007,0.0 -46.760315,-19.6548119994007,0.0 -46.760391,-19.6552939994007,0.0 -46.760467,-19.6557999994007,0.0 -46.760567,-19.6563979994007,0.0 -46.760692,-19.6569259994007,0.0 -46.760744,-19.6575239994007,0.0 -46.76075,-19.6585829994006,0.0 -46.760729,-19.6591349994006,0.0 -46.760731,-19.6596179994006,0.0 -46.760711,-19.6602389994006,0.0 -46.760665,-19.6606999994006,0.0 -46.760595,-19.6612979994006,0.0 -46.76055,-19.6618509994005,0.0 -46.760529,-19.6624719994005,0.0 -46.760507,-19.6629319994005,0.0 -46.760519,-19.6650029994005,0.0 -46.760619,-19.6655089994005,0.0 -46.760744,-19.6660139994005,0.0 -46.760916,-19.6664739994004,0.0 -46.761186,-19.6668859994004,0.0 -46.761431,-19.6672989994004,0.0 -46.761579,-19.6677589994004,0.0 -46.76163,-19.6682189994004,0.0 -46.761683,-19.6688849994004,0.0 -46.76171,-19.6693919994004,0.0 -46.761717,-19.6705879994003,0.0 -46.761744,-19.6710939994003,0.0 -46.761751,-19.6722439994003,0.0 -46.761803,-19.6728419994003,0.0 -46.761814,-19.6748899994002,0.0 -46.761841,-19.6753729994002,0.0 -46.762087,-19.6758779994002,0.0 -46.762455,-19.6764049994002,0.0 -46.762797,-19.6768639994002,0.0 -46.763091,-19.6772759994002,0.0 -46.763361,-19.6777809994001,0.0 -46.763703,-19.6781239994001,0.0 -46.764216,-19.6786279994001,0.0 -46.764656,-19.6790399994001,0.0 -46.764974,-19.6793829994001,0.0 -46.765365,-19.6797949994001,0.0 -46.765706,-19.6800929994001,0.0 -46.766096,-19.6803439994001,0.0 -46.766318,-19.6808949994001,0.0 -46.766321,-19.6813779994001,0.0 -46.766397,-19.6819299994,0.0 -46.766448,-19.6823899994,0.0 -46.766621,-19.6829179994,0.0 -46.766721,-19.6833779994,0.0 -46.766919,-19.6840209994,0.0 -46.767213,-19.6844789994,0.0 -46.767507,-19.6848459994,0.0 -46.767849,-19.6852349994,0.0 -46.768119,-19.6856479993999,0.0 -46.768486,-19.6861059993999,0.0 -46.768803,-19.6864269993999,0.0 -46.769145,-19.6867239993999,0.0 -46.769608,-19.6870209993999,0.0 -46.770071,-19.6872489993999,0.0 -46.770583,-19.6875449993999,0.0 -46.771167,-19.6877029993999,0.0 -46.7718,-19.6878839993999,0.0 -46.772238,-19.6881119993999,0.0 -46.772726,-19.6883619993999,0.0 -46.773261,-19.6885659993999,0.0 -46.773724,-19.6888399993999,0.0 -46.774212,-19.6891599993999,0.0 -46.77453,-19.6894799993999,0.0 -46.774799,-19.6899159993998,0.0 -46.775142,-19.6903279993998,0.0 -46.775484,-19.6907639993998,0.0 -46.77573,-19.6911989993998,0.0 -46.776072,-19.6915429993998,0.0 -46.776536,-19.6919999993998,0.0 -46.776806,-19.6923669993998,0.0 -46.777002,-19.6928029993998,0.0 -46.777151,-19.6932629993997,0.0 -46.777422,-19.6939289993997,0.0 -46.77779,-19.6945249993997,0.0 -46.778061,-19.6951909993997,0.0 -46.778306,-19.6956029993997,0.0 -46.778624,-19.6959469993997,0.0 -46.77904,-19.6964279993997,0.0 -46.779431,-19.6968399993997,0.0 -46.779896,-19.6973669993997,0.0 -46.780287,-19.6977789993996,0.0 -46.780799,-19.6982129993996,0.0 -46.781238,-19.6984869993996,0.0 -46.781653,-19.6988529993996,0.0 -46.781971,-19.6991959993996,0.0 -46.782362,-19.6994929993996,0.0 -46.782777,-19.6998819993996,0.0 -46.783119,-19.7002259993996,0.0 -46.783582,-19.7005449993996,0.0 -46.783997,-19.7007499993996,0.0 -46.78446,-19.7010009993996,0.0 -46.784875,-19.7013439993995,0.0 -46.785289,-19.7015719993995,0.0 -46.785873,-19.7017529993995,0.0 -46.786604,-19.7020939993995,0.0 -46.787115,-19.7022979993995,0.0 -46.787627,-19.7025719993995,0.0 -46.78809,-19.7028679993995,0.0 -46.788529,-19.7030959993995,0.0 -46.78904,-19.7032999993995,0.0 -46.789528,-19.7036429993995,0.0 -46.790162,-19.7039619993995,0.0 -46.790625,-19.7042119993995,0.0 -46.791233,-19.7043009993995,0.0 -46.791962,-19.7044579993995,0.0 -46.792498,-19.7046399993995,0.0 -46.793058,-19.7047979993995,0.0 -46.793642,-19.7050709993995,0.0 -46.794178,-19.7052979993994,0.0 -46.795151,-19.7055689993994,0.0 -46.795663,-19.7057499993994,0.0 -46.796174,-19.7060229993994,0.0 -46.796613,-19.7062509993994,0.0 -46.797052,-19.7065479993994,0.0 -46.797491,-19.7067529993994,0.0 -46.797858,-19.7072799993994,0.0 -46.798055,-19.7076929993994,0.0 -46.798447,-19.7082199993994,0.0 -46.798717,-19.7086329993994,0.0 -46.798963,-19.7091839993993,0.0 -46.799379,-19.7097099993993,0.0 -46.799576,-19.7101469993993,0.0 -46.799701,-19.7107669993993,0.0 -46.799924,-19.7115019993993,0.0 -46.800122,-19.7120989993993,0.0 -46.800271,-19.7125589993993,0.0 -46.800468,-19.7130409993992,0.0 -46.800592,-19.7134999993992,0.0 -46.800717,-19.7140059993992,0.0 -46.800744,-19.7144659993992,0.0 -46.800747,-19.7150869993992,0.0 -46.800677,-19.7155929993992,0.0 -46.800584,-19.7161459993992,0.0 -46.800441,-19.7166989993992,0.0 -46.800298,-19.7171369993991,0.0 -46.800009,-19.7176219993991,0.0 -46.799697,-19.7181299993991,0.0 -46.799407,-19.7184989993991,0.0 -46.799191,-19.7189139993991,0.0 -46.798999,-19.7193759993991,0.0 -46.798881,-19.7198359993991,0.0 -46.798786,-19.7202739993991,0.0 -46.798765,-19.720756999399,0.0 -46.79901,-19.721192999399,0.0 -46.799497,-19.721305999399,0.0 -46.800055,-19.721187999399,0.0 -46.800491,-19.721023999399,0.0 -46.800928,-19.7208379993991,0.0 -46.801363,-19.7205819993991,0.0 -46.801848,-19.7203269993991,0.0 -46.802284,-19.7200939993991,0.0 -46.802744,-19.7199079993991,0.0 -46.803204,-19.7195829993991,0.0 -46.803664,-19.7193739993991,0.0 -46.804223,-19.7193019993991,0.0 -46.8047278,-19.7192762993991,0.0 -46.804733,-19.7192759993991,0.0 -46.805826,-19.7192699993991,0.0 -46.806288,-19.7192899993991,0.0 -46.80675,-19.7193799993991,0.0 -46.807189,-19.7197689993991,0.0 -46.80758,-19.7200429993991,0.0 -46.807801,-19.7204789993991,0.0 -46.808168,-19.7208679993991,0.0 -46.80868,-19.721255999399,0.0 -46.809072,-19.721690999399,0.0 -46.809512,-19.722217999399,0.0 -46.809879,-19.722606999399,0.0 -46.810197,-19.722949999399,0.0 -46.810515,-19.723316999399,0.0 -46.810833,-19.723705999399,0.0 -46.811248,-19.723910999399,0.0 -46.81159,-19.724276999399,0.0 -46.811739,-19.7247829993989,0.0 -46.811985,-19.7253099993989,0.0 -46.812183,-19.7258619993989,0.0 -46.812477,-19.7263659993989,0.0 -46.812359,-19.7268039993989,0.0 -46.812264,-19.7272879993989,0.0 -46.812048,-19.7276799993989,0.0 -46.812076,-19.7282779993989,0.0 -46.812248,-19.7286909993989,0.0 -46.812543,-19.7291039993988,0.0 -46.812788,-19.7294929993988,0.0 -46.813106,-19.7298829993988,0.0 -46.813449,-19.7303409993988,0.0 -46.81367,-19.7307539993988,0.0 -46.814012,-19.7310969993988,0.0 -46.814549,-19.7314159993988,0.0 -46.814939,-19.7316669993988,0.0 -46.815378,-19.7318949993988,0.0 -46.815841,-19.7321229993988,0.0 -46.816426,-19.7324409993988,0.0 -46.81684,-19.7326459993987,0.0 -46.81735,-19.7325509993988,0.0 -46.817838,-19.7328479993987,0.0 -46.818351,-19.7332819993987,0.0 -46.818888,-19.7336929993987,0.0 -46.819206,-19.7340599993987,0.0 -46.81938,-19.7346339993987,0.0 -46.819601,-19.7350469993987,0.0 -46.819992,-19.7354129993987,0.0 -46.820528,-19.7356399993987,0.0 -46.821209,-19.7357739993987,0.0 -46.821794,-19.7360929993987,0.0 -46.822208,-19.7362979993987,0.0 -46.822671,-19.7364789993987,0.0 -46.823206,-19.7365689993987,0.0 -46.823693,-19.7366349993986,0.0 -46.824326,-19.7368619993986,0.0 -46.824716,-19.7371349993986,0.0 -46.825034,-19.7374789993986,0.0 -46.825352,-19.7378449993986,0.0 -46.825525,-19.7382579993986,0.0 -46.825795,-19.7387169993986,0.0 -46.826089,-19.7391749993986,0.0 -46.826359,-19.7395419993986,0.0 -46.826774,-19.7399079993986,0.0 -46.827068,-19.7402969993986,0.0 -46.827095,-19.7407339993985,0.0 -46.827293,-19.7412619993985,0.0 -46.827587,-19.7416059993985,0.0 -46.82805,-19.7419259993985,0.0 -46.828514,-19.7422219993985,0.0 -46.82905,-19.7425639993985,0.0 -46.829417,-19.7428379993985,0.0 -46.82988,-19.7431579993985,0.0 -46.830416,-19.7432929993985,0.0 -46.830878,-19.7434739993985,0.0 -46.831342,-19.7437939993985,0.0 -46.831829,-19.7439519993985,0.0 -46.832341,-19.7441329993985,0.0 -46.832925,-19.7442909993985,0.0 -46.833509,-19.7444259993984,0.0 -46.834069,-19.7445839993984,0.0 -46.834531,-19.7447649993984,0.0 -46.835116,-19.7449459993984,0.0 -46.835554,-19.7451279993984,0.0 -46.836042,-19.7454239993984,0.0 -46.836483,-19.7460429993984,0.0 -46.836753,-19.7464549993984,0.0 -46.83712,-19.7467989993984,0.0 -46.83739,-19.7472569993984,0.0 -46.837709,-19.7477389993984,0.0 -46.837858,-19.7483129993984,0.0 -46.837885,-19.7487729993983,0.0 -46.837937,-19.7492329993983,0.0 -46.83794,-19.7497619993983,0.0 -46.837894,-19.7501989993983,0.0 -46.837702,-19.7506139993983,0.0 -46.837266,-19.7507779993983,0.0 -46.83688,-19.7512399993983,0.0 -46.836542,-19.7516329993983,0.0 -46.8363611,-19.7518854993983,0.0 -46.836277,-19.7520029993983,0.0 -46.836087,-19.7525789993982,0.0 -46.835798,-19.7530409993982,0.0 -46.835509,-19.7534569993982,0.0 -46.834979,-19.7541959993982,0.0 -46.834861,-19.7547949993982,0.0 -46.834405,-19.7556709993982,0.0 -46.834287,-19.7562239993982,0.0 -46.834217,-19.7567309993981,0.0 -46.834055,-19.7580199993981,0.0 -46.833912,-19.7585499993981,0.0 -46.833769,-19.7590109993981,0.0 -46.833773,-19.7595859993981,0.0 -46.83385,-19.7602759993981,0.0 -46.833926,-19.760712999398,0.0 -46.834002,-19.761286999398,0.0 -46.834103,-19.761838999398,0.0 -46.834255,-19.762803999398,0.0 -46.834355,-19.763286999398,0.0 -46.834431,-19.763723999398,0.0 -46.834482,-19.7641609993979,0.0 -46.834509,-19.7646439993979,0.0 -46.834513,-19.7653109993979,0.0 -46.834492,-19.7658399993979,0.0 -46.834374,-19.7663009993979,0.0 -46.834207,-19.7668079993979,0.0 -46.833966,-19.7672229993979,0.0 -46.833652,-19.7675469993979,0.0 -46.8335134,-19.7676715993979,0.0 -46.833266,-19.7678939993979,0.0 -46.83305,-19.7683099993978,0.0 -46.832613,-19.7684729993978,0.0 -46.832055,-19.7686139993978,0.0 -46.831472,-19.7687099993978,0.0 -46.830963,-19.7688969993978,0.0 -46.830479,-19.7692209993978,0.0 -46.830019,-19.7694999993978,0.0 -46.829583,-19.7697329993978,0.0 -46.82922,-19.7700109993978,0.0 -46.828736,-19.7702889993978,0.0 -46.828349,-19.7706139993978,0.0 -46.827962,-19.7709149993978,0.0 -46.827698,-19.7713539993978,0.0 -46.827384,-19.7717459993978,0.0 -46.827047,-19.7722309993977,0.0 -46.826611,-19.7724639993977,0.0 -46.826419,-19.7729479993977,0.0 -46.826252,-19.7733859993977,0.0 -46.826158,-19.7738469993977,0.0 -46.826064,-19.7744229993977,0.0 -46.826031,-19.7746069993977,0.0 -46.826065,-19.7746069993977,0.0 -46.826551,-19.7746499993977,0.0 -46.827014,-19.7747389993977,0.0 -46.827499,-19.7745759993977,0.0 -46.828008,-19.7744579993977,0.0 -46.828494,-19.7744089993977,0.0 -46.82898,-19.7743369993977,0.0 -46.82949,-19.7742419993977,0.0 -46.830097,-19.7741699993977,0.0 -46.830607,-19.7741209993977,0.0 -46.831214,-19.7740719993977,0.0 -46.831772,-19.7738159993977,0.0 -46.832232,-19.7736749993977,0.0 -46.832767,-19.7737179993977,0.0 -46.833254,-19.7737379993977,0.0 -46.833716,-19.7737819993977,0.0 -46.834202,-19.7738249993977,0.0 -46.834713,-19.7738679993977,0.0 -46.835248,-19.7739799993977,0.0 -46.83571,-19.7740239993977,0.0 -46.836196,-19.7740899993977,0.0 -46.836732,-19.7742249993977,0.0 -46.836953,-19.7746149993977,0.0 -46.837369,-19.7750039993977,0.0 -46.83788,-19.7752079993977,0.0 -46.838319,-19.7754129993977,0.0 -46.838711,-19.7758239993977,0.0 -46.838908,-19.7762369993976,0.0 -46.839227,-19.7767419993976,0.0 -46.839617,-19.7770159993976,0.0 -46.840008,-19.7772669993976,0.0 -46.840399,-19.7776089993976,0.0 -46.840837,-19.7777679993976,0.0 -46.8413,-19.7779039993976,0.0 -46.84186,-19.7780609993976,0.0 -46.842323,-19.7782659993976,0.0 -46.842859,-19.7784239993976,0.0 -46.843418,-19.7785589993976,0.0 -46.843881,-19.7787169993976,0.0 -46.844296,-19.7789449993976,0.0 -46.844784,-19.7792409993976,0.0 -46.845174,-19.7795149993976,0.0 -46.845517,-19.7798579993975,0.0 -46.845859,-19.7801779993975,0.0 -46.846298,-19.7804749993975,0.0 -46.846761,-19.7806339993975,0.0 -46.847224,-19.7807459993975,0.0 -46.847686,-19.7808349993975,0.0 -46.848197,-19.7809239993975,0.0 -46.848829,-19.7809669993975,0.0 -46.849365,-19.7811019993975,0.0 -46.849755,-19.7813529993975,0.0 -46.850194,-19.7815109993975,0.0 -46.850656,-19.7816009993975,0.0 -46.851118,-19.7816209993975,0.0 -46.851678,-19.7817099993975,0.0 -46.852214,-19.7819139993975,0.0 -46.852677,-19.7821639993975,0.0 -46.85268,-19.7826249993975,0.0 -46.852658,-19.7830619993975,0.0 -46.852856,-19.7834979993975,0.0 -46.853198,-19.7837949993975,0.0 -46.853322,-19.7842309993974,0.0 -46.853204,-19.7847379993974,0.0 -46.853304,-19.7851749993974,0.0 -46.853622,-19.7855409993974,0.0 -46.853625,-19.7860009993974,0.0 -46.85404,-19.7862289993974,0.0 -46.854502,-19.7863639993974,0.0 -46.854964,-19.7864309993974,0.0 -46.855235,-19.7868889993974,0.0 -46.855262,-19.7873949993974,0.0 -46.855411,-19.7878999993974,0.0 -46.855633,-19.7882899993973,0.0 -46.856048,-19.7886789993973,0.0 -46.856318,-19.7890689993973,0.0 -46.856588,-19.7895039993973,0.0 -46.856737,-19.7900099993973,0.0 -46.856862,-19.7905379993973,0.0 -46.857083,-19.7909279993973,0.0 -46.857377,-19.7912939993973,0.0 -46.857647,-19.7916839993973,0.0 -46.858016,-19.7922569993972,0.0 -46.858527,-19.7923919993972,0.0 -46.859013,-19.7923889993972,0.0 -46.8593255,-19.7924012993972,0.0 -46.859523,-19.7924089993972,0.0 -46.859962,-19.7925909993972,0.0 -46.860473,-19.7927259993972,0.0 -46.86096,-19.7928149993972,0.0 -46.86147,-19.7927659993972,0.0 -46.861932,-19.7928099993972,0.0 -46.862443,-19.7927839993972,0.0 -46.862781,-19.7924599993972,0.0 -46.862608,-19.7920459993972,0.0 -46.862122,-19.7920259993972,0.0 -46.861804,-19.7917059993972,0.0 -46.861922,-19.7912679993973,0.0 -46.862114,-19.7908529993973,0.0 -46.862403,-19.7903909993973,0.0 -46.862619,-19.7899299993973,0.0 -46.863006,-19.7896049993973,0.0 -46.863467,-19.7895569993973,0.0 -46.863683,-19.7891409993973,0.0 -46.863948,-19.7887489993973,0.0 -46.86431,-19.7884249993973,0.0 -46.864673,-19.7881459993973,0.0 -46.865135,-19.7881209993973,0.0 -46.865597,-19.7881409993973,0.0 -46.866035,-19.7882999993973,0.0 -46.866498,-19.7884579993973,0.0 -46.866937,-19.7887089993973,0.0 -46.867377,-19.7890049993973,0.0 -46.867791,-19.7892559993973,0.0 -46.868255,-19.7894599993973,0.0 -46.868694,-19.7897339993973,0.0 -46.869133,-19.7899149993973,0.0 -46.869594,-19.7898899993973,0.0 -46.87003,-19.7896339993973,0.0 -46.870148,-19.7891499993973,0.0 -46.870389,-19.7887579993973,0.0 -46.870776,-19.7884789993973,0.0 -46.870992,-19.7880179993973,0.0 -46.870625,-19.7877439993973,0.0 -46.870356,-19.7873769993974,0.0 -46.87084,-19.7871449993974,0.0 -46.87135,-19.7869809993974,0.0 -46.871812,-19.7870239993974,0.0 -46.872736,-19.7872029993974,0.0 -46.873127,-19.7874989993974,0.0 -46.873373,-19.7879119993973,0.0 -46.873715,-19.7882319993973,0.0 -46.874226,-19.7882289993973,0.0 -46.875195,-19.7877629993974,0.0 -46.875533,-19.7874619993974,0.0 -46.8757755,-19.7873914993974,0.0 -46.876018,-19.7873209993974,0.0 -46.876481,-19.7874339993974,0.0 -46.87692,-19.7876379993974,0.0 -46.876801,-19.7880759993973,0.0 -46.876389,-19.7882859993973,0.0 -46.875978,-19.7885179993973,0.0 -46.876416,-19.7886769993973,0.0 -46.876927,-19.7886739993973,0.0 -46.877412,-19.7886019993973,0.0 -46.877824,-19.7883229993973,0.0 -46.878285,-19.7882049993973,0.0 -46.878723,-19.7883869993973,0.0 -46.879185,-19.7883609993973,0.0 -46.879621,-19.7881749993973,0.0 -46.880156,-19.7882409993973,0.0 -46.880523,-19.7885149993973,0.0 -46.880985,-19.7885809993973,0.0 -46.881445,-19.7883939993973,0.0 -46.881759,-19.7880699993973,0.0 -46.882146,-19.7877459993974,0.0 -46.882607,-19.7876279993974,0.0 -46.883069,-19.7875789993974,0.0 -46.883553,-19.7873459993974,0.0 -46.884039,-19.7872749993974,0.0 -46.884477,-19.7874329993974,0.0 -46.884916,-19.7876609993973,0.0 -46.885428,-19.7878189993973,0.0 -46.885914,-19.7878389993974,0.0 -46.886424,-19.7878129993974,0.0 -46.886859,-19.7874649993974,0.0 -46.887222,-19.7871409993974,0.0 -46.887708,-19.7871379993974,0.0 -46.888146,-19.7872959993974,0.0 -46.888658,-19.7874309993974,0.0 -46.88912,-19.7875669993974,0.0 -46.889583,-19.7876099993974,0.0 -46.890046,-19.7878829993974,0.0 -46.890219,-19.7883649993973,0.0 -46.89061,-19.7886619993973,0.0 -46.891267,-19.7887729993973,0.0 -46.891875,-19.7888159993973,0.0 -46.892337,-19.7887899993973,0.0 -46.892846,-19.7886489993973,0.0 -46.893258,-19.7883699993973,0.0 -46.893352,-19.7878869993974,0.0 -46.893034,-19.7875669993974,0.0 -46.892594,-19.7872929993974,0.0 -46.8923,-19.7869499993974,0.0 -46.891958,-19.7866529993974,0.0 -46.891809,-19.7861929993974,0.0 -46.892172,-19.7858689993974,0.0 -46.892608,-19.7856369993974,0.0 -46.893019,-19.7853349993974,0.0 -46.89343,-19.7851029993974,0.0 -46.89389,-19.7848239993974,0.0 -46.894352,-19.7847519993974,0.0 -46.894862,-19.7847029993974,0.0 -46.895324,-19.7847459993974,0.0 -46.895836,-19.7849499993974,0.0 -46.895839,-19.7854099993974,0.0 -46.896108,-19.7857769993974,0.0 -46.896644,-19.7859579993974,0.0 -46.89713,-19.7859549993974,0.0 -46.898052,-19.7857189993974,0.0 -46.898122,-19.7852589993974,0.0 -46.898119,-19.7847759993974,0.0 -46.897825,-19.7843859993974,0.0 -46.897798,-19.7839489993974,0.0 -46.897892,-19.7835119993975,0.0 -46.897913,-19.7830509993975,0.0 -46.897789,-19.7825919993975,0.0 -46.897349,-19.7822729993975,0.0 -46.897249,-19.7818359993975,0.0 -46.897441,-19.7814209993975,0.0 -46.897875,-19.7810039993975,0.0 -46.898338,-19.7810929993975,0.0 -46.898704,-19.7813669993975,0.0 -46.899166,-19.7813419993975,0.0 -46.899627,-19.7812469993975,0.0 -46.900041,-19.7814739993975,0.0 -46.90048,-19.7816329993975,0.0 -46.900966,-19.7816299993975,0.0 -46.901525,-19.7816039993975,0.0 -46.902012,-19.7816929993975,0.0 -46.902473,-19.7816439993975,0.0 -46.903008,-19.7816409993975,0.0 -46.903519,-19.7818449993975,0.0 -46.904008,-19.7821639993975,0.0 -46.904446,-19.7823679993975,0.0 -46.904982,-19.7824339993975,0.0 -46.905492,-19.7824309993975,0.0 -46.905928,-19.7822439993975,0.0 -46.906314,-19.7818509993975,0.0 -46.906628,-19.7815039993975,0.0 -46.907137,-19.7812709993975,0.0 -46.907524,-19.7809459993975,0.0 -46.90791,-19.7805759993975,0.0 -46.908321,-19.7803199993975,0.0 -46.908808,-19.7803869993975,0.0 -46.908884,-19.7808459993975,0.0 -46.908717,-19.7813069993975,0.0 -46.908281,-19.7815629993975,0.0 -46.908163,-19.7820239993975,0.0 -46.90836,-19.7824599993975,0.0 -46.908821,-19.7823189993975,0.0 -46.909159,-19.7819489993975,0.0 -46.909423,-19.7814639993975,0.0 -46.909906,-19.7811159993975,0.0 -46.910294,-19.7808609993975,0.0 -46.910607,-19.7805369993975,0.0 -46.910872,-19.7801439993975,0.0 -46.911331,-19.7797959993976,0.0 -46.911867,-19.7799309993975,0.0 -46.912185,-19.7802509993975,0.0 -46.9126,-19.7804559993975,0.0 -46.913086,-19.7805449993975,0.0 -46.913525,-19.7807259993975,0.0 -46.914084,-19.7807229993975,0.0 -46.914546,-19.7807659993975,0.0 -46.915057,-19.7808549993975,0.0 -46.915519,-19.7808289993975,0.0 -46.916004,-19.7807799993975,0.0 -46.916514,-19.7806159993975,0.0 -46.916976,-19.7806589993975,0.0 -46.917294,-19.7809799993975,0.0 -46.917297,-19.7814399993975,0.0 -46.917591,-19.7818519993975,0.0 -46.917982,-19.7821719993975,0.0 -46.918421,-19.7823299993975,0.0 -46.918956,-19.7823269993975,0.0 -46.919269,-19.7818879993975,0.0 -46.919265,-19.7814049993975,0.0 -46.919044,-19.7810149993975,0.0 -46.918943,-19.7805089993975,0.0 -46.919183,-19.7800709993976,0.0 -46.919719,-19.7802059993975,0.0 -46.920037,-19.7805259993975,0.0 -46.920356,-19.7809379993975,0.0 -46.92065,-19.7813039993975,0.0 -46.92075,-19.7817869993975,0.0 -46.92102,-19.7821529993975,0.0 -46.921484,-19.7824039993975,0.0 -46.921946,-19.7825389993975,0.0 -46.922385,-19.7827429993975,0.0 -46.922776,-19.7830629993975,0.0 -46.923095,-19.7834749993975,0.0 -46.92351,-19.7837489993975,0.0 -46.923996,-19.7837459993975,0.0 -46.924457,-19.7836509993975,0.0 -46.924795,-19.7833269993975,0.0 -46.925035,-19.7828879993975,0.0 -46.925276,-19.7824949993975,0.0 -46.925346,-19.7820579993975,0.0 -46.925659,-19.7817109993975,0.0 -46.925899,-19.7812949993975,0.0 -46.926213,-19.7809019993975,0.0 -46.926674,-19.7808769993975,0.0 -46.927113,-19.7810349993975,0.0 -46.927648,-19.7810779993975,0.0 -46.928084,-19.7808449993975,0.0 -46.928348,-19.7804289993975,0.0 -46.928612,-19.7799439993976,0.0 -46.928731,-19.7794839993976,0.0 -46.928946,-19.7790219993976,0.0 -46.929259,-19.7786059993976,0.0 -46.929573,-19.7782819993976,0.0 -46.929887,-19.7779349993976,0.0 -46.930224,-19.7775879993976,0.0 -46.930636,-19.7773549993976,0.0 -46.931023,-19.7770309993976,0.0 -46.931532,-19.7768899993976,0.0 -46.932018,-19.7768179993976,0.0 -46.932528,-19.7767689993976,0.0 -46.933111,-19.7767649993976,0.0 -46.93367,-19.7767849993976,0.0 -46.934278,-19.7768729993976,0.0 -46.934741,-19.7769849993976,0.0 -46.935252,-19.7771889993976,0.0 -46.935739,-19.7773009993976,0.0 -46.936201,-19.7773669993976,0.0 -46.936737,-19.7774559993976,0.0 -46.937224,-19.7775679993976,0.0 -46.937783,-19.7776339993976,0.0 -46.938269,-19.7776999993976,0.0 -46.93866,-19.7779959993976,0.0 -46.939172,-19.7782229993976,0.0 -46.939708,-19.7783119993976,0.0 -46.940389,-19.7784919993976,0.0 -46.940877,-19.7786729993976,0.0 -46.941268,-19.7789689993976,0.0 -46.941658,-19.7792199993976,0.0 -46.942025,-19.7795859993976,0.0 -46.942222,-19.7799989993975,0.0 -46.942493,-19.7804569993975,0.0 -46.943082,-19.7813279993975,0.0 -46.943207,-19.7817639993975,0.0 -46.943404,-19.7821769993975,0.0 -46.94389,-19.7821969993975,0.0 -46.944448,-19.7820319993975,0.0 -46.944908,-19.7817299993975,0.0 -46.945369,-19.7815899993975,0.0 -46.945854,-19.7814949993975,0.0 -46.946269,-19.7817449993975,0.0 -46.946708,-19.7819719993975,0.0 -46.947219,-19.7820839993975,0.0 -46.94773,-19.7821039993975,0.0 -46.948216,-19.7821239993975,0.0 -46.94875,-19.7820519993975,0.0 -46.949235,-19.7819339993975,0.0 -46.949745,-19.7818379993975,0.0 -46.950206,-19.7816979993975,0.0 -46.950617,-19.7814879993975,0.0 -46.950931,-19.7811179993975,0.0 -46.951318,-19.7808619993975,0.0 -46.951757,-19.7810669993975,0.0 -46.952171,-19.7812709993975,0.0 -46.952755,-19.7812899993975,0.0 -46.953216,-19.7812649993975,0.0 -46.953703,-19.7812849993975,0.0 -46.954239,-19.7815109993975,0.0 -46.954702,-19.7816689993975,0.0 -46.955116,-19.7818969993975,0.0 -46.955676,-19.7819619993975,0.0 -46.956137,-19.7819129993975,0.0 -46.95667,-19.7817029993975,0.0 -46.957008,-19.7813099993975,0.0 -46.957126,-19.7807799993975,0.0 -46.95722,-19.7803419993975,0.0 -46.957265,-19.7798819993976,0.0 -46.957432,-19.7793749993976,0.0 -46.957745,-19.7789819993976,0.0 -46.958206,-19.7788869993976,0.0 -46.958692,-19.7788839993976,0.0 -46.959201,-19.7787189993976,0.0 -46.959687,-19.7787159993976,0.0 -46.960174,-19.7787589993976,0.0 -46.960565,-19.7790559993976,0.0 -46.960907,-19.7793989993976,0.0 -46.961346,-19.7796259993976,0.0 -46.961761,-19.7798539993975,0.0 -46.962031,-19.7802199993975,0.0 -46.96218,-19.7806559993975,0.0 -46.962595,-19.7809759993975,0.0 -46.963106,-19.7810639993975,0.0 -46.963567,-19.7809689993975,0.0 -46.964126,-19.7809429993975,0.0 -46.964734,-19.7809619993975,0.0 -46.96544,-19.7811879993975,0.0 -46.965904,-19.7814839993975,0.0 -46.966368,-19.7817339993975,0.0 -46.966735,-19.7820769993975,0.0 -46.967101,-19.7823959993975,0.0 -46.967564,-19.7825089993975,0.0 -46.968074,-19.7825049993975,0.0 -46.968607,-19.7822489993975,0.0 -46.969142,-19.7822459993975,0.0 -46.969628,-19.7822649993975,0.0 -46.970187,-19.7822619993975,0.0 -46.970673,-19.7822819993975,0.0 -46.971136,-19.7824629993975,0.0 -46.971575,-19.7826899993975,0.0 -46.97199,-19.7829409993975,0.0 -46.972357,-19.7832829993975,0.0 -46.972627,-19.7836499993975,0.0 -46.972946,-19.7840159993974,0.0 -46.973432,-19.7840129993974,0.0 -46.973672,-19.7836199993975,0.0 -46.973693,-19.7831599993975,0.0 -46.973665,-19.7826539993975,0.0 -46.973638,-19.7821939993975,0.0 -46.973561,-19.7817339993975,0.0 -46.973388,-19.7812979993975,0.0 -46.972997,-19.7810019993975,0.0 -46.973091,-19.7805639993975,0.0 -46.973602,-19.7805839993975,0.0 -46.974088,-19.7806039993975,0.0 -46.974574,-19.7805779993975,0.0 -46.97501,-19.7803449993975,0.0 -46.975469,-19.7800429993975,0.0 -46.975782,-19.7796499993976,0.0 -46.976144,-19.7792559993976,0.0 -46.97663,-19.7791839993976,0.0 -46.977044,-19.7793889993976,0.0 -46.977363,-19.7797319993976,0.0 -46.977754,-19.7800739993975,0.0 -46.978072,-19.7803939993975,0.0 -46.978245,-19.7808069993975,0.0 -46.978612,-19.7810809993975,0.0 -46.978736,-19.7815169993975,0.0 -46.978861,-19.7819769993975,0.0 -46.979059,-19.7824119993975,0.0 -46.979502,-19.7832379993975,0.0 -46.979894,-19.7836489993975,0.0 -46.980309,-19.7839459993974,0.0 -46.980749,-19.7843109993974,0.0 -46.981043,-19.7846539993974,0.0 -46.981482,-19.7848809993974,0.0 -46.981825,-19.7851779993974,0.0 -46.981756,-19.7856849993974,0.0 -46.981564,-19.7860999993974,0.0 -46.981592,-19.7866059993974,0.0 -46.981668,-19.7870429993974,0.0 -46.981769,-19.7875019993974,0.0 -46.981893,-19.7879379993973,0.0 -46.982188,-19.7883739993973,0.0 -46.982313,-19.7888559993973,0.0 -46.982559,-19.7892919993973,0.0 -46.98295,-19.7895649993973,0.0 -46.983413,-19.7897919993973,0.0 -46.983876,-19.7899269993973,0.0 -46.984291,-19.7901549993973,0.0 -46.984658,-19.7904739993973,0.0 -46.984831,-19.7909329993973,0.0 -46.984932,-19.7913929993973,0.0 -46.98525,-19.7917589993973,0.0 -46.985762,-19.7919859993973,0.0 -46.986225,-19.7921439993972,0.0 -46.986689,-19.7923709993972,0.0 -46.98674,-19.7928069993972,0.0 -46.98672,-19.7933369993972,0.0 -46.986772,-19.7938189993972,0.0 -46.986945,-19.7942319993972,0.0 -46.987432,-19.7943899993972,0.0 -46.987919,-19.7944329993972,0.0 -46.988477,-19.7943839993972,0.0 -46.988938,-19.7941969993972,0.0 -46.989399,-19.7941479993972,0.0 -46.989862,-19.7942139993972,0.0 -46.990397,-19.7943249993972,0.0 -46.990812,-19.7945759993972,0.0 -46.991324,-19.7947559993972,0.0 -46.991714,-19.7950069993972,0.0 -46.992179,-19.7954179993972,0.0 -46.992498,-19.7957609993971,0.0 -46.992841,-19.7961269993971,0.0 -46.993159,-19.7964469993971,0.0 -46.993598,-19.7966509993971,0.0 -46.994084,-19.7966479993971,0.0 -46.994546,-19.7967139993971,0.0 -46.995081,-19.7967789993971,0.0 -46.995568,-19.7969139993971,0.0 -46.996226,-19.7971169993971,0.0 -46.996714,-19.7973439993971,0.0 -46.997177,-19.7975709993971,0.0 -46.997423,-19.7979599993971,0.0 -46.997815,-19.7983029993971,0.0 -46.997988,-19.7987159993971,0.0 -46.997992,-19.7992679993971,0.0 -46.998141,-19.799703999397,0.0 -46.99858,-19.799953999397,0.0 -46.998948,-19.800365999397,0.0 -46.99951,-19.800752999397,0.0 -46.999997,-19.800956999397,0.0 -47.000603,-19.801175999397,0.0 -47.001226,-19.801204999397,0.0 -47.001689,-19.801163999397,0.0 -47.002442,-19.801148999397,0.0 -47.002952,-19.801153999397,0.0 -47.003533,-19.801366999397,0.0 -47.004041,-19.801578999397,0.0 -47.0045,-19.801813999397,0.0 -47.004706,-19.801922799397,0.0 -47.005032,-19.802094999397,0.0 -47.00561,-19.802537999397,0.0 -47.006093,-19.802841999397,0.0 -47.006599,-19.803169999397,0.0 -47.007033,-19.803495999397,0.0 -47.007394,-19.8037759993969,0.0 -47.007876,-19.8041719993969,0.0 -47.008334,-19.8044989993969,0.0 -47.008719,-19.8048249993969,0.0 -47.009348,-19.8051069993969,0.0 -47.009856,-19.8053189993969,0.0 -47.010485,-19.8055559993969,0.0 -47.011115,-19.8056999993969,0.0 -47.011601,-19.8057509993969,0.0 -47.012158,-19.8058949993969,0.0 -47.012861,-19.8060859993969,0.0 -47.013564,-19.8062079993969,0.0 -47.014024,-19.8063509993969,0.0 -47.014484,-19.8065169993969,0.0 -47.014945,-19.8066359993969,0.0 -47.015455,-19.8065959993969,0.0 -47.016016,-19.8064859993969,0.0 -47.016479,-19.8063299993969,0.0 -47.016751,-19.8058959993969,0.0 -47.017145,-19.8054629993969,0.0 -47.017611,-19.8051449993969,0.0 -47.018051,-19.8049199993969,0.0 -47.018565,-19.8046029993969,0.0 -47.019126,-19.8043789993969,0.0 -47.019712,-19.8041779993969,0.0 -47.02049,-19.8041629993969,0.0 -47.021025,-19.8041219993969,0.0 -47.021562,-19.8038739993969,0.0 -47.02193,-19.8036019993969,0.0 -47.022418,-19.803445999397,0.0 -47.023002,-19.803405999397,0.0 -47.023535,-19.8035259993969,0.0 -47.024018,-19.8037839993969,0.0 -47.024622,-19.8041119993969,0.0 -47.025178,-19.8043249993969,0.0 -47.025689,-19.8043069993969,0.0 -47.026758,-19.8043179993969,0.0 -47.027271,-19.8041389993969,0.0 -47.027734,-19.8040289993969,0.0 -47.028244,-19.8040109993969,0.0 -47.028705,-19.8040619993969,0.0 -47.029168,-19.8039969993969,0.0 -47.029654,-19.8039559993969,0.0 -47.030624,-19.8041499993969,0.0 -47.031109,-19.8043159993969,0.0 -47.031224,-19.8048459993969,0.0 -47.031145,-19.8053749993969,0.0 -47.031067,-19.8058569993969,0.0 -47.031062,-19.8063399993969,0.0 -47.031299,-19.8068479993969,0.0 -47.031734,-19.8070829993969,0.0 -47.032244,-19.8070419993969,0.0 -47.032707,-19.8069549993969,0.0 -47.03317,-19.8068439993969,0.0 -47.03349,-19.8064789993969,0.0 -47.033713,-19.8060909993969,0.0 -47.03367,-19.8056529993969,0.0 -47.033626,-19.8051929993969,0.0 -47.033826,-19.8047119993969,0.0 -47.034313,-19.8046709993969,0.0 -47.03501,-19.8053449993969,0.0 -47.035198,-19.8058759993969,0.0 -47.03546,-19.8063839993969,0.0 -47.035894,-19.8067109993969,0.0 -47.036357,-19.8065999993969,0.0 -47.036844,-19.8065359993969,0.0 -47.037327,-19.8067709993969,0.0 -47.037664,-19.8070969993969,0.0 -47.03812,-19.8075609993969,0.0 -47.038482,-19.8078409993968,0.0 -47.039036,-19.8082609993968,0.0 -47.039472,-19.8084259993968,0.0 -47.040101,-19.8086159993968,0.0 -47.040611,-19.8086439993968,0.0 -47.041802,-19.8086559993968,0.0 -47.042289,-19.8086149993968,0.0 -47.042847,-19.8086899993968,0.0 -47.043305,-19.8090389993968,0.0 -47.043616,-19.8094109993968,0.0 -47.043903,-19.8098739993968,0.0 -47.044165,-19.8103359993968,0.0 -47.044597,-19.8108469993968,0.0 -47.044934,-19.8111719993968,0.0 -47.045416,-19.8114529993967,0.0 -47.045998,-19.8116429993967,0.0 -47.046578,-19.8119249993967,0.0 -47.047037,-19.8121359993967,0.0 -47.047496,-19.8123709993967,0.0 -47.047931,-19.8125819993967,0.0 -47.047829,-19.8130179993967,0.0 -47.048288,-19.8133219993967,0.0 -47.048993,-19.8133289993967,0.0 -47.049504,-19.8131959993967,0.0 -47.050138,-19.8130869993967,0.0 -47.050671,-19.8131849993967,0.0 -47.051105,-19.8134879993967,0.0 -47.051148,-19.8140409993967,0.0 -47.051362,-19.8144569993967,0.0 -47.051845,-19.8147149993967,0.0 -47.052306,-19.8147649993967,0.0 -47.052865,-19.8147939993967,0.0 -47.053375,-19.8147989993967,0.0 -47.053837,-19.8148489993967,0.0 -47.054247,-19.8150609993967,0.0 -47.05483,-19.8151119993967,0.0 -47.055698,-19.8157189993966,0.0 -47.056158,-19.8159309993966,0.0 -47.05662,-19.8159119993966,0.0 -47.057154,-19.8159409993966,0.0 -47.057661,-19.8162219993966,0.0 -47.057861,-19.8157869993966,0.0 -47.058181,-19.8154219993967,0.0 -47.058501,-19.8150799993967,0.0 -47.0587,-19.8146679993967,0.0 -47.058923,-19.8142789993967,0.0 -47.05916,-19.8148099993967,0.0 -47.059154,-19.8153389993967,0.0 -47.0591,-19.8158219993966,0.0 -47.059118,-19.8163969993966,0.0 -47.059283,-19.8168129993966,0.0 -47.059767,-19.8170709993966,0.0 -47.060371,-19.8173989993966,0.0 -47.060804,-19.8177479993966,0.0 -47.060969,-19.8181869993966,0.0 -47.060989,-19.8186239993966,0.0 -47.061178,-19.8190859993966,0.0 -47.060669,-19.8190119993966,0.0 -47.060209,-19.8188229993966,0.0 -47.06001,-19.8192579993966,0.0 -47.059932,-19.8196949993965,0.0 -47.059951,-19.8201779993965,0.0 -47.05997,-19.8206379993965,0.0 -47.059965,-19.8210979993965,0.0 -47.059984,-19.8215349993965,0.0 -47.060393,-19.8219529993965,0.0 -47.060926,-19.8221199993965,0.0 -47.061311,-19.8224919993965,0.0 -47.061598,-19.8228849993965,0.0 -47.06206,-19.8228669993965,0.0 -47.06243,-19.8224109993965,0.0 -47.062989,-19.8223469993965,0.0 -47.063252,-19.8228099993965,0.0 -47.063197,-19.8233609993964,0.0 -47.063021,-19.8238889993964,0.0 -47.062967,-19.8243249993964,0.0 -47.063448,-19.8248359993964,0.0 -47.063932,-19.8250249993964,0.0 -47.064318,-19.8252819993964,0.0 -47.064678,-19.8256759993964,0.0 -47.064866,-19.8262759993964,0.0 -47.065079,-19.8268299993964,0.0 -47.065266,-19.8274529993963,0.0 -47.06565,-19.8279629993963,0.0 -47.065984,-19.8284489993963,0.0 -47.066393,-19.8289129993963,0.0 -47.066509,-19.8293519993963,0.0 -47.066068,-19.8296459993963,0.0 -47.066039,-19.8301519993963,0.0 -47.066301,-19.8306149993963,0.0 -47.066761,-19.8307569993963,0.0 -47.067222,-19.8308769993963,0.0 -47.067483,-19.8313849993962,0.0 -47.067843,-19.8318029993962,0.0 -47.068402,-19.8318089993962,0.0 -47.068863,-19.8319049993962,0.0 -47.069298,-19.8321389993962,0.0 -47.069757,-19.8323969993962,0.0 -47.070192,-19.8326769993962,0.0 -47.070405,-19.8331159993962,0.0 -47.070666,-19.8337399993962,0.0 -47.070805,-19.8343399993962,0.0 -47.071069,-19.8347099993962,0.0 -47.071454,-19.8350589993962,0.0 -47.071864,-19.8352699993961,0.0 -47.072251,-19.8355269993961,0.0 -47.072611,-19.8358749993961,0.0 -47.07302,-19.8362939993961,0.0 -47.073357,-19.8366189993961,0.0 -47.073506,-19.8367859993961,0.0 -47.073821,-19.8364159993961,0.0 -47.07402,-19.8360039993961,0.0 -47.07422,-19.8355229993961,0.0 -47.074371,-19.8349959993962,0.0 -47.074498,-19.8345139993962,0.0 -47.074602,-19.8339169993962,0.0 -47.074753,-19.8333889993962,0.0 -47.074977,-19.8329319993962,0.0 -47.075154,-19.8323349993962,0.0 -47.075234,-19.8316459993962,0.0 -47.07529,-19.8310249993963,0.0 -47.075309,-19.8292539993963,0.0 -47.075195,-19.8285629993963,0.0 -47.075128,-19.8280339993963,0.0 -47.075064,-19.8272739993964,0.0 -47.074997,-19.8267209993964,0.0 -47.074929,-19.8262369993964,0.0 -47.074861,-19.8257769993964,0.0 -47.074722,-19.8251539993964,0.0 -47.074582,-19.8246699993964,0.0 -47.074441,-19.8242309993964,0.0 -47.074275,-19.8238159993964,0.0 -47.073916,-19.8233289993964,0.0 -47.073609,-19.8225209993965,0.0 -47.073445,-19.8219669993965,0.0 -47.073427,-19.8213919993965,0.0 -47.073507,-19.8207949993965,0.0 -47.073802,-19.8204529993965,0.0 -47.07405,-19.8199719993965,0.0 -47.074371,-19.8195839993965,0.0 -47.074741,-19.8190359993966,0.0 -47.075014,-19.8185559993966,0.0 -47.075167,-19.8178669993966,0.0 -47.075178,-19.8168779993966,0.0 -47.075135,-19.8164179993966,0.0 -47.074995,-19.8158409993966,0.0 -47.074807,-19.8152869993967,0.0 -47.074593,-19.8148479993967,0.0 -47.074427,-19.8144329993967,0.0 -47.074361,-19.8137879993967,0.0 -47.074393,-19.8131209993967,0.0 -47.074423,-19.8126379993967,0.0 -47.074501,-19.8121099993967,0.0 -47.074678,-19.8115369993967,0.0 -47.07478,-19.8110779993968,0.0 -47.074956,-19.8105729993968,0.0 -47.075253,-19.8100239993968,0.0 -47.075526,-19.8095439993968,0.0 -47.075824,-19.8089489993968,0.0 -47.076196,-19.8083079993968,0.0 -47.07642,-19.8078279993968,0.0 -47.076694,-19.8072549993969,0.0 -47.076869,-19.8067509993969,0.0 -47.077167,-19.8061789993969,0.0 -47.077391,-19.8057209993969,0.0 -47.077617,-19.8050559993969,0.0 -47.077671,-19.8045509993969,0.0 -47.077684,-19.803377999397,0.0 -47.077643,-19.802686999397,0.0 -47.07765,-19.802042999397,0.0 -47.077753,-19.801560999397,0.0 -47.078001,-19.801057999397,0.0 -47.078249,-19.800645999397,0.0 -47.07852,-19.800280999397,0.0 -47.078768,-19.799799999397,0.0 -47.079064,-19.7993889993971,0.0 -47.079264,-19.7988849993971,0.0 -47.079367,-19.7983569993971,0.0 -47.079446,-19.7978059993971,0.0 -47.079501,-19.7972309993971,0.0 -47.079798,-19.7967969993971,0.0 -47.079972,-19.7963849993971,0.0 -47.079758,-19.7959449993971,0.0 -47.079297,-19.7959179993971,0.0 -47.078766,-19.7955679993972,0.0 -47.079134,-19.7952949993972,0.0 -47.079066,-19.7947889993972,0.0 -47.078975,-19.7942589993972,0.0 -47.078787,-19.7936589993972,0.0 -47.078794,-19.7930839993972,0.0 -47.078921,-19.7925789993972,0.0 -47.079193,-19.7921449993972,0.0 -47.079416,-19.7916869993972,0.0 -47.07976,-19.7913449993973,0.0 -47.07979,-19.7908849993973,0.0 -47.079795,-19.7903789993973,0.0 -47.079825,-19.7898739993973,0.0 -47.079952,-19.7893459993973,0.0 -47.080056,-19.7887259993973,0.0 -47.080307,-19.7880609993973,0.0 -47.080652,-19.7875819993974,0.0 -47.080972,-19.7872399993974,0.0 -47.081294,-19.7866449993974,0.0 -47.081348,-19.7861619993974,0.0 -47.081426,-19.7856799993974,0.0 -47.081625,-19.7852679993974,0.0 -47.081873,-19.7848099993974,0.0 -47.082289,-19.7845609993974,0.0 -47.082803,-19.7842439993974,0.0 -47.083316,-19.7839729993975,0.0 -47.083901,-19.7837949993975,0.0 -47.085675,-19.7838129993974,0.0 -47.086307,-19.7837959993974,0.0 -47.086843,-19.7836399993975,0.0 -47.087455,-19.7832549993975,0.0 -47.087872,-19.7829369993975,0.0 -47.088459,-19.7825519993975,0.0 -47.08897,-19.7825109993975,0.0 -47.089476,-19.7828379993975,0.0 -47.089937,-19.7829569993975,0.0 -47.090519,-19.7830089993975,0.0 -47.091055,-19.7829449993975,0.0 -47.091592,-19.7827199993975,0.0 -47.092007,-19.7824949993975,0.0 -47.092448,-19.7822229993975,0.0 -47.092841,-19.7818359993975,0.0 -47.09338,-19.7814269993975,0.0 -47.0937,-19.7810389993975,0.0 -47.094067,-19.7807669993975,0.0 -47.094653,-19.7805189993975,0.0 -47.095166,-19.7802939993975,0.0 -47.095703,-19.7800229993975,0.0 -47.096071,-19.7797049993976,0.0 -47.096464,-19.7793639993976,0.0 -47.09676,-19.7789529993976,0.0 -47.096911,-19.7784709993976,0.0 -47.097208,-19.7779449993976,0.0 -47.097457,-19.7774409993976,0.0 -47.097631,-19.7770289993976,0.0 -47.098023,-19.7767569993976,0.0 -47.098585,-19.7765089993976,0.0 -47.099074,-19.7762149993976,0.0 -47.099515,-19.7758969993977,0.0 -47.099931,-19.7756019993977,0.0 -47.100372,-19.7752619993977,0.0 -47.100739,-19.7749889993977,0.0 -47.101254,-19.7746259993977,0.0 -47.101695,-19.7742159993977,0.0 -47.102137,-19.7738529993977,0.0 -47.102579,-19.7734199993977,0.0 -47.102998,-19.7728949993977,0.0 -47.103367,-19.7724389993977,0.0 -47.103831,-19.7721899993977,0.0 -47.104128,-19.7717099993978,0.0 -47.104231,-19.7712049993978,0.0 -47.104601,-19.7707019993978,0.0 -47.105041,-19.7704079993978,0.0 -47.105434,-19.7700659993978,0.0 -47.105802,-19.7697249993978,0.0 -47.106195,-19.7693379993978,0.0 -47.106539,-19.7689269993978,0.0 -47.107276,-19.7682439993978,0.0 -47.107547,-19.7678559993979,0.0 -47.107675,-19.7672819993979,0.0 -47.107461,-19.7668659993979,0.0 -47.107003,-19.7665389993979,0.0 -47.106495,-19.7662579993979,0.0 -47.106136,-19.7658179993979,0.0 -47.105801,-19.7653549993979,0.0 -47.105415,-19.7650289993979,0.0 -47.105007,-19.7645879993979,0.0 -47.104719,-19.764239999398,0.0 -47.10419,-19.763797999398,0.0 -47.103679,-19.763792999398,0.0 -47.103193,-19.763810999398,0.0 -47.102809,-19.763438999398,0.0 -47.102522,-19.762976999398,0.0 -47.10226,-19.762513999398,0.0 -47.101776,-19.762301999398,0.0 -47.101361,-19.762550999398,0.0 -47.1009,-19.762408999398,0.0 -47.100686,-19.762015999398,0.0 -47.100546,-19.761507999398,0.0 -47.100308,-19.761068999398,0.0 -47.099922,-19.760788999398,0.0 -47.099512,-19.760531999398,0.0 -47.099225,-19.7600919993981,0.0 -47.09906,-19.7596539993981,0.0 -47.098773,-19.7592139993981,0.0 -47.09834,-19.7588419993981,0.0 -47.097852,-19.7589749993981,0.0 -47.097317,-19.7590159993981,0.0 -47.09698,-19.7587129993981,0.0 -47.09657,-19.7584789993981,0.0 -47.096082,-19.7586359993981,0.0 -47.095574,-19.7584699993981,0.0 -47.095237,-19.7581439993981,0.0 -47.094976,-19.7575669993981,0.0 -47.094738,-19.7571039993981,0.0 -47.094377,-19.7568019993981,0.0 -47.093869,-19.7566589993981,0.0 -47.093409,-19.7564929993981,0.0 -47.092999,-19.7561669993982,0.0 -47.092713,-19.7556809993982,0.0 -47.092671,-19.7551289993982,0.0 -47.092651,-19.7546689993982,0.0 -47.09261,-19.7540469993982,0.0 -47.092518,-19.7534939993982,0.0 -47.092355,-19.7529179993982,0.0 -47.092117,-19.7524549993982,0.0 -47.091902,-19.7520619993983,0.0 -47.091639,-19.7516909993983,0.0 -47.091425,-19.7512519993983,0.0 -47.091188,-19.7507209993983,0.0 -47.090976,-19.7500979993983,0.0 -47.09091,-19.7494759993983,0.0 -47.090964,-19.7490399993983,0.0 -47.090995,-19.7484419993983,0.0 -47.090975,-19.7479819993984,0.0 -47.090835,-19.7475199993984,0.0 -47.091034,-19.7470159993984,0.0 -47.091404,-19.7465599993984,0.0 -47.091507,-19.7460319993984,0.0 -47.091096,-19.7458209993984,0.0 -47.090663,-19.7454709993984,0.0 -47.09018,-19.7451449993984,0.0 -47.089869,-19.7447509993984,0.0 -47.089462,-19.7441719993984,0.0 -47.0892,-19.7436859993985,0.0 -47.089254,-19.7432029993985,0.0 -47.089694,-19.7429319993985,0.0 -47.090062,-19.7426589993985,0.0 -47.090091,-19.7421769993985,0.0 -47.089828,-19.7418059993985,0.0 -47.089273,-19.7415009993985,0.0 -47.088669,-19.7412189993985,0.0 -47.08848,-19.7406889993985,0.0 -47.08795,-19.7402689993986,0.0 -47.087295,-19.7401709993986,0.0 -47.087072,-19.7405599993985,0.0 -47.086761,-19.7401659993986,0.0 -47.086523,-19.7396799993986,0.0 -47.086062,-19.7396299993986,0.0 -47.085526,-19.7397619993986,0.0 -47.085041,-19.7397349993986,0.0 -47.084606,-19.7395229993986,0.0 -47.084563,-19.7390399993986,0.0 -47.085102,-19.7386309993986,0.0 -47.085424,-19.7380589993986,0.0 -47.084989,-19.7378249993986,0.0 -47.084727,-19.7373619993986,0.0 -47.084926,-19.7369499993986,0.0 -47.085149,-19.7365149993987,0.0 -47.085376,-19.7357819993987,0.0 -47.085211,-19.7353429993987,0.0 -47.08524,-19.7348829993987,0.0 -47.084954,-19.7343969993987,0.0 -47.084837,-19.7339359993987,0.0 -47.084307,-19.7335629993987,0.0 -47.083873,-19.7332369993987,0.0 -47.083805,-19.7327989993987,0.0 -47.083909,-19.7322019993988,0.0 -47.083963,-19.7317189993988,0.0 -47.083823,-19.7311429993988,0.0 -47.083806,-19.7305219993988,0.0 -47.083884,-19.7300159993988,0.0 -47.084084,-19.7295579993988,0.0 -47.084457,-19.7287799993988,0.0 -47.084512,-19.7282049993989,0.0 -47.084419,-19.7277669993989,0.0 -47.084035,-19.7273499993989,0.0 -47.083944,-19.7267739993989,0.0 -47.084071,-19.7262919993989,0.0 -47.084082,-19.7252569993989,0.0 -47.083966,-19.7248189993989,0.0 -47.083898,-19.724334999399,0.0 -47.083954,-19.723691999399,0.0 -47.08379,-19.723160999399,0.0 -47.083551,-19.722743999399,0.0 -47.083362,-19.722282999399,0.0 -47.083633,-19.721916999399,0.0 -47.083785,-19.721412999399,0.0 -47.083644,-19.720973999399,0.0 -47.083258,-19.7206709993991,0.0 -47.082776,-19.7204139993991,0.0 -47.082171,-19.7201319993991,0.0 -47.081666,-19.7197359993991,0.0 -47.081353,-19.7194099993991,0.0 -47.081455,-19.7189739993991,0.0 -47.081776,-19.7185409993991,0.0 -47.08236,-19.7184309993991,0.0 -47.08268,-19.7180429993991,0.0 -47.082831,-19.7175849993991,0.0 -47.082862,-19.7170099993991,0.0 -47.082892,-19.7164809993992,0.0 -47.082921,-19.7160449993992,0.0 -47.082926,-19.7155619993992,0.0 -47.082907,-19.7151009993992,0.0 -47.082913,-19.7145719993992,0.0 -47.083066,-19.7139069993992,0.0 -47.083095,-19.7134469993992,0.0 -47.083101,-19.7129409993993,0.0 -47.082984,-19.7124799993993,0.0 -47.083111,-19.7120439993993,0.0 -47.082922,-19.7115359993993,0.0 -47.082854,-19.7110759993993,0.0 -47.082861,-19.7104549993993,0.0 -47.082964,-19.7099499993993,0.0 -47.082994,-19.7094209993993,0.0 -47.08295,-19.7089599993994,0.0 -47.082613,-19.7086579993994,0.0 -47.081601,-19.7080039993994,0.0 -47.081094,-19.7077229993994,0.0 -47.080586,-19.7074879993994,0.0 -47.080054,-19.7072529993994,0.0 -47.080084,-19.7068159993994,0.0 -47.080186,-19.7063109993994,0.0 -47.080264,-19.7058739993994,0.0 -47.080294,-19.7053459993994,0.0 -47.080275,-19.7049079993995,0.0 -47.079987,-19.7045609993995,0.0 -47.079797,-19.7041219993995,0.0 -47.079803,-19.7036389993995,0.0 -47.079784,-19.7031089993995,0.0 -47.079498,-19.7026469993995,0.0 -47.07926,-19.7022069993995,0.0 -47.078948,-19.7018589993995,0.0 -47.078687,-19.7013269993995,0.0 -47.078474,-19.7008419993996,0.0 -47.078188,-19.7003099993996,0.0 -47.077926,-19.6998249993996,0.0 -47.077689,-19.6992699993996,0.0 -47.077475,-19.6988769993996,0.0 -47.077116,-19.6984369993996,0.0 -47.076804,-19.6980419993996,0.0 -47.076421,-19.6976019993996,0.0 -47.075914,-19.6973439993997,0.0 -47.075356,-19.6972689993997,0.0 -47.072952,-19.6972449993997,0.0 -47.072466,-19.6972629993996,0.0 -47.071883,-19.6972809993997,0.0 -47.065957,-19.6972209993997,0.0 -47.064889,-19.6971649993997,0.0 -47.064405,-19.6970449993997,0.0 -47.063824,-19.6968319993997,0.0 -47.063342,-19.6965739993997,0.0 -47.062908,-19.6962479993997,0.0 -47.062572,-19.6958769993997,0.0 -47.0624622,-19.6955349993997,0.0 -47.062431,-19.6954379993997,0.0 -47.062315,-19.6949769993997,0.0 -47.062306,-19.6947124993997,0.0 -47.062297,-19.6944479993997,0.0 -47.06235,-19.6940109993997,0.0 -47.062622,-19.6935999993997,0.0 -47.063062,-19.6932819993998,0.0 -47.0636,-19.6929889993998,0.0 -47.063992,-19.6926699993998,0.0 -47.064409,-19.6923529993998,0.0 -47.064971,-19.6919669993998,0.0 -47.065339,-19.6916719993998,0.0 -47.065732,-19.6913079993998,0.0 -47.066147,-19.6910589993998,0.0 -47.066562,-19.6908559993998,0.0 -47.067026,-19.6906759993998,0.0 -47.067466,-19.6904049993998,0.0 -47.068321,-19.6899529993998,0.0 -47.068883,-19.6896829993998,0.0 -47.069323,-19.6894339993998,0.0 -47.069762,-19.6892319993999,0.0 -47.070275,-19.6889379993999,0.0 -47.070667,-19.6886429993999,0.0 -47.071255,-19.6881879993999,0.0 -47.071816,-19.6879869993999,0.0 -47.072304,-19.6877849993999,0.0 -47.072913,-19.6876069993999,0.0 -47.073352,-19.6874269993999,0.0 -47.073865,-19.6871789993999,0.0 -47.074425,-19.6870009993999,0.0 -47.075008,-19.6869609993999,0.0 -47.075517,-19.6870809993999,0.0 -47.076078,-19.6869019993999,0.0 -47.076184,-19.6868650993999,0.0 -47.077492,-19.6864099993999,0.0 -47.078077,-19.6861859993999,0.0 -47.078516,-19.6859829993999,0.0 -47.079005,-19.6856889993999,0.0 -47.079542,-19.6854869993999,0.0 -47.080273,-19.6852189994,0.0 -47.080859,-19.6849709994,0.0 -47.08142,-19.6847009994,0.0 -47.081813,-19.6843369994,0.0 -47.082133,-19.6839719994,0.0 -47.082597,-19.6837459994,0.0 -47.083158,-19.6834989994,0.0 -47.083719,-19.6832979994,0.0 -47.084207,-19.6830489994,0.0 -47.08467,-19.6828929994,0.0 -47.085182,-19.6827599994,0.0 -47.085694,-19.6825579994,0.0 -47.086255,-19.6823099994,0.0 -47.08684,-19.6820859994,0.0 -47.087401,-19.6818849994,0.0 -47.088107,-19.6817309994,0.0 -47.088838,-19.6815079994001,0.0 -47.089301,-19.6813739994001,0.0 -47.089788,-19.6812409994001,0.0 -47.090713,-19.6810199994001,0.0 -47.091443,-19.6808669994001,0.0 -47.092127,-19.6805739994001,0.0 -47.093297,-19.6801719994001,0.0 -47.094029,-19.6798339994001,0.0 -47.094542,-19.6795399994001,0.0 -47.095031,-19.6792689994001,0.0 -47.095519,-19.6790659994001,0.0 -47.095957,-19.6789099994001,0.0 -47.096591,-19.6786859994001,0.0 -47.097226,-19.6784159994001,0.0 -47.097835,-19.6782379994001,0.0 -47.098419,-19.6780599994001,0.0 -47.098906,-19.6779729994001,0.0 -47.099563,-19.6778179994001,0.0 -47.100148,-19.6776399994001,0.0 -47.100709,-19.6773919994002,0.0 -47.101294,-19.6772369994002,0.0 -47.101781,-19.6771039994002,0.0 -47.102267,-19.6770619994002,0.0 -47.103432,-19.6770739994002,0.0 -47.103919,-19.6769639994002,0.0 -47.104481,-19.6766469994002,0.0 -47.104897,-19.6763979994002,0.0 -47.105431,-19.6763799994002,0.0 -47.106063,-19.6763179994002,0.0 -47.106526,-19.6762299994002,0.0 -47.107206,-19.6761909994002,0.0 -47.107766,-19.6760809994002,0.0 -47.108302,-19.6759249994002,0.0 -47.108886,-19.6758159994002,0.0 -47.109662,-19.6759159994002,0.0 -47.110172,-19.6758289994002,0.0 -47.11078,-19.6757419994002,0.0 -47.111413,-19.6756109994002,0.0 -47.112167,-19.6755029994002,0.0 -47.112727,-19.6753929994002,0.0 -47.114527,-19.6750889994002,0.0 -47.115039,-19.6749559994002,0.0 -47.115501,-19.6748909994002,0.0 -47.116206,-19.6748059994002,0.0 -47.116887,-19.6746749994002,0.0 -47.117349,-19.6745869994002,0.0 -47.118103,-19.6745259994002,0.0 -47.118882,-19.6743259994002,0.0 -47.119297,-19.6740769994002,0.0 -47.119954,-19.6739679994002,0.0 -47.121605,-19.6739839994002,0.0 -47.122139,-19.6740129994002,0.0 -47.123036,-19.6741359994002,0.0 -47.123884,-19.6743749994002,0.0 -47.124415,-19.6746559994002,0.0 -47.125288,-19.6747789994002,0.0 -47.126088,-19.6748559994002,0.0 -47.1263785,-19.6749274994002,0.0 -47.126669,-19.6749989994002,0.0 -47.127299,-19.6751439994002,0.0 -47.12765,-19.6752504994002,0.0 -47.1278255,-19.6753036994002,0.0 -47.128001,-19.6753569994002,0.0 -47.128558,-19.6754779994002,0.0 -47.129503,-19.6756939994002,0.0 -47.130085,-19.6758139994002,0.0 -47.130884,-19.6759599994002,0.0 -47.131635,-19.6761739994002,0.0 -47.132484,-19.6762749994002,0.0 -47.133067,-19.6762569994002,0.0 -47.133748,-19.6761029994002,0.0 -47.134408,-19.6757179994002,0.0 -47.13521,-19.6756339994002,0.0 -47.135769,-19.6755929994002,0.0 -47.136378,-19.6754379994002,0.0 -47.137083,-19.6753529994002,0.0 -47.137788,-19.6752439994002,0.0 -47.138275,-19.6751569994002,0.0 -47.139053,-19.6750269994002,0.0 -47.13954,-19.6749389994002,0.0 -47.140075,-19.6748519994002,0.0 -47.140587,-19.6746729994002,0.0 -47.141123,-19.6744479994002,0.0 -47.141904,-19.6741339994002,0.0 -47.142463,-19.6740699994002,0.0 -47.143313,-19.6740549994002,0.0 -47.143896,-19.6740609994002,0.0 -47.144747,-19.6738849994002,0.0 -47.145576,-19.6736169994003,0.0 -47.145844,-19.6735274994003,0.0 -47.146112,-19.6734379994003,0.0 -47.1466,-19.6732129994003,0.0 -47.147575,-19.6728539994003,0.0 -47.148087,-19.6726519994003,0.0 -47.148601,-19.6723119994003,0.0 -47.149334,-19.6718589994003,0.0 -47.149919,-19.6716569994003,0.0 -47.150479,-19.6715249994003,0.0 -47.151211,-19.6712099994003,0.0 -47.151795,-19.6710079994003,0.0 -47.152381,-19.6707379994003,0.0 -47.15282,-19.6705579994003,0.0 -47.153333,-19.6703099994003,0.0 -47.153846,-19.6699929994003,0.0 -47.154408,-19.6696069994004,0.0 -47.1548,-19.6693349994004,0.0 -47.155119,-19.6690159994004,0.0 -47.155732,-19.6684229994004,0.0 -47.156052,-19.6680579994004,0.0 -47.1562235,-19.6678759994004,0.0 -47.156395,-19.6676939994004,0.0 -47.157178,-19.6671259994004,0.0 -47.158058,-19.6666049994004,0.0 -47.158937,-19.6661309994004,0.0 -47.1590301,-19.6660879994004,0.0 -47.159572,-19.6658379994004,0.0 -47.160182,-19.6655439994005,0.0 -47.160792,-19.6652279994005,0.0 -47.1615,-19.6648899994005,0.0 -47.16211,-19.6645739994005,0.0 -47.162477,-19.6643009994005,0.0 -47.162968,-19.6638459994005,0.0 -47.1630435,-19.6637292994005,0.0 -47.163412,-19.6631599994005,0.0 -47.163732,-19.6627719994005,0.0 -47.164221,-19.6624309994005,0.0 -47.164709,-19.6622289994005,0.0 -47.16544,-19.6619599994005,0.0 -47.166268,-19.6617149994006,0.0 -47.166731,-19.6615579994006,0.0 -47.167267,-19.6613559994006,0.0 -47.168096,-19.6610419994006,0.0 -47.168632,-19.6609089994006,0.0 -47.169289,-19.6607079994006,0.0 -47.169996,-19.6604619994006,0.0 -47.170483,-19.6603509994006,0.0 -47.170945,-19.6602639994006,0.0 -47.171747,-19.6601329994006,0.0 -47.173599,-19.6595529994006,0.0 -47.174207,-19.6594429994006,0.0 -47.174961,-19.6593129994006,0.0 -47.175448,-19.6592019994006,0.0 -47.17591,-19.6591369994006,0.0 -47.176517,-19.6591199994006,0.0 -47.177124,-19.6591489994006,0.0 -47.177585,-19.6591759994006,0.0 -47.178433,-19.6593449994006,0.0 -47.178894,-19.6593029994006,0.0 -47.179381,-19.6592389994006,0.0 -47.180012,-19.6592219994006,0.0 -47.180498,-19.6592269994006,0.0 -47.181153,-19.6592099994006,0.0 -47.181884,-19.6589859994006,0.0 -47.182641,-19.6585569994006,0.0 -47.183129,-19.6583309994006,0.0 -47.183836,-19.6580849994006,0.0 -47.184543,-19.6577459994007,0.0 -47.185007,-19.6575209994007,0.0 -47.185764,-19.6570909994007,0.0 -47.186227,-19.6569339994007,0.0 -47.186812,-19.6567319994007,0.0 -47.187422,-19.6564619994007,0.0 -47.188081,-19.6561229994007,0.0 -47.188909,-19.6558779994007,0.0 -47.189469,-19.6557219994007,0.0 -47.190126,-19.6555439994007,0.0 -47.190856,-19.6554129994007,0.0 -47.191367,-19.6552569994007,0.0 -47.191927,-19.6551469994007,0.0 -47.192777,-19.6551549994007,0.0 -47.193335,-19.6551369994007,0.0 -47.19409,-19.6549599994007,0.0 -47.194552,-19.6548489994007,0.0 -47.195137,-19.6546479994007,0.0 -47.195746,-19.6544009994007,0.0 -47.19638,-19.6541299994007,0.0 -47.196844,-19.6539279994008,0.0 -47.197577,-19.6534509994008,0.0 -47.198039,-19.6533409994008,0.0 -47.198769,-19.6531869994008,0.0 -47.199475,-19.6529859994008,0.0 -47.199939,-19.6528059994008,0.0 -47.20045,-19.6526269994008,0.0 -47.200962,-19.6524939994008,0.0 -47.201545,-19.6523839994008,0.0 -47.202665,-19.6521189994008,0.0 -47.203128,-19.6519849994008,0.0 -47.203614,-19.6518969994008,0.0 -47.204442,-19.6516749994008,0.0 -47.204929,-19.6515179994008,0.0 -47.205489,-19.6513169994008,0.0 -47.206049,-19.6512299994008,0.0 -47.206756,-19.6509139994008,0.0 -47.207415,-19.6505289994008,0.0 -47.208075,-19.6501669994009,0.0 -47.209195,-19.6497639994009,0.0 -47.210389,-19.6493379994009,0.0 -47.211363,-19.6490709994009,0.0 -47.212141,-19.6490319994009,0.0 -47.212677,-19.6488069994009,0.0 -47.213214,-19.6484899994009,0.0 -47.213703,-19.6481719994009,0.0 -47.214312,-19.6479709994009,0.0 -47.214873,-19.6477689994009,0.0 -47.215677,-19.6474309994009,0.0 -47.216335,-19.6472299994009,0.0 -47.216942,-19.6471439994009,0.0 -47.217575,-19.6470119994009,0.0 -47.218331,-19.6467199994009,0.0 -47.218793,-19.6465859994009,0.0 -47.219402,-19.6464299994009,0.0 -47.219864,-19.6462969994009,0.0 -47.220497,-19.6461179994009,0.0 -47.221472,-19.645804999401,0.0 -47.222032,-19.645626999401,0.0 -47.222641,-19.645424999401,0.0 -47.223224,-19.645337999401,0.0 -47.225482,-19.645358999401,0.0 -47.226091,-19.645180999401,0.0 -47.22653,-19.644977999401,0.0 -47.226945,-19.644681999401,0.0 -47.227433,-19.644479999401,0.0 -47.228138,-19.644416999401,0.0 -47.228744,-19.644422999401,0.0 -47.229279,-19.644358999401,0.0 -47.229863,-19.644202999401,0.0 -47.230617,-19.644140999401,0.0 -47.231273,-19.644077999401,0.0 -47.231735,-19.643966999401,0.0 -47.232198,-19.643786999401,0.0 -47.232759,-19.643561999401,0.0 -47.23315,-19.643266999401,0.0 -47.233615,-19.642925999401,0.0 -47.233958,-19.642606999401,0.0 -47.234212,-19.6421829994011,0.0 -47.2345393,-19.6414224994011,0.0 -47.2327199,-19.6403467994011,0.0 -47.2318883,-19.6399958994011,0.0 -47.2310543,-19.6399630994011,0.0 -47.2301666,-19.6400663994011,0.0 -47.2301382,-19.6400663994011,0.0 -47.2294483,-19.6399877994011,0.0 -47.2289441,-19.6397899994011,0.0 -47.2286304,-19.6394607994011,0.0 -47.2281485,-19.6389424994011,0.0 -47.2274962,-19.6386202994011,0.0 -47.226545,-19.6382949994012,0.0 -47.2258594,-19.6379314994012,0.0 -47.225375,-19.6376613994012,0.0 -47.2248449,-19.6375666994012,0.0 -47.2246081,-19.6375864994012,0.0 -47.2243712,-19.6376062994012,0.0 -47.2243568,-19.6376061994012,0.0 -47.2237522,-19.6378493994012,0.0 -47.2227614,-19.6384715994012,0.0 -47.2223168,-19.6387147994011,0.0 -47.2217939,-19.6387973994011,0.0 -47.22109,-19.6386369994011,0.0 -47.2203634,-19.6384073994011,0.0 -47.2199889,-19.6384206994011,0.0 -47.2195206,-19.6385831994011,0.0 -47.2191542,-19.6387744994011,0.0 -47.2188163,-19.6393515994011,0.0 -47.2187715,-19.6399218994011,0.0 -47.2189117,-19.6405799994011,0.0 -47.218912,-19.6410554994011,0.0 -47.2187216,-19.6414918994011,0.0 -47.218301,-19.6418463994011,0.0 -47.2178781,-19.6420441994011,0.0 -47.2173377,-19.6420748994011,0.0 -47.2169176,-19.6419876994011,0.0 -47.2165428,-19.6417480994011,0.0 -47.2163177,-19.6413538994011,0.0 -47.2162409,-19.6409167994011,0.0 -47.2164641,-19.6389799994011,0.0 -47.216553,-19.6382470994011,0.0 -47.2167749,-19.6374660994012,0.0 -47.2167863,-19.6369205994012,0.0 -47.2165907,-19.6363997994012,0.0 -47.2163527,-19.6360740994012,0.0 -47.2159139,-19.6358475994012,0.0 -47.2153653,-19.6357718994012,0.0 -47.2145943,-19.6358484994012,0.0 -47.2139354,-19.6360832994012,0.0 -47.2129655,-19.6365572994012,0.0 -47.2117976,-19.6369497994012,0.0 -47.2112863,-19.6369456994012,0.0 -47.2108757,-19.6368543994012,0.0 -47.2104578,-19.6365862994012,0.0 -47.2101631,-19.6361051994012,0.0 -47.210006,-19.6355359994012,0.0 -47.2100687,-19.6346407994012,0.0 -47.2102254,-19.6342315994013,0.0 -47.2105807,-19.6333867994013,0.0 -47.2115439,-19.6322538994013,0.0 -47.2121259,-19.6313742994013,0.0 -47.2124171,-19.6308986994013,0.0 -47.2124968,-19.6303799994014,0.0 -47.2123939,-19.6298568994014,0.0 -47.212394,-19.6293624994014,0.0 -47.2123932,-19.6290874994014,0.0 -47.2132741,-19.6277349994014,0.0 -47.2137058,-19.6272127994014,0.0 -47.2173311,-19.6255614994015,0.0 -47.2178142,-19.6253183994015,0.0 -47.2184895,-19.6247402994015,0.0 -47.2188832,-19.6245342994015,0.0 -47.2204832,-19.6239397994015,0.0 -47.2213011,-19.6236615994015,0.0 -47.2218362,-19.6235424994015,0.0 -47.2224772,-19.6234670994015,0.0 -47.222907,-19.6234537994015,0.0 -47.2233153,-19.6233030994015,0.0 -47.2238095,-19.6229705994015,0.0 -47.2240704,-19.6224084994016,0.0 -47.2246369,-19.6215765994016,0.0 -47.2251554,-19.6212290994016,0.0 -47.225881,-19.6211249994016,0.0 -47.2265985,-19.6210190994016,0.0 -47.2271367,-19.6209067994016,0.0 -47.2275401,-19.6207112994016,0.0 -47.2277512,-19.6204304994016,0.0 -47.227959,-19.6200558994016,0.0 -47.2281002,-19.6195894994016,0.0 -47.2279225,-19.6190765994016,0.0 -47.2277513,-19.6187695994016,0.0 -47.2273781,-19.6185240994017,0.0 -47.2270181,-19.6183228994017,0.0 -47.2266424,-19.6182916994017,0.0 -47.2259358,-19.6182760994017,0.0 -47.225355,-19.6182288994017,0.0 -47.2247176,-19.6181347994017,0.0 -47.2243079,-19.6181183994017,0.0 -47.2238402,-19.6182758994017,0.0 -47.2235386,-19.6185115994017,0.0 -47.223255,-19.6186839994017,0.0 -47.2228571,-19.6188072994016,0.0 -47.2221417,-19.6188543994017,0.0 -47.2211685,-19.6189350994017,0.0 -47.2205875,-19.6189381994016,0.0 -47.2201491,-19.6190017994016,0.0 -47.2194452,-19.6191950994016,0.0 -47.2192072,-19.6193122994016,0.0 -47.2189692,-19.6194295994016,0.0 -47.2184644,-19.6195245994016,0.0 -47.217916,-19.6195149994016,0.0 -47.2174003,-19.6192837994016,0.0 -47.2168083,-19.6187132994016,0.0 -47.216503,-19.6183598994017,0.0 -47.216209,-19.6180196994017,0.0 -47.2156939,-19.6173391994017,0.0 -47.2153684,-19.6166230994017,0.0 -47.2152847,-19.6159866994017,0.0 -47.215112,-19.6147658994018,0.0 -47.2150402,-19.6137937994018,0.0 -47.2149899,-19.6134705994018,0.0 -47.2147707,-19.6127594994018,0.0 -47.2145086,-19.6119628994018,0.0 -47.2142306,-19.6113151994018,0.0 -47.2139177,-19.6107048994019,0.0 -47.2131517,-19.6097211994019,0.0 -47.2128375,-19.6094305994019,0.0 -47.2123501,-19.6090895994019,0.0 -47.2117264,-19.6087949994019,0.0 -47.211148,-19.6084058994019,0.0 -47.210724,-19.6080484994019,0.0 -47.2101495,-19.6072949994019,0.0 -47.2097385,-19.606558199402,0.0 -47.209562,-19.606235899402,0.0 -47.2095227,-19.606164099402,0.0 -47.2093413,-19.605305999402,0.0 -47.2093942,-19.604046099402,0.0 -47.2096151,-19.5999567994021,0.0 -47.2096692,-19.5987410994022,0.0 -47.2096328,-19.5982594994022,0.0 -47.2092185,-19.5975640994022,0.0 -47.2085912,-19.5966231994022,0.0 -47.2084648,-19.5964336994022,0.0 -47.2081615,-19.5957952994022,0.0 -47.2079864,-19.5950461994022,0.0 -47.207962,-19.5949421994023,0.0 -47.2077679,-19.5940988994023,0.0 -47.2069005,-19.5903305994024,0.0 -47.2066771,-19.5897130994024,0.0 -47.2064441,-19.5892972994024,0.0 -47.2060497,-19.5889804994024,0.0 -47.2051981,-19.5885796994024,0.0 -47.2045852,-19.5882605994024,0.0 -47.2038568,-19.5876368994024,0.0 -47.2022235,-19.5841296994025,0.0 -47.2016578,-19.5828644994026,0.0 -47.2014939,-19.5824980994026,0.0 -47.2010862,-19.5819363994026,0.0 -47.2004126,-19.5813778994026,0.0 -47.2001798,-19.5811318994026,0.0 -47.199947,-19.5808858994026,0.0 -47.1985812,-19.5783174994027,0.0 -47.1981322,-19.5776714994027,0.0 -47.1975539,-19.5769387994027,0.0 -47.1969037,-19.5760694994027,0.0 -47.1961978,-19.5751776994028,0.0 -47.1960164,-19.5748115994028,0.0 -47.1959415,-19.5743633994028,0.0 -47.1959745,-19.5736084994028,0.0 -47.1960093,-19.5732834994028,0.0 -47.1959925,-19.5729095994028,0.0 -47.195663,-19.5722776994028,0.0 -47.1956454,-19.5722438994028,0.0 -47.1953384,-19.5716321994029,0.0 -47.1952662,-19.5713605994029,0.0 -47.195268,-19.5708330994029,0.0 -47.1958549,-19.5685225994029,0.0 -47.1959429,-19.5679310994029,0.0 -47.195962,-19.567571099403,0.0 -47.1959081,-19.567178199403,0.0 -47.1956715,-19.566909199403,0.0 -47.1951997,-19.566575499403,0.0 -47.1938094,-19.565652999403,0.0 -47.1924785,-19.564836399403,0.0 -47.1918924,-19.564635699403,0.0 -47.1913825,-19.564518799403,0.0 -47.1903107,-19.564353599403,0.0 -47.1892214,-19.564142399403,0.0 -47.1882104,-19.563930399403,0.0 -47.1875455,-19.5636797994031,0.0 -47.1867384,-19.5632760994031,0.0 -47.185968,-19.5627373994031,0.0 -47.1851365,-19.5618664994031,0.0 -47.184385,-19.5607364994031,0.0 -47.1838977,-19.5598097994032,0.0 -47.1833184,-19.5585418994032,0.0 -47.1830132,-19.5583059994032,0.0 -47.1824521,-19.5581063994032,0.0 -47.1807091,-19.5574387994032,0.0 -47.178794,-19.5566920994032,0.0 -47.1785099,-19.5565226994032,0.0 -47.1780117,-19.5562860994032,0.0 -47.1749353,-19.5541609994033,0.0 -47.1737163,-19.5530403994033,0.0 -47.1720489,-19.5513913994034,0.0 -47.1708129,-19.5498136994034,0.0 -47.169818,-19.5485611994034,0.0 -47.1684869,-19.5467122994035,0.0 -47.168115,-19.5462609994035,0.0 -47.167985,-19.5461542994035,0.0 -47.167855,-19.5460475994035,0.0 -47.1675617,-19.5458815994035,0.0 -47.1671625,-19.5457790994035,0.0 -47.1642386,-19.5452051994035,0.0 -47.1635469,-19.5451104994035,0.0 -47.1631126,-19.5449533994035,0.0 -47.1626507,-19.5446633994035,0.0 -47.1621403,-19.5441293994036,0.0 -47.1608171,-19.5427635994036,0.0 -47.1600985,-19.5423467994036,0.0 -47.1597333,-19.5422123994036,0.0 -47.1592965,-19.5420935994036,0.0 -47.1570449,-19.5421148994036,0.0 -47.1563169,-19.5422599994036,0.0 -47.155607,-19.5427026994036,0.0 -47.1550623,-19.5432739994036,0.0 -47.1545366,-19.5438769994036,0.0 -47.1542112,-19.5442049994036,0.0 -47.1539303,-19.5443760994036,0.0 -47.1536494,-19.5445471994035,0.0 -47.1519744,-19.5451944994035,0.0 -47.1509402,-19.5454842994035,0.0 -47.1506106,-19.5454486994035,0.0 -47.15016,-19.5453980994035,0.0 -47.1498901,-19.5452620994035,0.0 -47.1494555,-19.5448513994035,0.0 -47.1492199,-19.5444747994035,0.0 -47.149077,-19.5437890994036,0.0 -47.1489125,-19.5423869994036,0.0 -47.1486399,-19.5417220994036,0.0 -47.1482783,-19.5411520994036,0.0 -47.1480063,-19.5408204994036,0.0 -47.1473326,-19.5404730994037,0.0 -47.1460787,-19.5400326994037,0.0 -47.1451262,-19.5393726994037,0.0 -47.1444529,-19.5387038994037,0.0 -47.1424136,-19.5369603994037,0.0 -47.1417967,-19.5364626994037,0.0 -47.1413064,-19.5359158994038,0.0 -47.1407625,-19.5355819994038,0.0 -47.140308,-19.5354196994038,0.0 -47.1397973,-19.5352713994038,0.0 -47.1392498,-19.5353038994038,0.0 -47.1386131,-19.5354312994038,0.0 -47.1384154,-19.5355387994038,0.0 -47.1381878,-19.5356511994038,0.0 -47.1380273,-19.5357340994038,0.0 -47.1377982,-19.5358967994038,0.0 -47.1374913,-19.5361337994038,0.0 -47.1372067,-19.5365201994037,0.0 -47.1369221,-19.5369066994037,0.0 -47.1344938,-19.5403271994037,0.0 -47.1310825,-19.5451627994035,0.0 -47.1306391,-19.5456666994035,0.0 -47.1306206,-19.5456841994035,0.0 -47.1297164,-19.5461163994035,0.0 -47.1277752,-19.5470547994035,0.0 -47.1268305,-19.5476280994035,0.0 -47.1262943,-19.5483074994034,0.0 -47.1248303,-19.5522262994033,0.0 -47.1239568,-19.5546709994033,0.0 -47.1233291,-19.5554391994033,0.0 -47.1223493,-19.5562431994033,0.0 -47.1205472,-19.5575567994032,0.0 -47.1193201,-19.5581184994032,0.0 -47.1185213,-19.5582103994032,0.0 -47.11676,-19.5584108994032,0.0 -47.113016,-19.5588368994032,0.0 -47.111157,-19.5590495994032,0.0 -47.1104703,-19.5590454994032,0.0 -47.1099511,-19.5588419994032,0.0 -47.1095904,-19.5584551994032,0.0 -47.1092205,-19.5577515994032,0.0 -47.1089616,-19.5570615994032,0.0 -47.1087673,-19.5567250994032,0.0 -47.1085627,-19.5564953994032,0.0 -47.1081941,-19.5562965994032,0.0 -47.1076569,-19.5562062994033,0.0 -47.1071436,-19.5563440994032,0.0 -47.104445,-19.5578627994032,0.0 -47.101978,-19.5593659994032,0.0 -47.1013938,-19.5596113994032,0.0 -47.1007181,-19.5596642994032,0.0 -47.0997605,-19.5598043994032,0.0 -47.0991408,-19.5599805994031,0.0 -47.0984097,-19.5603674994031,0.0 -47.0978862,-19.5609122994031,0.0 -47.0972519,-19.5613849994031,0.0 -47.0968027,-19.5615253994031,0.0 -47.0960757,-19.5615574994031,0.0 -47.0954003,-19.5613995994031,0.0 -47.0946441,-19.5611737994031,0.0 -47.0943612,-19.5612095994031,0.0 -47.0938512,-19.5613699994031,0.0 -47.0934908,-19.5614774994031,0.0 -47.0928764,-19.5620928994031,0.0 -47.0921404,-19.5630222994031,0.0 -47.0914501,-19.563868699403,0.0 -47.0907637,-19.564296999403,0.0 -47.0902486,-19.564422899403,0.0 -47.0892869,-19.564461299403,0.0 -47.0868461,-19.564337499403,0.0 -47.0854003,-19.564125199403,0.0 -47.0841143,-19.5638102994031,0.0 -47.0819175,-19.5633285994031,0.0 -47.0815543,-19.5632016994031,0.0 -47.0807538,-19.5628591994031,0.0 -47.0799356,-19.5624095994031,0.0 -47.0795167,-19.5620501994031,0.0 -47.0792113,-19.5617441994031,0.0 -47.0790772,-19.5612758994031,0.0 -47.0790575,-19.5607165994031,0.0 -47.0791721,-19.5602293994031,0.0 -47.0795342,-19.5598459994032,0.0 -47.0807064,-19.5588019994032,0.0 -47.0810348,-19.5584181994032,0.0 -47.0812107,-19.5579192994032,0.0 -47.0813887,-19.5568322994032,0.0 -47.081529,-19.5556651994033,0.0 -47.0813772,-19.5546984994033,0.0 -47.0811277,-19.5535776994033,0.0 -47.0809139,-19.5530999994033,0.0 -47.0804668,-19.5523426994033,0.0 -47.0799007,-19.5517844994034,0.0 -47.0793132,-19.5514108994034,0.0 -47.0784495,-19.5512581994034,0.0 -47.0781755,-19.5512956994034,0.0 -47.0778041,-19.5513522994034,0.0 -47.0771288,-19.5517123994034,0.0 -47.0766384,-19.5522312994033,0.0 -47.0761426,-19.5529508994033,0.0 -47.0760039,-19.5532838994033,0.0 -47.0760742,-19.5537499994033,0.0 -47.0760791,-19.5543785994033,0.0 -47.0761677,-19.5552283994033,0.0 -47.0760051,-19.5557100994033,0.0 -47.0757523,-19.5559125994033,0.0 -47.0754079,-19.5561500994032,0.0 -47.0748614,-19.5562410994032,0.0 -47.0744159,-19.5562393994032,0.0 -47.0739939,-19.5560752994032,0.0 -47.0735125,-19.5557994994033,0.0 -47.0730927,-19.5556148994033,0.0 -47.0726769,-19.5553569994033,0.0 -47.0723597,-19.5550408994033,0.0 -47.072101,-19.5546130994033,0.0 -47.071994,-19.5542219994033,0.0 -47.0721476,-19.5531974994033,0.0 -47.0725968,-19.5509206994034,0.0 -47.0727256,-19.5502769994034,0.0 -47.0726849,-19.5498818994034,0.0 -47.072497,-19.5495377994034,0.0 -47.0721736,-19.5491581994034,0.0 -47.0718332,-19.5490064994034,0.0 -47.0713174,-19.5489325994034,0.0 -47.0708953,-19.5487080994034,0.0 -47.0705998,-19.5485008994034,0.0 -47.070371,-19.5481618994034,0.0 -47.0702535,-19.5479163994035,0.0 -47.0701617,-19.5472913994035,0.0 -47.0700152,-19.5467773994035,0.0 -47.0696866,-19.5463981994035,0.0 -47.0692645,-19.5461318994035,0.0 -47.0688883,-19.5460726994035,0.0 -47.0683086,-19.5460323994035,0.0 -47.0678626,-19.5459755994035,0.0 -47.0673652,-19.5457247994035,0.0 -47.0665134,-19.5451595994035,0.0 -47.0656909,-19.5447273994035,0.0 -47.0652875,-19.5445680994035,0.0 -47.0648577,-19.5445696994035,0.0 -47.0643463,-19.5447257994035,0.0 -47.063878,-19.5448960994035,0.0 -47.0634708,-19.5450832994035,0.0 -47.0632051,-19.5453886994035,0.0 -47.0630821,-19.5456939994035,0.0 -47.0630612,-19.5460962994035,0.0 -47.063407,-19.5481644994035,0.0 -47.0633045,-19.5484939994034,0.0 -47.0630162,-19.5491536994034,0.0 -47.0623154,-19.5503926994034,0.0 -47.0619219,-19.5507670994034,0.0 -47.0614038,-19.5511019994034,0.0 -47.0608384,-19.5510947994034,0.0 -47.0600395,-19.5510485994034,0.0 -47.0597285,-19.5510471994034,0.0 -47.0598867,-19.5506048994034,0.0 -47.0600712,-19.5500036994034,0.0 -47.060117,-19.5487269994034,0.0 -47.060318,-19.5480849994035,0.0 -47.060517,-19.5476499994035,0.0 -47.06079,-19.5471239994035,0.0 -47.060926,-19.5468834994035,0.0 -47.060994,-19.5467631994035,0.0 -47.061062,-19.5466429994035,0.0 -47.060947,-19.5461129994035,0.0 -47.060611,-19.5457419994035,0.0 -47.0605285,-19.5455339994035,0.0 -47.060446,-19.5453259994035,0.0 -47.060789,-19.5450299994035,0.0 -47.060527,-19.5446369994035,0.0 -47.060043,-19.5444939994035,0.0 -47.059293,-19.5442789994036,0.0 -47.058735,-19.5442509994035,0.0 -47.05813,-19.5441749994036,0.0 -47.057672,-19.5438489994036,0.0 -47.057238,-19.5436829994036,0.0 -47.056777,-19.5436559994036,0.0 -47.056292,-19.5436279994036,0.0 -47.055712,-19.5433689994036,0.0 -47.055402,-19.5429519994036,0.0 -47.054896,-19.5426469994036,0.0 -47.054359,-19.5428949994036,0.0 -47.053851,-19.5427749994036,0.0 -47.053686,-19.5423359994036,0.0 -47.053203,-19.5421239994036,0.0 -47.052716,-19.5422799994036,0.0 -47.052281,-19.5420919994036,0.0 -47.051898,-19.5416969994036,0.0 -47.051636,-19.5412109994036,0.0 -47.051227,-19.5408849994036,0.0 -47.050719,-19.5408109994036,0.0 -47.050211,-19.5406679994036,0.0 -47.049726,-19.5405939994036,0.0 -47.04912,-19.5406109994036,0.0 -47.048609,-19.5406739994036,0.0 -47.047929,-19.5407359994036,0.0 -47.047538,-19.5409849994036,0.0 -47.046953,-19.5412559994036,0.0 -47.046468,-19.5412509994036,0.0 -47.045959,-19.5411299994036,0.0 -47.045499,-19.5410799994036,0.0 -47.044962,-19.5413269994036,0.0 -47.044667,-19.5416689994036,0.0 -47.044252,-19.5418949994036,0.0 -47.043741,-19.5420509994036,0.0 -47.043281,-19.5419539994036,0.0 -47.042654,-19.5416259994036,0.0 -47.0421,-19.5412979994036,0.0 -47.0414,-19.5408999994036,0.0 -47.040943,-19.5405499994036,0.0 -47.040656,-19.5402019994037,0.0 -47.040129,-19.5396449994037,0.0 -47.039647,-19.5393179994037,0.0 -47.039142,-19.5389219994037,0.0 -47.039002,-19.5384829994037,0.0 -47.038935,-19.5379299994037,0.0 -47.038965,-19.5374249994037,0.0 -47.038993,-19.5371029994037,0.0 -47.039021,-19.5367809994037,0.0 -47.038954,-19.5362509994038,0.0 -47.039153,-19.5358389994038,0.0 -47.039522,-19.5353829994038,0.0 -47.039963,-19.5349959994038,0.0 -47.039897,-19.5344439994038,0.0 -47.039463,-19.5341629994038,0.0 -47.03898,-19.5340199994038,0.0 -47.039009,-19.5335599994038,0.0 -47.038844,-19.5330989994038,0.0 -47.038336,-19.5329789994038,0.0 -47.037896,-19.5332499994038,0.0 -47.037266,-19.5332439994038,0.0 -47.036808,-19.5329399994038,0.0 -47.036305,-19.5324059994039,0.0 -47.036074,-19.5324264994039,0.0 -47.035843,-19.5324469994039,0.0 -47.0355,-19.5327419994038,0.0 -47.035067,-19.5324619994039,0.0 -47.035145,-19.5320029994039,0.0 -47.034809,-19.5316309994039,0.0 -47.03445,-19.5312359994039,0.0 -47.034748,-19.5306639994039,0.0 -47.035285,-19.5303249994039,0.0 -47.035607,-19.5299368994039,0.0 -47.035777,-19.5297319994039,0.0 -47.0358799,-19.5295418994039,0.0 -47.036,-19.5293199994039,0.0 -47.036129,-19.5286999994039,0.0 -47.036306,-19.528034999404,0.0 -47.036167,-19.527504999404,0.0 -47.035978,-19.527042999404,0.0 -47.035715,-19.526648999404,0.0 -47.035696,-19.526211999404,0.0 -47.03592,-19.525707999404,0.0 -47.036383,-19.525573999404,0.0 -47.036869,-19.525440999404,0.0 -47.037475,-19.525562999404,0.0 -47.037835,-19.525841999404,0.0 -47.038244,-19.526145999404,0.0 -47.038679,-19.526333999404,0.0 -47.039288,-19.526086999404,0.0 -47.039559,-19.525721999404,0.0 -47.039834,-19.525057999404,0.0 -47.040057,-19.5245769994041,0.0 -47.040088,-19.5240709994041,0.0 -47.040215,-19.5235429994041,0.0 -47.040463,-19.5230399994041,0.0 -47.040952,-19.5227459994041,0.0 -47.041784,-19.5220639994041,0.0 -47.042516,-19.5217269994041,0.0 -47.043077,-19.5214559994041,0.0 -47.043881,-19.5211889994041,0.0 -47.043861,-19.5207509994042,0.0 -47.043525,-19.5204489994042,0.0 -47.04302,-19.5200989994042,0.0 -47.042563,-19.5197489994042,0.0 -47.042103,-19.5196059994042,0.0 -47.041596,-19.5193939994042,0.0 -47.041309,-19.5190229994042,0.0 -47.0409,-19.5187199994042,0.0 -47.040663,-19.5183029994042,0.0 -47.040619,-19.5178429994042,0.0 -47.040649,-19.5174059994042,0.0 -47.040654,-19.5169459994043,0.0 -47.040367,-19.5165749994043,0.0 -47.040179,-19.5160669994043,0.0 -47.040184,-19.5155609994043,0.0 -47.040215,-19.5150089994043,0.0 -47.040221,-19.5144799994043,0.0 -47.040299,-19.5139749994043,0.0 -47.040354,-19.5134459994043,0.0 -47.040432,-19.5129869994044,0.0 -47.040414,-19.5124349994044,0.0 -47.04008,-19.5119709994044,0.0 -47.039793,-19.5116229994044,0.0 -47.039554,-19.5112299994044,0.0 -47.039271,-19.5105829994044,0.0 -47.038912,-19.5101189994044,0.0 -47.038601,-19.5097479994044,0.0 -47.038315,-19.5092849994044,0.0 -47.037958,-19.5086829994045,0.0 -47.037453,-19.5083329994045,0.0 -47.036946,-19.5080519994045,0.0 -47.036415,-19.5078159994045,0.0 -47.036005,-19.5076049994045,0.0 -47.035477,-19.5071629994045,0.0 -47.035044,-19.5067899994045,0.0 -47.034421,-19.5061859994045,0.0 -47.03406,-19.5058829994045,0.0 -47.033653,-19.5053959994045,0.0 -47.033147,-19.5051599994046,0.0 -47.032761,-19.5049029994046,0.0 -47.03223,-19.5047139994046,0.0 -47.031672,-19.5046849994046,0.0 -47.031107,-19.5053229994045,0.0 -47.030712,-19.5058939994045,0.0 -47.030392,-19.5063509994045,0.0 -47.030071,-19.5068309994045,0.0 -47.029556,-19.5072629994045,0.0 -47.029095,-19.5072809994045,0.0 -47.028586,-19.5072529994045,0.0 -47.028152,-19.5070409994045,0.0 -47.028036,-19.5065339994045,0.0 -47.027411,-19.5061129994045,0.0 -47.026901,-19.5061079994045,0.0 -47.026491,-19.5058969994045,0.0 -47.025912,-19.5056379994045,0.0 -47.025379,-19.5055629994045,0.0 -47.024842,-19.5058339994045,0.0 -47.024401,-19.5062429994045,0.0 -47.023889,-19.5064449994045,0.0 -47.02328,-19.5066919994045,0.0 -47.022719,-19.5069619994045,0.0 -47.022112,-19.5069789994045,0.0 -47.021313,-19.5068789994045,0.0 -47.020707,-19.5068259994045,0.0 -47.020152,-19.5065449994045,0.0 -47.020014,-19.5058989994045,0.0 -47.020653,-19.5051699994046,0.0 -47.020902,-19.5046429994046,0.0 -47.020932,-19.5041139994046,0.0 -47.020743,-19.5036749994046,0.0 -47.02036,-19.5032109994046,0.0 -47.020366,-19.5027049994046,0.0 -47.020469,-19.5022459994046,0.0 -47.020788,-19.5018579994046,0.0 -47.021012,-19.5013779994046,0.0 -47.020799,-19.5008919994047,0.0 -47.020366,-19.5006349994047,0.0 -47.019962,-19.4998879994047,0.0 -47.020029,-19.4993809994047,0.0 -47.020217,-19.4989649994047,0.0 -47.020479,-19.4985709994047,0.0 -47.020135,-19.4982759994047,0.0 -47.0203,-19.4978599994047,0.0 -47.020341,-19.4973529994048,0.0 -47.02075,-19.4970719994048,0.0 -47.021108,-19.4966309994048,0.0 -47.021272,-19.4961919994048,0.0 -47.021631,-19.4958199994048,0.0 -47.021942,-19.4954709994048,0.0 -47.022106,-19.4950319994048,0.0 -47.022319,-19.4946389994048,0.0 -47.02241,-19.4942009994048,0.0 -47.022427,-19.4936249994049,0.0 -47.022396,-19.4931659994049,0.0 -47.021981,-19.4929409994049,0.0 -47.021902,-19.4925049994049,0.0 -47.021606,-19.4921169994049,0.0 -47.021095,-19.4919619994049,0.0 -47.020858,-19.4923789994049,0.0 -47.020597,-19.4928189994049,0.0 -47.020111,-19.4927789994049,0.0 -47.019679,-19.4931059994049,0.0 -47.01912,-19.4929979994049,0.0 -47.019017,-19.4925389994049,0.0 -47.018508,-19.4925449994049,0.0 -47.018047,-19.4925959994049,0.0 -47.017688,-19.4929229994049,0.0 -47.017645,-19.4933829994049,0.0 -47.017628,-19.4938889994048,0.0 -47.017143,-19.4939179994048,0.0 -47.016585,-19.4939249994048,0.0 -47.016146,-19.4936999994048,0.0 -47.016067,-19.4932639994049,0.0 -47.015892,-19.4928519994049,0.0 -47.01562,-19.4924409994049,0.0 -47.015324,-19.4920999994049,0.0 -47.014694,-19.4921069994049,0.0 -47.014236,-19.4923419994049,0.0 -47.013727,-19.4923709994049,0.0 -47.0136,-19.4919359994049,0.0 -47.0134,-19.4914319994049,0.0 -47.013152,-19.4910439994049,0.0 -47.012785,-19.4907729994049,0.0 -47.012393,-19.4904779994049,0.0 -47.012265,-19.4900199994049,0.0 -47.012259,-19.4895139994049,0.0 -47.012227,-19.488961999405,0.0 -47.011764,-19.488783999405,0.0 -47.011404,-19.489086999405,0.0 -47.011071,-19.4895739994049,0.0 -47.010588,-19.489739999405,0.0 -47.010082,-19.4899299994049,0.0 -47.00982,-19.4903019994049,0.0 -47.009509,-19.4906499994049,0.0 -47.009046,-19.4905179994049,0.0 -47.009016,-19.4900809994049,0.0 -47.008768,-19.4896699994049,0.0 -47.008884,-19.489208999405,0.0 -47.009194,-19.488859999405,0.0 -47.00953,-19.488556999405,0.0 -47.00984,-19.488184999405,0.0 -47.010077,-19.487744999405,0.0 -47.010239,-19.487168999405,0.0 -47.010354,-19.486683999405,0.0 -47.010738,-19.486334999405,0.0 -47.011194,-19.486029999405,0.0 -47.011725,-19.485816999405,0.0 -47.01206,-19.4854449994051,0.0 -47.012493,-19.4852099994051,0.0 -47.012755,-19.4848159994051,0.0 -47.012773,-19.4843099994051,0.0 -47.012693,-19.4838049994051,0.0 -47.012906,-19.4833879994051,0.0 -47.013167,-19.4829479994051,0.0 -47.01338,-19.4825539994051,0.0 -47.013544,-19.4820919994051,0.0 -47.013562,-19.4816089994051,0.0 -47.013548,-19.4805509994052,0.0 -47.013396,-19.4800929994052,0.0 -47.013173,-19.4797049994052,0.0 -47.013045,-19.4792229994052,0.0 -47.01299,-19.4786719994052,0.0 -47.013226,-19.4782319994052,0.0 -47.013831,-19.4781099994052,0.0 -47.01434,-19.4781039994052,0.0 -47.014823,-19.4779139994053,0.0 -47.015256,-19.4777019994053,0.0 -47.015741,-19.4776269994053,0.0 -47.016199,-19.4774839994053,0.0 -47.016607,-19.4771109994053,0.0 -47.017064,-19.4768299994053,0.0 -47.017547,-19.4766629994053,0.0 -47.018103,-19.4765409994053,0.0 -47.018634,-19.4763509994053,0.0 -47.019067,-19.4760929994053,0.0 -47.019378,-19.4757439994053,0.0 -47.019859,-19.4754629994053,0.0 -47.020346,-19.4755949994053,0.0 -47.020546,-19.4760529994053,0.0 -47.020697,-19.4765109994053,0.0 -47.021159,-19.4765739994053,0.0 -47.021493,-19.4761559994053,0.0 -47.021828,-19.4757839994053,0.0 -47.022237,-19.4755719994053,0.0 -47.02211,-19.4751369994053,0.0 -47.021813,-19.4747039994053,0.0 -47.021855,-19.4741739994053,0.0 -47.02197,-19.4736899994054,0.0 -47.022037,-19.4732519994054,0.0 -47.02203,-19.4727689994054,0.0 -47.022049,-19.4723319994054,0.0 -47.022042,-19.4718029994054,0.0 -47.021866,-19.4713679994054,0.0 -47.021498,-19.4710499994054,0.0 -47.021036,-19.4709409994054,0.0 -47.020861,-19.4705289994054,0.0 -47.020927,-19.4699759994055,0.0 -47.020848,-19.4695169994055,0.0 -47.020624,-19.4691059994055,0.0 -47.020449,-19.4686709994055,0.0 -47.02071,-19.4682759994055,0.0 -47.021119,-19.4680419994055,0.0 -47.021628,-19.4679899994055,0.0 -47.02216,-19.4678679994055,0.0 -47.022642,-19.4676559994055,0.0 -47.02327,-19.4674869994055,0.0 -47.023777,-19.4672969994055,0.0 -47.024331,-19.4670149994055,0.0 -47.024838,-19.4668709994055,0.0 -47.025321,-19.4666809994055,0.0 -47.025951,-19.4666269994055,0.0 -47.026435,-19.4665759994055,0.0 -47.026917,-19.4663629994055,0.0 -47.027202,-19.4659219994055,0.0 -47.027513,-19.4655969994056,0.0 -47.027998,-19.4655679994056,0.0 -47.028506,-19.4654699994056,0.0 -47.028742,-19.4649839994056,0.0 -47.029053,-19.4646579994056,0.0 -47.029277,-19.4651389994056,0.0 -47.029647,-19.4655479994056,0.0 -47.030107,-19.4655199994056,0.0 -47.030567,-19.4654449994056,0.0 -47.030976,-19.4652339994056,0.0 -47.031262,-19.4648849994056,0.0 -47.031305,-19.4644479994056,0.0 -47.031518,-19.4640539994056,0.0 -47.031957,-19.4642559994056,0.0 -47.032396,-19.4644119994056,0.0 -47.032933,-19.4646579994056,0.0 -47.033372,-19.4648829994056,0.0 -47.033929,-19.4648069994056,0.0 -47.033922,-19.4642789994056,0.0 -47.033744,-19.4636829994056,0.0 -47.033859,-19.4631979994056,0.0 -47.034344,-19.4631689994056,0.0 -47.034832,-19.4634399994056,0.0 -47.034911,-19.4638759994056,0.0 -47.035063,-19.4644259994056,0.0 -47.035524,-19.4644429994056,0.0 -47.036033,-19.4643679994056,0.0 -47.036464,-19.4639949994056,0.0 -47.036652,-19.4635559994056,0.0 -47.036695,-19.4631179994056,0.0 -47.036518,-19.4625459994056,0.0 -47.036389,-19.4619489994057,0.0 -47.036069,-19.4615849994057,0.0 -47.035583,-19.4615449994057,0.0 -47.035264,-19.4612259994057,0.0 -47.035476,-19.4607869994057,0.0 -47.035688,-19.4603239994057,0.0 -47.035585,-19.4598889994057,0.0 -47.035289,-19.4595009994057,0.0 -47.035017,-19.4591129994057,0.0 -47.034793,-19.4586559994057,0.0 -47.0344,-19.4582929994057,0.0 -47.034128,-19.4578589994058,0.0 -47.034241,-19.4572829994058,0.0 -47.033993,-19.4568719994058,0.0 -47.03353,-19.4566469994058,0.0 -47.033068,-19.4565609994058,0.0 -47.032459,-19.4563379994058,0.0 -47.031827,-19.4562299994058,0.0 -47.031318,-19.4562129994058,0.0 -47.030736,-19.4562199994058,0.0 -47.030226,-19.4561569994058,0.0 -47.029787,-19.4559789994058,0.0 -47.029348,-19.4558229994058,0.0 -47.028888,-19.4558739994058,0.0 -47.028379,-19.4558799994058,0.0 -47.028059,-19.4555389994058,0.0 -47.02786,-19.4551279994058,0.0 -47.027392,-19.4545809994058,0.0 -47.027337,-19.4541219994059,0.0 -47.027354,-19.4535239994059,0.0 -47.027492,-19.4529699994059,0.0 -47.027729,-19.4525529994059,0.0 -47.028137,-19.4522029994059,0.0 -47.028396,-19.4516479994059,0.0 -47.028123,-19.4511679994059,0.0 -47.027707,-19.4508739994059,0.0 -47.0275711,-19.4506691994059,0.0 -47.027435,-19.450463999406,0.0 -47.027403,-19.449934999406,0.0 -47.02713,-19.449431999406,0.0 -47.026689,-19.449045999406,0.0 -47.026229,-19.449143999406,0.0 -47.025886,-19.448848999406,0.0 -47.025589,-19.448414999406,0.0 -47.025102,-19.448236999406,0.0 -47.024889,-19.448676999406,0.0 -47.02431,-19.448844999406,0.0 -47.023799,-19.448758999406,0.0 -47.023288,-19.448580999406,0.0 -47.022854,-19.448746999406,0.0 -47.022367,-19.448637999406,0.0 -47.021975,-19.448319999406,0.0 -47.021702,-19.447816999406,0.0 -47.021672,-19.447357999406,0.0 -47.021659,-19.4463919994061,0.0 -47.021483,-19.4459339994061,0.0 -47.021188,-19.4455919994061,0.0 -47.020772,-19.4453439994061,0.0 -47.020116,-19.4451909994061,0.0 -47.019677,-19.4450119994061,0.0 -47.019357,-19.4446709994061,0.0 -47.018924,-19.4449059994061,0.0 -47.01839,-19.4448899994061,0.0 -47.018046,-19.4445489994061,0.0 -47.017797,-19.4440229994061,0.0 -47.0175,-19.4435889994061,0.0 -47.016962,-19.4432039994061,0.0 -47.016577,-19.4434619994061,0.0 -47.016487,-19.4440149994061,0.0 -47.015977,-19.4439289994061,0.0 -47.015586,-19.4436809994061,0.0 -47.015004,-19.4436649994061,0.0 -47.014547,-19.4439689994061,0.0 -47.014139,-19.4443189994061,0.0 -47.013635,-19.4446699994061,0.0 -47.01369,-19.4451749994061,0.0 -47.0136,-19.4457279994061,0.0 -47.01324,-19.4460079994061,0.0 -47.013197,-19.4464459994061,0.0 -47.012887,-19.446771999406,0.0 -47.01282,-19.447208999406,0.0 -47.012802,-19.447715999406,0.0 -47.012467,-19.448087999406,0.0 -47.011935,-19.448185999406,0.0 -47.011422,-19.447915999406,0.0 -47.011103,-19.447597999406,0.0 -47.010902,-19.447070999406,0.0 -47.010653,-19.446567999406,0.0 -47.010309,-19.4462039994061,0.0 -47.009844,-19.4459099994061,0.0 -47.009334,-19.4458469994061,0.0 -47.00885,-19.4458989994061,0.0 -47.008365,-19.4458589994061,0.0 -47.007807,-19.4458419994061,0.0 -47.005576,-19.4458689994061,0.0 -47.004921,-19.4458069994061,0.0 -47.004433,-19.4455599994061,0.0 -47.003949,-19.4456809994061,0.0 -47.003688,-19.4460749994061,0.0 -47.002821,-19.446498999406,0.0 -47.002535,-19.446915999406,0.0 -47.002591,-19.447467999406,0.0 -47.002767,-19.447994999406,0.0 -47.002432,-19.448297999406,0.0 -47.001924,-19.448418999406,0.0 -47.001462,-19.448285999406,0.0 -47.001455,-19.447779999406,0.0 -47.001086,-19.447369999406,0.0 -47.000672,-19.447040999406,0.0 -47.000535,-19.446513999406,0.0 -47.000359,-19.4460299994061,0.0 -46.999898,-19.4458939994061,0.0 -46.999487,-19.4461259994061,0.0 -46.999003,-19.4461739994061,0.0 -46.998519,-19.4461989994061,0.0 -46.998084,-19.4464769994061,0.0 -46.997649,-19.446731999406,0.0 -46.997166,-19.446940999406,0.0 -46.996681,-19.446874999406,0.0 -46.996532,-19.4463009994061,0.0 -46.996457,-19.4457949994061,0.0 -46.996333,-19.4453129994061,0.0 -46.996325,-19.4437269994061,0.0 -46.996371,-19.4432449994061,0.0 -46.996271,-19.4428079994061,0.0 -46.99581,-19.4426039994062,0.0 -46.995325,-19.4424449994062,0.0 -46.995201,-19.4419629994062,0.0 -46.994836,-19.4416429994062,0.0 -46.994328,-19.4418749994062,0.0 -46.993918,-19.4421299994062,0.0 -46.993576,-19.4416719994062,0.0 -46.993525,-19.4411439994062,0.0 -46.993741,-19.4407519994062,0.0 -46.994249,-19.4406109994062,0.0 -46.99478,-19.4402639994062,0.0 -46.995069,-19.4398719994062,0.0 -46.99526,-19.4394109994062,0.0 -46.995136,-19.4389289994062,0.0 -46.995037,-19.4384699994063,0.0 -46.994914,-19.4380109994063,0.0 -46.994524,-19.4376219994063,0.0 -46.993989,-19.4373029994063,0.0 -46.9936,-19.4370289994063,0.0 -46.99338,-19.4366389994063,0.0 -46.993063,-19.4362499994063,0.0 -46.992746,-19.4358839994063,0.0 -46.992937,-19.4353999994063,0.0 -46.99325,-19.4349619994063,0.0 -46.99332,-19.4344329994064,0.0 -46.993027,-19.4340669994064,0.0 -46.992686,-19.4337699994064,0.0 -46.992369,-19.4333799994064,0.0 -46.991908,-19.4330839994064,0.0 -46.991494,-19.4327179994064,0.0 -46.9912,-19.4321909994064,0.0 -46.990811,-19.4318709994064,0.0 -46.990302,-19.4318039994064,0.0 -46.989841,-19.4317379994064,0.0 -46.989382,-19.4319239994064,0.0 -46.989142,-19.4323839994064,0.0 -46.989338,-19.4328199994064,0.0 -46.989171,-19.4333499994064,0.0 -46.988663,-19.4334669994064,0.0 -46.988203,-19.4334459994064,0.0 -46.987765,-19.4332179994064,0.0 -46.987231,-19.4330139994064,0.0 -46.986794,-19.4328549994064,0.0 -46.986336,-19.4331559994064,0.0 -46.986071,-19.4335249994064,0.0 -46.985734,-19.4338709994064,0.0 -46.985372,-19.4341489994064,0.0 -46.984986,-19.4344269994064,0.0 -46.984599,-19.4346809994064,0.0 -46.984355,-19.4342229994064,0.0 -46.983918,-19.4340639994064,0.0 -46.983385,-19.4340429994064,0.0 -46.982851,-19.4339999994064,0.0 -46.982391,-19.4340249994064,0.0 -46.982151,-19.4344859994064,0.0 -46.9821473,-19.4344899994064,0.0 -46.981814,-19.4348549994063,0.0 -46.98184,-19.4352919994063,0.0 -46.981867,-19.4357969994063,0.0 -46.981653,-19.4364189994063,0.0 -46.981242,-19.4367199994063,0.0 -46.980759,-19.4369289994063,0.0 -46.980349,-19.4372979994063,0.0 -46.980085,-19.4378279994063,0.0 -46.979507,-19.4385659994063,0.0 -46.979316,-19.4390729994062,0.0 -46.979076,-19.4395569994062,0.0 -46.978836,-19.4399489994062,0.0 -46.978572,-19.4404779994062,0.0 -46.978381,-19.4409849994062,0.0 -46.978238,-19.4414219994062,0.0 -46.978022,-19.4418139994062,0.0 -46.977466,-19.4419549994062,0.0 -46.977005,-19.4418649994062,0.0 -46.976808,-19.4412679994062,0.0 -46.976588,-19.4408779994062,0.0 -46.976127,-19.4407199994062,0.0 -46.975593,-19.4405839994062,0.0 -46.975059,-19.4404029994062,0.0 -46.974718,-19.4400829994062,0.0 -46.974305,-19.4397859994062,0.0 -46.973795,-19.4396039994062,0.0 -46.973262,-19.4397219994062,0.0 -46.973022,-19.4401589994062,0.0 -46.972952,-19.4405969994062,0.0 -46.972785,-19.4411029994062,0.0 -46.973005,-19.4414929994062,0.0 -46.972983,-19.4419519994062,0.0 -46.972524,-19.4422069994062,0.0 -46.972065,-19.4424389994062,0.0 -46.971995,-19.4429449994061,0.0 -46.971997,-19.4434049994061,0.0 -46.971951,-19.4438419994061,0.0 -46.971467,-19.4440049994061,0.0 -46.970984,-19.4442369994061,0.0 -46.970525,-19.4444459994061,0.0 -46.970041,-19.4445859994061,0.0 -46.969555,-19.4443359994061,0.0 -46.969335,-19.4438999994061,0.0 -46.968777,-19.4438569994061,0.0 -46.968293,-19.4440199994061,0.0 -46.967809,-19.4441599994061,0.0 -46.967276,-19.4440929994061,0.0 -46.966817,-19.4443249994061,0.0 -46.966577,-19.4447629994061,0.0 -46.966506,-19.4451999994061,0.0 -46.96646,-19.4456599994061,0.0 -46.966366,-19.4461199994061,0.0 -46.966126,-19.4465809994061,0.0 -46.965886,-19.446972999406,0.0 -46.965597,-19.447387999406,0.0 -46.965089,-19.447550999406,0.0 -46.964532,-19.447645999406,0.0 -46.964047,-19.447601999406,0.0 -46.963515,-19.447718999406,0.0 -46.963128,-19.447973999406,0.0 -46.96262,-19.448090999406,0.0 -46.962112,-19.448138999406,0.0 -46.961554,-19.448003999406,0.0 -46.961067,-19.447637999406,0.0 -46.960822,-19.447110999406,0.0 -46.960505,-19.446721999406,0.0 -46.959996,-19.4465399994061,0.0 -46.959536,-19.446794999406,0.0 -46.959321,-19.447232999406,0.0 -46.958738,-19.447028999406,0.0 -46.958469,-19.446592999406,0.0 -46.958394,-19.4461339994061,0.0 -46.958343,-19.4456509994061,0.0 -46.95839,-19.4452139994061,0.0 -46.957905,-19.4451939994061,0.0 -46.957564,-19.4448729994061,0.0 -46.957247,-19.4445299994061,0.0 -46.956666,-19.4444639994061,0.0 -46.956181,-19.4444199994061,0.0 -46.955698,-19.4447439994061,0.0 -46.955213,-19.4447229994061,0.0 -46.954799,-19.4441959994061,0.0 -46.954724,-19.4437599994061,0.0 -46.954358,-19.4434169994061,0.0 -46.95409,-19.4430269994061,0.0 -46.954184,-19.4425209994062,0.0 -46.953916,-19.4420859994062,0.0 -46.953431,-19.4419729994062,0.0 -46.952899,-19.4421819994062,0.0 -46.952439,-19.4422529994062,0.0 -46.951978,-19.4422099994062,0.0 -46.951469,-19.4422119994062,0.0 -46.950937,-19.4423979994062,0.0 -46.950526,-19.4426069994062,0.0 -46.950141,-19.4430449994061,0.0 -46.94973,-19.4432539994061,0.0 -46.949319,-19.4435319994061,0.0 -46.948835,-19.4436719994061,0.0 -46.948376,-19.4437659994061,0.0 -46.947842,-19.4437449994061,0.0 -46.947432,-19.4439539994061,0.0 -46.946923,-19.4439559994061,0.0 -46.946464,-19.4442339994061,0.0 -46.945907,-19.4442589994061,0.0 -46.944938,-19.4443559994061,0.0 -46.944405,-19.4443579994061,0.0 -46.943872,-19.4444069994061,0.0 -46.943363,-19.4444089994061,0.0 -46.94271,-19.4445269994061,0.0 -46.942226,-19.4446669994061,0.0 -46.941864,-19.4449669994061,0.0 -46.941478,-19.4452449994061,0.0 -46.941043,-19.4454759994061,0.0 -46.940656,-19.4457309994061,0.0 -46.940489,-19.4461679994061,0.0 -46.940685,-19.4466039994061,0.0 -46.940201,-19.446835999406,0.0 -46.939912,-19.447227999406,0.0 -46.939769,-19.447688999406,0.0 -46.939408,-19.448057999406,0.0 -46.939216,-19.448541999406,0.0 -46.939219,-19.449000999406,0.0 -46.939391,-19.449505999406,0.0 -46.939441,-19.449965999406,0.0 -46.939565,-19.450401999406,0.0 -46.940002,-19.450560999406,0.0 -46.940416,-19.4509729994059,0.0 -46.940708,-19.4513159994059,0.0 -46.941098,-19.4517279994059,0.0 -46.941439,-19.4520479994059,0.0 -46.941755,-19.4523919994059,0.0 -46.942072,-19.4527119994059,0.0 -46.942147,-19.4531709994059,0.0 -46.941663,-19.4532649994059,0.0 -46.941277,-19.4536579994059,0.0 -46.941134,-19.4540949994059,0.0 -46.941282,-19.4545769994058,0.0 -46.941332,-19.4550369994058,0.0 -46.940898,-19.4553829994058,0.0 -46.940317,-19.4555009994058,0.0 -46.939931,-19.4559389994058,0.0 -46.939764,-19.4563999994058,0.0 -46.939742,-19.4569059994058,0.0 -46.939453,-19.4572749994058,0.0 -46.938847,-19.4571849994058,0.0 -46.938314,-19.4571419994058,0.0 -46.937855,-19.4575119994058,0.0 -46.937371,-19.4576289994058,0.0 -46.936886,-19.4575389994058,0.0 -46.936378,-19.4575869994058,0.0 -46.935844,-19.4575889994058,0.0 -46.935384,-19.4576369994058,0.0 -46.934925,-19.4579149994058,0.0 -46.934466,-19.4580779994057,0.0 -46.934152,-19.4584239994057,0.0 -46.933961,-19.4589079994057,0.0 -46.934011,-19.4593439994057,0.0 -46.934159,-19.4598029994057,0.0 -46.934161,-19.4602859994057,0.0 -46.934139,-19.4607229994057,0.0 -46.934456,-19.4611119994057,0.0 -46.934604,-19.4616629994057,0.0 -46.934679,-19.4621229994056,0.0 -46.934852,-19.4626279994056,0.0 -46.935241,-19.4629019994056,0.0 -46.935389,-19.4634299994056,0.0 -46.935391,-19.4638889994056,0.0 -46.935345,-19.4644179994056,0.0 -46.935056,-19.4647639994056,0.0 -46.935325,-19.4651769994056,0.0 -46.935809,-19.4651519994056,0.0 -46.936198,-19.4654489994056,0.0 -46.936201,-19.4660459994056,0.0 -46.936446,-19.4664589994055,0.0 -46.936906,-19.4665259994055,0.0 -46.936933,-19.4670539994055,0.0 -46.936911,-19.4674909994055,0.0 -46.936722,-19.4684109994055,0.0 -46.936797,-19.4689169994055,0.0 -46.936896,-19.4694219994055,0.0 -46.936729,-19.4698819994055,0.0 -46.936318,-19.4700909994054,0.0 -46.936103,-19.4705979994054,0.0 -46.935619,-19.4708989994054,0.0 -46.935111,-19.4710619994054,0.0 -46.934823,-19.4715229994054,0.0 -46.934534,-19.4718689994054,0.0 -46.934512,-19.4724199994054,0.0 -46.934175,-19.4727669994054,0.0 -46.933813,-19.4730899994054,0.0 -46.933572,-19.4735049994054,0.0 -46.933381,-19.4739649994054,0.0 -46.933141,-19.4744259994053,0.0 -46.932974,-19.4749329994053,0.0 -46.932782,-19.4753699994053,0.0 -46.93242,-19.4756939994053,0.0 -46.931985,-19.4758789994053,0.0 -46.931793,-19.4763399994053,0.0 -46.931601,-19.4768229994053,0.0 -46.931459,-19.4774219994053,0.0 -46.931292,-19.4780429994052,0.0 -46.93081,-19.4785049994052,0.0 -46.930449,-19.4790349994052,0.0 -46.930039,-19.4793589994052,0.0 -46.929603,-19.4795669994052,0.0 -46.929166,-19.4793849994052,0.0 -46.92897,-19.4789499994052,0.0 -46.929064,-19.4782139994052,0.0 -46.929134,-19.4777539994053,0.0 -46.929035,-19.4772939994053,0.0 -46.928742,-19.4768359994053,0.0 -46.928618,-19.4763769994053,0.0 -46.928374,-19.4759639994053,0.0 -46.927985,-19.4757129994053,0.0 -46.927525,-19.4758069994053,0.0 -46.927163,-19.4761299994053,0.0 -46.92668,-19.4764309994053,0.0 -46.926219,-19.4763639994053,0.0 -46.925685,-19.4761599994053,0.0 -46.925223,-19.4759089994053,0.0 -46.924906,-19.4755199994053,0.0 -46.92471,-19.4749689994053,0.0 -46.924417,-19.4745339994053,0.0 -46.924076,-19.4742359994053,0.0 -46.923711,-19.4739389994053,0.0 -46.923322,-19.4736879994054,0.0 -46.922861,-19.4734829994054,0.0 -46.922424,-19.4733239994054,0.0 -46.921938,-19.4731879994054,0.0 -46.921525,-19.4728679994054,0.0 -46.92145,-19.4724319994054,0.0 -46.921278,-19.4720189994054,0.0 -46.920696,-19.4717919994054,0.0 -46.92021,-19.4716559994054,0.0 -46.919869,-19.4712669994054,0.0 -46.919964,-19.4707379994054,0.0 -46.919961,-19.4702319994054,0.0 -46.920008,-19.4697949994055,0.0 -46.920394,-19.4695409994055,0.0 -46.920828,-19.4691709994055,0.0 -46.920947,-19.4687109994055,0.0 -46.920462,-19.4685979994055,0.0 -46.919953,-19.4685309994055,0.0 -46.919443,-19.4682579994055,0.0 -46.918981,-19.4679149994055,0.0 -46.918496,-19.4679169994055,0.0 -46.918011,-19.4678959994055,0.0 -46.917503,-19.4679899994055,0.0 -46.916995,-19.4681529994055,0.0 -46.916462,-19.4683159994055,0.0 -46.915978,-19.4683189994055,0.0 -46.915519,-19.4685959994055,0.0 -46.915205,-19.4689199994055,0.0 -46.914697,-19.4691289994055,0.0 -46.914332,-19.4688309994055,0.0 -46.914257,-19.4683949994055,0.0 -46.914231,-19.4679349994055,0.0 -46.914132,-19.4674759994055,0.0 -46.913694,-19.4672019994055,0.0 -46.913184,-19.4669059994055,0.0 -46.912818,-19.4664929994055,0.0 -46.912357,-19.4663349994055,0.0 -46.911922,-19.4665429994055,0.0 -46.911658,-19.4670039994055,0.0 -46.911684,-19.4674869994055,0.0 -46.911953,-19.4678529994055,0.0 -46.911665,-19.4684979994055,0.0 -46.9114,-19.4688899994055,0.0 -46.911039,-19.4692819994055,0.0 -46.910628,-19.4696749994055,0.0 -46.910242,-19.4699749994055,0.0 -46.909784,-19.4703679994054,0.0 -46.909374,-19.4708289994054,0.0 -46.909037,-19.4712449994054,0.0 -46.908796,-19.4717049994054,0.0 -46.908653,-19.4721659994054,0.0 -46.908994,-19.4725089994054,0.0 -46.909455,-19.4726219994054,0.0 -46.909965,-19.4727349994054,0.0 -46.910474,-19.4728929994054,0.0 -46.910935,-19.4729829994054,0.0 -46.911253,-19.4734649994054,0.0 -46.911521,-19.4739689994053,0.0 -46.911669,-19.4744279994053,0.0 -46.911599,-19.4748879994053,0.0 -46.911334,-19.4753259994053,0.0 -46.911045,-19.4757179994053,0.0 -46.91078,-19.4760869994053,0.0 -46.911193,-19.4763149994053,0.0 -46.911414,-19.4767509994053,0.0 -46.911392,-19.4771879994053,0.0 -46.911127,-19.4776709994053,0.0 -46.910717,-19.4780869994052,0.0 -46.91021,-19.4785259994052,0.0 -46.9098,-19.4788029994052,0.0 -46.909462,-19.4791729994052,0.0 -46.909271,-19.4796559994052,0.0 -46.909273,-19.4802309994052,0.0 -46.9093,-19.4807589994052,0.0 -46.909351,-19.4813109994052,0.0 -46.909329,-19.4818159994051,0.0 -46.909235,-19.4822989994051,0.0 -46.908946,-19.4826909994051,0.0 -46.908486,-19.4828539994051,0.0 -46.907977,-19.4828339994051,0.0 -46.907516,-19.4826519994051,0.0 -46.906981,-19.4824009994051,0.0 -46.90652,-19.4822879994051,0.0 -46.906277,-19.4820129994051,0.0 -46.905501,-19.4819479994051,0.0 -46.904968,-19.4819729994051,0.0 -46.904533,-19.4821819994051,0.0 -46.904268,-19.4826429994051,0.0 -46.904561,-19.4830549994051,0.0 -46.904926,-19.4833979994051,0.0 -46.904686,-19.4838589994051,0.0 -46.904348,-19.4841819994051,0.0 -46.903987,-19.4846199994051,0.0 -46.903626,-19.4851509994051,0.0 -46.90341,-19.4856339994051,0.0 -46.903388,-19.486185999405,0.0 -46.903197,-19.486783999405,0.0 -46.90286,-19.487130999405,0.0 -46.902326,-19.486971999405,0.0 -46.902154,-19.486558999405,0.0 -46.902152,-19.486029999405,0.0 -46.901907,-19.4855949994051,0.0 -46.901349,-19.4855279994051,0.0 -46.900888,-19.4853229994051,0.0 -46.900595,-19.4849339994051,0.0 -46.900375,-19.4844979994051,0.0 -46.900082,-19.4839939994051,0.0 -46.89962,-19.4836969994051,0.0 -46.899135,-19.4836069994051,0.0 -46.898674,-19.4835399994051,0.0 -46.898506,-19.4839769994051,0.0 -46.898557,-19.4844139994051,0.0 -46.898097,-19.4845079994051,0.0 -46.897708,-19.4841879994051,0.0 -46.897223,-19.4842589994051,0.0 -46.896666,-19.4843989994051,0.0 -46.896591,-19.4838929994051,0.0 -46.896662,-19.4834329994051,0.0 -46.896611,-19.4829739994051,0.0 -46.896609,-19.4824679994051,0.0 -46.896558,-19.4820319994051,0.0 -46.896314,-19.4816419994052,0.0 -46.895804,-19.4814829994052,0.0 -46.895344,-19.4814619994052,0.0 -46.894884,-19.4814869994052,0.0 -46.894254,-19.4816049994051,0.0 -46.893746,-19.4818829994051,0.0 -46.893262,-19.4820459994051,0.0 -46.892778,-19.4821629994051,0.0 -46.892558,-19.4817729994051,0.0 -46.892507,-19.4812669994052,0.0 -46.892214,-19.4808089994052,0.0 -46.892115,-19.4803269994052,0.0 -46.892016,-19.4798899994052,0.0 -46.891869,-19.4794539994052,0.0 -46.891408,-19.4792949994052,0.0 -46.890973,-19.4796419994052,0.0 -46.890854,-19.4800789994052,0.0 -46.890516,-19.4803789994052,0.0 -46.889958,-19.4802669994052,0.0 -46.889497,-19.4802229994052,0.0 -46.889281,-19.4806599994052,0.0 -46.888773,-19.4807769994052,0.0 -46.888264,-19.4807109994052,0.0 -46.88773,-19.4805749994052,0.0 -46.887075,-19.4804859994052,0.0 -46.885088,-19.4804939994052,0.0 -46.885017,-19.4810229994052,0.0 -46.885455,-19.4812739994052,0.0 -46.885989,-19.4814329994052,0.0 -46.886426,-19.4816149994051,0.0 -46.886815,-19.4818889994051,0.0 -46.886744,-19.4823719994051,0.0 -46.886528,-19.4828329994051,0.0 -46.8867,-19.4832919994051,0.0 -46.887113,-19.4834969994051,0.0 -46.887188,-19.4839789994051,0.0 -46.886729,-19.4842569994051,0.0 -46.886269,-19.4843279994051,0.0 -46.886174,-19.4848109994051,0.0 -46.8862,-19.4852699994051,0.0 -46.886203,-19.485752999405,0.0 -46.886156,-19.486212999405,0.0 -46.886038,-19.486741999405,0.0 -46.885918,-19.487178999405,0.0 -46.885921,-19.487684999405,0.0 -46.885559,-19.488030999405,0.0 -46.885124,-19.488239999405,0.0 -46.884689,-19.488540999405,0.0 -46.884472,-19.488931999405,0.0 -46.884329,-19.489368999405,0.0 -46.88404,-19.4897839994049,0.0 -46.883605,-19.4899929994049,0.0 -46.88312,-19.4899719994049,0.0 -46.88261,-19.4898129994049,0.0 -46.882125,-19.4897689994049,0.0 -46.881059,-19.4897739994049,0.0 -46.880624,-19.4900049994049,0.0 -46.880189,-19.4903289994049,0.0 -46.879852,-19.4907439994049,0.0 -46.879539,-19.4912969994049,0.0 -46.879517,-19.4917799994049,0.0 -46.879471,-19.4923779994049,0.0 -46.879279,-19.4928149994049,0.0 -46.878844,-19.4930239994049,0.0 -46.878335,-19.4930259994049,0.0 -46.877803,-19.4932809994048,0.0 -46.877392,-19.4935129994048,0.0 -46.8772,-19.4940189994048,0.0 -46.876863,-19.4943419994048,0.0 -46.876427,-19.4945279994048,0.0 -46.875919,-19.4947139994048,0.0 -46.875679,-19.4951289994048,0.0 -46.875705,-19.4955649994048,0.0 -46.876118,-19.4957699994048,0.0 -46.876362,-19.4962289994048,0.0 -46.876146,-19.4966669994048,0.0 -46.875809,-19.4971279994048,0.0 -46.875447,-19.4974279994048,0.0 -46.875133,-19.4977509994047,0.0 -46.874623,-19.4974769994047,0.0 -46.874161,-19.4972269994047,0.0 -46.873603,-19.4970449994048,0.0 -46.873118,-19.4969319994048,0.0 -46.872512,-19.4969349994048,0.0 -46.872052,-19.4971199994048,0.0 -46.872056,-19.4980629994047,0.0 -46.872155,-19.4985219994047,0.0 -46.872157,-19.4989819994047,0.0 -46.872062,-19.4994189994047,0.0 -46.871773,-19.4997879994047,0.0 -46.871313,-19.4998359994047,0.0 -46.870948,-19.4995149994047,0.0 -46.870752,-19.4991019994047,0.0 -46.870292,-19.4991729994047,0.0 -46.869734,-19.4990839994047,0.0 -46.869249,-19.4990859994047,0.0 -46.868874,-19.4993439994047,0.0 -46.868843,-19.4996739994047,0.0 -46.869009,-19.4999359994047,0.0 -46.868969,-19.5005399994047,0.0 -46.868919,-19.5010649994047,0.0 -46.868508,-19.5012969994047,0.0 -46.86795,-19.5013689994047,0.0 -46.867441,-19.5014179994046,0.0 -46.866956,-19.5014209994046,0.0 -46.866422,-19.5014469994046,0.0 -46.865889,-19.5015419994047,0.0 -46.865429,-19.5017519994046,0.0 -46.865091,-19.5020529994046,0.0 -46.864851,-19.5024449994046,0.0 -46.864587,-19.5028379994046,0.0 -46.864468,-19.5032749994046,0.0 -46.864325,-19.5037359994046,0.0 -46.863939,-19.5040609994046,0.0 -46.86348,-19.5042929994046,0.0 -46.863093,-19.5045489994046,0.0 -46.862755,-19.5048729994046,0.0 -46.862443,-19.5052649994045,0.0 -46.862275,-19.5056809994045,0.0 -46.86252,-19.5060929994045,0.0 -46.862766,-19.5064829994045,0.0 -46.863179,-19.5066879994045,0.0 -46.863545,-19.5069619994045,0.0 -46.864005,-19.5068209994045,0.0 -46.864467,-19.5070029994045,0.0 -46.865295,-19.5074119994045,0.0 -46.865612,-19.5077319994045,0.0 -46.866026,-19.5079599994045,0.0 -46.866174,-19.5083959994045,0.0 -46.86569,-19.5085829994045,0.0 -46.865205,-19.5085859994045,0.0 -46.86472,-19.5085659994045,0.0 -46.864235,-19.5086369994045,0.0 -46.863849,-19.5089619994045,0.0 -46.863633,-19.5093539994044,0.0 -46.863539,-19.5098149994044,0.0 -46.863469,-19.5102749994044,0.0 -46.863472,-19.5107809994044,0.0 -46.863037,-19.5110599994044,0.0 -46.86287,-19.5115439994044,0.0 -46.862873,-19.5120039994044,0.0 -46.863359,-19.5121169994044,0.0 -46.863556,-19.5125299994044,0.0 -46.863437,-19.5129899994044,0.0 -46.863443,-19.5139569994043,0.0 -46.863422,-19.5143939994043,0.0 -46.863425,-19.5148539994043,0.0 -46.863742,-19.5151969994043,0.0 -46.864108,-19.5154709994043,0.0 -46.864135,-19.5159309994043,0.0 -46.863968,-19.5163689994043,0.0 -46.863776,-19.5167849994043,0.0 -46.863852,-19.5172209994042,0.0 -46.863903,-19.5176579994042,0.0 -46.863882,-19.5181179994042,0.0 -46.863642,-19.5185339994042,0.0 -46.863279,-19.5188119994042,0.0 -46.862918,-19.5191359994042,0.0 -46.862872,-19.5195739994042,0.0 -46.861901,-19.5195789994042,0.0 -46.86149,-19.5198109994042,0.0 -46.861274,-19.5202269994042,0.0 -46.861204,-19.5206639994042,0.0 -46.861013,-19.5210799994041,0.0 -46.86065,-19.5213579994041,0.0 -46.860167,-19.5216129994041,0.0 -46.859805,-19.5218919994041,0.0 -46.859589,-19.5223069994041,0.0 -46.859834,-19.5227199994041,0.0 -46.860201,-19.5231319994041,0.0 -46.860397,-19.5235449994041,0.0 -46.860401,-19.5240739994041,0.0 -46.860306,-19.5245119994041,0.0 -46.860164,-19.524995999404,0.0 -46.860142,-19.525432999404,0.0 -46.860242,-19.525868999404,0.0 -46.859953,-19.526284999404,0.0 -46.859689,-19.526723999404,0.0 -46.859643,-19.527160999404,0.0 -46.859646,-19.527620999404,0.0 -46.859161,-19.527646999404,0.0 -46.8587,-19.527626999404,0.0 -46.85824,-19.527789999404,0.0 -46.857951,-19.528136999404,0.0 -46.857759,-19.528551999404,0.0 -46.85815,-19.5288949994039,0.0 -46.858274,-19.5293779994039,0.0 -46.857936,-19.5296789994039,0.0 -46.857696,-19.5300709994039,0.0 -46.857747,-19.5305309994039,0.0 -46.857896,-19.5309899994039,0.0 -46.85802,-19.5314269994039,0.0 -46.857925,-19.5318639994039,0.0 -46.857783,-19.5323249994039,0.0 -46.857737,-19.5327629994039,0.0 -46.85757,-19.5332469994038,0.0 -46.85733,-19.5336389994038,0.0 -46.857017,-19.5339859994038,0.0 -46.856606,-19.5342409994038,0.0 -46.856194,-19.5344509994038,0.0 -46.855734,-19.5344989994038,0.0 -46.85532,-19.5342719994038,0.0 -46.854834,-19.5342049994038,0.0 -46.854496,-19.5345289994038,0.0 -46.854353,-19.5349669994038,0.0 -46.854186,-19.5353819994038,0.0 -46.853873,-19.5357519994038,0.0 -46.853559,-19.5360989994038,0.0 -46.853148,-19.5363309994038,0.0 -46.852762,-19.5365869994037,0.0 -46.852522,-19.5370019994037,0.0 -46.852379,-19.5374629994037,0.0 -46.852309,-19.5379469994037,0.0 -46.852312,-19.5384529994037,0.0 -46.852412,-19.5389579994037,0.0 -46.852682,-19.5393249994037,0.0 -46.853048,-19.5396449994037,0.0 -46.853582,-19.5398029994037,0.0 -46.854142,-19.5400069994037,0.0 -46.854629,-19.5402569994037,0.0 -46.855115,-19.5403239994036,0.0 -46.855576,-19.5403439994036,0.0 -46.856037,-19.5404109994036,0.0 -46.856548,-19.5406379994036,0.0 -46.856986,-19.5407959994036,0.0 -46.857472,-19.5409089994036,0.0 -46.857934,-19.5410439994036,0.0 -46.858396,-19.5411339994036,0.0 -46.858834,-19.5412919994036,0.0 -46.858788,-19.5417299994036,0.0 -46.858936,-19.5422119994036,0.0 -46.858915,-19.5426489994036,0.0 -46.858675,-19.5430419994036,0.0 -46.858702,-19.5434789994036,0.0 -46.858681,-19.5439849994036,0.0 -46.858441,-19.5443999994035,0.0 -46.858249,-19.5448159994035,0.0 -46.857887,-19.5450939994035,0.0 -46.858059,-19.5455529994035,0.0 -46.85845,-19.5458499994035,0.0 -46.858549,-19.5462859994035,0.0 -46.858504,-19.5467239994035,0.0 -46.858361,-19.5471849994035,0.0 -46.85795,-19.5473939994035,0.0 -46.857563,-19.5476719994035,0.0 -46.85725,-19.5480189994035,0.0 -46.857058,-19.5484339994034,0.0 -46.856916,-19.5489409994034,0.0 -46.856821,-19.5494019994034,0.0 -46.856825,-19.5499079994034,0.0 -46.8567408,-19.5501658994034,0.0 -46.856682,-19.5503459994034,0.0 -46.856271,-19.5505779994034,0.0 -46.8561444,-19.5504322994034,0.0 -46.855953,-19.5502119994034,0.0 -46.85578,-19.5497759994034,0.0 -46.855342,-19.5495939994034,0.0 -46.854881,-19.5495049994034,0.0 -46.854395,-19.5495539994034,0.0 -46.853934,-19.5494639994034,0.0 -46.853448,-19.5494669994034,0.0 -46.852964,-19.5496079994034,0.0 -46.852675,-19.5499999994034,0.0 -46.8525968,-19.5500809994034,0.0 -46.8525185,-19.5501619994034,0.0 -46.852362,-19.5503239994034,0.0 -46.852267,-19.5507619994034,0.0 -46.852173,-19.5512229994034,0.0 -46.85203,-19.5516839994034,0.0</coordinates>
</LinearRing>
</outerBoundaryIs>
</Polygon>
</MultiGeometry>
</Placemark>
</Folder>
</Document></kml>
