<?xml version='1.0' encoding='UTF-8'?>
<kml xmlns:xsd="http://www.w3.org/2001/XMLSchema" xmlns:gx="http://www.google.com/kml/ext/2.2" xmlns:atom="http://www.w3.org/2005/Atom" xmlns="http://www.opengis.net/kml/2.2">
<Document>
<name>diamantina_3121605_localidades_2022</name>
<visibility>1</visibility>
<Schema name="Povoados" id="kml_schema_ft_Povoados">
<SimpleField type="xsd:string" name="CD_UF">
<displayName>CD_UF</displayName>
</SimpleField>
<SimpleField type="xsd:string" name="NM_UF">
<displayName>NM_UF</displayName>
</SimpleField>
<SimpleField type="xsd:string" name="SIGLA_UF">
<displayName>SIGLA_UF</displayName>
</SimpleField>
<SimpleField type="xsd:string" name="CD_MUN">
<displayName>CD_MUN</displayName>
</SimpleField>
<SimpleField type="xsd:string" name="NM_MUN">
<displayName>NM_MUN</displayName>
</SimpleField>
<SimpleField type="xsd:string" name="CD_RGINT">
<displayName>CD_RGINT</displayName>
</SimpleField>
<SimpleField type="xsd:string" name="NM_RGINT">
<displayName>NM_RGINT</displayName>
</SimpleField>
<SimpleField type="xsd:string" name="CD_RGI">
<displayName>CD_RGI</displayName>
</SimpleField>
<SimpleField type="xsd:string" name="NM_RGI">
<displayName>NM_RGI</displayName>
</SimpleField>
<SimpleField type="xsd:string" name="CT_LOCALIDADE">
<displayName>CT_LOCALIDADE</displayName>
</SimpleField>
<SimpleField type="xsd:string" name="CD_LOCALIDADE">
<displayName>CD_LOCALIDADE</displayName>
</SimpleField>
<SimpleField type="xsd:string" name="NM_LOCALIDADE">
<displayName>NM_LOCALIDADE</displayName>
</SimpleField>
<SimpleField type="xsd:string" name="LAT_LOCALIDADE">
<displayName>LAT_LOCALIDADE</displayName>
</SimpleField>
<SimpleField type="xsd:string" name="LONG_LOCALIDADE">
<displayName>LONG_LOCALIDADE</displayName>
</SimpleField>
</Schema>
<Schema name="Vilas" id="kml_schema_ft_Vilas">
<SimpleField type="xsd:string" name="CD_UF">
<displayName>CD_UF</displayName>
</SimpleField>
<SimpleField type="xsd:string" name="NM_UF">
<displayName>NM_UF</displayName>
</SimpleField>
<SimpleField type="xsd:string" name="SIGLA_UF">
<displayName>SIGLA_UF</displayName>
</SimpleField>
<SimpleField type="xsd:string" name="CD_MUN">
<displayName>CD_MUN</displayName>
</SimpleField>
<SimpleField type="xsd:string" name="NM_MUN">
<displayName>NM_MUN</displayName>
</SimpleField>
<SimpleField type="xsd:string" name="CD_RGINT">
<displayName>CD_RGINT</displayName>
</SimpleField>
<SimpleField type="xsd:string" name="NM_RGINT">
<displayName>NM_RGINT</displayName>
</SimpleField>
<SimpleField type="xsd:string" name="CD_RGI">
<displayName>CD_RGI</displayName>
</SimpleField>
<SimpleField type="xsd:string" name="NM_RGI">
<displayName>NM_RGI</displayName>
</SimpleField>
<SimpleField type="xsd:string" name="CT_LOCALIDADE">
<displayName>CT_LOCALIDADE</displayName>
</SimpleField>
<SimpleField type="xsd:string" name="CD_LOCALIDADE">
<displayName>CD_LOCALIDADE</displayName>
</SimpleField>
<SimpleField type="xsd:string" name="NM_LOCALIDADE">
<displayName>NM_LOCALIDADE</displayName>
</SimpleField>
<SimpleField type="xsd:string" name="LAT_LOCALIDADE">
<displayName>LAT_LOCALIDADE</displayName>
</SimpleField>
<SimpleField type="xsd:string" name="LONG_LOCALIDADE">
<displayName>LONG_LOCALIDADE</displayName>
</SimpleField>
</Schema>
<Schema name="Agrupamentos Quilombolas" id="kml_schema_ft_Agrupamentos_Quilombolas">
<SimpleField type="xsd:string" name="CD_UF">
<displayName>CD_UF</displayName>
</SimpleField>
<SimpleField type="xsd:string" name="NM_UF">
<displayName>NM_UF</displayName>
</SimpleField>
<SimpleField type="xsd:string" name="SIGLA_UF">
<displayName>SIGLA_UF</displayName>
</SimpleField>
<SimpleField type="xsd:string" name="CD_MUN">
<displayName>CD_MUN</displayName>
</SimpleField>
<SimpleField type="xsd:string" name="NM_MUN">
<displayName>NM_MUN</displayName>
</SimpleField>
<SimpleField type="xsd:string" name="CD_RGINT">
<displayName>CD_RGINT</displayName>
</SimpleField>
<SimpleField type="xsd:string" name="NM_RGINT">
<displayName>NM_RGINT</displayName>
</SimpleField>
<SimpleField type="xsd:string" name="CD_RGI">
<displayName>CD_RGI</displayName>
</SimpleField>
<SimpleField type="xsd:string" name="NM_RGI">
<displayName>NM_RGI</displayName>
</SimpleField>
<SimpleField type="xsd:string" name="CT_LOCALIDADE">
<displayName>CT_LOCALIDADE</displayName>
</SimpleField>
<SimpleField type="xsd:string" name="SCT_LOCALIDADE">
<displayName>SCT_LOCALIDADE</displayName>
</SimpleField>
<SimpleField type="xsd:string" name="CD_LOCALIDADE">
<displayName>CD_LOCALIDADE</displayName>
</SimpleField>
<SimpleField type="xsd:string" name="NM_LOCALIDADE">
<displayName>NM_LOCALIDADE</displayName>
</SimpleField>
<SimpleField type="xsd:string" name="LAT_LOCALIDADE">
<displayName>LAT_LOCALIDADE</displayName>
</SimpleField>
<SimpleField type="xsd:string" name="LONG_LOCALIDADE">
<displayName>LONG_LOCALIDADE</displayName>
</SimpleField>
</Schema>
<Schema name="Localidades" id="kml_schema_ft_Localidades">
<SimpleField type="xsd:string" name="CD_UF">
<displayName>CD_UF</displayName>
</SimpleField>
<SimpleField type="xsd:string" name="NM_UF">
<displayName>NM_UF</displayName>
</SimpleField>
<SimpleField type="xsd:string" name="SIGLA_UF">
<displayName>SIGLA_UF</displayName>
</SimpleField>
<SimpleField type="xsd:string" name="CD_MUN">
<displayName>CD_MUN</displayName>
</SimpleField>
<SimpleField type="xsd:string" name="NM_MUN">
<displayName>NM_MUN</displayName>
</SimpleField>
<SimpleField type="xsd:string" name="CD_RGINT">
<displayName>CD_RGINT</displayName>
</SimpleField>
<SimpleField type="xsd:string" name="NM_RGINT">
<displayName>NM_RGINT</displayName>
</SimpleField>
<SimpleField type="xsd:string" name="CD_RGI">
<displayName>CD_RGI</displayName>
</SimpleField>
<SimpleField type="xsd:string" name="NM_RGI">
<displayName>NM_RGI</displayName>
</SimpleField>
<SimpleField type="xsd:string" name="CT_LOCALIDADE">
<displayName>CT_LOCALIDADE</displayName>
</SimpleField>
<SimpleField type="xsd:string" name="SCT_LOCALIDADE">
<displayName>SCT_LOCALIDADE</displayName>
</SimpleField>
<SimpleField type="xsd:string" name="CD_LOCALIDADE">
<displayName>CD_LOCALIDADE</displayName>
</SimpleField>
<SimpleField type="xsd:string" name="NM_LOCALIDADE">
<displayName>NM_LOCALIDADE</displayName>
</SimpleField>
</Schema>
<Schema name="Núcleos Urbanos" id="kml_schema_ft_Núcleos_Urbanos">
<SimpleField type="xsd:string" name="CD_UF">
<displayName>CD_UF</displayName>
</SimpleField>
<SimpleField type="xsd:string" name="NM_UF">
<displayName>NM_UF</displayName>
</SimpleField>
<SimpleField type="xsd:string" name="SIGLA_UF">
<displayName>SIGLA_UF</displayName>
</SimpleField>
<SimpleField type="xsd:string" name="CD_MUN">
<displayName>CD_MUN</displayName>
</SimpleField>
<SimpleField type="xsd:string" name="NM_MUN">
<displayName>NM_MUN</displayName>
</SimpleField>
<SimpleField type="xsd:string" name="CD_RGINT">
<displayName>CD_RGINT</displayName>
</SimpleField>
<SimpleField type="xsd:string" name="NM_RGINT">
<displayName>NM_RGINT</displayName>
</SimpleField>
<SimpleField type="xsd:string" name="CD_RGI">
<displayName>CD_RGI</displayName>
</SimpleField>
<SimpleField type="xsd:string" name="NM_RGI">
<displayName>NM_RGI</displayName>
</SimpleField>
<SimpleField type="xsd:string" name="CT_LOCALIDADE">
<displayName>CT_LOCALIDADE</displayName>
</SimpleField>
<SimpleField type="xsd:string" name="CD_LOCALIDADE">
<displayName>CD_LOCALIDADE</displayName>
</SimpleField>
<SimpleField type="xsd:string" name="NM_LOCALIDADE">
<displayName>NM_LOCALIDADE</displayName>
</SimpleField>
<SimpleField type="xsd:string" name="LAT_LOCALIDADE">
<displayName>LAT_LOCALIDADE</displayName>
</SimpleField>
<SimpleField type="xsd:string" name="LONG_LOCALIDADE">
<displayName>LONG_LOCALIDADE</displayName>
</SimpleField>
</Schema>
<Schema name="01. Cidade" id="kml_schema_ft_01._Cidade">
<SimpleField type="xsd:string" name="CD_UF">
<displayName>CD_UF</displayName>
</SimpleField>
<SimpleField type="xsd:string" name="NM_UF">
<displayName>NM_UF</displayName>
</SimpleField>
<SimpleField type="xsd:string" name="SIGLA_UF">
<displayName>SIGLA_UF</displayName>
</SimpleField>
<SimpleField type="xsd:string" name="CD_MUN">
<displayName>CD_MUN</displayName>
</SimpleField>
<SimpleField type="xsd:string" name="NM_MUN">
<displayName>NM_MUN</displayName>
</SimpleField>
<SimpleField type="xsd:string" name="CD_RGINT">
<displayName>CD_RGINT</displayName>
</SimpleField>
<SimpleField type="xsd:string" name="NM_RGINT">
<displayName>NM_RGINT</displayName>
</SimpleField>
<SimpleField type="xsd:string" name="CD_RGI">
<displayName>CD_RGI</displayName>
</SimpleField>
<SimpleField type="xsd:string" name="NM_RGI">
<displayName>NM_RGI</displayName>
</SimpleField>
<SimpleField type="xsd:string" name="CT_LOCALIDADE">
<displayName>CT_LOCALIDADE</displayName>
</SimpleField>
<SimpleField type="xsd:string" name="SCT_LOCALIDADE">
<displayName>SCT_LOCALIDADE</displayName>
</SimpleField>
<SimpleField type="xsd:string" name="CD_LOCALIDADE">
<displayName>CD_LOCALIDADE</displayName>
</SimpleField>
<SimpleField type="xsd:string" name="NM_LOCALIDADE">
<displayName>NM_LOCALIDADE</displayName>
</SimpleField>
<SimpleField type="xsd:string" name="LAT_LOCALIDADE">
<displayName>LAT_LOCALIDADE</displayName>
</SimpleField>
<SimpleField type="xsd:string" name="LONG_LOCALIDADE">
<displayName>LONG_LOCALIDADE</displayName>
</SimpleField>
</Schema>
<Schema name="Município" id="kml_schema_ft_Município">
<SimpleField type="xsd:string" name="CD_UF">
<displayName>CD_UF</displayName>
</SimpleField>
<SimpleField type="xsd:string" name="NM_UF">
<displayName>NM_UF</displayName>
</SimpleField>
<SimpleField type="xsd:string" name="CD_MUN">
<displayName>CD_MUN</displayName>
</SimpleField>
<SimpleField type="xsd:string" name="NM_MUN">
<displayName>NM_MUN</displayName>
</SimpleField>
<SimpleField type="xsd:string" name="CD_RGINT">
<displayName>CD_RGINT</displayName>
</SimpleField>
<SimpleField type="xsd:string" name="NM_RGINT">
<displayName>NM_RGINT</displayName>
</SimpleField>
<SimpleField type="xsd:string" name="CD_RGI">
<displayName>CD_RGI</displayName>
</SimpleField>
<SimpleField type="xsd:string" name="NM_RGI">
<displayName>NM_RGI</displayName>
</SimpleField>
</Schema>
<Folder id="01. Cidade">
<name>01. Cidade</name>
<Folder id="01.03. Sede Municipal">
<name>01.03. Sede Municipal</name>
<Placemark id="01.03. Sede Municipal">
<name>Diamantina [3121605]</name>
<visibility>1</visibility>
<snippet> </snippet>
<description>&lt;center&gt;&lt;table&gt;&lt;tr&gt;&lt;th colspan='2' align='center'&gt;&lt;em&gt;Atributos&lt;/em&gt;&lt;/th&gt;&lt;/tr&gt;&lt;tr bgcolor="#E3E3F3"&gt;
&lt;th&gt;CD_UF&lt;/th&gt;
&lt;td&gt;31&lt;/td&gt;
&lt;/tr&gt;&lt;tr bgcolor=""&gt;
&lt;th&gt;NM_UF&lt;/th&gt;
&lt;td&gt;Minas Gerais&lt;/td&gt;
&lt;/tr&gt;&lt;tr bgcolor="#E3E3F3"&gt;
&lt;th&gt;SIGLA_UF&lt;/th&gt;
&lt;td&gt;MG&lt;/td&gt;
&lt;/tr&gt;&lt;tr bgcolor=""&gt;
&lt;th&gt;CD_MUN&lt;/th&gt;
&lt;td&gt;3121605&lt;/td&gt;
&lt;/tr&gt;&lt;tr bgcolor="#E3E3F3"&gt;
&lt;th&gt;NM_MUN&lt;/th&gt;
&lt;td&gt;Diamantina&lt;/td&gt;
&lt;/tr&gt;&lt;tr bgcolor=""&gt;
&lt;th&gt;CD_RGINT&lt;/th&gt;
&lt;td&gt;3103&lt;/td&gt;
&lt;/tr&gt;&lt;tr bgcolor="#E3E3F3"&gt;
&lt;th&gt;NM_RGINT&lt;/th&gt;
&lt;td&gt;Teófilo Otoni&lt;/td&gt;
&lt;/tr&gt;&lt;tr bgcolor=""&gt;
&lt;th&gt;CD_RGI&lt;/th&gt;
&lt;td&gt;310016&lt;/td&gt;
&lt;/tr&gt;&lt;tr bgcolor="#E3E3F3"&gt;
&lt;th&gt;NM_RGI&lt;/th&gt;
&lt;td&gt;Diamantina&lt;/td&gt;
&lt;/tr&gt;&lt;tr bgcolor=""&gt;
&lt;th&gt;CT_LOCALIDADE&lt;/th&gt;
&lt;td&gt;Cidade&lt;/td&gt;
&lt;/tr&gt;&lt;tr bgcolor="#E3E3F3"&gt;
&lt;th&gt;SCT_LOCALIDADE&lt;/th&gt;
&lt;td&gt;Sede Municipal&lt;/td&gt;
&lt;/tr&gt;&lt;tr bgcolor=""&gt;
&lt;th&gt;CD_LOCALIDADE&lt;/th&gt;
&lt;td&gt;3121605&lt;/td&gt;
&lt;/tr&gt;&lt;tr bgcolor="#E3E3F3"&gt;
&lt;th&gt;NM_LOCALIDADE&lt;/th&gt;
&lt;td&gt;Diamantina&lt;/td&gt;
&lt;/tr&gt;&lt;tr bgcolor=""&gt;
&lt;th&gt;LAT_LOCALIDADE&lt;/th&gt;
&lt;td&gt;-18.2448&lt;/td&gt;
&lt;/tr&gt;&lt;tr bgcolor="#E3E3F3"&gt;
&lt;th&gt;LONG_LOCALIDADE&lt;/th&gt;
&lt;td&gt;-43.5973&lt;/td&gt;
&lt;/tr&gt;&lt;/table&gt;&lt;/center&gt;</description>
<Style>
<IconStyle>
<color>ff00aaff</color>
<scale>1.0</scale>
<Icon>
<href>http://maps.google.com/mapfiles/kml/shapes/placemark_circle.png</href>
</Icon>
</IconStyle>
<LabelStyle>
<scale>1.0</scale>
</LabelStyle>
<LineStyle>
<color>ffffffff</color>
<width>3</width>
<gx:labelVisibility>1</gx:labelVisibility>
</LineStyle>
<PolyStyle>
<color>00ffffff</color>
</PolyStyle>
</Style>
<ExtendedData>
<SchemaData schemaUrl="#kml_schema_ft_01._Cidade">
<SimpleData name="CD_UF">31</SimpleData>
<SimpleData name="NM_UF">Minas Gerais</SimpleData>
<SimpleData name="SIGLA_UF">MG</SimpleData>
<SimpleData name="CD_MUN">3121605</SimpleData>
<SimpleData name="NM_MUN">Diamantina</SimpleData>
<SimpleData name="CD_RGINT">3103</SimpleData>
<SimpleData name="NM_RGINT">Teófilo Otoni</SimpleData>
<SimpleData name="CD_RGI">310016</SimpleData>
<SimpleData name="NM_RGI">Diamantina</SimpleData>
<SimpleData name="CT_LOCALIDADE">Cidade</SimpleData>
<SimpleData name="SCT_LOCALIDADE">Sede Municipal</SimpleData>
<SimpleData name="CD_LOCALIDADE">3121605</SimpleData>
<SimpleData name="NM_LOCALIDADE">Diamantina</SimpleData>
<SimpleData name="LAT_LOCALIDADE">-18.2448</SimpleData>
<SimpleData name="LONG_LOCALIDADE">-43.5973</SimpleData>
</SchemaData>
</ExtendedData>
<Point>
<extrude>0</extrude>
<coordinates>-43.5973,-18.2447999994374,0.0</coordinates>
</Point>
</Placemark>
</Folder>
</Folder>
<Folder id="04. Vilas">
<name>04. Vilas</name>
<Placemark id="04. Vilas">
<name>Conselheiro Mata [312160510]</name>
<visibility>1</visibility>
<snippet> </snippet>
<description>&lt;center&gt;&lt;table&gt;&lt;tr&gt;&lt;th colspan='2' align='center'&gt;&lt;em&gt;Atributos&lt;/em&gt;&lt;/th&gt;&lt;/tr&gt;&lt;tr bgcolor="#E3E3F3"&gt;
&lt;th&gt;CD_UF&lt;/th&gt;
&lt;td&gt;31&lt;/td&gt;
&lt;/tr&gt;&lt;tr bgcolor=""&gt;
&lt;th&gt;NM_UF&lt;/th&gt;
&lt;td&gt;Minas Gerais&lt;/td&gt;
&lt;/tr&gt;&lt;tr bgcolor="#E3E3F3"&gt;
&lt;th&gt;SIGLA_UF&lt;/th&gt;
&lt;td&gt;MG&lt;/td&gt;
&lt;/tr&gt;&lt;tr bgcolor=""&gt;
&lt;th&gt;CD_MUN&lt;/th&gt;
&lt;td&gt;3121605&lt;/td&gt;
&lt;/tr&gt;&lt;tr bgcolor="#E3E3F3"&gt;
&lt;th&gt;NM_MUN&lt;/th&gt;
&lt;td&gt;Diamantina&lt;/td&gt;
&lt;/tr&gt;&lt;tr bgcolor=""&gt;
&lt;th&gt;CD_RGINT&lt;/th&gt;
&lt;td&gt;3103&lt;/td&gt;
&lt;/tr&gt;&lt;tr bgcolor="#E3E3F3"&gt;
&lt;th&gt;NM_RGINT&lt;/th&gt;
&lt;td&gt;Teófilo Otoni&lt;/td&gt;
&lt;/tr&gt;&lt;tr bgcolor=""&gt;
&lt;th&gt;CD_RGI&lt;/th&gt;
&lt;td&gt;310016&lt;/td&gt;
&lt;/tr&gt;&lt;tr bgcolor="#E3E3F3"&gt;
&lt;th&gt;NM_RGI&lt;/th&gt;
&lt;td&gt;Diamantina&lt;/td&gt;
&lt;/tr&gt;&lt;tr bgcolor=""&gt;
&lt;th&gt;CT_LOCALIDADE&lt;/th&gt;
&lt;td&gt;Vila&lt;/td&gt;
&lt;/tr&gt;&lt;tr bgcolor="#E3E3F3"&gt;
&lt;th&gt;CD_LOCALIDADE&lt;/th&gt;
&lt;td&gt;312160510&lt;/td&gt;
&lt;/tr&gt;&lt;tr bgcolor=""&gt;
&lt;th&gt;NM_LOCALIDADE&lt;/th&gt;
&lt;td&gt;Conselheiro Mata&lt;/td&gt;
&lt;/tr&gt;&lt;tr bgcolor="#E3E3F3"&gt;
&lt;th&gt;LAT_LOCALIDADE&lt;/th&gt;
&lt;td&gt;-18.2896&lt;/td&gt;
&lt;/tr&gt;&lt;tr bgcolor=""&gt;
&lt;th&gt;LONG_LOCALIDADE&lt;/th&gt;
&lt;td&gt;-43.9817&lt;/td&gt;
&lt;/tr&gt;&lt;/table&gt;&lt;/center&gt;</description>
<Style>
<IconStyle>
<color>ffff5400</color>
<scale>1.0</scale>
<Icon>
<href>http://maps.google.com/mapfiles/kml/shapes/placemark_circle.png</href>
</Icon>
</IconStyle>
<LabelStyle>
<scale>0.9</scale>
</LabelStyle>
<LineStyle>
<color>72ffffff</color>
<width>1.0</width>
<gx:labelVisibility>1</gx:labelVisibility>
</LineStyle>
<PolyStyle>
<color>660054ff</color>
</PolyStyle>
</Style>
<ExtendedData>
<SchemaData schemaUrl="#kml_schema_ft_Vilas">
<SimpleData name="CD_UF">31</SimpleData>
<SimpleData name="NM_UF">Minas Gerais</SimpleData>
<SimpleData name="SIGLA_UF">MG</SimpleData>
<SimpleData name="CD_MUN">3121605</SimpleData>
<SimpleData name="NM_MUN">Diamantina</SimpleData>
<SimpleData name="CD_RGINT">3103</SimpleData>
<SimpleData name="NM_RGINT">Teófilo Otoni</SimpleData>
<SimpleData name="CD_RGI">310016</SimpleData>
<SimpleData name="NM_RGI">Diamantina</SimpleData>
<SimpleData name="CT_LOCALIDADE">Vila</SimpleData>
<SimpleData name="CD_LOCALIDADE">312160510</SimpleData>
<SimpleData name="NM_LOCALIDADE">Conselheiro Mata</SimpleData>
<SimpleData name="LAT_LOCALIDADE">-18.2896</SimpleData>
<SimpleData name="LONG_LOCALIDADE">-43.9817</SimpleData>
</SchemaData>
</ExtendedData>
<Point>
<extrude>0</extrude>
<coordinates>-43.9817,-18.2895999994362,0.0</coordinates>
</Point>
</Placemark>
<Placemark id="04. Vilas">
<name>Desembargador Otoni [312160515]</name>
<visibility>1</visibility>
<snippet> </snippet>
<description>&lt;center&gt;&lt;table&gt;&lt;tr&gt;&lt;th colspan='2' align='center'&gt;&lt;em&gt;Atributos&lt;/em&gt;&lt;/th&gt;&lt;/tr&gt;&lt;tr bgcolor="#E3E3F3"&gt;
&lt;th&gt;CD_UF&lt;/th&gt;
&lt;td&gt;31&lt;/td&gt;
&lt;/tr&gt;&lt;tr bgcolor=""&gt;
&lt;th&gt;NM_UF&lt;/th&gt;
&lt;td&gt;Minas Gerais&lt;/td&gt;
&lt;/tr&gt;&lt;tr bgcolor="#E3E3F3"&gt;
&lt;th&gt;SIGLA_UF&lt;/th&gt;
&lt;td&gt;MG&lt;/td&gt;
&lt;/tr&gt;&lt;tr bgcolor=""&gt;
&lt;th&gt;CD_MUN&lt;/th&gt;
&lt;td&gt;3121605&lt;/td&gt;
&lt;/tr&gt;&lt;tr bgcolor="#E3E3F3"&gt;
&lt;th&gt;NM_MUN&lt;/th&gt;
&lt;td&gt;Diamantina&lt;/td&gt;
&lt;/tr&gt;&lt;tr bgcolor=""&gt;
&lt;th&gt;CD_RGINT&lt;/th&gt;
&lt;td&gt;3103&lt;/td&gt;
&lt;/tr&gt;&lt;tr bgcolor="#E3E3F3"&gt;
&lt;th&gt;NM_RGINT&lt;/th&gt;
&lt;td&gt;Teófilo Otoni&lt;/td&gt;
&lt;/tr&gt;&lt;tr bgcolor=""&gt;
&lt;th&gt;CD_RGI&lt;/th&gt;
&lt;td&gt;310016&lt;/td&gt;
&lt;/tr&gt;&lt;tr bgcolor="#E3E3F3"&gt;
&lt;th&gt;NM_RGI&lt;/th&gt;
&lt;td&gt;Diamantina&lt;/td&gt;
&lt;/tr&gt;&lt;tr bgcolor=""&gt;
&lt;th&gt;CT_LOCALIDADE&lt;/th&gt;
&lt;td&gt;Vila&lt;/td&gt;
&lt;/tr&gt;&lt;tr bgcolor="#E3E3F3"&gt;
&lt;th&gt;CD_LOCALIDADE&lt;/th&gt;
&lt;td&gt;312160515&lt;/td&gt;
&lt;/tr&gt;&lt;tr bgcolor=""&gt;
&lt;th&gt;NM_LOCALIDADE&lt;/th&gt;
&lt;td&gt;Desembargador Otoni&lt;/td&gt;
&lt;/tr&gt;&lt;tr bgcolor="#E3E3F3"&gt;
&lt;th&gt;LAT_LOCALIDADE&lt;/th&gt;
&lt;td&gt;-17.695&lt;/td&gt;
&lt;/tr&gt;&lt;tr bgcolor=""&gt;
&lt;th&gt;LONG_LOCALIDADE&lt;/th&gt;
&lt;td&gt;-43.3329&lt;/td&gt;
&lt;/tr&gt;&lt;/table&gt;&lt;/center&gt;</description>
<Style>
<IconStyle>
<color>ffff5400</color>
<scale>1.0</scale>
<Icon>
<href>http://maps.google.com/mapfiles/kml/shapes/placemark_circle.png</href>
</Icon>
</IconStyle>
<LabelStyle>
<scale>0.9</scale>
</LabelStyle>
<LineStyle>
<color>72ffffff</color>
<width>1.0</width>
<gx:labelVisibility>1</gx:labelVisibility>
</LineStyle>
<PolyStyle>
<color>660054ff</color>
</PolyStyle>
</Style>
<ExtendedData>
<SchemaData schemaUrl="#kml_schema_ft_Vilas">
<SimpleData name="CD_UF">31</SimpleData>
<SimpleData name="NM_UF">Minas Gerais</SimpleData>
<SimpleData name="SIGLA_UF">MG</SimpleData>
<SimpleData name="CD_MUN">3121605</SimpleData>
<SimpleData name="NM_MUN">Diamantina</SimpleData>
<SimpleData name="CD_RGINT">3103</SimpleData>
<SimpleData name="NM_RGINT">Teófilo Otoni</SimpleData>
<SimpleData name="CD_RGI">310016</SimpleData>
<SimpleData name="NM_RGI">Diamantina</SimpleData>
<SimpleData name="CT_LOCALIDADE">Vila</SimpleData>
<SimpleData name="CD_LOCALIDADE">312160515</SimpleData>
<SimpleData name="NM_LOCALIDADE">Desembargador Otoni</SimpleData>
<SimpleData name="LAT_LOCALIDADE">-17.695</SimpleData>
<SimpleData name="LONG_LOCALIDADE">-43.3329</SimpleData>
</SchemaData>
</ExtendedData>
<Point>
<extrude>0</extrude>
<coordinates>-43.3329,-17.694999999452,0.0</coordinates>
</Point>
</Placemark>
<Placemark id="04. Vilas">
<name>Extração [312160520]</name>
<visibility>1</visibility>
<snippet> </snippet>
<description>&lt;center&gt;&lt;table&gt;&lt;tr&gt;&lt;th colspan='2' align='center'&gt;&lt;em&gt;Atributos&lt;/em&gt;&lt;/th&gt;&lt;/tr&gt;&lt;tr bgcolor="#E3E3F3"&gt;
&lt;th&gt;CD_UF&lt;/th&gt;
&lt;td&gt;31&lt;/td&gt;
&lt;/tr&gt;&lt;tr bgcolor=""&gt;
&lt;th&gt;NM_UF&lt;/th&gt;
&lt;td&gt;Minas Gerais&lt;/td&gt;
&lt;/tr&gt;&lt;tr bgcolor="#E3E3F3"&gt;
&lt;th&gt;SIGLA_UF&lt;/th&gt;
&lt;td&gt;MG&lt;/td&gt;
&lt;/tr&gt;&lt;tr bgcolor=""&gt;
&lt;th&gt;CD_MUN&lt;/th&gt;
&lt;td&gt;3121605&lt;/td&gt;
&lt;/tr&gt;&lt;tr bgcolor="#E3E3F3"&gt;
&lt;th&gt;NM_MUN&lt;/th&gt;
&lt;td&gt;Diamantina&lt;/td&gt;
&lt;/tr&gt;&lt;tr bgcolor=""&gt;
&lt;th&gt;CD_RGINT&lt;/th&gt;
&lt;td&gt;3103&lt;/td&gt;
&lt;/tr&gt;&lt;tr bgcolor="#E3E3F3"&gt;
&lt;th&gt;NM_RGINT&lt;/th&gt;
&lt;td&gt;Teófilo Otoni&lt;/td&gt;
&lt;/tr&gt;&lt;tr bgcolor=""&gt;
&lt;th&gt;CD_RGI&lt;/th&gt;
&lt;td&gt;310016&lt;/td&gt;
&lt;/tr&gt;&lt;tr bgcolor="#E3E3F3"&gt;
&lt;th&gt;NM_RGI&lt;/th&gt;
&lt;td&gt;Diamantina&lt;/td&gt;
&lt;/tr&gt;&lt;tr bgcolor=""&gt;
&lt;th&gt;CT_LOCALIDADE&lt;/th&gt;
&lt;td&gt;Vila&lt;/td&gt;
&lt;/tr&gt;&lt;tr bgcolor="#E3E3F3"&gt;
&lt;th&gt;CD_LOCALIDADE&lt;/th&gt;
&lt;td&gt;312160520&lt;/td&gt;
&lt;/tr&gt;&lt;tr bgcolor=""&gt;
&lt;th&gt;NM_LOCALIDADE&lt;/th&gt;
&lt;td&gt;Extração&lt;/td&gt;
&lt;/tr&gt;&lt;tr bgcolor="#E3E3F3"&gt;
&lt;th&gt;LAT_LOCALIDADE&lt;/th&gt;
&lt;td&gt;-18.2836&lt;/td&gt;
&lt;/tr&gt;&lt;tr bgcolor=""&gt;
&lt;th&gt;LONG_LOCALIDADE&lt;/th&gt;
&lt;td&gt;-43.5229&lt;/td&gt;
&lt;/tr&gt;&lt;/table&gt;&lt;/center&gt;</description>
<Style>
<IconStyle>
<color>ffff5400</color>
<scale>1.0</scale>
<Icon>
<href>http://maps.google.com/mapfiles/kml/shapes/placemark_circle.png</href>
</Icon>
</IconStyle>
<LabelStyle>
<scale>0.9</scale>
</LabelStyle>
<LineStyle>
<color>72ffffff</color>
<width>1.0</width>
<gx:labelVisibility>1</gx:labelVisibility>
</LineStyle>
<PolyStyle>
<color>660054ff</color>
</PolyStyle>
</Style>
<ExtendedData>
<SchemaData schemaUrl="#kml_schema_ft_Vilas">
<SimpleData name="CD_UF">31</SimpleData>
<SimpleData name="NM_UF">Minas Gerais</SimpleData>
<SimpleData name="SIGLA_UF">MG</SimpleData>
<SimpleData name="CD_MUN">3121605</SimpleData>
<SimpleData name="NM_MUN">Diamantina</SimpleData>
<SimpleData name="CD_RGINT">3103</SimpleData>
<SimpleData name="NM_RGINT">Teófilo Otoni</SimpleData>
<SimpleData name="CD_RGI">310016</SimpleData>
<SimpleData name="NM_RGI">Diamantina</SimpleData>
<SimpleData name="CT_LOCALIDADE">Vila</SimpleData>
<SimpleData name="CD_LOCALIDADE">312160520</SimpleData>
<SimpleData name="NM_LOCALIDADE">Extração</SimpleData>
<SimpleData name="LAT_LOCALIDADE">-18.2836</SimpleData>
<SimpleData name="LONG_LOCALIDADE">-43.5229</SimpleData>
</SchemaData>
</ExtendedData>
<Point>
<extrude>0</extrude>
<coordinates>-43.5229,-18.2835999994363,0.0</coordinates>
</Point>
</Placemark>
<Placemark id="04. Vilas">
<name>Guinda [312160525]</name>
<visibility>1</visibility>
<snippet> </snippet>
<description>&lt;center&gt;&lt;table&gt;&lt;tr&gt;&lt;th colspan='2' align='center'&gt;&lt;em&gt;Atributos&lt;/em&gt;&lt;/th&gt;&lt;/tr&gt;&lt;tr bgcolor="#E3E3F3"&gt;
&lt;th&gt;CD_UF&lt;/th&gt;
&lt;td&gt;31&lt;/td&gt;
&lt;/tr&gt;&lt;tr bgcolor=""&gt;
&lt;th&gt;NM_UF&lt;/th&gt;
&lt;td&gt;Minas Gerais&lt;/td&gt;
&lt;/tr&gt;&lt;tr bgcolor="#E3E3F3"&gt;
&lt;th&gt;SIGLA_UF&lt;/th&gt;
&lt;td&gt;MG&lt;/td&gt;
&lt;/tr&gt;&lt;tr bgcolor=""&gt;
&lt;th&gt;CD_MUN&lt;/th&gt;
&lt;td&gt;3121605&lt;/td&gt;
&lt;/tr&gt;&lt;tr bgcolor="#E3E3F3"&gt;
&lt;th&gt;NM_MUN&lt;/th&gt;
&lt;td&gt;Diamantina&lt;/td&gt;
&lt;/tr&gt;&lt;tr bgcolor=""&gt;
&lt;th&gt;CD_RGINT&lt;/th&gt;
&lt;td&gt;3103&lt;/td&gt;
&lt;/tr&gt;&lt;tr bgcolor="#E3E3F3"&gt;
&lt;th&gt;NM_RGINT&lt;/th&gt;
&lt;td&gt;Teófilo Otoni&lt;/td&gt;
&lt;/tr&gt;&lt;tr bgcolor=""&gt;
&lt;th&gt;CD_RGI&lt;/th&gt;
&lt;td&gt;310016&lt;/td&gt;
&lt;/tr&gt;&lt;tr bgcolor="#E3E3F3"&gt;
&lt;th&gt;NM_RGI&lt;/th&gt;
&lt;td&gt;Diamantina&lt;/td&gt;
&lt;/tr&gt;&lt;tr bgcolor=""&gt;
&lt;th&gt;CT_LOCALIDADE&lt;/th&gt;
&lt;td&gt;Vila&lt;/td&gt;
&lt;/tr&gt;&lt;tr bgcolor="#E3E3F3"&gt;
&lt;th&gt;CD_LOCALIDADE&lt;/th&gt;
&lt;td&gt;312160525&lt;/td&gt;
&lt;/tr&gt;&lt;tr bgcolor=""&gt;
&lt;th&gt;NM_LOCALIDADE&lt;/th&gt;
&lt;td&gt;Guinda&lt;/td&gt;
&lt;/tr&gt;&lt;tr bgcolor="#E3E3F3"&gt;
&lt;th&gt;LAT_LOCALIDADE&lt;/th&gt;
&lt;td&gt;-18.2539&lt;/td&gt;
&lt;/tr&gt;&lt;tr bgcolor=""&gt;
&lt;th&gt;LONG_LOCALIDADE&lt;/th&gt;
&lt;td&gt;-43.6813&lt;/td&gt;
&lt;/tr&gt;&lt;/table&gt;&lt;/center&gt;</description>
<Style>
<IconStyle>
<color>ffff5400</color>
<scale>1.0</scale>
<Icon>
<href>http://maps.google.com/mapfiles/kml/shapes/placemark_circle.png</href>
</Icon>
</IconStyle>
<LabelStyle>
<scale>0.9</scale>
</LabelStyle>
<LineStyle>
<color>72ffffff</color>
<width>1.0</width>
<gx:labelVisibility>1</gx:labelVisibility>
</LineStyle>
<PolyStyle>
<color>660054ff</color>
</PolyStyle>
</Style>
<ExtendedData>
<SchemaData schemaUrl="#kml_schema_ft_Vilas">
<SimpleData name="CD_UF">31</SimpleData>
<SimpleData name="NM_UF">Minas Gerais</SimpleData>
<SimpleData name="SIGLA_UF">MG</SimpleData>
<SimpleData name="CD_MUN">3121605</SimpleData>
<SimpleData name="NM_MUN">Diamantina</SimpleData>
<SimpleData name="CD_RGINT">3103</SimpleData>
<SimpleData name="NM_RGINT">Teófilo Otoni</SimpleData>
<SimpleData name="CD_RGI">310016</SimpleData>
<SimpleData name="NM_RGI">Diamantina</SimpleData>
<SimpleData name="CT_LOCALIDADE">Vila</SimpleData>
<SimpleData name="CD_LOCALIDADE">312160525</SimpleData>
<SimpleData name="NM_LOCALIDADE">Guinda</SimpleData>
<SimpleData name="LAT_LOCALIDADE">-18.2539</SimpleData>
<SimpleData name="LONG_LOCALIDADE">-43.6813</SimpleData>
</SchemaData>
</ExtendedData>
<Point>
<extrude>0</extrude>
<coordinates>-43.6813,-18.2538999994371,0.0</coordinates>
</Point>
</Placemark>
<Placemark id="04. Vilas">
<name>Inhaí [312160530]</name>
<visibility>1</visibility>
<snippet> </snippet>
<description>&lt;center&gt;&lt;table&gt;&lt;tr&gt;&lt;th colspan='2' align='center'&gt;&lt;em&gt;Atributos&lt;/em&gt;&lt;/th&gt;&lt;/tr&gt;&lt;tr bgcolor="#E3E3F3"&gt;
&lt;th&gt;CD_UF&lt;/th&gt;
&lt;td&gt;31&lt;/td&gt;
&lt;/tr&gt;&lt;tr bgcolor=""&gt;
&lt;th&gt;NM_UF&lt;/th&gt;
&lt;td&gt;Minas Gerais&lt;/td&gt;
&lt;/tr&gt;&lt;tr bgcolor="#E3E3F3"&gt;
&lt;th&gt;SIGLA_UF&lt;/th&gt;
&lt;td&gt;MG&lt;/td&gt;
&lt;/tr&gt;&lt;tr bgcolor=""&gt;
&lt;th&gt;CD_MUN&lt;/th&gt;
&lt;td&gt;3121605&lt;/td&gt;
&lt;/tr&gt;&lt;tr bgcolor="#E3E3F3"&gt;
&lt;th&gt;NM_MUN&lt;/th&gt;
&lt;td&gt;Diamantina&lt;/td&gt;
&lt;/tr&gt;&lt;tr bgcolor=""&gt;
&lt;th&gt;CD_RGINT&lt;/th&gt;
&lt;td&gt;3103&lt;/td&gt;
&lt;/tr&gt;&lt;tr bgcolor="#E3E3F3"&gt;
&lt;th&gt;NM_RGINT&lt;/th&gt;
&lt;td&gt;Teófilo Otoni&lt;/td&gt;
&lt;/tr&gt;&lt;tr bgcolor=""&gt;
&lt;th&gt;CD_RGI&lt;/th&gt;
&lt;td&gt;310016&lt;/td&gt;
&lt;/tr&gt;&lt;tr bgcolor="#E3E3F3"&gt;
&lt;th&gt;NM_RGI&lt;/th&gt;
&lt;td&gt;Diamantina&lt;/td&gt;
&lt;/tr&gt;&lt;tr bgcolor=""&gt;
&lt;th&gt;CT_LOCALIDADE&lt;/th&gt;
&lt;td&gt;Vila&lt;/td&gt;
&lt;/tr&gt;&lt;tr bgcolor="#E3E3F3"&gt;
&lt;th&gt;CD_LOCALIDADE&lt;/th&gt;
&lt;td&gt;312160530&lt;/td&gt;
&lt;/tr&gt;&lt;tr bgcolor=""&gt;
&lt;th&gt;NM_LOCALIDADE&lt;/th&gt;
&lt;td&gt;Inhaí&lt;/td&gt;
&lt;/tr&gt;&lt;tr bgcolor="#E3E3F3"&gt;
&lt;th&gt;LAT_LOCALIDADE&lt;/th&gt;
&lt;td&gt;-17.9398&lt;/td&gt;
&lt;/tr&gt;&lt;tr bgcolor=""&gt;
&lt;th&gt;LONG_LOCALIDADE&lt;/th&gt;
&lt;td&gt;-43.6195&lt;/td&gt;
&lt;/tr&gt;&lt;/table&gt;&lt;/center&gt;</description>
<Style>
<IconStyle>
<color>ffff5400</color>
<scale>1.0</scale>
<Icon>
<href>http://maps.google.com/mapfiles/kml/shapes/placemark_circle.png</href>
</Icon>
</IconStyle>
<LabelStyle>
<scale>0.9</scale>
</LabelStyle>
<LineStyle>
<color>72ffffff</color>
<width>1.0</width>
<gx:labelVisibility>1</gx:labelVisibility>
</LineStyle>
<PolyStyle>
<color>660054ff</color>
</PolyStyle>
</Style>
<ExtendedData>
<SchemaData schemaUrl="#kml_schema_ft_Vilas">
<SimpleData name="CD_UF">31</SimpleData>
<SimpleData name="NM_UF">Minas Gerais</SimpleData>
<SimpleData name="SIGLA_UF">MG</SimpleData>
<SimpleData name="CD_MUN">3121605</SimpleData>
<SimpleData name="NM_MUN">Diamantina</SimpleData>
<SimpleData name="CD_RGINT">3103</SimpleData>
<SimpleData name="NM_RGINT">Teófilo Otoni</SimpleData>
<SimpleData name="CD_RGI">310016</SimpleData>
<SimpleData name="NM_RGI">Diamantina</SimpleData>
<SimpleData name="CT_LOCALIDADE">Vila</SimpleData>
<SimpleData name="CD_LOCALIDADE">312160530</SimpleData>
<SimpleData name="NM_LOCALIDADE">Inhaí</SimpleData>
<SimpleData name="LAT_LOCALIDADE">-17.9398</SimpleData>
<SimpleData name="LONG_LOCALIDADE">-43.6195</SimpleData>
</SchemaData>
</ExtendedData>
<Point>
<extrude>0</extrude>
<coordinates>-43.6195,-17.9397999994455,0.0</coordinates>
</Point>
</Placemark>
<Placemark id="04. Vilas">
<name>Mendanha [312160535]</name>
<visibility>1</visibility>
<snippet> </snippet>
<description>&lt;center&gt;&lt;table&gt;&lt;tr&gt;&lt;th colspan='2' align='center'&gt;&lt;em&gt;Atributos&lt;/em&gt;&lt;/th&gt;&lt;/tr&gt;&lt;tr bgcolor="#E3E3F3"&gt;
&lt;th&gt;CD_UF&lt;/th&gt;
&lt;td&gt;31&lt;/td&gt;
&lt;/tr&gt;&lt;tr bgcolor=""&gt;
&lt;th&gt;NM_UF&lt;/th&gt;
&lt;td&gt;Minas Gerais&lt;/td&gt;
&lt;/tr&gt;&lt;tr bgcolor="#E3E3F3"&gt;
&lt;th&gt;SIGLA_UF&lt;/th&gt;
&lt;td&gt;MG&lt;/td&gt;
&lt;/tr&gt;&lt;tr bgcolor=""&gt;
&lt;th&gt;CD_MUN&lt;/th&gt;
&lt;td&gt;3121605&lt;/td&gt;
&lt;/tr&gt;&lt;tr bgcolor="#E3E3F3"&gt;
&lt;th&gt;NM_MUN&lt;/th&gt;
&lt;td&gt;Diamantina&lt;/td&gt;
&lt;/tr&gt;&lt;tr bgcolor=""&gt;
&lt;th&gt;CD_RGINT&lt;/th&gt;
&lt;td&gt;3103&lt;/td&gt;
&lt;/tr&gt;&lt;tr bgcolor="#E3E3F3"&gt;
&lt;th&gt;NM_RGINT&lt;/th&gt;
&lt;td&gt;Teófilo Otoni&lt;/td&gt;
&lt;/tr&gt;&lt;tr bgcolor=""&gt;
&lt;th&gt;CD_RGI&lt;/th&gt;
&lt;td&gt;310016&lt;/td&gt;
&lt;/tr&gt;&lt;tr bgcolor="#E3E3F3"&gt;
&lt;th&gt;NM_RGI&lt;/th&gt;
&lt;td&gt;Diamantina&lt;/td&gt;
&lt;/tr&gt;&lt;tr bgcolor=""&gt;
&lt;th&gt;CT_LOCALIDADE&lt;/th&gt;
&lt;td&gt;Vila&lt;/td&gt;
&lt;/tr&gt;&lt;tr bgcolor="#E3E3F3"&gt;
&lt;th&gt;CD_LOCALIDADE&lt;/th&gt;
&lt;td&gt;312160535&lt;/td&gt;
&lt;/tr&gt;&lt;tr bgcolor=""&gt;
&lt;th&gt;NM_LOCALIDADE&lt;/th&gt;
&lt;td&gt;Mendanha&lt;/td&gt;
&lt;/tr&gt;&lt;tr bgcolor="#E3E3F3"&gt;
&lt;th&gt;LAT_LOCALIDADE&lt;/th&gt;
&lt;td&gt;-18.1105&lt;/td&gt;
&lt;/tr&gt;&lt;tr bgcolor=""&gt;
&lt;th&gt;LONG_LOCALIDADE&lt;/th&gt;
&lt;td&gt;-43.5253&lt;/td&gt;
&lt;/tr&gt;&lt;/table&gt;&lt;/center&gt;</description>
<Style>
<IconStyle>
<color>ffff5400</color>
<scale>1.0</scale>
<Icon>
<href>http://maps.google.com/mapfiles/kml/shapes/placemark_circle.png</href>
</Icon>
</IconStyle>
<LabelStyle>
<scale>0.9</scale>
</LabelStyle>
<LineStyle>
<color>72ffffff</color>
<width>1.0</width>
<gx:labelVisibility>1</gx:labelVisibility>
</LineStyle>
<PolyStyle>
<color>660054ff</color>
</PolyStyle>
</Style>
<ExtendedData>
<SchemaData schemaUrl="#kml_schema_ft_Vilas">
<SimpleData name="CD_UF">31</SimpleData>
<SimpleData name="NM_UF">Minas Gerais</SimpleData>
<SimpleData name="SIGLA_UF">MG</SimpleData>
<SimpleData name="CD_MUN">3121605</SimpleData>
<SimpleData name="NM_MUN">Diamantina</SimpleData>
<SimpleData name="CD_RGINT">3103</SimpleData>
<SimpleData name="NM_RGINT">Teófilo Otoni</SimpleData>
<SimpleData name="CD_RGI">310016</SimpleData>
<SimpleData name="NM_RGI">Diamantina</SimpleData>
<SimpleData name="CT_LOCALIDADE">Vila</SimpleData>
<SimpleData name="CD_LOCALIDADE">312160535</SimpleData>
<SimpleData name="NM_LOCALIDADE">Mendanha</SimpleData>
<SimpleData name="LAT_LOCALIDADE">-18.1105</SimpleData>
<SimpleData name="LONG_LOCALIDADE">-43.5253</SimpleData>
</SchemaData>
</ExtendedData>
<Point>
<extrude>0</extrude>
<coordinates>-43.5253,-18.1104999994409,0.0</coordinates>
</Point>
</Placemark>
<Placemark id="04. Vilas">
<name>Planalto de Minas [312160540]</name>
<visibility>1</visibility>
<snippet> </snippet>
<description>&lt;center&gt;&lt;table&gt;&lt;tr&gt;&lt;th colspan='2' align='center'&gt;&lt;em&gt;Atributos&lt;/em&gt;&lt;/th&gt;&lt;/tr&gt;&lt;tr bgcolor="#E3E3F3"&gt;
&lt;th&gt;CD_UF&lt;/th&gt;
&lt;td&gt;31&lt;/td&gt;
&lt;/tr&gt;&lt;tr bgcolor=""&gt;
&lt;th&gt;NM_UF&lt;/th&gt;
&lt;td&gt;Minas Gerais&lt;/td&gt;
&lt;/tr&gt;&lt;tr bgcolor="#E3E3F3"&gt;
&lt;th&gt;SIGLA_UF&lt;/th&gt;
&lt;td&gt;MG&lt;/td&gt;
&lt;/tr&gt;&lt;tr bgcolor=""&gt;
&lt;th&gt;CD_MUN&lt;/th&gt;
&lt;td&gt;3121605&lt;/td&gt;
&lt;/tr&gt;&lt;tr bgcolor="#E3E3F3"&gt;
&lt;th&gt;NM_MUN&lt;/th&gt;
&lt;td&gt;Diamantina&lt;/td&gt;
&lt;/tr&gt;&lt;tr bgcolor=""&gt;
&lt;th&gt;CD_RGINT&lt;/th&gt;
&lt;td&gt;3103&lt;/td&gt;
&lt;/tr&gt;&lt;tr bgcolor="#E3E3F3"&gt;
&lt;th&gt;NM_RGINT&lt;/th&gt;
&lt;td&gt;Teófilo Otoni&lt;/td&gt;
&lt;/tr&gt;&lt;tr bgcolor=""&gt;
&lt;th&gt;CD_RGI&lt;/th&gt;
&lt;td&gt;310016&lt;/td&gt;
&lt;/tr&gt;&lt;tr bgcolor="#E3E3F3"&gt;
&lt;th&gt;NM_RGI&lt;/th&gt;
&lt;td&gt;Diamantina&lt;/td&gt;
&lt;/tr&gt;&lt;tr bgcolor=""&gt;
&lt;th&gt;CT_LOCALIDADE&lt;/th&gt;
&lt;td&gt;Vila&lt;/td&gt;
&lt;/tr&gt;&lt;tr bgcolor="#E3E3F3"&gt;
&lt;th&gt;CD_LOCALIDADE&lt;/th&gt;
&lt;td&gt;312160540&lt;/td&gt;
&lt;/tr&gt;&lt;tr bgcolor=""&gt;
&lt;th&gt;NM_LOCALIDADE&lt;/th&gt;
&lt;td&gt;Planalto de Minas&lt;/td&gt;
&lt;/tr&gt;&lt;tr bgcolor="#E3E3F3"&gt;
&lt;th&gt;LAT_LOCALIDADE&lt;/th&gt;
&lt;td&gt;-17.6501&lt;/td&gt;
&lt;/tr&gt;&lt;tr bgcolor=""&gt;
&lt;th&gt;LONG_LOCALIDADE&lt;/th&gt;
&lt;td&gt;-43.3228&lt;/td&gt;
&lt;/tr&gt;&lt;/table&gt;&lt;/center&gt;</description>
<Style>
<IconStyle>
<color>ffff5400</color>
<scale>1.0</scale>
<Icon>
<href>http://maps.google.com/mapfiles/kml/shapes/placemark_circle.png</href>
</Icon>
</IconStyle>
<LabelStyle>
<scale>0.9</scale>
</LabelStyle>
<LineStyle>
<color>72ffffff</color>
<width>1.0</width>
<gx:labelVisibility>1</gx:labelVisibility>
</LineStyle>
<PolyStyle>
<color>660054ff</color>
</PolyStyle>
</Style>
<ExtendedData>
<SchemaData schemaUrl="#kml_schema_ft_Vilas">
<SimpleData name="CD_UF">31</SimpleData>
<SimpleData name="NM_UF">Minas Gerais</SimpleData>
<SimpleData name="SIGLA_UF">MG</SimpleData>
<SimpleData name="CD_MUN">3121605</SimpleData>
<SimpleData name="NM_MUN">Diamantina</SimpleData>
<SimpleData name="CD_RGINT">3103</SimpleData>
<SimpleData name="NM_RGINT">Teófilo Otoni</SimpleData>
<SimpleData name="CD_RGI">310016</SimpleData>
<SimpleData name="NM_RGI">Diamantina</SimpleData>
<SimpleData name="CT_LOCALIDADE">Vila</SimpleData>
<SimpleData name="CD_LOCALIDADE">312160540</SimpleData>
<SimpleData name="NM_LOCALIDADE">Planalto de Minas</SimpleData>
<SimpleData name="LAT_LOCALIDADE">-17.6501</SimpleData>
<SimpleData name="LONG_LOCALIDADE">-43.3228</SimpleData>
</SchemaData>
</ExtendedData>
<Point>
<extrude>0</extrude>
<coordinates>-43.3228,-17.6500999994532,0.0</coordinates>
</Point>
</Placemark>
<Placemark id="04. Vilas">
<name>São João da Chapada [312160545]</name>
<visibility>1</visibility>
<snippet> </snippet>
<description>&lt;center&gt;&lt;table&gt;&lt;tr&gt;&lt;th colspan='2' align='center'&gt;&lt;em&gt;Atributos&lt;/em&gt;&lt;/th&gt;&lt;/tr&gt;&lt;tr bgcolor="#E3E3F3"&gt;
&lt;th&gt;CD_UF&lt;/th&gt;
&lt;td&gt;31&lt;/td&gt;
&lt;/tr&gt;&lt;tr bgcolor=""&gt;
&lt;th&gt;NM_UF&lt;/th&gt;
&lt;td&gt;Minas Gerais&lt;/td&gt;
&lt;/tr&gt;&lt;tr bgcolor="#E3E3F3"&gt;
&lt;th&gt;SIGLA_UF&lt;/th&gt;
&lt;td&gt;MG&lt;/td&gt;
&lt;/tr&gt;&lt;tr bgcolor=""&gt;
&lt;th&gt;CD_MUN&lt;/th&gt;
&lt;td&gt;3121605&lt;/td&gt;
&lt;/tr&gt;&lt;tr bgcolor="#E3E3F3"&gt;
&lt;th&gt;NM_MUN&lt;/th&gt;
&lt;td&gt;Diamantina&lt;/td&gt;
&lt;/tr&gt;&lt;tr bgcolor=""&gt;
&lt;th&gt;CD_RGINT&lt;/th&gt;
&lt;td&gt;3103&lt;/td&gt;
&lt;/tr&gt;&lt;tr bgcolor="#E3E3F3"&gt;
&lt;th&gt;NM_RGINT&lt;/th&gt;
&lt;td&gt;Teófilo Otoni&lt;/td&gt;
&lt;/tr&gt;&lt;tr bgcolor=""&gt;
&lt;th&gt;CD_RGI&lt;/th&gt;
&lt;td&gt;310016&lt;/td&gt;
&lt;/tr&gt;&lt;tr bgcolor="#E3E3F3"&gt;
&lt;th&gt;NM_RGI&lt;/th&gt;
&lt;td&gt;Diamantina&lt;/td&gt;
&lt;/tr&gt;&lt;tr bgcolor=""&gt;
&lt;th&gt;CT_LOCALIDADE&lt;/th&gt;
&lt;td&gt;Vila&lt;/td&gt;
&lt;/tr&gt;&lt;tr bgcolor="#E3E3F3"&gt;
&lt;th&gt;CD_LOCALIDADE&lt;/th&gt;
&lt;td&gt;312160545&lt;/td&gt;
&lt;/tr&gt;&lt;tr bgcolor=""&gt;
&lt;th&gt;NM_LOCALIDADE&lt;/th&gt;
&lt;td&gt;São João da Chapada&lt;/td&gt;
&lt;/tr&gt;&lt;tr bgcolor="#E3E3F3"&gt;
&lt;th&gt;LAT_LOCALIDADE&lt;/th&gt;
&lt;td&gt;-18.0863&lt;/td&gt;
&lt;/tr&gt;&lt;tr bgcolor=""&gt;
&lt;th&gt;LONG_LOCALIDADE&lt;/th&gt;
&lt;td&gt;-43.7436&lt;/td&gt;
&lt;/tr&gt;&lt;/table&gt;&lt;/center&gt;</description>
<Style>
<IconStyle>
<color>ffff5400</color>
<scale>1.0</scale>
<Icon>
<href>http://maps.google.com/mapfiles/kml/shapes/placemark_circle.png</href>
</Icon>
</IconStyle>
<LabelStyle>
<scale>0.9</scale>
</LabelStyle>
<LineStyle>
<color>72ffffff</color>
<width>1.0</width>
<gx:labelVisibility>1</gx:labelVisibility>
</LineStyle>
<PolyStyle>
<color>660054ff</color>
</PolyStyle>
</Style>
<ExtendedData>
<SchemaData schemaUrl="#kml_schema_ft_Vilas">
<SimpleData name="CD_UF">31</SimpleData>
<SimpleData name="NM_UF">Minas Gerais</SimpleData>
<SimpleData name="SIGLA_UF">MG</SimpleData>
<SimpleData name="CD_MUN">3121605</SimpleData>
<SimpleData name="NM_MUN">Diamantina</SimpleData>
<SimpleData name="CD_RGINT">3103</SimpleData>
<SimpleData name="NM_RGINT">Teófilo Otoni</SimpleData>
<SimpleData name="CD_RGI">310016</SimpleData>
<SimpleData name="NM_RGI">Diamantina</SimpleData>
<SimpleData name="CT_LOCALIDADE">Vila</SimpleData>
<SimpleData name="CD_LOCALIDADE">312160545</SimpleData>
<SimpleData name="NM_LOCALIDADE">São João da Chapada</SimpleData>
<SimpleData name="LAT_LOCALIDADE">-18.0863</SimpleData>
<SimpleData name="LONG_LOCALIDADE">-43.7436</SimpleData>
</SchemaData>
</ExtendedData>
<Point>
<extrude>0</extrude>
<coordinates>-43.7436,-18.0862999994416,0.0</coordinates>
</Point>
</Placemark>
<Placemark id="04. Vilas">
<name>Senador Mourão [312160550]</name>
<visibility>1</visibility>
<snippet> </snippet>
<description>&lt;center&gt;&lt;table&gt;&lt;tr&gt;&lt;th colspan='2' align='center'&gt;&lt;em&gt;Atributos&lt;/em&gt;&lt;/th&gt;&lt;/tr&gt;&lt;tr bgcolor="#E3E3F3"&gt;
&lt;th&gt;CD_UF&lt;/th&gt;
&lt;td&gt;31&lt;/td&gt;
&lt;/tr&gt;&lt;tr bgcolor=""&gt;
&lt;th&gt;NM_UF&lt;/th&gt;
&lt;td&gt;Minas Gerais&lt;/td&gt;
&lt;/tr&gt;&lt;tr bgcolor="#E3E3F3"&gt;
&lt;th&gt;SIGLA_UF&lt;/th&gt;
&lt;td&gt;MG&lt;/td&gt;
&lt;/tr&gt;&lt;tr bgcolor=""&gt;
&lt;th&gt;CD_MUN&lt;/th&gt;
&lt;td&gt;3121605&lt;/td&gt;
&lt;/tr&gt;&lt;tr bgcolor="#E3E3F3"&gt;
&lt;th&gt;NM_MUN&lt;/th&gt;
&lt;td&gt;Diamantina&lt;/td&gt;
&lt;/tr&gt;&lt;tr bgcolor=""&gt;
&lt;th&gt;CD_RGINT&lt;/th&gt;
&lt;td&gt;3103&lt;/td&gt;
&lt;/tr&gt;&lt;tr bgcolor="#E3E3F3"&gt;
&lt;th&gt;NM_RGINT&lt;/th&gt;
&lt;td&gt;Teófilo Otoni&lt;/td&gt;
&lt;/tr&gt;&lt;tr bgcolor=""&gt;
&lt;th&gt;CD_RGI&lt;/th&gt;
&lt;td&gt;310016&lt;/td&gt;
&lt;/tr&gt;&lt;tr bgcolor="#E3E3F3"&gt;
&lt;th&gt;NM_RGI&lt;/th&gt;
&lt;td&gt;Diamantina&lt;/td&gt;
&lt;/tr&gt;&lt;tr bgcolor=""&gt;
&lt;th&gt;CT_LOCALIDADE&lt;/th&gt;
&lt;td&gt;Vila&lt;/td&gt;
&lt;/tr&gt;&lt;tr bgcolor="#E3E3F3"&gt;
&lt;th&gt;CD_LOCALIDADE&lt;/th&gt;
&lt;td&gt;312160550&lt;/td&gt;
&lt;/tr&gt;&lt;tr bgcolor=""&gt;
&lt;th&gt;NM_LOCALIDADE&lt;/th&gt;
&lt;td&gt;Senador Mourão&lt;/td&gt;
&lt;/tr&gt;&lt;tr bgcolor="#E3E3F3"&gt;
&lt;th&gt;LAT_LOCALIDADE&lt;/th&gt;
&lt;td&gt;-17.8052&lt;/td&gt;
&lt;/tr&gt;&lt;tr bgcolor=""&gt;
&lt;th&gt;LONG_LOCALIDADE&lt;/th&gt;
&lt;td&gt;-43.4178&lt;/td&gt;
&lt;/tr&gt;&lt;/table&gt;&lt;/center&gt;</description>
<Style>
<IconStyle>
<color>ffff5400</color>
<scale>1.0</scale>
<Icon>
<href>http://maps.google.com/mapfiles/kml/shapes/placemark_circle.png</href>
</Icon>
</IconStyle>
<LabelStyle>
<scale>0.9</scale>
</LabelStyle>
<LineStyle>
<color>72ffffff</color>
<width>1.0</width>
<gx:labelVisibility>1</gx:labelVisibility>
</LineStyle>
<PolyStyle>
<color>660054ff</color>
</PolyStyle>
</Style>
<ExtendedData>
<SchemaData schemaUrl="#kml_schema_ft_Vilas">
<SimpleData name="CD_UF">31</SimpleData>
<SimpleData name="NM_UF">Minas Gerais</SimpleData>
<SimpleData name="SIGLA_UF">MG</SimpleData>
<SimpleData name="CD_MUN">3121605</SimpleData>
<SimpleData name="NM_MUN">Diamantina</SimpleData>
<SimpleData name="CD_RGINT">3103</SimpleData>
<SimpleData name="NM_RGINT">Teófilo Otoni</SimpleData>
<SimpleData name="CD_RGI">310016</SimpleData>
<SimpleData name="NM_RGI">Diamantina</SimpleData>
<SimpleData name="CT_LOCALIDADE">Vila</SimpleData>
<SimpleData name="CD_LOCALIDADE">312160550</SimpleData>
<SimpleData name="NM_LOCALIDADE">Senador Mourão</SimpleData>
<SimpleData name="LAT_LOCALIDADE">-17.8052</SimpleData>
<SimpleData name="LONG_LOCALIDADE">-43.4178</SimpleData>
</SchemaData>
</ExtendedData>
<Point>
<extrude>0</extrude>
<coordinates>-43.4178,-17.8051999994491,0.0</coordinates>
</Point>
</Placemark>
<Placemark id="04. Vilas">
<name>Sopa [312160555]</name>
<visibility>1</visibility>
<snippet> </snippet>
<description>&lt;center&gt;&lt;table&gt;&lt;tr&gt;&lt;th colspan='2' align='center'&gt;&lt;em&gt;Atributos&lt;/em&gt;&lt;/th&gt;&lt;/tr&gt;&lt;tr bgcolor="#E3E3F3"&gt;
&lt;th&gt;CD_UF&lt;/th&gt;
&lt;td&gt;31&lt;/td&gt;
&lt;/tr&gt;&lt;tr bgcolor=""&gt;
&lt;th&gt;NM_UF&lt;/th&gt;
&lt;td&gt;Minas Gerais&lt;/td&gt;
&lt;/tr&gt;&lt;tr bgcolor="#E3E3F3"&gt;
&lt;th&gt;SIGLA_UF&lt;/th&gt;
&lt;td&gt;MG&lt;/td&gt;
&lt;/tr&gt;&lt;tr bgcolor=""&gt;
&lt;th&gt;CD_MUN&lt;/th&gt;
&lt;td&gt;3121605&lt;/td&gt;
&lt;/tr&gt;&lt;tr bgcolor="#E3E3F3"&gt;
&lt;th&gt;NM_MUN&lt;/th&gt;
&lt;td&gt;Diamantina&lt;/td&gt;
&lt;/tr&gt;&lt;tr bgcolor=""&gt;
&lt;th&gt;CD_RGINT&lt;/th&gt;
&lt;td&gt;3103&lt;/td&gt;
&lt;/tr&gt;&lt;tr bgcolor="#E3E3F3"&gt;
&lt;th&gt;NM_RGINT&lt;/th&gt;
&lt;td&gt;Teófilo Otoni&lt;/td&gt;
&lt;/tr&gt;&lt;tr bgcolor=""&gt;
&lt;th&gt;CD_RGI&lt;/th&gt;
&lt;td&gt;310016&lt;/td&gt;
&lt;/tr&gt;&lt;tr bgcolor="#E3E3F3"&gt;
&lt;th&gt;NM_RGI&lt;/th&gt;
&lt;td&gt;Diamantina&lt;/td&gt;
&lt;/tr&gt;&lt;tr bgcolor=""&gt;
&lt;th&gt;CT_LOCALIDADE&lt;/th&gt;
&lt;td&gt;Vila&lt;/td&gt;
&lt;/tr&gt;&lt;tr bgcolor="#E3E3F3"&gt;
&lt;th&gt;CD_LOCALIDADE&lt;/th&gt;
&lt;td&gt;312160555&lt;/td&gt;
&lt;/tr&gt;&lt;tr bgcolor=""&gt;
&lt;th&gt;NM_LOCALIDADE&lt;/th&gt;
&lt;td&gt;Sopa&lt;/td&gt;
&lt;/tr&gt;&lt;tr bgcolor="#E3E3F3"&gt;
&lt;th&gt;LAT_LOCALIDADE&lt;/th&gt;
&lt;td&gt;-18.224&lt;/td&gt;
&lt;/tr&gt;&lt;tr bgcolor=""&gt;
&lt;th&gt;LONG_LOCALIDADE&lt;/th&gt;
&lt;td&gt;-43.6969&lt;/td&gt;
&lt;/tr&gt;&lt;/table&gt;&lt;/center&gt;</description>
<Style>
<IconStyle>
<color>ffff5400</color>
<scale>1.0</scale>
<Icon>
<href>http://maps.google.com/mapfiles/kml/shapes/placemark_circle.png</href>
</Icon>
</IconStyle>
<LabelStyle>
<scale>0.9</scale>
</LabelStyle>
<LineStyle>
<color>72ffffff</color>
<width>1.0</width>
<gx:labelVisibility>1</gx:labelVisibility>
</LineStyle>
<PolyStyle>
<color>660054ff</color>
</PolyStyle>
</Style>
<ExtendedData>
<SchemaData schemaUrl="#kml_schema_ft_Vilas">
<SimpleData name="CD_UF">31</SimpleData>
<SimpleData name="NM_UF">Minas Gerais</SimpleData>
<SimpleData name="SIGLA_UF">MG</SimpleData>
<SimpleData name="CD_MUN">3121605</SimpleData>
<SimpleData name="NM_MUN">Diamantina</SimpleData>
<SimpleData name="CD_RGINT">3103</SimpleData>
<SimpleData name="NM_RGINT">Teófilo Otoni</SimpleData>
<SimpleData name="CD_RGI">310016</SimpleData>
<SimpleData name="NM_RGI">Diamantina</SimpleData>
<SimpleData name="CT_LOCALIDADE">Vila</SimpleData>
<SimpleData name="CD_LOCALIDADE">312160555</SimpleData>
<SimpleData name="NM_LOCALIDADE">Sopa</SimpleData>
<SimpleData name="LAT_LOCALIDADE">-18.224</SimpleData>
<SimpleData name="LONG_LOCALIDADE">-43.6969</SimpleData>
</SchemaData>
</ExtendedData>
<Point>
<extrude>0</extrude>
<coordinates>-43.6969,-18.2239999994379,0.0</coordinates>
</Point>
</Placemark>
</Folder>
<Folder id="05. Núcleos Urbanos">
<name>05. Núcleos Urbanos</name>
<Placemark id="localidades">
<name>Universidade Federal dos Vales do Jequitinhonha e Mucuri [3121605001]</name>
<visibility>1</visibility>
<snippet> </snippet>
<description>&lt;center&gt;&lt;table&gt;&lt;tr&gt;&lt;th colspan='2' align='center'&gt;&lt;em&gt;Attributes&lt;/em&gt;&lt;/th&gt;&lt;/tr&gt;&lt;tr bgcolor="#E3E3F3"&gt;
&lt;th&gt;CD_UF&lt;/th&gt;
&lt;td&gt;31&lt;/td&gt;
&lt;/tr&gt;&lt;tr bgcolor=""&gt;
&lt;th&gt;NM_UF&lt;/th&gt;
&lt;td&gt;Minas Gerais&lt;/td&gt;
&lt;/tr&gt;&lt;tr bgcolor="#E3E3F3"&gt;
&lt;th&gt;SIGLA_UF&lt;/th&gt;
&lt;td&gt;MG&lt;/td&gt;
&lt;/tr&gt;&lt;tr bgcolor=""&gt;
&lt;th&gt;CD_MUN&lt;/th&gt;
&lt;td&gt;3121605&lt;/td&gt;
&lt;/tr&gt;&lt;tr bgcolor="#E3E3F3"&gt;
&lt;th&gt;NM_MUN&lt;/th&gt;
&lt;td&gt;Diamantina&lt;/td&gt;
&lt;/tr&gt;&lt;tr bgcolor=""&gt;
&lt;th&gt;CD_RGINT&lt;/th&gt;
&lt;td&gt;3103&lt;/td&gt;
&lt;/tr&gt;&lt;tr bgcolor="#E3E3F3"&gt;
&lt;th&gt;NM_RGINT&lt;/th&gt;
&lt;td&gt;Teófilo Otoni&lt;/td&gt;
&lt;/tr&gt;&lt;tr bgcolor=""&gt;
&lt;th&gt;CD_RGI&lt;/th&gt;
&lt;td&gt;310016&lt;/td&gt;
&lt;/tr&gt;&lt;tr bgcolor="#E3E3F3"&gt;
&lt;th&gt;NM_RGI&lt;/th&gt;
&lt;td&gt;Diamantina&lt;/td&gt;
&lt;/tr&gt;&lt;tr bgcolor=""&gt;
&lt;th&gt;CT_LOCALIDADE&lt;/th&gt;
&lt;td&gt;Núcleo Urbano&lt;/td&gt;
&lt;/tr&gt;&lt;tr bgcolor="#E3E3F3"&gt;
&lt;th&gt;CD_LOCALIDADE&lt;/th&gt;
&lt;td&gt;3121605001&lt;/td&gt;
&lt;/tr&gt;&lt;tr bgcolor=""&gt;
&lt;th&gt;NM_LOCALIDADE&lt;/th&gt;
&lt;td&gt;Universidade Federal dos Vales do Jequitinhonha e Mucuri&lt;/td&gt;
&lt;/tr&gt;&lt;tr bgcolor="#E3E3F3"&gt;
&lt;th&gt;LAT_LOCALIDADE&lt;/th&gt;
&lt;td&gt;-18.201&lt;/td&gt;
&lt;/tr&gt;&lt;tr bgcolor=""&gt;
&lt;th&gt;LONG_LOCALIDADE&lt;/th&gt;
&lt;td&gt;-43.5752&lt;/td&gt;
&lt;/tr&gt;&lt;/table&gt;&lt;/center&gt;</description>
<Style>
<IconStyle>
<color>ff0000ff</color>
<scale>0.9</scale>
<Icon>
<href>http://maps.google.com/mapfiles/kml/shapes/placemark_circle.png</href>
</Icon>
</IconStyle>
<LabelStyle>
<scale>0.9</scale>
</LabelStyle>
<LineStyle>
<color>72ffffff</color>
<width>1.0</width>
<gx:labelVisibility>1</gx:labelVisibility>
</LineStyle>
<PolyStyle>
<color>66ff54ff</color>
</PolyStyle>
</Style>
<ExtendedData>
<SchemaData schemaUrl="#kml_schema_ft_Núcleos_Urbanos">
<SimpleData name="CD_UF">31</SimpleData>
<SimpleData name="NM_UF">Minas Gerais</SimpleData>
<SimpleData name="SIGLA_UF">MG</SimpleData>
<SimpleData name="CD_MUN">3121605</SimpleData>
<SimpleData name="NM_MUN">Diamantina</SimpleData>
<SimpleData name="CD_RGINT">3103</SimpleData>
<SimpleData name="NM_RGINT">Teófilo Otoni</SimpleData>
<SimpleData name="CD_RGI">310016</SimpleData>
<SimpleData name="NM_RGI">Diamantina</SimpleData>
<SimpleData name="CT_LOCALIDADE">Núcleo Urbano</SimpleData>
<SimpleData name="CD_LOCALIDADE">3121605001</SimpleData>
<SimpleData name="NM_LOCALIDADE">Universidade Federal dos Vales do Jequitinhonha e Mucuri</SimpleData>
<SimpleData name="LAT_LOCALIDADE">-18.201</SimpleData>
<SimpleData name="LONG_LOCALIDADE">-43.5752</SimpleData>
</SchemaData>
</ExtendedData>
<Point>
<extrude>0</extrude>
<coordinates>-43.575218,-18.2010439994385,0.0</coordinates>
</Point>
</Placemark>
</Folder>
<Folder id="06. Povoados">
<name>06. Povoados</name>
<Placemark id="06. Povoados">
<name>Vau [312160500001]</name>
<visibility>1</visibility>
<snippet> </snippet>
<description>&lt;center&gt;&lt;table&gt;&lt;tr&gt;&lt;th colspan='2' align='center'&gt;&lt;em&gt;Atributos&lt;/em&gt;&lt;/th&gt;&lt;/tr&gt;&lt;tr bgcolor="#E3E3F3"&gt;
&lt;th&gt;CD_UF&lt;/th&gt;
&lt;td&gt;31&lt;/td&gt;
&lt;/tr&gt;&lt;tr bgcolor=""&gt;
&lt;th&gt;NM_UF&lt;/th&gt;
&lt;td&gt;Minas Gerais&lt;/td&gt;
&lt;/tr&gt;&lt;tr bgcolor="#E3E3F3"&gt;
&lt;th&gt;SIGLA_UF&lt;/th&gt;
&lt;td&gt;MG&lt;/td&gt;
&lt;/tr&gt;&lt;tr bgcolor=""&gt;
&lt;th&gt;CD_MUN&lt;/th&gt;
&lt;td&gt;3121605&lt;/td&gt;
&lt;/tr&gt;&lt;tr bgcolor="#E3E3F3"&gt;
&lt;th&gt;NM_MUN&lt;/th&gt;
&lt;td&gt;Diamantina&lt;/td&gt;
&lt;/tr&gt;&lt;tr bgcolor=""&gt;
&lt;th&gt;CD_RGINT&lt;/th&gt;
&lt;td&gt;3103&lt;/td&gt;
&lt;/tr&gt;&lt;tr bgcolor="#E3E3F3"&gt;
&lt;th&gt;NM_RGINT&lt;/th&gt;
&lt;td&gt;Teófilo Otoni&lt;/td&gt;
&lt;/tr&gt;&lt;tr bgcolor=""&gt;
&lt;th&gt;CD_RGI&lt;/th&gt;
&lt;td&gt;310016&lt;/td&gt;
&lt;/tr&gt;&lt;tr bgcolor="#E3E3F3"&gt;
&lt;th&gt;NM_RGI&lt;/th&gt;
&lt;td&gt;Diamantina&lt;/td&gt;
&lt;/tr&gt;&lt;tr bgcolor=""&gt;
&lt;th&gt;CT_LOCALIDADE&lt;/th&gt;
&lt;td&gt;Povoado&lt;/td&gt;
&lt;/tr&gt;&lt;tr bgcolor="#E3E3F3"&gt;
&lt;th&gt;CD_LOCALIDADE&lt;/th&gt;
&lt;td&gt;312160500001&lt;/td&gt;
&lt;/tr&gt;&lt;tr bgcolor=""&gt;
&lt;th&gt;NM_LOCALIDADE&lt;/th&gt;
&lt;td&gt;Vau&lt;/td&gt;
&lt;/tr&gt;&lt;tr bgcolor="#E3E3F3"&gt;
&lt;th&gt;LAT_LOCALIDADE&lt;/th&gt;
&lt;td&gt;-18.4169&lt;/td&gt;
&lt;/tr&gt;&lt;tr bgcolor=""&gt;
&lt;th&gt;LONG_LOCALIDADE&lt;/th&gt;
&lt;td&gt;-43.5254&lt;/td&gt;
&lt;/tr&gt;&lt;/table&gt;&lt;/center&gt;</description>
<Style>
<IconStyle>
<color>ff00ff54</color>
<scale>0.8</scale>
<Icon>
<href>http://maps.google.com/mapfiles/kml/shapes/placemark_circle.png</href>
</Icon>
</IconStyle>
<LabelStyle>
<scale>0.8</scale>
</LabelStyle>
<LineStyle>
<color>72ff54ff</color>
<width>1.0</width>
<gx:labelVisibility>1</gx:labelVisibility>
</LineStyle>
<PolyStyle>
<color>66ff54ff</color>
</PolyStyle>
</Style>
<ExtendedData>
<SchemaData schemaUrl="#kml_schema_ft_Povoados">
<SimpleData name="CD_UF">31</SimpleData>
<SimpleData name="NM_UF">Minas Gerais</SimpleData>
<SimpleData name="SIGLA_UF">MG</SimpleData>
<SimpleData name="CD_MUN">3121605</SimpleData>
<SimpleData name="NM_MUN">Diamantina</SimpleData>
<SimpleData name="CD_RGINT">3103</SimpleData>
<SimpleData name="NM_RGINT">Teófilo Otoni</SimpleData>
<SimpleData name="CD_RGI">310016</SimpleData>
<SimpleData name="NM_RGI">Diamantina</SimpleData>
<SimpleData name="CT_LOCALIDADE">Povoado</SimpleData>
<SimpleData name="CD_LOCALIDADE">312160500001</SimpleData>
<SimpleData name="NM_LOCALIDADE">Vau</SimpleData>
<SimpleData name="LAT_LOCALIDADE">-18.4169</SimpleData>
<SimpleData name="LONG_LOCALIDADE">-43.5254</SimpleData>
</SchemaData>
</ExtendedData>
<Point>
<extrude>0</extrude>
<coordinates>-43.5253981271186,-18.4169457028226,0.0</coordinates>
</Point>
</Placemark>
<Placemark id="06. Povoados">
<name>Maria Nunes [312160500002]</name>
<visibility>1</visibility>
<snippet> </snippet>
<description>&lt;center&gt;&lt;table&gt;&lt;tr&gt;&lt;th colspan='2' align='center'&gt;&lt;em&gt;Atributos&lt;/em&gt;&lt;/th&gt;&lt;/tr&gt;&lt;tr bgcolor="#E3E3F3"&gt;
&lt;th&gt;CD_UF&lt;/th&gt;
&lt;td&gt;31&lt;/td&gt;
&lt;/tr&gt;&lt;tr bgcolor=""&gt;
&lt;th&gt;NM_UF&lt;/th&gt;
&lt;td&gt;Minas Gerais&lt;/td&gt;
&lt;/tr&gt;&lt;tr bgcolor="#E3E3F3"&gt;
&lt;th&gt;SIGLA_UF&lt;/th&gt;
&lt;td&gt;MG&lt;/td&gt;
&lt;/tr&gt;&lt;tr bgcolor=""&gt;
&lt;th&gt;CD_MUN&lt;/th&gt;
&lt;td&gt;3121605&lt;/td&gt;
&lt;/tr&gt;&lt;tr bgcolor="#E3E3F3"&gt;
&lt;th&gt;NM_MUN&lt;/th&gt;
&lt;td&gt;Diamantina&lt;/td&gt;
&lt;/tr&gt;&lt;tr bgcolor=""&gt;
&lt;th&gt;CD_RGINT&lt;/th&gt;
&lt;td&gt;3103&lt;/td&gt;
&lt;/tr&gt;&lt;tr bgcolor="#E3E3F3"&gt;
&lt;th&gt;NM_RGINT&lt;/th&gt;
&lt;td&gt;Teófilo Otoni&lt;/td&gt;
&lt;/tr&gt;&lt;tr bgcolor=""&gt;
&lt;th&gt;CD_RGI&lt;/th&gt;
&lt;td&gt;310016&lt;/td&gt;
&lt;/tr&gt;&lt;tr bgcolor="#E3E3F3"&gt;
&lt;th&gt;NM_RGI&lt;/th&gt;
&lt;td&gt;Diamantina&lt;/td&gt;
&lt;/tr&gt;&lt;tr bgcolor=""&gt;
&lt;th&gt;CT_LOCALIDADE&lt;/th&gt;
&lt;td&gt;Povoado&lt;/td&gt;
&lt;/tr&gt;&lt;tr bgcolor="#E3E3F3"&gt;
&lt;th&gt;CD_LOCALIDADE&lt;/th&gt;
&lt;td&gt;312160500002&lt;/td&gt;
&lt;/tr&gt;&lt;tr bgcolor=""&gt;
&lt;th&gt;NM_LOCALIDADE&lt;/th&gt;
&lt;td&gt;Maria Nunes&lt;/td&gt;
&lt;/tr&gt;&lt;tr bgcolor="#E3E3F3"&gt;
&lt;th&gt;LAT_LOCALIDADE&lt;/th&gt;
&lt;td&gt;-18.0053&lt;/td&gt;
&lt;/tr&gt;&lt;tr bgcolor=""&gt;
&lt;th&gt;LONG_LOCALIDADE&lt;/th&gt;
&lt;td&gt;-43.5533&lt;/td&gt;
&lt;/tr&gt;&lt;/table&gt;&lt;/center&gt;</description>
<Style>
<IconStyle>
<color>ff00ff54</color>
<scale>0.8</scale>
<Icon>
<href>http://maps.google.com/mapfiles/kml/shapes/placemark_circle.png</href>
</Icon>
</IconStyle>
<LabelStyle>
<scale>0.8</scale>
</LabelStyle>
<LineStyle>
<color>72ff54ff</color>
<width>1.0</width>
<gx:labelVisibility>1</gx:labelVisibility>
</LineStyle>
<PolyStyle>
<color>66ff54ff</color>
</PolyStyle>
</Style>
<ExtendedData>
<SchemaData schemaUrl="#kml_schema_ft_Povoados">
<SimpleData name="CD_UF">31</SimpleData>
<SimpleData name="NM_UF">Minas Gerais</SimpleData>
<SimpleData name="SIGLA_UF">MG</SimpleData>
<SimpleData name="CD_MUN">3121605</SimpleData>
<SimpleData name="NM_MUN">Diamantina</SimpleData>
<SimpleData name="CD_RGINT">3103</SimpleData>
<SimpleData name="NM_RGINT">Teófilo Otoni</SimpleData>
<SimpleData name="CD_RGI">310016</SimpleData>
<SimpleData name="NM_RGI">Diamantina</SimpleData>
<SimpleData name="CT_LOCALIDADE">Povoado</SimpleData>
<SimpleData name="CD_LOCALIDADE">312160500002</SimpleData>
<SimpleData name="NM_LOCALIDADE">Maria Nunes</SimpleData>
<SimpleData name="LAT_LOCALIDADE">-18.0053</SimpleData>
<SimpleData name="LONG_LOCALIDADE">-43.5533</SimpleData>
</SchemaData>
</ExtendedData>
<Point>
<extrude>0</extrude>
<coordinates>-43.5532913108108,-18.0053063170112,0.0</coordinates>
</Point>
</Placemark>
<Placemark id="06. Povoados">
<name>Baixadão [312160500003]</name>
<visibility>1</visibility>
<snippet> </snippet>
<description>&lt;center&gt;&lt;table&gt;&lt;tr&gt;&lt;th colspan='2' align='center'&gt;&lt;em&gt;Atributos&lt;/em&gt;&lt;/th&gt;&lt;/tr&gt;&lt;tr bgcolor="#E3E3F3"&gt;
&lt;th&gt;CD_UF&lt;/th&gt;
&lt;td&gt;31&lt;/td&gt;
&lt;/tr&gt;&lt;tr bgcolor=""&gt;
&lt;th&gt;NM_UF&lt;/th&gt;
&lt;td&gt;Minas Gerais&lt;/td&gt;
&lt;/tr&gt;&lt;tr bgcolor="#E3E3F3"&gt;
&lt;th&gt;SIGLA_UF&lt;/th&gt;
&lt;td&gt;MG&lt;/td&gt;
&lt;/tr&gt;&lt;tr bgcolor=""&gt;
&lt;th&gt;CD_MUN&lt;/th&gt;
&lt;td&gt;3121605&lt;/td&gt;
&lt;/tr&gt;&lt;tr bgcolor="#E3E3F3"&gt;
&lt;th&gt;NM_MUN&lt;/th&gt;
&lt;td&gt;Diamantina&lt;/td&gt;
&lt;/tr&gt;&lt;tr bgcolor=""&gt;
&lt;th&gt;CD_RGINT&lt;/th&gt;
&lt;td&gt;3103&lt;/td&gt;
&lt;/tr&gt;&lt;tr bgcolor="#E3E3F3"&gt;
&lt;th&gt;NM_RGINT&lt;/th&gt;
&lt;td&gt;Teófilo Otoni&lt;/td&gt;
&lt;/tr&gt;&lt;tr bgcolor=""&gt;
&lt;th&gt;CD_RGI&lt;/th&gt;
&lt;td&gt;310016&lt;/td&gt;
&lt;/tr&gt;&lt;tr bgcolor="#E3E3F3"&gt;
&lt;th&gt;NM_RGI&lt;/th&gt;
&lt;td&gt;Diamantina&lt;/td&gt;
&lt;/tr&gt;&lt;tr bgcolor=""&gt;
&lt;th&gt;CT_LOCALIDADE&lt;/th&gt;
&lt;td&gt;Povoado&lt;/td&gt;
&lt;/tr&gt;&lt;tr bgcolor="#E3E3F3"&gt;
&lt;th&gt;CD_LOCALIDADE&lt;/th&gt;
&lt;td&gt;312160500003&lt;/td&gt;
&lt;/tr&gt;&lt;tr bgcolor=""&gt;
&lt;th&gt;NM_LOCALIDADE&lt;/th&gt;
&lt;td&gt;Baixadão&lt;/td&gt;
&lt;/tr&gt;&lt;tr bgcolor="#E3E3F3"&gt;
&lt;th&gt;LAT_LOCALIDADE&lt;/th&gt;
&lt;td&gt;-17.4779&lt;/td&gt;
&lt;/tr&gt;&lt;tr bgcolor=""&gt;
&lt;th&gt;LONG_LOCALIDADE&lt;/th&gt;
&lt;td&gt;-43.2687&lt;/td&gt;
&lt;/tr&gt;&lt;/table&gt;&lt;/center&gt;</description>
<Style>
<IconStyle>
<color>ff00ff54</color>
<scale>0.8</scale>
<Icon>
<href>http://maps.google.com/mapfiles/kml/shapes/placemark_circle.png</href>
</Icon>
</IconStyle>
<LabelStyle>
<scale>0.8</scale>
</LabelStyle>
<LineStyle>
<color>72ff54ff</color>
<width>1.0</width>
<gx:labelVisibility>1</gx:labelVisibility>
</LineStyle>
<PolyStyle>
<color>66ff54ff</color>
</PolyStyle>
</Style>
<ExtendedData>
<SchemaData schemaUrl="#kml_schema_ft_Povoados">
<SimpleData name="CD_UF">31</SimpleData>
<SimpleData name="NM_UF">Minas Gerais</SimpleData>
<SimpleData name="SIGLA_UF">MG</SimpleData>
<SimpleData name="CD_MUN">3121605</SimpleData>
<SimpleData name="NM_MUN">Diamantina</SimpleData>
<SimpleData name="CD_RGINT">3103</SimpleData>
<SimpleData name="NM_RGINT">Teófilo Otoni</SimpleData>
<SimpleData name="CD_RGI">310016</SimpleData>
<SimpleData name="NM_RGI">Diamantina</SimpleData>
<SimpleData name="CT_LOCALIDADE">Povoado</SimpleData>
<SimpleData name="CD_LOCALIDADE">312160500003</SimpleData>
<SimpleData name="NM_LOCALIDADE">Baixadão</SimpleData>
<SimpleData name="LAT_LOCALIDADE">-17.4779</SimpleData>
<SimpleData name="LONG_LOCALIDADE">-43.2687</SimpleData>
</SchemaData>
</ExtendedData>
<Point>
<extrude>0</extrude>
<coordinates>-43.268653768421,-17.4779320205105,0.0</coordinates>
</Point>
</Placemark>
</Folder>
<Folder id="10. Localidades Quilombolas">
<name>10. Localidades Quilombolas</name>
<visibility>1</visibility>
<Style>
<IconStyle>
<color>ffffa0ef</color>
<scale>0.8</scale>
<Icon>
<href>http://maps.google.com/mapfiles/kml/shapes/placemark_circle.png</href>
</Icon>
</IconStyle>
<LabelStyle>
<scale>0.8</scale>
</LabelStyle>
<LineStyle>
<width>1.0</width>
<gx:labelVisibility>1</gx:labelVisibility>
</LineStyle>
</Style>
<Folder id="10.01. Agrupamentos Quilombolas">
<name>10.01. Agrupamentos Quilombolas</name>
<visibility>1</visibility>
<Style>
<IconStyle>
<color>ffff54ff</color>
<scale>0.8</scale>
<Icon>
<href>http://maps.google.com/mapfiles/kml/shapes/placemark_circle.png</href>
</Icon>
</IconStyle>
<LabelStyle>
<scale>0.8</scale>
</LabelStyle>
<LineStyle>
<color>7200ffff</color>
<width>1.0</width>
<gx:labelVisibility>1</gx:labelVisibility>
</LineStyle>
<PolyStyle>
<color>6600ffff</color>
</PolyStyle>
</Style>
<Placemark id="10.01. Agrupamentos Quilombolas">
<name>Comunidade Quilombola Quartéis [312160500008]</name>
<visibility>1</visibility>
<snippet> </snippet>
<description>&lt;center&gt;&lt;table&gt;&lt;tr&gt;&lt;th colspan='2' align='center'&gt;&lt;em&gt;Attributes&lt;/em&gt;&lt;/th&gt;&lt;/tr&gt;&lt;tr bgcolor="#E3E3F3"&gt;
&lt;th&gt;CD_UF&lt;/th&gt;
&lt;td&gt;31&lt;/td&gt;
&lt;/tr&gt;&lt;tr bgcolor=""&gt;
&lt;th&gt;NM_UF&lt;/th&gt;
&lt;td&gt;Minas Gerais&lt;/td&gt;
&lt;/tr&gt;&lt;tr bgcolor="#E3E3F3"&gt;
&lt;th&gt;SIGLA_UF&lt;/th&gt;
&lt;td&gt;MG&lt;/td&gt;
&lt;/tr&gt;&lt;tr bgcolor=""&gt;
&lt;th&gt;CD_MUN&lt;/th&gt;
&lt;td&gt;3121605&lt;/td&gt;
&lt;/tr&gt;&lt;tr bgcolor="#E3E3F3"&gt;
&lt;th&gt;NM_MUN&lt;/th&gt;
&lt;td&gt;Diamantina&lt;/td&gt;
&lt;/tr&gt;&lt;tr bgcolor=""&gt;
&lt;th&gt;CD_RGINT&lt;/th&gt;
&lt;td&gt;3103&lt;/td&gt;
&lt;/tr&gt;&lt;tr bgcolor="#E3E3F3"&gt;
&lt;th&gt;NM_RGINT&lt;/th&gt;
&lt;td&gt;Teófilo Otoni&lt;/td&gt;
&lt;/tr&gt;&lt;tr bgcolor=""&gt;
&lt;th&gt;CD_RGI&lt;/th&gt;
&lt;td&gt;310016&lt;/td&gt;
&lt;/tr&gt;&lt;tr bgcolor="#E3E3F3"&gt;
&lt;th&gt;NM_RGI&lt;/th&gt;
&lt;td&gt;Diamantina&lt;/td&gt;
&lt;/tr&gt;&lt;tr bgcolor=""&gt;
&lt;th&gt;CT_LOCALIDADE&lt;/th&gt;
&lt;td&gt;Localidade Quilombola&lt;/td&gt;
&lt;/tr&gt;&lt;tr bgcolor="#E3E3F3"&gt;
&lt;th&gt;SCT_LOCALIDADE&lt;/th&gt;
&lt;td&gt;Agrupamento Quilombola&lt;/td&gt;
&lt;/tr&gt;&lt;tr bgcolor=""&gt;
&lt;th&gt;CD_LOCALIDADE&lt;/th&gt;
&lt;td&gt;312160500008&lt;/td&gt;
&lt;/tr&gt;&lt;tr bgcolor="#E3E3F3"&gt;
&lt;th&gt;NM_LOCALIDADE&lt;/th&gt;
&lt;td&gt;Comunidade Quilombola Quartéis&lt;/td&gt;
&lt;/tr&gt;&lt;tr bgcolor=""&gt;
&lt;th&gt;LAT_LOCALIDADE&lt;/th&gt;
&lt;td&gt;-18.0204&lt;/td&gt;
&lt;/tr&gt;&lt;tr bgcolor="#E3E3F3"&gt;
&lt;th&gt;LONG_LOCALIDADE&lt;/th&gt;
&lt;td&gt;-43.7352&lt;/td&gt;
&lt;/tr&gt;&lt;/table&gt;&lt;/center&gt;</description>
<Style>
<IconStyle>
<color>ffff54ff</color>
<scale>0.8</scale>
<Icon>
<href>http://maps.google.com/mapfiles/kml/shapes/placemark_circle.png</href>
</Icon>
</IconStyle>
<LabelStyle>
<scale>0.8</scale>
</LabelStyle>
<LineStyle>
<color>7200ffff</color>
<width>1.0</width>
<gx:labelVisibility>1</gx:labelVisibility>
</LineStyle>
<PolyStyle>
<color>6600ffff</color>
</PolyStyle>
</Style>
<ExtendedData>
<SchemaData schemaUrl="#kml_schema_ft_Agrupamentos_Quilombolas">
<SimpleData name="CD_UF">31</SimpleData>
<SimpleData name="NM_UF">Minas Gerais</SimpleData>
<SimpleData name="SIGLA_UF">MG</SimpleData>
<SimpleData name="CD_MUN">3121605</SimpleData>
<SimpleData name="NM_MUN">Diamantina</SimpleData>
<SimpleData name="CD_RGINT">3103</SimpleData>
<SimpleData name="NM_RGINT">Teófilo Otoni</SimpleData>
<SimpleData name="CD_RGI">310016</SimpleData>
<SimpleData name="NM_RGI">Diamantina</SimpleData>
<SimpleData name="CT_LOCALIDADE">Localidade Quilombola</SimpleData>
<SimpleData name="SCT_LOCALIDADE">Agrupamento Quilombola</SimpleData>
<SimpleData name="CD_LOCALIDADE">312160500008</SimpleData>
<SimpleData name="NM_LOCALIDADE">Comunidade Quilombola Quartéis</SimpleData>
<SimpleData name="LAT_LOCALIDADE">-18.0204</SimpleData>
<SimpleData name="LONG_LOCALIDADE">-43.7352</SimpleData>
</SchemaData>
</ExtendedData>
<Point>
<extrude>0</extrude>
<coordinates>-43.7351630555555,-18.0204237216655,0.0</coordinates>
</Point>
</Placemark>
<Placemark id="10.01. Agrupamentos Quilombolas">
<name>Comunidade Quilombola São João da Chapada [312160500014]</name>
<visibility>1</visibility>
<snippet> </snippet>
<description>&lt;center&gt;&lt;table&gt;&lt;tr&gt;&lt;th colspan='2' align='center'&gt;&lt;em&gt;Attributes&lt;/em&gt;&lt;/th&gt;&lt;/tr&gt;&lt;tr bgcolor="#E3E3F3"&gt;
&lt;th&gt;CD_UF&lt;/th&gt;
&lt;td&gt;31&lt;/td&gt;
&lt;/tr&gt;&lt;tr bgcolor=""&gt;
&lt;th&gt;NM_UF&lt;/th&gt;
&lt;td&gt;Minas Gerais&lt;/td&gt;
&lt;/tr&gt;&lt;tr bgcolor="#E3E3F3"&gt;
&lt;th&gt;SIGLA_UF&lt;/th&gt;
&lt;td&gt;MG&lt;/td&gt;
&lt;/tr&gt;&lt;tr bgcolor=""&gt;
&lt;th&gt;CD_MUN&lt;/th&gt;
&lt;td&gt;3121605&lt;/td&gt;
&lt;/tr&gt;&lt;tr bgcolor="#E3E3F3"&gt;
&lt;th&gt;NM_MUN&lt;/th&gt;
&lt;td&gt;Diamantina&lt;/td&gt;
&lt;/tr&gt;&lt;tr bgcolor=""&gt;
&lt;th&gt;CD_RGINT&lt;/th&gt;
&lt;td&gt;3103&lt;/td&gt;
&lt;/tr&gt;&lt;tr bgcolor="#E3E3F3"&gt;
&lt;th&gt;NM_RGINT&lt;/th&gt;
&lt;td&gt;Teófilo Otoni&lt;/td&gt;
&lt;/tr&gt;&lt;tr bgcolor=""&gt;
&lt;th&gt;CD_RGI&lt;/th&gt;
&lt;td&gt;310016&lt;/td&gt;
&lt;/tr&gt;&lt;tr bgcolor="#E3E3F3"&gt;
&lt;th&gt;NM_RGI&lt;/th&gt;
&lt;td&gt;Diamantina&lt;/td&gt;
&lt;/tr&gt;&lt;tr bgcolor=""&gt;
&lt;th&gt;CT_LOCALIDADE&lt;/th&gt;
&lt;td&gt;Localidade Quilombola&lt;/td&gt;
&lt;/tr&gt;&lt;tr bgcolor="#E3E3F3"&gt;
&lt;th&gt;SCT_LOCALIDADE&lt;/th&gt;
&lt;td&gt;Agrupamento Quilombola&lt;/td&gt;
&lt;/tr&gt;&lt;tr bgcolor=""&gt;
&lt;th&gt;CD_LOCALIDADE&lt;/th&gt;
&lt;td&gt;312160500014&lt;/td&gt;
&lt;/tr&gt;&lt;tr bgcolor="#E3E3F3"&gt;
&lt;th&gt;NM_LOCALIDADE&lt;/th&gt;
&lt;td&gt;Comunidade Quilombola São João da Chapada&lt;/td&gt;
&lt;/tr&gt;&lt;tr bgcolor=""&gt;
&lt;th&gt;LAT_LOCALIDADE&lt;/th&gt;
&lt;td&gt;-18.0864&lt;/td&gt;
&lt;/tr&gt;&lt;tr bgcolor="#E3E3F3"&gt;
&lt;th&gt;LONG_LOCALIDADE&lt;/th&gt;
&lt;td&gt;-43.742&lt;/td&gt;
&lt;/tr&gt;&lt;/table&gt;&lt;/center&gt;</description>
<Style>
<IconStyle>
<color>ffff54ff</color>
<scale>0.8</scale>
<Icon>
<href>http://maps.google.com/mapfiles/kml/shapes/placemark_circle.png</href>
</Icon>
</IconStyle>
<LabelStyle>
<scale>0.8</scale>
</LabelStyle>
<LineStyle>
<color>7200ffff</color>
<width>1.0</width>
<gx:labelVisibility>1</gx:labelVisibility>
</LineStyle>
<PolyStyle>
<color>6600ffff</color>
</PolyStyle>
</Style>
<ExtendedData>
<SchemaData schemaUrl="#kml_schema_ft_Agrupamentos_Quilombolas">
<SimpleData name="CD_UF">31</SimpleData>
<SimpleData name="NM_UF">Minas Gerais</SimpleData>
<SimpleData name="SIGLA_UF">MG</SimpleData>
<SimpleData name="CD_MUN">3121605</SimpleData>
<SimpleData name="NM_MUN">Diamantina</SimpleData>
<SimpleData name="CD_RGINT">3103</SimpleData>
<SimpleData name="NM_RGINT">Teófilo Otoni</SimpleData>
<SimpleData name="CD_RGI">310016</SimpleData>
<SimpleData name="NM_RGI">Diamantina</SimpleData>
<SimpleData name="CT_LOCALIDADE">Localidade Quilombola</SimpleData>
<SimpleData name="SCT_LOCALIDADE">Agrupamento Quilombola</SimpleData>
<SimpleData name="CD_LOCALIDADE">312160500014</SimpleData>
<SimpleData name="NM_LOCALIDADE">Comunidade Quilombola São João da Chapada</SimpleData>
<SimpleData name="LAT_LOCALIDADE">-18.0864</SimpleData>
<SimpleData name="LONG_LOCALIDADE">-43.742</SimpleData>
</SchemaData>
</ExtendedData>
<Point>
<extrude>0</extrude>
<coordinates>-43.7419629795597,-18.0863627620202,0.0</coordinates>
</Point>
</Placemark>
<Placemark id="10.01. Agrupamentos Quilombolas">
<name>Comunidade Quilombola Santa Cruz [312160500015]</name>
<visibility>1</visibility>
<snippet> </snippet>
<description>&lt;center&gt;&lt;table&gt;&lt;tr&gt;&lt;th colspan='2' align='center'&gt;&lt;em&gt;Attributes&lt;/em&gt;&lt;/th&gt;&lt;/tr&gt;&lt;tr bgcolor="#E3E3F3"&gt;
&lt;th&gt;CD_UF&lt;/th&gt;
&lt;td&gt;31&lt;/td&gt;
&lt;/tr&gt;&lt;tr bgcolor=""&gt;
&lt;th&gt;NM_UF&lt;/th&gt;
&lt;td&gt;Minas Gerais&lt;/td&gt;
&lt;/tr&gt;&lt;tr bgcolor="#E3E3F3"&gt;
&lt;th&gt;SIGLA_UF&lt;/th&gt;
&lt;td&gt;MG&lt;/td&gt;
&lt;/tr&gt;&lt;tr bgcolor=""&gt;
&lt;th&gt;CD_MUN&lt;/th&gt;
&lt;td&gt;3121605&lt;/td&gt;
&lt;/tr&gt;&lt;tr bgcolor="#E3E3F3"&gt;
&lt;th&gt;NM_MUN&lt;/th&gt;
&lt;td&gt;Diamantina&lt;/td&gt;
&lt;/tr&gt;&lt;tr bgcolor=""&gt;
&lt;th&gt;CD_RGINT&lt;/th&gt;
&lt;td&gt;3103&lt;/td&gt;
&lt;/tr&gt;&lt;tr bgcolor="#E3E3F3"&gt;
&lt;th&gt;NM_RGINT&lt;/th&gt;
&lt;td&gt;Teófilo Otoni&lt;/td&gt;
&lt;/tr&gt;&lt;tr bgcolor=""&gt;
&lt;th&gt;CD_RGI&lt;/th&gt;
&lt;td&gt;310016&lt;/td&gt;
&lt;/tr&gt;&lt;tr bgcolor="#E3E3F3"&gt;
&lt;th&gt;NM_RGI&lt;/th&gt;
&lt;td&gt;Diamantina&lt;/td&gt;
&lt;/tr&gt;&lt;tr bgcolor=""&gt;
&lt;th&gt;CT_LOCALIDADE&lt;/th&gt;
&lt;td&gt;Localidade Quilombola&lt;/td&gt;
&lt;/tr&gt;&lt;tr bgcolor="#E3E3F3"&gt;
&lt;th&gt;SCT_LOCALIDADE&lt;/th&gt;
&lt;td&gt;Agrupamento Quilombola&lt;/td&gt;
&lt;/tr&gt;&lt;tr bgcolor=""&gt;
&lt;th&gt;CD_LOCALIDADE&lt;/th&gt;
&lt;td&gt;312160500015&lt;/td&gt;
&lt;/tr&gt;&lt;tr bgcolor="#E3E3F3"&gt;
&lt;th&gt;NM_LOCALIDADE&lt;/th&gt;
&lt;td&gt;Comunidade Quilombola Santa Cruz&lt;/td&gt;
&lt;/tr&gt;&lt;tr bgcolor=""&gt;
&lt;th&gt;LAT_LOCALIDADE&lt;/th&gt;
&lt;td&gt;-18.4424&lt;/td&gt;
&lt;/tr&gt;&lt;tr bgcolor="#E3E3F3"&gt;
&lt;th&gt;LONG_LOCALIDADE&lt;/th&gt;
&lt;td&gt;-43.5445&lt;/td&gt;
&lt;/tr&gt;&lt;/table&gt;&lt;/center&gt;</description>
<Style>
<IconStyle>
<color>ffff54ff</color>
<scale>0.8</scale>
<Icon>
<href>http://maps.google.com/mapfiles/kml/shapes/placemark_circle.png</href>
</Icon>
</IconStyle>
<LabelStyle>
<scale>0.8</scale>
</LabelStyle>
<LineStyle>
<color>7200ffff</color>
<width>1.0</width>
<gx:labelVisibility>1</gx:labelVisibility>
</LineStyle>
<PolyStyle>
<color>6600ffff</color>
</PolyStyle>
</Style>
<ExtendedData>
<SchemaData schemaUrl="#kml_schema_ft_Agrupamentos_Quilombolas">
<SimpleData name="CD_UF">31</SimpleData>
<SimpleData name="NM_UF">Minas Gerais</SimpleData>
<SimpleData name="SIGLA_UF">MG</SimpleData>
<SimpleData name="CD_MUN">3121605</SimpleData>
<SimpleData name="NM_MUN">Diamantina</SimpleData>
<SimpleData name="CD_RGINT">3103</SimpleData>
<SimpleData name="NM_RGINT">Teófilo Otoni</SimpleData>
<SimpleData name="CD_RGI">310016</SimpleData>
<SimpleData name="NM_RGI">Diamantina</SimpleData>
<SimpleData name="CT_LOCALIDADE">Localidade Quilombola</SimpleData>
<SimpleData name="SCT_LOCALIDADE">Agrupamento Quilombola</SimpleData>
<SimpleData name="CD_LOCALIDADE">312160500015</SimpleData>
<SimpleData name="NM_LOCALIDADE">Comunidade Quilombola Santa Cruz</SimpleData>
<SimpleData name="LAT_LOCALIDADE">-18.4424</SimpleData>
<SimpleData name="LONG_LOCALIDADE">-43.5445</SimpleData>
</SchemaData>
</ExtendedData>
<Point>
<extrude>0</extrude>
<coordinates>-43.5445378584,-18.4424009019321,0.0</coordinates>
</Point>
</Placemark>
</Folder>
<Folder id="10.02. Outras Localidades Quilombolas">
<name>10.02. Outras Localidades Quilombolas</name>
<visibility>1</visibility>
<Style>
<IconStyle>
<color>ffffa0ef</color>
<scale>0.8</scale>
<Icon>
<href>http://maps.google.com/mapfiles/kml/shapes/placemark_circle.png</href>
</Icon>
</IconStyle>
<LabelStyle>
<scale>0.8</scale>
</LabelStyle>
<LineStyle>
<width>1.0</width>
<gx:labelVisibility>1</gx:labelVisibility>
</LineStyle>
</Style>
<Placemark id="10.02. Outras Localidades Quilombolas">
<name>Comunidade Quilombola Vargem do Inhaí [312160500009]</name>
<visibility>1</visibility>
<snippet> </snippet>
<description>&lt;center&gt;&lt;table&gt;&lt;tr&gt;&lt;th colspan='2' align='center'&gt;&lt;em&gt;Attributes&lt;/em&gt;&lt;/th&gt;&lt;/tr&gt;&lt;tr bgcolor="#E3E3F3"&gt;
&lt;th&gt;CD_UF&lt;/th&gt;
&lt;td&gt;31&lt;/td&gt;
&lt;/tr&gt;&lt;tr bgcolor=""&gt;
&lt;th&gt;NM_UF&lt;/th&gt;
&lt;td&gt;Minas Gerais&lt;/td&gt;
&lt;/tr&gt;&lt;tr bgcolor="#E3E3F3"&gt;
&lt;th&gt;SIGLA_UF&lt;/th&gt;
&lt;td&gt;MG&lt;/td&gt;
&lt;/tr&gt;&lt;tr bgcolor=""&gt;
&lt;th&gt;CD_MUN&lt;/th&gt;
&lt;td&gt;3121605&lt;/td&gt;
&lt;/tr&gt;&lt;tr bgcolor="#E3E3F3"&gt;
&lt;th&gt;NM_MUN&lt;/th&gt;
&lt;td&gt;Diamantina&lt;/td&gt;
&lt;/tr&gt;&lt;tr bgcolor=""&gt;
&lt;th&gt;CD_RGINT&lt;/th&gt;
&lt;td&gt;3103&lt;/td&gt;
&lt;/tr&gt;&lt;tr bgcolor="#E3E3F3"&gt;
&lt;th&gt;NM_RGINT&lt;/th&gt;
&lt;td&gt;Teófilo Otoni&lt;/td&gt;
&lt;/tr&gt;&lt;tr bgcolor=""&gt;
&lt;th&gt;CD_RGI&lt;/th&gt;
&lt;td&gt;310016&lt;/td&gt;
&lt;/tr&gt;&lt;tr bgcolor="#E3E3F3"&gt;
&lt;th&gt;NM_RGI&lt;/th&gt;
&lt;td&gt;Diamantina&lt;/td&gt;
&lt;/tr&gt;&lt;tr bgcolor=""&gt;
&lt;th&gt;CT_LOCALIDADE&lt;/th&gt;
&lt;td&gt;Localidade Quilombola&lt;/td&gt;
&lt;/tr&gt;&lt;tr bgcolor="#E3E3F3"&gt;
&lt;th&gt;SCT_LOCALIDADE&lt;/th&gt;
&lt;td&gt;Outras Localidades Quilombolas&lt;/td&gt;
&lt;/tr&gt;&lt;tr bgcolor=""&gt;
&lt;th&gt;CD_LOCALIDADE&lt;/th&gt;
&lt;td&gt;312160500009&lt;/td&gt;
&lt;/tr&gt;&lt;tr bgcolor="#E3E3F3"&gt;
&lt;th&gt;NM_LOCALIDADE&lt;/th&gt;
&lt;td&gt;Comunidade Quilombola Vargem do Inhaí&lt;/td&gt;
&lt;/tr&gt;&lt;/table&gt;&lt;/center&gt;</description>
<Style>
<IconStyle>
<color>ffffa0ef</color>
<scale>0.8</scale>
<Icon>
<href>http://maps.google.com/mapfiles/kml/shapes/placemark_circle.png</href>
</Icon>
</IconStyle>
<LabelStyle>
<scale>0.8</scale>
</LabelStyle>
<LineStyle>
<width>1.0</width>
<gx:labelVisibility>1</gx:labelVisibility>
</LineStyle>
</Style>
<ExtendedData>
<SchemaData schemaUrl="#kml_schema_ft_Localidades">
<SimpleData name="CD_UF">31</SimpleData>
<SimpleData name="NM_UF">Minas Gerais</SimpleData>
<SimpleData name="SIGLA_UF">MG</SimpleData>
<SimpleData name="CD_MUN">3121605</SimpleData>
<SimpleData name="NM_MUN">Diamantina</SimpleData>
<SimpleData name="CD_RGINT">3103</SimpleData>
<SimpleData name="NM_RGINT">Teófilo Otoni</SimpleData>
<SimpleData name="CD_RGI">310016</SimpleData>
<SimpleData name="NM_RGI">Diamantina</SimpleData>
<SimpleData name="CT_LOCALIDADE">Localidade Quilombola</SimpleData>
<SimpleData name="SCT_LOCALIDADE">Outras Localidades Quilombolas</SimpleData>
<SimpleData name="CD_LOCALIDADE">312160500009</SimpleData>
<SimpleData name="NM_LOCALIDADE">Comunidade Quilombola Vargem do Inhaí</SimpleData>
</SchemaData>
</ExtendedData>
<Point>
<extrude>0</extrude>
<coordinates>-43.5878080789473,-17.8592991310265,0.0</coordinates>
</Point>
</Placemark>
<Placemark id="10.02. Outras Localidades Quilombolas">
<name>Comunidade Quilombola Capivari [312160500017]</name>
<visibility>1</visibility>
<snippet> </snippet>
<description>&lt;center&gt;&lt;table&gt;&lt;tr&gt;&lt;th colspan='2' align='center'&gt;&lt;em&gt;Attributes&lt;/em&gt;&lt;/th&gt;&lt;/tr&gt;&lt;tr bgcolor="#E3E3F3"&gt;
&lt;th&gt;CD_UF&lt;/th&gt;
&lt;td&gt;31&lt;/td&gt;
&lt;/tr&gt;&lt;tr bgcolor=""&gt;
&lt;th&gt;NM_UF&lt;/th&gt;
&lt;td&gt;Minas Gerais&lt;/td&gt;
&lt;/tr&gt;&lt;tr bgcolor="#E3E3F3"&gt;
&lt;th&gt;SIGLA_UF&lt;/th&gt;
&lt;td&gt;MG&lt;/td&gt;
&lt;/tr&gt;&lt;tr bgcolor=""&gt;
&lt;th&gt;CD_MUN&lt;/th&gt;
&lt;td&gt;3121605&lt;/td&gt;
&lt;/tr&gt;&lt;tr bgcolor="#E3E3F3"&gt;
&lt;th&gt;NM_MUN&lt;/th&gt;
&lt;td&gt;Diamantina&lt;/td&gt;
&lt;/tr&gt;&lt;tr bgcolor=""&gt;
&lt;th&gt;CD_RGINT&lt;/th&gt;
&lt;td&gt;3103&lt;/td&gt;
&lt;/tr&gt;&lt;tr bgcolor="#E3E3F3"&gt;
&lt;th&gt;NM_RGINT&lt;/th&gt;
&lt;td&gt;Teófilo Otoni&lt;/td&gt;
&lt;/tr&gt;&lt;tr bgcolor=""&gt;
&lt;th&gt;CD_RGI&lt;/th&gt;
&lt;td&gt;310016&lt;/td&gt;
&lt;/tr&gt;&lt;tr bgcolor="#E3E3F3"&gt;
&lt;th&gt;NM_RGI&lt;/th&gt;
&lt;td&gt;Diamantina&lt;/td&gt;
&lt;/tr&gt;&lt;tr bgcolor=""&gt;
&lt;th&gt;CT_LOCALIDADE&lt;/th&gt;
&lt;td&gt;Localidade Quilombola&lt;/td&gt;
&lt;/tr&gt;&lt;tr bgcolor="#E3E3F3"&gt;
&lt;th&gt;SCT_LOCALIDADE&lt;/th&gt;
&lt;td&gt;Outras Localidades Quilombolas&lt;/td&gt;
&lt;/tr&gt;&lt;tr bgcolor=""&gt;
&lt;th&gt;CD_LOCALIDADE&lt;/th&gt;
&lt;td&gt;312160500017&lt;/td&gt;
&lt;/tr&gt;&lt;tr bgcolor="#E3E3F3"&gt;
&lt;th&gt;NM_LOCALIDADE&lt;/th&gt;
&lt;td&gt;Comunidade Quilombola Capivari&lt;/td&gt;
&lt;/tr&gt;&lt;/table&gt;&lt;/center&gt;</description>
<Style>
<IconStyle>
<color>ffffa0ef</color>
<scale>0.8</scale>
<Icon>
<href>http://maps.google.com/mapfiles/kml/shapes/placemark_circle.png</href>
</Icon>
</IconStyle>
<LabelStyle>
<scale>0.8</scale>
</LabelStyle>
<LineStyle>
<width>1.0</width>
<gx:labelVisibility>1</gx:labelVisibility>
</LineStyle>
</Style>
<ExtendedData>
<SchemaData schemaUrl="#kml_schema_ft_Localidades">
<SimpleData name="CD_UF">31</SimpleData>
<SimpleData name="NM_UF">Minas Gerais</SimpleData>
<SimpleData name="SIGLA_UF">MG</SimpleData>
<SimpleData name="CD_MUN">3121605</SimpleData>
<SimpleData name="NM_MUN">Diamantina</SimpleData>
<SimpleData name="CD_RGINT">3103</SimpleData>
<SimpleData name="NM_RGINT">Teófilo Otoni</SimpleData>
<SimpleData name="CD_RGI">310016</SimpleData>
<SimpleData name="NM_RGI">Diamantina</SimpleData>
<SimpleData name="CT_LOCALIDADE">Localidade Quilombola</SimpleData>
<SimpleData name="SCT_LOCALIDADE">Outras Localidades Quilombolas</SimpleData>
<SimpleData name="CD_LOCALIDADE">312160500017</SimpleData>
<SimpleData name="NM_LOCALIDADE">Comunidade Quilombola Capivari</SimpleData>
</SchemaData>
</ExtendedData>
<Point>
<extrude>0</extrude>
<coordinates>-43.6073219722,-18.2391379715375,0.0</coordinates>
</Point>
</Placemark>
<Placemark id="10.02. Outras Localidades Quilombolas">
<name>Comunidade Quilombola Braunas [312160500018]</name>
<visibility>1</visibility>
<snippet> </snippet>
<description>&lt;center&gt;&lt;table&gt;&lt;tr&gt;&lt;th colspan='2' align='center'&gt;&lt;em&gt;Attributes&lt;/em&gt;&lt;/th&gt;&lt;/tr&gt;&lt;tr bgcolor="#E3E3F3"&gt;
&lt;th&gt;CD_UF&lt;/th&gt;
&lt;td&gt;31&lt;/td&gt;
&lt;/tr&gt;&lt;tr bgcolor=""&gt;
&lt;th&gt;NM_UF&lt;/th&gt;
&lt;td&gt;Minas Gerais&lt;/td&gt;
&lt;/tr&gt;&lt;tr bgcolor="#E3E3F3"&gt;
&lt;th&gt;SIGLA_UF&lt;/th&gt;
&lt;td&gt;MG&lt;/td&gt;
&lt;/tr&gt;&lt;tr bgcolor=""&gt;
&lt;th&gt;CD_MUN&lt;/th&gt;
&lt;td&gt;3121605&lt;/td&gt;
&lt;/tr&gt;&lt;tr bgcolor="#E3E3F3"&gt;
&lt;th&gt;NM_MUN&lt;/th&gt;
&lt;td&gt;Diamantina&lt;/td&gt;
&lt;/tr&gt;&lt;tr bgcolor=""&gt;
&lt;th&gt;CD_RGINT&lt;/th&gt;
&lt;td&gt;3103&lt;/td&gt;
&lt;/tr&gt;&lt;tr bgcolor="#E3E3F3"&gt;
&lt;th&gt;NM_RGINT&lt;/th&gt;
&lt;td&gt;Teófilo Otoni&lt;/td&gt;
&lt;/tr&gt;&lt;tr bgcolor=""&gt;
&lt;th&gt;CD_RGI&lt;/th&gt;
&lt;td&gt;310016&lt;/td&gt;
&lt;/tr&gt;&lt;tr bgcolor="#E3E3F3"&gt;
&lt;th&gt;NM_RGI&lt;/th&gt;
&lt;td&gt;Diamantina&lt;/td&gt;
&lt;/tr&gt;&lt;tr bgcolor=""&gt;
&lt;th&gt;CT_LOCALIDADE&lt;/th&gt;
&lt;td&gt;Localidade Quilombola&lt;/td&gt;
&lt;/tr&gt;&lt;tr bgcolor="#E3E3F3"&gt;
&lt;th&gt;SCT_LOCALIDADE&lt;/th&gt;
&lt;td&gt;Outras Localidades Quilombolas&lt;/td&gt;
&lt;/tr&gt;&lt;tr bgcolor=""&gt;
&lt;th&gt;CD_LOCALIDADE&lt;/th&gt;
&lt;td&gt;312160500018&lt;/td&gt;
&lt;/tr&gt;&lt;tr bgcolor="#E3E3F3"&gt;
&lt;th&gt;NM_LOCALIDADE&lt;/th&gt;
&lt;td&gt;Comunidade Quilombola Braunas&lt;/td&gt;
&lt;/tr&gt;&lt;/table&gt;&lt;/center&gt;</description>
<Style>
<IconStyle>
<color>ffffa0ef</color>
<scale>0.8</scale>
<Icon>
<href>http://maps.google.com/mapfiles/kml/shapes/placemark_circle.png</href>
</Icon>
</IconStyle>
<LabelStyle>
<scale>0.8</scale>
</LabelStyle>
<LineStyle>
<width>1.0</width>
<gx:labelVisibility>1</gx:labelVisibility>
</LineStyle>
</Style>
<ExtendedData>
<SchemaData schemaUrl="#kml_schema_ft_Localidades">
<SimpleData name="CD_UF">31</SimpleData>
<SimpleData name="NM_UF">Minas Gerais</SimpleData>
<SimpleData name="SIGLA_UF">MG</SimpleData>
<SimpleData name="CD_MUN">3121605</SimpleData>
<SimpleData name="NM_MUN">Diamantina</SimpleData>
<SimpleData name="CD_RGINT">3103</SimpleData>
<SimpleData name="NM_RGINT">Teófilo Otoni</SimpleData>
<SimpleData name="CD_RGI">310016</SimpleData>
<SimpleData name="NM_RGI">Diamantina</SimpleData>
<SimpleData name="CT_LOCALIDADE">Localidade Quilombola</SimpleData>
<SimpleData name="SCT_LOCALIDADE">Outras Localidades Quilombolas</SimpleData>
<SimpleData name="CD_LOCALIDADE">312160500018</SimpleData>
<SimpleData name="NM_LOCALIDADE">Comunidade Quilombola Braunas</SimpleData>
</SchemaData>
</ExtendedData>
<Point>
<extrude>0</extrude>
<coordinates>-43.598022,-18.2441851994374,0.0</coordinates>
</Point>
</Placemark>
<Placemark id="10.02. Outras Localidades Quilombolas">
<name>Comunidade Quilombola Lagoa da Pedra [312160500019]</name>
<visibility>1</visibility>
<snippet> </snippet>
<description>&lt;center&gt;&lt;table&gt;&lt;tr&gt;&lt;th colspan='2' align='center'&gt;&lt;em&gt;Attributes&lt;/em&gt;&lt;/th&gt;&lt;/tr&gt;&lt;tr bgcolor="#E3E3F3"&gt;
&lt;th&gt;CD_UF&lt;/th&gt;
&lt;td&gt;31&lt;/td&gt;
&lt;/tr&gt;&lt;tr bgcolor=""&gt;
&lt;th&gt;NM_UF&lt;/th&gt;
&lt;td&gt;Minas Gerais&lt;/td&gt;
&lt;/tr&gt;&lt;tr bgcolor="#E3E3F3"&gt;
&lt;th&gt;SIGLA_UF&lt;/th&gt;
&lt;td&gt;MG&lt;/td&gt;
&lt;/tr&gt;&lt;tr bgcolor=""&gt;
&lt;th&gt;CD_MUN&lt;/th&gt;
&lt;td&gt;3121605&lt;/td&gt;
&lt;/tr&gt;&lt;tr bgcolor="#E3E3F3"&gt;
&lt;th&gt;NM_MUN&lt;/th&gt;
&lt;td&gt;Diamantina&lt;/td&gt;
&lt;/tr&gt;&lt;tr bgcolor=""&gt;
&lt;th&gt;CD_RGINT&lt;/th&gt;
&lt;td&gt;3103&lt;/td&gt;
&lt;/tr&gt;&lt;tr bgcolor="#E3E3F3"&gt;
&lt;th&gt;NM_RGINT&lt;/th&gt;
&lt;td&gt;Teófilo Otoni&lt;/td&gt;
&lt;/tr&gt;&lt;tr bgcolor=""&gt;
&lt;th&gt;CD_RGI&lt;/th&gt;
&lt;td&gt;310016&lt;/td&gt;
&lt;/tr&gt;&lt;tr bgcolor="#E3E3F3"&gt;
&lt;th&gt;NM_RGI&lt;/th&gt;
&lt;td&gt;Diamantina&lt;/td&gt;
&lt;/tr&gt;&lt;tr bgcolor=""&gt;
&lt;th&gt;CT_LOCALIDADE&lt;/th&gt;
&lt;td&gt;Localidade Quilombola&lt;/td&gt;
&lt;/tr&gt;&lt;tr bgcolor="#E3E3F3"&gt;
&lt;th&gt;SCT_LOCALIDADE&lt;/th&gt;
&lt;td&gt;Outras Localidades Quilombolas&lt;/td&gt;
&lt;/tr&gt;&lt;tr bgcolor=""&gt;
&lt;th&gt;CD_LOCALIDADE&lt;/th&gt;
&lt;td&gt;312160500019&lt;/td&gt;
&lt;/tr&gt;&lt;tr bgcolor="#E3E3F3"&gt;
&lt;th&gt;NM_LOCALIDADE&lt;/th&gt;
&lt;td&gt;Comunidade Quilombola Lagoa da Pedra&lt;/td&gt;
&lt;/tr&gt;&lt;/table&gt;&lt;/center&gt;</description>
<Style>
<IconStyle>
<color>ffffa0ef</color>
<scale>0.8</scale>
<Icon>
<href>http://maps.google.com/mapfiles/kml/shapes/placemark_circle.png</href>
</Icon>
</IconStyle>
<LabelStyle>
<scale>0.8</scale>
</LabelStyle>
<LineStyle>
<width>1.0</width>
<gx:labelVisibility>1</gx:labelVisibility>
</LineStyle>
</Style>
<ExtendedData>
<SchemaData schemaUrl="#kml_schema_ft_Localidades">
<SimpleData name="CD_UF">31</SimpleData>
<SimpleData name="NM_UF">Minas Gerais</SimpleData>
<SimpleData name="SIGLA_UF">MG</SimpleData>
<SimpleData name="CD_MUN">3121605</SimpleData>
<SimpleData name="NM_MUN">Diamantina</SimpleData>
<SimpleData name="CD_RGINT">3103</SimpleData>
<SimpleData name="NM_RGINT">Teófilo Otoni</SimpleData>
<SimpleData name="CD_RGI">310016</SimpleData>
<SimpleData name="NM_RGI">Diamantina</SimpleData>
<SimpleData name="CT_LOCALIDADE">Localidade Quilombola</SimpleData>
<SimpleData name="SCT_LOCALIDADE">Outras Localidades Quilombolas</SimpleData>
<SimpleData name="CD_LOCALIDADE">312160500019</SimpleData>
<SimpleData name="NM_LOCALIDADE">Comunidade Quilombola Lagoa da Pedra</SimpleData>
</SchemaData>
</ExtendedData>
<Point>
<extrude>0</extrude>
<coordinates>-43.6078916359088,-18.238494052013,0.0</coordinates>
</Point>
</Placemark>
<Placemark id="10.02. Outras Localidades Quilombolas">
<name>Comunidade Quilombola Mata dos Crioulos [312160500020]</name>
<visibility>1</visibility>
<snippet> </snippet>
<description>&lt;center&gt;&lt;table&gt;&lt;tr&gt;&lt;th colspan='2' align='center'&gt;&lt;em&gt;Attributes&lt;/em&gt;&lt;/th&gt;&lt;/tr&gt;&lt;tr bgcolor="#E3E3F3"&gt;
&lt;th&gt;CD_UF&lt;/th&gt;
&lt;td&gt;31&lt;/td&gt;
&lt;/tr&gt;&lt;tr bgcolor=""&gt;
&lt;th&gt;NM_UF&lt;/th&gt;
&lt;td&gt;Minas Gerais&lt;/td&gt;
&lt;/tr&gt;&lt;tr bgcolor="#E3E3F3"&gt;
&lt;th&gt;SIGLA_UF&lt;/th&gt;
&lt;td&gt;MG&lt;/td&gt;
&lt;/tr&gt;&lt;tr bgcolor=""&gt;
&lt;th&gt;CD_MUN&lt;/th&gt;
&lt;td&gt;3121605&lt;/td&gt;
&lt;/tr&gt;&lt;tr bgcolor="#E3E3F3"&gt;
&lt;th&gt;NM_MUN&lt;/th&gt;
&lt;td&gt;Diamantina&lt;/td&gt;
&lt;/tr&gt;&lt;tr bgcolor=""&gt;
&lt;th&gt;CD_RGINT&lt;/th&gt;
&lt;td&gt;3103&lt;/td&gt;
&lt;/tr&gt;&lt;tr bgcolor="#E3E3F3"&gt;
&lt;th&gt;NM_RGINT&lt;/th&gt;
&lt;td&gt;Teófilo Otoni&lt;/td&gt;
&lt;/tr&gt;&lt;tr bgcolor=""&gt;
&lt;th&gt;CD_RGI&lt;/th&gt;
&lt;td&gt;310016&lt;/td&gt;
&lt;/tr&gt;&lt;tr bgcolor="#E3E3F3"&gt;
&lt;th&gt;NM_RGI&lt;/th&gt;
&lt;td&gt;Diamantina&lt;/td&gt;
&lt;/tr&gt;&lt;tr bgcolor=""&gt;
&lt;th&gt;CT_LOCALIDADE&lt;/th&gt;
&lt;td&gt;Localidade Quilombola&lt;/td&gt;
&lt;/tr&gt;&lt;tr bgcolor="#E3E3F3"&gt;
&lt;th&gt;SCT_LOCALIDADE&lt;/th&gt;
&lt;td&gt;Outras Localidades Quilombolas&lt;/td&gt;
&lt;/tr&gt;&lt;tr bgcolor=""&gt;
&lt;th&gt;CD_LOCALIDADE&lt;/th&gt;
&lt;td&gt;312160500020&lt;/td&gt;
&lt;/tr&gt;&lt;tr bgcolor="#E3E3F3"&gt;
&lt;th&gt;NM_LOCALIDADE&lt;/th&gt;
&lt;td&gt;Comunidade Quilombola Mata dos Crioulos&lt;/td&gt;
&lt;/tr&gt;&lt;/table&gt;&lt;/center&gt;</description>
<Style>
<IconStyle>
<color>ffffa0ef</color>
<scale>0.8</scale>
<Icon>
<href>http://maps.google.com/mapfiles/kml/shapes/placemark_circle.png</href>
</Icon>
</IconStyle>
<LabelStyle>
<scale>0.8</scale>
</LabelStyle>
<LineStyle>
<width>1.0</width>
<gx:labelVisibility>1</gx:labelVisibility>
</LineStyle>
</Style>
<ExtendedData>
<SchemaData schemaUrl="#kml_schema_ft_Localidades">
<SimpleData name="CD_UF">31</SimpleData>
<SimpleData name="NM_UF">Minas Gerais</SimpleData>
<SimpleData name="SIGLA_UF">MG</SimpleData>
<SimpleData name="CD_MUN">3121605</SimpleData>
<SimpleData name="NM_MUN">Diamantina</SimpleData>
<SimpleData name="CD_RGINT">3103</SimpleData>
<SimpleData name="NM_RGINT">Teófilo Otoni</SimpleData>
<SimpleData name="CD_RGI">310016</SimpleData>
<SimpleData name="NM_RGI">Diamantina</SimpleData>
<SimpleData name="CT_LOCALIDADE">Localidade Quilombola</SimpleData>
<SimpleData name="SCT_LOCALIDADE">Outras Localidades Quilombolas</SimpleData>
<SimpleData name="CD_LOCALIDADE">312160500020</SimpleData>
<SimpleData name="NM_LOCALIDADE">Comunidade Quilombola Mata dos Crioulos</SimpleData>
</SchemaData>
</ExtendedData>
<Point>
<extrude>0</extrude>
<coordinates>-43.4172564845,-18.2886078604362,0.0</coordinates>
</Point>
</Placemark>
<Placemark id="10.02. Outras Localidades Quilombolas">
<name>Comunidade Quilombola Vargem do Inhaí [312160500021]</name>
<visibility>1</visibility>
<snippet> </snippet>
<description>&lt;center&gt;&lt;table&gt;&lt;tr&gt;&lt;th colspan='2' align='center'&gt;&lt;em&gt;Attributes&lt;/em&gt;&lt;/th&gt;&lt;/tr&gt;&lt;tr bgcolor="#E3E3F3"&gt;
&lt;th&gt;CD_UF&lt;/th&gt;
&lt;td&gt;31&lt;/td&gt;
&lt;/tr&gt;&lt;tr bgcolor=""&gt;
&lt;th&gt;NM_UF&lt;/th&gt;
&lt;td&gt;Minas Gerais&lt;/td&gt;
&lt;/tr&gt;&lt;tr bgcolor="#E3E3F3"&gt;
&lt;th&gt;SIGLA_UF&lt;/th&gt;
&lt;td&gt;MG&lt;/td&gt;
&lt;/tr&gt;&lt;tr bgcolor=""&gt;
&lt;th&gt;CD_MUN&lt;/th&gt;
&lt;td&gt;3121605&lt;/td&gt;
&lt;/tr&gt;&lt;tr bgcolor="#E3E3F3"&gt;
&lt;th&gt;NM_MUN&lt;/th&gt;
&lt;td&gt;Diamantina&lt;/td&gt;
&lt;/tr&gt;&lt;tr bgcolor=""&gt;
&lt;th&gt;CD_RGINT&lt;/th&gt;
&lt;td&gt;3103&lt;/td&gt;
&lt;/tr&gt;&lt;tr bgcolor="#E3E3F3"&gt;
&lt;th&gt;NM_RGINT&lt;/th&gt;
&lt;td&gt;Teófilo Otoni&lt;/td&gt;
&lt;/tr&gt;&lt;tr bgcolor=""&gt;
&lt;th&gt;CD_RGI&lt;/th&gt;
&lt;td&gt;310016&lt;/td&gt;
&lt;/tr&gt;&lt;tr bgcolor="#E3E3F3"&gt;
&lt;th&gt;NM_RGI&lt;/th&gt;
&lt;td&gt;Diamantina&lt;/td&gt;
&lt;/tr&gt;&lt;tr bgcolor=""&gt;
&lt;th&gt;CT_LOCALIDADE&lt;/th&gt;
&lt;td&gt;Localidade Quilombola&lt;/td&gt;
&lt;/tr&gt;&lt;tr bgcolor="#E3E3F3"&gt;
&lt;th&gt;SCT_LOCALIDADE&lt;/th&gt;
&lt;td&gt;Outras Localidades Quilombolas&lt;/td&gt;
&lt;/tr&gt;&lt;tr bgcolor=""&gt;
&lt;th&gt;CD_LOCALIDADE&lt;/th&gt;
&lt;td&gt;312160500021&lt;/td&gt;
&lt;/tr&gt;&lt;tr bgcolor="#E3E3F3"&gt;
&lt;th&gt;NM_LOCALIDADE&lt;/th&gt;
&lt;td&gt;Comunidade Quilombola Vargem do Inhaí&lt;/td&gt;
&lt;/tr&gt;&lt;/table&gt;&lt;/center&gt;</description>
<Style>
<IconStyle>
<color>ffffa0ef</color>
<scale>0.8</scale>
<Icon>
<href>http://maps.google.com/mapfiles/kml/shapes/placemark_circle.png</href>
</Icon>
</IconStyle>
<LabelStyle>
<scale>0.8</scale>
</LabelStyle>
<LineStyle>
<width>1.0</width>
<gx:labelVisibility>1</gx:labelVisibility>
</LineStyle>
</Style>
<ExtendedData>
<SchemaData schemaUrl="#kml_schema_ft_Localidades">
<SimpleData name="CD_UF">31</SimpleData>
<SimpleData name="NM_UF">Minas Gerais</SimpleData>
<SimpleData name="SIGLA_UF">MG</SimpleData>
<SimpleData name="CD_MUN">3121605</SimpleData>
<SimpleData name="NM_MUN">Diamantina</SimpleData>
<SimpleData name="CD_RGINT">3103</SimpleData>
<SimpleData name="NM_RGINT">Teófilo Otoni</SimpleData>
<SimpleData name="CD_RGI">310016</SimpleData>
<SimpleData name="NM_RGI">Diamantina</SimpleData>
<SimpleData name="CT_LOCALIDADE">Localidade Quilombola</SimpleData>
<SimpleData name="SCT_LOCALIDADE">Outras Localidades Quilombolas</SimpleData>
<SimpleData name="CD_LOCALIDADE">312160500021</SimpleData>
<SimpleData name="NM_LOCALIDADE">Comunidade Quilombola Vargem do Inhaí</SimpleData>
</SchemaData>
</ExtendedData>
<Point>
<extrude>0</extrude>
<coordinates>-43.6221132303,-17.9423874573454,0.0</coordinates>
</Point>
</Placemark>
<Placemark id="10.02. Outras Localidades Quilombolas">
<name>Comunidade Quilombola Pinheiro [312160500022]</name>
<visibility>1</visibility>
<snippet> </snippet>
<description>&lt;center&gt;&lt;table&gt;&lt;tr&gt;&lt;th colspan='2' align='center'&gt;&lt;em&gt;Attributes&lt;/em&gt;&lt;/th&gt;&lt;/tr&gt;&lt;tr bgcolor="#E3E3F3"&gt;
&lt;th&gt;CD_UF&lt;/th&gt;
&lt;td&gt;31&lt;/td&gt;
&lt;/tr&gt;&lt;tr bgcolor=""&gt;
&lt;th&gt;NM_UF&lt;/th&gt;
&lt;td&gt;Minas Gerais&lt;/td&gt;
&lt;/tr&gt;&lt;tr bgcolor="#E3E3F3"&gt;
&lt;th&gt;SIGLA_UF&lt;/th&gt;
&lt;td&gt;MG&lt;/td&gt;
&lt;/tr&gt;&lt;tr bgcolor=""&gt;
&lt;th&gt;CD_MUN&lt;/th&gt;
&lt;td&gt;3121605&lt;/td&gt;
&lt;/tr&gt;&lt;tr bgcolor="#E3E3F3"&gt;
&lt;th&gt;NM_MUN&lt;/th&gt;
&lt;td&gt;Diamantina&lt;/td&gt;
&lt;/tr&gt;&lt;tr bgcolor=""&gt;
&lt;th&gt;CD_RGINT&lt;/th&gt;
&lt;td&gt;3103&lt;/td&gt;
&lt;/tr&gt;&lt;tr bgcolor="#E3E3F3"&gt;
&lt;th&gt;NM_RGINT&lt;/th&gt;
&lt;td&gt;Teófilo Otoni&lt;/td&gt;
&lt;/tr&gt;&lt;tr bgcolor=""&gt;
&lt;th&gt;CD_RGI&lt;/th&gt;
&lt;td&gt;310016&lt;/td&gt;
&lt;/tr&gt;&lt;tr bgcolor="#E3E3F3"&gt;
&lt;th&gt;NM_RGI&lt;/th&gt;
&lt;td&gt;Diamantina&lt;/td&gt;
&lt;/tr&gt;&lt;tr bgcolor=""&gt;
&lt;th&gt;CT_LOCALIDADE&lt;/th&gt;
&lt;td&gt;Localidade Quilombola&lt;/td&gt;
&lt;/tr&gt;&lt;tr bgcolor="#E3E3F3"&gt;
&lt;th&gt;SCT_LOCALIDADE&lt;/th&gt;
&lt;td&gt;Outras Localidades Quilombolas&lt;/td&gt;
&lt;/tr&gt;&lt;tr bgcolor=""&gt;
&lt;th&gt;CD_LOCALIDADE&lt;/th&gt;
&lt;td&gt;312160500022&lt;/td&gt;
&lt;/tr&gt;&lt;tr bgcolor="#E3E3F3"&gt;
&lt;th&gt;NM_LOCALIDADE&lt;/th&gt;
&lt;td&gt;Comunidade Quilombola Pinheiro&lt;/td&gt;
&lt;/tr&gt;&lt;/table&gt;&lt;/center&gt;</description>
<Style>
<IconStyle>
<color>ffffa0ef</color>
<scale>0.8</scale>
<Icon>
<href>http://maps.google.com/mapfiles/kml/shapes/placemark_circle.png</href>
</Icon>
</IconStyle>
<LabelStyle>
<scale>0.8</scale>
</LabelStyle>
<LineStyle>
<width>1.0</width>
<gx:labelVisibility>1</gx:labelVisibility>
</LineStyle>
</Style>
<ExtendedData>
<SchemaData schemaUrl="#kml_schema_ft_Localidades">
<SimpleData name="CD_UF">31</SimpleData>
<SimpleData name="NM_UF">Minas Gerais</SimpleData>
<SimpleData name="SIGLA_UF">MG</SimpleData>
<SimpleData name="CD_MUN">3121605</SimpleData>
<SimpleData name="NM_MUN">Diamantina</SimpleData>
<SimpleData name="CD_RGINT">3103</SimpleData>
<SimpleData name="NM_RGINT">Teófilo Otoni</SimpleData>
<SimpleData name="CD_RGI">310016</SimpleData>
<SimpleData name="NM_RGI">Diamantina</SimpleData>
<SimpleData name="CT_LOCALIDADE">Localidade Quilombola</SimpleData>
<SimpleData name="SCT_LOCALIDADE">Outras Localidades Quilombolas</SimpleData>
<SimpleData name="CD_LOCALIDADE">312160500022</SimpleData>
<SimpleData name="NM_LOCALIDADE">Comunidade Quilombola Pinheiro</SimpleData>
</SchemaData>
</ExtendedData>
<Point>
<extrude>0</extrude>
<coordinates>-43.6137379469,-18.2369393325376,0.0</coordinates>
</Point>
</Placemark>
</Folder>
</Folder>
<Folder id="12. Outras Localidades">
<name>12. Outras Localidades</name>
<Placemark id="12. Outras Localidades">
<name>Batatal [312160500004]</name>
<visibility>1</visibility>
<snippet> </snippet>
<description>&lt;center&gt;&lt;table&gt;&lt;tr&gt;&lt;th colspan='2' align='center'&gt;&lt;em&gt;Attributes&lt;/em&gt;&lt;/th&gt;&lt;/tr&gt;&lt;tr bgcolor="#E3E3F3"&gt;
&lt;th&gt;CD_UF&lt;/th&gt;
&lt;td&gt;31&lt;/td&gt;
&lt;/tr&gt;&lt;tr bgcolor=""&gt;
&lt;th&gt;NM_UF&lt;/th&gt;
&lt;td&gt;Minas Gerais&lt;/td&gt;
&lt;/tr&gt;&lt;tr bgcolor="#E3E3F3"&gt;
&lt;th&gt;SIGLA_UF&lt;/th&gt;
&lt;td&gt;MG&lt;/td&gt;
&lt;/tr&gt;&lt;tr bgcolor=""&gt;
&lt;th&gt;CD_MUN&lt;/th&gt;
&lt;td&gt;3121605&lt;/td&gt;
&lt;/tr&gt;&lt;tr bgcolor="#E3E3F3"&gt;
&lt;th&gt;NM_MUN&lt;/th&gt;
&lt;td&gt;Diamantina&lt;/td&gt;
&lt;/tr&gt;&lt;tr bgcolor=""&gt;
&lt;th&gt;CD_RGINT&lt;/th&gt;
&lt;td&gt;3103&lt;/td&gt;
&lt;/tr&gt;&lt;tr bgcolor="#E3E3F3"&gt;
&lt;th&gt;NM_RGINT&lt;/th&gt;
&lt;td&gt;Teófilo Otoni&lt;/td&gt;
&lt;/tr&gt;&lt;tr bgcolor=""&gt;
&lt;th&gt;CD_RGI&lt;/th&gt;
&lt;td&gt;310016&lt;/td&gt;
&lt;/tr&gt;&lt;tr bgcolor="#E3E3F3"&gt;
&lt;th&gt;NM_RGI&lt;/th&gt;
&lt;td&gt;Diamantina&lt;/td&gt;
&lt;/tr&gt;&lt;tr bgcolor=""&gt;
&lt;th&gt;CT_LOCALIDADE&lt;/th&gt;
&lt;td&gt;Outras Localidades&lt;/td&gt;
&lt;/tr&gt;&lt;tr bgcolor="#E3E3F3"&gt;
&lt;th&gt;SCT_LOCALIDADE&lt;/th&gt;
&lt;td&gt;&lt;/td&gt;
&lt;/tr&gt;&lt;tr bgcolor=""&gt;
&lt;th&gt;CD_LOCALIDADE&lt;/th&gt;
&lt;td&gt;312160500004&lt;/td&gt;
&lt;/tr&gt;&lt;tr bgcolor="#E3E3F3"&gt;
&lt;th&gt;NM_LOCALIDADE&lt;/th&gt;
&lt;td&gt;Batatal&lt;/td&gt;
&lt;/tr&gt;&lt;/table&gt;&lt;/center&gt;</description>
<Style>
<IconStyle>
<color>ff0069d3</color>
<scale>0.6</scale>
<Icon>
<href>http://maps.google.com/mapfiles/kml/shapes/placemark_circle.png</href>
</Icon>
</IconStyle>
<LabelStyle>
<scale>0.6</scale>
</LabelStyle>
<LineStyle>
<width>1.0</width>
<gx:labelVisibility>1</gx:labelVisibility>
</LineStyle>
</Style>
<ExtendedData>
<SchemaData schemaUrl="#kml_schema_ft_Localidades">
<SimpleData name="CD_UF">31</SimpleData>
<SimpleData name="NM_UF">Minas Gerais</SimpleData>
<SimpleData name="SIGLA_UF">MG</SimpleData>
<SimpleData name="CD_MUN">3121605</SimpleData>
<SimpleData name="NM_MUN">Diamantina</SimpleData>
<SimpleData name="CD_RGINT">3103</SimpleData>
<SimpleData name="NM_RGINT">Teófilo Otoni</SimpleData>
<SimpleData name="CD_RGI">310016</SimpleData>
<SimpleData name="NM_RGI">Diamantina</SimpleData>
<SimpleData name="CT_LOCALIDADE">Outras Localidades</SimpleData>
<SimpleData name="CD_LOCALIDADE">312160500004</SimpleData>
<SimpleData name="NM_LOCALIDADE">Batatal</SimpleData>
</SchemaData>
</ExtendedData>
<Point>
<extrude>0</extrude>
<coordinates>-43.866032,-18.2771929994365,0.0</coordinates>
</Point>
</Placemark>
<Placemark id="12. Outras Localidades">
<name>Capoeirão [312160500005]</name>
<visibility>1</visibility>
<snippet> </snippet>
<description>&lt;center&gt;&lt;table&gt;&lt;tr&gt;&lt;th colspan='2' align='center'&gt;&lt;em&gt;Attributes&lt;/em&gt;&lt;/th&gt;&lt;/tr&gt;&lt;tr bgcolor="#E3E3F3"&gt;
&lt;th&gt;CD_UF&lt;/th&gt;
&lt;td&gt;31&lt;/td&gt;
&lt;/tr&gt;&lt;tr bgcolor=""&gt;
&lt;th&gt;NM_UF&lt;/th&gt;
&lt;td&gt;Minas Gerais&lt;/td&gt;
&lt;/tr&gt;&lt;tr bgcolor="#E3E3F3"&gt;
&lt;th&gt;SIGLA_UF&lt;/th&gt;
&lt;td&gt;MG&lt;/td&gt;
&lt;/tr&gt;&lt;tr bgcolor=""&gt;
&lt;th&gt;CD_MUN&lt;/th&gt;
&lt;td&gt;3121605&lt;/td&gt;
&lt;/tr&gt;&lt;tr bgcolor="#E3E3F3"&gt;
&lt;th&gt;NM_MUN&lt;/th&gt;
&lt;td&gt;Diamantina&lt;/td&gt;
&lt;/tr&gt;&lt;tr bgcolor=""&gt;
&lt;th&gt;CD_RGINT&lt;/th&gt;
&lt;td&gt;3103&lt;/td&gt;
&lt;/tr&gt;&lt;tr bgcolor="#E3E3F3"&gt;
&lt;th&gt;NM_RGINT&lt;/th&gt;
&lt;td&gt;Teófilo Otoni&lt;/td&gt;
&lt;/tr&gt;&lt;tr bgcolor=""&gt;
&lt;th&gt;CD_RGI&lt;/th&gt;
&lt;td&gt;310016&lt;/td&gt;
&lt;/tr&gt;&lt;tr bgcolor="#E3E3F3"&gt;
&lt;th&gt;NM_RGI&lt;/th&gt;
&lt;td&gt;Diamantina&lt;/td&gt;
&lt;/tr&gt;&lt;tr bgcolor=""&gt;
&lt;th&gt;CT_LOCALIDADE&lt;/th&gt;
&lt;td&gt;Outras Localidades&lt;/td&gt;
&lt;/tr&gt;&lt;tr bgcolor="#E3E3F3"&gt;
&lt;th&gt;SCT_LOCALIDADE&lt;/th&gt;
&lt;td&gt;&lt;/td&gt;
&lt;/tr&gt;&lt;tr bgcolor=""&gt;
&lt;th&gt;CD_LOCALIDADE&lt;/th&gt;
&lt;td&gt;312160500005&lt;/td&gt;
&lt;/tr&gt;&lt;tr bgcolor="#E3E3F3"&gt;
&lt;th&gt;NM_LOCALIDADE&lt;/th&gt;
&lt;td&gt;Capoeirão&lt;/td&gt;
&lt;/tr&gt;&lt;/table&gt;&lt;/center&gt;</description>
<Style>
<IconStyle>
<color>ff0069d3</color>
<scale>0.6</scale>
<Icon>
<href>http://maps.google.com/mapfiles/kml/shapes/placemark_circle.png</href>
</Icon>
</IconStyle>
<LabelStyle>
<scale>0.6</scale>
</LabelStyle>
<LineStyle>
<width>1.0</width>
<gx:labelVisibility>1</gx:labelVisibility>
</LineStyle>
</Style>
<ExtendedData>
<SchemaData schemaUrl="#kml_schema_ft_Localidades">
<SimpleData name="CD_UF">31</SimpleData>
<SimpleData name="NM_UF">Minas Gerais</SimpleData>
<SimpleData name="SIGLA_UF">MG</SimpleData>
<SimpleData name="CD_MUN">3121605</SimpleData>
<SimpleData name="NM_MUN">Diamantina</SimpleData>
<SimpleData name="CD_RGINT">3103</SimpleData>
<SimpleData name="NM_RGINT">Teófilo Otoni</SimpleData>
<SimpleData name="CD_RGI">310016</SimpleData>
<SimpleData name="NM_RGI">Diamantina</SimpleData>
<SimpleData name="CT_LOCALIDADE">Outras Localidades</SimpleData>
<SimpleData name="CD_LOCALIDADE">312160500005</SimpleData>
<SimpleData name="NM_LOCALIDADE">Capoeirão</SimpleData>
</SchemaData>
</ExtendedData>
<Point>
<extrude>0</extrude>
<coordinates>-43.4010123,-17.658636099453,0.0</coordinates>
</Point>
</Placemark>
<Placemark id="12. Outras Localidades">
<name>Galheiros [312160500007]</name>
<visibility>1</visibility>
<snippet> </snippet>
<description>&lt;center&gt;&lt;table&gt;&lt;tr&gt;&lt;th colspan='2' align='center'&gt;&lt;em&gt;Attributes&lt;/em&gt;&lt;/th&gt;&lt;/tr&gt;&lt;tr bgcolor="#E3E3F3"&gt;
&lt;th&gt;CD_UF&lt;/th&gt;
&lt;td&gt;31&lt;/td&gt;
&lt;/tr&gt;&lt;tr bgcolor=""&gt;
&lt;th&gt;NM_UF&lt;/th&gt;
&lt;td&gt;Minas Gerais&lt;/td&gt;
&lt;/tr&gt;&lt;tr bgcolor="#E3E3F3"&gt;
&lt;th&gt;SIGLA_UF&lt;/th&gt;
&lt;td&gt;MG&lt;/td&gt;
&lt;/tr&gt;&lt;tr bgcolor=""&gt;
&lt;th&gt;CD_MUN&lt;/th&gt;
&lt;td&gt;3121605&lt;/td&gt;
&lt;/tr&gt;&lt;tr bgcolor="#E3E3F3"&gt;
&lt;th&gt;NM_MUN&lt;/th&gt;
&lt;td&gt;Diamantina&lt;/td&gt;
&lt;/tr&gt;&lt;tr bgcolor=""&gt;
&lt;th&gt;CD_RGINT&lt;/th&gt;
&lt;td&gt;3103&lt;/td&gt;
&lt;/tr&gt;&lt;tr bgcolor="#E3E3F3"&gt;
&lt;th&gt;NM_RGINT&lt;/th&gt;
&lt;td&gt;Teófilo Otoni&lt;/td&gt;
&lt;/tr&gt;&lt;tr bgcolor=""&gt;
&lt;th&gt;CD_RGI&lt;/th&gt;
&lt;td&gt;310016&lt;/td&gt;
&lt;/tr&gt;&lt;tr bgcolor="#E3E3F3"&gt;
&lt;th&gt;NM_RGI&lt;/th&gt;
&lt;td&gt;Diamantina&lt;/td&gt;
&lt;/tr&gt;&lt;tr bgcolor=""&gt;
&lt;th&gt;CT_LOCALIDADE&lt;/th&gt;
&lt;td&gt;Outras Localidades&lt;/td&gt;
&lt;/tr&gt;&lt;tr bgcolor="#E3E3F3"&gt;
&lt;th&gt;SCT_LOCALIDADE&lt;/th&gt;
&lt;td&gt;&lt;/td&gt;
&lt;/tr&gt;&lt;tr bgcolor=""&gt;
&lt;th&gt;CD_LOCALIDADE&lt;/th&gt;
&lt;td&gt;312160500007&lt;/td&gt;
&lt;/tr&gt;&lt;tr bgcolor="#E3E3F3"&gt;
&lt;th&gt;NM_LOCALIDADE&lt;/th&gt;
&lt;td&gt;Galheiros&lt;/td&gt;
&lt;/tr&gt;&lt;/table&gt;&lt;/center&gt;</description>
<Style>
<IconStyle>
<color>ff0069d3</color>
<scale>0.6</scale>
<Icon>
<href>http://maps.google.com/mapfiles/kml/shapes/placemark_circle.png</href>
</Icon>
</IconStyle>
<LabelStyle>
<scale>0.6</scale>
</LabelStyle>
<LineStyle>
<width>1.0</width>
<gx:labelVisibility>1</gx:labelVisibility>
</LineStyle>
</Style>
<ExtendedData>
<SchemaData schemaUrl="#kml_schema_ft_Localidades">
<SimpleData name="CD_UF">31</SimpleData>
<SimpleData name="NM_UF">Minas Gerais</SimpleData>
<SimpleData name="SIGLA_UF">MG</SimpleData>
<SimpleData name="CD_MUN">3121605</SimpleData>
<SimpleData name="NM_MUN">Diamantina</SimpleData>
<SimpleData name="CD_RGINT">3103</SimpleData>
<SimpleData name="NM_RGINT">Teófilo Otoni</SimpleData>
<SimpleData name="CD_RGI">310016</SimpleData>
<SimpleData name="NM_RGI">Diamantina</SimpleData>
<SimpleData name="CT_LOCALIDADE">Outras Localidades</SimpleData>
<SimpleData name="CD_LOCALIDADE">312160500007</SimpleData>
<SimpleData name="NM_LOCALIDADE">Galheiros</SimpleData>
</SchemaData>
</ExtendedData>
<Point>
<extrude>0</extrude>
<coordinates>-43.787942,-18.2770189994365,0.0</coordinates>
</Point>
</Placemark>
<Placemark id="12. Outras Localidades">
<name>Morrinhos [312160500010]</name>
<visibility>1</visibility>
<snippet> </snippet>
<description>&lt;center&gt;&lt;table&gt;&lt;tr&gt;&lt;th colspan='2' align='center'&gt;&lt;em&gt;Attributes&lt;/em&gt;&lt;/th&gt;&lt;/tr&gt;&lt;tr bgcolor="#E3E3F3"&gt;
&lt;th&gt;CD_UF&lt;/th&gt;
&lt;td&gt;31&lt;/td&gt;
&lt;/tr&gt;&lt;tr bgcolor=""&gt;
&lt;th&gt;NM_UF&lt;/th&gt;
&lt;td&gt;Minas Gerais&lt;/td&gt;
&lt;/tr&gt;&lt;tr bgcolor="#E3E3F3"&gt;
&lt;th&gt;SIGLA_UF&lt;/th&gt;
&lt;td&gt;MG&lt;/td&gt;
&lt;/tr&gt;&lt;tr bgcolor=""&gt;
&lt;th&gt;CD_MUN&lt;/th&gt;
&lt;td&gt;3121605&lt;/td&gt;
&lt;/tr&gt;&lt;tr bgcolor="#E3E3F3"&gt;
&lt;th&gt;NM_MUN&lt;/th&gt;
&lt;td&gt;Diamantina&lt;/td&gt;
&lt;/tr&gt;&lt;tr bgcolor=""&gt;
&lt;th&gt;CD_RGINT&lt;/th&gt;
&lt;td&gt;3103&lt;/td&gt;
&lt;/tr&gt;&lt;tr bgcolor="#E3E3F3"&gt;
&lt;th&gt;NM_RGINT&lt;/th&gt;
&lt;td&gt;Teófilo Otoni&lt;/td&gt;
&lt;/tr&gt;&lt;tr bgcolor=""&gt;
&lt;th&gt;CD_RGI&lt;/th&gt;
&lt;td&gt;310016&lt;/td&gt;
&lt;/tr&gt;&lt;tr bgcolor="#E3E3F3"&gt;
&lt;th&gt;NM_RGI&lt;/th&gt;
&lt;td&gt;Diamantina&lt;/td&gt;
&lt;/tr&gt;&lt;tr bgcolor=""&gt;
&lt;th&gt;CT_LOCALIDADE&lt;/th&gt;
&lt;td&gt;Outras Localidades&lt;/td&gt;
&lt;/tr&gt;&lt;tr bgcolor="#E3E3F3"&gt;
&lt;th&gt;SCT_LOCALIDADE&lt;/th&gt;
&lt;td&gt;&lt;/td&gt;
&lt;/tr&gt;&lt;tr bgcolor=""&gt;
&lt;th&gt;CD_LOCALIDADE&lt;/th&gt;
&lt;td&gt;312160500010&lt;/td&gt;
&lt;/tr&gt;&lt;tr bgcolor="#E3E3F3"&gt;
&lt;th&gt;NM_LOCALIDADE&lt;/th&gt;
&lt;td&gt;Morrinhos&lt;/td&gt;
&lt;/tr&gt;&lt;/table&gt;&lt;/center&gt;</description>
<Style>
<IconStyle>
<color>ff0069d3</color>
<scale>0.6</scale>
<Icon>
<href>http://maps.google.com/mapfiles/kml/shapes/placemark_circle.png</href>
</Icon>
</IconStyle>
<LabelStyle>
<scale>0.6</scale>
</LabelStyle>
<LineStyle>
<width>1.0</width>
<gx:labelVisibility>1</gx:labelVisibility>
</LineStyle>
</Style>
<ExtendedData>
<SchemaData schemaUrl="#kml_schema_ft_Localidades">
<SimpleData name="CD_UF">31</SimpleData>
<SimpleData name="NM_UF">Minas Gerais</SimpleData>
<SimpleData name="SIGLA_UF">MG</SimpleData>
<SimpleData name="CD_MUN">3121605</SimpleData>
<SimpleData name="NM_MUN">Diamantina</SimpleData>
<SimpleData name="CD_RGINT">3103</SimpleData>
<SimpleData name="NM_RGINT">Teófilo Otoni</SimpleData>
<SimpleData name="CD_RGI">310016</SimpleData>
<SimpleData name="NM_RGI">Diamantina</SimpleData>
<SimpleData name="CT_LOCALIDADE">Outras Localidades</SimpleData>
<SimpleData name="CD_LOCALIDADE">312160500010</SimpleData>
<SimpleData name="NM_LOCALIDADE">Morrinhos</SimpleData>
</SchemaData>
</ExtendedData>
<Point>
<extrude>0</extrude>
<coordinates>-43.7014856,-18.1895926994388,0.0</coordinates>
</Point>
</Placemark>
<Placemark id="12. Outras Localidades">
<name>Roda d'Água [312160500011]</name>
<visibility>1</visibility>
<snippet> </snippet>
<description>&lt;center&gt;&lt;table&gt;&lt;tr&gt;&lt;th colspan='2' align='center'&gt;&lt;em&gt;Attributes&lt;/em&gt;&lt;/th&gt;&lt;/tr&gt;&lt;tr bgcolor="#E3E3F3"&gt;
&lt;th&gt;CD_UF&lt;/th&gt;
&lt;td&gt;31&lt;/td&gt;
&lt;/tr&gt;&lt;tr bgcolor=""&gt;
&lt;th&gt;NM_UF&lt;/th&gt;
&lt;td&gt;Minas Gerais&lt;/td&gt;
&lt;/tr&gt;&lt;tr bgcolor="#E3E3F3"&gt;
&lt;th&gt;SIGLA_UF&lt;/th&gt;
&lt;td&gt;MG&lt;/td&gt;
&lt;/tr&gt;&lt;tr bgcolor=""&gt;
&lt;th&gt;CD_MUN&lt;/th&gt;
&lt;td&gt;3121605&lt;/td&gt;
&lt;/tr&gt;&lt;tr bgcolor="#E3E3F3"&gt;
&lt;th&gt;NM_MUN&lt;/th&gt;
&lt;td&gt;Diamantina&lt;/td&gt;
&lt;/tr&gt;&lt;tr bgcolor=""&gt;
&lt;th&gt;CD_RGINT&lt;/th&gt;
&lt;td&gt;3103&lt;/td&gt;
&lt;/tr&gt;&lt;tr bgcolor="#E3E3F3"&gt;
&lt;th&gt;NM_RGINT&lt;/th&gt;
&lt;td&gt;Teófilo Otoni&lt;/td&gt;
&lt;/tr&gt;&lt;tr bgcolor=""&gt;
&lt;th&gt;CD_RGI&lt;/th&gt;
&lt;td&gt;310016&lt;/td&gt;
&lt;/tr&gt;&lt;tr bgcolor="#E3E3F3"&gt;
&lt;th&gt;NM_RGI&lt;/th&gt;
&lt;td&gt;Diamantina&lt;/td&gt;
&lt;/tr&gt;&lt;tr bgcolor=""&gt;
&lt;th&gt;CT_LOCALIDADE&lt;/th&gt;
&lt;td&gt;Outras Localidades&lt;/td&gt;
&lt;/tr&gt;&lt;tr bgcolor="#E3E3F3"&gt;
&lt;th&gt;SCT_LOCALIDADE&lt;/th&gt;
&lt;td&gt;&lt;/td&gt;
&lt;/tr&gt;&lt;tr bgcolor=""&gt;
&lt;th&gt;CD_LOCALIDADE&lt;/th&gt;
&lt;td&gt;312160500011&lt;/td&gt;
&lt;/tr&gt;&lt;tr bgcolor="#E3E3F3"&gt;
&lt;th&gt;NM_LOCALIDADE&lt;/th&gt;
&lt;td&gt;Roda d'Água&lt;/td&gt;
&lt;/tr&gt;&lt;/table&gt;&lt;/center&gt;</description>
<Style>
<IconStyle>
<color>ff0069d3</color>
<scale>0.6</scale>
<Icon>
<href>http://maps.google.com/mapfiles/kml/shapes/placemark_circle.png</href>
</Icon>
</IconStyle>
<LabelStyle>
<scale>0.6</scale>
</LabelStyle>
<LineStyle>
<width>1.0</width>
<gx:labelVisibility>1</gx:labelVisibility>
</LineStyle>
</Style>
<ExtendedData>
<SchemaData schemaUrl="#kml_schema_ft_Localidades">
<SimpleData name="CD_UF">31</SimpleData>
<SimpleData name="NM_UF">Minas Gerais</SimpleData>
<SimpleData name="SIGLA_UF">MG</SimpleData>
<SimpleData name="CD_MUN">3121605</SimpleData>
<SimpleData name="NM_MUN">Diamantina</SimpleData>
<SimpleData name="CD_RGINT">3103</SimpleData>
<SimpleData name="NM_RGINT">Teófilo Otoni</SimpleData>
<SimpleData name="CD_RGI">310016</SimpleData>
<SimpleData name="NM_RGI">Diamantina</SimpleData>
<SimpleData name="CT_LOCALIDADE">Outras Localidades</SimpleData>
<SimpleData name="CD_LOCALIDADE">312160500011</SimpleData>
<SimpleData name="NM_LOCALIDADE">Roda d'Água</SimpleData>
</SchemaData>
</ExtendedData>
<Point>
<extrude>0</extrude>
<coordinates>-43.680176,-18.3369254994349,0.0</coordinates>
</Point>
</Placemark>
<Placemark id="12. Outras Localidades">
<name>Biribiri [312160500012]</name>
<visibility>1</visibility>
<snippet> </snippet>
<description>&lt;center&gt;&lt;table&gt;&lt;tr&gt;&lt;th colspan='2' align='center'&gt;&lt;em&gt;Attributes&lt;/em&gt;&lt;/th&gt;&lt;/tr&gt;&lt;tr bgcolor="#E3E3F3"&gt;
&lt;th&gt;CD_UF&lt;/th&gt;
&lt;td&gt;31&lt;/td&gt;
&lt;/tr&gt;&lt;tr bgcolor=""&gt;
&lt;th&gt;NM_UF&lt;/th&gt;
&lt;td&gt;Minas Gerais&lt;/td&gt;
&lt;/tr&gt;&lt;tr bgcolor="#E3E3F3"&gt;
&lt;th&gt;SIGLA_UF&lt;/th&gt;
&lt;td&gt;MG&lt;/td&gt;
&lt;/tr&gt;&lt;tr bgcolor=""&gt;
&lt;th&gt;CD_MUN&lt;/th&gt;
&lt;td&gt;3121605&lt;/td&gt;
&lt;/tr&gt;&lt;tr bgcolor="#E3E3F3"&gt;
&lt;th&gt;NM_MUN&lt;/th&gt;
&lt;td&gt;Diamantina&lt;/td&gt;
&lt;/tr&gt;&lt;tr bgcolor=""&gt;
&lt;th&gt;CD_RGINT&lt;/th&gt;
&lt;td&gt;3103&lt;/td&gt;
&lt;/tr&gt;&lt;tr bgcolor="#E3E3F3"&gt;
&lt;th&gt;NM_RGINT&lt;/th&gt;
&lt;td&gt;Teófilo Otoni&lt;/td&gt;
&lt;/tr&gt;&lt;tr bgcolor=""&gt;
&lt;th&gt;CD_RGI&lt;/th&gt;
&lt;td&gt;310016&lt;/td&gt;
&lt;/tr&gt;&lt;tr bgcolor="#E3E3F3"&gt;
&lt;th&gt;NM_RGI&lt;/th&gt;
&lt;td&gt;Diamantina&lt;/td&gt;
&lt;/tr&gt;&lt;tr bgcolor=""&gt;
&lt;th&gt;CT_LOCALIDADE&lt;/th&gt;
&lt;td&gt;Outras Localidades&lt;/td&gt;
&lt;/tr&gt;&lt;tr bgcolor="#E3E3F3"&gt;
&lt;th&gt;SCT_LOCALIDADE&lt;/th&gt;
&lt;td&gt;&lt;/td&gt;
&lt;/tr&gt;&lt;tr bgcolor=""&gt;
&lt;th&gt;CD_LOCALIDADE&lt;/th&gt;
&lt;td&gt;312160500012&lt;/td&gt;
&lt;/tr&gt;&lt;tr bgcolor="#E3E3F3"&gt;
&lt;th&gt;NM_LOCALIDADE&lt;/th&gt;
&lt;td&gt;Biribiri&lt;/td&gt;
&lt;/tr&gt;&lt;/table&gt;&lt;/center&gt;</description>
<Style>
<IconStyle>
<color>ff0069d3</color>
<scale>0.6</scale>
<Icon>
<href>http://maps.google.com/mapfiles/kml/shapes/placemark_circle.png</href>
</Icon>
</IconStyle>
<LabelStyle>
<scale>0.6</scale>
</LabelStyle>
<LineStyle>
<width>1.0</width>
<gx:labelVisibility>1</gx:labelVisibility>
</LineStyle>
</Style>
<ExtendedData>
<SchemaData schemaUrl="#kml_schema_ft_Localidades">
<SimpleData name="CD_UF">31</SimpleData>
<SimpleData name="NM_UF">Minas Gerais</SimpleData>
<SimpleData name="SIGLA_UF">MG</SimpleData>
<SimpleData name="CD_MUN">3121605</SimpleData>
<SimpleData name="NM_MUN">Diamantina</SimpleData>
<SimpleData name="CD_RGINT">3103</SimpleData>
<SimpleData name="NM_RGINT">Teófilo Otoni</SimpleData>
<SimpleData name="CD_RGI">310016</SimpleData>
<SimpleData name="NM_RGI">Diamantina</SimpleData>
<SimpleData name="CT_LOCALIDADE">Outras Localidades</SimpleData>
<SimpleData name="CD_LOCALIDADE">312160500012</SimpleData>
<SimpleData name="NM_LOCALIDADE">Biribiri</SimpleData>
</SchemaData>
</ExtendedData>
<Point>
<extrude>0</extrude>
<coordinates>-43.6199554,-18.14434079944,0.0</coordinates>
</Point>
</Placemark>
<Placemark id="12. Outras Localidades">
<name>Boa Vista [312160500013]</name>
<visibility>1</visibility>
<snippet> </snippet>
<description>&lt;center&gt;&lt;table&gt;&lt;tr&gt;&lt;th colspan='2' align='center'&gt;&lt;em&gt;Attributes&lt;/em&gt;&lt;/th&gt;&lt;/tr&gt;&lt;tr bgcolor="#E3E3F3"&gt;
&lt;th&gt;CD_UF&lt;/th&gt;
&lt;td&gt;31&lt;/td&gt;
&lt;/tr&gt;&lt;tr bgcolor=""&gt;
&lt;th&gt;NM_UF&lt;/th&gt;
&lt;td&gt;Minas Gerais&lt;/td&gt;
&lt;/tr&gt;&lt;tr bgcolor="#E3E3F3"&gt;
&lt;th&gt;SIGLA_UF&lt;/th&gt;
&lt;td&gt;MG&lt;/td&gt;
&lt;/tr&gt;&lt;tr bgcolor=""&gt;
&lt;th&gt;CD_MUN&lt;/th&gt;
&lt;td&gt;3121605&lt;/td&gt;
&lt;/tr&gt;&lt;tr bgcolor="#E3E3F3"&gt;
&lt;th&gt;NM_MUN&lt;/th&gt;
&lt;td&gt;Diamantina&lt;/td&gt;
&lt;/tr&gt;&lt;tr bgcolor=""&gt;
&lt;th&gt;CD_RGINT&lt;/th&gt;
&lt;td&gt;3103&lt;/td&gt;
&lt;/tr&gt;&lt;tr bgcolor="#E3E3F3"&gt;
&lt;th&gt;NM_RGINT&lt;/th&gt;
&lt;td&gt;Teófilo Otoni&lt;/td&gt;
&lt;/tr&gt;&lt;tr bgcolor=""&gt;
&lt;th&gt;CD_RGI&lt;/th&gt;
&lt;td&gt;310016&lt;/td&gt;
&lt;/tr&gt;&lt;tr bgcolor="#E3E3F3"&gt;
&lt;th&gt;NM_RGI&lt;/th&gt;
&lt;td&gt;Diamantina&lt;/td&gt;
&lt;/tr&gt;&lt;tr bgcolor=""&gt;
&lt;th&gt;CT_LOCALIDADE&lt;/th&gt;
&lt;td&gt;Outras Localidades&lt;/td&gt;
&lt;/tr&gt;&lt;tr bgcolor="#E3E3F3"&gt;
&lt;th&gt;SCT_LOCALIDADE&lt;/th&gt;
&lt;td&gt;&lt;/td&gt;
&lt;/tr&gt;&lt;tr bgcolor=""&gt;
&lt;th&gt;CD_LOCALIDADE&lt;/th&gt;
&lt;td&gt;312160500013&lt;/td&gt;
&lt;/tr&gt;&lt;tr bgcolor="#E3E3F3"&gt;
&lt;th&gt;NM_LOCALIDADE&lt;/th&gt;
&lt;td&gt;Boa Vista&lt;/td&gt;
&lt;/tr&gt;&lt;/table&gt;&lt;/center&gt;</description>
<Style>
<IconStyle>
<color>ff0069d3</color>
<scale>0.6</scale>
<Icon>
<href>http://maps.google.com/mapfiles/kml/shapes/placemark_circle.png</href>
</Icon>
</IconStyle>
<LabelStyle>
<scale>0.6</scale>
</LabelStyle>
<LineStyle>
<width>1.0</width>
<gx:labelVisibility>1</gx:labelVisibility>
</LineStyle>
</Style>
<ExtendedData>
<SchemaData schemaUrl="#kml_schema_ft_Localidades">
<SimpleData name="CD_UF">31</SimpleData>
<SimpleData name="NM_UF">Minas Gerais</SimpleData>
<SimpleData name="SIGLA_UF">MG</SimpleData>
<SimpleData name="CD_MUN">3121605</SimpleData>
<SimpleData name="NM_MUN">Diamantina</SimpleData>
<SimpleData name="CD_RGINT">3103</SimpleData>
<SimpleData name="NM_RGINT">Teófilo Otoni</SimpleData>
<SimpleData name="CD_RGI">310016</SimpleData>
<SimpleData name="NM_RGI">Diamantina</SimpleData>
<SimpleData name="CT_LOCALIDADE">Outras Localidades</SimpleData>
<SimpleData name="CD_LOCALIDADE">312160500013</SimpleData>
<SimpleData name="NM_LOCALIDADE">Boa Vista</SimpleData>
</SchemaData>
</ExtendedData>
<Point>
<extrude>0</extrude>
<coordinates>-43.6325262,-17.9596950994449,0.0</coordinates>
</Point>
</Placemark>
<Placemark id="12. Outras Localidades">
<name>Caba Saco [312160500016]</name>
<visibility>1</visibility>
<snippet> </snippet>
<description>&lt;center&gt;&lt;table&gt;&lt;tr&gt;&lt;th colspan='2' align='center'&gt;&lt;em&gt;Attributes&lt;/em&gt;&lt;/th&gt;&lt;/tr&gt;&lt;tr bgcolor="#E3E3F3"&gt;
&lt;th&gt;CD_UF&lt;/th&gt;
&lt;td&gt;31&lt;/td&gt;
&lt;/tr&gt;&lt;tr bgcolor=""&gt;
&lt;th&gt;NM_UF&lt;/th&gt;
&lt;td&gt;Minas Gerais&lt;/td&gt;
&lt;/tr&gt;&lt;tr bgcolor="#E3E3F3"&gt;
&lt;th&gt;SIGLA_UF&lt;/th&gt;
&lt;td&gt;MG&lt;/td&gt;
&lt;/tr&gt;&lt;tr bgcolor=""&gt;
&lt;th&gt;CD_MUN&lt;/th&gt;
&lt;td&gt;3121605&lt;/td&gt;
&lt;/tr&gt;&lt;tr bgcolor="#E3E3F3"&gt;
&lt;th&gt;NM_MUN&lt;/th&gt;
&lt;td&gt;Diamantina&lt;/td&gt;
&lt;/tr&gt;&lt;tr bgcolor=""&gt;
&lt;th&gt;CD_RGINT&lt;/th&gt;
&lt;td&gt;3103&lt;/td&gt;
&lt;/tr&gt;&lt;tr bgcolor="#E3E3F3"&gt;
&lt;th&gt;NM_RGINT&lt;/th&gt;
&lt;td&gt;Teófilo Otoni&lt;/td&gt;
&lt;/tr&gt;&lt;tr bgcolor=""&gt;
&lt;th&gt;CD_RGI&lt;/th&gt;
&lt;td&gt;310016&lt;/td&gt;
&lt;/tr&gt;&lt;tr bgcolor="#E3E3F3"&gt;
&lt;th&gt;NM_RGI&lt;/th&gt;
&lt;td&gt;Diamantina&lt;/td&gt;
&lt;/tr&gt;&lt;tr bgcolor=""&gt;
&lt;th&gt;CT_LOCALIDADE&lt;/th&gt;
&lt;td&gt;Outras Localidades&lt;/td&gt;
&lt;/tr&gt;&lt;tr bgcolor="#E3E3F3"&gt;
&lt;th&gt;SCT_LOCALIDADE&lt;/th&gt;
&lt;td&gt;&lt;/td&gt;
&lt;/tr&gt;&lt;tr bgcolor=""&gt;
&lt;th&gt;CD_LOCALIDADE&lt;/th&gt;
&lt;td&gt;312160500016&lt;/td&gt;
&lt;/tr&gt;&lt;tr bgcolor="#E3E3F3"&gt;
&lt;th&gt;NM_LOCALIDADE&lt;/th&gt;
&lt;td&gt;Caba Saco&lt;/td&gt;
&lt;/tr&gt;&lt;/table&gt;&lt;/center&gt;</description>
<Style>
<IconStyle>
<color>ff0069d3</color>
<scale>0.6</scale>
<Icon>
<href>http://maps.google.com/mapfiles/kml/shapes/placemark_circle.png</href>
</Icon>
</IconStyle>
<LabelStyle>
<scale>0.6</scale>
</LabelStyle>
<LineStyle>
<width>1.0</width>
<gx:labelVisibility>1</gx:labelVisibility>
</LineStyle>
</Style>
<ExtendedData>
<SchemaData schemaUrl="#kml_schema_ft_Localidades">
<SimpleData name="CD_UF">31</SimpleData>
<SimpleData name="NM_UF">Minas Gerais</SimpleData>
<SimpleData name="SIGLA_UF">MG</SimpleData>
<SimpleData name="CD_MUN">3121605</SimpleData>
<SimpleData name="NM_MUN">Diamantina</SimpleData>
<SimpleData name="CD_RGINT">3103</SimpleData>
<SimpleData name="NM_RGINT">Teófilo Otoni</SimpleData>
<SimpleData name="CD_RGI">310016</SimpleData>
<SimpleData name="NM_RGI">Diamantina</SimpleData>
<SimpleData name="CT_LOCALIDADE">Outras Localidades</SimpleData>
<SimpleData name="CD_LOCALIDADE">312160500016</SimpleData>
<SimpleData name="NM_LOCALIDADE">Caba Saco</SimpleData>
</SchemaData>
</ExtendedData>
<Point>
<extrude>0</extrude>
<coordinates>-43.477906,-18.1367879994402,0.0</coordinates>
</Point>
</Placemark>
</Folder>
<Folder id="13. Referência">
<name>13. Referência</name>
<Placemark id="13. Referência">
<name>Diamantina [3121605]</name>
<visibility>1</visibility>
<snippet> </snippet>
<description>&lt;center&gt;&lt;table&gt;&lt;tr&gt;&lt;th colspan='2' align='center'&gt;&lt;em&gt;Attributes&lt;/em&gt;&lt;/th&gt;&lt;/tr&gt;&lt;tr bgcolor="#E3E3F3"&gt;
&lt;th&gt;CD_UF&lt;/th&gt;
&lt;td&gt;31&lt;/td&gt;
&lt;/tr&gt;&lt;tr bgcolor=""&gt;
&lt;th&gt;NM_UF&lt;/th&gt;
&lt;td&gt;Minas Gerais&lt;/td&gt;
&lt;/tr&gt;&lt;tr bgcolor="#E3E3F3"&gt;
&lt;th&gt;CD_MUN&lt;/th&gt;
&lt;td&gt;3121605&lt;/td&gt;
&lt;/tr&gt;&lt;tr bgcolor=""&gt;
&lt;th&gt;NM_MUN&lt;/th&gt;
&lt;td&gt;Diamantina&lt;/td&gt;
&lt;/tr&gt;&lt;tr bgcolor="#E3E3F3"&gt;
&lt;th&gt;CD_RGINT&lt;/th&gt;
&lt;td&gt;3103&lt;/td&gt;
&lt;/tr&gt;&lt;tr bgcolor=""&gt;
&lt;th&gt;NM_RGINT&lt;/th&gt;
&lt;td&gt;Teófilo Otoni&lt;/td&gt;
&lt;/tr&gt;&lt;tr bgcolor="#E3E3F3"&gt;
&lt;th&gt;CD_RGI&lt;/th&gt;
&lt;td&gt;310016&lt;/td&gt;
&lt;/tr&gt;&lt;tr bgcolor=""&gt;
&lt;th&gt;NM_RGI&lt;/th&gt;
&lt;td&gt;Diamantina&lt;/td&gt;
&lt;/tr&gt;&lt;/table&gt;&lt;/center&gt;</description>
<Style>
<IconStyle>
<scale>0.7</scale>
</IconStyle>
<LabelStyle>
<scale>0.7</scale>
</LabelStyle>
<LineStyle>
<color>ffffffff</color>
<width>3</width>
<gx:labelVisibility>1</gx:labelVisibility>
</LineStyle>
<PolyStyle>
<color>00ffffff</color>
</PolyStyle>
</Style>
<ExtendedData>
<SchemaData schemaUrl="#kml_schema_ft_Município">
<SimpleData name="CD_UF">31</SimpleData>
<SimpleData name="NM_UF">Minas Gerais</SimpleData>
<SimpleData name="CD_MUN">3121605</SimpleData>
<SimpleData name="NM_MUN">Diamantina</SimpleData>
<SimpleData name="CD_RGINT">3103</SimpleData>
<SimpleData name="NM_RGINT">Teófilo Otoni</SimpleData>
<SimpleData name="CD_RGI">310016</SimpleData>
<SimpleData name="NM_RGI">Diamantina</SimpleData>
</SchemaData>
</ExtendedData>
<MultiGeometry>
<Polygon>
<extrude>0</extrude>
<tessellate>1</tessellate>
<outerBoundaryIs>
<LinearRing>
<coordinates>-43.596959,-18.3179959994354,0.0 -43.596968,-18.3179599994354,0.0 -43.597424,-18.3177749994354,0.0 -43.597784,-18.3174969994354,0.0 -43.598095,-18.3171749994354,0.0 -43.59831,-18.3167139994355,0.0 -43.598549,-18.3162769994355,0.0 -43.598957,-18.3160229994355,0.0 -43.599438,-18.3160669994355,0.0 -43.599919,-18.3160419994355,0.0 -43.600375,-18.3159939994355,0.0 -43.600807,-18.3157169994355,0.0 -43.601191,-18.3153709994355,0.0 -43.601574,-18.3150939994355,0.0 -43.601982,-18.3148399994355,0.0 -43.60239,-18.3145629994355,0.0 -43.602822,-18.3143079994355,0.0 -43.60323,-18.3140999994355,0.0 -43.603638,-18.3138459994355,0.0 -43.604094,-18.3136599994355,0.0 -43.604453,-18.3133829994355,0.0 -43.604789,-18.3130829994356,0.0 -43.605148,-18.3128059994356,0.0 -43.605532,-18.3125519994356,0.0 -43.605964,-18.3122749994356,0.0 -43.606444,-18.3121349994356,0.0 -43.606852,-18.3119039994356,0.0 -43.60726,-18.3116499994356,0.0 -43.607692,-18.3114409994356,0.0 -43.608149,-18.3113929994356,0.0 -43.608775,-18.3115519994356,0.0 -43.609232,-18.3116419994356,0.0 -43.609762,-18.3116629994356,0.0 -43.610266,-18.3116149994356,0.0 -43.610723,-18.3114979994356,0.0 -43.611107,-18.3112439994356,0.0 -43.61149,-18.3108289994356,0.0 -43.611801,-18.3104379994356,0.0 -43.612209,-18.3101829994356,0.0 -43.612616,-18.3099059994356,0.0 -43.61312,-18.3096739994357,0.0 -43.613625,-18.3094889994357,0.0 -43.614154,-18.3096469994356,0.0 -43.614636,-18.3096909994356,0.0 -43.615092,-18.3095749994356,0.0 -43.615524,-18.3094119994357,0.0 -43.61603,-18.3094329994357,0.0 -43.616511,-18.3094539994357,0.0 -43.617088,-18.3094059994357,0.0 -43.617568,-18.3092669994357,0.0 -43.617976,-18.3090119994357,0.0 -43.61836,-18.3087579994357,0.0 -43.618816,-18.3087329994357,0.0 -43.619298,-18.3087999994357,0.0 -43.619779,-18.3087989994357,0.0 -43.620307,-18.3086359994357,0.0 -43.620691,-18.3083809994357,0.0 -43.621099,-18.3081039994357,0.0 -43.621531,-18.3079419994357,0.0 -43.622036,-18.3079399994357,0.0 -43.622493,-18.3079839994357,0.0 -43.623071,-18.3080969994357,0.0 -43.623575,-18.3079569994357,0.0 -43.624032,-18.3078399994357,0.0 -43.62456,-18.3076309994357,0.0 -43.625064,-18.3074449994357,0.0 -43.625616,-18.3072369994357,0.0 -43.626097,-18.3071889994357,0.0 -43.626602,-18.3072099994357,0.0 -43.62706,-18.3072309994357,0.0 -43.627564,-18.3072059994357,0.0 -43.628141,-18.3070659994357,0.0 -43.628622,-18.3070409994357,0.0 -43.629104,-18.3071539994357,0.0 -43.629562,-18.3074049994357,0.0 -43.630067,-18.3074489994357,0.0 -43.630426,-18.3070799994357,0.0 -43.630761,-18.3067569994357,0.0 -43.631097,-18.3064569994357,0.0 -43.631602,-18.3064549994357,0.0 -43.632035,-18.3066369994357,0.0 -43.63247,-18.3069339994357,0.0 -43.632856,-18.3071849994357,0.0 -43.633362,-18.3073899994357,0.0 -43.633867,-18.3074799994357,0.0 -43.63442,-18.3074999994357,0.0 -43.634878,-18.3076589994357,0.0 -43.635312,-18.3078189994357,0.0 -43.636323,-18.3079979994357,0.0 -43.63678,-18.3081109994357,0.0 -43.637237,-18.3080409994357,0.0 -43.637718,-18.3080389994357,0.0 -43.638175,-18.3080829994357,0.0 -43.638609,-18.3083569994357,0.0 -43.639043,-18.3085159994357,0.0 -43.639572,-18.3085599994357,0.0 -43.640052,-18.3084199994357,0.0 -43.640484,-18.3082339994357,0.0 -43.640941,-18.3080489994357,0.0 -43.641422,-18.3081159994357,0.0 -43.641832,-18.3083209994357,0.0 -43.642242,-18.3085489994357,0.0 -43.642699,-18.3086619994357,0.0 -43.64318,-18.3085909994357,0.0 -43.643563,-18.3082909994357,0.0 -43.643923,-18.3080139994357,0.0 -43.644403,-18.3077589994357,0.0 -43.644738,-18.3073899994357,0.0 -43.644952,-18.3069759994357,0.0 -43.645288,-18.3066759994357,0.0 -43.645551,-18.3063069994357,0.0 -43.645983,-18.3061449994357,0.0 -43.64644,-18.3062579994357,0.0 -43.646921,-18.3062789994357,0.0 -43.647403,-18.3063229994357,0.0 -43.647789,-18.3066199994357,0.0 -43.648223,-18.3068019994357,0.0 -43.648537,-18.3071219994357,0.0 -43.648875,-18.3074189994357,0.0 -43.649332,-18.3075779994357,0.0 -43.649886,-18.3077139994357,0.0 -43.650176,-18.3080799994357,0.0 -43.650491,-18.3084469994357,0.0 -43.650948,-18.3085599994357,0.0 -43.651405,-18.3084659994357,0.0 -43.651861,-18.3083489994357,0.0 -43.652366,-18.3081859994357,0.0 -43.652846,-18.3080929994357,0.0 -43.653327,-18.3079759994357,0.0 -43.653856,-18.3079969994357,0.0 -43.654313,-18.3081329994357,0.0 -43.654843,-18.3081299994357,0.0 -43.655275,-18.3079449994357,0.0 -43.655586,-18.3075989994357,0.0 -43.655873,-18.3072299994357,0.0 -43.656304,-18.3069529994357,0.0 -43.656761,-18.3067669994357,0.0 -43.657362,-18.3067419994357,0.0 -43.657818,-18.3065559994357,0.0 -43.658129,-18.3061869994357,0.0 -43.658512,-18.3058639994357,0.0 -43.658896,-18.3055869994358,0.0 -43.659183,-18.3052179994358,0.0 -43.659494,-18.3048719994358,0.0 -43.659901,-18.3044109994358,0.0 -43.660164,-18.3040419994358,0.0 -43.660474,-18.3036509994358,0.0 -43.660858,-18.3033959994358,0.0 -43.661338,-18.3031649994358,0.0 -43.661842,-18.3029329994358,0.0 -43.662298,-18.3027699994358,0.0 -43.662755,-18.3026299994358,0.0 -43.663211,-18.3024219994358,0.0 -43.663667,-18.3021899994358,0.0 -43.664074,-18.3018899994359,0.0 -43.664361,-18.3014979994359,0.0 -43.664648,-18.3011519994359,0.0 -43.664959,-18.3008289994359,0.0 -43.66527,-18.3004839994359,0.0 -43.665654,-18.3001829994359,0.0 -43.666085,-18.2999289994359,0.0 -43.666542,-18.2997429994359,0.0 -43.667023,-18.2997409994359,0.0 -43.66748,-18.2998769994359,0.0 -43.667937,-18.2999669994359,0.0 -43.668443,-18.3000109994359,0.0 -43.668948,-18.2999629994359,0.0 -43.66991,-18.2999589994359,0.0 -43.670367,-18.3000719994359,0.0 -43.670849,-18.3002079994359,0.0 -43.671427,-18.3003659994359,0.0 -43.671932,-18.3003409994359,0.0 -43.672412,-18.3003159994359,0.0 -43.672869,-18.3002449994359,0.0 -43.673374,-18.3001739994359,0.0 -43.673879,-18.3001719994359,0.0 -43.674335,-18.3001009994359,0.0 -43.675056,-18.2999139994359,0.0 -43.675513,-18.2998209994359,0.0 -43.676018,-18.2998189994359,0.0 -43.676476,-18.3000689994359,0.0 -43.676742,-18.3004589994359,0.0 -43.67696,-18.3008479994359,0.0 -43.677251,-18.3011919994359,0.0 -43.677589,-18.3015579994359,0.0 -43.677975,-18.3018549994359,0.0 -43.678337,-18.3021289994358,0.0 -43.678795,-18.3023569994358,0.0 -43.679277,-18.3025849994358,0.0 -43.679735,-18.3026519994358,0.0 -43.680215,-18.3024429994358,0.0 -43.680357,-18.3020059994359,0.0 -43.680619,-18.3015449994359,0.0 -43.680786,-18.3011309994359,0.0 -43.681265,-18.3007839994359,0.0 -43.681649,-18.3005299994359,0.0 -43.682201,-18.3002979994359,0.0 -43.682705,-18.3000659994359,0.0 -43.683141,-18.2999599994359,0.0 -43.683185,-18.2999489994359,0.0 -43.683667,-18.3000159994359,0.0 -43.684221,-18.3002429994359,0.0 -43.684631,-18.3004479994359,0.0 -43.685089,-18.3006989994359,0.0 -43.685524,-18.3011799994359,0.0 -43.685767,-18.3016379994359,0.0 -43.685961,-18.3020509994359,0.0 -43.686302,-18.3029219994358,0.0 -43.686306,-18.3038639994358,0.0 -43.686405,-18.3044379994358,0.0 -43.686599,-18.3048739994358,0.0 -43.68689,-18.3053319994358,0.0 -43.687542,-18.3059039994357,0.0 -43.687905,-18.3062699994357,0.0 -43.688291,-18.3066589994357,0.0 -43.688606,-18.3071169994357,0.0 -43.68892,-18.3074599994357,0.0 -43.689211,-18.3079639994357,0.0 -43.689141,-18.3084239994357,0.0 -43.688903,-18.3088609994357,0.0 -43.688448,-18.3092079994357,0.0 -43.688015,-18.3093929994357,0.0 -43.687415,-18.3094879994357,0.0 -43.686934,-18.3096509994356,0.0 -43.68643,-18.3098139994356,0.0 -43.685925,-18.3098849994356,0.0 -43.685301,-18.3101629994356,0.0 -43.684078,-18.3108569994356,0.0 -43.683695,-18.3112039994356,0.0 -43.683216,-18.3116419994356,0.0 -43.682881,-18.3121029994356,0.0 -43.683004,-18.3126539994356,0.0 -43.68315,-18.3130899994356,0.0 -43.683537,-18.3134559994355,0.0 -43.684067,-18.3136829994355,0.0 -43.684524,-18.3138189994355,0.0 -43.685223,-18.3140919994355,0.0 -43.685801,-18.3142269994355,0.0 -43.686259,-18.3143859994355,0.0 -43.686741,-18.3145679994355,0.0 -43.687222,-18.3146349994355,0.0 -43.687704,-18.3147699994355,0.0 -43.68821,-18.3149059994355,0.0 -43.688716,-18.3151569994355,0.0 -43.688862,-18.3155929994355,0.0 -43.688937,-18.3162349994355,0.0 -43.68894,-18.3167179994355,0.0 -43.688918,-18.3171769994355,0.0 -43.688824,-18.3176369994354,0.0 -43.688706,-18.3181659994354,0.0 -43.688491,-18.3185579994354,0.0 -43.688325,-18.3189949994354,0.0 -43.688087,-18.3195699994354,0.0 -43.68792,-18.3199839994354,0.0 -43.687754,-18.3204219994354,0.0 -43.687492,-18.3209049994353,0.0 -43.687398,-18.3213419994353,0.0 -43.687352,-18.3218019994353,0.0 -43.687209,-18.3222619994353,0.0 -43.687044,-18.3227909994353,0.0 -43.686998,-18.3232729994353,0.0 -43.686856,-18.3237329994353,0.0 -43.686737,-18.3241699994353,0.0 -43.686619,-18.3246989994352,0.0 -43.686358,-18.3253209994352,0.0 -43.685975,-18.3257359994352,0.0 -43.685615,-18.3260359994352,0.0 -43.685088,-18.3263599994352,0.0 -43.684656,-18.3265909994352,0.0 -43.684224,-18.3267999994352,0.0 -43.683743,-18.3268939994352,0.0 -43.683022,-18.3269889994352,0.0 -43.682542,-18.3271289994352,0.0 -43.68206,-18.3271309994352,0.0 -43.681508,-18.3272479994352,0.0 -43.68045,-18.3273899994352,0.0 -43.679969,-18.3274609994352,0.0 -43.679586,-18.3277379994352,0.0 -43.679058,-18.3279699994352,0.0 -43.678651,-18.3284549994352,0.0 -43.67846,-18.3288919994351,0.0 -43.678246,-18.3292829994351,0.0 -43.678296,-18.3297419994351,0.0 -43.678346,-18.3301789994351,0.0 -43.678469,-18.3306609994351,0.0 -43.678471,-18.3311659994351,0.0 -43.678569,-18.3316019994351,0.0 -43.678595,-18.3320609994351,0.0 -43.678621,-18.332497999435,0.0 -43.678648,-18.332979999435,0.0 -43.678747,-18.333668999435,0.0 -43.678917,-18.334081999435,0.0 -43.679064,-18.334677999435,0.0 -43.67926,-18.335274999435,0.0 -43.67931,-18.335710999435,0.0 -43.679601,-18.3362379994349,0.0 -43.679844,-18.3368119994349,0.0 -43.680111,-18.3372469994349,0.0 -43.680353,-18.3377509994349,0.0 -43.680741,-18.3382549994349,0.0 -43.681031,-18.3386669994349,0.0 -43.681418,-18.3391249994349,0.0 -43.681709,-18.3395599994349,0.0 -43.681999,-18.3399039994348,0.0 -43.68229,-18.3402699994348,0.0 -43.682653,-18.3407969994348,0.0 -43.682944,-18.3412549994348,0.0 -43.683282,-18.3415749994348,0.0 -43.683668,-18.3419179994348,0.0 -43.684031,-18.3422839994348,0.0 -43.684369,-18.3426049994348,0.0 -43.684732,-18.3429939994348,0.0 -43.68507,-18.3433599994348,0.0 -43.685289,-18.3437719994347,0.0 -43.685603,-18.3441159994347,0.0 -43.685941,-18.3444589994347,0.0 -43.686184,-18.3448709994347,0.0 -43.686474,-18.3452609994347,0.0 -43.686885,-18.3455349994347,0.0 -43.687391,-18.3458539994347,0.0 -43.688116,-18.3464479994347,0.0 -43.688526,-18.3468139994347,0.0 -43.688529,-18.3472739994346,0.0 -43.688362,-18.3477339994346,0.0 -43.68793,-18.3479649994346,0.0 -43.687451,-18.3482659994346,0.0 -43.686995,-18.3484749994346,0.0 -43.686538,-18.3486599994346,0.0 -43.686082,-18.3488229994346,0.0 -43.685626,-18.3489629994346,0.0 -43.685169,-18.3490799994346,0.0 -43.684688,-18.3491509994346,0.0 -43.68416,-18.3492909994346,0.0 -43.683824,-18.3496369994346,0.0 -43.683755,-18.3501649994346,0.0 -43.683829,-18.3506469994346,0.0 -43.683879,-18.3510839994346,0.0 -43.684001,-18.3515199994345,0.0 -43.684028,-18.3520249994345,0.0 -43.68403,-18.3525069994345,0.0 -43.683936,-18.3529669994345,0.0 -43.683746,-18.3534269994345,0.0 -43.683531,-18.3538649994345,0.0 -43.683317,-18.3543709994345,0.0 -43.683103,-18.3548539994344,0.0 -43.682816,-18.3552229994344,0.0 -43.682433,-18.3556609994344,0.0 -43.682122,-18.3560069994344,0.0 -43.681714,-18.3563539994344,0.0 -43.681258,-18.3565619994344,0.0 -43.680753,-18.3565639994344,0.0 -43.680271,-18.3564739994344,0.0 -43.67979,-18.3564079994344,0.0 -43.679164,-18.3563179994344,0.0 -43.678466,-18.3562289994344,0.0 -43.67796,-18.3561629994344,0.0 -43.677335,-18.3561419994344,0.0 -43.676853,-18.3561439994344,0.0 -43.676373,-18.3561919994344,0.0 -43.675748,-18.3563559994344,0.0 -43.675388,-18.3566329994344,0.0 -43.675053,-18.3569789994344,0.0 -43.674622,-18.3573939994344,0.0 -43.674142,-18.3577639994344,0.0 -43.673759,-18.3580409994344,0.0 -43.673399,-18.3583179994344,0.0 -43.672847,-18.3586649994344,0.0 -43.672439,-18.3588729994344,0.0 -43.671983,-18.3591279994343,0.0 -43.671479,-18.3594289994343,0.0 -43.671024,-18.3597749994343,0.0 -43.67064,-18.3600519994343,0.0 -43.670039,-18.3600549994343,0.0 -43.669461,-18.3600109994343,0.0 -43.66898,-18.3599439994343,0.0 -43.668354,-18.3598089994343,0.0 -43.667824,-18.3597419994343,0.0 -43.667318,-18.3596759994343,0.0 -43.666717,-18.3596089994343,0.0 -43.666187,-18.3595419994343,0.0 -43.665706,-18.3594979994343,0.0 -43.665176,-18.3594089994343,0.0 -43.664719,-18.3593419994343,0.0 -43.664213,-18.3592519994343,0.0 -43.663515,-18.3591859994343,0.0 -43.66224,-18.3591909994343,0.0 -43.661929,-18.3596059994343,0.0 -43.661762,-18.3600429994343,0.0 -43.661769,-18.3614899994343,0.0 -43.661699,-18.3619729994343,0.0 -43.661677,-18.3624549994343,0.0 -43.661631,-18.3628919994342,0.0 -43.661585,-18.3634669994342,0.0 -43.661516,-18.3640639994342,0.0 -43.661422,-18.3645929994342,0.0 -43.661376,-18.3650989994342,0.0 -43.661643,-18.3654879994342,0.0 -43.662029,-18.3658079994342,0.0 -43.662511,-18.3659899994342,0.0 -43.662968,-18.3660339994342,0.0 -43.663426,-18.3661239994342,0.0 -43.663907,-18.3661909994342,0.0 -43.664413,-18.3662349994342,0.0 -43.665014,-18.3662779994342,0.0 -43.665568,-18.3662989994342,0.0 -43.666049,-18.3662969994342,0.0 -43.666555,-18.3664329994341,0.0 -43.667013,-18.3665919994341,0.0 -43.667495,-18.3668649994341,0.0 -43.667905,-18.3671159994341,0.0 -43.668292,-18.3674129994341,0.0 -43.668558,-18.3677799994341,0.0 -43.668777,-18.3682149994341,0.0 -43.669091,-18.3686279994341,0.0 -43.669406,-18.3690169994341,0.0 -43.669768,-18.3693829994341,0.0 -43.670107,-18.3697949994341,0.0 -43.670421,-18.3701379994341,0.0 -43.67076,-18.370480999434,0.0 -43.67117,-18.370823999434,0.0 -43.671629,-18.371097999434,0.0 -43.672087,-18.371463999434,0.0 -43.67257,-18.371713999434,0.0 -43.673004,-18.371964999434,0.0 -43.67339,-18.372215999434,0.0 -43.673824,-18.372443999434,0.0 -43.674282,-18.372671999434,0.0 -43.674813,-18.372945999434,0.0 -43.675296,-18.373218999434,0.0 -43.675729,-18.373400999434,0.0 -43.676139,-18.373605999434,0.0 -43.676621,-18.373741999434,0.0 -43.677224,-18.3739229994339,0.0 -43.677657,-18.3740819994339,0.0 -43.678187,-18.3741949994339,0.0 -43.678669,-18.3743079994339,0.0 -43.679247,-18.3745119994339,0.0 -43.679705,-18.3747169994339,0.0 -43.680115,-18.3749219994339,0.0 -43.680526,-18.3751729994339,0.0 -43.681008,-18.3753779994339,0.0 -43.681466,-18.3755139994339,0.0 -43.681994,-18.3753969994339,0.0 -43.682208,-18.3753159994339,0.0 -43.682427,-18.3752339994339,0.0 -43.682907,-18.3749789994339,0.0 -43.683338,-18.3746099994339,0.0 -43.683649,-18.3742869994339,0.0 -43.683985,-18.373940999434,0.0 -43.684199,-18.373549999434,0.0 -43.684366,-18.373134999434,0.0 -43.684604,-18.372674999434,0.0 -43.684818,-18.372076999434,0.0 -43.685081,-18.371638999434,0.0 -43.685392,-18.371269999434,0.0 -43.685848,-18.371084999434,0.0 -43.686329,-18.371036999434,0.0 -43.686834,-18.370873999434,0.0 -43.687169,-18.370481999434,0.0 -43.688688,-18.370288999434,0.0 -43.689358,-18.370334999434,0.0 -43.689789,-18.3700569994341,0.0 -43.689835,-18.3696199994341,0.0 -43.689906,-18.3691839994341,0.0 -43.689999,-18.3686779994341,0.0 -43.690021,-18.3681949994341,0.0 -43.690139,-18.3676669994341,0.0 -43.690233,-18.3672069994341,0.0 -43.690231,-18.3667239994341,0.0 -43.690181,-18.3662879994342,0.0 -43.690082,-18.3658289994342,0.0 -43.689887,-18.3652779994342,0.0 -43.689741,-18.3648199994342,0.0 -43.689691,-18.3643829994342,0.0 -43.689688,-18.3638549994342,0.0 -43.689638,-18.3633959994342,0.0 -43.68966,-18.3629359994342,0.0 -43.689826,-18.3624759994343,0.0 -43.690041,-18.3620619994343,0.0 -43.690376,-18.3617389994343,0.0 -43.690784,-18.3615069994343,0.0 -43.691216,-18.3612979994343,0.0 -43.691744,-18.3610209994343,0.0 -43.692201,-18.3609269994343,0.0 -43.692659,-18.3611549994343,0.0 -43.693141,-18.3612899994343,0.0 -43.693718,-18.3612189994343,0.0 -43.694247,-18.3611019994343,0.0 -43.694728,-18.3610309994343,0.0 -43.695305,-18.3610739994343,0.0 -43.695763,-18.3612789994343,0.0 -43.696198,-18.3615299994343,0.0 -43.696631,-18.3617119994343,0.0 -43.697089,-18.3618479994343,0.0 -43.697425,-18.3615479994343,0.0 -43.697882,-18.3616149994343,0.0 -43.698316,-18.3617739994343,0.0 -43.698774,-18.3619549994343,0.0 -43.699232,-18.3621599994343,0.0 -43.699713,-18.3621809994343,0.0 -43.700266,-18.3621099994343,0.0 -43.700747,-18.3619699994343,0.0 -43.701228,-18.3618759994343,0.0 -43.701757,-18.3618739994343,0.0 -43.702239,-18.3619859994343,0.0 -43.702696,-18.3621219994343,0.0 -43.703154,-18.3621889994343,0.0 -43.703634,-18.3620259994343,0.0 -43.704018,-18.3617719994343,0.0 -43.704401,-18.3614719994343,0.0 -43.704907,-18.3614699994343,0.0 -43.705387,-18.3613529994343,0.0 -43.705771,-18.3610749994343,0.0 -43.706082,-18.3607519994343,0.0 -43.706417,-18.3604059994343,0.0 -43.706801,-18.3601519994343,0.0 -43.707233,-18.3598739994343,0.0 -43.707785,-18.3595959994343,0.0 -43.70829,-18.3595019994343,0.0 -43.708722,-18.3593389994343,0.0 -43.709179,-18.3592229994343,0.0 -43.709635,-18.3591519994343,0.0 -43.709946,-18.3587829994344,0.0 -43.710306,-18.3584369994344,0.0 -43.710786,-18.3583429994344,0.0 -43.711243,-18.3582259994344,0.0 -43.711626,-18.3579479994344,0.0 -43.71201,-18.3576939994344,0.0 -43.712297,-18.3573479994344,0.0 -43.712512,-18.3569569994344,0.0 -43.712798,-18.3564959994344,0.0 -43.713037,-18.3560819994344,0.0 -43.713275,-18.3556439994344,0.0 -43.713442,-18.3552299994344,0.0 -43.713947,-18.3551129994344,0.0 -43.714427,-18.3549039994345,0.0 -43.715005,-18.3550619994344,0.0 -43.715633,-18.3557029994344,0.0 -43.716044,-18.3559759994344,0.0 -43.716501,-18.3559969994344,0.0 -43.716958,-18.3559719994344,0.0 -43.717463,-18.3559929994344,0.0 -43.717945,-18.3560599994344,0.0 -43.718379,-18.3562189994344,0.0 -43.718836,-18.3563779994344,0.0 -43.719293,-18.3562149994344,0.0 -43.719821,-18.3560059994344,0.0 -43.720253,-18.3557969994344,0.0 -43.720613,-18.3555199994344,0.0 -43.720899,-18.3551049994344,0.0 -43.721186,-18.3547129994345,0.0 -43.721666,-18.3543899994345,0.0 -43.722148,-18.3545709994345,0.0 -43.722414,-18.3549379994345,0.0 -43.722729,-18.3553269994344,0.0 -43.723092,-18.3556929994344,0.0 -43.723549,-18.3557599994344,0.0 -43.723909,-18.3554819994344,0.0 -43.724366,-18.3554569994344,0.0 -43.724728,-18.3557309994344,0.0 -43.724946,-18.3561209994344,0.0 -43.725237,-18.3564639994344,0.0 -43.725694,-18.3565539994344,0.0 -43.726102,-18.3563459994344,0.0 -43.726582,-18.3561369994344,0.0 -43.727063,-18.3560199994344,0.0 -43.727519,-18.3558799994344,0.0 -43.728121,-18.3558539994344,0.0 -43.728602,-18.3559899994344,0.0 -43.729083,-18.3559189994344,0.0 -43.72954,-18.3557559994344,0.0 -43.729947,-18.3555019994344,0.0 -43.730403,-18.3552699994344,0.0 -43.730835,-18.3549229994345,0.0 -43.731266,-18.3546229994345,0.0 -43.731724,-18.3546669994345,0.0 -43.732205,-18.3548019994345,0.0 -43.732639,-18.3550069994345,0.0 -43.733097,-18.3550509994345,0.0 -43.733961,-18.3546339994345,0.0 -43.734489,-18.3544009994345,0.0 -43.73497,-18.3542839994345,0.0 -43.735451,-18.3543279994345,0.0 -43.735932,-18.3543259994345,0.0 -43.736412,-18.3541399994345,0.0 -43.736771,-18.3537709994345,0.0 -43.737179,-18.3534929994345,0.0 -43.737611,-18.3532389994345,0.0 -43.738067,-18.3531449994345,0.0 -43.738525,-18.3532349994345,0.0 -43.739006,-18.3532329994345,0.0 -43.739487,-18.3532069994345,0.0 -43.739919,-18.3530449994345,0.0 -43.740303,-18.3527439994345,0.0 -43.740686,-18.3523979994345,0.0 -43.741094,-18.3520739994345,0.0 -43.741573,-18.3518199994345,0.0 -43.74203,-18.3517029994345,0.0 -43.74251,-18.3515169994345,0.0 -43.742942,-18.3512619994345,0.0 -43.743181,-18.3508699994346,0.0 -43.743467,-18.3504099994346,0.0 -43.743633,-18.3499719994346,0.0 -43.743848,-18.3495119994346,0.0 -43.744109,-18.3489359994346,0.0 -43.744372,-18.3485679994346,0.0 -43.744707,-18.3482679994346,0.0 -43.745164,-18.3481509994346,0.0 -43.745645,-18.3481019994346,0.0 -43.746101,-18.3479629994346,0.0 -43.746461,-18.3476849994346,0.0 -43.746986,-18.3469019994347,0.0 -43.747418,-18.3466469994347,0.0 -43.747898,-18.3464609994347,0.0 -43.748859,-18.3462729994347,0.0 -43.749388,-18.3460639994347,0.0 -43.749844,-18.3458549994347,0.0 -43.750154,-18.3454399994347,0.0 -43.750392,-18.3449329994347,0.0 -43.750679,-18.3445649994347,0.0 -43.750701,-18.3441279994347,0.0 -43.750699,-18.3436689994347,0.0 -43.751107,-18.3434369994348,0.0 -43.751587,-18.3433199994348,0.0 -43.752044,-18.3433409994348,0.0 -43.752501,-18.3432699994348,0.0 -43.753053,-18.3430369994348,0.0 -43.753509,-18.3427599994348,0.0 -43.753966,-18.3427119994348,0.0 -43.754496,-18.3428469994348,0.0 -43.754978,-18.3430059994348,0.0 -43.755435,-18.3431179994348,0.0 -43.756013,-18.3430929994348,0.0 -43.756469,-18.3429069994348,0.0 -43.756852,-18.3426519994348,0.0 -43.757212,-18.3423289994348,0.0 -43.757691,-18.3419129994348,0.0 -43.758098,-18.3415899994348,0.0 -43.758457,-18.3412899994348,0.0 -43.758865,-18.3410119994348,0.0 -43.759248,-18.3407119994348,0.0 -43.759583,-18.3403659994348,0.0 -43.759919,-18.3400649994348,0.0 -43.760278,-18.3397419994349,0.0 -43.760589,-18.3394189994349,0.0 -43.7609,-18.3390729994349,0.0 -43.761211,-18.3387499994349,0.0 -43.761594,-18.3383809994349,0.0 -43.761977,-18.3381029994349,0.0 -43.762409,-18.3378479994349,0.0 -43.762744,-18.3375479994349,0.0 -43.763055,-18.3371559994349,0.0 -43.763366,-18.3368329994349,0.0 -43.763822,-18.3365549994349,0.0 -43.76423,-18.3363469994349,0.0 -43.764735,-18.3362749994349,0.0 -43.765216,-18.3362269994349,0.0 -43.766178,-18.3362229994349,0.0 -43.766659,-18.3362429994349,0.0 -43.76714,-18.3362409994349,0.0 -43.767597,-18.3362849994349,0.0 -43.76815,-18.3361449994349,0.0 -43.768607,-18.3360739994349,0.0 -43.769112,-18.3360709994349,0.0 -43.769592,-18.335953999435,0.0 -43.770049,-18.335905999435,0.0 -43.77053,-18.335788999435,0.0 -43.770865,-18.335488999435,0.0 -43.771296,-18.335164999435,0.0 -43.771632,-18.334864999435,0.0 -43.772183,-18.334540999435,0.0 -43.772546,-18.334837999435,0.0 -43.773003,-18.334995999435,0.0 -43.773461,-18.335039999435,0.0 -43.773917,-18.334968999435,0.0 -43.774398,-18.334897999435,0.0 -43.774903,-18.334780999435,0.0 -43.775408,-18.334731999435,0.0 -43.775961,-18.334729999435,0.0 -43.776418,-18.334749999435,0.0 -43.776996,-18.334930999435,0.0 -43.77743,-18.335135999435,0.0 -43.777817,-18.335409999435,0.0 -43.778227,-18.335706999435,0.0 -43.778757,-18.335818999435,0.0 -43.779791,-18.335813999435,0.0 -43.780249,-18.335926999435,0.0 -43.780612,-18.3362239994349,0.0 -43.781045,-18.3363829994349,0.0 -43.781503,-18.3365409994349,0.0 -43.781913,-18.3367459994349,0.0 -43.782347,-18.3369049994349,0.0 -43.782733,-18.3371559994349,0.0 -43.783192,-18.3373829994349,0.0 -43.783649,-18.3374269994349,0.0 -43.784179,-18.3375389994349,0.0 -43.78466,-18.3376059994349,0.0 -43.785141,-18.3376269994349,0.0 -43.785599,-18.3376709994349,0.0 -43.78608,-18.3377139994349,0.0 -43.78661,-18.3377809994349,0.0 -43.787067,-18.3378239994349,0.0 -43.787572,-18.3378679994349,0.0 -43.78803,-18.3378889994349,0.0 -43.78916,-18.3378829994349,0.0 -43.789618,-18.3379729994349,0.0 -43.790219,-18.3379929994349,0.0 -43.791181,-18.3378969994349,0.0 -43.791613,-18.3377339994349,0.0 -43.79207,-18.3376399994349,0.0 -43.79255,-18.3374769994349,0.0 -43.793055,-18.3373589994349,0.0 -43.794233,-18.3373539994349,0.0 -43.79469,-18.3372369994349,0.0 -43.795171,-18.3371879994349,0.0 -43.795651,-18.3370479994349,0.0 -43.796108,-18.3369309994349,0.0 -43.796564,-18.3368829994349,0.0 -43.796972,-18.3366509994349,0.0 -43.797356,-18.3363739994349,0.0 -43.797763,-18.3361649994349,0.0 -43.798171,-18.335886999435,0.0 -43.798579,-18.335632999435,0.0 -43.798962,-18.335331999435,0.0 -43.799394,-18.335145999435,0.0 -43.799777,-18.334868999435,0.0 -43.800185,-18.334636999435,0.0 -43.800666,-18.334542999435,0.0 -43.801147,-18.334631999435,0.0 -43.801534,-18.334882999435,0.0 -43.801872,-18.335179999435,0.0 -43.802211,-18.335522999435,0.0 -43.802693,-18.335819999435,0.0 -43.803103,-18.336046999435,0.0 -43.803609,-18.3360679994349,0.0 -43.804065,-18.335950999435,0.0 -43.804569,-18.335741999435,0.0 -43.80505,-18.335600999435,0.0 -43.805603,-18.335644999435,0.0 -43.806061,-18.335779999435,0.0 -43.806495,-18.336053999435,0.0 -43.806953,-18.336074999435,0.0 -43.807482,-18.3360719994349,0.0 -43.807914,-18.335862999435,0.0 -43.808418,-18.335699999435,0.0 -43.808947,-18.335696999435,0.0 -43.809403,-18.335533999435,0.0 -43.809933,-18.335646999435,0.0 -43.810343,-18.3358739994349,0.0 -43.810682,-18.3361709994349,0.0 -43.811116,-18.3364449994349,0.0 -43.811574,-18.3365569994349,0.0 -43.812032,-18.3367159994349,0.0 -43.812585,-18.3366669994349,0.0 -43.813066,-18.3365729994349,0.0 -43.813571,-18.3365479994349,0.0 -43.814028,-18.3366139994349,0.0 -43.814533,-18.3366349994349,0.0 -43.815015,-18.3367469994349,0.0 -43.815497,-18.3368829994349,0.0 -43.815907,-18.3371109994349,0.0 -43.816342,-18.3373839994349,0.0 -43.816824,-18.3375199994349,0.0 -43.817329,-18.3376319994349,0.0 -43.817763,-18.3377909994349,0.0 -43.81822,-18.3377419994349,0.0 -43.818652,-18.3375569994349,0.0 -43.819419,-18.3370469994349,0.0 -43.819948,-18.3369069994349,0.0 -43.820404,-18.3367669994349,0.0 -43.820933,-18.3367179994349,0.0 -43.821391,-18.3368079994349,0.0 -43.82192,-18.3369199994349,0.0 -43.822378,-18.3370329994349,0.0 -43.82286,-18.3371679994349,0.0 -43.823292,-18.3370049994349,0.0 -43.824155,-18.3363579994349,0.0 -43.824635,-18.3362629994349,0.0 -43.825093,-18.3363299994349,0.0 -43.825527,-18.3365809994349,0.0 -43.825913,-18.3368309994349,0.0 -43.82637,-18.3367599994349,0.0 -43.826656,-18.3363449994349,0.0 -43.82687,-18.335884999435,0.0 -43.826916,-18.335355999435,0.0 -43.826985,-18.334918999435,0.0 -43.827127,-18.334343999435,0.0 -43.827317,-18.333929999435,0.0 -43.827579,-18.333560999435,0.0 -43.827939,-18.333282999435,0.0 -43.828347,-18.333074999435,0.0 -43.828827,-18.332910999435,0.0 -43.829283,-18.332793999435,0.0 -43.829812,-18.332768999435,0.0 -43.830342,-18.332811999435,0.0 -43.830776,-18.332992999435,0.0 -43.831234,-18.333174999435,0.0 -43.831597,-18.333517999435,0.0 -43.832007,-18.333767999435,0.0 -43.832394,-18.334133999435,0.0 -43.832829,-18.334476999435,0.0 -43.833287,-18.334634999435,0.0 -43.833697,-18.334839999435,0.0 -43.834156,-18.335158999435,0.0 -43.83459,-18.335317999435,0.0 -43.835024,-18.335521999435,0.0 -43.835242,-18.335911999435,0.0 -43.835076,-18.3363489994349,0.0 -43.834814,-18.3367869994349,0.0 -43.8346,-18.3371789994349,0.0 -43.834506,-18.3376389994349,0.0 -43.834581,-18.3381209994349,0.0 -43.835211,-18.3388989994349,0.0 -43.835525,-18.3392189994349,0.0 -43.836226,-18.3398809994349,0.0 -43.836541,-18.3402239994348,0.0 -43.83688,-18.3405669994348,0.0 -43.837242,-18.3408639994348,0.0 -43.837557,-18.3411839994348,0.0 -43.837919,-18.3415039994348,0.0 -43.838306,-18.3417779994348,0.0 -43.838787,-18.3418209994348,0.0 -43.839317,-18.3418189994348,0.0 -43.839774,-18.3419079994348,0.0 -43.840208,-18.3420899994348,0.0 -43.840643,-18.3424549994348,0.0 -43.841079,-18.3428669994348,0.0 -43.841466,-18.3432779994348,0.0 -43.841774,-18.3437049994347,0.0 -43.841854,-18.3438739994347,0.0 -43.841881,-18.3444249994347,0.0 -43.841884,-18.3448839994347,0.0 -43.842079,-18.3453429994347,0.0 -43.842345,-18.3457089994347,0.0 -43.842756,-18.3460289994347,0.0 -43.843119,-18.3463709994347,0.0 -43.843529,-18.3466449994347,0.0 -43.843748,-18.3470339994347,0.0 -43.843967,-18.3474699994347,0.0 -43.84409,-18.3479059994346,0.0 -43.844068,-18.3483879994346,0.0 -43.84395,-18.3488249994346,0.0 -43.844025,-18.3492839994346,0.0 -43.844124,-18.3497429994346,0.0 -43.844247,-18.3502019994346,0.0 -43.844297,-18.3506389994346,0.0 -43.8443,-18.3511669994346,0.0 -43.844519,-18.3515559994345,0.0 -43.844762,-18.3519919994345,0.0 -43.844933,-18.3524039994345,0.0 -43.845032,-18.3528859994345,0.0 -43.84513,-18.3533219994345,0.0 -43.845253,-18.3537579994345,0.0 -43.845424,-18.3541939994345,0.0 -43.845498,-18.3546299994345,0.0 -43.845501,-18.3551119994344,0.0 -43.845552,-18.3555489994344,0.0 -43.845602,-18.3560079994344,0.0 -43.845533,-18.3564679994344,0.0 -43.845342,-18.3568819994344,0.0 -43.845128,-18.3572969994344,0.0 -43.845082,-18.3577339994344,0.0 -43.845039,-18.3585609994344,0.0 -43.84509,-18.3590889994343,0.0 -43.845333,-18.3595239994343,0.0 -43.845744,-18.3598439994343,0.0 -43.846154,-18.3601169994343,0.0 -43.846517,-18.3604369994343,0.0 -43.846832,-18.3608259994343,0.0 -43.847123,-18.3611919994343,0.0 -43.847414,-18.3616499994343,0.0 -43.847705,-18.3619929994343,0.0 -43.848139,-18.3622439994343,0.0 -43.848526,-18.3625179994343,0.0 -43.84896,-18.3628369994342,0.0 -43.849418,-18.3629499994342,0.0 -43.849876,-18.3631079994342,0.0 -43.850286,-18.3633129994342,0.0 -43.850745,-18.3634709994342,0.0 -43.850987,-18.3638839994342,0.0 -43.851302,-18.3642269994342,0.0 -43.851617,-18.3645929994342,0.0 -43.852027,-18.3648429994342,0.0 -43.852992,-18.3652979994342,0.0 -43.853355,-18.3655719994342,0.0 -43.85367,-18.3659609994342,0.0 -43.853889,-18.3663499994341,0.0 -43.854204,-18.3667619994341,0.0 -43.854614,-18.3669899994341,0.0 -43.855096,-18.3671249994341,0.0 -43.855506,-18.3673299994341,0.0 -43.855893,-18.3676259994341,0.0 -43.856255,-18.3678999994341,0.0 -43.85669,-18.3681279994341,0.0 -43.857148,-18.3682629994341,0.0 -43.857751,-18.3685589994341,0.0 -43.857953,-18.3685579994341,0.0 -43.858628,-18.3685839994341,0.0 -43.858786,-18.3685989994341,0.0 -43.859244,-18.3687579994341,0.0 -43.859425,-18.3689064994341,0.0 -43.859606,-18.3690549994341,0.0 -43.859945,-18.3693519994341,0.0 -43.860574,-18.369991999434,0.0 -43.861008,-18.370195999434,0.0 -43.861561,-18.370123999434,0.0 -43.862066,-18.3700299994341,0.0 -43.862548,-18.370164999434,0.0 -43.8627055,-18.370336499434,0.0 -43.862863,-18.370507999434,0.0 -43.8630629,-18.370659299434,0.0 -43.863225,-18.370781999434,0.0 -43.863682,-18.370687999434,0.0 -43.8639448,-18.370573599434,0.0 -43.864162,-18.370478999434,0.0 -43.864473,-18.370154999434,0.0 -43.864725,-18.370015999434,0.0 -43.864977,-18.3698769994341,0.0 -43.865458,-18.3699439994341,0.0 -43.865845,-18.370216999434,0.0 -43.866136,-18.370582999434,0.0 -43.8662379,-18.370703499434,0.0 -43.866426,-18.370925999434,0.0 -43.866837,-18.371245999434,0.0 -43.8670057,-18.371348999434,0.0 -43.867248,-18.371496999434,0.0 -43.867705,-18.371562999434,0.0 -43.868235,-18.371674999434,0.0 -43.868692,-18.371626999434,0.0 -43.869147,-18.371602399434,0.0 -43.869173,-18.371600999434,0.0 -43.869402,-18.371611499434,0.0 -43.869631,-18.371621999434,0.0 -43.8698835,-18.371620499434,0.0 -43.870136,-18.371618999434,0.0 -43.870665,-18.371547999434,0.0 -43.871122,-18.371521999434,0.0 -43.871603,-18.371519999434,0.0 -43.871849,-18.371530199434,0.0 -43.872084,-18.371539999434,0.0 -43.872566,-18.371537999434,0.0 -43.873095,-18.371580999434,0.0 -43.8736,-18.371463999434,0.0 -43.874056,-18.371322999434,0.0 -43.874488,-18.371113999434,0.0 -43.874969,-18.370996999434,0.0 -43.875328,-18.370695999434,0.0 -43.8754918,-18.370513799434,0.0 -43.875639,-18.370349999434,0.0 -43.875829,-18.3699359994341,0.0 -43.875923,-18.3694989994341,0.0 -43.876016,-18.3689699994341,0.0 -43.876158,-18.3685099994341,0.0 -43.8762176,-18.3682869994341,0.0 -43.876275,-18.3680719994341,0.0 -43.876441,-18.3675199994341,0.0 -43.876534,-18.3670829994341,0.0 -43.87677,-18.3662089994342,0.0 -43.876936,-18.3657259994342,0.0 -43.877101,-18.3652649994342,0.0 -43.877184,-18.3650464994342,0.0 -43.877267,-18.3648279994342,0.0 -43.877482,-18.3644359994342,0.0 -43.877768,-18.3640669994342,0.0 -43.8778337,-18.3639592994342,0.0 -43.878007,-18.3636749994342,0.0 -43.878221,-18.3632379994342,0.0 -43.878459,-18.3628459994342,0.0 -43.8786665,-18.3626704994342,0.0 -43.878842,-18.3625219994343,0.0 -43.87925,-18.3623129994343,0.0 -43.8796762,-18.3621871994343,0.0 -43.879802,-18.3621499994343,0.0 -43.880235,-18.3619869994343,0.0 -43.880691,-18.3618229994343,0.0 -43.881171,-18.3616829994343,0.0 -43.8814236,-18.3615250994343,0.0 -43.881579,-18.3614279994343,0.0 -43.881914,-18.3611049994343,0.0 -43.882297,-18.3608039994343,0.0 -43.8827308,-18.3607802994343,0.0 -43.882754,-18.3607789994343,0.0 -43.883188,-18.3609599994343,0.0 -43.88377,-18.3616919994343,0.0 -43.884109,-18.3620119994343,0.0 -43.884423,-18.3623319994343,0.0 -43.884738,-18.3626979994343,0.0 -43.885054,-18.3631559994342,0.0 -43.885635,-18.3638419994342,0.0 -43.885902,-18.3642079994342,0.0 -43.886145,-18.3646199994342,0.0 -43.886436,-18.3650099994342,0.0 -43.886727,-18.3654219994342,0.0 -43.887066,-18.3657639994342,0.0 -43.887237,-18.3661769994342,0.0 -43.887647,-18.3664279994341,0.0 -43.888201,-18.3664709994342,0.0 -43.888681,-18.3662839994342,0.0 -43.889089,-18.3660519994342,0.0 -43.889617,-18.3658889994342,0.0 -43.890122,-18.3658859994342,0.0 -43.890533,-18.3661369994342,0.0 -43.890607,-18.3665729994341,0.0 -43.890634,-18.3670089994341,0.0 -43.8906115,-18.3672389994341,0.0 -43.890589,-18.3674689994341,0.0 -43.890591,-18.3679739994341,0.0 -43.890906,-18.3682939994341,0.0 -43.891388,-18.3684299994341,0.0 -43.891893,-18.3682889994341,0.0 -43.8919609,-18.3682523994341,0.0 -43.892324,-18.3680569994341,0.0 -43.892781,-18.3680319994341,0.0 -43.893168,-18.3683049994341,0.0 -43.893328,-18.3684026994341,0.0 -43.893579,-18.3685559994341,0.0 -43.893893,-18.3688759994341,0.0 -43.89428,-18.3692409994341,0.0 -43.894667,-18.3694919994341,0.0 -43.895005,-18.3697889994341,0.0 -43.895463,-18.3698549994341,0.0 -43.8959329,-18.3697918994341,0.0 -43.895992,-18.3697839994341,0.0 -43.896448,-18.3695969994341,0.0 -43.8965709,-18.3695243994341,0.0 -43.89688,-18.3693419994341,0.0 -43.8970905,-18.3691069994341,0.0 -43.89719,-18.3689959994341,0.0 -43.897477,-18.3686039994341,0.0 -43.897811,-18.3681889994341,0.0 -43.898122,-18.3678419994341,0.0 -43.8982488,-18.3677769994341,0.0 -43.89853,-18.3676329994341,0.0 -43.899011,-18.3676309994341,0.0 -43.899493,-18.3676969994341,0.0 -43.899951,-18.3679469994341,0.0 -43.90017,-18.3683829994341,0.0 -43.900317,-18.3688179994341,0.0 -43.900704,-18.3690689994341,0.0 -43.901138,-18.3692279994341,0.0 -43.901596,-18.3693399994341,0.0 -43.90203,-18.3695669994341,0.0 -43.9021015,-18.3697492994341,0.0 -43.902201,-18.3700029994341,0.0 -43.902132,-18.370439999434,0.0 -43.90199,-18.370922999434,0.0 -43.901824,-18.371360999434,0.0 -43.9016784,-18.371614199434,0.0 -43.901586,-18.371774999434,0.0 -43.901592,-18.372756799434,0.0 -43.901592,-18.372762999434,0.0 -43.9016406,-18.372865999434,0.0 -43.901787,-18.373175999434,0.0 -43.901982,-18.373633999434,0.0 -43.902225,-18.3740459994339,0.0 -43.90266,-18.3743199994339,0.0 -43.903117,-18.3743399994339,0.0 -43.9034998,-18.3744151994339,0.0 -43.903575,-18.3744299994339,0.0 -43.904057,-18.3746799994339,0.0 -43.904348,-18.3750689994339,0.0 -43.904711,-18.3753659994339,0.0 -43.9049421,-18.3755397994339,0.0 -43.905074,-18.3756389994339,0.0 -43.90546,-18.3758899994339,0.0 -43.905919,-18.3760939994339,0.0 -43.9061266,-18.3760334994339,0.0 -43.906399,-18.3759539994339,0.0 -43.906783,-18.3756989994339,0.0 -43.90724,-18.3757429994339,0.0 -43.90765,-18.3759699994339,0.0 -43.908109,-18.3762429994339,0.0 -43.908687,-18.3763089994339,0.0 -43.909167,-18.3761459994339,0.0 -43.909429,-18.3756849994339,0.0 -43.9094556,-18.3756030994339,0.0 -43.909571,-18.3752479994339,0.0 -43.909469,-18.3742829994339,0.0 -43.909394,-18.373754999434,0.0 -43.9093909,-18.373287399434,0.0 -43.909388,-18.372835999434,0.0 -43.90948,-18.371962999434,0.0 -43.909863,-18.371684999434,0.0 -43.9099089,-18.371680299434,0.0 -43.910344,-18.371635999434,0.0 -43.910825,-18.371633999434,0.0 -43.911307,-18.371745999434,0.0 -43.911765,-18.371812999434,0.0 -43.91227,-18.371901999434,0.0 -43.912752,-18.371967999434,0.0 -43.913234,-18.372056999434,0.0 -43.913788,-18.372145999434,0.0 -43.914245,-18.372212999434,0.0 -43.914703,-18.372301999434,0.0 -43.915209,-18.372459999434,0.0 -43.915715,-18.372548999434,0.0 -43.916173,-18.372592999434,0.0 -43.916702,-18.372589999434,0.0 -43.917159,-18.372632999434,0.0 -43.91769,-18.372767999434,0.0 -43.91822,-18.372856999434,0.0 -43.918678,-18.372992999434,0.0 -43.919135,-18.373081999434,0.0 -43.919618,-18.373262999434,0.0 -43.920052,-18.373444999434,0.0 -43.920534,-18.373556999434,0.0 -43.920968,-18.373737999434,0.0 -43.921378,-18.373988999434,0.0 -43.921766,-18.3743309994339,0.0 -43.9219443,-18.3744994994339,0.0 -43.922129,-18.3746739994339,0.0 -43.922515,-18.3749249994339,0.0 -43.9229061,-18.3750158994339,0.0 -43.922997,-18.3750369994339,0.0 -43.923503,-18.3751259994339,0.0 -43.92396,-18.3751919994339,0.0 -43.924418,-18.3753049994339,0.0 -43.924852,-18.3754629994339,0.0 -43.925287,-18.3757139994339,0.0 -43.925721,-18.3758949994339,0.0 -43.926299,-18.3760069994339,0.0 -43.926757,-18.3760959994339,0.0 -43.927264,-18.3762769994339,0.0 -43.92765,-18.3765509994339,0.0 -43.9277306,-18.3766115994339,0.0 -43.928013,-18.3768239994339,0.0 -43.9281498,-18.3768782994339,0.0 -43.928471,-18.3770059994339,0.0 -43.928929,-18.3771179994339,0.0 -43.929387,-18.3771849994339,0.0 -43.9295388,-18.3772601994339,0.0 -43.929845,-18.3774119994339,0.0 -43.930327,-18.3774779994339,0.0 -43.930759,-18.3772459994339,0.0 -43.931142,-18.3769219994339,0.0 -43.931549,-18.3766669994339,0.0 -43.931957,-18.3764349994339,0.0 -43.932438,-18.3763409994339,0.0 -43.93287,-18.3761769994339,0.0 -43.933325,-18.3759219994339,0.0 -43.933684,-18.3756219994339,0.0 -43.933971,-18.3752749994339,0.0 -43.934354,-18.3749749994339,0.0 -43.934665,-18.3746049994339,0.0 -43.935072,-18.3743269994339,0.0 -43.935528,-18.3740489994339,0.0 -43.936033,-18.3739769994339,0.0 -43.936419,-18.3742279994339,0.0 -43.936734,-18.3745479994339,0.0 -43.9370999,-18.3746741994339,0.0 -43.937192,-18.3747059994339,0.0 -43.937555,-18.3750259994339,0.0 -43.937965,-18.3752299994339,0.0 -43.9380676,-18.3752586994339,0.0 -43.938447,-18.3753649994339,0.0 -43.938905,-18.3754089994339,0.0 -43.939337,-18.3752229994339,0.0 -43.939866,-18.3752199994339,0.0 -43.940323,-18.3751479994339,0.0 -43.941333,-18.3749589994339,0.0 -43.941814,-18.3750019994339,0.0 -43.942296,-18.3751139994339,0.0 -43.942754,-18.3752959994339,0.0 -43.9432095,-18.3752713994339,0.0 -43.943235,-18.3752699994339,0.0 -43.94357,-18.3749689994339,0.0 -43.943881,-18.3746459994339,0.0 -43.944119,-18.374184999434,0.0 -43.944429,-18.373746999434,0.0 -43.944906,-18.372962999434,0.0 -43.9449775,-18.372837199434,0.0 -43.945168,-18.372501999434,0.0 -43.945382,-18.372109999434,0.0 -43.945644,-18.371740999434,0.0 -43.946124,-18.371577999434,0.0 -43.946654,-18.371689999434,0.0 -43.947113,-18.371847999434,0.0 -43.947571,-18.372074999434,0.0 -43.947982,-18.372371999434,0.0 -43.948417,-18.372690999434,0.0 -43.948852,-18.372986999434,0.0 -43.949262,-18.373190999434,0.0 -43.949673,-18.373464999434,0.0 -43.949988,-18.373784999434,0.0 -43.9501215,-18.3739794994339,0.0 -43.950255,-18.3741739994339,0.0 -43.950594,-18.3744939994339,0.0 -43.950885,-18.3748369994339,0.0 -43.9509709,-18.3750439994339,0.0 -43.951056,-18.3752489994339,0.0 -43.951275,-18.3757069994339,0.0 -43.951614,-18.3760269994339,0.0 -43.952073,-18.3762539994339,0.0 -43.95253,-18.3763209994339,0.0 -43.953011,-18.3763179994339,0.0 -43.953351,-18.3767069994339,0.0 -43.953713,-18.3769799994339,0.0 -43.954121,-18.3767709994339,0.0 -43.954408,-18.3764019994339,0.0 -43.954718,-18.3759639994339,0.0 -43.955029,-18.3756399994339,0.0 -43.9552205,-18.3754899994339,0.0 -43.955412,-18.3753399994339,0.0 -43.955819,-18.3750619994339,0.0 -43.956276,-18.3750359994339,0.0 -43.956806,-18.3751249994339,0.0 -43.957264,-18.3752599994339,0.0 -43.957541,-18.3753694994339,0.0 -43.957722,-18.3754409994339,0.0 -43.958109,-18.3756919994339,0.0 -43.958615,-18.3757119994339,0.0 -43.959095,-18.3756169994339,0.0 -43.959527,-18.3754079994339,0.0 -43.959935,-18.3751989994339,0.0 -43.96044,-18.3751959994339,0.0 -43.960897,-18.3751019994339,0.0 -43.961304,-18.3748469994339,0.0 -43.9614044,-18.3747259994339,0.0 -43.961591,-18.3745009994339,0.0 -43.96166,-18.3740409994339,0.0 -43.961633,-18.373580999434,0.0 -43.961462,-18.373145999434,0.0 -43.960976,-18.372320999434,0.0 -43.960828,-18.371862999434,0.0 -43.960561,-18.371450999434,0.0 -43.960318,-18.371015999434,0.0 -43.959688,-18.370329999434,0.0 -43.959564,-18.3697789994341,0.0 -43.959561,-18.3692969994341,0.0 -43.959775,-18.3688129994341,0.0 -43.959965,-18.3683979994341,0.0 -43.960323,-18.3679599994341,0.0 -43.9605385,-18.3677519994341,0.0 -43.960754,-18.3675439994341,0.0 -43.961184,-18.3671049994341,0.0 -43.961267,-18.3668974994341,0.0 -43.96135,-18.3666899994341,0.0 -43.961203,-18.3662549994342,0.0 -43.960815,-18.3658889994342,0.0 -43.960381,-18.3656619994342,0.0 -43.960018,-18.3653419994342,0.0 -43.960087,-18.3649059994342,0.0 -43.960181,-18.3644679994342,0.0 -43.96013,-18.3639629994342,0.0 -43.959982,-18.3634819994342,0.0 -43.959858,-18.3633260994342,0.0 -43.959691,-18.3631159994342,0.0 -43.959329,-18.3628189994342,0.0 -43.95911,-18.3624299994343,0.0 -43.959059,-18.3619709994343,0.0 -43.959079,-18.3614419994343,0.0 -43.959077,-18.3609829994343,0.0 -43.959194,-18.3605449994343,0.0 -43.959264,-18.3600849994343,0.0 -43.959429,-18.3595559994343,0.0 -43.959764,-18.3592329994343,0.0 -43.96022,-18.3590459994343,0.0 -43.9609895,-18.3590414994343,0.0 -43.961759,-18.3590369994343,0.0 -43.962216,-18.3589429994343,0.0 -43.962673,-18.3589169994343,0.0 -43.9629375,-18.3588579994344,0.0 -43.963202,-18.3587989994344,0.0 -43.963633,-18.3586129994343,0.0 -43.96409,-18.3585419994344,0.0 -43.964522,-18.3583319994344,0.0 -43.964954,-18.3580999994344,0.0 -43.965385,-18.3578909994344,0.0 -43.965817,-18.3576129994344,0.0 -43.966127,-18.3572659994344,0.0 -43.966438,-18.3568739994344,0.0 -43.966773,-18.3565509994344,0.0 -43.967203,-18.3561119994344,0.0 -43.967586,-18.3557419994344,0.0 -43.967969,-18.3554869994344,0.0 -43.968497,-18.3553459994344,0.0 -43.968978,-18.3553199994344,0.0 -43.969436,-18.3553869994344,0.0 -43.970014,-18.3555439994344,0.0 -43.970401,-18.3558409994344,0.0 -43.970644,-18.3562299994344,0.0 -43.970791,-18.3566649994344,0.0 -43.971059,-18.3570779994344,0.0 -43.971421,-18.3573739994344,0.0 -43.971808,-18.3576249994344,0.0 -43.972242,-18.3577829994344,0.0 -43.9727,-18.3579639994344,0.0 -43.973183,-18.3581449994344,0.0 -43.9733197,-18.3582132994344,0.0 -43.973593,-18.3583499994344,0.0 -43.974004,-18.3586689994344,0.0 -43.974391,-18.3589879994343,0.0 -43.974611,-18.3594469994343,0.0 -43.974782,-18.3598589994343,0.0 -43.974977,-18.3602719994343,0.0 -43.975124,-18.3607529994343,0.0 -43.9752695,-18.3609244994343,0.0 -43.975415,-18.3610959994343,0.0 -43.975778,-18.3613929994343,0.0 -43.976236,-18.3616199994343,0.0 -43.976718,-18.3616629994343,0.0 -43.977198,-18.3615679994343,0.0 -43.9774341,-18.3615330994343,0.0 -43.977679,-18.3614969994343,0.0 -43.978087,-18.3612879994343,0.0 -43.978315,-18.3612174994343,0.0 -43.978543,-18.3611469994343,0.0 -43.979023,-18.3608919994343,0.0 -43.979251,-18.3607869994343,0.0 -43.979479,-18.3606819994343,0.0 -43.979959,-18.3604959994343,0.0 -43.980416,-18.3604469994343,0.0 -43.9805107,-18.3604236994343,0.0 -43.980896,-18.3603289994343,0.0 -43.9812391,-18.3602236994343,0.0 -43.981352,-18.3601889994343,0.0 -43.981905,-18.3600479994343,0.0 -43.982336,-18.3597239994343,0.0 -43.982695,-18.3593999994343,0.0 -43.982957,-18.3590079994343,0.0 -43.983074,-18.3585249994344,0.0 -43.983144,-18.3580879994344,0.0 -43.983043,-18.3574219994344,0.0 -43.9830162,-18.3571684994344,0.0 -43.982992,-18.3569399994344,0.0 -43.982869,-18.3564349994344,0.0 -43.9829275,-18.3562049994344,0.0 -43.982986,-18.3559749994344,0.0 -43.983248,-18.3555369994344,0.0 -43.983534,-18.3551909994344,0.0 -43.983869,-18.3548669994345,0.0 -43.984228,-18.3545889994345,0.0 -43.984684,-18.3544029994345,0.0 -43.985189,-18.3543309994345,0.0 -43.985646,-18.3542589994345,0.0 -43.98607,-18.3543180994345,0.0 -43.986127,-18.3543259994345,0.0 -43.986584,-18.3542769994345,0.0 -43.987065,-18.3542279994345,0.0 -43.987497,-18.3540189994345,0.0 -43.987904,-18.3537869994345,0.0 -43.988288,-18.3535319994345,0.0 -43.988744,-18.3534369994345,0.0 -43.98925,-18.3534339994345,0.0 -43.989708,-18.3535699994345,0.0 -43.990142,-18.3537969994345,0.0 -43.9906,-18.3539779994345,0.0 -43.991058,-18.3540209994345,0.0 -43.991515,-18.3539499994345,0.0 -43.992019,-18.3538549994345,0.0 -43.992597,-18.3538509994345,0.0 -43.993054,-18.3538949994345,0.0 -43.993536,-18.3539609994345,0.0 -43.994017,-18.3540039994345,0.0 -43.994474,-18.3539779994345,0.0 -43.994882,-18.3537459994345,0.0 -43.99541,-18.3535819994345,0.0 -43.995914,-18.3533499994345,0.0 -43.995956,-18.3533146994345,0.0 -43.996273,-18.3530489994345,0.0 -43.9964429,-18.3528607994345,0.0 -43.996607,-18.3526789994345,0.0 -43.9970549,-18.3523811994345,0.0 -43.997374,-18.3521689994345,0.0 -43.997781,-18.3519139994345,0.0 -43.998213,-18.3517049994345,0.0 -43.998694,-18.3517249994345,0.0 -43.999176,-18.3518599994345,0.0 -43.999635,-18.3521099994345,0.0 -44.000269,-18.3522609994345,0.0 -44.000756,-18.3525459994345,0.0 -44.001096,-18.3528419994345,0.0 -44.0012921,-18.3530148994345,0.0 -44.001459,-18.3531619994345,0.0 -44.0016661,-18.3534637994345,0.0 -44.001726,-18.3535509994345,0.0 -44.002042,-18.3539399994345,0.0 -44.002405,-18.3542139994345,0.0 -44.002862,-18.3541649994345,0.0 -44.003076,-18.3537269994345,0.0 -44.003001,-18.3532909994345,0.0 -44.003094,-18.3527839994345,0.0 -44.00326,-18.3523459994345,0.0 -44.0033885,-18.3520228994345,0.0 -44.003425,-18.3519309994345,0.0 -44.003736,-18.3515389994345,0.0 -44.004192,-18.3513289994345,0.0 -44.004623,-18.3510269994346,0.0 -44.005104,-18.3509319994346,0.0 -44.005562,-18.3509989994346,0.0 -44.006021,-18.3511339994346,0.0 -44.00636,-18.3514309994345,0.0 -44.006723,-18.3517269994345,0.0 -44.007086,-18.3520009994345,0.0 -44.007245,-18.3520795994345,0.0 -44.007545,-18.3522279994345,0.0 -44.007933,-18.3525479994345,0.0 -44.008367,-18.3527289994345,0.0 -44.0085125,-18.3527971994345,0.0 -44.008802,-18.3529329994345,0.0 -44.009055,-18.3529314994345,0.0 -44.009308,-18.3529299994345,0.0 -44.00974,-18.3527669994345,0.0 -44.0098315,-18.3527198994345,0.0 -44.010148,-18.3525569994345,0.0 -44.01041,-18.3521189994345,0.0 -44.010576,-18.3516579994345,0.0 -44.010596,-18.3511289994345,0.0 -44.010738,-18.3506679994346,0.0 -44.010806,-18.3501389994346,0.0 -44.0108515,-18.3500002994346,0.0 -44.010995,-18.3495629994346,0.0 -44.011102,-18.3493549994346,0.0 -44.011209,-18.3491469994346,0.0 -44.0113902,-18.3487630994346,0.0 -44.01147,-18.3485939994346,0.0 -44.011611,-18.3481099994346,0.0 -44.0117134,-18.3478397994346,0.0 -44.011777,-18.3476719994346,0.0 -44.011966,-18.3472109994347,0.0 -44.012228,-18.3467719994347,0.0 -44.012467,-18.3463799994347,0.0 -44.012825,-18.3459639994347,0.0 -44.01316,-18.3456629994347,0.0 -44.013519,-18.3453389994347,0.0 -44.013927,-18.3451289994347,0.0 -44.014456,-18.3449649994347,0.0 -44.015009,-18.3448469994347,0.0 -44.01549,-18.3447749994347,0.0 -44.015996,-18.3447719994347,0.0 -44.016477,-18.3448149994347,0.0 -44.016936,-18.3450189994347,0.0 -44.017419,-18.3451769994347,0.0 -44.017782,-18.3454959994347,0.0 -44.018196,-18.3456719994347,0.0 -44.018358,-18.3451479994347,0.0 -44.018283,-18.3446889994347,0.0 -44.018231,-18.3442289994347,0.0 -44.018131,-18.3437009994347,0.0 -44.01808,-18.3431949994348,0.0 -44.017835,-18.3426449994348,0.0 -44.017711,-18.3421399994348,0.0 -44.017491,-18.3416579994348,0.0 -44.01732,-18.3412219994348,0.0 -44.016956,-18.3408339994348,0.0 -44.016689,-18.3404439994348,0.0 -44.016469,-18.3400549994348,0.0 -44.01601,-18.3397359994348,0.0 -44.015622,-18.3394389994349,0.0 -44.015235,-18.3390959994349,0.0 -44.014847,-18.3387309994349,0.0 -44.014459,-18.3383879994349,0.0 -44.014072,-18.3381379994349,0.0 -44.013565,-18.3379109994349,0.0 -44.01313,-18.3376839994349,0.0 -44.012575,-18.3375259994349,0.0 -44.011924,-18.3373689994349,0.0 -44.01149,-18.3372109994349,0.0 -44.010983,-18.3370989994349,0.0 -44.010333,-18.3371029994349,0.0 -44.009876,-18.3371289994349,0.0 -44.009419,-18.3372469994349,0.0 -44.008938,-18.3373879994349,0.0 -44.008506,-18.3375509994349,0.0 -44.007882,-18.3378769994349,0.0 -44.007306,-18.3381329994349,0.0 -44.006586,-18.3384369994349,0.0 -44.006154,-18.3386459994349,0.0 -44.005722,-18.3389249994349,0.0 -44.005387,-18.3392719994349,0.0 -44.005052,-18.3395729994349,0.0 -44.004597,-18.3398749994349,0.0 -44.004046,-18.3403149994348,0.0 -44.003638,-18.3405929994348,0.0 -44.003182,-18.3408029994348,0.0 -44.002653,-18.3409209994348,0.0 -44.002197,-18.3411079994348,0.0 -44.00174,-18.3412259994348,0.0 -44.001067,-18.3413679994348,0.0 -44.00054,-18.3415639994348,0.0 -44.000117,-18.3420189994348,0.0 -43.999845,-18.3424969994348,0.0 -43.999562,-18.3428849994348,0.0 -43.999233,-18.3432849994348,0.0 -43.998717,-18.3435719994348,0.0 -43.998186,-18.3438019994347,0.0 -43.997682,-18.3439189994347,0.0 -43.997201,-18.3439909994347,0.0 -43.996697,-18.3441319994347,0.0 -43.996144,-18.3442269994347,0.0 -43.995664,-18.3443679994347,0.0 -43.995207,-18.3445079994347,0.0 -43.99463,-18.3445579994347,0.0 -43.994174,-18.3446289994347,0.0 -43.993573,-18.3447929994347,0.0 -43.993069,-18.3449339994347,0.0 -43.992612,-18.3450519994347,0.0 -43.992108,-18.3451929994347,0.0 -43.991555,-18.3452649994347,0.0 -43.991074,-18.3452679994347,0.0 -43.99057,-18.3453849994347,0.0 -43.990089,-18.3454339994347,0.0 -43.988381,-18.3454439994347,0.0 -43.987826,-18.3453089994347,0.0 -43.987321,-18.3452659994347,0.0 -43.986815,-18.3451319994347,0.0 -43.986285,-18.3450889994347,0.0 -43.985707,-18.3450229994347,0.0 -43.985225,-18.3448879994347,0.0 -43.984574,-18.3446619994347,0.0 -43.98402,-18.3444809994347,0.0 -43.983513,-18.3442319994347,0.0 -43.982957,-18.3438899994347,0.0 -43.982451,-18.3437319994347,0.0 -43.981945,-18.3436199994348,0.0 -43.981465,-18.3437149994348,0.0 -43.98096,-18.3438099994347,0.0 -43.980504,-18.3439499994347,0.0 -43.979975,-18.3440909994347,0.0 -43.978965,-18.3440969994347,0.0 -43.978483,-18.3440079994347,0.0 -43.977953,-18.3438269994347,0.0 -43.977542,-18.3435539994348,0.0 -43.977179,-18.3432339994348,0.0 -43.976912,-18.3428679994348,0.0 -43.976596,-18.3424109994348,0.0 -43.976425,-18.3419749994348,0.0 -43.976374,-18.3414929994348,0.0 -43.976394,-18.3408489994348,0.0 -43.976367,-18.3404129994348,0.0 -43.976435,-18.3397459994348,0.0 -43.976431,-18.3391489994349,0.0 -43.97638,-18.3386439994349,0.0 -43.976361,-18.335679999435,0.0 -43.976383,-18.335220999435,0.0 -43.976476,-18.334691999435,0.0 -43.97664,-18.334138999435,0.0 -43.976854,-18.333632999435,0.0 -43.977164,-18.333170999435,0.0 -43.977498,-18.332801999435,0.0 -43.977832,-18.332408999435,0.0 -43.978215,-18.3320389994351,0.0 -43.978574,-18.3317159994351,0.0 -43.97898,-18.3313459994351,0.0 -43.979412,-18.3310449994351,0.0 -43.979867,-18.3307659994351,0.0 -43.980394,-18.3304419994351,0.0 -43.980777,-18.3301869994351,0.0 -43.981184,-18.3298399994351,0.0 -43.981711,-18.3294459994351,0.0 -43.98219,-18.3291679994351,0.0 -43.982765,-18.3287969994351,0.0 -43.98322,-18.3284719994351,0.0 -43.983652,-18.3282399994352,0.0 -43.984083,-18.3279849994352,0.0 -43.984562,-18.3276829994352,0.0 -43.985089,-18.3272899994352,0.0 -43.985472,-18.3269659994352,0.0 -43.985974,-18.3264809994352,0.0 -43.986261,-18.3261339994352,0.0 -43.986644,-18.3258559994352,0.0 -43.98705,-18.3254399994352,0.0 -43.987385,-18.3250709994352,0.0 -43.987863,-18.3246089994353,0.0 -43.988124,-18.3241249994353,0.0 -43.988362,-18.3236869994353,0.0 -43.988599,-18.3232029994353,0.0 -43.988741,-18.3227419994353,0.0 -43.989002,-18.3222579994353,0.0 -43.989384,-18.3217279994353,0.0 -43.98967,-18.3212669994353,0.0 -43.989955,-18.3207819994354,0.0 -43.990241,-18.3203669994354,0.0 -43.990479,-18.3199749994354,0.0 -43.990669,-18.3194919994354,0.0 -43.990834,-18.3189619994354,0.0 -43.991119,-18.3185009994354,0.0 -43.991454,-18.3181089994354,0.0 -43.99174,-18.3177159994354,0.0 -43.992074,-18.3173699994354,0.0 -43.992743,-18.3165849994355,0.0 -43.99315,-18.3163299994355,0.0 -43.993581,-18.3159589994355,0.0 -43.994012,-18.3156809994355,0.0 -43.994517,-18.3156549994355,0.0 -43.99507,-18.3156289994355,0.0 -43.995552,-18.3156949994355,0.0 -43.996105,-18.3157149994355,0.0 -43.996634,-18.3156429994355,0.0 -43.997545,-18.3152239994355,0.0 -43.997952,-18.3148999994355,0.0 -43.998262,-18.3145299994355,0.0 -43.998573,-18.3141379994355,0.0 -43.998954,-18.3136759994355,0.0 -43.999144,-18.3132619994356,0.0 -43.999431,-18.3128919994356,0.0 -43.999764,-18.3123849994356,0.0 -44.000003,-18.3115789994356,0.0 -44.000164,-18.3107439994356,0.0 -44.000329,-18.3102599994356,0.0 -44.000495,-18.3097989994356,0.0 -44.000661,-18.3093839994357,0.0 -44.000898,-18.3088769994357,0.0 -44.001208,-18.3085069994357,0.0 -44.001374,-18.3080689994357,0.0 -44.00166,-18.3076529994357,0.0 -44.001826,-18.3072379994357,0.0 -44.002015,-18.3066619994357,0.0 -44.00218,-18.3062239994357,0.0 -44.002273,-18.3057639994358,0.0 -44.00239,-18.3052569994358,0.0 -44.002508,-18.3047969994358,0.0 -44.002501,-18.3037849994358,0.0 -44.002449,-18.3032789994358,0.0 -44.002542,-18.3027959994358,0.0 -44.002563,-18.3023359994358,0.0 -44.002536,-18.3018299994359,0.0 -44.002509,-18.3013929994359,0.0 -44.00241,-18.3009339994359,0.0 -44.002285,-18.3003829994359,0.0 -44.002114,-18.2999699994359,0.0 -44.001919,-18.2995569994359,0.0 -44.001628,-18.2992139994359,0.0 -44.001313,-18.2988939994359,0.0 -44.000949,-18.2985969994359,0.0 -44.000657,-18.298023999436,0.0 -44.000605,-18.297495999436,0.0 -44.000674,-18.297057999436,0.0 -44.000719,-18.296574999436,0.0 -44.000475,-18.296001999436,0.0 -44.000424,-18.295564999436,0.0 -44.000539,-18.294851999436,0.0 -44.000705,-18.2944369994361,0.0 -44.00075,-18.2939299994361,0.0 -44.000746,-18.2934249994361,0.0 -44.000791,-18.2928489994361,0.0 -44.000787,-18.2923669994361,0.0 -44.000736,-18.2919299994361,0.0 -44.000685,-18.2914009994361,0.0 -44.000512,-18.2907589994362,0.0 -44.000364,-18.2902999994362,0.0 -44.000409,-18.2898619994362,0.0 -44.000648,-18.2894699994362,0.0 -44.000813,-18.2889629994362,0.0 -44.001219,-18.2885469994362,0.0 -44.001627,-18.2883369994362,0.0 -44.002106,-18.2879429994362,0.0 -44.002417,-18.2876199994362,0.0 -44.002873,-18.2874789994362,0.0 -44.003379,-18.2875909994362,0.0 -44.00386,-18.2875189994362,0.0 -44.004437,-18.2874459994362,0.0 -44.00487,-18.2872829994362,0.0 -44.005326,-18.2871189994362,0.0 -44.005806,-18.2869549994362,0.0 -44.006335,-18.2868139994362,0.0 -44.006864,-18.2867409994363,0.0 -44.007275,-18.2870149994362,0.0 -44.007733,-18.2870809994362,0.0 -44.008311,-18.2871229994362,0.0 -44.008817,-18.2871659994362,0.0 -44.009322,-18.2871629994362,0.0 -44.009827,-18.2870909994362,0.0 -44.010041,-18.2866989994363,0.0 -44.010449,-18.2864199994363,0.0 -44.010976,-18.2860949994363,0.0 -44.011433,-18.2860689994363,0.0 -44.011891,-18.2861589994363,0.0 -44.012349,-18.2862019994363,0.0 -44.012855,-18.2862679994363,0.0 -44.013312,-18.2863109994363,0.0 -44.01377,-18.2863999994363,0.0 -44.014348,-18.2863959994363,0.0 -44.014878,-18.2865079994363,0.0 -44.015336,-18.2864819994363,0.0 -44.015768,-18.2863189994363,0.0 -44.016151,-18.2859939994363,0.0 -44.016583,-18.2857619994363,0.0 -44.017014,-18.2854829994363,0.0 -44.017518,-18.2852729994363,0.0 -44.018119,-18.2851539994363,0.0 -44.0186,-18.2851049994363,0.0 -44.018959,-18.2848269994363,0.0 -44.019342,-18.2845259994363,0.0 -44.019726,-18.2842699994363,0.0 -44.020206,-18.2840369994363,0.0 -44.020685,-18.2837589994363,0.0 -44.021215,-18.2837779994363,0.0 -44.02172,-18.2837749994363,0.0 -44.022296,-18.2834959994363,0.0 -44.022754,-18.2835389994363,0.0 -44.023309,-18.2836729994363,0.0 -44.023743,-18.2838999994363,0.0 -44.024059,-18.2842199994363,0.0 -44.02435,-18.2845869994363,0.0 -44.024641,-18.2849299994363,0.0 -44.025028,-18.2851799994363,0.0 -44.025487,-18.2854299994363,0.0 -44.025993,-18.2854269994363,0.0 -44.026474,-18.2853779994363,0.0 -44.02693,-18.2852139994363,0.0 -44.027794,-18.2848869994363,0.0 -44.028322,-18.2846309994363,0.0 -44.02873,-18.2843749994363,0.0 -44.029161,-18.2841429994363,0.0 -44.029665,-18.2839549994363,0.0 -44.030073,-18.2837459994363,0.0 -44.030578,-18.2836279994363,0.0 -44.03101,-18.2834639994363,0.0 -44.031515,-18.2832999994363,0.0 -44.031946,-18.2830899994364,0.0 -44.032354,-18.2828579994364,0.0 -44.032689,-18.2825569994364,0.0 -44.033096,-18.2822779994364,0.0 -44.033528,-18.2820229994364,0.0 -44.034057,-18.2819269994364,0.0 -44.034586,-18.2818779994364,0.0 -44.035115,-18.2817829994364,0.0 -44.035522,-18.2815499994364,0.0 -44.035978,-18.2812709994364,0.0 -44.036361,-18.2809469994364,0.0 -44.036792,-18.2806449994364,0.0 -44.037273,-18.2805729994364,0.0 -44.03773,-18.2804779994364,0.0 -44.038211,-18.2804749994364,0.0 -44.038667,-18.2802659994364,0.0 -44.039074,-18.2799409994364,0.0 -44.039695,-18.2792929994364,0.0 -44.040006,-18.2789459994365,0.0 -44.040464,-18.2791039994365,0.0 -44.040805,-18.2795849994364,0.0 -44.041264,-18.2798119994364,0.0 -44.041722,-18.2799239994364,0.0 -44.042276,-18.2799669994364,0.0 -44.04283,-18.2800549994364,0.0 -44.043313,-18.2802819994364,0.0 -44.043795,-18.2803939994364,0.0 -44.044206,-18.2806439994364,0.0 -44.04464,-18.2808029994364,0.0 -44.045051,-18.2810069994364,0.0 -44.045534,-18.2812109994364,0.0 -44.045992,-18.2813229994364,0.0 -44.04645,-18.2813889994364,0.0 -44.046931,-18.2813859994364,0.0 -44.047413,-18.2814059994364,0.0 -44.047895,-18.2814489994364,0.0 -44.048327,-18.2812849994364,0.0 -44.048855,-18.2811209994364,0.0 -44.049238,-18.2807959994364,0.0 -44.049644,-18.2803799994364,0.0 -44.049955,-18.2800559994364,0.0 -44.050289,-18.2796169994364,0.0 -44.0506,-18.2792699994365,0.0 -44.051031,-18.2790369994365,0.0 -44.051439,-18.2788279994365,0.0 -44.05192,-18.2787099994365,0.0 -44.052375,-18.2784769994365,0.0 -44.052806,-18.2781519994365,0.0 -44.053141,-18.2777819994365,0.0 -44.053354,-18.2772749994365,0.0 -44.053591,-18.2768129994365,0.0 -44.053925,-18.2763969994365,0.0 -44.054212,-18.2760049994365,0.0 -44.054497,-18.2755659994365,0.0 -44.054663,-18.2751509994366,0.0 -44.054901,-18.2747579994366,0.0 -44.055017,-18.2741829994366,0.0 -44.054942,-18.2736999994366,0.0 -44.054698,-18.2732419994366,0.0 -44.054502,-18.2728059994366,0.0 -44.054354,-18.2722779994366,0.0 -44.054254,-18.2718189994366,0.0 -44.05413,-18.2712679994367,0.0 -44.054127,-18.2708079994367,0.0 -44.05422,-18.2703249994367,0.0 -44.054289,-18.2698869994367,0.0 -44.054454,-18.2693799994367,0.0 -44.054667,-18.2689189994367,0.0 -44.054857,-18.2684579994367,0.0 -44.055071,-18.2680649994367,0.0 -44.055284,-18.2676499994368,0.0 -44.055522,-18.2671659994368,0.0 -44.055614,-18.2666819994368,0.0 -44.055562,-18.2660849994368,0.0 -44.055607,-18.2655549994368,0.0 -44.055603,-18.2650729994368,0.0 -44.055528,-18.2645899994368,0.0 -44.055572,-18.2640379994369,0.0 -44.055689,-18.2635769994369,0.0 -44.055854,-18.2630469994369,0.0 -44.056115,-18.2626089994369,0.0 -44.056257,-18.2621709994369,0.0 -44.056374,-18.2617329994369,0.0 -44.056757,-18.2614549994369,0.0 -44.057213,-18.2612449994369,0.0 -44.057693,-18.2610349994369,0.0 -44.058101,-18.2608249994369,0.0 -44.058533,-18.2606389994369,0.0 -44.05906,-18.260404999437,0.0 -44.05954,-18.260171999437,0.0 -44.059972,-18.260007999437,0.0 -44.060331,-18.259729999437,0.0 -44.060738,-18.259336999437,0.0 -44.061121,-18.259080999437,0.0 -44.061432,-18.258756999437,0.0 -44.061596,-18.258226999437,0.0 -44.061617,-18.257789999437,0.0 -44.061662,-18.257260999437,0.0 -44.061851,-18.256845999437,0.0 -44.062357,-18.256842999437,0.0 -44.062862,-18.256861999437,0.0 -44.063343,-18.256766999437,0.0 -44.063849,-18.256809999437,0.0 -44.064256,-18.2565769994371,0.0 -44.064301,-18.2560939994371,0.0 -44.064082,-18.2556819994371,0.0 -44.063838,-18.2552919994371,0.0 -44.063547,-18.2549259994371,0.0 -44.063423,-18.2544439994371,0.0 -44.063323,-18.2539159994371,0.0 -44.063296,-18.2534789994371,0.0 -44.063534,-18.2530869994372,0.0 -44.063991,-18.2530379994371,0.0 -44.064447,-18.2528739994371,0.0 -44.064661,-18.2524819994372,0.0 -44.064484,-18.2513559994372,0.0 -44.064577,-18.2508949994372,0.0 -44.064526,-18.2504129994372,0.0 -44.064642,-18.2499059994372,0.0 -44.065074,-18.2497189994372,0.0 -44.065603,-18.2495779994372,0.0 -44.066035,-18.2494139994372,0.0 -44.066467,-18.2492039994372,0.0 -44.066656,-18.2487659994372,0.0 -44.066677,-18.2483059994373,0.0 -44.066625,-18.2478239994373,0.0 -44.066548,-18.2471569994373,0.0 -44.066545,-18.2466969994373,0.0 -44.066228,-18.2461479994373,0.0 -44.065937,-18.2457589994373,0.0 -44.065933,-18.2452759994374,0.0 -44.06622,-18.2449289994374,0.0 -44.066701,-18.2449259994374,0.0 -44.067206,-18.2448299994374,0.0 -44.067758,-18.2446889994374,0.0 -44.068239,-18.2446169994374,0.0 -44.068669,-18.2442229994374,0.0 -44.069004,-18.2438299994374,0.0 -44.068928,-18.2433939994374,0.0 -44.068733,-18.2429579994374,0.0 -44.068274,-18.2427539994374,0.0 -44.068585,-18.2424299994374,0.0 -44.069112,-18.2421049994374,0.0 -44.069495,-18.2418489994374,0.0 -44.070001,-18.2419839994374,0.0 -44.07034,-18.2422809994374,0.0 -44.070655,-18.2425999994374,0.0 -44.071066,-18.2428049994374,0.0 -44.071425,-18.2425269994374,0.0 -44.071566,-18.2420889994374,0.0 -44.071925,-18.2418099994374,0.0 -44.072313,-18.2421299994374,0.0 -44.072468,-18.2421289994374,0.0 -44.072842,-18.2421259994374,0.0 -44.073419,-18.2420079994374,0.0 -44.073876,-18.2419359994374,0.0 -44.074283,-18.2416799994374,0.0 -44.074764,-18.2415849994375,0.0 -44.075147,-18.2412839994375,0.0 -44.075602,-18.2410509994375,0.0 -44.075888,-18.2407039994375,0.0 -44.076126,-18.2403109994375,0.0 -44.076292,-18.2398729994375,0.0 -44.076602,-18.2395489994375,0.0 -44.077033,-18.2392479994375,0.0 -44.077416,-18.2389919994375,0.0 -44.077727,-18.2386449994375,0.0 -44.078037,-18.2382289994375,0.0 -44.077985,-18.2376779994376,0.0 -44.07803,-18.2372399994376,0.0 -44.078219,-18.2368249994376,0.0 -44.078023,-18.2363439994376,0.0 -44.077516,-18.2361399994376,0.0 -44.077082,-18.2359359994376,0.0 -44.076623,-18.2357549994376,0.0 -44.07662,-18.2352949994376,0.0 -44.076882,-18.2349019994376,0.0 -44.077288,-18.2345549994376,0.0 -44.077672,-18.2342759994376,0.0 -44.078054,-18.2339289994377,0.0 -44.078461,-18.2336269994377,0.0 -44.078891,-18.2332329994377,0.0 -44.079372,-18.2331149994377,0.0 -44.079828,-18.2329279994377,0.0 -44.08026,-18.2327419994377,0.0 -44.080473,-18.2322799994377,0.0 -44.080662,-18.2318649994377,0.0 -44.080876,-18.2313809994377,0.0 -44.08104,-18.2308509994377,0.0 -44.081109,-18.2303439994377,0.0 -44.081201,-18.2297919994378,0.0 -44.081318,-18.2293539994378,0.0 -44.081219,-18.2288719994378,0.0 -44.081068,-18.2279529994378,0.0 -44.080992,-18.2274249994378,0.0 -44.080868,-18.2269889994378,0.0 -44.080841,-18.2265519994378,0.0 -44.080717,-18.2260009994379,0.0 -44.080784,-18.2253329994379,0.0 -44.080877,-18.2248729994379,0.0 -44.081163,-18.2245259994379,0.0 -44.082027,-18.2241979994379,0.0 -44.082508,-18.2240799994379,0.0 -44.082988,-18.2239159994379,0.0 -44.083347,-18.2236379994379,0.0 -44.083705,-18.2232909994379,0.0 -44.084208,-18.2228729994379,0.0 -44.084542,-18.222548999438,0.0 -44.084877,-18.222247999438,0.0 -44.085187,-18.221877999438,0.0 -44.085546,-18.221599999438,0.0 -44.086001,-18.221320999438,0.0 -44.086719,-18.220763999438,0.0 -44.087394,-18.220462999438,0.0 -44.087779,-18.220397999438,0.0 -44.088354,-18.220437999438,0.0 -44.088136,-18.220340999438,0.0 -44.087773,-18.220066999438,0.0 -44.087601,-18.219585999438,0.0 -44.087093,-18.219220999438,0.0 -44.086682,-18.218901999438,0.0 -44.086414,-18.2185129994381,0.0 -44.085953,-18.2179869994381,0.0 -44.085709,-18.2174589994381,0.0 -44.085609,-18.2169769994381,0.0 -44.085557,-18.2164259994381,0.0 -44.085312,-18.2158749994381,0.0 -44.084947,-18.2153259994381,0.0 -44.084872,-18.2148659994382,0.0 -44.084724,-18.2143839994382,0.0 -44.084697,-18.2139479994382,0.0 -44.084622,-18.2135109994382,0.0 -44.08457,-18.2130519994382,0.0 -44.084494,-18.2125459994382,0.0 -44.084273,-18.2118579994382,0.0 -44.084077,-18.2114219994383,0.0 -44.084002,-18.2109859994383,0.0 -44.08383,-18.2104579994383,0.0 -44.083681,-18.2098379994383,0.0 -44.083461,-18.2093559994383,0.0 -44.083217,-18.2089669994383,0.0 -44.08307,-18.2085309994383,0.0 -44.082826,-18.2080499994383,0.0 -44.082605,-18.2075219994384,0.0 -44.082361,-18.2070179994384,0.0 -44.082165,-18.2065589994384,0.0 -44.081654,-18.2056889994384,0.0 -44.0814019,-18.2053334994384,0.0 -44.081313,-18.2052079994384,0.0 -44.080925,-18.2047739994384,0.0 -44.080658,-18.2044079994384,0.0 -44.080174,-18.2039739994384,0.0 -44.07969,-18.2036319994385,0.0 -44.0793023,-18.2034415994385,0.0 -44.079183,-18.2033829994385,0.0 -44.078819,-18.2029939994385,0.0 -44.078384,-18.2027209994385,0.0 -44.077611,-18.2022199994385,0.0 -44.077295,-18.2018309994385,0.0 -44.077027,-18.2014189994385,0.0 -44.076736,-18.2010759994385,0.0 -44.076372,-18.2006409994385,0.0 -44.076105,-18.2002519994385,0.0 -44.07567,-18.2000249994386,0.0 -44.075283,-18.1997289994386,0.0 -44.074848,-18.1994559994386,0.0 -44.074365,-18.1991829994386,0.0 -44.074073,-18.1987939994386,0.0 -44.0736705,-18.1983574994386,0.0 -44.073588,-18.1982679994386,0.0 -44.073297,-18.1978559994386,0.0 -44.072813,-18.1975369994386,0.0 -44.072578,-18.1974389994386,0.0 -44.072379,-18.1973559994386,0.0 -44.071944,-18.1970829994386,0.0 -44.071628,-18.1966939994386,0.0 -44.0715756,-18.1966472994386,0.0 -44.071192,-18.1963059994386,0.0 -44.070829,-18.1959859994387,0.0 -44.070347,-18.1958739994387,0.0 -44.069769,-18.1958319994387,0.0 -44.069216,-18.1958589994387,0.0 -44.0686623,-18.1960517994387,0.0 -44.068544,-18.1960929994387,0.0 -44.06804,-18.1962109994387,0.0 -44.06756,-18.1963749994386,0.0 -44.067103,-18.1964239994386,0.0 -44.066623,-18.1966119994386,0.0 -44.06624,-18.1969589994386,0.0 -44.065668,-18.1976529994386,0.0 -44.06543,-18.1980909994386,0.0 -44.065169,-18.1984839994386,0.0 -44.064835,-18.1988999994386,0.0 -44.064597,-18.1992919994386,0.0 -44.064287,-18.1997309994386,0.0 -44.063904,-18.2000099994385,0.0 -44.063546,-18.2003339994385,0.0 -44.063065,-18.2004749994385,0.0 -44.062464,-18.2005019994385,0.0 -44.061959,-18.2005279994385,0.0 -44.06143,-18.2005309994385,0.0 -44.0609,-18.2004659994385,0.0 -44.060298,-18.2003549994385,0.0 -44.059816,-18.2003119994385,0.0 -44.059261,-18.2001089994385,0.0 -44.058779,-18.1999509994385,0.0 -44.058345,-18.1997919994385,0.0 -44.057863,-18.1996809994386,0.0 -44.057404,-18.1994539994386,0.0 -44.056922,-18.1992959994386,0.0 -44.056464,-18.1992759994386,0.0 -44.055983,-18.1993019994386,0.0 -44.055502,-18.1993509994386,0.0 -44.054998,-18.1995149994386,0.0 -44.054566,-18.1996789994386,0.0 -44.053918,-18.1999359994386,0.0 -44.053487,-18.2002379994385,0.0 -44.053203,-18.2007909994385,0.0 -44.052698,-18.2008409994385,0.0 -44.052217,-18.2008899994385,0.0 -44.051735,-18.2007549994385,0.0 -44.051205,-18.2006429994385,0.0 -44.050724,-18.2006919994385,0.0 -44.050241,-18.2005109994385,0.0 -44.049783,-18.2003069994385,0.0 -44.049348,-18.2000799994385,0.0 -44.048937,-18.1998759994386,0.0 -44.048407,-18.1996949994386,0.0 -44.047996,-18.1994909994386,0.0 -44.047514,-18.1993789994386,0.0 -44.04696,-18.1992679994386,0.0 -44.046407,-18.1992709994386,0.0 -44.045854,-18.1993899994386,0.0 -44.045351,-18.1995999994386,0.0 -44.044894,-18.1997179994386,0.0 -44.04439,-18.1999049994386,0.0 -44.04408,-18.2002519994385,0.0 -44.044011,-18.2006889994385,0.0 -44.044014,-18.2012179994385,0.0 -44.043921,-18.2016559994385,0.0 -44.043635,-18.2020249994385,0.0 -44.043204,-18.2023499994385,0.0 -44.042821,-18.2026049994385,0.0 -44.042366,-18.2029759994385,0.0 -44.042106,-18.2035989994385,0.0 -44.04182,-18.2039909994384,0.0 -44.041485,-18.2042929994384,0.0 -44.041098,-18.2040189994384,0.0 -44.040616,-18.2038839994384,0.0 -44.040182,-18.2037029994385,0.0 -44.039675,-18.2034759994385,0.0 -44.039217,-18.2032949994385,0.0 -44.038685,-18.2029999994385,0.0 -44.038229,-18.2031399994385,0.0 -44.03787,-18.2034419994385,0.0 -44.037391,-18.2036749994385,0.0 -44.036984,-18.2039529994384,0.0 -44.0366,-18.2042089994384,0.0 -44.036097,-18.2045339994384,0.0 -44.035738,-18.2048119994384,0.0 -44.035428,-18.2051359994384,0.0 -44.034996,-18.2052989994384,0.0 -44.034539,-18.2054169994384,0.0 -44.03401,-18.2054669994384,0.0 -44.033409,-18.2054929994384,0.0 -44.0324,-18.2056379994384,0.0 -44.031942,-18.2055949994384,0.0 -44.031437,-18.2055979994384,0.0 -44.030956,-18.2056469994384,0.0 -44.030498,-18.2055119994384,0.0 -44.029969,-18.2055609994384,0.0 -44.029056,-18.2057509994384,0.0 -44.028648,-18.2059829994384,0.0 -44.028193,-18.2063079994384,0.0 -44.027762,-18.2065409994384,0.0 -44.027355,-18.2067959994384,0.0 -44.026899,-18.2070749994384,0.0 -44.026323,-18.2072399994384,0.0 -44.025867,-18.2073809994384,0.0 -44.025362,-18.2073839994384,0.0 -44.024881,-18.2074559994383,0.0 -44.024424,-18.2075279994383,0.0 -44.023943,-18.2075309994383,0.0 -44.023462,-18.2076029994384,0.0 -44.022981,-18.2076289994384,0.0 -44.022501,-18.2078389994383,0.0 -44.021973,-18.2079799994383,0.0 -44.021492,-18.2080289994383,0.0 -44.020988,-18.2082389994383,0.0 -44.020557,-18.2085179994383,0.0 -44.020077,-18.2086819994383,0.0 -44.019574,-18.2089839994383,0.0 -44.019263,-18.2093069994383,0.0 -44.018905,-18.2096779994383,0.0 -44.018522,-18.2099559994383,0.0 -44.017972,-18.2104879994383,0.0 -44.017566,-18.2109739994383,0.0 -44.017184,-18.2113669994383,0.0 -44.016728,-18.2115999994382,0.0 -44.016345,-18.2118549994382,0.0 -44.015914,-18.2121339994382,0.0 -44.015482,-18.2123659994382,0.0 -44.014954,-18.2125769994382,0.0 -44.014498,-18.2126939994382,0.0 -44.013993,-18.2127209994382,0.0 -44.013535,-18.2126309994382,0.0 -44.013076,-18.2124039994382,0.0 -44.012833,-18.2120149994382,0.0 -44.012686,-18.2115789994382,0.0 -44.012394,-18.2112129994383,0.0 -44.012223,-18.2107539994383,0.0 -44.012099,-18.2102949994383,0.0 -44.011808,-18.2099059994383,0.0 -44.011636,-18.2094239994383,0.0 -44.011393,-18.2090339994383,0.0 -44.011102,-18.2086909994383,0.0 -44.010644,-18.2085099994383,0.0 -44.01009,-18.2084679994383,0.0 -44.009562,-18.2086319994383,0.0 -44.009081,-18.2087729994383,0.0 -44.008529,-18.2088679994383,0.0 -44.008142,-18.2085949994383,0.0 -44.007754,-18.2082519994383,0.0 -44.007511,-18.2078629994383,0.0 -44.007244,-18.2074499994384,0.0 -44.006759,-18.2069699994384,0.0 -44.006468,-18.2066039994384,0.0 -44.006105,-18.2062619994384,0.0 -44.005742,-18.2059649994384,0.0 -44.005378,-18.2055759994384,0.0 -44.004919,-18.2052339994384,0.0 -44.004532,-18.2048919994384,0.0 -44.004097,-18.2046639994384,0.0 -44.003422,-18.2044159994384,0.0 -44.002987,-18.2041879994384,0.0 -44.002552,-18.2038919994384,0.0 -44.002188,-18.2035259994385,0.0 -44.001777,-18.2032299994385,0.0 -44.001439,-18.2029329994385,0.0 -44.001124,-18.2025899994385,0.0 -44.000904,-18.2021769994385,0.0 -44.000588,-18.2017419994385,0.0 -44.000393,-18.2016739994385,0.0 -44.000202,-18.2015939994385,0.0 -43.999768,-18.2014129994385,0.0 -43.999214,-18.2013249994385,0.0 -43.998685,-18.2011899994385,0.0 -43.998107,-18.2011239994385,0.0 -43.997579,-18.2011499994385,0.0 -43.997027,-18.2012919994385,0.0 -43.996522,-18.2013629994385,0.0 -43.996065,-18.2012969994385,0.0 -43.995536,-18.2012309994385,0.0 -43.995079,-18.2012109994385,0.0 -43.994574,-18.2012139994385,0.0 -43.99402,-18.2011029994385,0.0 -43.9932,-18.2006939994385,0.0 -43.99279,-18.2004429994385,0.0 -43.992522,-18.1999399994386,0.0 -43.992278,-18.1993669994386,0.0 -43.992059,-18.1989079994386,0.0 -43.991888,-18.1984269994386,0.0 -43.99174,-18.1979449994386,0.0 -43.991617,-18.1974179994386,0.0 -43.991566,-18.1969579994386,0.0 -43.991394,-18.1964539994386,0.0 -43.991439,-18.1959939994387,0.0 -43.991508,-18.1954879994387,0.0 -43.991818,-18.1950959994387,0.0 -43.992128,-18.1947259994387,0.0 -43.992797,-18.1940329994387,0.0 -43.993155,-18.1936639994387,0.0 -43.993441,-18.1933169994387,0.0 -43.993607,-18.1929029994387,0.0 -43.993796,-18.1924649994387,0.0 -43.993817,-18.1920049994388,0.0 -43.993718,-18.1915229994388,0.0 -43.993594,-18.1909499994388,0.0 -43.993423,-18.1903989994388,0.0 -43.993228,-18.1899869994388,0.0 -43.993104,-18.1895049994388,0.0 -43.993005,-18.1890459994388,0.0 -43.99293,-18.1885179994389,0.0 -43.992782,-18.1879449994389,0.0 -43.992635,-18.1875089994389,0.0 -43.992511,-18.1870269994389,0.0 -43.992388,-18.1865919994389,0.0 -43.992193,-18.1861789994389,0.0 -43.991903,-18.1858359994389,0.0 -43.991468,-18.1855169994389,0.0 -43.990962,-18.1852439994389,0.0 -43.99048,-18.1850629994389,0.0 -43.989998,-18.1849969994389,0.0 -43.989494,-18.1849999994389,0.0 -43.988988,-18.184864999439,0.0 -43.988483,-18.1848449994389,0.0 -43.988002,-18.184755999439,0.0 -43.987521,-18.184712999439,0.0 -43.98704,-18.184646999439,0.0 -43.986438,-18.184512999439,0.0 -43.985885,-18.184469999439,0.0 -43.985427,-18.184265999439,0.0 -43.984969,-18.184176999439,0.0 -43.984512,-18.184063999439,0.0 -43.984006,-18.183860999439,0.0 -43.983476,-18.183656999439,0.0 -43.982994,-18.183475999439,0.0 -43.982584,-18.183271999439,0.0 -43.982125,-18.182975999439,0.0 -43.981715,-18.182747999439,0.0 -43.981209,-18.182566999439,0.0 -43.980776,-18.182385999439,0.0 -43.980318,-18.182204999439,0.0 -43.979884,-18.182023999439,0.0 -43.979474,-18.181818999439,0.0 -43.979016,-18.181706999439,0.0 -43.978535,-18.181548999439,0.0 -43.978077,-18.181459999439,0.0 -43.977597,-18.181439999439,0.0 -43.977116,-18.181395999439,0.0 -43.976634,-18.181237999439,0.0 -43.976152,-18.1810109994391,0.0 -43.975694,-18.1809219994391,0.0 -43.97519,-18.1810399994391,0.0 -43.974685,-18.1808589994391,0.0 -43.974226,-18.1805859994391,0.0 -43.973888,-18.1802889994391,0.0 -43.973525,-18.1799239994391,0.0 -43.973306,-18.1794889994391,0.0 -43.973303,-18.1790289994391,0.0 -43.973348,-18.1785689994391,0.0 -43.973465,-18.1781089994391,0.0 -43.973511,-18.1776719994391,0.0 -43.9737,-18.1771889994392,0.0 -43.973938,-18.1767739994392,0.0 -43.974151,-18.1763359994392,0.0 -43.974341,-18.1758979994392,0.0 -43.974627,-18.1755059994392,0.0 -43.974912,-18.1750909994392,0.0 -43.97515,-18.1746759994392,0.0 -43.975364,-18.1742379994392,0.0 -43.975646,-18.1733639994393,0.0 -43.975692,-18.1729039994393,0.0 -43.975761,-18.1724669994393,0.0 -43.975758,-18.1719609994393,0.0 -43.975731,-18.1714789994393,0.0 -43.975632,-18.1710199994393,0.0 -43.975556,-18.1704689994393,0.0 -43.975385,-18.1700109994393,0.0 -43.975189,-18.1695289994394,0.0 -43.974899,-18.1691629994394,0.0 -43.974465,-18.1689129994394,0.0 -43.974007,-18.1688239994394,0.0 -43.97355,-18.1686659994394,0.0 -43.973093,-18.1685989994394,0.0 -43.972611,-18.1684179994394,0.0 -43.972081,-18.1683069994394,0.0 -43.971647,-18.1680789994394,0.0 -43.971117,-18.1678989994394,0.0 -43.970637,-18.1679699994394,0.0 -43.970061,-18.1681119994394,0.0 -43.969678,-18.1683659994394,0.0 -43.969344,-18.1686669994394,0.0 -43.968961,-18.1689909994394,0.0 -43.968458,-18.1692699994394,0.0 -43.968099,-18.1695699994394,0.0 -43.967644,-18.1698029994394,0.0 -43.967165,-18.1700119994393,0.0 -43.966709,-18.1701299994393,0.0 -43.966252,-18.1700169994393,0.0 -43.965864,-18.1695829994394,0.0 -43.965549,-18.1692169994394,0.0 -43.964921,-18.1685779994394,0.0 -43.96444,-18.1686259994394,0.0 -43.9639651,-18.1687426994394,0.0 -43.96396,-18.1687439994394,0.0 -43.9638591,-18.1687108994394,0.0 -43.963478,-18.1685859994394,0.0 -43.96302,-18.1683359994394,0.0 -43.962587,-18.1681549994394,0.0 -43.9622,-18.1679039994394,0.0 -43.962101,-18.1674449994394,0.0 -43.962267,-18.1670309994394,0.0 -43.962481,-18.1666389994394,0.0 -43.962718,-18.1662009994394,0.0 -43.962908,-18.1657859994395,0.0 -43.963001,-18.1652569994395,0.0 -43.962567,-18.1650529994395,0.0 -43.962087,-18.1651939994395,0.0 -43.961606,-18.1651729994395,0.0 -43.961196,-18.1648999994395,0.0 -43.961314,-18.1644629994395,0.0 -43.961816,-18.1640689994395,0.0 -43.962198,-18.1636999994395,0.0 -43.962388,-18.1632849994395,0.0 -43.962553,-18.1628699994395,0.0 -43.962599,-18.1624109994395,0.0 -43.962547,-18.1619279994396,0.0 -43.962137,-18.1616089994396,0.0 -43.961727,-18.1614049994396,0.0 -43.961245,-18.1612239994396,0.0 -43.960764,-18.1611569994396,0.0 -43.960307,-18.1610449994396,0.0 -43.96016,-18.1606099994396,0.0 -43.960181,-18.1601729994396,0.0 -43.960394,-18.1595739994396,0.0 -43.960463,-18.1590679994396,0.0 -43.960291,-18.1586099994396,0.0 -43.959811,-18.1586589994396,0.0 -43.959283,-18.1587539994396,0.0 -43.958731,-18.1588719994396,0.0 -43.958273,-18.1586899994396,0.0 -43.957745,-18.1587389994396,0.0 -43.957459,-18.1591319994396,0.0 -43.956978,-18.1591569994396,0.0 -43.956568,-18.1589299994396,0.0 -43.956206,-18.1586559994396,0.0 -43.955892,-18.1583359994397,0.0 -43.955529,-18.1579709994397,0.0 -43.955118,-18.1576749994397,0.0 -43.954661,-18.1576079994397,0.0 -43.954157,-18.1575879994397,0.0 -43.953962,-18.1571529994397,0.0 -43.953887,-18.1567169994397,0.0 -43.953716,-18.1562809994397,0.0 -43.953617,-18.1557759994397,0.0 -43.95383,-18.1553149994397,0.0 -43.954188,-18.1549919994397,0.0 -43.954378,-18.1545309994397,0.0 -43.954111,-18.1541189994398,0.0 -43.953844,-18.1536839994398,0.0 -43.953673,-18.1532479994398,0.0 -43.953766,-18.1527649994398,0.0 -43.953811,-18.1523289994398,0.0 -43.953592,-18.1518929994398,0.0 -43.953112,-18.1519649994398,0.0 -43.952778,-18.1523119994398,0.0 -43.952322,-18.1523829994398,0.0 -43.952223,-18.1519469994398,0.0 -43.952533,-18.1516009994398,0.0 -43.952892,-18.1512999994398,0.0 -43.953323,-18.1511139994399,0.0 -43.954041,-18.1505579994399,0.0 -43.954182,-18.1501209994399,0.0 -43.954251,-18.1496839994399,0.0 -43.954296,-18.1491779994399,0.0 -43.954293,-18.1486729994399,0.0 -43.954242,-18.1482369994399,0.0 -43.954143,-18.1477779994399,0.0 -43.953925,-18.1473879994399,0.0 -43.953874,-18.14690599944,0.0 -43.954207,-18.14637599944,0.0 -43.95418,-18.14593899944,0.0 -43.954345,-18.14547899944,0.0 -43.954704,-18.14520099944,0.0 -43.954845,-18.14474099944,0.0 -43.954819,-18.14428199944,0.0 -43.955081,-18.14391199944,0.0 -43.955488,-18.1436569994401,0.0 -43.956064,-18.1436079994401,0.0 -43.956616,-18.14342099944,0.0 -43.956926,-18.1430749994401,0.0 -43.956827,-18.1426159994401,0.0 -43.956608,-18.1421349994401,0.0 -43.956365,-18.1417219994401,0.0 -43.956098,-18.1413559994401,0.0 -43.955824,-18.1410379994401,0.0 -43.955783,-18.1409909994401,0.0 -43.955397,-18.1406709994401,0.0 -43.955059,-18.1403739994401,0.0 -43.95472,-18.1400549994401,0.0 -43.954358,-18.1397579994401,0.0 -43.953947,-18.1393929994402,0.0 -43.953609,-18.1390729994402,0.0 -43.953294,-18.1387299994402,0.0 -43.952956,-18.1384099994402,0.0 -43.952546,-18.1381829994402,0.0 -43.951968,-18.1379799994402,0.0 -43.95151,-18.1378439994402,0.0 -43.951052,-18.1375939994402,0.0 -43.950521,-18.1372529994402,0.0 -43.949967,-18.1369569994402,0.0 -43.949581,-18.1367059994402,0.0 -43.949219,-18.1364329994402,0.0 -43.948809,-18.1361819994402,0.0 -43.948374,-18.1358169994403,0.0 -43.948012,-18.1355439994403,0.0 -43.947745,-18.1351319994403,0.0 -43.947044,-18.1344689994403,0.0 -43.946657,-18.1341499994403,0.0 -43.946319,-18.1338069994403,0.0 -43.946028,-18.1333719994403,0.0 -43.945785,-18.1329829994403,0.0 -43.945566,-18.1325939994403,0.0 -43.9453,-18.1322279994403,0.0 -43.945105,-18.1318149994404,0.0 -43.94491,-18.1313569994404,0.0 -43.944691,-18.1309209994404,0.0 -43.944448,-18.1305319994404,0.0 -43.944229,-18.1301199994404,0.0 -43.94401,-18.1296849994404,0.0 -43.94372,-18.1293189994404,0.0 -43.943358,-18.1290449994404,0.0 -43.942731,-18.1287729994404,0.0 -43.942274,-18.1287519994404,0.0 -43.94177,-18.1287319994404,0.0 -43.941216,-18.1285289994404,0.0 -43.940733,-18.1282329994405,0.0 -43.940347,-18.1279819994405,0.0 -43.939985,-18.1276629994405,0.0 -43.939527,-18.1274809994405,0.0 -43.939094,-18.1272999994405,0.0 -43.938684,-18.1270719994405,0.0 -43.93825,-18.1268909994405,0.0 -43.937744,-18.1266409994405,0.0 -43.937262,-18.1264829994405,0.0 -43.936662,-18.1264859994405,0.0 -43.936134,-18.1266039994405,0.0 -43.935653,-18.1266069994405,0.0 -43.935196,-18.1264489994405,0.0 -43.93469,-18.1262679994405,0.0 -43.934185,-18.1262479994405,0.0 -43.933705,-18.1263189994405,0.0 -43.93325,-18.1265749994405,0.0 -43.932819,-18.1267839994405,0.0 -43.932362,-18.1266479994405,0.0 -43.93188,-18.1264669994405,0.0 -43.931375,-18.1263549994405,0.0 -43.93087,-18.1263579994405,0.0 -43.93039,-18.1264529994405,0.0 -43.929862,-18.1265699994405,0.0 -43.92931,-18.1266649994405,0.0 -43.928854,-18.1268059994405,0.0 -43.928471,-18.1270609994405,0.0 -43.928064,-18.1272699994405,0.0 -43.927633,-18.1274329994405,0.0 -43.927152,-18.1273899994405,0.0 -43.926766,-18.1271159994405,0.0 -43.926475,-18.1267729994405,0.0 -43.926232,-18.1262919994405,0.0 -43.926061,-18.1258329994405,0.0 -43.925842,-18.1254439994405,0.0 -43.925528,-18.1251009994405,0.0 -43.925238,-18.1247579994405,0.0 -43.924803,-18.1244619994406,0.0 -43.924345,-18.1242119994406,0.0 -43.923839,-18.1239849994406,0.0 -43.923429,-18.1237569994406,0.0 -43.922924,-18.1236449994406,0.0 -43.922491,-18.1234869994406,0.0 -43.922033,-18.1233519994406,0.0 -43.921575,-18.1231009994406,0.0 -43.921021,-18.1228519994406,0.0 -43.92061,-18.1224859994406,0.0 -43.920224,-18.1221669994406,0.0 -43.919885,-18.1217319994406,0.0 -43.919426,-18.1212979994406,0.0 -43.919111,-18.1209549994407,0.0 -43.918797,-18.1205889994407,0.0 -43.918434,-18.1201549994407,0.0 -43.918191,-18.1196969994407,0.0 -43.9179,-18.1193079994407,0.0 -43.917729,-18.1188949994407,0.0 -43.91763,-18.1182979994407,0.0 -43.91753,-18.1177249994407,0.0 -43.917479,-18.1172419994407,0.0 -43.917403,-18.1165529994408,0.0 -43.917303,-18.1159109994408,0.0 -43.917252,-18.1154289994408,0.0 -43.917177,-18.1149229994408,0.0 -43.917174,-18.1144409994408,0.0 -43.917123,-18.1139129994408,0.0 -43.917119,-18.1133839994409,0.0 -43.917066,-18.1125119994409,0.0 -43.917015,-18.1120749994409,0.0 -43.916892,-18.1115019994409,0.0 -43.916889,-18.1110189994409,0.0 -43.91679,-18.1104909994409,0.0 -43.916714,-18.1099859994409,0.0 -43.916664,-18.1095039994409,0.0 -43.916613,-18.109044999441,0.0 -43.916586,-18.108562999441,0.0 -43.916462,-18.107942999441,0.0 -43.916411,-18.107506999441,0.0 -43.916384,-18.107000999441,0.0 -43.916212,-18.106404999441,0.0 -43.916138,-18.105945999441,0.0 -43.915966,-18.1053949994411,0.0 -43.915867,-18.1049139994411,0.0 -43.915744,-18.1044779994411,0.0 -43.915549,-18.1039729994411,0.0 -43.915378,-18.1034689994411,0.0 -43.915207,-18.1030099994411,0.0 -43.915204,-18.1025509994411,0.0 -43.915153,-18.1019999994412,0.0 -43.915245,-18.1014479994412,0.0 -43.915459,-18.1010099994412,0.0 -43.915649,-18.1005719994412,0.0 -43.915814,-18.1001349994412,0.0 -43.915932,-18.0996979994412,0.0 -43.916121,-18.0992829994412,0.0 -43.916287,-18.0987999994412,0.0 -43.916428,-18.0983169994412,0.0 -43.916642,-18.0979249994413,0.0 -43.916807,-18.0975099994413,0.0 -43.916997,-18.0970729994413,0.0 -43.91721,-18.0966349994413,0.0 -43.917472,-18.0962429994413,0.0 -43.91771,-18.0958049994413,0.0 -43.917947,-18.0953439994413,0.0 -43.918161,-18.0948609994413,0.0 -43.91847,-18.0943529994414,0.0 -43.918731,-18.0938929994414,0.0 -43.919258,-18.0935909994414,0.0 -43.919665,-18.0933819994414,0.0 -43.920096,-18.0931499994414,0.0 -43.920479,-18.0928949994414,0.0 -43.920862,-18.0925709994414,0.0 -43.921292,-18.0922009994414,0.0 -43.921794,-18.0918079994414,0.0 -43.922201,-18.0915529994414,0.0 -43.922752,-18.0912739994414,0.0 -43.92323,-18.0909959994414,0.0 -43.923781,-18.0906939994414,0.0 -43.924164,-18.0903929994415,0.0 -43.924571,-18.0901379994415,0.0 -43.924881,-18.0898149994415,0.0 -43.925239,-18.0895139994415,0.0 -43.925598,-18.0891439994415,0.0 -43.925931,-18.0887519994415,0.0 -43.926169,-18.0883139994415,0.0 -43.926455,-18.0879679994415,0.0 -43.926741,-18.0875989994415,0.0 -43.927051,-18.0871379994415,0.0 -43.92724,-18.0867229994416,0.0 -43.927478,-18.0863309994416,0.0 -43.927739,-18.0858239994416,0.0 -43.927881,-18.0853869994416,0.0 -43.928095,-18.0849949994416,0.0 -43.92814,-18.0845119994416,0.0 -43.928281,-18.0840289994416,0.0 -43.92847,-18.0834539994416,0.0 -43.928563,-18.0829709994417,0.0 -43.928704,-18.0825329994417,0.0 -43.928798,-18.0820729994417,0.0 -43.928915,-18.0815899994417,0.0 -43.928959,-18.0810379994417,0.0 -43.929004,-18.0804409994417,0.0 -43.929121,-18.0799579994417,0.0 -43.929118,-18.0794519994418,0.0 -43.929211,-18.0790149994418,0.0 -43.929304,-18.0785089994418,0.0 -43.92947,-18.0780949994418,0.0 -43.929755,-18.0775649994418,0.0 -43.930259,-18.0774699994418,0.0 -43.930932,-18.0776269994418,0.0 -43.931295,-18.0779929994418,0.0 -43.931776,-18.0780819994418,0.0 -43.932233,-18.0781939994418,0.0 -43.932786,-18.0781909994418,0.0 -43.933386,-18.0782569994418,0.0 -43.933842,-18.0781159994418,0.0 -43.934273,-18.0779299994418,0.0 -43.93468,-18.0775829994418,0.0 -43.935396,-18.0769819994418,0.0 -43.935779,-18.0766579994418,0.0 -43.936162,-18.0763799994418,0.0 -43.936544,-18.0760329994418,0.0 -43.936878,-18.0756409994418,0.0 -43.937211,-18.0751559994419,0.0 -43.937424,-18.0747189994419,0.0 -43.937566,-18.0742809994419,0.0 -43.937683,-18.0737289994419,0.0 -43.937656,-18.0732699994419,0.0 -43.937533,-18.0728109994419,0.0 -43.937338,-18.0723529994419,0.0 -43.937215,-18.0719169994419,0.0 -43.93714,-18.071480999442,0.0 -43.937088,-18.070837999442,0.0 -43.936941,-18.070378999442,0.0 -43.93689,-18.069896999442,0.0 -43.936816,-18.069460999442,0.0 -43.936715,-18.068817999442,0.0 -43.936665,-18.068381999442,0.0 -43.936662,-18.0678759994421,0.0 -43.93673,-18.0672779994421,0.0 -43.936727,-18.0667959994421,0.0 -43.93682,-18.0662439994421,0.0 -43.936961,-18.0657609994421,0.0 -43.937006,-18.0653009994421,0.0 -43.937432,-18.0642879994422,0.0 -43.937573,-18.0638039994422,0.0 -43.93781,-18.0631829994422,0.0 -43.937903,-18.0626769994422,0.0 -43.937923,-18.0621479994422,0.0 -43.937945,-18.0616889994422,0.0 -43.937942,-18.0612059994422,0.0 -43.937867,-18.0607469994422,0.0 -43.937696,-18.0603109994423,0.0 -43.937358,-18.0600149994423,0.0 -43.936876,-18.0597419994423,0.0 -43.936395,-18.0596979994423,0.0 -43.935866,-18.0596089994423,0.0 -43.935362,-18.0596119994423,0.0 -43.934737,-18.0596389994423,0.0 -43.934209,-18.0596419994423,0.0 -43.933609,-18.0597599994423,0.0 -43.933105,-18.0598779994423,0.0 -43.93265,-18.0600179994423,0.0 -43.932171,-18.0601819994423,0.0 -43.931764,-18.0604369994423,0.0 -43.931405,-18.0607369994422,0.0 -43.931023,-18.0610149994422,0.0 -43.930568,-18.0613159994422,0.0 -43.930161,-18.0615479994422,0.0 -43.929754,-18.0617579994422,0.0 -43.929323,-18.0619209994422,0.0 -43.928796,-18.0621079994422,0.0 -43.928315,-18.0620869994422,0.0 -43.92781,-18.0619979994422,0.0 -43.927377,-18.0618169994422,0.0 -43.926991,-18.0615429994422,0.0 -43.9267,-18.0611999994422,0.0 -43.926409,-18.0607419994422,0.0 -43.926071,-18.0603999994423,0.0 -43.925756,-18.0599879994423,0.0 -43.925417,-18.0595529994423,0.0 -43.925222,-18.0590719994423,0.0 -43.925003,-18.0586129994423,0.0 -43.924688,-18.0581559994423,0.0 -43.924469,-18.0577429994423,0.0 -43.924179,-18.0573769994423,0.0 -43.923793,-18.0570809994423,0.0 -43.923383,-18.0567839994423,0.0 -43.922973,-18.0565799994424,0.0 -43.922563,-18.0563299994424,0.0 -43.922297,-18.0559629994424,0.0 -43.921911,-18.0557129994424,0.0 -43.921501,-18.0554389994424,0.0 -43.920972,-18.0553499994424,0.0 -43.920516,-18.0553759994424,0.0 -43.920084,-18.0555389994424,0.0 -43.919629,-18.0557029994424,0.0 -43.919149,-18.0558199994424,0.0 -43.918669,-18.0558229994424,0.0 -43.918188,-18.0557329994424,0.0 -43.917658,-18.0555069994424,0.0 -43.917249,-18.0552789994424,0.0 -43.916862,-18.0549139994424,0.0 -43.916548,-18.0545939994424,0.0 -43.916305,-18.0541589994424,0.0 -43.916038,-18.0537469994424,0.0 -43.915723,-18.0532659994424,0.0 -43.915385,-18.0529229994425,0.0 -43.914975,-18.0526729994425,0.0 -43.914542,-18.0524909994425,0.0 -43.914061,-18.0524019994425,0.0 -43.913579,-18.0522209994425,0.0 -43.913099,-18.0522229994425,0.0 -43.912619,-18.0523179994425,0.0 -43.912044,-18.0524589994425,0.0 -43.911588,-18.0526219994425,0.0 -43.911133,-18.0527629994425,0.0 -43.910653,-18.0528339994425,0.0 -43.910149,-18.0529059994425,0.0 -43.909693,-18.0530229994425,0.0 -43.909214,-18.0531869994425,0.0 -43.908758,-18.0532349994425,0.0 -43.908277,-18.0531919994425,0.0 -43.9077,-18.0530339994425,0.0 -43.907145,-18.0527389994425,0.0 -43.906783,-18.0523729994425,0.0 -43.906445,-18.0520759994425,0.0 -43.905987,-18.0518029994425,0.0 -43.905529,-18.0515069994425,0.0 -43.905072,-18.0513719994425,0.0 -43.904542,-18.0512139994425,0.0 -43.904061,-18.0511009994425,0.0 -43.903556,-18.0509889994425,0.0 -43.903099,-18.0508769994425,0.0 -43.90269,-18.0506719994425,0.0 -43.902184,-18.0504449994425,0.0 -43.901751,-18.0502639994425,0.0 -43.901341,-18.0500359994425,0.0 -43.900907,-18.0497859994425,0.0 -43.900402,-18.0496049994425,0.0 -43.899944,-18.0493779994426,0.0 -43.899487,-18.0492189994426,0.0 -43.89903,-18.0491299994426,0.0 -43.898574,-18.0492469994426,0.0 -43.898119,-18.0494109994425,0.0 -43.897664,-18.0496199994425,0.0 -43.897281,-18.0498749994425,0.0 -43.896899,-18.0502439994425,0.0 -43.896613,-18.0505909994425,0.0 -43.896375,-18.0509819994425,0.0 -43.896016,-18.0512599994425,0.0 -43.895682,-18.0515839994425,0.0 -43.895371,-18.0519069994425,0.0 -43.895134,-18.0522989994425,0.0 -43.894872,-18.0526679994425,0.0 -43.894634,-18.0530829994425,0.0 -43.894255,-18.0539579994424,0.0 -43.894138,-18.0544639994424,0.0 -43.893948,-18.0549239994424,0.0 -43.893686,-18.0553389994424,0.0 -43.893449,-18.0557539994424,0.0 -43.893163,-18.0561689994424,0.0 -43.892925,-18.0565839994424,0.0 -43.892616,-18.0570449994423,0.0 -43.892378,-18.0574829994423,0.0 -43.892213,-18.0579429994423,0.0 -43.892024,-18.0584499994423,0.0 -43.891906,-18.0589099994423,0.0 -43.891813,-18.0593469994423,0.0 -43.891647,-18.0597849994423,0.0 -43.891457,-18.0601989994423,0.0 -43.891148,-18.0606369994423,0.0 -43.890669,-18.0609849994422,0.0 -43.890238,-18.0611709994422,0.0 -43.889758,-18.0611729994422,0.0 -43.889301,-18.0610379994422,0.0 -43.888843,-18.0608339994422,0.0 -43.888409,-18.0605599994423,0.0 -43.888071,-18.0602629994423,0.0 -43.887637,-18.0600129994423,0.0 -43.88718,-18.0598549994423,0.0 -43.8867,-18.0598569994423,0.0 -43.88622,-18.0600439994423,0.0 -43.885765,-18.0601839994423,0.0 -43.885334,-18.0604389994423,0.0 -43.88483,-18.0605789994422,0.0 -43.884303,-18.0606969994422,0.0 -43.883822,-18.0606769994423,0.0 -43.883359,-18.0605909994423,0.0 -43.883221,-18.0605649994423,0.0 -43.882763,-18.0603609994423,0.0 -43.88233,-18.0601099994423,0.0 -43.882063,-18.0597209994423,0.0 -43.881988,-18.0592849994423,0.0 -43.882057,-18.0587329994423,0.0 -43.882175,-18.0582959994423,0.0 -43.882268,-18.0577669994423,0.0 -43.882361,-18.0573069994423,0.0 -43.882429,-18.0566639994424,0.0 -43.882475,-18.0562039994424,0.0 -43.882592,-18.0557439994424,0.0 -43.882685,-18.0552149994424,0.0 -43.882779,-18.0547549994424,0.0 -43.882872,-18.0543179994424,0.0 -43.883038,-18.0539029994424,0.0 -43.883251,-18.0534429994424,0.0 -43.883369,-18.0529829994425,0.0 -43.883558,-18.0525679994425,0.0 -43.883652,-18.0520849994425,0.0 -43.883745,-18.0516479994425,0.0 -43.883598,-18.0511889994425,0.0 -43.883475,-18.0506389994425,0.0 -43.883352,-18.0501799994425,0.0 -43.883253,-18.0496979994425,0.0 -43.883106,-18.0491699994426,0.0 -43.883055,-18.0487339994426,0.0 -43.882837,-18.0482749994426,0.0 -43.88281,-18.0478159994426,0.0 -43.882663,-18.0473569994426,0.0 -43.88266,-18.0468979994426,0.0 -43.882586,-18.0464389994426,0.0 -43.882583,-18.0459789994426,0.0 -43.882652,-18.0454959994426,0.0 -43.882746,-18.0450359994427,0.0 -43.882839,-18.0445989994427,0.0 -43.883101,-18.0441619994427,0.0 -43.883386,-18.0437229994427,0.0 -43.883672,-18.0433309994427,0.0 -43.883861,-18.0427789994427,0.0 -43.884123,-18.0423639994427,0.0 -43.884312,-18.0418579994428,0.0 -43.884429,-18.0413739994428,0.0 -43.884667,-18.0409599994428,0.0 -43.884736,-18.0404999994428,0.0 -43.884589,-18.0399949994428,0.0 -43.884251,-18.0395829994428,0.0 -43.883768,-18.0392639994428,0.0 -43.883335,-18.0391059994428,0.0 -43.882782,-18.0390169994428,0.0 -43.88223,-18.0390199994428,0.0 -43.881726,-18.0390449994428,0.0 -43.881125,-18.0390489994428,0.0 -43.88067,-18.0391429994428,0.0 -43.880093,-18.0391459994428,0.0 -43.879638,-18.0393319994428,0.0 -43.879159,-18.0395189994428,0.0 -43.878655,-18.0396359994428,0.0 -43.878152,-18.0398689994428,0.0 -43.877672,-18.0399399994428,0.0 -43.877145,-18.0401039994428,0.0 -43.876665,-18.0402439994428,0.0 -43.876186,-18.0403389994428,0.0 -43.875754,-18.0405479994428,0.0 -43.875275,-18.0407109994428,0.0 -43.874795,-18.0407829994428,0.0 -43.874315,-18.0407849994428,0.0 -43.873834,-18.0407419994428,0.0 -43.873329,-18.0406069994428,0.0 -43.872848,-18.0404709994428,0.0 -43.872367,-18.0404049994428,0.0 -43.871863,-18.0403619994428,0.0 -43.87131,-18.0403649994428,0.0 -43.870782,-18.0404129994428,0.0 -43.870302,-18.0404389994428,0.0 -43.869847,-18.0405789994428,0.0 -43.869391,-18.0407649994428,0.0 -43.869033,-18.0410429994428,0.0 -43.868699,-18.0414119994428,0.0 -43.868316,-18.0416899994428,0.0 -43.867933,-18.0420139994428,0.0 -43.867527,-18.0423379994427,0.0 -43.867193,-18.0426379994427,0.0 -43.866811,-18.0430539994427,0.0 -43.866525,-18.0433999994427,0.0 -43.866049,-18.0441829994427,0.0 -43.865643,-18.0446909994427,0.0 -43.865309,-18.0449909994427,0.0 -43.864998,-18.0453149994427,0.0 -43.864664,-18.0456379994427,0.0 -43.864306,-18.0459619994426,0.0 -43.863924,-18.0463309994426,0.0 -43.863541,-18.0465859994426,0.0 -43.86311,-18.0468409994426,0.0 -43.862655,-18.0470959994426,0.0 -43.862297,-18.0474199994426,0.0 -43.861962,-18.0477199994426,0.0 -43.861604,-18.0481119994426,0.0 -43.86127,-18.0484129994426,0.0 -43.860935,-18.0487359994426,0.0 -43.860673,-18.0491049994426,0.0 -43.860315,-18.0494059994426,0.0 -43.85998,-18.0497749994425,0.0 -43.859622,-18.0500759994425,0.0 -43.859142,-18.0500779994425,0.0 -43.858661,-18.0499889994425,0.0 -43.858251,-18.0497839994425,0.0 -43.857889,-18.0495099994425,0.0 -43.857622,-18.0490289994426,0.0 -43.857452,-18.0486169994426,0.0 -43.857425,-18.0481569994426,0.0 -43.857302,-18.0475839994426,0.0 -43.857227,-18.0471249994426,0.0 -43.857152,-18.0465509994426,0.0 -43.857149,-18.0460219994426,0.0 -43.857242,-18.0454469994427,0.0 -43.857215,-18.0450109994427,0.0 -43.857069,-18.0445749994427,0.0 -43.856946,-18.0441389994427,0.0 -43.856799,-18.0436119994427,0.0 -43.856508,-18.0430849994427,0.0 -43.856169,-18.0425809994427,0.0 -43.85595,-18.0421459994427,0.0 -43.855803,-18.0416179994428,0.0 -43.855728,-18.0411819994428,0.0 -43.855702,-18.0407229994428,0.0 -43.855747,-18.0402859994428,0.0 -43.85596,-18.0397329994428,0.0 -43.856198,-18.0393409994428,0.0 -43.856508,-18.0389489994428,0.0 -43.856867,-18.0386489994428,0.0 -43.857177,-18.0383019994428,0.0 -43.857511,-18.0379329994429,0.0 -43.857797,-18.0375409994429,0.0 -43.857818,-18.0370809994429,0.0 -43.857935,-18.0365749994429,0.0 -43.857909,-18.0361389994429,0.0 -43.857762,-18.0357029994429,0.0 -43.8574,-18.0353369994429,0.0 -43.856942,-18.0349949994429,0.0 -43.856508,-18.0347449994429,0.0 -43.855931,-18.0346099994429,0.0 -43.85545,-18.0344749994429,0.0 -43.855017,-18.0343159994429,0.0 -43.854512,-18.034249999443,0.0 -43.854007,-18.034205999443,0.0 -43.853527,-18.034139999443,0.0 -43.853093,-18.033980999443,0.0 -43.852708,-18.033730999443,0.0 -43.852274,-18.033456999443,0.0 -43.851817,-18.033321999443,0.0 -43.85136,-18.033300999443,0.0 -43.850904,-18.033211999443,0.0 -43.850399,-18.033098999443,0.0 -43.849918,-18.033101999443,0.0 -43.849366,-18.033081999443,0.0 -43.848933,-18.032922999443,0.0 -43.848571,-18.032580999443,0.0 -43.848232,-18.032237999443,0.0 -43.847918,-18.031917999443,0.0 -43.847604,-18.031528999443,0.0 -43.846976,-18.030888999443,0.0 -43.846637,-18.0304079994431,0.0 -43.846323,-18.0300649994431,0.0 -43.846032,-18.0296299994431,0.0 -43.845814,-18.0292409994431,0.0 -43.845571,-18.0288279994431,0.0 -43.845257,-18.0283699994431,0.0 -43.84487,-18.0280279994431,0.0 -43.844484,-18.0276389994431,0.0 -43.844146,-18.0273189994431,0.0 -43.843688,-18.0270459994431,0.0 -43.843255,-18.0268409994432,0.0 -43.842749,-18.0266369994432,0.0 -43.842316,-18.0264789994432,0.0 -43.841859,-18.0263659994432,0.0 -43.841403,-18.0262769994432,0.0 -43.840849,-18.0260959994432,0.0 -43.840368,-18.0259599994432,0.0 -43.839767,-18.0258479994432,0.0 -43.83931,-18.0256209994432,0.0 -43.838443,-18.0253039994432,0.0 -43.837986,-18.0251219994432,0.0 -43.837481,-18.0249179994432,0.0 -43.837023,-18.0247599994432,0.0 -43.836542,-18.0245099994432,0.0 -43.836108,-18.0243049994432,0.0 -43.83565,-18.0240319994432,0.0 -43.835217,-18.0238269994432,0.0 -43.834761,-18.0238749994432,0.0 -43.834305,-18.0239469994432,0.0 -43.833801,-18.0240179994432,0.0 -43.833273,-18.0240439994432,0.0 -43.832769,-18.0240459994432,0.0 -43.832193,-18.0241179994432,0.0 -43.831689,-18.0241439994432,0.0 -43.831185,-18.0242839994432,0.0 -43.830802,-18.0245389994432,0.0 -43.830396,-18.0248399994432,0.0 -43.829893,-18.0251639994432,0.0 -43.829583,-18.0255099994432,0.0 -43.829346,-18.0260169994432,0.0 -43.829012,-18.0263629994432,0.0 -43.828629,-18.0266179994432,0.0 -43.828222,-18.0268499994432,0.0 -43.827839,-18.0271729994431,0.0 -43.827481,-18.0275199994431,0.0 -43.827219,-18.0278889994431,0.0 -43.826981,-18.0283029994431,0.0 -43.826361,-18.0289959994431,0.0 -43.825954,-18.0292959994431,0.0 -43.825523,-18.0294819994431,0.0 -43.824875,-18.0296239994431,0.0 -43.82437,-18.0295339994431,0.0 -43.823913,-18.0293989994431,0.0 -43.823432,-18.0292859994431,0.0 -43.822952,-18.0292429994431,0.0 -43.822495,-18.0290839994431,0.0 -43.822061,-18.0287879994431,0.0 -43.821675,-18.0284449994431,0.0 -43.821337,-18.0281479994431,0.0 -43.821095,-18.0277589994431,0.0 -43.820828,-18.0273469994431,0.0 -43.820369,-18.0268199994432,0.0 -43.820126,-18.0263389994432,0.0 -43.819907,-18.0258809994432,0.0 -43.819761,-18.0254449994432,0.0 -43.819638,-18.0249169994432,0.0 -43.819563,-18.0244579994432,0.0 -43.819537,-18.0239989994432,0.0 -43.819438,-18.0234939994432,0.0 -43.819339,-18.0228969994433,0.0 -43.819264,-18.0223689994433,0.0 -43.819189,-18.0218869994433,0.0 -43.819114,-18.0214279994433,0.0 -43.818919,-18.0208999994433,0.0 -43.8187,-18.0203729994433,0.0 -43.818578,-18.0199369994433,0.0 -43.818383,-18.0194099994434,0.0 -43.818188,-18.0189049994434,0.0 -43.81809,-18.0184459994434,0.0 -43.818086,-18.0178949994434,0.0 -43.817964,-18.0174129994434,0.0 -43.817865,-18.0169079994434,0.0 -43.817693,-18.0162659994434,0.0 -43.817547,-18.0157839994434,0.0 -43.817376,-18.0153249994435,0.0 -43.817253,-18.0148659994435,0.0 -43.817083,-18.0144539994435,0.0 -43.816912,-18.0139949994435,0.0 -43.816862,-18.0134899994435,0.0 -43.81681,-18.0128929994435,0.0 -43.816688,-18.0124339994435,0.0 -43.816587,-18.0115149994436,0.0 -43.816463,-18.0108959994436,0.0 -43.816412,-18.0104129994436,0.0 -43.816266,-18.0099089994436,0.0 -43.81602,-18.0089449994436,0.0 -43.815874,-18.0085089994436,0.0 -43.815631,-18.0081199994437,0.0 -43.815365,-18.0076849994437,0.0 -43.815051,-18.0073189994437,0.0 -43.814615,-18.0067469994437,0.0 -43.814302,-18.0064259994437,0.0 -43.813963,-18.0060609994437,0.0 -43.813554,-18.0057639994437,0.0 -43.813215,-18.0053979994437,0.0 -43.812806,-18.0051239994437,0.0 -43.812348,-18.0048739994437,0.0 -43.811771,-18.0046929994437,0.0 -43.811314,-18.0046259994437,0.0 -43.810786,-18.0046059994437,0.0 -43.81033,-18.0046999994437,0.0 -43.809707,-18.0049329994437,0.0 -43.809252,-18.0050959994437,0.0 -43.808773,-18.0053509994437,0.0 -43.808342,-18.0055139994437,0.0 -43.807911,-18.0057229994437,0.0 -43.807455,-18.0058169994437,0.0 -43.806926,-18.0057509994437,0.0 -43.80647,-18.0056619994437,0.0 -43.806036,-18.0054799994437,0.0 -43.805531,-18.0052989994437,0.0 -43.805098,-18.0051399994437,0.0 -43.804594,-18.0051189994437,0.0 -43.804162,-18.0052819994437,0.0 -43.803683,-18.0054229994437,0.0 -43.803179,-18.0054249994437,0.0 -43.802698,-18.0053359994437,0.0 -43.802408,-18.0049469994437,0.0 -43.802501,-18.0044639994437,0.0 -43.802691,-18.0040029994438,0.0 -43.803025,-18.0036799994438,0.0 -43.803287,-18.0032879994438,0.0 -43.803453,-18.0028049994438,0.0 -43.803426,-18.0023679994438,0.0 -43.80328,-18.0018639994438,0.0 -43.803229,-18.0014269994438,0.0 -43.803227,-18.0009679994438,0.0 -43.803272,-18.0005079994439,0.0 -43.803387,-18.0000219994439,0.0 -43.80355,-17.9995839994439,0.0 -43.803809,-17.9992119994439,0.0 -43.804426,-17.9985609994439,0.0 -43.804806,-17.9982809994439,0.0 -43.805139,-17.9979549994439,0.0 -43.805422,-17.9975829994439,0.0 -43.805585,-17.9971439994439,0.0 -43.80577,-17.996612999444,0.0 -43.805836,-17.996128999444,0.0 -43.805878,-17.995691999444,0.0 -43.805872,-17.995208999444,0.0 -43.805842,-17.994748999444,0.0 -43.805739,-17.994221999444,0.0 -43.805613,-17.993762999444,0.0 -43.805439,-17.993304999444,0.0 -43.805168,-17.9928259994441,0.0 -43.804851,-17.9924839994441,0.0 -43.804487,-17.9921669994441,0.0 -43.804025,-17.9917579994441,0.0 -43.803637,-17.9915099994441,0.0 -43.803177,-17.9912619994441,0.0 -43.802765,-17.9910139994441,0.0 -43.802282,-17.9908129994441,0.0 -43.801918,-17.9905409994441,0.0 -43.801624,-17.9901309994441,0.0 -43.80133,-17.9896979994441,0.0 -43.801131,-17.9892169994441,0.0 -43.800837,-17.9887369994442,0.0 -43.80059,-17.9882569994442,0.0 -43.800321,-17.9878699994442,0.0 -43.799931,-17.9875059994442,0.0 -43.799496,-17.9872579994442,0.0 -43.799013,-17.9871259994442,0.0 -43.798601,-17.9868549994442,0.0 -43.798069,-17.9865849994442,0.0 -43.797537,-17.9863619994442,0.0 -43.797149,-17.9860899994442,0.0 -43.796713,-17.9858429994442,0.0 -43.796302,-17.9856179994442,0.0 -43.795747,-17.9854859994443,0.0 -43.79529,-17.9854459994443,0.0 -43.794737,-17.9854059994443,0.0 -43.79404,-17.9854139994443,0.0 -43.793583,-17.9853739994443,0.0 -43.793005,-17.9852659994443,0.0 -43.792427,-17.9852039994443,0.0 -43.791944,-17.9850019994443,0.0 -43.791437,-17.9848239994443,0.0 -43.791001,-17.9845769994443,0.0 -43.790589,-17.9843049994443,0.0 -43.790152,-17.9840119994443,0.0 -43.789764,-17.9837399994443,0.0 -43.789328,-17.9834689994443,0.0 -43.788845,-17.9832449994443,0.0 -43.788312,-17.9829749994443,0.0 -43.787828,-17.9827049994443,0.0 -43.787441,-17.9824569994443,0.0 -43.787076,-17.9821619994443,0.0 -43.786712,-17.9818439994444,0.0 -43.786226,-17.9814359994444,0.0 -43.785861,-17.9811419994444,0.0 -43.785401,-17.9808249994444,0.0 -43.785058,-17.9803689994444,0.0 -43.784671,-17.9801209994444,0.0 -43.784259,-17.9798499994444,0.0 -43.783797,-17.9794869994444,0.0 -43.783433,-17.9791689994444,0.0 -43.78314,-17.9788049994444,0.0 -43.782797,-17.9783029994444,0.0 -43.782551,-17.9779149994445,0.0 -43.782209,-17.9774589994445,0.0 -43.782059,-17.9770239994445,0.0 -43.782053,-17.9765639994445,0.0 -43.782119,-17.9761029994445,0.0 -43.782331,-17.9757099994445,0.0 -43.782662,-17.9752919994445,0.0 -43.783067,-17.9750109994445,0.0 -43.78352,-17.9747299994445,0.0 -43.783925,-17.9744949994446,0.0 -43.784379,-17.9742599994446,0.0 -43.784809,-17.9740929994446,0.0 -43.785289,-17.9740189994446,0.0 -43.785793,-17.9739669994446,0.0 -43.786272,-17.9738689994446,0.0 -43.786751,-17.9737479994446,0.0 -43.787279,-17.9736959994446,0.0 -43.78771,-17.9735299994446,0.0 -43.788213,-17.9734549994446,0.0 -43.788741,-17.9733569994446,0.0 -43.7897,-17.9732079994446,0.0 -43.790275,-17.9730399994446,0.0 -43.790778,-17.9729649994446,0.0 -43.791258,-17.9728899994446,0.0 -43.791882,-17.9728139994446,0.0 -43.792338,-17.9727619994446,0.0 -43.792818,-17.9727339994446,0.0 -43.793249,-17.9725679994446,0.0 -43.793605,-17.9722869994446,0.0 -43.793888,-17.9718699994446,0.0 -43.794075,-17.9714539994446,0.0 -43.794069,-17.9709939994446,0.0 -43.793823,-17.9705139994447,0.0 -43.793577,-17.9701259994447,0.0 -43.793499,-17.9696439994447,0.0 -43.793348,-17.9691169994447,0.0 -43.793294,-17.9686799994447,0.0 -43.793167,-17.9681529994447,0.0 -43.793161,-17.9676469994447,0.0 -43.793251,-17.9671859994447,0.0 -43.793389,-17.9667009994448,0.0 -43.793551,-17.9662619994448,0.0 -43.793787,-17.9658679994448,0.0 -43.794118,-17.9654739994448,0.0 -43.79416,-17.9649899994448,0.0 -43.794151,-17.9643459994448,0.0 -43.794097,-17.9638409994448,0.0 -43.794019,-17.9634049994448,0.0 -43.793796,-17.9629019994449,0.0 -43.793551,-17.9625129994449,0.0 -43.793352,-17.9620329994449,0.0 -43.793057,-17.9615069994449,0.0 -43.792859,-17.9610269994449,0.0 -43.792661,-17.9606149994449,0.0 -43.792535,-17.9601799994449,0.0 -43.792601,-17.9596729994449,0.0 -43.792739,-17.959210999445,0.0 -43.792763,-17.958920999445,0.0 -43.792781,-17.958704999445,0.0 -43.792773,-17.958129999445,0.0 -43.792647,-17.957670999445,0.0 -43.792472,-17.957144999445,0.0 -43.792298,-17.956663999445,0.0 -43.792099,-17.956205999445,0.0 -43.791829,-17.955771999445,0.0 -43.791511,-17.9553159994451,0.0 -43.791146,-17.9549749994451,0.0 -43.790711,-17.9547509994451,0.0 -43.790203,-17.9545039994451,0.0 -43.789286,-17.9542389994451,0.0 -43.788852,-17.9540599994451,0.0 -43.788394,-17.9539499994451,0.0 -43.787841,-17.9539569994451,0.0 -43.787288,-17.9539399994451,0.0 -43.786783,-17.9538999994451,0.0 -43.786205,-17.9537689994451,0.0 -43.785793,-17.9535669994451,0.0 -43.785237,-17.9532749994451,0.0 -43.784704,-17.9529359994451,0.0 -43.784292,-17.9526649994451,0.0 -43.783856,-17.9523709994451,0.0 -43.783491,-17.9520529994451,0.0 -43.783127,-17.9517589994452,0.0 -43.78281,-17.9513939994452,0.0 -43.782493,-17.9510529994452,0.0 -43.782127,-17.9505979994452,0.0 -43.781786,-17.9502339994452,0.0 -43.781444,-17.9498469994452,0.0 -43.781079,-17.9494369994452,0.0 -43.780809,-17.9490719994452,0.0 -43.780348,-17.9486639994452,0.0 -43.779572,-17.9481209994452,0.0 -43.779136,-17.9478499994453,0.0 -43.778724,-17.9476249994453,0.0 -43.778193,-17.9474239994453,0.0 -43.777877,-17.9471059994453,0.0 -43.777608,-17.9467409994453,0.0 -43.777314,-17.9463539994453,0.0 -43.777068,-17.9459199994453,0.0 -43.776751,-17.9455319994453,0.0 -43.776411,-17.9452139994453,0.0 -43.776044,-17.9447589994453,0.0 -43.775704,-17.9444409994454,0.0 -43.775315,-17.9441229994454,0.0 -43.77488,-17.9438979994454,0.0 -43.774152,-17.9433549994454,0.0 -43.77374,-17.9431069994454,0.0 -43.773256,-17.9427909994454,0.0 -43.772916,-17.9424959994454,0.0 -43.772549,-17.9420399994454,0.0 -43.772208,-17.9416299994454,0.0 -43.771866,-17.9411969994454,0.0 -43.771644,-17.9407859994454,0.0 -43.771421,-17.9402359994455,0.0 -43.771295,-17.9398009994455,0.0 -43.771241,-17.9393419994455,0.0 -43.771138,-17.9387679994455,0.0 -43.771132,-17.9383079994455,0.0 -43.771174,-17.9378699994455,0.0 -43.771287,-17.9373169994455,0.0 -43.771402,-17.9368789994455,0.0 -43.771587,-17.9363709994456,0.0 -43.77175,-17.9359319994456,0.0 -43.772009,-17.9355379994456,0.0 -43.772172,-17.9350989994456,0.0 -43.772407,-17.9346819994456,0.0 -43.77264,-17.9341269994456,0.0 -43.77285,-17.9336879994456,0.0 -43.773037,-17.9332489994456,0.0 -43.773247,-17.9327629994457,0.0 -43.773337,-17.9323249994457,0.0 -43.773356,-17.9318649994457,0.0 -43.773325,-17.9313589994457,0.0 -43.773223,-17.9309239994457,0.0 -43.772931,-17.9305819994457,0.0 -43.77247,-17.9302889994457,0.0 -43.771939,-17.9301109994457,0.0 -43.771528,-17.9299089994457,0.0 -43.77107,-17.9297759994457,0.0 -43.770613,-17.9297359994457,0.0 -43.770133,-17.9297409994457,0.0 -43.769604,-17.9297239994457,0.0 -43.769147,-17.9296609994457,0.0 -43.768925,-17.9292719994458,0.0 -43.768824,-17.9288369994458,0.0 -43.768745,-17.9283549994458,0.0 -43.768668,-17.9278959994458,0.0 -43.768517,-17.9274369994458,0.0 -43.76832,-17.9270259994458,0.0 -43.768122,-17.9265449994458,0.0 -43.767948,-17.9261329994458,0.0 -43.767703,-17.9257219994458,0.0 -43.767385,-17.9253119994459,0.0 -43.766973,-17.9250639994459,0.0 -43.766538,-17.9248389994459,0.0 -43.766032,-17.9247529994459,0.0 -43.765527,-17.9246439994459,0.0 -43.765046,-17.9246259994459,0.0 -43.764564,-17.9245399994459,0.0 -43.764012,-17.9245459994459,0.0 -43.763653,-17.9245659994459,0.0 -43.763483,-17.9245759994459,0.0 -43.763004,-17.9246269994459,0.0 -43.762526,-17.9248169994459,0.0 -43.762071,-17.9249369994459,0.0 -43.761615,-17.9249889994459,0.0 -43.761112,-17.9251549994459,0.0 -43.760536,-17.9252079994459,0.0 -43.760056,-17.9252369994459,0.0 -43.759692,-17.9249649994459,0.0 -43.759327,-17.9245779994459,0.0 -43.758985,-17.9241219994459,0.0 -43.758739,-17.9237109994459,0.0 -43.758637,-17.9232299994459,0.0 -43.758511,-17.9227479994459,0.0 -43.758361,-17.9223129994459,0.0 -43.758259,-17.921853999446,0.0 -43.758182,-17.921417999446,0.0 -43.758296,-17.920956999446,0.0 -43.758336,-17.920334999446,0.0 -43.758402,-17.919897999446,0.0 -43.758493,-17.919436999446,0.0 -43.758581,-17.918860999446,0.0 -43.7586,-17.918422999446,0.0 -43.75869,-17.9179389994461,0.0 -43.758803,-17.9174319994461,0.0 -43.75889,-17.9167179994461,0.0 -43.758957,-17.9162799994461,0.0 -43.758975,-17.9157969994461,0.0 -43.758968,-17.9152679994461,0.0 -43.758842,-17.9148329994461,0.0 -43.758619,-17.9143059994461,0.0 -43.758348,-17.9137809994462,0.0 -43.758126,-17.9133459994462,0.0 -43.757856,-17.9128429994462,0.0 -43.757394,-17.9124119994462,0.0 -43.756981,-17.9120489994462,0.0 -43.756617,-17.9117539994462,0.0 -43.756227,-17.9113679994462,0.0 -43.75567,-17.9109599994462,0.0 -43.755184,-17.9105519994463,0.0 -43.754577,-17.9100759994463,0.0 -43.753897,-17.9094859994463,0.0 -43.753557,-17.9091679994463,0.0 -43.75312,-17.9088049994463,0.0 -43.752803,-17.9084409994463,0.0 -43.75246,-17.9079389994463,0.0 -43.752142,-17.9074599994463,0.0 -43.751848,-17.9070719994463,0.0 -43.751674,-17.9066139994464,0.0 -43.751453,-17.9061799994464,0.0 -43.751255,-17.9057679994464,0.0 -43.751057,-17.9052639994464,0.0 -43.750978,-17.9047359994464,0.0 -43.751044,-17.9042529994464,0.0 -43.751025,-17.9027579994465,0.0 -43.751043,-17.9022979994465,0.0 -43.751084,-17.9017909994465,0.0 -43.751126,-17.9013079994465,0.0 -43.75112,-17.9008019994465,0.0 -43.751234,-17.9003409994465,0.0 -43.751301,-17.8999029994465,0.0 -43.751366,-17.8993959994466,0.0 -43.751359,-17.8988439994466,0.0 -43.75145,-17.8984059994466,0.0 -43.751515,-17.8978539994466,0.0 -43.751652,-17.8973459994466,0.0 -43.75179,-17.8968149994466,0.0 -43.751951,-17.8962849994466,0.0 -43.752137,-17.8957759994467,0.0 -43.752371,-17.8953369994467,0.0 -43.752583,-17.8949429994467,0.0 -43.752841,-17.8945029994467,0.0 -43.752787,-17.8940209994467,0.0 -43.752518,-17.8936559994467,0.0 -43.752201,-17.8932919994467,0.0 -43.751884,-17.8929049994467,0.0 -43.751564,-17.8922869994467,0.0 -43.751221,-17.8918079994468,0.0 -43.751024,-17.8913969994468,0.0 -43.750874,-17.8909379994468,0.0 -43.750652,-17.8904579994468,0.0 -43.750553,-17.8901289994468,0.0 -43.750501,-17.8899539994468,0.0 -43.750399,-17.8894489994468,0.0 -43.750248,-17.8888989994468,0.0 -43.750241,-17.8883929994468,0.0 -43.750283,-17.8879099994469,0.0 -43.750264,-17.8864379994469,0.0 -43.750306,-17.8859769994469,0.0 -43.750348,-17.8854939994469,0.0 -43.750341,-17.8848959994469,0.0 -43.750356,-17.884251999447,0.0 -43.75035,-17.883768999447,0.0 -43.750295,-17.883194999447,0.0 -43.750289,-17.882711999447,0.0 -43.750211,-17.882252999447,0.0 -43.7503,-17.881745999447,0.0 -43.75015,-17.881263999447,0.0 -43.749879,-17.880738999447,0.0 -43.749491,-17.8804209994471,0.0 -43.749127,-17.8801499994471,0.0 -43.748597,-17.8799949994471,0.0 -43.748116,-17.8799769994471,0.0 -43.747636,-17.8800289994471,0.0 -43.747109,-17.8801269994471,0.0 -43.746606,-17.8802479994471,0.0 -43.746031,-17.8803469994471,0.0 -43.745504,-17.8804679994471,0.0 -43.744954,-17.8806349994471,0.0 -43.74426,-17.880849999447,0.0 -43.74347,-17.881019999447,0.0 -43.742943,-17.881141999447,0.0 -43.742343,-17.881194999447,0.0 -43.741744,-17.881270999447,0.0 -43.741119,-17.881254999447,0.0 -43.740662,-17.881213999447,0.0 -43.740111,-17.881358999447,0.0 -43.739584,-17.881456999447,0.0 -43.739129,-17.881553999447,0.0 -43.738673,-17.881604999447,0.0 -43.738218,-17.881725999447,0.0 -43.737813,-17.881936999447,0.0 -43.737384,-17.882194999447,0.0 -43.736908,-17.882522999447,0.0 -43.736147,-17.883175999447,0.0 -43.735336,-17.883598999447,0.0 -43.734811,-17.883857999447,0.0 -43.734284,-17.884001999447,0.0 -43.733734,-17.884168999447,0.0 -43.733279,-17.884289999447,0.0 -43.732801,-17.8844559994469,0.0 -43.73237,-17.8846219994469,0.0 -43.731941,-17.8848569994469,0.0 -43.73173,-17.8852509994469,0.0 -43.731301,-17.8855319994469,0.0 -43.730846,-17.8856289994469,0.0 -43.730342,-17.8856809994469,0.0 -43.729885,-17.8856399994469,0.0 -43.729404,-17.8855539994469,0.0 -43.728875,-17.8855599994469,0.0 -43.72847,-17.8857939994469,0.0 -43.72799,-17.8858459994469,0.0 -43.727484,-17.8856909994469,0.0 -43.726977,-17.8855129994469,0.0 -43.726519,-17.8853799994469,0.0 -43.726064,-17.8854539994469,0.0 -43.725585,-17.8855519994469,0.0 -43.725081,-17.8856039994469,0.0 -43.724549,-17.8853569994469,0.0 -43.724138,-17.8851549994469,0.0 -43.723727,-17.8849289994469,0.0 -43.723248,-17.8849809994469,0.0 -43.722743,-17.8849869994469,0.0 -43.722118,-17.8849249994469,0.0 -43.721611,-17.8847009994469,0.0 -43.721199,-17.8844749994469,0.0 -43.720718,-17.884411999447,0.0 -43.720238,-17.8844179994469,0.0 -43.719757,-17.8843309994469,0.0 -43.719346,-17.884128999447,0.0 -43.71891,-17.883857999447,0.0 -43.718455,-17.884000999447,0.0 -43.717929,-17.884144999447,0.0 -43.717425,-17.884173999447,0.0 -43.716848,-17.884180999447,0.0 -43.716367,-17.884139999447,0.0 -43.715453,-17.884012999447,0.0 -43.714534,-17.883470999447,0.0 -43.714122,-17.883199999447,0.0 -43.713734,-17.882905999447,0.0 -43.713275,-17.882680999447,0.0 -43.712838,-17.882363999447,0.0 -43.712306,-17.882070999447,0.0 -43.712013,-17.881705999447,0.0 -43.71153,-17.881481999447,0.0 -43.711073,-17.881394999447,0.0 -43.710591,-17.881285999447,0.0 -43.710133,-17.881152999447,0.0 -43.709721,-17.880881999447,0.0 -43.709548,-17.8804699994471,0.0 -43.70947,-17.8800339994471,0.0 -43.709344,-17.8795519994471,0.0 -43.709146,-17.8790489994471,0.0 -43.708804,-17.8786159994471,0.0 -43.70844,-17.8783209994471,0.0 -43.707983,-17.8782569994471,0.0 -43.706974,-17.8782689994471,0.0 -43.705871,-17.8783729994471,0.0 -43.705415,-17.8784469994471,0.0 -43.704936,-17.8785219994471,0.0 -43.704432,-17.8785279994471,0.0 -43.703951,-17.8784639994471,0.0 -43.703301,-17.8784029994471,0.0 -43.702749,-17.8783859994471,0.0 -43.702292,-17.8783449994471,0.0 -43.701834,-17.8782119994471,0.0 -43.701352,-17.8780799994471,0.0 -43.700774,-17.8779949994471,0.0 -43.700245,-17.8779319994471,0.0 -43.699764,-17.8778909994471,0.0 -43.699259,-17.8778049994471,0.0 -43.698776,-17.8776259994471,0.0 -43.698318,-17.8774479994471,0.0 -43.697837,-17.8774069994471,0.0 -43.697402,-17.8772509994471,0.0 -43.69692,-17.8770729994471,0.0 -43.696365,-17.8768489994472,0.0 -43.696001,-17.8765769994472,0.0 -43.695659,-17.8761439994472,0.0 -43.695367,-17.8758029994472,0.0 -43.694954,-17.8753929994472,0.0 -43.694541,-17.8750299994472,0.0 -43.694079,-17.8745749994472,0.0 -43.693762,-17.8742339994472,0.0 -43.693276,-17.8737569994472,0.0 -43.692863,-17.8733469994472,0.0 -43.692497,-17.8729609994473,0.0 -43.692132,-17.8725509994473,0.0 -43.691816,-17.8722089994473,0.0 -43.691499,-17.8718219994473,0.0 -43.69111,-17.8714809994473,0.0 -43.690865,-17.8710929994473,0.0 -43.690525,-17.8707519994473,0.0 -43.690161,-17.8704569994473,0.0 -43.689821,-17.8701619994473,0.0 -43.689288,-17.8697999994473,0.0 -43.688852,-17.8695059994474,0.0 -43.688367,-17.8691669994474,0.0 -43.687884,-17.8688959994474,0.0 -43.687496,-17.8686249994474,0.0 -43.687108,-17.8683299994474,0.0 -43.686745,-17.8680579994474,0.0 -43.686404,-17.8677169994474,0.0 -43.686064,-17.8673989994474,0.0 -43.685675,-17.8669899994474,0.0 -43.685261,-17.8665569994474,0.0 -43.684968,-17.8662159994474,0.0 -43.684531,-17.8658299994474,0.0 -43.684143,-17.8654659994475,0.0 -43.683826,-17.8651479994475,0.0 -43.683533,-17.8646909994475,0.0 -43.683142,-17.8642129994475,0.0 -43.682849,-17.8638019994475,0.0 -43.682557,-17.8634599994475,0.0 -43.682167,-17.8630279994475,0.0 -43.681802,-17.8626179994475,0.0 -43.681438,-17.8622999994475,0.0 -43.681073,-17.8619589994476,0.0 -43.6809,-17.8615469994476,0.0 -43.680581,-17.8609989994476,0.0 -43.680241,-17.8607039994476,0.0 -43.679901,-17.8603629994476,0.0 -43.679608,-17.8599979994476,0.0 -43.679268,-17.8596569994476,0.0 -43.678904,-17.8593619994476,0.0 -43.678444,-17.8591139994476,0.0 -43.677915,-17.8590739994476,0.0 -43.677436,-17.8591029994476,0.0 -43.67698,-17.8591309994476,0.0 -43.676499,-17.8591359994476,0.0 -43.67623,-17.8587029994476,0.0 -43.675984,-17.8582219994477,0.0 -43.675572,-17.8579279994477,0.0 -43.675273,-17.8570579994477,0.0 -43.675171,-17.8565989994477,0.0 -43.675358,-17.8561599994477,0.0 -43.675787,-17.8559019994477,0.0 -43.676217,-17.8556899994477,0.0 -43.676379,-17.8552279994477,0.0 -43.676373,-17.8547679994477,0.0 -43.676512,-17.8543299994478,0.0 -43.67682,-17.8540039994478,0.0 -43.677152,-17.8536559994478,0.0 -43.67746,-17.8533069994478,0.0 -43.677792,-17.8529809994478,0.0 -43.678148,-17.8526089994478,0.0 -43.678528,-17.8523059994478,0.0 -43.679029,-17.8520009994478,0.0 -43.679434,-17.8517439994478,0.0 -43.680008,-17.8515299994478,0.0 -43.680462,-17.8513869994478,0.0 -43.680964,-17.8511749994478,0.0 -43.681393,-17.8509399994478,0.0 -43.681821,-17.8505899994479,0.0 -43.682631,-17.8500289994479,0.0 -43.683108,-17.8497929994479,0.0 -43.683538,-17.8496039994479,0.0 -43.683992,-17.8493919994479,0.0 -43.684517,-17.8491329994479,0.0 -43.684825,-17.8488079994479,0.0 -43.685036,-17.8484149994479,0.0 -43.685079,-17.8479769994479,0.0 -43.684928,-17.8474729994479,0.0 -43.684612,-17.8471539994479,0.0 -43.684391,-17.846719999448,0.0 -43.684121,-17.846285999448,0.0 -43.683781,-17.845967999448,0.0 -43.683512,-17.845533999448,0.0 -43.683266,-17.845099999448,0.0 -43.683116,-17.844641999448,0.0 -43.683063,-17.844181999448,0.0 -43.682937,-17.843746999448,0.0 -43.682739,-17.843265999448,0.0 -43.682399,-17.8429249994481,0.0 -43.68201,-17.8425609994481,0.0 -43.681788,-17.8421269994481,0.0 -43.681543,-17.8416699994481,0.0 -43.681225,-17.8412359994481,0.0 -43.680766,-17.8410349994481,0.0 -43.680235,-17.8407879994481,0.0 -43.679919,-17.8404459994481,0.0 -43.679913,-17.8399859994481,0.0 -43.680075,-17.8395249994482,0.0 -43.680046,-17.8390649994482,0.0 -43.679681,-17.8387239994482,0.0 -43.679247,-17.8385679994482,0.0 -43.678931,-17.8382499994482,0.0 -43.678567,-17.8379549994482,0.0 -43.678321,-17.8374979994482,0.0 -43.678005,-17.8371789994482,0.0 -43.677524,-17.8370699994482,0.0 -43.677018,-17.8369609994482,0.0 -43.676653,-17.8365509994482,0.0 -43.676623,-17.8360909994482,0.0 -43.676713,-17.8356299994483,0.0 -43.6769,-17.8351909994483,0.0 -43.677232,-17.8348649994483,0.0 -43.677371,-17.8344039994483,0.0 -43.677389,-17.8339439994483,0.0 -43.677504,-17.8335049994483,0.0 -43.677474,-17.8330689994483,0.0 -43.677204,-17.8326119994483,0.0 -43.677126,-17.8321069994484,0.0 -43.677119,-17.8315549994484,0.0 -43.67709,-17.8310949994484,0.0 -43.676868,-17.8306609994484,0.0 -43.676528,-17.8303429994484,0.0 -43.676071,-17.8302789994484,0.0 -43.675615,-17.8302609994484,0.0 -43.675134,-17.8301969994484,0.0 -43.674889,-17.8298089994484,0.0 -43.674811,-17.8293729994484,0.0 -43.674782,-17.8289369994484,0.0 -43.674704,-17.8284779994485,0.0 -43.674459,-17.8280429994485,0.0 -43.67407,-17.8276799994485,0.0 -43.673753,-17.8273149994485,0.0 -43.673366,-17.8270669994485,0.0 -43.672979,-17.8267949994485,0.0 -43.672541,-17.8263859994485,0.0 -43.671765,-17.8257049994485,0.0 -43.671377,-17.8254099994485,0.0 -43.670917,-17.8250939994485,0.0 -43.670456,-17.8247079994485,0.0 -43.67021,-17.8242969994486,0.0 -43.669894,-17.8239779994486,0.0 -43.669555,-17.8236829994486,0.0 -43.669166,-17.8233429994486,0.0 -43.66885,-17.8230239994486,0.0 -43.668486,-17.8227059994486,0.0 -43.66805,-17.8223889994486,0.0 -43.66759,-17.8220729994486,0.0 -43.667178,-17.8217549994486,0.0 -43.666741,-17.8213919994486,0.0 -43.66633,-17.8211669994486,0.0 -43.665896,-17.8209649994486,0.0 -43.66546,-17.8207169994487,0.0 -43.664778,-17.8199189994487,0.0 -43.664653,-17.8194839994487,0.0 -43.664672,-17.8190469994487,0.0 -43.664689,-17.8184949994487,0.0 -43.664611,-17.8180579994487,0.0 -43.664342,-17.8176709994487,0.0 -43.664001,-17.8172599994488,0.0 -43.663518,-17.8169899994488,0.0 -43.66306,-17.8168569994488,0.0 -43.662649,-17.8166549994488,0.0 -43.662212,-17.8162459994488,0.0 -43.661847,-17.8158819994488,0.0 -43.661484,-17.8156099994488,0.0 -43.661049,-17.8153849994488,0.0 -43.660136,-17.8153029994488,0.0 -43.659772,-17.8150309994488,0.0 -43.659432,-17.8147129994488,0.0 -43.659044,-17.8143729994488,0.0 -43.658633,-17.8141469994488,0.0 -43.658103,-17.8140149994488,0.0 -43.657645,-17.8138819994488,0.0 -43.657448,-17.8134709994488,0.0 -43.657251,-17.8130129994489,0.0 -43.657077,-17.8126009994489,0.0 -43.65669,-17.8123519994489,0.0 -43.65628,-17.8121499994489,0.0 -43.655363,-17.8118379994489,0.0 -43.654953,-17.8116359994489,0.0 -43.654613,-17.8113179994489,0.0 -43.65432,-17.8109529994489,0.0 -43.654123,-17.8105409994489,0.0 -43.654021,-17.8100819994489,0.0 -43.653967,-17.809576999449,0.0 -43.653943,-17.807599999449,0.0 -43.653914,-17.807162999449,0.0 -43.653908,-17.806679999449,0.0 -43.653852,-17.806036999449,0.0 -43.65363,-17.8055789994491,0.0 -43.65348,-17.8050979994491,0.0 -43.653307,-17.8046629994491,0.0 -43.653086,-17.8042509994491,0.0 -43.652769,-17.8038639994491,0.0 -43.652405,-17.8035229994491,0.0 -43.652017,-17.8032289994491,0.0 -43.651606,-17.8029799994491,0.0 -43.651218,-17.8026859994491,0.0 -43.650806,-17.8023909994492,0.0 -43.650372,-17.8022119994492,0.0 -43.649817,-17.8020109994492,0.0 -43.649359,-17.8018089994492,0.0 -43.648393,-17.8013599994492,0.0 -43.647933,-17.8010669994492,0.0 -43.647426,-17.8007959994492,0.0 -43.646918,-17.8004799994492,0.0 -43.646507,-17.8002319994492,0.0 -43.646023,-17.7999609994492,0.0 -43.645587,-17.7996439994492,0.0 -43.645223,-17.7993029994492,0.0 -43.644906,-17.7988929994492,0.0 -43.644637,-17.7985279994492,0.0 -43.64432,-17.7980939994493,0.0 -43.644075,-17.7977059994493,0.0 -43.643854,-17.7972949994493,0.0 -43.6438,-17.7967889994493,0.0 -43.643745,-17.7962149994493,0.0 -43.643733,-17.7952259994493,0.0 -43.643847,-17.7947649994493,0.0 -43.643914,-17.7943269994494,0.0 -43.643885,-17.7938909994494,0.0 -43.643712,-17.7934779994494,0.0 -43.643443,-17.7931139994494,0.0 -43.643151,-17.7927489994494,0.0 -43.642833,-17.7922919994494,0.0 -43.642683,-17.7918339994494,0.0 -43.642509,-17.7913299994494,0.0 -43.642407,-17.7908479994495,0.0 -43.642113,-17.7903689994495,0.0 -43.641797,-17.7900499994495,0.0 -43.641434,-17.7897549994495,0.0 -43.641094,-17.7894369994495,0.0 -43.640872,-17.7890029994495,0.0 -43.640721,-17.7884059994495,0.0 -43.640715,-17.7879009994495,0.0 -43.640757,-17.7874399994495,0.0 -43.640872,-17.7869789994496,0.0 -43.640914,-17.7864949994496,0.0 -43.640957,-17.7860579994496,0.0 -43.641023,-17.7856199994496,0.0 -43.641017,-17.7851369994496,0.0 -43.640963,-17.7846549994496,0.0 -43.640766,-17.7842429994496,0.0 -43.640425,-17.7837639994496,0.0 -43.640061,-17.7834689994497,0.0 -43.639696,-17.7831049994497,0.0 -43.63938,-17.7827869994497,0.0 -43.639041,-17.7824919994497,0.0 -43.638701,-17.7821739994497,0.0 -43.638337,-17.7819019994497,0.0 -43.637901,-17.7815619994497,0.0 -43.637395,-17.7813829994497,0.0 -43.63689,-17.7812739994497,0.0 -43.636429,-17.7809339994497,0.0 -43.636137,-17.7805919994497,0.0 -43.63594,-17.7801579994497,0.0 -43.635814,-17.7796759994498,0.0 -43.63564,-17.7792179994498,0.0 -43.635538,-17.7787359994498,0.0 -43.635437,-17.7782999994498,0.0 -43.635287,-17.7778189994498,0.0 -43.63509,-17.7774069994498,0.0 -43.634844,-17.7769269994498,0.0 -43.634575,-17.7764929994498,0.0 -43.63433,-17.7761049994498,0.0 -43.634036,-17.7756249994499,0.0 -43.633768,-17.7752369994499,0.0 -43.633449,-17.7746889994499,0.0 -43.633299,-17.7742309994499,0.0 -43.633053,-17.7736809994499,0.0 -43.63288,-17.7732689994499,0.0 -43.632539,-17.7728589994499,0.0 -43.632246,-17.77247099945,0.0 -43.631809,-17.77210799945,0.0 -43.63135,-17.77186099945,0.0 -43.631011,-17.77156499945,0.0 -43.630598,-17.77120199945,0.0 -43.630139,-17.77090799945,0.0 -43.62968,-17.77072899945,0.0 -43.629247,-17.77057299945,0.0 -43.628741,-17.77046399945,0.0 -43.628236,-17.77037699945,0.0 -43.627779,-17.77031299945,0.0 -43.627324,-17.77036399945,0.0 -43.626844,-17.77039299945,0.0 -43.625332,-17.77040999945,0.0 -43.624827,-17.77034599945,0.0 -43.62437,-17.77023599945,0.0 -43.623889,-17.77014999945,0.0 -43.62324,-17.77008799945,0.0 -43.622639,-17.77002499945,0.0 -43.622014,-17.76996299945,0.0 -43.62151,-17.76996899945,0.0 -43.621054,-17.76995099945,0.0 -43.620597,-17.76984099945,0.0 -43.620091,-17.76973199945,0.0 -43.619514,-17.76966899945,0.0 -43.619034,-17.76967399945,0.0 -43.618577,-17.76960999945,0.0 -43.617978,-17.76961699945,0.0 -43.617473,-17.76955399945,0.0 -43.616896,-17.76946799945,0.0 -43.616413,-17.76926599945,0.0 -43.616049,-17.76894799945,0.0 -43.615805,-17.7685599994501,0.0 -43.61541,-17.7676909994501,0.0 -43.615212,-17.7672329994501,0.0 -43.614967,-17.7667759994501,0.0 -43.61438,-17.7659079994501,0.0 -43.614111,-17.7654969994501,0.0 -43.613843,-17.7651089994501,0.0 -43.613622,-17.7647209994502,0.0 -43.613425,-17.7642859994502,0.0 -43.613251,-17.7638049994502,0.0 -43.612982,-17.7633479994502,0.0 -43.612759,-17.7628209994502,0.0 -43.612586,-17.7624089994502,0.0 -43.612463,-17.7619949994502,0.0 -43.612436,-17.7619049994502,0.0 -43.612263,-17.7614469994502,0.0 -43.612089,-17.7609659994503,0.0 -43.611916,-17.7605309994503,0.0 -43.611668,-17.7599359994503,0.0 -43.611543,-17.7594539994503,0.0 -43.611369,-17.7589959994503,0.0 -43.611268,-17.7585599994503,0.0 -43.611262,-17.7581009994503,0.0 -43.611207,-17.7575029994504,0.0 -43.611081,-17.7569529994504,0.0 -43.611003,-17.7565169994504,0.0 -43.610878,-17.7560349994504,0.0 -43.610703,-17.7555309994504,0.0 -43.610457,-17.7550279994504,0.0 -43.610189,-17.7546629994504,0.0 -43.609848,-17.7542069994504,0.0 -43.609555,-17.7538419994504,0.0 -43.609215,-17.7535239994505,0.0 -43.608708,-17.7532759994505,0.0 -43.608202,-17.7530979994505,0.0 -43.607724,-17.7532179994505,0.0 -43.607295,-17.7534759994505,0.0 -43.606963,-17.7538239994505,0.0 -43.60668,-17.7542179994504,0.0 -43.606518,-17.7547489994504,0.0 -43.606241,-17.7556719994504,0.0 -43.60615,-17.7561099994504,0.0 -43.605915,-17.7565499994504,0.0 -43.605487,-17.7568299994504,0.0 -43.604957,-17.7566979994504,0.0 -43.604712,-17.7562869994504,0.0 -43.604563,-17.7558519994504,0.0 -43.604366,-17.7554169994504,0.0 -43.604313,-17.7549799994504,0.0 -43.604307,-17.7544979994504,0.0 -43.60442,-17.7539439994504,0.0 -43.604632,-17.7535509994505,0.0 -43.604939,-17.7532029994505,0.0 -43.605175,-17.7528089994505,0.0 -43.605434,-17.7523919994505,0.0 -43.605644,-17.7519069994505,0.0 -43.605879,-17.7514679994505,0.0 -43.606162,-17.7510959994505,0.0 -43.606469,-17.7506789994505,0.0 -43.606753,-17.7503079994505,0.0 -43.607132,-17.7499129994506,0.0 -43.607561,-17.7496319994506,0.0 -43.608014,-17.7494429994506,0.0 -43.608542,-17.7493909994506,0.0 -43.609095,-17.7494999994506,0.0 -43.609577,-17.7496789994506,0.0 -43.61013,-17.7497879994506,0.0 -43.610684,-17.7498739994505,0.0 -43.611285,-17.7499589994505,0.0 -43.611741,-17.7499999994505,0.0 -43.612197,-17.7499719994506,0.0 -43.612625,-17.7496219994506,0.0 -43.612811,-17.7491599994506,0.0 -43.612758,-17.7487239994506,0.0 -43.612632,-17.7482879994506,0.0 -43.612459,-17.7478529994506,0.0 -43.612165,-17.7473049994506,0.0 -43.611871,-17.7468019994506,0.0 -43.611505,-17.7463689994507,0.0 -43.611141,-17.7459819994507,0.0 -43.610753,-17.7457099994507,0.0 -43.610268,-17.7452789994507,0.0 -43.609832,-17.7449389994507,0.0 -43.609468,-17.7446209994507,0.0 -43.609008,-17.7442809994507,0.0 -43.608597,-17.7440089994507,0.0 -43.608163,-17.7438529994507,0.0 -43.607633,-17.7436749994507,0.0 -43.607105,-17.7437039994507,0.0 -43.606622,-17.7434329994507,0.0 -43.606091,-17.7431629994507,0.0 -43.605632,-17.7429379994507,0.0 -43.605031,-17.7428069994507,0.0 -43.604477,-17.7426749994507,0.0 -43.603947,-17.7425199994507,0.0 -43.60356,-17.7422709994508,0.0 -43.603098,-17.7417469994508,0.0 -43.603116,-17.7412639994508,0.0 -43.603255,-17.7408259994508,0.0 -43.603487,-17.7401329994508,0.0 -43.60384,-17.7395309994508,0.0 -43.604196,-17.7392279994508,0.0 -43.604649,-17.7389929994508,0.0 -43.605127,-17.7388499994508,0.0 -43.605583,-17.7387989994509,0.0 -43.606038,-17.7387019994509,0.0 -43.606733,-17.7386259994509,0.0 -43.60726,-17.7385739994509,0.0 -43.608244,-17.7385629994509,0.0 -43.608721,-17.7383279994509,0.0 -43.609126,-17.7380469994509,0.0 -43.609457,-17.7376759994509,0.0 -43.609692,-17.7372359994509,0.0 -43.609758,-17.7367289994509,0.0 -43.60956,-17.7362949994509,0.0 -43.609124,-17.7358859994509,0.0 -43.608544,-17.7355469994509,0.0 -43.607796,-17.7352559994509,0.0 -43.607316,-17.735215999451,0.0 -43.606788,-17.7352209994509,0.0 -43.60614,-17.7352739994509,0.0 -43.605545,-17.7356949994509,0.0 -43.605117,-17.7359529994509,0.0 -43.604687,-17.7361869994509,0.0 -43.604187,-17.7364459994509,0.0 -43.603733,-17.7366119994509,0.0 -43.603255,-17.7368239994509,0.0 -43.60285,-17.7370579994509,0.0 -43.602277,-17.7372719994509,0.0 -43.601751,-17.7374619994509,0.0 -43.601199,-17.7374909994509,0.0 -43.600719,-17.7374959994509,0.0 -43.600263,-17.7374319994509,0.0 -43.599662,-17.7374149994509,0.0 -43.599062,-17.7373529994509,0.0 -43.598604,-17.7372199994509,0.0 -43.598074,-17.7369959994509,0.0 -43.59778,-17.7364929994509,0.0 -43.597822,-17.7359869994509,0.0 -43.597936,-17.7355259994509,0.0 -43.598098,-17.735063999451,0.0 -43.598333,-17.734623999451,0.0 -43.598664,-17.734229999451,0.0 -43.599093,-17.733948999451,0.0 -43.599498,-17.733714999451,0.0 -43.599927,-17.733479999451,0.0 -43.600381,-17.733267999451,0.0 -43.600811,-17.733101999451,0.0 -43.601312,-17.732866999451,0.0 -43.60179,-17.732723999451,0.0 -43.60222,-17.732534999451,0.0 -43.602625,-17.732322999451,0.0 -43.603103,-17.732110999451,0.0 -43.603604,-17.731898999451,0.0 -43.604082,-17.731731999451,0.0 -43.60456,-17.731542999451,0.0 -43.605012,-17.7312389994511,0.0 -43.605514,-17.7310959994511,0.0 -43.605969,-17.7309759994511,0.0 -43.606422,-17.7307409994511,0.0 -43.606851,-17.7304599994511,0.0 -43.607279,-17.7301559994511,0.0 -43.607611,-17.7298079994511,0.0 -43.607868,-17.7292759994511,0.0 -43.608006,-17.7287459994511,0.0 -43.608023,-17.7281929994511,0.0 -43.60797,-17.7277339994511,0.0 -43.607797,-17.7273219994512,0.0 -43.607576,-17.7268879994512,0.0 -43.607282,-17.7264309994512,0.0 -43.60706,-17.7259499994512,0.0 -43.606696,-17.7255399994512,0.0 -43.606331,-17.7251529994512,0.0 -43.605965,-17.7246289994512,0.0 -43.605816,-17.7241929994512,0.0 -43.605736,-17.7235499994513,0.0 -43.605802,-17.7230659994513,0.0 -43.605988,-17.7226039994513,0.0 -43.606248,-17.7222109994513,0.0 -43.606626,-17.7217699994513,0.0 -43.60691,-17.7213979994513,0.0 -43.607097,-17.7209819994513,0.0 -43.607355,-17.7205199994513,0.0 -43.607565,-17.7199879994514,0.0 -43.607655,-17.7194809994514,0.0 -43.607529,-17.7190459994514,0.0 -43.607285,-17.7186349994514,0.0 -43.6071361,-17.7184419994514,0.0 -43.606968,-17.7182239994514,0.0 -43.606699,-17.7178359994514,0.0 -43.606309,-17.7173579994514,0.0 -43.605994,-17.7170389994514,0.0 -43.605629,-17.7166289994515,0.0 -43.60524,-17.7162189994515,0.0 -43.605186,-17.7157599994515,0.0 -43.605252,-17.7152529994515,0.0 -43.605414,-17.7146999994515,0.0 -43.605456,-17.7142619994515,0.0 -43.605438,-17.7127449994516,0.0 -43.6056,-17.7122139994516,0.0 -43.605763,-17.7117979994516,0.0 -43.606117,-17.7113109994516,0.0 -43.606376,-17.7109399994516,0.0 -43.606684,-17.7105459994516,0.0 -43.607085,-17.7100129994516,0.0 -43.607464,-17.7095719994516,0.0 -43.60789,-17.7090839994516,0.0 -43.608554,-17.7084789994517,0.0 -43.608934,-17.7081299994517,0.0 -43.609314,-17.7078029994517,0.0 -43.609694,-17.7074999994517,0.0 -43.610123,-17.7072649994517,0.0 -43.61048,-17.7069859994517,0.0 -43.610932,-17.7066359994517,0.0 -43.61124,-17.7063099994517,0.0 -43.611596,-17.7060299994517,0.0 -43.612074,-17.7058179994517,0.0 -43.612574,-17.7055139994517,0.0 -43.612758,-17.7048909994518,0.0 -43.612969,-17.7044739994518,0.0 -43.613229,-17.7041029994518,0.0 -43.613415,-17.7036639994518,0.0 -43.613625,-17.7031099994518,0.0 -43.613811,-17.7026249994518,0.0 -43.614094,-17.7022769994518,0.0 -43.614474,-17.7018819994518,0.0 -43.614708,-17.7014649994519,0.0 -43.614894,-17.7009569994519,0.0 -43.614984,-17.7004499994519,0.0 -43.615075,-17.6999889994519,0.0 -43.614829,-17.6995549994519,0.0 -43.614442,-17.6992379994519,0.0 -43.614078,-17.6989429994519,0.0 -43.613667,-17.6986709994519,0.0 -43.61311,-17.6982399994519,0.0 -43.612723,-17.6979919994519,0.0 -43.612217,-17.697766999452,0.0 -43.611566,-17.697521999452,0.0 -43.611109,-17.697411999452,0.0 -43.610604,-17.697324999452,0.0 -43.609428,-17.697337999452,0.0 -43.608973,-17.697411999452,0.0 -43.608328,-17.697602999452,0.0 -43.607849,-17.6977009994519,0.0 -43.607225,-17.697706999452,0.0 -43.606768,-17.697620999452,0.0 -43.606262,-17.697418999452,0.0 -43.60549,-17.697036999452,0.0 -43.604261,-17.696658999452,0.0 -43.603732,-17.696503999452,0.0 -43.60301,-17.696350999452,0.0 -43.602337,-17.696197999452,0.0 -43.601783,-17.696088999452,0.0 -43.601206,-17.695979999452,0.0 -43.600702,-17.695985999452,0.0 -43.600125,-17.695830999452,0.0 -43.599595,-17.695698999452,0.0 -43.599065,-17.695520999452,0.0 -43.598631,-17.695294999452,0.0 -43.598101,-17.695116999452,0.0 -43.597642,-17.694891999452,0.0 -43.59716,-17.694690999452,0.0 -43.596582,-17.694512999452,0.0 -43.596053,-17.694449999452,0.0 -43.595574,-17.694454999452,0.0 -43.595092,-17.694321999452,0.0 -43.594563,-17.694212999452,0.0 -43.593913,-17.6940129994521,0.0 -43.593431,-17.6938119994521,0.0 -43.593043,-17.6935399994521,0.0 -43.592633,-17.6933139994521,0.0 -43.59215,-17.6930439994521,0.0 -43.591691,-17.6927959994521,0.0 -43.591327,-17.6924549994521,0.0 -43.591107,-17.6920659994521,0.0 -43.590837,-17.6916089994521,0.0 -43.590616,-17.6911519994521,0.0 -43.590587,-17.6907149994521,0.0 -43.590581,-17.6902089994522,0.0 -43.590695,-17.6897479994522,0.0 -43.590906,-17.6893319994522,0.0 -43.591093,-17.6889159994522,0.0 -43.591255,-17.6884309994522,0.0 -43.591441,-17.6878999994522,0.0 -43.591555,-17.6874389994522,0.0 -43.591598,-17.6869789994522,0.0 -43.591687,-17.6864029994523,0.0 -43.591775,-17.6857349994523,0.0 -43.591763,-17.6847689994523,0.0 -43.591686,-17.6843329994523,0.0 -43.591561,-17.6838969994523,0.0 -43.591458,-17.6832999994523,0.0 -43.591237,-17.6829119994524,0.0 -43.590945,-17.6825239994524,0.0 -43.590628,-17.6821369994524,0.0 -43.590141,-17.6815439994524,0.0 -43.589703,-17.6809739994524,0.0 -43.589266,-17.6805879994524,0.0 -43.588709,-17.6801109994524,0.0 -43.588369,-17.6798159994524,0.0 -43.587956,-17.6793369994525,0.0 -43.587662,-17.6788579994525,0.0 -43.587464,-17.6783309994525,0.0 -43.587386,-17.6778489994525,0.0 -43.58738,-17.6772969994525,0.0 -43.587422,-17.6767899994525,0.0 -43.587559,-17.6762599994525,0.0 -43.587673,-17.6757299994525,0.0 -43.587763,-17.6752459994526,0.0 -43.587902,-17.6748069994526,0.0 -43.588086,-17.6741149994526,0.0 -43.588224,-17.6736539994526,0.0 -43.588604,-17.6733279994526,0.0 -43.589058,-17.6731849994526,0.0 -43.589536,-17.6730419994526,0.0 -43.590135,-17.6729889994526,0.0 -43.590663,-17.6729599994526,0.0 -43.591358,-17.6729299994526,0.0 -43.593445,-17.6729069994526,0.0 -43.593972,-17.6728549994526,0.0 -43.594547,-17.6727569994526,0.0 -43.59517,-17.6727039994526,0.0 -43.595721,-17.6726519994526,0.0 -43.5962,-17.6725549994526,0.0 -43.596654,-17.6724119994526,0.0 -43.59718,-17.6723139994526,0.0 -43.597659,-17.6722169994526,0.0 -43.598208,-17.6720269994526,0.0 -43.598758,-17.6718829994526,0.0 -43.599308,-17.6716919994526,0.0 -43.599763,-17.6716179994526,0.0 -43.600217,-17.6714979994527,0.0 -43.600743,-17.6713549994527,0.0 -43.601173,-17.6711659994527,0.0 -43.601771,-17.6710209994527,0.0 -43.602296,-17.6708319994527,0.0 -43.602726,-17.6706659994527,0.0 -43.603083,-17.6703859994527,0.0 -43.603463,-17.6700599994527,0.0 -43.603795,-17.6697569994527,0.0 -43.604029,-17.6692489994527,0.0 -43.604215,-17.6688329994527,0.0 -43.604451,-17.6684389994527,0.0 -43.604684,-17.6678849994528,0.0 -43.604821,-17.6673539994528,0.0 -43.604888,-17.6669159994528,0.0 -43.605024,-17.6662249994528,0.0 -43.605066,-17.6657419994528,0.0 -43.605179,-17.6651879994528,0.0 -43.605172,-17.6645909994528,0.0 -43.605191,-17.6641299994529,0.0 -43.605175,-17.6628429994529,0.0 -43.605241,-17.6623359994529,0.0 -43.60521,-17.659760999453,0.0 -43.605228,-17.659230999453,0.0 -43.605221,-17.658679999453,0.0 -43.605239,-17.658172999453,0.0 -43.60528,-17.657643999453,0.0 -43.605298,-17.657137999453,0.0 -43.60529,-17.6564479994531,0.0 -43.605307,-17.6558959994531,0.0 -43.605373,-17.6553199994531,0.0 -43.60541,-17.6544459994531,0.0 -43.605428,-17.6539859994531,0.0 -43.60547,-17.6534329994531,0.0 -43.605463,-17.6528589994532,0.0 -43.605505,-17.6523749994532,0.0 -43.605498,-17.6517999994532,0.0 -43.605588,-17.6512699994532,0.0 -43.605649,-17.6504189994532,0.0 -43.60574,-17.6499809994532,0.0 -43.605829,-17.6493819994533,0.0 -43.605895,-17.6488749994533,0.0 -43.606009,-17.6483909994533,0.0 -43.606124,-17.6479529994533,0.0 -43.606166,-17.6474919994533,0.0 -43.606232,-17.6470319994533,0.0 -43.606275,-17.6465939994533,0.0 -43.606459,-17.6459249994533,0.0 -43.606596,-17.6453259994534,0.0 -43.606781,-17.6447489994534,0.0 -43.607108,-17.6440549994534,0.0 -43.607387,-17.6433389994534,0.0 -43.607549,-17.6427849994534,0.0 -43.607925,-17.6422059994534,0.0 -43.608159,-17.6416749994535,0.0 -43.60844,-17.6411659994535,0.0 -43.608698,-17.6406799994535,0.0 -43.609002,-17.6399639994535,0.0 -43.60933,-17.6393389994535,0.0 -43.609611,-17.6387379994535,0.0 -43.609796,-17.6381839994535,0.0 -43.610123,-17.6374449994536,0.0 -43.610334,-17.6370509994536,0.0 -43.610612,-17.6362429994536,0.0 -43.610745,-17.6353219994536,0.0 -43.610835,-17.6348609994537,0.0 -43.610902,-17.6344229994537,0.0 -43.611039,-17.6338469994537,0.0 -43.611105,-17.6334089994537,0.0 -43.611268,-17.6329469994537,0.0 -43.611501,-17.6323929994537,0.0 -43.611711,-17.6319069994537,0.0 -43.6118,-17.6313769994537,0.0 -43.611722,-17.6308259994537,0.0 -43.611644,-17.6303209994538,0.0 -43.611397,-17.6297719994538,0.0 -43.611105,-17.6294299994538,0.0 -43.610599,-17.6291829994538,0.0 -43.610141,-17.6290039994538,0.0 -43.609587,-17.6288489994538,0.0 -43.609037,-17.6289239994538,0.0 -43.60839,-17.6290239994538,0.0 -43.607911,-17.6290749994538,0.0 -43.607456,-17.6291259994538,0.0 -43.606904,-17.6291319994538,0.0 -43.606377,-17.6291839994538,0.0 -43.605921,-17.6291199994538,0.0 -43.605391,-17.6289649994538,0.0 -43.604837,-17.6287639994538,0.0 -43.604356,-17.6285849994538,0.0 -43.60356,-17.6282719994538,0.0 -43.602959,-17.6281409994538,0.0 -43.602501,-17.6279619994538,0.0 -43.601826,-17.6276239994538,0.0 -43.601247,-17.6273779994538,0.0 -43.600645,-17.6271769994538,0.0 -43.599923,-17.6269549994539,0.0 -43.599346,-17.6268239994539,0.0 -43.598601,-17.6266939994539,0.0 -43.597881,-17.6267019994539,0.0 -43.597259,-17.6268469994539,0.0 -43.596636,-17.6268539994539,0.0 -43.595918,-17.6269989994538,0.0 -43.595104,-17.6270999994538,0.0 -43.594649,-17.6271279994539,0.0 -43.594171,-17.6273179994538,0.0 -43.593668,-17.6273689994538,0.0 -43.593212,-17.6273279994538,0.0 -43.59268,-17.6269889994539,0.0 -43.592221,-17.6267179994539,0.0 -43.591738,-17.6263779994539,0.0 -43.591302,-17.6260149994539,0.0 -43.590962,-17.6256969994539,0.0 -43.590573,-17.6252639994539,0.0 -43.590281,-17.6248769994539,0.0 -43.590106,-17.6243269994539,0.0 -43.590004,-17.6238449994539,0.0 -43.589832,-17.623432999454,0.0 -43.589515,-17.623044999454,0.0 -43.589104,-17.622727999454,0.0 -43.588573,-17.622480999454,0.0 -43.588044,-17.622324999454,0.0 -43.587468,-17.622308999454,0.0 -43.586917,-17.622360999454,0.0 -43.58579,-17.622372999454,0.0 -43.585287,-17.622424999454,0.0 -43.584784,-17.622521999454,0.0 -43.584281,-17.622527999454,0.0 -43.583319,-17.622353999454,0.0 -43.582862,-17.622220999454,0.0 -43.582356,-17.622019999454,0.0 -43.581923,-17.621863999454,0.0 -43.58144,-17.621638999454,0.0 -43.581053,-17.621366999454,0.0 -43.580666,-17.621071999454,0.0 -43.580012,-17.620550999454,0.0 -43.579576,-17.620186999454,0.0 -43.579237,-17.619868999454,0.0 -43.578897,-17.6195049994541,0.0 -43.578484,-17.6191189994541,0.0 -43.578049,-17.6188239994541,0.0 -43.577541,-17.6184389994541,0.0 -43.577154,-17.6181669994541,0.0 -43.576791,-17.6178719994541,0.0 -43.576379,-17.6175549994541,0.0 -43.57587,-17.6170999994541,0.0 -43.575531,-17.6167819994541,0.0 -43.575119,-17.6164189994541,0.0 -43.574682,-17.6160089994541,0.0 -43.574295,-17.6156919994542,0.0 -43.573834,-17.6152829994542,0.0 -43.57347,-17.6149419994542,0.0 -43.573131,-17.6146459994542,0.0 -43.57272,-17.6143289994542,0.0 -43.57238,-17.6140339994542,0.0 -43.571776,-17.6136029994542,0.0 -43.571122,-17.6131039994542,0.0 -43.570615,-17.6127419994542,0.0 -43.570083,-17.6124029994542,0.0 -43.569624,-17.6121319994543,0.0 -43.569214,-17.6119289994543,0.0 -43.568658,-17.6115899994543,0.0 -43.568174,-17.6112049994543,0.0 -43.567762,-17.6108409994543,0.0 -43.56747,-17.6104769994543,0.0 -43.567225,-17.6100649994543,0.0 -43.567005,-17.6096769994543,0.0 -43.566855,-17.6091259994543,0.0 -43.566778,-17.6086899994543,0.0 -43.566772,-17.6082069994544,0.0 -43.566718,-17.6077479994544,0.0 -43.566713,-17.6072649994544,0.0 -43.566778,-17.6067349994544,0.0 -43.566869,-17.6062519994544,0.0 -43.566983,-17.6057899994544,0.0 -43.56705,-17.6053299994544,0.0 -43.567284,-17.6048439994544,0.0 -43.567469,-17.6042669994545,0.0 -43.567725,-17.6036439994545,0.0 -43.56796,-17.6032499994545,0.0 -43.568243,-17.6028099994545,0.0 -43.568599,-17.6025069994545,0.0 -43.568929,-17.6020669994545,0.0 -43.569261,-17.6017179994545,0.0 -43.56952,-17.6013009994546,0.0 -43.569779,-17.6009299994546,0.0 -43.570231,-17.6005809994546,0.0 -43.570489,-17.6001179994546,0.0 -43.570894,-17.5999059994546,0.0 -43.571442,-17.5996019994546,0.0 -43.571918,-17.5993199994546,0.0 -43.572419,-17.5990619994546,0.0 -43.572967,-17.5988029994546,0.0 -43.573372,-17.5985459994546,0.0 -43.573656,-17.5981979994546,0.0 -43.573986,-17.5977569994546,0.0 -43.57434,-17.5972469994547,0.0 -43.574574,-17.5968079994547,0.0 -43.57476,-17.5963229994547,0.0 -43.574899,-17.5958609994547,0.0 -43.574962,-17.5951019994547,0.0 -43.574836,-17.5946429994547,0.0 -43.574663,-17.5941849994547,0.0 -43.574345,-17.5936819994548,0.0 -43.574101,-17.5932709994548,0.0 -43.573808,-17.5928829994548,0.0 -43.573367,-17.5921059994548,0.0 -43.573074,-17.5916499994548,0.0 -43.572758,-17.5912389994548,0.0 -43.572393,-17.5907829994548,0.0 -43.572028,-17.5903729994548,0.0 -43.571615,-17.5899409994548,0.0 -43.571251,-17.5895769994549,0.0 -43.570815,-17.5891899994549,0.0 -43.570355,-17.5888279994549,0.0 -43.569918,-17.5883719994549,0.0 -43.569625,-17.5879159994549,0.0 -43.569378,-17.5873199994549,0.0 -43.569229,-17.5868849994549,0.0 -43.569247,-17.5864019994549,0.0 -43.569505,-17.585892999455,0.0 -43.569835,-17.585406999455,0.0 -43.570215,-17.585102999455,0.0 -43.570693,-17.584913999455,0.0 -43.571243,-17.584861999455,0.0 -43.571842,-17.584786999455,0.0 -43.572321,-17.584781999455,0.0 -43.572946,-17.584889999455,0.0 -43.573572,-17.585066999455,0.0 -43.573982,-17.585314999455,0.0 -43.574466,-17.585631999455,0.0 -43.574949,-17.585925999455,0.0 -43.575505,-17.586333999455,0.0 -43.575916,-17.5866509994549,0.0 -43.576402,-17.5871289994549,0.0 -43.576741,-17.5874469994549,0.0 -43.577034,-17.5878579994549,0.0 -43.577207,-17.5882929994549,0.0 -43.577499,-17.5886349994549,0.0 -43.577838,-17.5889529994549,0.0 -43.578415,-17.5890609994549,0.0 -43.578844,-17.5888729994549,0.0 -43.579175,-17.5884549994549,0.0 -43.579386,-17.5880389994549,0.0 -43.579621,-17.5876219994549,0.0 -43.579759,-17.5871839994549,0.0 -43.57985,-17.5867229994549,0.0 -43.579892,-17.5862629994549,0.0 -43.580053,-17.585708999455,0.0 -43.580286,-17.585130999455,0.0 -43.580424,-17.584600999455,0.0 -43.580513,-17.584001999455,0.0 -43.580578,-17.583471999455,0.0 -43.580668,-17.582918999455,0.0 -43.580613,-17.5823909994551,0.0 -43.580512,-17.5819319994551,0.0 -43.58029,-17.5814289994551,0.0 -43.580069,-17.5809709994551,0.0 -43.5798,-17.5805139994551,0.0 -43.579435,-17.5801039994551,0.0 -43.579143,-17.5797169994551,0.0 -43.578779,-17.5793759994551,0.0 -43.578391,-17.5789659994551,0.0 -43.577954,-17.5785569994552,0.0 -43.577541,-17.5780779994552,0.0 -43.577152,-17.5776229994552,0.0 -43.576764,-17.5772819994552,0.0 -43.576353,-17.5769409994552,0.0 -43.575989,-17.5766229994552,0.0 -43.575071,-17.5760349994552,0.0 -43.574684,-17.5757869994552,0.0 -43.574034,-17.5754949994552,0.0 -43.573503,-17.5752479994552,0.0 -43.573022,-17.5751149994553,0.0 -43.572348,-17.5748689994553,0.0 -43.571843,-17.5747369994553,0.0 -43.571362,-17.5746039994553,0.0 -43.570855,-17.5743799994553,0.0 -43.570444,-17.5740849994553,0.0 -43.570081,-17.5738129994553,0.0 -43.569646,-17.5734729994553,0.0 -43.569186,-17.5731099994553,0.0 -43.56887,-17.5727909994553,0.0 -43.568412,-17.5725429994553,0.0 -43.567977,-17.5722489994553,0.0 -43.567542,-17.5719779994553,0.0 -43.567035,-17.5716389994553,0.0 -43.566672,-17.5713669994554,0.0 -43.566284,-17.5710029994554,0.0 -43.565944,-17.5706619994554,0.0 -43.565604,-17.5702509994554,0.0 -43.565312,-17.5698869994554,0.0 -43.565019,-17.5694759994554,0.0 -43.564748,-17.5688349994554,0.0 -43.564527,-17.5684229994554,0.0 -43.564354,-17.5680109994554,0.0 -43.564133,-17.5675769994554,0.0 -43.564104,-17.5671399994555,0.0 -43.564099,-17.5666799994555,0.0 -43.564165,-17.5661959994555,0.0 -43.564352,-17.5657799994555,0.0 -43.564515,-17.5653649994555,0.0 -43.56475,-17.5649479994555,0.0 -43.56496,-17.5645089994555,0.0 -43.565195,-17.5640919994555,0.0 -43.56543,-17.5636529994556,0.0 -43.565833,-17.5633039994556,0.0 -43.566092,-17.5628869994556,0.0 -43.566471,-17.5624919994556,0.0 -43.566802,-17.5620969994556,0.0 -43.567302,-17.5617929994556,0.0 -43.567658,-17.5615129994556,0.0 -43.568086,-17.5612319994556,0.0 -43.568633,-17.5608809994556,0.0 -43.569061,-17.5605779994556,0.0 -43.569585,-17.5602269994557,0.0 -43.570132,-17.5598759994557,0.0 -43.570513,-17.5596189994557,0.0 -43.57082,-17.5592939994557,0.0 -43.571176,-17.5589449994557,0.0 -43.57158,-17.5586639994557,0.0 -43.572008,-17.5583379994557,0.0 -43.572313,-17.5578289994557,0.0 -43.572476,-17.5573669994557,0.0 -43.572661,-17.5567899994557,0.0 -43.572775,-17.5563519994558,0.0 -43.572794,-17.5558679994558,0.0 -43.572573,-17.5554339994558,0.0 -43.572304,-17.5550229994558,0.0 -43.57206,-17.5546349994558,0.0 -43.571624,-17.5542939994558,0.0 -43.571189,-17.5539999994558,0.0 -43.570731,-17.5538209994558,0.0 -43.570298,-17.5536419994558,0.0 -43.569887,-17.5533929994558,0.0 -43.569381,-17.5531689994558,0.0 -43.568802,-17.5528069994559,0.0 -43.568391,-17.5525819994559,0.0 -43.567957,-17.5523799994559,0.0 -43.567546,-17.5520389994559,0.0 -43.567136,-17.5518139994559,0.0 -43.566749,-17.5515649994559,0.0 -43.56629,-17.5512709994559,0.0 -43.565855,-17.5509769994559,0.0 -43.565515,-17.5505659994559,0.0 -43.565293,-17.5501089994559,0.0 -43.565312,-17.5496489994559,0.0 -43.565475,-17.5492099994559,0.0 -43.565397,-17.548750999456,0.0 -43.5654343,-17.548352299456,0.0 -43.56544,-17.548290999456,0.0 -43.565432,-17.547623999456,0.0 -43.565305,-17.547026999456,0.0 -43.565156,-17.546591999456,0.0 -43.56484,-17.546203999456,0.0 -43.564547,-17.545815999456,0.0 -43.564137,-17.5455449994561,0.0 -43.56375,-17.5452729994561,0.0 -43.563339,-17.5450019994561,0.0 -43.562928,-17.5447069994561,0.0 -43.562612,-17.5443429994561,0.0 -43.56232,-17.5439779994561,0.0 -43.561956,-17.5435909994561,0.0 -43.561521,-17.5432969994561,0.0 -43.561134,-17.5430019994561,0.0 -43.560724,-17.5427529994561,0.0 -43.560242,-17.5425979994561,0.0 -43.559737,-17.5424649994561,0.0 -43.559041,-17.5423809994561,0.0 -43.55849,-17.5423869994561,0.0 -43.557844,-17.5425089994561,0.0 -43.557319,-17.5426979994561,0.0 -43.55684,-17.5427499994561,0.0 -43.556193,-17.5428029994561,0.0 -43.55569,-17.5428079994561,0.0 -43.55521,-17.5427899994561,0.0 -43.554491,-17.5427519994561,0.0 -43.554035,-17.5427109994561,0.0 -43.553624,-17.5424399994561,0.0 -43.55326,-17.5420989994561,0.0 -43.552873,-17.5417579994561,0.0 -43.552463,-17.5415319994562,0.0 -43.552052,-17.5412609994562,0.0 -43.551617,-17.5409889994562,0.0 -43.551183,-17.5407409994562,0.0 -43.550725,-17.5405389994562,0.0 -43.550218,-17.5402689994562,0.0 -43.549808,-17.5400429994562,0.0 -43.54935,-17.5398409994562,0.0 -43.548871,-17.5398689994562,0.0 -43.548369,-17.5399669994562,0.0 -43.547941,-17.5402929994562,0.0 -43.547515,-17.5407579994562,0.0 -43.547183,-17.5410599994562,0.0 -43.546731,-17.5413179994562,0.0 -43.546231,-17.5415999994562,0.0 -43.545851,-17.5419029994561,0.0 -43.545397,-17.5420689994561,0.0 -43.544824,-17.5422129994561,0.0 -43.544131,-17.5424499994561,0.0 -43.543535,-17.5427099994561,0.0 -43.542696,-17.5427189994561,0.0 -43.542192,-17.5427009994561,0.0 -43.541736,-17.5426599994561,0.0 -43.541257,-17.5426189994561,0.0 -43.5408877,-17.5425672994561,0.0 -43.5408,-17.5425549994561,0.0 -43.540296,-17.5424689994561,0.0 -43.539721,-17.5425209994561,0.0 -43.539317,-17.5428009994561,0.0 -43.538961,-17.5430809994561,0.0 -43.538653,-17.5434059994561,0.0 -43.538129,-17.5437569994561,0.0 -43.537749,-17.5440369994561,0.0 -43.537298,-17.5444099994561,0.0 -43.536821,-17.5445989994561,0.0 -43.536319,-17.5447419994561,0.0 -43.535866,-17.5449079994561,0.0 -43.535461,-17.5451879994561,0.0 -43.535008,-17.545399999456,0.0 -43.53458,-17.545657999456,0.0 -43.534103,-17.545846999456,0.0 -43.533674,-17.546080999456,0.0 -43.533244,-17.546269999456,0.0 -43.532695,-17.546436999456,0.0 -43.532098,-17.546672999456,0.0 -43.531475,-17.546656999456,0.0 -43.530372,-17.546668999456,0.0 -43.529702,-17.546721999456,0.0 -43.529032,-17.546843999456,0.0 -43.528506,-17.546964999456,0.0 -43.528029,-17.547176999456,0.0 -43.527527,-17.547319999456,0.0 -43.526979,-17.547624999456,0.0 -43.526455,-17.547905999456,0.0 -43.526003,-17.548163999456,0.0 -43.525719,-17.548534999456,0.0 -43.525605,-17.548972999456,0.0 -43.525078,-17.549024999456,0.0 -43.524648,-17.549190999456,0.0 -43.52422,-17.5494249994559,0.0 -43.523576,-17.5497309994559,0.0 -43.523171,-17.5499419994559,0.0 -43.522766,-17.5501999994559,0.0 -43.522171,-17.5505279994559,0.0 -43.521743,-17.5508309994559,0.0 -43.521074,-17.5510449994559,0.0 -43.520572,-17.5511889994559,0.0 -43.519997,-17.5512409994559,0.0 -43.519448,-17.5514539994559,0.0 -43.518948,-17.5517349994559,0.0 -43.518473,-17.5521079994559,0.0 -43.51807,-17.5524799994559,0.0 -43.517667,-17.5528989994558,0.0 -43.517289,-17.5533399994558,0.0 -43.516838,-17.5537579994558,0.0 -43.516458,-17.5540839994558,0.0 -43.516054,-17.5543879994558,0.0 -43.515675,-17.5547599994558,0.0 -43.515416,-17.5551299994558,0.0 -43.515132,-17.5554779994558,0.0 -43.514656,-17.5557819994558,0.0 -43.514325,-17.5561769994558,0.0 -43.513731,-17.5566889994557,0.0 -43.513304,-17.5570149994557,0.0 -43.512948,-17.5573179994557,0.0 -43.512544,-17.5576669994557,0.0 -43.512092,-17.5579709994557,0.0 -43.511641,-17.5583669994557,0.0 -43.511333,-17.5586919994557,0.0 -43.510859,-17.5591109994557,0.0 -43.51048,-17.5595059994557,0.0 -43.510075,-17.5598089994557,0.0 -43.509743,-17.5601119994557,0.0 -43.509315,-17.5604149994556,0.0 -43.508768,-17.5607659994556,0.0 -43.508172,-17.5610709994556,0.0 -43.507693,-17.5611449994556,0.0 -43.507239,-17.5612419994556,0.0 -43.506712,-17.5612939994556,0.0 -43.506257,-17.5613449994556,0.0 -43.505755,-17.5614189994556,0.0 -43.505058,-17.5613339994556,0.0 -43.504601,-17.5611549994556,0.0 -43.504095,-17.5609539994556,0.0 -43.503563,-17.5605219994556,0.0 -43.503126,-17.5600439994557,0.0 -43.50288,-17.5595179994557,0.0 -43.502873,-17.5589429994557,0.0 -43.502891,-17.5584139994557,0.0 -43.503029,-17.5579059994557,0.0 -43.503215,-17.5574209994557,0.0 -43.503379,-17.5570059994557,0.0 -43.503469,-17.5565449994558,0.0 -43.503487,-17.5560389994558,0.0 -43.503482,-17.5555559994558,0.0 -43.503524,-17.5550719994558,0.0 -43.503542,-17.5545659994558,0.0 -43.503609,-17.5541059994558,0.0 -43.503771,-17.5535979994558,0.0 -43.503788,-17.5529999994558,0.0 -43.503903,-17.5525619994559,0.0 -43.503897,-17.5521019994559,0.0 -43.503844,-17.5515959994559,0.0 -43.503909,-17.5510439994559,0.0 -43.503928,-17.5505839994559,0.0 -43.504139,-17.5501679994559,0.0 -43.504253,-17.5496829994559,0.0 -43.504296,-17.5492229994559,0.0 -43.504215,-17.548464999456,0.0 -43.504136,-17.547867999456,0.0 -43.504344,-17.547175999456,0.0 -43.504411,-17.546714999456,0.0 -43.504501,-17.546207999456,0.0 -43.504519,-17.545724999456,0.0 -43.504657,-17.5452179994561,0.0 -43.504891,-17.5446629994561,0.0 -43.505005,-17.5442019994561,0.0 -43.505239,-17.5436939994561,0.0 -43.505426,-17.5432549994561,0.0 -43.505709,-17.5428839994561,0.0 -43.505993,-17.5425359994561,0.0 -43.506324,-17.5421409994561,0.0 -43.506751,-17.5417689994561,0.0 -43.507107,-17.5414199994562,0.0 -43.507487,-17.5411629994562,0.0 -43.507843,-17.5408379994562,0.0 -43.508391,-17.5405789994562,0.0 -43.508869,-17.5403899994562,0.0 -43.509418,-17.5402229994562,0.0 -43.509872,-17.5401029994562,0.0 -43.51035,-17.5399369994562,0.0 -43.510899,-17.5397699994562,0.0 -43.511475,-17.5398099994562,0.0 -43.511978,-17.5398049994562,0.0 -43.512506,-17.5398449994562,0.0 -43.513059,-17.5399999994562,0.0 -43.513588,-17.5401329994562,0.0 -43.514069,-17.5402649994562,0.0 -43.514598,-17.5403979994562,0.0 -43.515272,-17.5406439994562,0.0 -43.515775,-17.5406149994562,0.0 -43.516374,-17.5406089994562,0.0 -43.516901,-17.5405109994562,0.0 -43.517449,-17.5402759994562,0.0 -43.517878,-17.5400639994562,0.0 -43.518283,-17.5398299994562,0.0 -43.518639,-17.5395269994562,0.0 -43.519139,-17.5391999994562,0.0 -43.519567,-17.5389419994562,0.0 -43.519995,-17.5386389994562,0.0 -43.520638,-17.5382869994562,0.0 -43.521089,-17.5378449994563,0.0 -43.521445,-17.5375419994563,0.0 -43.521847,-17.5370549994563,0.0 -43.522227,-17.5367979994563,0.0 -43.522558,-17.5364029994563,0.0 -43.522912,-17.5358939994563,0.0 -43.523241,-17.5353149994563,0.0 -43.523524,-17.5349669994563,0.0 -43.523829,-17.5344119994563,0.0 -43.524016,-17.5339959994564,0.0 -43.524227,-17.5335109994564,0.0 -43.524436,-17.5329569994564,0.0 -43.524645,-17.5323569994564,0.0 -43.524807,-17.5319179994564,0.0 -43.525066,-17.5314549994564,0.0 -43.52518,-17.5309939994564,0.0 -43.525268,-17.5303259994565,0.0 -43.525453,-17.5297719994565,0.0 -43.525496,-17.5292659994565,0.0 -43.525632,-17.5285979994565,0.0 -43.525817,-17.5280209994565,0.0 -43.525835,-17.5275609994565,0.0 -43.525806,-17.5270779994565,0.0 -43.525487,-17.5264599994566,0.0 -43.525099,-17.5260969994566,0.0 -43.524449,-17.5258049994566,0.0 -43.523799,-17.5255819994566,0.0 -43.523294,-17.5254949994566,0.0 -43.522718,-17.5254089994566,0.0 -43.522239,-17.5254139994566,0.0 -43.521688,-17.5254429994566,0.0 -43.52121,-17.5255629994566,0.0 -43.520756,-17.5257289994566,0.0 -43.520327,-17.5258949994566,0.0 -43.519898,-17.5260829994566,0.0 -43.51947,-17.5264099994566,0.0 -43.519018,-17.5266909994566,0.0 -43.518614,-17.5269709994565,0.0 -43.518042,-17.5273219994565,0.0 -43.517542,-17.5275569994565,0.0 -43.517112,-17.5277459994565,0.0 -43.516397,-17.5280289994565,0.0 -43.515896,-17.5282419994565,0.0 -43.515515,-17.5284989994565,0.0 -43.514991,-17.5288029994565,0.0 -43.51449,-17.5289919994565,0.0 -43.514037,-17.5292269994565,0.0 -43.513464,-17.5293479994565,0.0 -43.512888,-17.5293539994565,0.0 -43.512287,-17.5291769994565,0.0 -43.511877,-17.5289509994565,0.0 -43.511562,-17.5286329994565,0.0 -43.511269,-17.5282219994565,0.0 -43.511048,-17.5277409994565,0.0 -43.510755,-17.5273069994565,0.0 -43.510438,-17.5268509994566,0.0 -43.510194,-17.5264629994566,0.0 -43.50983,-17.5260519994566,0.0 -43.509489,-17.5255499994566,0.0 -43.509078,-17.5253019994566,0.0 -43.508692,-17.5250529994566,0.0 -43.508328,-17.5247119994566,0.0 -43.507989,-17.5243699994566,0.0 -43.507625,-17.5240289994566,0.0 -43.507286,-17.5236649994566,0.0 -43.506994,-17.5233229994566,0.0 -43.506726,-17.5229349994567,0.0 -43.506384,-17.5224089994567,0.0 -43.506092,-17.5220219994567,0.0 -43.505918,-17.5214949994567,0.0 -43.505698,-17.5211059994567,0.0 -43.505501,-17.5206249994567,0.0 -43.505256,-17.5201909994567,0.0 -43.505107,-17.5197319994567,0.0 -43.504838,-17.5192749994568,0.0 -43.504594,-17.5188639994568,0.0 -43.5043,-17.5183379994568,0.0 -43.504009,-17.5179959994568,0.0 -43.503907,-17.5175369994568,0.0 -43.503759,-17.5171019994568,0.0 -43.503538,-17.5166899994568,0.0 -43.503365,-17.5162319994568,0.0 -43.503096,-17.5157979994569,0.0 -43.502805,-17.5154559994569,0.0 -43.502465,-17.5151149994569,0.0 -43.502031,-17.5148209994569,0.0 -43.501571,-17.5144809994569,0.0 -43.501016,-17.5140949994569,0.0 -43.500581,-17.5138239994569,0.0 -43.500099,-17.5135989994569,0.0 -43.499758,-17.5132539994569,0.0 -43.499377,-17.5126499994569,0.0 -43.499223,-17.5122559994569,0.0 -43.498873,-17.511903999457,0.0 -43.498531,-17.511565999457,0.0 -43.498208,-17.511043999457,0.0 -43.498008,-17.510610999457,0.0 -43.497951,-17.510175999457,0.0 -43.497988,-17.509668999457,0.0 -43.497965,-17.508566999457,0.0 -43.497907,-17.5080849994571,0.0 -43.497826,-17.5076499994571,0.0 -43.497744,-17.5071919994571,0.0 -43.497544,-17.5067589994571,0.0 -43.497342,-17.5062579994571,0.0 -43.49714,-17.5057789994571,0.0 -43.49694,-17.5053689994571,0.0 -43.496429,-17.5049879994571,0.0 -43.4959686,-17.5048437994571,0.0 -43.495947,-17.5048369994571,0.0 -43.494965,-17.5048559994571,0.0 -43.494513,-17.5049789994571,0.0 -43.494037,-17.5051259994571,0.0 -43.493135,-17.5055119994571,0.0 -43.492734,-17.5058179994571,0.0 -43.492336,-17.5062619994571,0.0 -43.492107,-17.5067489994571,0.0 -43.491974,-17.5072809994571,0.0 -43.491986,-17.5078319994571,0.0 -43.492115,-17.5082889994571,0.0 -43.492125,-17.508747999457,0.0 -43.49223,-17.509205999457,0.0 -43.492435,-17.509821999457,0.0 -43.492711,-17.510414999457,0.0 -43.492817,-17.510917999457,0.0 -43.492826,-17.511377999457,0.0 -43.492909,-17.511904999457,0.0 -43.492966,-17.5123399994569,0.0 -43.492905,-17.5128239994569,0.0 -43.492771,-17.5132859994569,0.0 -43.49259,-17.5137949994569,0.0 -43.492407,-17.5142349994569,0.0 -43.492203,-17.5147679994569,0.0 -43.492095,-17.5153209994569,0.0 -43.491963,-17.5158759994569,0.0 -43.491924,-17.5163359994568,0.0 -43.492006,-17.5167939994568,0.0 -43.492278,-17.5172019994568,0.0 -43.492647,-17.5176779994568,0.0 -43.493013,-17.5179929994568,0.0 -43.493429,-17.5183979994568,0.0 -43.493794,-17.5186899994568,0.0 -43.494209,-17.5190499994568,0.0 -43.494528,-17.5194109994568,0.0 -43.494846,-17.5197499994567,0.0 -43.495117,-17.5201119994567,0.0 -43.495439,-17.5205889994567,0.0 -43.495664,-17.5210669994567,0.0 -43.495962,-17.5215669994567,0.0 -43.496164,-17.5220449994567,0.0 -43.496269,-17.5225029994567,0.0 -43.496471,-17.5230049994567,0.0 -43.496697,-17.5234829994566,0.0 -43.496874,-17.5239619994566,0.0 -43.497125,-17.5245089994566,0.0 -43.49735,-17.5249179994566,0.0 -43.497526,-17.5253509994566,0.0 -43.49768,-17.5258309994566,0.0 -43.497739,-17.5263349994566,0.0 -43.49775,-17.5268869994565,0.0 -43.497688,-17.5273699994565,0.0 -43.497604,-17.5279239994565,0.0 -43.497422,-17.5283639994565,0.0 -43.497167,-17.5287589994565,0.0 -43.496865,-17.5292249994565,0.0 -43.496512,-17.5295069994565,0.0 -43.496037,-17.5296999994565,0.0 -43.495538,-17.5298939994565,0.0 -43.495012,-17.5299499994565,0.0 -43.494341,-17.5299399994565,0.0 -43.493861,-17.5298799994565,0.0 -43.493332,-17.5297759994565,0.0 -43.492852,-17.5297619994565,0.0 -43.492371,-17.5296789994565,0.0 -43.491795,-17.5296209994565,0.0 -43.491315,-17.5295619994565,0.0 -43.490812,-17.5295479994565,0.0 -43.490356,-17.5295339994565,0.0 -43.489852,-17.5294519994565,0.0 -43.489156,-17.5294189994565,0.0 -43.488677,-17.5294289994565,0.0 -43.488173,-17.5293689994565,0.0 -43.487717,-17.5293319994565,0.0 -43.487189,-17.5292729994565,0.0 -43.486734,-17.5292589994565,0.0 -43.485752,-17.5292779994565,0.0 -43.48525,-17.5293109994565,0.0 -43.484797,-17.5294339994565,0.0 -43.484274,-17.5296049994565,0.0 -43.483823,-17.5298209994565,0.0 -43.483397,-17.5300819994565,0.0 -43.483045,-17.5304329994565,0.0 -43.482815,-17.5308509994564,0.0 -43.482634,-17.5313829994564,0.0 -43.482644,-17.5318659994564,0.0 -43.482749,-17.5322999994564,0.0 -43.482854,-17.5327579994564,0.0 -43.483056,-17.5332369994564,0.0 -43.483185,-17.5336709994564,0.0 -43.483456,-17.5340559994564,0.0 -43.483682,-17.5345109994563,0.0 -43.483906,-17.5349209994563,0.0 -43.484131,-17.5353759994563,0.0 -43.484404,-17.5358299994563,0.0 -43.484775,-17.5363979994563,0.0 -43.485047,-17.5368289994563,0.0 -43.485272,-17.5372619994563,0.0 -43.485521,-17.5376929994563,0.0 -43.485697,-17.5381039994562,0.0 -43.485874,-17.5385369994562,0.0 -43.486003,-17.5389939994562,0.0 -43.48606,-17.5394519994562,0.0 -43.48607,-17.5399119994562,0.0 -43.486031,-17.5403489994562,0.0 -43.485993,-17.5408099994562,0.0 -43.485954,-17.5412469994562,0.0 -43.485916,-17.5417069994561,0.0 -43.485733,-17.5421479994561,0.0 -43.485624,-17.5426319994561,0.0 -43.485489,-17.5430709994561,0.0 -43.485124,-17.5439519994561,0.0 -43.484845,-17.5443479994561,0.0 -43.484494,-17.5447219994561,0.0 -43.484021,-17.5450299994561,0.0 -43.483497,-17.5451549994561,0.0 -43.482946,-17.5451659994561,0.0 -43.482487,-17.5450139994561,0.0 -43.48191,-17.5448869994561,0.0 -43.481428,-17.5447579994561,0.0 -43.480875,-17.5446769994561,0.0 -43.480371,-17.5445949994561,0.0 -43.479724,-17.5446069994561,0.0 -43.479125,-17.5445959994561,0.0 -43.4785,-17.5444929994561,0.0 -43.477899,-17.5443659994561,0.0 -43.477442,-17.5443059994561,0.0 -43.476527,-17.5440939994561,0.0 -43.476046,-17.5439649994561,0.0 -43.475493,-17.5438609994561,0.0 -43.47547,-17.5438559994561,0.0 -43.474819,-17.5437129994561,0.0 -43.474337,-17.5435839994561,0.0 -43.473782,-17.5433879994561,0.0 -43.473324,-17.5432589994561,0.0 -43.472819,-17.5431539994561,0.0 -43.472362,-17.5430939994561,0.0 -43.471882,-17.5430339994561,0.0 -43.4714,-17.5429049994561,0.0 -43.470966,-17.5427529994561,0.0 -43.470388,-17.5426029994561,0.0 -43.469882,-17.5424519994561,0.0 -43.4694,-17.5423229994561,0.0 -43.468916,-17.5421019994561,0.0 -43.46836,-17.5418599994561,0.0 -43.467782,-17.5416879994562,0.0 -43.467299,-17.5415129994562,0.0 -43.466842,-17.5414299994562,0.0 -43.466361,-17.5413469994562,0.0 -43.465356,-17.5413659994562,0.0 -43.464808,-17.5415379994561,0.0 -43.464382,-17.5417529994561,0.0 -43.464053,-17.5420809994561,0.0 -43.463751,-17.5425459994561,0.0 -43.463569,-17.5430089994561,0.0 -43.463507,-17.5434699994561,0.0 -43.463421,-17.5439539994561,0.0 -43.463407,-17.5444139994561,0.0 -43.463416,-17.5448729994561,0.0 -43.463335,-17.545540999456,0.0 -43.463274,-17.546070999456,0.0 -43.463284,-17.546576999456,0.0 -43.46327,-17.547058999456,0.0 -43.463258,-17.547633999456,0.0 -43.463222,-17.548185999456,0.0 -43.463208,-17.548668999456,0.0 -43.463145,-17.5491069994559,0.0 -43.463157,-17.5496579994559,0.0 -43.463144,-17.5501869994559,0.0 -43.463165,-17.5512439994559,0.0 -43.463103,-17.5517049994559,0.0 -43.463126,-17.5527839994558,0.0 -43.463063,-17.5532219994558,0.0 -43.463024,-17.5536819994558,0.0 -43.462867,-17.5541679994558,0.0 -43.462708,-17.5545849994558,0.0 -43.462646,-17.5546989994558,0.0 -43.462454,-17.5550489994558,0.0 -43.462055,-17.5554469994558,0.0 -43.461654,-17.5557309994558,0.0 -43.461202,-17.5558999994558,0.0 -43.460751,-17.5560929994558,0.0 -43.460251,-17.5562399994558,0.0 -43.459799,-17.5564099994558,0.0 -43.459174,-17.5562839994558,0.0 -43.458692,-17.5561779994558,0.0 -43.458236,-17.5561179994558,0.0 -43.457779,-17.5560349994558,0.0 -43.4572,-17.5558389994558,0.0 -43.456573,-17.5556209994558,0.0 -43.45609,-17.5554689994558,0.0 -43.455656,-17.5553169994558,0.0 -43.455221,-17.5551179994558,0.0 -43.454809,-17.5549189994558,0.0 -43.454303,-17.5547449994558,0.0 -43.453845,-17.5546389994558,0.0 -43.453389,-17.5546019994558,0.0 -43.452909,-17.5545649994558,0.0 -43.452405,-17.5544829994558,0.0 -43.451923,-17.5543539994558,0.0 -43.451372,-17.5543639994558,0.0 -43.45082,-17.5543059994558,0.0 -43.450321,-17.5545219994558,0.0 -43.449845,-17.5546459994558,0.0 -43.449274,-17.5548409994558,0.0 -43.448823,-17.5550329994558,0.0 -43.448396,-17.5552479994558,0.0 -43.44785,-17.5554879994558,0.0 -43.447398,-17.5556349994558,0.0 -43.446971,-17.5558729994558,0.0 -43.446544,-17.5560419994558,0.0 -43.446067,-17.5561429994558,0.0 -43.445541,-17.5562219994558,0.0 -43.444918,-17.5562109994558,0.0 -43.444506,-17.5559889994558,0.0 -43.443973,-17.5556999994558,0.0 -43.443562,-17.5554779994558,0.0 -43.44317,-17.5550949994558,0.0 -43.442876,-17.5547559994558,0.0 -43.442436,-17.5543499994558,0.0 -43.442117,-17.5539659994558,0.0 -43.441821,-17.5535579994558,0.0 -43.441643,-17.5530789994558,0.0 -43.441563,-17.5526439994559,0.0 -43.441434,-17.5522089994559,0.0 -43.441351,-17.5516589994559,0.0 -43.441284,-17.5507419994559,0.0 -43.441252,-17.5492019994559,0.0 -43.441314,-17.548741999456,0.0 -43.441401,-17.548279999456,0.0 -43.441509,-17.547749999456,0.0 -43.441692,-17.547309999456,0.0 -43.441826,-17.546847999456,0.0 -43.442033,-17.546406999456,0.0 -43.442264,-17.545988999456,0.0 -43.442517,-17.545501999456,0.0 -43.442748,-17.5451069994561,0.0 -43.443052,-17.5447329994561,0.0 -43.443402,-17.5442899994561,0.0 -43.443658,-17.5439169994561,0.0 -43.444081,-17.5435189994561,0.0 -43.444337,-17.5431459994561,0.0 -43.444616,-17.5427269994561,0.0 -43.44487,-17.5422859994561,0.0 -43.445147,-17.5417749994562,0.0 -43.445353,-17.5413339994562,0.0 -43.445416,-17.5408729994562,0.0 -43.44555,-17.5404109994562,0.0 -43.445637,-17.5399729994562,0.0 -43.445699,-17.5395119994562,0.0 -43.445666,-17.5390759994562,0.0 -43.445254,-17.5388309994562,0.0 -43.444865,-17.5385859994562,0.0 -43.44429,-17.5385509994562,0.0 -43.443764,-17.5386069994562,0.0 -43.443387,-17.5388899994562,0.0 -43.442984,-17.5391269994562,0.0 -43.442558,-17.5393419994562,0.0 -43.442082,-17.5395119994562,0.0 -43.441606,-17.5396589994562,0.0 -43.441079,-17.5396689994562,0.0 -43.440529,-17.5397019994562,0.0 -43.439978,-17.5397129994562,0.0 -43.439429,-17.5397919994562,0.0 -43.43888,-17.5398949994562,0.0 -43.43838,-17.5400419994562,0.0 -43.437927,-17.5401429994562,0.0 -43.437283,-17.5402699994562,0.0 -43.436781,-17.5403479994562,0.0 -43.436329,-17.5404949994562,0.0 -43.435878,-17.5406639994562,0.0 -43.435451,-17.5408559994562,0.0 -43.434881,-17.5411199994562,0.0 -43.434358,-17.5412899994562,0.0 -43.433905,-17.5413909994562,0.0 -43.433357,-17.5415619994562,0.0 -43.432904,-17.5416399994562,0.0 -43.432353,-17.5416499994562,0.0 -43.431876,-17.5417739994561,0.0 -43.431423,-17.5418519994561,0.0 -43.430874,-17.5419539994561,0.0 -43.430395,-17.5419629994561,0.0 -43.429939,-17.5419259994561,0.0 -43.429434,-17.5418429994561,0.0 -43.428953,-17.5417369994562,0.0 -43.428542,-17.5415379994562,0.0 -43.428177,-17.5412699994562,0.0 -43.427833,-17.5408619994562,0.0 -43.427704,-17.5403819994562,0.0 -43.427789,-17.5398749994562,0.0 -43.427971,-17.5394119994562,0.0 -43.428299,-17.5390379994562,0.0 -43.4287,-17.5387319994562,0.0 -43.429225,-17.5386299994562,0.0 -43.429751,-17.5385969994562,0.0 -43.430205,-17.5385659994562,0.0 -43.430683,-17.5384879994562,0.0 -43.431135,-17.5383409994562,0.0 -43.431611,-17.5381709994562,0.0 -43.432062,-17.5380019994562,0.0 -43.432538,-17.5378319994563,0.0 -43.433109,-17.5376369994563,0.0 -43.433753,-17.5375329994563,0.0 -43.434253,-17.5373629994563,0.0 -43.434754,-17.5372839994563,0.0 -43.435231,-17.5371829994563,0.0 -43.43573,-17.5369899994563,0.0 -43.436182,-17.5368209994563,0.0 -43.43687,-17.5365089994563,0.0 -43.437369,-17.5363149994563,0.0 -43.437795,-17.5360549994563,0.0 -43.438171,-17.5357259994563,0.0 -43.438476,-17.5353979994563,0.0 -43.438851,-17.5350229994563,0.0 -43.439155,-17.5346269994563,0.0 -43.439265,-17.5341649994564,0.0 -43.439327,-17.5337049994564,0.0 -43.43927,-17.5332689994564,0.0 -43.438949,-17.5327919994564,0.0 -43.438677,-17.5323609994564,0.0 -43.438381,-17.5319759994564,0.0 -43.438063,-17.5316369994564,0.0 -43.437673,-17.5312999994564,0.0 -43.436801,-17.5308569994564,0.0 -43.43639,-17.5306579994565,0.0 -43.435911,-17.5306439994564,0.0 -43.435432,-17.5306759994564,0.0 -43.434859,-17.5307329994564,0.0 -43.434405,-17.5307879994565,0.0 -43.433928,-17.5309119994564,0.0 -43.433451,-17.5309899994564,0.0 -43.432852,-17.5310009994564,0.0 -43.432349,-17.5309869994564,0.0 -43.43187,-17.5310189994564,0.0 -43.431416,-17.5310509994564,0.0 -43.430915,-17.5311529994564,0.0 -43.430462,-17.5312529994564,0.0 -43.429983,-17.5312619994564,0.0 -43.429506,-17.5313629994564,0.0 -43.429029,-17.5314409994564,0.0 -43.428577,-17.5315869994564,0.0 -43.4281,-17.5317109994564,0.0 -43.427458,-17.5319529994564,0.0 -43.426935,-17.5321469994564,0.0 -43.426438,-17.5324089994564,0.0 -43.425939,-17.5326259994564,0.0 -43.425414,-17.5327269994564,0.0 -43.424913,-17.5327829994564,0.0 -43.42436,-17.5327239994564,0.0 -43.423829,-17.5325279994564,0.0 -43.423346,-17.5323299994564,0.0 -43.422908,-17.5319709994564,0.0 -43.422541,-17.5316099994564,0.0 -43.422222,-17.5312249994564,0.0 -43.421856,-17.5308869994564,0.0 -43.421514,-17.5305949994565,0.0 -43.421172,-17.5302799994565,0.0 -43.420781,-17.5298969994565,0.0 -43.420531,-17.5293959994565,0.0 -43.420284,-17.5289869994565,0.0 -43.420035,-17.5285319994565,0.0 -43.419738,-17.5280779994565,0.0 -43.419392,-17.5275789994565,0.0 -43.419048,-17.5271259994565,0.0 -43.418776,-17.5267169994566,0.0 -43.418407,-17.5262419994566,0.0 -43.417919,-17.5258139994566,0.0 -43.41753,-17.5255229994566,0.0 -43.417165,-17.5252309994566,0.0 -43.4167,-17.5247569994566,0.0 -43.416381,-17.5244189994566,0.0 -43.41599,-17.5240349994566,0.0 -43.415672,-17.5236739994566,0.0 -43.415352,-17.5232659994566,0.0 -43.415034,-17.5229269994567,0.0 -43.414669,-17.5226589994567,0.0 -43.414188,-17.5225529994567,0.0 -43.413662,-17.5226089994567,0.0 -43.413111,-17.5226189994567,0.0 -43.412565,-17.5228359994567,0.0 -43.412089,-17.5229829994566,0.0 -43.411661,-17.5231749994566,0.0 -43.41121,-17.5233669994566,0.0 -43.41076,-17.5235829994566,0.0 -43.410263,-17.5239139994566,0.0 -43.40991,-17.5241959994566,0.0 -43.40963,-17.5245459994566,0.0 -43.40928,-17.5250349994566,0.0 -43.409001,-17.5254079994566,0.0 -43.408722,-17.5258269994566,0.0 -43.40849,-17.5262219994566,0.0 -43.408308,-17.5266619994566,0.0 -43.408149,-17.5270789994565,0.0 -43.407991,-17.5275409994565,0.0 -43.40776,-17.5279589994565,0.0 -43.407626,-17.5284669994565,0.0 -43.407516,-17.5289519994565,0.0 -43.407431,-17.5294589994565,0.0 -43.407393,-17.5299429994565,0.0 -43.407331,-17.5304489994565,0.0 -43.40732,-17.5310469994564,0.0 -43.407259,-17.5315769994564,0.0 -43.407197,-17.5320829994564,0.0 -43.407112,-17.5325899994564,0.0 -43.407097,-17.5330269994564,0.0 -43.407034,-17.5334649994564,0.0 -43.406832,-17.5341119994564,0.0 -43.406674,-17.5345979994563,0.0 -43.406563,-17.5350369994563,0.0 -43.406332,-17.5354319994563,0.0 -43.40558,-17.5361349994563,0.0 -43.405299,-17.5364849994563,0.0 -43.404923,-17.5368139994563,0.0 -43.404522,-17.5371429994563,0.0 -43.404242,-17.5375159994563,0.0 -43.40389,-17.5378449994563,0.0 -43.403538,-17.5381959994562,0.0 -43.403137,-17.5385019994562,0.0 -43.402687,-17.5387399994562,0.0 -43.402309,-17.5390229994562,0.0 -43.401858,-17.5392389994562,0.0 -43.401361,-17.5395239994562,0.0 -43.40091,-17.5397389994562,0.0 -43.400413,-17.5400239994562,0.0 -43.399941,-17.5403319994562,0.0 -43.399467,-17.5405929994562,0.0 -43.399016,-17.5408089994562,0.0 -43.398566,-17.5410469994562,0.0 -43.398139,-17.5412619994562,0.0 -43.397761,-17.5415219994562,0.0 -43.397312,-17.5418059994561,0.0 -43.396934,-17.5420889994561,0.0 -43.396484,-17.5423039994561,0.0 -43.39553,-17.5425519994561,0.0 -43.394815,-17.5427029994561,0.0 -43.394388,-17.5429179994561,0.0 -43.393936,-17.5430869994561,0.0 -43.393343,-17.5433509994561,0.0 -43.392891,-17.5434969994561,0.0 -43.392367,-17.5436449994561,0.0 -43.391867,-17.5437919994561,0.0 -43.391439,-17.5439609994561,0.0 -43.39094,-17.5441309994561,0.0 -43.390464,-17.5443239994561,0.0 -43.390038,-17.5445389994561,0.0 -43.389612,-17.5447999994561,0.0 -43.389139,-17.5451299994561,0.0 -43.388738,-17.5453909994561,0.0 -43.388265,-17.545697999456,0.0 -43.387889,-17.546049999456,0.0 -43.387536,-17.546354999456,0.0 -43.387207,-17.546682999456,0.0 -43.386805,-17.546942999456,0.0 -43.386403,-17.547226999456,0.0 -43.385955,-17.547533999456,0.0 -43.385577,-17.547793999456,0.0 -43.385176,-17.548099999456,0.0 -43.384702,-17.548361999456,0.0 -43.384228,-17.548599999456,0.0 -43.383754,-17.548861999456,0.0 -43.383351,-17.549098999456,0.0 -43.382829,-17.5493159994559,0.0 -43.382258,-17.5495099994559,0.0 -43.381806,-17.5496799994559,0.0 -43.381327,-17.5496889994559,0.0 -43.380871,-17.5496049994559,0.0 -43.380506,-17.5493359994559,0.0 -43.380092,-17.549021999456,0.0 -43.379797,-17.548636999456,0.0 -43.379427,-17.548138999456,0.0 -43.379156,-17.547752999456,0.0 -43.378884,-17.547320999456,0.0 -43.378613,-17.546958999456,0.0 -43.378388,-17.546479999456,0.0 -43.378307,-17.546044999456,0.0 -43.378177,-17.545518999456,0.0 -43.378117,-17.5449229994561,0.0 -43.378084,-17.5444869994561,0.0 -43.378063,-17.5434529994561,0.0 -43.378149,-17.5429689994561,0.0 -43.378236,-17.5425309994561,0.0 -43.378298,-17.5420469994561,0.0 -43.378361,-17.5416089994562,0.0 -43.378495,-17.5411469994562,0.0 -43.378896,-17.5408179994562,0.0 -43.379323,-17.5406259994562,0.0 -43.379774,-17.5404109994562,0.0 -43.38027,-17.5401029994562,0.0 -43.380673,-17.5398889994562,0.0 -43.381026,-17.5395829994562,0.0 -43.381452,-17.5392999994562,0.0 -43.381879,-17.5391079994562,0.0 -43.382305,-17.5388469994562,0.0 -43.382777,-17.5385159994562,0.0 -43.383081,-17.5381429994562,0.0 -43.383214,-17.5376119994563,0.0 -43.383301,-17.5371739994563,0.0 -43.383361,-17.5365979994563,0.0 -43.383423,-17.5361369994563,0.0 -43.383462,-17.5356769994563,0.0 -43.383403,-17.5351499994563,0.0 -43.383418,-17.5347129994563,0.0 -43.383337,-17.5342549994564,0.0 -43.383326,-17.5337029994564,0.0 -43.383413,-17.5332649994564,0.0 -43.383474,-17.5327589994564,0.0 -43.383486,-17.5321609994564,0.0 -43.383644,-17.5316749994564,0.0 -43.383921,-17.5311419994564,0.0 -43.384104,-17.5307249994564,0.0 -43.384383,-17.5303519994565,0.0 -43.384661,-17.5298639994565,0.0 -43.384868,-17.5294459994565,0.0 -43.385076,-17.5290519994565,0.0 -43.385307,-17.5286569994565,0.0 -43.385609,-17.5281919994565,0.0 -43.385865,-17.5278189994565,0.0 -43.386144,-17.5274229994565,0.0 -43.386567,-17.5270249994565,0.0 -43.38697,-17.5268099994566,0.0 -43.387497,-17.5267999994566,0.0 -43.387953,-17.5268379994565,0.0 -43.388479,-17.5268279994566,0.0 -43.388961,-17.5269339994565,0.0 -43.389635,-17.5271049994565,0.0 -43.390114,-17.5271189994565,0.0 -43.39057,-17.5271789994565,0.0 -43.391026,-17.5272169994565,0.0 -43.391482,-17.5272769994565,0.0 -43.392058,-17.5273119994565,0.0 -43.392512,-17.5272809994565,0.0 -43.39294,-17.5270889994565,0.0 -43.393293,-17.5267839994566,0.0 -43.393646,-17.5265009994566,0.0 -43.393854,-17.5261069994566,0.0 -43.394203,-17.5255949994566,0.0 -43.394482,-17.5252219994566,0.0 -43.394903,-17.5247079994566,0.0 -43.395085,-17.5242219994566,0.0 -43.395244,-17.5238059994566,0.0 -43.395426,-17.5233199994566,0.0 -43.395559,-17.5228349994567,0.0 -43.39555,-17.5223749994567,0.0 -43.395659,-17.5218679994567,0.0 -43.395698,-17.5214069994567,0.0 -43.395999,-17.5208959994567,0.0 -43.39623,-17.5204779994567,0.0 -43.396533,-17.5200819994567,0.0 -43.396764,-17.5196639994567,0.0 -43.397019,-17.5192449994568,0.0 -43.397226,-17.5188509994568,0.0 -43.397217,-17.5183679994568,0.0 -43.397134,-17.5178409994568,0.0 -43.396886,-17.5174319994568,0.0 -43.396615,-17.5170699994568,0.0 -43.396227,-17.5168239994568,0.0 -43.395745,-17.5166729994568,0.0 -43.395289,-17.5166119994568,0.0 -43.394689,-17.5165779994568,0.0 -43.394211,-17.5166319994568,0.0 -43.393686,-17.5167109994568,0.0 -43.393184,-17.5167439994568,0.0 -43.392564,-17.5168699994568,0.0 -43.392086,-17.5169249994568,0.0 -43.391634,-17.5170719994568,0.0 -43.391109,-17.5171959994568,0.0 -43.390538,-17.5173679994568,0.0 -43.390014,-17.5174929994568,0.0 -43.389561,-17.5176159994568,0.0 -43.389061,-17.5177399994568,0.0 -43.388609,-17.5179099994568,0.0 -43.388107,-17.5179419994568,0.0 -43.387532,-17.5179529994568,0.0 -43.387053,-17.5179389994568,0.0 -43.386522,-17.5177419994568,0.0 -43.386085,-17.5174739994568,0.0 -43.385624,-17.5171609994568,0.0 -43.385186,-17.5168019994568,0.0 -43.384701,-17.5165349994568,0.0 -43.38429,-17.5163359994568,0.0 -43.383806,-17.5161149994568,0.0 -43.383348,-17.5159399994568,0.0 -43.382888,-17.5156959994568,0.0 -43.382452,-17.5154739994569,0.0 -43.38197,-17.5153219994569,0.0 -43.381559,-17.5151229994569,0.0 -43.381102,-17.5150399994569,0.0 -43.380551,-17.5150039994569,0.0 -43.380003,-17.5151749994569,0.0 -43.379504,-17.5153689994569,0.0 -43.379031,-17.5156529994569,0.0 -43.378581,-17.5159139994568,0.0 -43.378179,-17.5161519994568,0.0 -43.377801,-17.5164109994568,0.0 -43.377448,-17.5167169994568,0.0 -43.377024,-17.5170689994568,0.0 -43.376599,-17.5173759994568,0.0 -43.376246,-17.5176809994568,0.0 -43.375943,-17.5180779994568,0.0 -43.375589,-17.5183599994568,0.0 -43.375167,-17.5187819994568,0.0 -43.37479,-17.5190869994568,0.0 -43.374438,-17.5194389994568,0.0 -43.374157,-17.5197889994567,0.0 -43.373902,-17.5202069994567,0.0 -43.3736,-17.5206719994567,0.0 -43.373443,-17.5211579994567,0.0 -43.373138,-17.5215079994567,0.0 -43.372836,-17.5219729994567,0.0 -43.372459,-17.5222789994567,0.0 -43.372057,-17.5225159994567,0.0 -43.37158,-17.5226169994567,0.0 -43.371002,-17.5224669994567,0.0 -43.370614,-17.5222219994567,0.0 -43.37013,-17.5219549994567,0.0 -43.369765,-17.5216859994567,0.0 -43.369353,-17.5214409994567,0.0 -43.368576,-17.5209039994567,0.0 -43.367921,-17.5205249994567,0.0 -43.367459,-17.5201889994567,0.0 -43.366999,-17.5199219994567,0.0 -43.366562,-17.5196549994567,0.0 -43.366173,-17.5193629994567,0.0 -43.36576,-17.5190719994568,0.0 -43.365417,-17.5186649994568,0.0 -43.365193,-17.5182549994568,0.0 -43.364823,-17.5177339994568,0.0 -43.364718,-17.5172989994568,0.0 -43.364827,-17.5167689994568,0.0 -43.365106,-17.5163499994568,0.0 -43.365409,-17.5159069994568,0.0 -43.365423,-17.5154249994569,0.0 -43.365582,-17.5149849994569,0.0 -43.365786,-17.5144299994569,0.0 -43.365848,-17.5139459994569,0.0 -43.365837,-17.5134179994569,0.0 -43.365803,-17.5129129994569,0.0 -43.365626,-17.5124339994569,0.0 -43.365401,-17.5119779994569,0.0 -43.365201,-17.511567999457,0.0 -43.364977,-17.511158999457,0.0 -43.364728,-17.510680999457,0.0 -43.364528,-17.510270999457,0.0 -43.364351,-17.509814999457,0.0 -43.364198,-17.509357999457,0.0 -43.364069,-17.508854999457,0.0 -43.363916,-17.508420999457,0.0 -43.363835,-17.5079629994571,0.0 -43.363683,-17.5075289994571,0.0 -43.363577,-17.5070719994571,0.0 -43.363378,-17.5066619994571,0.0 -43.363225,-17.5062049994571,0.0 -43.362952,-17.5057499994571,0.0 -43.362633,-17.5053659994571,0.0 -43.362339,-17.5050269994571,0.0 -43.362068,-17.5046639994572,0.0 -43.361771,-17.5042099994572,0.0 -43.361475,-17.5037789994572,0.0 -43.361204,-17.5033929994572,0.0 -43.360931,-17.5029389994572,0.0 -43.36059,-17.5026229994572,0.0 -43.360317,-17.5021459994572,0.0 -43.360093,-17.5017359994572,0.0 -43.359844,-17.5007709994573,0.0 -43.3596285,-17.5001333994573,0.0 -43.359556,-17.4999189994573,0.0 -43.359343,-17.4995259994573,0.0 -43.359082,-17.4991099994573,0.0 -43.358821,-17.4987409994573,0.0 -43.358536,-17.4983249994573,0.0 -43.358107,-17.4980919994573,0.0 -43.357726,-17.4977209994573,0.0 -43.357224,-17.4974879994573,0.0 -43.356746,-17.4973239994573,0.0 -43.356316,-17.4971369994574,0.0 -43.355862,-17.4969269994574,0.0 -43.355359,-17.4968319994574,0.0 -43.354808,-17.4967589994574,0.0 -43.354281,-17.4967559994574,0.0 -43.353802,-17.4967069994574,0.0 -43.352699,-17.4966999994574,0.0 -43.352123,-17.4967879994574,0.0 -43.351643,-17.4968999994574,0.0 -43.351139,-17.4970339994574,0.0 -43.350368,-17.4975809994573,0.0 -43.350197,-17.4979939994573,0.0 -43.350218,-17.4984769994573,0.0 -43.350455,-17.4988699994573,0.0 -43.350764,-17.4992169994573,0.0 -43.350977,-17.4996089994573,0.0 -43.351238,-17.4999559994573,0.0 -43.351588,-17.5003779994573,0.0 -43.351859,-17.5007639994573,0.0 -43.352086,-17.5013109994572,0.0 -43.352262,-17.5017439994572,0.0 -43.352466,-17.5023379994572,0.0 -43.352787,-17.5028139994572,0.0 -43.352867,-17.5032499994572,0.0 -43.352996,-17.5037069994572,0.0 -43.353149,-17.5041399994572,0.0 -43.353254,-17.5046209994572,0.0 -43.353264,-17.5051029994571,0.0 -43.353346,-17.5056069994571,0.0 -43.353426,-17.5060429994571,0.0 -43.353412,-17.5065019994571,0.0 -43.353373,-17.5069399994571,0.0 -43.353406,-17.5073759994571,0.0 -43.353368,-17.5079049994571,0.0 -43.353257,-17.5083439994571,0.0 -43.353076,-17.508829999457,0.0 -43.352966,-17.509313999457,0.0 -43.352758,-17.509708999457,0.0 -43.352432,-17.510173999457,0.0 -43.352201,-17.510591999457,0.0 -43.351872,-17.510896999457,0.0 -43.351446,-17.511134999457,0.0 -43.350993,-17.511257999457,0.0 -43.350419,-17.511268999457,0.0 -43.349961,-17.511161999457,0.0 -43.349457,-17.511079999457,0.0 -43.348977,-17.511042999457,0.0 -43.348375,-17.510892999457,0.0 -43.347846,-17.510787999457,0.0 -43.347364,-17.510612999457,0.0 -43.346858,-17.510484999457,0.0 -43.346329,-17.510356999457,0.0 -43.345753,-17.510297999457,0.0 -43.345226,-17.510307999457,0.0 -43.344748,-17.510339999457,0.0 -43.344247,-17.510417999457,0.0 -43.343794,-17.510540999457,0.0 -43.343321,-17.510825999457,0.0 -43.342872,-17.511132999457,0.0 -43.342471,-17.511438999457,0.0 -43.342166,-17.511765999457,0.0 -43.341838,-17.5121169994569,0.0 -43.341558,-17.5124899994569,0.0 -43.341159,-17.5129109994569,0.0 -43.340879,-17.5132609994569,0.0 -43.340599,-17.5136339994569,0.0 -43.340297,-17.5140989994569,0.0 -43.340017,-17.5144489994569,0.0 -43.339739,-17.5149139994569,0.0 -43.339363,-17.5152649994569,0.0 -43.33906,-17.5156839994569,0.0 -43.338732,-17.5160579994568,0.0 -43.338428,-17.5164079994568,0.0 -43.3381,-17.5167819994568,0.0 -43.337747,-17.5171099994568,0.0 -43.337321,-17.5173479994568,0.0 -43.336943,-17.5176309994568,0.0 -43.336492,-17.5177999994568,0.0 -43.335993,-17.5180159994568,0.0 -43.33559,-17.5182299994568,0.0 -43.335163,-17.5184219994568,0.0 -43.334687,-17.5185689994568,0.0 -43.33421,-17.5186459994568,0.0 -43.333757,-17.5187469994568,0.0 -43.333255,-17.5188249994568,0.0 -43.332729,-17.5188579994568,0.0 -43.332277,-17.5190039994568,0.0 -43.331727,-17.5190599994568,0.0 -43.331201,-17.5190699994568,0.0 -43.330673,-17.5190559994568,0.0 -43.330218,-17.5190189994568,0.0 -43.329761,-17.5189579994568,0.0 -43.329283,-17.5189669994568,0.0 -43.328802,-17.5188839994568,0.0 -43.328343,-17.5187089994568,0.0 -43.327835,-17.5184419994568,0.0 -43.327447,-17.5181969994568,0.0 -43.32708,-17.5178359994568,0.0 -43.326715,-17.5175209994568,0.0 -43.326397,-17.5172049994568,0.0 -43.326032,-17.5168899994568,0.0 -43.325667,-17.5165979994568,0.0 -43.325232,-17.5164219994568,0.0 -43.324776,-17.5163619994568,0.0 -43.324295,-17.5162789994568,0.0 -43.323744,-17.5162889994568,0.0 -43.323265,-17.5162749994568,0.0 -43.322738,-17.5162839994568,0.0 -43.322283,-17.5162699994568,0.0 -43.321733,-17.5163259994568,0.0 -43.321185,-17.5164279994568,0.0 -43.320493,-17.5165559994568,0.0 -43.320017,-17.5167249994568,0.0 -43.319541,-17.5168719994568,0.0 -43.319066,-17.5170869994568,0.0 -43.31852,-17.5173039994568,0.0 -43.318117,-17.5175179994568,0.0 -43.317594,-17.5177119994568,0.0 -43.317121,-17.5179959994568,0.0 -43.316694,-17.5182339994568,0.0 -43.316317,-17.5185169994568,0.0 -43.315916,-17.5188459994568,0.0 -43.315541,-17.5192199994568,0.0 -43.31507,-17.5196199994567,0.0 -43.314718,-17.5200169994567,0.0 -43.314345,-17.5205059994567,0.0 -43.314043,-17.5209709994567,0.0 -43.313766,-17.5214819994567,0.0 -43.313392,-17.5219709994567,0.0 -43.313112,-17.5223439994567,0.0 -43.312785,-17.5227409994567,0.0 -43.312696,-17.5229419994567,0.0 -43.312578,-17.5231579994567,0.0 -43.312444,-17.5236659994566,0.0 -43.312164,-17.5240619994566,0.0 -43.311813,-17.5244589994566,0.0 -43.311534,-17.5248549994566,0.0 -43.311133,-17.5252069994566,0.0 -43.310805,-17.5255339994566,0.0 -43.3105,-17.5258619994566,0.0 -43.310147,-17.5261899994566,0.0 -43.309818,-17.5265179994566,0.0 -43.309346,-17.5268249994566,0.0 -43.308848,-17.5270869994565,0.0 -43.308396,-17.5272329994565,0.0 -43.307869,-17.5272429994565,0.0 -43.30736,-17.5269529994565,0.0 -43.306993,-17.5265459994566,0.0 -43.306696,-17.5260919994566,0.0 -43.30652,-17.5256589994566,0.0 -43.306462,-17.5251319994566,0.0 -43.306381,-17.5246729994566,0.0 -43.306324,-17.5242379994566,0.0 -43.306363,-17.5238009994566,0.0 -43.306305,-17.5232959994566,0.0 -43.306247,-17.5227459994567,0.0 -43.306285,-17.5222849994567,0.0 -43.306371,-17.5218009994567,0.0 -43.306579,-17.5214069994567,0.0 -43.306908,-17.5210789994567,0.0 -43.307261,-17.5207509994567,0.0 -43.307638,-17.5204679994567,0.0 -43.308036,-17.5200239994567,0.0 -43.308317,-17.5196749994567,0.0 -43.308646,-17.5193699994567,0.0 -43.309096,-17.5191089994568,0.0 -43.309595,-17.5188929994568,0.0 -43.309997,-17.5186789994568,0.0 -43.310687,-17.5184129994568,0.0 -43.311112,-17.5181299994568,0.0 -43.311561,-17.5177999994568,0.0 -43.311914,-17.5174949994568,0.0 -43.312242,-17.5171209994568,0.0 -43.312568,-17.5167009994568,0.0 -43.312725,-17.5161699994568,0.0 -43.312859,-17.5156619994568,0.0 -43.312945,-17.5151549994569,0.0 -43.313031,-17.5146939994569,0.0 -43.313047,-17.5142569994569,0.0 -43.313085,-17.5137739994569,0.0 -43.313052,-17.5133379994569,0.0 -43.313041,-17.5127859994569,0.0 -43.31308,-17.5123259994569,0.0 -43.313047,-17.511866999457,0.0 -43.312963,-17.511293999457,0.0 -43.31293,-17.510811999457,0.0 -43.312895,-17.510283999457,0.0 -43.312907,-17.509663999457,0.0 -43.312896,-17.509088999457,0.0 -43.312838,-17.508607999457,0.0 -43.312924,-17.5081239994571,0.0 -43.313202,-17.5076589994571,0.0 -43.313458,-17.5072869994571,0.0 -43.313808,-17.5068209994571,0.0 -43.314112,-17.5064699994571,0.0 -43.314585,-17.5061629994571,0.0 -43.315013,-17.5059939994571,0.0 -43.315536,-17.5057779994571,0.0 -43.315987,-17.5055859994571,0.0 -43.316509,-17.5053689994571,0.0 -43.316962,-17.5052459994571,0.0 -43.317416,-17.5051919994571,0.0 -43.317892,-17.5050679994571,0.0 -43.318393,-17.5049669994571,0.0 -43.318942,-17.5048879994571,0.0 -43.319563,-17.5047849994571,0.0 -43.320137,-17.5047509994571,0.0 -43.32071,-17.5046719994571,0.0 -43.321213,-17.5046619994571,0.0 -43.321738,-17.5046069994572,0.0 -43.322482,-17.5046619994571,0.0 -43.323032,-17.5046289994572,0.0 -43.323486,-17.5045749994572,0.0 -43.32401,-17.5044269994572,0.0 -43.324509,-17.5042569994572,0.0 -43.324911,-17.5039969994572,0.0 -43.325265,-17.5037139994572,0.0 -43.325666,-17.5034309994572,0.0 -43.326113,-17.5030319994572,0.0 -43.326513,-17.5026799994572,0.0 -43.32696,-17.5022819994572,0.0 -43.327336,-17.5018839994572,0.0 -43.327687,-17.5014869994572,0.0 -43.328039,-17.5011359994572,0.0 -43.328464,-17.5008289994573,0.0 -43.328864,-17.5004769994573,0.0 -43.329558,-17.5000509994573,0.0 -43.330359,-17.4997519994573,0.0 -43.331106,-17.4994699994573,0.0 -43.331685,-17.4989989994573,0.0 -43.332023,-17.4986329994573,0.0 -43.332314,-17.4982209994573,0.0 -43.33258,-17.4978319994573,0.0 -43.332751,-17.4974189994573,0.0 -43.332923,-17.4968909994574,0.0 -43.33307,-17.4964319994574,0.0 -43.333169,-17.4959719994574,0.0 -43.333244,-17.4955129994574,0.0 -43.333272,-17.4950529994574,0.0 -43.333371,-17.4945939994574,0.0 -43.333494,-17.4941349994574,0.0 -43.333546,-17.4936059994574,0.0 -43.333693,-17.4931239994575,0.0 -43.333864,-17.4927109994575,0.0 -43.334178,-17.4922989994575,0.0 -43.334445,-17.4919329994575,0.0 -43.334663,-17.4915199994575,0.0 -43.335098,-17.4911089994575,0.0 -43.335651,-17.4908599994575,0.0 -43.336107,-17.4907019994575,0.0 -43.336683,-17.4905909994575,0.0 -43.33714,-17.4904789994575,0.0 -43.33762,-17.4903209994575,0.0 -43.338197,-17.4901409994575,0.0 -43.338654,-17.4898449994575,0.0 -43.338825,-17.4893859994576,0.0 -43.338877,-17.4889259994576,0.0 -43.338953,-17.4883519994576,0.0 -43.338956,-17.4878919994576,0.0 -43.338864,-17.4873389994576,0.0 -43.338724,-17.4867859994576,0.0 -43.338584,-17.4862559994577,0.0 -43.338372,-17.4857489994577,0.0 -43.337992,-17.4852859994577,0.0 -43.337539,-17.4848919994577,0.0 -43.337134,-17.4845669994577,0.0 -43.336705,-17.4842189994577,0.0 -43.3363,-17.4839179994577,0.0 -43.335846,-17.4836619994577,0.0 -43.335272,-17.4834969994577,0.0 -43.33477,-17.4833559994577,0.0 -43.334291,-17.4832829994577,0.0 -43.333837,-17.4831649994577,0.0 -43.33319,-17.4830919994577,0.0 -43.33264,-17.4829499994577,0.0 -43.332161,-17.4829009994577,0.0 -43.331706,-17.4827829994577,0.0 -43.331252,-17.4826419994577,0.0 -43.330726,-17.4825009994578,0.0 -43.330128,-17.4823129994578,0.0 -43.329673,-17.4821949994578,0.0 -43.329194,-17.4821449994578,0.0 -43.328717,-17.4818659994578,0.0 -43.328408,-17.4815419994578,0.0 -43.327955,-17.4812399994578,0.0 -43.327525,-17.4809839994578,0.0 -43.326666,-17.4804259994578,0.0 -43.32626,-17.4802169994578,0.0 -43.325903,-17.4799149994578,0.0 -43.325378,-17.4795669994578,0.0 -43.324519,-17.4791009994578,0.0 -43.324138,-17.4786839994578,0.0 -43.323757,-17.4783829994579,0.0 -43.323376,-17.4780349994579,0.0 -43.322947,-17.4776869994579,0.0 -43.322639,-17.4771789994579,0.0 -43.322235,-17.4767169994579,0.0 -43.321902,-17.4763689994579,0.0 -43.321738,-17.4758849994579,0.0 -43.321358,-17.4753309994579,0.0 -43.320835,-17.474820999458,0.0 -43.320311,-17.474426999458,0.0 -43.319835,-17.473916999458,0.0 -43.319312,-17.473361999458,0.0 -43.318978,-17.473060999458,0.0 -43.318404,-17.472941999458,0.0 -43.317734,-17.472775999458,0.0 -43.317255,-17.472749999458,0.0 -43.316752,-17.472654999458,0.0 -43.316225,-17.472650999458,0.0 -43.315532,-17.472438999458,0.0 -43.314694,-17.472226999458,0.0 -43.31424,-17.472154999458,0.0 -43.313689,-17.472058999458,0.0 -43.313163,-17.471824999458,0.0 -43.312734,-17.471592999458,0.0 -43.312256,-17.471358999458,0.0 -43.311587,-17.4711249994581,0.0 -43.311013,-17.4709599994581,0.0 -43.31039,-17.4708639994581,0.0 -43.309888,-17.4707909994581,0.0 -43.309362,-17.4705809994581,0.0 -43.308836,-17.4704159994581,0.0 -43.308357,-17.4703209994581,0.0 -43.307879,-17.4701569994581,0.0 -43.3074,-17.4701759994581,0.0 -43.306895,-17.4703109994581,0.0 -43.306486,-17.4705609994581,0.0 -43.306006,-17.4706729994581,0.0 -43.305573,-17.4709229994581,0.0 -43.30514,-17.4711039994581,0.0 -43.304684,-17.4712619994581,0.0 -43.304156,-17.4713039994581,0.0 -43.30358,-17.471415999458,0.0 -43.303005,-17.471342999458,0.0 -43.302551,-17.4712479994581,0.0 -43.302024,-17.4711749994581,0.0 -43.30157,-17.4709879994581,0.0 -43.301044,-17.4708229994581,0.0 -43.300447,-17.4705659994581,0.0 -43.299945,-17.4703789994581,0.0 -43.299492,-17.4699619994581,0.0 -43.299208,-17.4695459994581,0.0 -43.298971,-17.4691299994581,0.0 -43.298928,-17.4685779994581,0.0 -43.299098,-17.4681419994581,0.0 -43.299294,-17.4676829994582,0.0 -43.299585,-17.4671559994582,0.0 -43.299875,-17.4668129994582,0.0 -43.300166,-17.4664009994582,0.0 -43.300456,-17.4660349994582,0.0 -43.300795,-17.4655539994582,0.0 -43.300966,-17.4651189994582,0.0 -43.301256,-17.4647529994582,0.0 -43.301619,-17.4643639994582,0.0 -43.302005,-17.4639299994583,0.0 -43.302248,-17.4635169994583,0.0 -43.302612,-17.4629679994583,0.0 -43.302854,-17.4625549994583,0.0 -43.303265,-17.4620979994583,0.0 -43.303484,-17.4617089994583,0.0 -43.303703,-17.4612499994583,0.0 -43.30371,-17.4602839994583,0.0 -43.303665,-17.4598239994584,0.0 -43.303337,-17.4588549994584,0.0 -43.303029,-17.4584389994584,0.0 -43.302505,-17.4578839994584,0.0 -43.302101,-17.4574669994584,0.0 -43.301768,-17.4571659994584,0.0 -43.301387,-17.4567949994584,0.0 -43.30103,-17.4564249994585,0.0 -43.300553,-17.4561909994585,0.0 -43.300027,-17.4559809994585,0.0 -43.299526,-17.4557239994585,0.0 -43.299071,-17.4556519994585,0.0 -43.298591,-17.4557179994585,0.0 -43.298086,-17.4559219994585,0.0 -43.297678,-17.4561259994585,0.0 -43.297196,-17.4563759994585,0.0 -43.296692,-17.4565559994584,0.0 -43.295566,-17.4565479994585,0.0 -43.295085,-17.4566599994584,0.0 -43.294556,-17.4569789994584,0.0 -43.294242,-17.4572979994584,0.0 -43.293928,-17.4576409994584,0.0 -43.293299,-17.4583729994584,0.0 -43.292864,-17.4588989994584,0.0 -43.292454,-17.4593099994584,0.0 -43.291973,-17.4595369994584,0.0 -43.291587,-17.4597869994584,0.0 -43.291155,-17.4599909994584,0.0 -43.290649,-17.4602639994583,0.0 -43.290216,-17.4605139994583,0.0 -43.28976,-17.4605569994583,0.0 -43.289162,-17.4604379994583,0.0 -43.288707,-17.4603659994583,0.0 -43.288254,-17.4601099994584,0.0 -43.287873,-17.4597619994584,0.0 -43.287446,-17.4591609994584,0.0 -43.287402,-17.4587009994584,0.0 -43.287453,-17.4582409994584,0.0 -43.287552,-17.4577819994584,0.0 -43.2877,-17.4572999994584,0.0 -43.287991,-17.4568189994584,0.0 -43.288281,-17.4564299994585,0.0 -43.288644,-17.4559489994585,0.0 -43.288888,-17.4554449994585,0.0 -43.288916,-17.4548239994585,0.0 -43.2888,-17.4543629994585,0.0 -43.288612,-17.4539019994585,0.0 -43.288399,-17.4534399994585,0.0 -43.288163,-17.4530479994585,0.0 -43.287998,-17.4525869994586,0.0 -43.287715,-17.4520559994586,0.0 -43.287359,-17.4515469994586,0.0 -43.286788,-17.4509679994586,0.0 -43.286432,-17.4505289994586,0.0 -43.286197,-17.4499059994586,0.0 -43.28613,-17.4493079994586,0.0 -43.286253,-17.4488249994587,0.0 -43.286257,-17.4483419994587,0.0 -43.286117,-17.4477659994587,0.0 -43.285929,-17.4473509994587,0.0 -43.285693,-17.4468669994587,0.0 -43.285696,-17.4463839994587,0.0 -43.285795,-17.4459469994587,0.0 -43.285895,-17.4454879994587,0.0 -43.286234,-17.4449149994588,0.0 -43.286764,-17.4445279994588,0.0 -43.287174,-17.4442779994588,0.0 -43.287702,-17.4440739994588,0.0 -43.288254,-17.4440089994588,0.0 -43.288758,-17.4438739994588,0.0 -43.289454,-17.4437869994588,0.0 -43.290076,-17.4438599994588,0.0 -43.290555,-17.4439789994588,0.0 -43.29108,-17.4442119994588,0.0 -43.29163,-17.4443769994588,0.0 -43.29218,-17.4445189994588,0.0 -43.292707,-17.4445919994588,0.0 -43.293162,-17.4445719994588,0.0 -43.293666,-17.4444829994588,0.0 -43.294145,-17.4444859994588,0.0 -43.294649,-17.4444209994588,0.0 -43.295297,-17.4443329994588,0.0 -43.295801,-17.4441529994588,0.0 -43.29621,-17.4439249994588,0.0 -43.296692,-17.4436069994588,0.0 -43.297006,-17.4432409994588,0.0 -43.297539,-17.4425079994588,0.0 -43.297854,-17.4420279994588,0.0 -43.298216,-17.4415929994589,0.0 -43.298507,-17.4411349994589,0.0 -43.298846,-17.4406999994589,0.0 -43.299136,-17.4403109994589,0.0 -43.299331,-17.4398529994589,0.0 -43.299502,-17.4394399994589,0.0 -43.299697,-17.4390269994589,0.0 -43.299868,-17.4385909994589,0.0 -43.300111,-17.438178999459,0.0 -43.300186,-17.437695999459,0.0 -43.300237,-17.437259999459,0.0 -43.300289,-17.436776999459,0.0 -43.300296,-17.435810999459,0.0 -43.300275,-17.435350999459,0.0 -43.300183,-17.434889999459,0.0 -43.299923,-17.434404999459,0.0 -43.29959,-17.4340119994591,0.0 -43.299329,-17.4336419994591,0.0 -43.299093,-17.4332499994591,0.0 -43.29876,-17.4328559994591,0.0 -43.298379,-17.4325089994591,0.0 -43.298071,-17.4321389994591,0.0 -43.297714,-17.4317449994591,0.0 -43.297405,-17.4313749994591,0.0 -43.297074,-17.4308439994591,0.0 -43.296694,-17.4303579994592,0.0 -43.296434,-17.4298729994592,0.0 -43.296173,-17.4295039994592,0.0 -43.295865,-17.4291109994592,0.0 -43.295605,-17.4286259994592,0.0 -43.295275,-17.4277949994592,0.0 -43.295111,-17.4273569994592,0.0 -43.294899,-17.4268499994593,0.0 -43.294686,-17.4264109994593,0.0 -43.29445,-17.4259499994593,0.0 -43.294166,-17.4254649994593,0.0 -43.293858,-17.4250489994593,0.0 -43.293455,-17.4244709994593,0.0 -43.293074,-17.4241229994593,0.0 -43.292717,-17.4238449994593,0.0 -43.292336,-17.4234969994593,0.0 -43.291789,-17.4230099994594,0.0 -43.291456,-17.4226859994594,0.0 -43.290933,-17.4220849994594,0.0 -43.290624,-17.4217369994594,0.0 -43.29022,-17.4212289994594,0.0 -43.28996,-17.4207669994594,0.0 -43.289534,-17.4201429994594,0.0 -43.289201,-17.4197269994594,0.0 -43.288869,-17.4192869994595,0.0 -43.288657,-17.4188719994595,0.0 -43.288446,-17.4181339994595,0.0 -43.288306,-17.4176959994595,0.0 -43.288314,-17.4166609994595,0.0 -43.288389,-17.4162249994595,0.0 -43.288536,-17.4156969994596,0.0 -43.288993,-17.4154699994596,0.0 -43.289426,-17.4152889994596,0.0 -43.290003,-17.4150629994596,0.0 -43.290412,-17.4148359994596,0.0 -43.290844,-17.4146319994596,0.0 -43.291349,-17.4144739994596,0.0 -43.291973,-17.4143169994596,0.0 -43.292501,-17.4141599994596,0.0 -43.293006,-17.4138409994596,0.0 -43.293463,-17.4136149994596,0.0 -43.293873,-17.4133409994596,0.0 -43.2940412,-17.4131249994596,0.0 -43.294211,-17.4129069994596,0.0 -43.294311,-17.4124239994596,0.0 -43.294194,-17.4119859994597,0.0 -43.293814,-17.4116159994597,0.0 -43.293409,-17.4112449994597,0.0 -43.293028,-17.4108739994597,0.0 -43.292576,-17.4105259994597,0.0 -43.292218,-17.4102479994597,0.0 -43.291838,-17.4098999994597,0.0 -43.291457,-17.4095989994597,0.0 -43.291052,-17.4091819994597,0.0 -43.290552,-17.4087649994597,0.0 -43.290172,-17.4083249994597,0.0 -43.28984,-17.4079779994598,0.0 -43.289508,-17.4074919994598,0.0 -43.289223,-17.4070529994598,0.0 -43.288939,-17.4067059994598,0.0 -43.288463,-17.4062659994598,0.0 -43.288082,-17.4058729994598,0.0 -43.287749,-17.4055479994598,0.0 -43.28732,-17.4052689994598,0.0 -43.286891,-17.4050359994598,0.0 -43.286246,-17.4047329994598,0.0 -43.285817,-17.4044539994599,0.0 -43.285411,-17.4042439994599,0.0 -43.284982,-17.4040109994599,0.0 -43.284625,-17.4036869994599,0.0 -43.284292,-17.4032929994599,0.0 -43.284008,-17.4029009994599,0.0 -43.283795,-17.4024849994599,0.0 -43.28356,-17.4019539994599,0.0 -43.283419,-17.4015159994599,0.0 -43.283255,-17.4010319994599,0.0 -43.283186,-17.40057199946,0.0 -43.283095,-17.40001899946,0.0 -43.282955,-17.39948899946,0.0 -43.282719,-17.39895899946,0.0 -43.282531,-17.39849699946,0.0 -43.282175,-17.39801199946,0.0 -43.281819,-17.39766399946,0.0 -43.281462,-17.39727099946,0.0 -43.281153,-17.3969239994601,0.0 -43.280749,-17.3965069994601,0.0 -43.280416,-17.3962059994601,0.0 -43.279941,-17.3956729994601,0.0 -43.279921,-17.3950979994601,0.0 -43.279853,-17.3946149994601,0.0 -43.279977,-17.3940409994601,0.0 -43.280341,-17.3934449994602,0.0 -43.280632,-17.3929869994602,0.0 -43.280874,-17.3925749994602,0.0 -43.281212,-17.3922319994602,0.0 -43.281743,-17.3917529994602,0.0 -43.282343,-17.3915729994602,0.0 -43.282799,-17.3914379994602,0.0 -43.283376,-17.3911889994602,0.0 -43.283832,-17.3910769994602,0.0 -43.284264,-17.3909189994602,0.0 -43.28472,-17.3908989994602,0.0 -43.285367,-17.3908339994602,0.0 -43.285942,-17.3908379994602,0.0 -43.286398,-17.3907259994602,0.0 -43.286903,-17.3904999994602,0.0 -43.287407,-17.3902959994602,0.0 -43.287864,-17.3900689994602,0.0 -43.288442,-17.3897279994603,0.0 -43.288996,-17.3893179994603,0.0 -43.289358,-17.3889529994603,0.0 -43.2896,-17.3885629994603,0.0 -43.289962,-17.3881749994603,0.0 -43.290277,-17.3877859994603,0.0 -43.290543,-17.3873739994603,0.0 -43.290906,-17.3869389994603,0.0 -43.291317,-17.3863899994603,0.0 -43.291679,-17.3860699994604,0.0 -43.292113,-17.3856359994604,0.0 -43.292547,-17.3852479994604,0.0 -43.293054,-17.3846999994604,0.0 -43.293393,-17.3842879994604,0.0 -43.293802,-17.3840149994604,0.0 -43.294259,-17.3836959994604,0.0 -43.294645,-17.3833989994604,0.0 -43.295151,-17.3830119994604,0.0 -43.295608,-17.3826699994605,0.0 -43.295899,-17.3823039994605,0.0 -43.296141,-17.3818689994605,0.0 -43.296313,-17.3813639994605,0.0 -43.296389,-17.3807889994605,0.0 -43.296153,-17.3803279994605,0.0 -43.295916,-17.3799119994605,0.0 -43.295486,-17.3797249994605,0.0 -43.295411,-17.3796809994605,0.0 -43.294675,-17.3792589994605,0.0 -43.29415,-17.3789799994605,0.0 -43.293672,-17.3788619994606,0.0 -43.293145,-17.3789269994605,0.0 -43.292665,-17.3790619994605,0.0 -43.291969,-17.3792409994605,0.0 -43.291465,-17.3793299994605,0.0 -43.291032,-17.3795569994605,0.0 -43.290408,-17.3797819994605,0.0 -43.289398,-17.3802359994605,0.0 -43.288942,-17.3803929994605,0.0 -43.288367,-17.3804589994605,0.0 -43.287815,-17.3805469994605,0.0 -43.287143,-17.3807259994605,0.0 -43.286687,-17.3807689994605,0.0 -43.286039,-17.3809489994605,0.0 -43.285559,-17.3811749994605,0.0 -43.28503,-17.3814019994605,0.0 -43.284597,-17.3816519994605,0.0 -43.284188,-17.3818789994605,0.0 -43.283683,-17.3821979994605,0.0 -43.283321,-17.3824939994605,0.0 -43.282767,-17.3828809994604,0.0 -43.282286,-17.3831769994604,0.0 -43.281948,-17.3834739994604,0.0 -43.281587,-17.3837699994604,0.0 -43.281153,-17.3841119994604,0.0 -43.280767,-17.3844779994604,0.0 -43.280237,-17.3849339994604,0.0 -43.279923,-17.3852769994604,0.0 -43.279585,-17.3856199994604,0.0 -43.279223,-17.3859159994604,0.0 -43.278886,-17.3862129994604,0.0 -43.278571,-17.3865789994603,0.0 -43.278233,-17.3869439994603,0.0 -43.277871,-17.3873099994603,0.0 -43.277437,-17.3877899994603,0.0 -43.277002,-17.3881779994603,0.0 -43.276544,-17.3886349994603,0.0 -43.276183,-17.3889079994603,0.0 -43.275892,-17.3892739994603,0.0 -43.275482,-17.3897309994603,0.0 -43.275072,-17.3900969994602,0.0 -43.273914,-17.3911929994602,0.0 -43.273528,-17.3915349994602,0.0 -43.273142,-17.3918539994602,0.0 -43.272828,-17.3921969994602,0.0 -43.272562,-17.3925629994602,0.0 -43.272272,-17.3929289994602,0.0 -43.271934,-17.3932489994602,0.0 -43.271524,-17.3935909994601,0.0 -43.27109,-17.3939559994601,0.0 -43.270126,-17.3947549994601,0.0 -43.269692,-17.3951429994601,0.0 -43.269113,-17.3955989994601,0.0 -43.268631,-17.3960319994601,0.0 -43.268197,-17.3964659994601,0.0 -43.26793,-17.3968779994601,0.0 -43.267639,-17.3972669994601,0.0 -43.267278,-17.39758699946,0.0 -43.266796,-17.39797499946,0.0 -43.266338,-17.39833899946,0.0 -43.265807,-17.39888799946,0.0 -43.265372,-17.39936799946,0.0 -43.265104,-17.39998699946,0.0 -43.264956,-17.40049199946,0.0 -43.264953,-17.40095199946,0.0 -43.264829,-17.4014109994599,0.0 -43.264754,-17.4018699994599,0.0 -43.26475,-17.4023759994599,0.0 -43.264818,-17.4028829994599,0.0 -43.264814,-17.4035039994599,0.0 -43.264738,-17.4040319994599,0.0 -43.264543,-17.4044909994599,0.0 -43.264252,-17.4049489994598,0.0 -43.263938,-17.4052689994598,0.0 -43.26348,-17.4056109994598,0.0 -43.262903,-17.4058829994598,0.0 -43.262446,-17.4060859994598,0.0 -43.261966,-17.4061749994598,0.0 -43.261414,-17.4063549994598,0.0 -43.260935,-17.4063519994598,0.0 -43.260264,-17.4063239994598,0.0 -43.259786,-17.4062289994598,0.0 -43.25926,-17.4061329994598,0.0 -43.258709,-17.4060599994598,0.0 -43.258087,-17.4058949994598,0.0 -43.257584,-17.4058919994598,0.0 -43.257034,-17.4058649994598,0.0 -43.256555,-17.4058379994598,0.0 -43.256028,-17.4057889994598,0.0 -43.255524,-17.4058769994598,0.0 -43.254972,-17.4060109994598,0.0 -43.254539,-17.4062379994598,0.0 -43.254201,-17.4065579994598,0.0 -43.253887,-17.4069009994598,0.0 -43.253645,-17.4072899994598,0.0 -43.253306,-17.4077249994598,0.0 -43.253015,-17.4081829994598,0.0 -43.252653,-17.4085249994598,0.0 -43.252363,-17.4088679994597,0.0 -43.251878,-17.4096469994597,0.0 -43.251635,-17.4100589994597,0.0 -43.251223,-17.4106769994597,0.0 -43.250932,-17.4111579994597,0.0 -43.250689,-17.4115699994597,0.0 -43.250349,-17.4121889994597,0.0 -43.25013,-17.4126469994596,0.0 -43.249934,-17.4131749994596,0.0 -43.249787,-17.4136569994596,0.0 -43.249614,-17.4143459994596,0.0 -43.249419,-17.4147579994596,0.0 -43.249033,-17.4151469994596,0.0 -43.248647,-17.4154429994596,0.0 -43.247972,-17.4160129994595,0.0 -43.247586,-17.4163099994595,0.0 -43.247177,-17.4165829994595,0.0 -43.246815,-17.4169019994595,0.0 -43.24631,-17.4172209994595,0.0 -43.2459,-17.4174709994595,0.0 -43.245468,-17.4176749994595,0.0 -43.245058,-17.4179709994595,0.0 -43.244673,-17.4182439994595,0.0 -43.24424,-17.4184709994595,0.0 -43.243878,-17.4187439994595,0.0 -43.243493,-17.4189949994595,0.0 -43.243036,-17.4192209994595,0.0 -43.242674,-17.4194949994595,0.0 -43.242264,-17.4199059994594,0.0 -43.241855,-17.4201789994594,0.0 -43.241469,-17.4205209994594,0.0 -43.24113,-17.4209559994594,0.0 -43.240815,-17.4214369994594,0.0 -43.2405,-17.4218949994594,0.0 -43.240233,-17.4223529994594,0.0 -43.239966,-17.4227189994594,0.0 -43.239652,-17.4230849994594,0.0 -43.239361,-17.4235649994593,0.0 -43.238949,-17.4240919994593,0.0 -43.238635,-17.4244109994593,0.0 -43.238369,-17.4247999994593,0.0 -43.23815,-17.4252589994593,0.0 -43.237882,-17.4257629994593,0.0 -43.237664,-17.4261519994593,0.0 -43.237516,-17.4266569994593,0.0 -43.237488,-17.4271169994592,0.0 -43.23758,-17.4276239994592,0.0 -43.237488,-17.4271859994592,0.0 -43.237197,-17.4275979994592,0.0 -43.236931,-17.4279869994592,0.0 -43.236687,-17.4284689994592,0.0 -43.236469,-17.4288579994592,0.0 -43.236273,-17.4293629994592,0.0 -43.23627,-17.4298229994592,0.0 -43.235837,-17.4300269994592,0.0 -43.235285,-17.4301149994592,0.0 -43.23483,-17.4300419994592,0.0 -43.234352,-17.4299009994592,0.0 -43.233732,-17.4295749994592,0.0 -43.23335,-17.4293189994592,0.0 -43.233041,-17.4289949994592,0.0 -43.232637,-17.4286239994592,0.0 -43.232328,-17.4282769994592,0.0 -43.23202,-17.4278599994592,0.0 -43.231546,-17.4271899994592,0.0 -43.231167,-17.4265659994593,0.0 -43.23086,-17.4260809994593,0.0 -43.230552,-17.4256189994593,0.0 -43.230411,-17.4251809994593,0.0 -43.230223,-17.4247649994593,0.0 -43.230108,-17.4241209994593,0.0 -43.230114,-17.4234309994593,0.0 -43.230189,-17.4229479994594,0.0 -43.230197,-17.4219359994594,0.0 -43.230296,-17.4214769994594,0.0 -43.2303,-17.4209709994594,0.0 -43.230352,-17.4204879994594,0.0 -43.230428,-17.4199829994594,0.0 -43.230503,-17.4195459994594,0.0 -43.230579,-17.4190179994595,0.0 -43.230655,-17.4184199994595,0.0 -43.230683,-17.4179839994595,0.0 -43.230855,-17.4174559994595,0.0 -43.231051,-17.4168589994595,0.0 -43.231199,-17.4163309994595,0.0 -43.231346,-17.4158259994595,0.0 -43.231446,-17.4152979994596,0.0 -43.231645,-17.4143799994596,0.0 -43.231673,-17.4138739994596,0.0 -43.231772,-17.4134369994596,0.0 -43.231824,-17.4129319994596,0.0 -43.231828,-17.4124259994596,0.0 -43.231904,-17.4118969994597,0.0 -43.232099,-17.4114159994597,0.0 -43.23215,-17.4109789994597,0.0 -43.232226,-17.4104739994597,0.0 -43.232351,-17.4098529994597,0.0 -43.232402,-17.4093939994597,0.0 -43.23243,-17.4089109994597,0.0 -43.232362,-17.4084049994598,0.0 -43.231981,-17.4081029994598,0.0 -43.231121,-17.4077749994598,0.0 -43.230642,-17.4077249994598,0.0 -43.230115,-17.4077449994598,0.0 -43.229636,-17.4077409994598,0.0 -43.22918,-17.4078529994598,0.0 -43.228699,-17.4080559994598,0.0 -43.227737,-17.4085099994597,0.0 -43.227329,-17.4087139994597,0.0 -43.226873,-17.4088249994597,0.0 -43.22644,-17.4090059994597,0.0 -43.226055,-17.4092799994597,0.0 -43.225669,-17.4095299994597,0.0 -43.22526,-17.4097569994597,0.0 -43.224683,-17.4100289994597,0.0 -43.224178,-17.4103239994597,0.0 -43.223769,-17.4105509994597,0.0 -43.223239,-17.4108229994597,0.0 -43.222806,-17.4111419994597,0.0 -43.222492,-17.4114619994597,0.0 -43.222082,-17.4117809994597,0.0 -43.2216,-17.4120999994596,0.0 -43.220998,-17.4125549994596,0.0 -43.220589,-17.4128049994596,0.0 -43.220203,-17.4130789994596,0.0 -43.219746,-17.4133739994596,0.0 -43.219337,-17.4135779994596,0.0 -43.218808,-17.4138279994596,0.0 -43.218375,-17.4140769994596,0.0 -43.217918,-17.4143039994596,0.0 -43.217604,-17.4142779994596,0.0 -43.217702,-17.4143489994596,0.0 -43.218059,-17.4146269994596,0.0 -43.218271,-17.4150659994596,0.0 -43.218531,-17.4155279994596,0.0 -43.218816,-17.4158979994595,0.0 -43.218956,-17.4163359994595,0.0 -43.219168,-17.4167509994595,0.0 -43.219549,-17.4170759994595,0.0 -43.219978,-17.4173779994595,0.0 -43.220311,-17.4177019994595,0.0 -43.220715,-17.4180729994595,0.0 -43.220952,-17.4185119994595,0.0 -43.220996,-17.4189719994595,0.0 -43.220706,-17.4193149994595,0.0 -43.220297,-17.4195189994595,0.0 -43.219817,-17.4196309994594,0.0 -43.219384,-17.4198809994594,0.0 -43.21907,-17.4201999994594,0.0 -43.218875,-17.4206129994594,0.0 -43.218724,-17.4214859994594,0.0 -43.218553,-17.4218989994594,0.0 -43.219007,-17.4220169994594,0.0 -43.219486,-17.4221119994594,0.0 -43.219916,-17.4223229994594,0.0 -43.220128,-17.4227149994594,0.0 -43.220268,-17.4231989994594,0.0 -43.220288,-17.4236819994593,0.0 -43.220381,-17.4241429994593,0.0 -43.220617,-17.4245359994593,0.0 -43.221047,-17.4246999994593,0.0 -43.221502,-17.4247259994593,0.0 -43.222005,-17.4247299994593,0.0 -43.222508,-17.4247559994593,0.0 -43.222987,-17.4247829994593,0.0 -43.223368,-17.4251299994593,0.0 -43.223677,-17.4254549994593,0.0 -43.223864,-17.4259849994593,0.0 -43.223957,-17.4264229994593,0.0 -43.224001,-17.4268829994592,0.0 -43.223877,-17.4273879994592,0.0 -43.22373,-17.4278239994592,0.0 -43.223583,-17.4282829994592,0.0 -43.223627,-17.4288119994592,0.0 -43.223719,-17.4292729994592,0.0 -43.223907,-17.4297339994592,0.0 -43.224192,-17.4301039994592,0.0 -43.224693,-17.4303609994592,0.0 -43.225172,-17.4303179994592,0.0 -43.225651,-17.4303679994592,0.0 -43.225935,-17.4308529994591,0.0 -43.225931,-17.4313359994591,0.0 -43.226095,-17.4318199994591,0.0 -43.226548,-17.4320989994591,0.0 -43.226977,-17.4323779994591,0.0 -43.227503,-17.4325429994591,0.0 -43.227836,-17.4328439994591,0.0 -43.228073,-17.4332369994591,0.0 -43.227687,-17.4334869994591,0.0 -43.227161,-17.4333689994591,0.0 -43.226705,-17.4334799994591,0.0 -43.22663,-17.4339399994591,0.0 -43.22677,-17.4344009994591,0.0 -43.226762,-17.435389999459,0.0 -43.226447,-17.435824999459,0.0 -43.226037,-17.436166999459,0.0 -43.2257,-17.436462999459,0.0 -43.225409,-17.436805999459,0.0 -43.225286,-17.437310999459,0.0 -43.225282,-17.437793999459,0.0 -43.225614,-17.4381649994589,0.0 -43.225947,-17.4384659994589,0.0 -43.226232,-17.4388589994589,0.0 -43.226253,-17.4392959994589,0.0 -43.226393,-17.4397569994589,0.0 -43.226844,-17.4402889994589,0.0 -43.22739,-17.4409369994589,0.0 -43.228105,-17.4414479994589,0.0 -43.228317,-17.4418409994589,0.0 -43.228386,-17.4423009994588,0.0 -43.227953,-17.4425049994588,0.0 -43.227474,-17.4424099994588,0.0 -43.227135,-17.4429359994588,0.0 -43.227011,-17.4434649994588,0.0 -43.226458,-17.4436679994588,0.0 -43.226144,-17.4440559994588,0.0 -43.22602,-17.4444929994588,0.0 -43.226041,-17.4449759994588,0.0 -43.226157,-17.4454359994587,0.0 -43.226465,-17.4458529994587,0.0 -43.226846,-17.4462229994587,0.0 -43.227203,-17.4465479994587,0.0 -43.227632,-17.4467809994587,0.0 -43.22811,-17.4469909994587,0.0 -43.228202,-17.4474289994587,0.0 -43.228127,-17.4478659994587,0.0 -43.227694,-17.4481159994587,0.0 -43.22757,-17.4485519994587,0.0 -43.227591,-17.4489889994587,0.0 -43.227468,-17.4494249994586,0.0 -43.227272,-17.4499069994586,0.0 -43.227054,-17.4502959994586,0.0 -43.226978,-17.4507319994586,0.0 -43.226974,-17.4512379994586,0.0 -43.226684,-17.4516499994586,0.0 -43.226178,-17.4518999994586,0.0 -43.225722,-17.4520799994586,0.0 -43.225241,-17.4522149994586,0.0 -43.224761,-17.4524189994586,0.0 -43.224518,-17.4528309994586,0.0 -43.224514,-17.4532909994585,0.0 -43.224774,-17.4537989994585,0.0 -43.225034,-17.4542139994585,0.0 -43.22515,-17.4547439994585,0.0 -43.225146,-17.4552269994585,0.0 -43.224999,-17.4556859994585,0.0 -43.224803,-17.4561679994585,0.0 -43.224823,-17.4566509994584,0.0 -43.225084,-17.4570209994584,0.0 -43.225344,-17.4574829994584,0.0 -43.225484,-17.4579439994584,0.0 -43.225576,-17.4584499994584,0.0 -43.225645,-17.4589109994584,0.0 -43.225641,-17.4593709994584,0.0 -43.225445,-17.4598519994584,0.0 -43.225154,-17.4603559994583,0.0 -43.22503,-17.4608609994583,0.0 -43.224955,-17.4612979994583,0.0 -43.224903,-17.4617809994583,0.0 -43.224876,-17.4622399994583,0.0 -43.224705,-17.4626529994583,0.0 -43.224485,-17.4631119994583,0.0 -43.224052,-17.4634069994583,0.0 -43.223761,-17.4637729994583,0.0 -43.223351,-17.4640919994582,0.0 -43.222919,-17.4642729994582,0.0 -43.222439,-17.4643389994582,0.0 -43.221983,-17.4643589994582,0.0 -43.221716,-17.4648169994582,0.0 -43.221616,-17.4653679994582,0.0 -43.221541,-17.4658039994582,0.0 -43.221298,-17.4662629994582,0.0 -43.220935,-17.4666049994582,0.0 -43.220692,-17.4670169994582,0.0 -43.220641,-17.4674769994582,0.0 -43.220829,-17.4678919994581,0.0 -43.221066,-17.4683079994581,0.0 -43.221423,-17.4685869994581,0.0 -43.221708,-17.4689569994581,0.0 -43.221824,-17.4693939994581,0.0 -43.221486,-17.4696909994581,0.0 -43.221363,-17.4701269994581,0.0 -43.221407,-17.4705869994581,0.0 -43.221475,-17.4711169994581,0.0 -43.221352,-17.471575999458,0.0 -43.221324,-17.472058999458,0.0 -43.221779,-17.472153999458,0.0 -43.222015,-17.472546999458,0.0 -43.222227,-17.473053999458,0.0 -43.222705,-17.473241999458,0.0 -43.223086,-17.473519999458,0.0 -43.223178,-17.474003999458,0.0 -43.223366,-17.474465999458,0.0 -43.223626,-17.474903999458,0.0 -43.223983,-17.4753439994579,0.0 -43.224315,-17.4757369994579,0.0 -43.224817,-17.4759019994579,0.0 -43.225053,-17.4763409994579,0.0 -43.225483,-17.4765969994579,0.0 -43.225987,-17.4764619994579,0.0 -43.226443,-17.4763509994579,0.0 -43.226873,-17.4765839994579,0.0 -43.226989,-17.4770219994579,0.0 -43.227105,-17.4774819994579,0.0 -43.227535,-17.4777149994579,0.0 -43.228015,-17.4776499994579,0.0 -43.228471,-17.4775609994579,0.0 -43.228852,-17.4778629994579,0.0 -43.228896,-17.4783459994579,0.0 -43.228701,-17.4788279994578,0.0 -43.228482,-17.4792629994578,0.0 -43.228311,-17.4796759994578,0.0 -43.228764,-17.4798859994578,0.0 -43.229268,-17.4798669994578,0.0 -43.229724,-17.4798009994578,0.0 -43.230009,-17.4801479994578,0.0 -43.230125,-17.4806089994578,0.0 -43.23024,-17.4811619994578,0.0 -43.2305,-17.4816239994578,0.0 -43.230641,-17.4820619994578,0.0 -43.230781,-17.4825459994577,0.0 -43.231017,-17.4829379994577,0.0 -43.231373,-17.4834699994577,0.0 -43.231609,-17.4838859994577,0.0 -43.231942,-17.4841869994577,0.0 -43.232251,-17.4845339994577,0.0 -43.23256,-17.4848589994577,0.0 -43.232821,-17.4852969994577,0.0 -43.232913,-17.4857349994577,0.0 -43.232957,-17.4862869994576,0.0 -43.232929,-17.4867469994576,0.0 -43.23283,-17.4871829994576,0.0 -43.232779,-17.4876199994576,0.0 -43.232918,-17.4881269994576,0.0 -43.233179,-17.4885429994576,0.0 -43.233415,-17.4890049994576,0.0 -43.233627,-17.4894659994576,0.0 -43.233672,-17.4899029994575,0.0 -43.23362,-17.4904089994575,0.0 -43.233591,-17.4910069994575,0.0 -43.233732,-17.4914449994575,0.0 -43.233896,-17.4918829994575,0.0 -43.234036,-17.4923899994575,0.0 -43.2342,-17.4928049994575,0.0 -43.234292,-17.4933119994575,0.0 -43.234337,-17.4937489994574,0.0 -43.234548,-17.4942799994574,0.0 -43.234713,-17.4946949994574,0.0 -43.234734,-17.4951319994574,0.0 -43.23473,-17.4955919994574,0.0 -43.23475,-17.4960519994574,0.0 -43.234795,-17.4965129994574,0.0 -43.234791,-17.4969959994574,0.0 -43.234692,-17.4974549994573,0.0 -43.234521,-17.4978679994573,0.0 -43.234254,-17.4982339994573,0.0 -43.234107,-17.4986929994573,0.0 -43.233888,-17.4991049994573,0.0 -43.233717,-17.4995179994573,0.0 -43.233629,-17.5001529994573,0.0 -43.233554,-17.5008299994573,0.0 -43.233515,-17.5012769994572,0.0 -43.233448,-17.5022839994572,0.0 -43.233481,-17.5027199994572,0.0 -43.233443,-17.5032489994572,0.0 -43.233236,-17.5036669994572,0.0 -43.232833,-17.5038809994572,0.0 -43.232381,-17.5040499994572,0.0 -43.231929,-17.5041959994572,0.0 -43.231427,-17.5042049994572,0.0 -43.230973,-17.5042589994572,0.0 -43.230498,-17.5044739994572,0.0 -43.230071,-17.5046659994571,0.0 -43.229644,-17.5049029994571,0.0 -43.229194,-17.5051409994571,0.0 -43.228865,-17.5054459994571,0.0 -43.228487,-17.5057509994571,0.0 -43.228183,-17.5061239994571,0.0 -43.227807,-17.5064759994571,0.0 -43.227551,-17.5068709994571,0.0 -43.22732,-17.5072889994571,0.0 -43.227161,-17.5077279994571,0.0 -43.22705,-17.5081899994571,0.0 -43.226842,-17.508583999457,0.0 -43.22644,-17.508820999457,0.0 -43.225987,-17.508943999457,0.0 -43.225536,-17.509112999457,0.0 -43.225328,-17.509529999457,0.0 -43.225289,-17.509966999457,0.0 -43.225345,-17.510402999457,0.0 -43.225499,-17.510928999457,0.0 -43.225627,-17.511362999457,0.0 -43.225827,-17.511795999457,0.0 -43.225956,-17.5122759994569,0.0 -43.226109,-17.5127559994569,0.0 -43.226166,-17.5132149994569,0.0 -43.226223,-17.5136499994569,0.0 -43.226304,-17.5141539994569,0.0 -43.226338,-17.5146589994569,0.0 -43.226445,-17.5152539994569,0.0 -43.226647,-17.5157789994568,0.0 -43.226847,-17.5162119994568,0.0 -43.22707,-17.5165989994568,0.0 -43.22727,-17.5170089994568,0.0 -43.227589,-17.5174169994568,0.0 -43.227884,-17.5177789994568,0.0 -43.228225,-17.5180949994568,0.0 -43.228614,-17.5184089994568,0.0 -43.228979,-17.5187019994568,0.0 -43.229322,-17.5190629994568,0.0 -43.229616,-17.5194019994568,0.0 -43.229768,-17.5198359994567,0.0 -43.22992,-17.5202929994567,0.0 -43.23005,-17.5208189994567,0.0 -43.230132,-17.5213229994567,0.0 -43.230236,-17.5217579994567,0.0 -43.230412,-17.5221679994567,0.0 -43.230612,-17.5226239994567,0.0 -43.23105,-17.5229379994567,0.0 -43.23132,-17.5233009994567,0.0 -43.231521,-17.5237569994566,0.0 -43.231577,-17.5241929994566,0.0 -43.231538,-17.5246299994566,0.0 -43.23145,-17.5250679994566,0.0 -43.231339,-17.5255059994566,0.0 -43.231133,-17.5259699994566,0.0 -43.230902,-17.5264329994566,0.0 -43.230671,-17.5268509994566,0.0 -43.230346,-17.5273629994565,0.0 -43.22998,-17.5282419994565,0.0 -43.229725,-17.5287059994565,0.0 -43.229422,-17.5291249994565,0.0 -43.229119,-17.5295669994565,0.0 -43.228766,-17.5298489994565,0.0 -43.228243,-17.5300659994565,0.0 -43.22789,-17.5303709994565,0.0 -43.227731,-17.5308559994564,0.0 -43.227548,-17.5312729994564,0.0 -43.227341,-17.5317359994564,0.0 -43.227208,-17.5322439994564,0.0 -43.227025,-17.5327069994564,0.0 -43.226962,-17.5331449994564,0.0 -43.226852,-17.5336749994564,0.0 -43.226838,-17.5341579994564,0.0 -43.226799,-17.5346179994563,0.0 -43.226712,-17.5350789994563,0.0 -43.226649,-17.5355399994563,0.0 -43.22661,-17.5359999994563,0.0 -43.226499,-17.5364619994563,0.0 -43.22639,-17.5369919994563,0.0 -43.226231,-17.5374539994563,0.0 -43.226048,-17.5378939994563,0.0 -43.225889,-17.5383109994562,0.0 -43.22585,-17.5387709994562,0.0 -43.225978,-17.5392049994562,0.0 -43.226272,-17.5395679994562,0.0 -43.226519,-17.5399539994562,0.0 -43.226552,-17.5403899994562,0.0 -43.226537,-17.5408499994562,0.0 -43.226642,-17.5413069994562,0.0 -43.226841,-17.5417169994561,0.0 -43.227112,-17.5421029994561,0.0 -43.227502,-17.5424409994561,0.0 -43.22782,-17.5428029994561,0.0 -43.228234,-17.5431399994561,0.0 -43.228601,-17.5435239994561,0.0 -43.22885,-17.5440249994561,0.0 -43.229074,-17.5444579994561,0.0 -43.229178,-17.5448919994561,0.0 -43.229389,-17.545852999456,0.0 -43.229454,-17.546724999456,0.0 -43.229391,-17.547185999456,0.0 -43.229401,-17.547713999456,0.0 -43.229314,-17.548152999456,0.0 -43.229276,-17.548681999456,0.0 -43.229117,-17.549097999456,0.0 -43.229055,-17.5496049994559,0.0 -43.228895,-17.5500209994559,0.0 -43.22876,-17.5504829994559,0.0 -43.228697,-17.5509439994559,0.0 -43.228563,-17.5514059994559,0.0 -43.228501,-17.5519119994559,0.0 -43.228462,-17.5523729994559,0.0 -43.228383,-17.5532469994558,0.0 -43.228393,-17.5537759994558,0.0 -43.228355,-17.5542589994558,0.0 -43.228319,-17.5548799994558,0.0 -43.22828,-17.5553399994558,0.0 -43.228265,-17.5557999994558,0.0 -43.228154,-17.5562609994558,0.0 -43.228115,-17.5566989994557,0.0 -43.228028,-17.5571369994557,0.0 -43.228037,-17.5576189994557,0.0 -43.227974,-17.5580799994557,0.0 -43.227945,-17.5590449994557,0.0 -43.227883,-17.5595519994557,0.0 -43.227868,-17.5599889994557,0.0 -43.227805,-17.5604719994556,0.0 -43.227718,-17.5609109994556,0.0 -43.227583,-17.5613729994556,0.0 -43.227473,-17.5618569994556,0.0 -43.227409,-17.5622949994556,0.0 -43.227442,-17.5627309994556,0.0 -43.227738,-17.5631619994556,0.0 -43.228103,-17.5634539994556,0.0 -43.228491,-17.5636999994556,0.0 -43.228902,-17.5639219994556,0.0 -43.229315,-17.5642139994555,0.0 -43.229792,-17.5641129994555,0.0 -43.230246,-17.5640129994555,0.0 -43.2307,-17.5639589994556,0.0 -43.231077,-17.5636769994556,0.0 -43.231578,-17.5635299994556,0.0 -43.232031,-17.5634529994556,0.0 -43.232487,-17.5635129994556,0.0 -43.232942,-17.5634589994556,0.0 -43.23342,-17.5634049994556,0.0 -43.233873,-17.5633279994556,0.0 -43.234325,-17.5631819994556,0.0 -43.234849,-17.5630119994556,0.0 -43.2353,-17.5627739994556,0.0 -43.235798,-17.5625349994556,0.0 -43.236201,-17.5622979994556,0.0 -43.236651,-17.5620599994556,0.0 -43.237101,-17.5617989994556,0.0 -43.237529,-17.5616309994556,0.0 -43.237982,-17.5615309994556,0.0 -43.238461,-17.5614989994556,0.0 -43.238915,-17.5614679994556,0.0 -43.239374,-17.5616439994556,0.0 -43.239808,-17.5617969994556,0.0 -43.240196,-17.5620419994556,0.0 -43.240538,-17.5623809994556,0.0 -43.240764,-17.5629279994556,0.0 -43.240964,-17.5633379994556,0.0 -43.24126,-17.5637689994556,0.0 -43.241435,-17.5641799994555,0.0 -43.241731,-17.5646109994555,0.0 -43.242051,-17.5650189994555,0.0 -43.242345,-17.5653809994555,0.0 -43.242545,-17.5658139994555,0.0 -43.242817,-17.5662459994555,0.0 -43.243041,-17.5666559994555,0.0 -43.243291,-17.5672029994555,0.0 -43.24354,-17.5677039994554,0.0 -43.243839,-17.5682959994554,0.0 -43.244064,-17.5687509994554,0.0 -43.244312,-17.5691829994554,0.0 -43.244583,-17.5695459994554,0.0 -43.24483,-17.5699319994554,0.0 -43.24515,-17.5703629994554,0.0 -43.245373,-17.5707729994554,0.0 -43.245768,-17.5713859994554,0.0 -43.246087,-17.5717709994553,0.0 -43.246359,-17.5722019994553,0.0 -43.246631,-17.5726109994553,0.0 -43.246952,-17.5730879994553,0.0 -43.247246,-17.5734269994553,0.0 -43.247446,-17.5738829994553,0.0 -43.247646,-17.5742929994553,0.0 -43.24787,-17.5747259994553,0.0 -43.248023,-17.5751819994552,0.0 -43.248079,-17.5756179994552,0.0 -43.248136,-17.5760999994552,0.0 -43.248122,-17.5765819994552,0.0 -43.248145,-17.5777769994552,0.0 -43.248061,-17.5783529994552,0.0 -43.247974,-17.5787909994551,0.0 -43.247815,-17.5792529994551,0.0 -43.247632,-17.5797159994551,0.0 -43.247425,-17.5801559994551,0.0 -43.247218,-17.5805739994551,0.0 -43.246865,-17.5809249994551,0.0 -43.24644,-17.5812079994551,0.0 -43.246037,-17.5814219994551,0.0 -43.245489,-17.5815929994551,0.0 -43.244633,-17.5819299994551,0.0 -43.244134,-17.5821459994551,0.0 -43.243708,-17.5824059994551,0.0 -43.243404,-17.582778999455,0.0 -43.243124,-17.583174999455,0.0 -43.242869,-17.583615999455,0.0 -43.242661,-17.584009999455,0.0 -43.242454,-17.584427999455,0.0 -43.242248,-17.584936999455,0.0 -43.241992,-17.585308999455,0.0 -43.241858,-17.585793999455,0.0 -43.241651,-17.5862339994549,0.0 -43.24154,-17.5866729994549,0.0 -43.241477,-17.5871339994549,0.0 -43.241437,-17.5875709994549,0.0 -43.241446,-17.5880299994549,0.0 -43.241383,-17.5884679994549,0.0 -43.241512,-17.5889479994549,0.0 -43.241714,-17.5894499994549,0.0 -43.241818,-17.5898849994548,0.0 -43.242018,-17.5903409994548,0.0 -43.24229,-17.5907489994548,0.0 -43.242585,-17.5911119994548,0.0 -43.243126,-17.5918369994548,0.0 -43.243373,-17.5922239994548,0.0 -43.243621,-17.5926329994548,0.0 -43.243796,-17.5930429994548,0.0 -43.243949,-17.5934999994548,0.0 -43.244029,-17.5939349994547,0.0 -43.244134,-17.5943929994547,0.0 -43.244167,-17.5948289994547,0.0 -43.244247,-17.5952639994547,0.0 -43.24433,-17.5958139994547,0.0 -43.244411,-17.5962949994547,0.0 -43.244492,-17.5967529994547,0.0 -43.24462,-17.5971869994547,0.0 -43.244987,-17.5975939994546,0.0 -43.245377,-17.5979319994546,0.0 -43.246464,-17.5983719994546,0.0 -43.246853,-17.5986409994546,0.0 -43.247336,-17.5988389994546,0.0 -43.24784,-17.5989219994546,0.0 -43.248323,-17.5990739994546,0.0 -43.248804,-17.5991799994546,0.0 -43.249309,-17.5992629994546,0.0 -43.24979,-17.5993689994546,0.0 -43.250245,-17.5993839994546,0.0 -43.250702,-17.5994669994546,0.0 -43.251183,-17.5995739994546,0.0 -43.252095,-17.5996489994546,0.0 -43.252627,-17.5998689994546,0.0 -43.25316,-17.6001809994546,0.0 -43.253501,-17.6004739994546,0.0 -43.253678,-17.6009529994546,0.0 -43.253735,-17.6013889994545,0.0 -43.253746,-17.6019859994545,0.0 -43.253708,-17.6024459994545,0.0 -43.253726,-17.6033649994545,0.0 -43.253695,-17.6042389994545,0.0 -43.253608,-17.6046999994545,0.0 -43.25364,-17.6051359994544,0.0 -43.253626,-17.6056189994544,0.0 -43.253611,-17.6060559994544,0.0 -43.253405,-17.6065649994544,0.0 -43.253295,-17.6070719994544,0.0 -43.253257,-17.6075549994544,0.0 -43.253147,-17.6080629994544,0.0 -43.253132,-17.6085459994543,0.0 -43.253142,-17.6090279994543,0.0 -43.253176,-17.6095559994543,0.0 -43.253195,-17.6105439994543,0.0 -43.253157,-17.6110269994543,0.0 -43.253117,-17.6114639994543,0.0 -43.253079,-17.6119239994543,0.0 -43.252968,-17.6123859994543,0.0 -43.252763,-17.6129179994542,0.0 -43.252604,-17.6134029994542,0.0 -43.252493,-17.6138419994542,0.0 -43.252336,-17.6143729994542,0.0 -43.252177,-17.6148129994542,0.0 -43.252042,-17.6152979994542,0.0 -43.25198,-17.6157579994542,0.0 -43.25194,-17.6161959994541,0.0 -43.251877,-17.6166559994541,0.0 -43.251839,-17.6171399994541,0.0 -43.2518,-17.6175769994541,0.0 -43.251713,-17.6180379994541,0.0 -43.251675,-17.6185669994541,0.0 -43.251694,-17.6195089994541,0.0 -43.251608,-17.620015999454,0.0 -43.251545,-17.620499999454,0.0 -43.251434,-17.620937999454,0.0 -43.251348,-17.621444999454,0.0 -43.251262,-17.621928999454,0.0 -43.2512,-17.622458999454,0.0 -43.251018,-17.622944999454,0.0 -43.250931,-17.6233829994539,0.0 -43.25082,-17.6238439994539,0.0 -43.250637,-17.6243069994539,0.0 -43.250527,-17.6247919994539,0.0 -43.250345,-17.6253009994539,0.0 -43.250236,-17.6258539994539,0.0 -43.250079,-17.6263849994539,0.0 -43.24992,-17.6268479994539,0.0 -43.249738,-17.6273099994538,0.0 -43.249555,-17.6277959994538,0.0 -43.249372,-17.6282129994538,0.0 -43.249261,-17.6286979994538,0.0 -43.249127,-17.6291829994538,0.0 -43.248921,-17.6296919994538,0.0 -43.248786,-17.6301309994538,0.0 -43.248723,-17.6305689994538,0.0 -43.248565,-17.6310769994537,0.0 -43.24843,-17.6315389994537,0.0 -43.248175,-17.6319569994537,0.0 -43.24797,-17.6324889994537,0.0 -43.247788,-17.6330209994537,0.0 -43.247607,-17.6335299994537,0.0 -43.247471,-17.6339689994537,0.0 -43.247362,-17.6344759994536,0.0 -43.247275,-17.6349369994536,0.0 -43.247309,-17.6354649994536,0.0 -43.247369,-17.6361069994536,0.0 -43.247426,-17.6365659994536,0.0 -43.247533,-17.6371149994536,0.0 -43.24776,-17.6376859994536,0.0 -43.24789,-17.6382119994535,0.0 -43.247922,-17.6386479994535,0.0 -43.247932,-17.6391299994535,0.0 -43.247916,-17.6395669994535,0.0 -43.247877,-17.6400039994535,0.0 -43.247744,-17.6405349994535,0.0 -43.24768,-17.6409729994535,0.0 -43.247691,-17.6415009994535,0.0 -43.247773,-17.6420279994535,0.0 -43.247925,-17.6424619994534,0.0 -43.248339,-17.6427989994534,0.0 -43.24868,-17.6430919994534,0.0 -43.249117,-17.6433829994534,0.0 -43.249553,-17.6436279994534,0.0 -43.250037,-17.6438259994534,0.0 -43.250495,-17.6439779994534,0.0 -43.250954,-17.6441539994534,0.0 -43.251869,-17.6443669994534,0.0 -43.252327,-17.6445199994534,0.0 -43.252834,-17.6447409994534,0.0 -43.253269,-17.6449169994534,0.0 -43.253707,-17.6452299994534,0.0 -43.25419,-17.6454279994534,0.0 -43.254579,-17.6456969994533,0.0 -43.25504,-17.6459879994533,0.0 -43.255525,-17.6463009994533,0.0 -43.255914,-17.6465919994533,0.0 -43.256281,-17.6469529994533,0.0 -43.2566,-17.6473149994533,0.0 -43.256941,-17.6476309994533,0.0 -43.257332,-17.6480139994533,0.0 -43.2577,-17.6484209994533,0.0 -43.258065,-17.6487129994533,0.0 -43.258453,-17.6489589994533,0.0 -43.25889,-17.6492269994533,0.0 -43.259327,-17.6495179994532,0.0 -43.259692,-17.6497869994532,0.0 -43.260375,-17.6504179994532,0.0 -43.260763,-17.6506639994532,0.0 -43.261129,-17.6509559994532,0.0 -43.261541,-17.6512009994532,0.0 -43.26186,-17.6515859994532,0.0 -43.26225,-17.6519239994532,0.0 -43.262544,-17.6522629994532,0.0 -43.262862,-17.6525789994532,0.0 -43.263349,-17.6529609994532,0.0 -43.263788,-17.6533669994531,0.0 -43.264177,-17.6536579994531,0.0 -43.265052,-17.6542629994531,0.0 -43.265487,-17.6544389994531,0.0 -43.265898,-17.6546379994531,0.0 -43.266334,-17.6548829994531,0.0 -43.266747,-17.6551279994531,0.0 -43.267662,-17.6553419994531,0.0 -43.268167,-17.6554699994531,0.0 -43.268602,-17.6556229994531,0.0 -43.269084,-17.6557529994531,0.0 -43.269613,-17.6558349994531,0.0 -43.270092,-17.6558489994531,0.0 -43.27074,-17.6559059994531,0.0 -43.27122,-17.6559439994531,0.0 -43.271747,-17.6558879994531,0.0 -43.272708,-17.6560089994531,0.0 -43.273211,-17.6559999994531,0.0 -43.273691,-17.6560369994531,0.0 -43.274147,-17.6560519994531,0.0 -43.274582,-17.6562509994531,0.0 -43.275039,-17.6563339994531,0.0 -43.275495,-17.6563489994531,0.0 -43.275996,-17.6562709994531,0.0 -43.276474,-17.6561929994531,0.0 -43.276952,-17.6560929994531,0.0 -43.277549,-17.6559899994531,0.0 -43.278077,-17.6560259994531,0.0 -43.278579,-17.6559709994531,0.0 -43.279055,-17.6558249994531,0.0 -43.279607,-17.6558379994531,0.0 -43.280137,-17.6559659994531,0.0 -43.280619,-17.6561179994531,0.0 -43.281054,-17.6563169994531,0.0 -43.281536,-17.6564459994531,0.0 -43.282042,-17.6565979994531,0.0 -43.282596,-17.656725999453,0.0 -43.283031,-17.656901999453,0.0 -43.283586,-17.657097999453,0.0 -43.284068,-17.657227999453,0.0 -43.284527,-17.657379999453,0.0 -43.284961,-17.657555999453,0.0 -43.285467,-17.657661999453,0.0 -43.285948,-17.657767999453,0.0 -43.286527,-17.657940999453,0.0 -43.286985,-17.658070999453,0.0 -43.287465,-17.658107999453,0.0 -43.288041,-17.658165999453,0.0 -43.288496,-17.658134999453,0.0 -43.289402,-17.657888999453,0.0 -43.289829,-17.657650999453,0.0 -43.290229,-17.657298999453,0.0 -43.290655,-17.657015999453,0.0 -43.291079,-17.6566409994531,0.0 -43.291408,-17.6562899994531,0.0 -43.291806,-17.6558459994531,0.0 -43.292134,-17.6554499994531,0.0 -43.292487,-17.6551209994531,0.0 -43.29284,-17.6548159994531,0.0 -43.293145,-17.6544889994531,0.0 -43.293401,-17.6540709994531,0.0 -43.293657,-17.6536989994531,0.0 -43.293912,-17.6532799994531,0.0 -43.294023,-17.6528189994532,0.0 -43.294254,-17.6523779994532,0.0 -43.294461,-17.6519379994532,0.0 -43.294764,-17.6514949994532,0.0 -43.295067,-17.6510759994532,0.0 -43.295445,-17.6508169994532,0.0 -43.295898,-17.6506709994532,0.0 -43.29645,-17.6507069994532,0.0 -43.296884,-17.6508589994532,0.0 -43.297273,-17.6511049994532,0.0 -43.297567,-17.6514439994532,0.0 -43.297982,-17.6518499994532,0.0 -43.298348,-17.6521659994532,0.0 -43.298739,-17.6525489994532,0.0 -43.299108,-17.6530249994532,0.0 -43.299403,-17.6533869994531,0.0 -43.299628,-17.6538659994531,0.0 -43.299876,-17.6542979994531,0.0 -43.300029,-17.6547539994531,0.0 -43.3003,-17.6551169994531,0.0 -43.300405,-17.6555749994531,0.0 -43.300901,-17.6564389994531,0.0 -43.301006,-17.656895999453,0.0 -43.301184,-17.657398999453,0.0 -43.301338,-17.657900999453,0.0 -43.301419,-17.658359999453,0.0 -43.301452,-17.658795999453,0.0 -43.301461,-17.659277999453,0.0 -43.301494,-17.659713999453,0.0 -43.301478,-17.660150999453,0.0 -43.301439,-17.660587999453,0.0 -43.301328,-17.6610499994529,0.0 -43.301147,-17.6615579994529,0.0 -43.300963,-17.6619749994529,0.0 -43.300732,-17.6623929994529,0.0 -43.300525,-17.6628339994529,0.0 -43.300318,-17.6632509994529,0.0 -43.300038,-17.6636699994529,0.0 -43.29988,-17.6641549994529,0.0 -43.299697,-17.6645719994528,0.0 -43.299514,-17.6650119994528,0.0 -43.299426,-17.6654499994528,0.0 -43.299363,-17.6658879994528,0.0 -43.299253,-17.6663949994528,0.0 -43.299142,-17.6668339994528,0.0 -43.299009,-17.6673879994528,0.0 -43.298828,-17.6678969994528,0.0 -43.298669,-17.6683589994527,0.0 -43.298461,-17.6687539994527,0.0 -43.29835,-17.6691919994527,0.0 -43.298118,-17.6695869994527,0.0 -43.29796,-17.6700489994527,0.0 -43.297848,-17.6704879994527,0.0 -43.297762,-17.6709719994527,0.0 -43.297627,-17.6714109994527,0.0 -43.297516,-17.6718729994527,0.0 -43.297358,-17.6723349994526,0.0 -43.297223,-17.6727969994526,0.0 -43.29716,-17.6732349994526,0.0 -43.297179,-17.6741999994526,0.0 -43.297211,-17.6746359994526,0.0 -43.297268,-17.6750709994526,0.0 -43.297375,-17.6756209994525,0.0 -43.29748,-17.6760779994525,0.0 -43.297585,-17.6765589994525,0.0 -43.297738,-17.6770389994525,0.0 -43.297891,-17.6774729994525,0.0 -43.298115,-17.6778819994525,0.0 -43.298292,-17.6783609994525,0.0 -43.298366,-17.6784789994525,0.0 -43.298564,-17.6787929994525,0.0 -43.298789,-17.6792489994525,0.0 -43.299085,-17.6796569994524,0.0 -43.299356,-17.6800189994524,0.0 -43.299531,-17.6804299994524,0.0 -43.299804,-17.6808609994524,0.0 -43.299981,-17.6813409994524,0.0 -43.300182,-17.6817969994524,0.0 -43.300263,-17.6822549994524,0.0 -43.300249,-17.6827839994524,0.0 -43.300019,-17.6832699994523,0.0 -43.299764,-17.6836879994523,0.0 -43.299251,-17.6844329994523,0.0 -43.299019,-17.6848279994523,0.0 -43.298666,-17.6851559994523,0.0 -43.298241,-17.6854629994523,0.0 -43.297862,-17.6857219994523,0.0 -43.297632,-17.6861629994523,0.0 -43.297305,-17.6866279994522,0.0 -43.297001,-17.6870249994522,0.0 -43.296769,-17.6874189994522,0.0 -43.296491,-17.6878839994522,0.0 -43.296283,-17.6882779994522,0.0 -43.295955,-17.6886749994522,0.0 -43.295652,-17.6890939994522,0.0 -43.295302,-17.6895829994522,0.0 -43.295023,-17.6900249994522,0.0 -43.294791,-17.6904199994521,0.0 -43.294438,-17.6907479994521,0.0 -43.294133,-17.6910749994521,0.0 -43.293852,-17.6914249994521,0.0 -43.293596,-17.6917969994521,0.0 -43.293267,-17.6921479994521,0.0 -43.292963,-17.6925439994521,0.0 -43.292634,-17.6928709994521,0.0 -43.292428,-17.6933579994521,0.0 -43.292198,-17.6938209994521,0.0 -43.292015,-17.694306999452,0.0 -43.291952,-17.694744999452,0.0 -43.291817,-17.695183999452,0.0 -43.291779,-17.695666999452,0.0 -43.291742,-17.696218999452,0.0 -43.291611,-17.696864999452,0.0 -43.291548,-17.697348999452,0.0 -43.29151,-17.6978319994519,0.0 -43.29135,-17.6982489994519,0.0 -43.291216,-17.6987569994519,0.0 -43.291057,-17.6991729994519,0.0 -43.290825,-17.6995909994519,0.0 -43.290571,-17.7000779994519,0.0 -43.290364,-17.7004949994519,0.0 -43.290181,-17.7009579994519,0.0 -43.289998,-17.7013979994519,0.0 -43.289839,-17.7018609994518,0.0 -43.289704,-17.7022999994518,0.0 -43.289595,-17.7028529994518,0.0 -43.289436,-17.7032699994518,0.0 -43.289348,-17.7037079994518,0.0 -43.289358,-17.7041899994518,0.0 -43.289392,-17.7047179994518,0.0 -43.289474,-17.7051989994518,0.0 -43.289483,-17.7056579994517,0.0 -43.289588,-17.7061159994517,0.0 -43.289597,-17.7065979994517,0.0 -43.28968,-17.7071249994517,0.0 -43.28969,-17.7076539994517,0.0 -43.289773,-17.7082039994517,0.0 -43.289878,-17.7086609994517,0.0 -43.289887,-17.7091439994516,0.0 -43.28992,-17.7096029994516,0.0 -43.290049,-17.7100369994516,0.0 -43.290203,-17.7105399994516,0.0 -43.290331,-17.7109739994516,0.0 -43.290412,-17.7114549994516,0.0 -43.290589,-17.7118879994516,0.0 -43.290789,-17.7123209994516,0.0 -43.291013,-17.7127309994516,0.0 -43.291379,-17.7130689994515,0.0 -43.291769,-17.7133599994515,0.0 -43.292452,-17.7139449994515,0.0 -43.292817,-17.7142599994515,0.0 -43.293183,-17.7145529994515,0.0 -43.293573,-17.7148669994515,0.0 -43.293891,-17.7151829994515,0.0 -43.294209,-17.7155449994515,0.0 -43.294527,-17.7158609994515,0.0 -43.294847,-17.7162459994515,0.0 -43.295165,-17.7165619994514,0.0 -43.295507,-17.7168999994514,0.0 -43.295897,-17.7172149994514,0.0 -43.296407,-17.7175729994514,0.0 -43.296726,-17.7179349994514,0.0 -43.296997,-17.7182979994514,0.0 -43.297338,-17.7185899994514,0.0 -43.297703,-17.7188589994514,0.0 -43.298022,-17.7192209994514,0.0 -43.298414,-17.7196499994514,0.0 -43.298827,-17.7199189994514,0.0 -43.299264,-17.7201859994514,0.0 -43.2998,-17.7206129994513,0.0 -43.300261,-17.7209039994513,0.0 -43.300697,-17.7211249994513,0.0 -43.301159,-17.7214159994513,0.0 -43.301571,-17.7216609994513,0.0 -43.302032,-17.7219279994513,0.0 -43.302517,-17.7222179994513,0.0 -43.302974,-17.7222789994513,0.0 -43.303577,-17.7224519994513,0.0 -43.304057,-17.7225119994513,0.0 -43.304564,-17.7226639994513,0.0 -43.305433,-17.7229689994513,0.0 -43.305965,-17.7231669994513,0.0 -43.306448,-17.7233649994513,0.0 -43.306955,-17.7235619994513,0.0 -43.307487,-17.7237589994513,0.0 -43.308497,-17.7239249994513,0.0 -43.309027,-17.7240529994512,0.0 -43.309629,-17.7242029994512,0.0 -43.310231,-17.7242839994512,0.0 -43.310833,-17.7244329994512,0.0 -43.311291,-17.7245629994512,0.0 -43.311794,-17.7245539994512,0.0 -43.31225,-17.7245679994512,0.0 -43.312779,-17.7246509994512,0.0 -43.313284,-17.7246869994512,0.0 -43.313764,-17.7247249994512,0.0 -43.314221,-17.7247849994512,0.0 -43.314677,-17.7248229994512,0.0 -43.315182,-17.7248829994512,0.0 -43.315687,-17.7249649994512,0.0 -43.316167,-17.7250019994512,0.0 -43.316645,-17.7249019994512,0.0 -43.317123,-17.7248469994512,0.0 -43.317576,-17.7247009994512,0.0 -43.318026,-17.7244629994512,0.0 -43.318548,-17.7241549994512,0.0 -43.319,-17.7240089994512,0.0 -43.319452,-17.7238169994513,0.0 -43.319926,-17.7235319994513,0.0 -43.320279,-17.7232039994513,0.0 -43.320876,-17.7230779994513,0.0 -43.321402,-17.7229999994513,0.0 -43.321856,-17.7229219994513,0.0 -43.322935,-17.7229029994513,0.0 -43.323463,-17.7229389994513,0.0 -43.324014,-17.7229519994513,0.0 -43.324473,-17.7230809994513,0.0 -43.324884,-17.7232809994513,0.0 -43.325275,-17.7236179994513,0.0 -43.325663,-17.7238639994513,0.0 -43.326028,-17.7241329994512,0.0 -43.326417,-17.7244239994512,0.0 -43.32676,-17.7247859994512,0.0 -43.327079,-17.7251249994512,0.0 -43.327303,-17.7255569994512,0.0 -43.327698,-17.7261009994512,0.0 -43.327993,-17.7264859994512,0.0 -43.328313,-17.7268709994512,0.0 -43.328584,-17.7272339994512,0.0 -43.328903,-17.7276189994511,0.0 -43.32927,-17.7280029994511,0.0 -43.329565,-17.7283419994511,0.0 -43.329932,-17.7287029994511,0.0 -43.330346,-17.7290629994511,0.0 -43.330735,-17.7293309994511,0.0 -43.331172,-17.7295989994511,0.0 -43.331584,-17.7298209994511,0.0 -43.332021,-17.7300889994511,0.0 -43.33253,-17.7303559994511,0.0 -43.333065,-17.7307129994511,0.0 -43.333526,-17.7309809994511,0.0 -43.333891,-17.7312729994511,0.0 -43.334236,-17.731748999451,0.0 -43.33446,-17.732134999451,0.0 -43.334711,-17.732681999451,0.0 -43.334841,-17.733207999451,0.0 -43.334898,-17.733643999451,0.0 -43.334907,-17.734102999451,0.0 -43.334868,-17.734540999451,0.0 -43.334805,-17.734977999451,0.0 -43.334765,-17.7354159994509,0.0 -43.334583,-17.7358789994509,0.0 -43.334449,-17.7363869994509,0.0 -43.334266,-17.7368269994509,0.0 -43.333755,-17.7376629994509,0.0 -43.33315,-17.7385929994509,0.0 -43.332919,-17.7390109994508,0.0 -43.332639,-17.7394069994508,0.0 -43.332385,-17.7398709994508,0.0 -43.332129,-17.7402889994508,0.0 -43.331922,-17.7407299994508,0.0 -43.331763,-17.7411459994508,0.0 -43.331488,-17.7417949994508,0.0 -43.331353,-17.7422569994508,0.0 -43.331242,-17.7426949994507,0.0 -43.331132,-17.7431799994507,0.0 -43.331046,-17.7436869994507,0.0 -43.330936,-17.7441949994507,0.0 -43.330899,-17.7447469994507,0.0 -43.330814,-17.7452999994507,0.0 -43.33073,-17.7458989994507,0.0 -43.33074,-17.7463579994506,0.0 -43.330726,-17.7468639994506,0.0 -43.330784,-17.7473679994506,0.0 -43.330915,-17.7479409994506,0.0 -43.330997,-17.7484219994506,0.0 -43.33115,-17.7488779994506,0.0 -43.331171,-17.7499579994506,0.0 -43.331252,-17.7503929994505,0.0 -43.33131,-17.7509199994505,0.0 -43.331439,-17.7513549994505,0.0 -43.33146,-17.7524339994505,0.0 -43.331398,-17.7528949994505,0.0 -43.331287,-17.7533799994505,0.0 -43.33108,-17.7537969994504,0.0 -43.330729,-17.7542169994504,0.0 -43.330401,-17.7546139994504,0.0 -43.330096,-17.7549409994504,0.0 -43.329815,-17.7552909994504,0.0 -43.32951,-17.7556179994504,0.0 -43.329158,-17.7560379994504,0.0 -43.328782,-17.7563899994504,0.0 -43.32843,-17.7567869994504,0.0 -43.328077,-17.7571149994504,0.0 -43.327747,-17.7574429994503,0.0 -43.327491,-17.7578149994503,0.0 -43.327138,-17.7581429994503,0.0 -43.326784,-17.7584479994503,0.0 -43.326455,-17.7587989994503,0.0 -43.326152,-17.7592179994503,0.0 -43.325826,-17.7596839994503,0.0 -43.325545,-17.7600329994503,0.0 -43.325338,-17.7604739994503,0.0 -43.325179,-17.7609129994503,0.0 -43.325044,-17.7613749994502,0.0 -43.325007,-17.7619049994502,0.0 -43.325016,-17.7623869994502,0.0 -43.325266,-17.7628879994502,0.0 -43.325561,-17.7632729994502,0.0 -43.325809,-17.7636589994502,0.0 -43.326081,-17.7640909994502,0.0 -43.32633,-17.7645459994502,0.0 -43.326602,-17.7649539994501,0.0 -43.326994,-17.7653609994501,0.0 -43.327457,-17.7657429994501,0.0 -43.327799,-17.7660579994501,0.0 -43.328142,-17.7664199994501,0.0 -43.328507,-17.7666889994501,0.0 -43.328897,-17.7670029994501,0.0 -43.329312,-17.7673399994501,0.0 -43.329654,-17.7676789994501,0.0 -43.330071,-17.7681079994501,0.0 -43.330532,-17.7683979994501,0.0 -43.330946,-17.76868899945,0.0 -43.331287,-17.76898199945,0.0 -43.331845,-17.76931599945,0.0 -43.332328,-17.76946799945,0.0 -43.332786,-17.76957499945,0.0 -43.333245,-17.76974999945,0.0 -43.333919,-17.76985299945,0.0 -43.3344,-17.76993599945,0.0 -43.334955,-17.77008599945,0.0 -43.335434,-17.77010099945,0.0 -43.335919,-17.77032099945,0.0 -43.336309,-17.77065899945,0.0 -43.336771,-17.77097199945,0.0 -43.33716,-17.77124099945,0.0 -43.337573,-17.77148599945,0.0 -43.337964,-17.77184599945,0.0 -43.338568,-17.77208799945,0.0 -43.339027,-17.77224099945,0.0 -43.339441,-17.7725549994499,0.0 -43.33983,-17.7728229994499,0.0 -43.340197,-17.7731839994499,0.0 -43.340779,-17.7734949994499,0.0 -43.341193,-17.7738089994499,0.0 -43.341751,-17.7741439994499,0.0 -43.342164,-17.7743889994499,0.0 -43.34272,-17.7746309994499,0.0 -43.343158,-17.7749219994499,0.0 -43.343523,-17.7752139994499,0.0 -43.344082,-17.7755479994499,0.0 -43.344471,-17.7758399994499,0.0 -43.34486,-17.7760859994499,0.0 -43.345273,-17.7763539994498,0.0 -43.34564,-17.7767149994498,0.0 -43.346006,-17.7770299994498,0.0 -43.346494,-17.7774339994498,0.0 -43.346953,-17.7776099994498,0.0 -43.347461,-17.7778069994498,0.0 -43.347916,-17.7777759994498,0.0 -43.348491,-17.7777879994498,0.0 -43.348949,-17.7778949994498,0.0 -43.349431,-17.7780009994498,0.0 -43.349888,-17.7780839994498,0.0 -43.350369,-17.7781439994498,0.0 -43.350824,-17.7781129994498,0.0 -43.351352,-17.7781029994498,0.0 -43.351906,-17.7782309994498,0.0 -43.352412,-17.7783589994498,0.0 -43.352847,-17.7785119994498,0.0 -43.35333,-17.7786639994498,0.0 -43.35398,-17.7788129994498,0.0 -43.354512,-17.7790329994498,0.0 -43.355041,-17.7790919994498,0.0 -43.3555,-17.7792449994498,0.0 -43.355935,-17.7794199994498,0.0 -43.356372,-17.7796879994497,0.0 -43.356834,-17.7799779994497,0.0 -43.357611,-17.7804689994497,0.0 -43.358121,-17.7807589994497,0.0 -43.358581,-17.7810029994497,0.0 -43.35902,-17.7813629994497,0.0 -43.359363,-17.7817239994497,0.0 -43.359729,-17.7819929994497,0.0 -43.360216,-17.7823749994497,0.0 -43.36063,-17.7826889994497,0.0 -43.360996,-17.7830039994497,0.0 -43.36148,-17.7832239994497,0.0 -43.361939,-17.7833769994497,0.0 -43.362397,-17.7834829994496,0.0 -43.362854,-17.7835439994496,0.0 -43.363312,-17.7836729994496,0.0 -43.363655,-17.7840109994496,0.0 -43.364044,-17.7843029994496,0.0 -43.364482,-17.7845709994496,0.0 -43.364777,-17.7849329994496,0.0 -43.365281,-17.7849689994496,0.0 -43.365764,-17.7851209994496,0.0 -43.366301,-17.7855709994496,0.0 -43.366697,-17.7862069994496,0.0 -43.367091,-17.7867279994496,0.0 -43.367434,-17.7870669994496,0.0 -43.3678,-17.7873589994495,0.0 -43.368166,-17.7876739994495,0.0 -43.368652,-17.7879859994495,0.0 -43.368995,-17.7883249994495,0.0 -43.369336,-17.7886169994495,0.0 -43.369871,-17.7889519994495,0.0 -43.370355,-17.7891729994495,0.0 -43.370768,-17.7894179994495,0.0 -43.371133,-17.7896869994495,0.0 -43.3715,-17.7900709994495,0.0 -43.371987,-17.7904289994495,0.0 -43.372399,-17.7906509994495,0.0 -43.372813,-17.7909419994495,0.0 -43.373591,-17.7914789994494,0.0 -43.374031,-17.7918389994494,0.0 -43.374469,-17.7921759994494,0.0 -43.374929,-17.7923969994494,0.0 -43.375367,-17.7927099994494,0.0 -43.375807,-17.7930929994494,0.0 -43.376318,-17.7934509994494,0.0 -43.376707,-17.7937199994494,0.0 -43.377121,-17.7940109994494,0.0 -43.37751,-17.7942789994494,0.0 -43.377996,-17.7945919994494,0.0 -43.378386,-17.7948829994493,0.0 -43.378776,-17.7952209994493,0.0 -43.379118,-17.7955359994493,0.0 -43.379437,-17.7958519994493,0.0 -43.379756,-17.7962139994493,0.0 -43.380218,-17.7965269994493,0.0 -43.380585,-17.7969109994493,0.0 -43.380952,-17.7972719994493,0.0 -43.381209,-17.7976009994493,0.0 -43.381273,-17.7976789994493,0.0 -43.38133,-17.7981609994493,0.0 -43.3813635,-17.7982736994493,0.0 -43.381459,-17.7985949994492,0.0 -43.381541,-17.7990759994492,0.0 -43.381645,-17.7995109994492,0.0 -43.381665,-17.8004749994492,0.0 -43.381771,-17.8009559994492,0.0 -43.381971,-17.8013889994492,0.0 -43.382318,-17.8019109994492,0.0 -43.382683,-17.8022029994492,0.0 -43.38312,-17.8024469994491,0.0 -43.383702,-17.8027579994491,0.0 -43.384114,-17.8029579994491,0.0 -43.384528,-17.8032489994491,0.0 -43.384823,-17.8036339994491,0.0 -43.385145,-17.8041099994491,0.0 -43.3851758,-17.8041635994491,0.0 -43.385393,-17.8045419994491,0.0 -43.385774,-17.8055689994491,0.0 -43.385879,-17.806026999449,0.0 -43.385938,-17.806553999449,0.0 -43.385923,-17.806990999449,0.0 -43.385932,-17.807450999449,0.0 -43.385773,-17.807866999449,0.0 -43.385688,-17.808419999449,0.0 -43.385603,-17.808949999449,0.0 -43.38542,-17.809412999449,0.0 -43.385142,-17.8098779994489,0.0 -43.384862,-17.8102969994489,0.0 -43.384316,-17.8105829994489,0.0 -43.383913,-17.8107969994489,0.0 -43.383608,-17.8111469994489,0.0 -43.382941,-17.8113889994489,0.0 -43.382439,-17.8114449994489,0.0 -43.381989,-17.8117749994489,0.0 -43.381686,-17.8121709994489,0.0 -43.38148,-17.8126799994489,0.0 -43.381393,-17.8131419994489,0.0 -43.381595,-17.8136199994488,0.0 -43.38175,-17.8141689994488,0.0 -43.38176,-17.8146739994488,0.0 -43.381723,-17.8152039994488,0.0 -43.381756,-17.8156399994488,0.0 -43.381814,-17.8161669994488,0.0 -43.381943,-17.8166009994488,0.0 -43.382167,-17.8169879994488,0.0 -43.382582,-17.8173479994487,0.0 -43.382877,-17.8176869994487,0.0 -43.383219,-17.8180249994487,0.0 -43.383632,-17.8182699994487,0.0 -43.384094,-17.8185599994487,0.0 -43.384508,-17.8188509994487,0.0 -43.384898,-17.8191889994487,0.0 -43.385265,-17.8195499994487,0.0 -43.38556,-17.8198889994487,0.0 -43.385878,-17.8202049994487,0.0 -43.386079,-17.8206379994487,0.0 -43.386232,-17.8210709994486,0.0 -43.386241,-17.8215309994486,0.0 -43.386299,-17.8220119994486,0.0 -43.386237,-17.8224959994486,0.0 -43.386176,-17.8230719994486,0.0 -43.386067,-17.8236019994486,0.0 -43.386052,-17.8240619994486,0.0 -43.385927,-17.8249829994485,0.0 -43.385937,-17.8254659994485,0.0 -43.38585,-17.8259039994485,0.0 -43.385691,-17.8263439994485,0.0 -43.385484,-17.8267839994485,0.0 -43.385204,-17.8272029994485,0.0 -43.384403,-17.8279069994485,0.0 -43.383978,-17.8282599994485,0.0 -43.383601,-17.8285879994484,0.0 -43.38313,-17.8290109994484,0.0 -43.382729,-17.8293629994484,0.0 -43.382376,-17.8297139994484,0.0 -43.382096,-17.8301099994484,0.0 -43.381914,-17.8305959994484,0.0 -43.381876,-17.8310789994484,0.0 -43.381885,-17.8315379994484,0.0 -43.381824,-17.8320909994483,0.0 -43.381546,-17.8325559994483,0.0 -43.381266,-17.8329749994483,0.0 -43.380938,-17.8333249994483,0.0 -43.380632,-17.8336529994483,0.0 -43.380231,-17.8339819994483,0.0 -43.379902,-17.8343099994483,0.0 -43.379622,-17.8346819994483,0.0 -43.3794899,-17.8348383994483,0.0 -43.379247,-17.8351259994483,0.0 -43.378942,-17.8354759994483,0.0 -43.37871,-17.8358709994483,0.0 -43.378502,-17.8362889994482,0.0 -43.378343,-17.8367279994482,0.0 -43.378328,-17.8371649994482,0.0 -43.378314,-17.8376709994482,0.0 -43.378301,-17.8381999994482,0.0 -43.378431,-17.8386799994482,0.0 -43.378584,-17.8391369994482,0.0 -43.37881,-17.8396379994481,0.0 -43.379012,-17.8401169994481,0.0 -43.37919,-17.8406419994481,0.0 -43.379393,-17.8411669994481,0.0 -43.379641,-17.8415759994481,0.0 -43.379965,-17.8421899994481,0.0 -43.380094,-17.8426239994481,0.0 -43.380389,-17.8429869994481,0.0 -43.380542,-17.843442999448,0.0 -43.380723,-17.844082999448,0.0 -43.380804,-17.844517999448,0.0 -43.380741,-17.844978999448,0.0 -43.380608,-17.845509999448,0.0 -43.380571,-17.846061999448,0.0 -43.380628,-17.846520999448,0.0 -43.380856,-17.847090999448,0.0 -43.381032,-17.8475009994479,0.0 -43.381212,-17.8480729994479,0.0 -43.381342,-17.8485989994479,0.0 -43.38152,-17.8490779994479,0.0 -43.381673,-17.8495119994479,0.0 -43.381683,-17.8500169994479,0.0 -43.381647,-17.8506149994479,0.0 -43.381632,-17.8510519994478,0.0 -43.381569,-17.8515129994478,0.0 -43.381483,-17.8519969994478,0.0 -43.381446,-17.8525489994478,0.0 -43.381432,-17.8530319994478,0.0 -43.381453,-17.8540649994478,0.0 -43.38139,-17.8545029994478,0.0 -43.381327,-17.8549639994477,0.0 -43.381348,-17.8559979994477,0.0 -43.381311,-17.8565729994477,0.0 -43.381249,-17.8570329994477,0.0 -43.38121,-17.8574709994477,0.0 -43.381248,-17.8581819994477,0.0 -43.381306,-17.8586869994476,0.0 -43.381365,-17.8592139994476,0.0 -43.38147,-17.8596719994476,0.0 -43.381503,-17.8601309994476,0.0 -43.381513,-17.8606129994476,0.0 -43.381474,-17.8610509994476,0.0 -43.381339,-17.8615129994476,0.0 -43.381083,-17.8618849994476,0.0 -43.380876,-17.8623249994475,0.0 -43.38062,-17.8627439994475,0.0 -43.380462,-17.8632059994475,0.0 -43.380328,-17.8637369994475,0.0 -43.38017,-17.8641999994475,0.0 -43.380084,-17.8647069994475,0.0 -43.379926,-17.8651919994475,0.0 -43.379552,-17.8657049994475,0.0 -43.37915,-17.8660109994474,0.0 -43.378699,-17.8662489994474,0.0 -43.378297,-17.8665319994474,0.0 -43.377895,-17.8668379994474,0.0 -43.37759,-17.8671659994474,0.0 -43.377286,-17.8675619994474,0.0 -43.377153,-17.8681159994474,0.0 -43.37697,-17.8685329994474,0.0 -43.376883,-17.8689939994474,0.0 -43.376845,-17.8694999994473,0.0 -43.376878,-17.8699359994473,0.0 -43.376888,-17.8704419994473,0.0 -43.376778,-17.8709029994473,0.0 -43.376595,-17.8713659994473,0.0 -43.376437,-17.8718519994473,0.0 -43.376277,-17.8722679994473,0.0 -43.376216,-17.8728209994473,0.0 -43.376131,-17.8733509994473,0.0 -43.37638,-17.8738059994472,0.0 -43.376722,-17.8741209994472,0.0 -43.377089,-17.8744359994472,0.0 -43.377502,-17.8747039994472,0.0 -43.377914,-17.8749039994472,0.0 -43.378397,-17.8750329994472,0.0 -43.379046,-17.8751119994472,0.0 -43.379552,-17.8752179994472,0.0 -43.380034,-17.8753009994472,0.0 -43.380565,-17.8754519994472,0.0 -43.381046,-17.8754889994472,0.0 -43.381502,-17.8755269994472,0.0 -43.382011,-17.8757699994472,0.0 -43.38238,-17.8762229994472,0.0 -43.382652,-17.8765849994472,0.0 -43.382923,-17.8769709994472,0.0 -43.383147,-17.8773569994471,0.0 -43.383442,-17.8776969994471,0.0 -43.383523,-17.8781319994471,0.0 -43.383485,-17.8786149994471,0.0 -43.383325,-17.8790309994471,0.0 -43.383238,-17.8794699994471,0.0 -43.383081,-17.8800239994471,0.0 -43.382994,-17.8804619994471,0.0 -43.382933,-17.880991999447,0.0 -43.383013,-17.881426999447,0.0 -43.383167,-17.881906999447,0.0 -43.383297,-17.882386999447,0.0 -43.383318,-17.883419999447,0.0 -43.383254,-17.883857999447,0.0 -43.383097,-17.884366999447,0.0 -43.382964,-17.8849439994469,0.0 -43.382877,-17.8853819994469,0.0 -43.382814,-17.8858199994469,0.0 -43.382775,-17.8862569994469,0.0 -43.382712,-17.8866949994469,0.0 -43.382723,-17.8872459994469,0.0 -43.382853,-17.8877259994469,0.0 -43.383053,-17.8881589994469,0.0 -43.383208,-17.8886619994468,0.0 -43.383385,-17.8891409994468,0.0 -43.383585,-17.8895509994468,0.0 -43.384039,-17.8905989994468,0.0 -43.384167,-17.8910339994468,0.0 -43.384346,-17.8915819994468,0.0 -43.38443,-17.8921319994468,0.0 -43.384559,-17.8925889994467,0.0 -43.384689,-17.8931149994467,0.0 -43.384819,-17.8935949994467,0.0 -43.385351,-17.8949639994467,0.0 -43.38548,-17.8954209994467,0.0 -43.385586,-17.8959019994466,0.0 -43.385716,-17.8964049994466,0.0 -43.385845,-17.8968619994466,0.0 -43.385926,-17.8973199994466,0.0 -43.3859753,-17.8976560994466,0.0 -43.38601,-17.8978929994466,0.0 -43.386067,-17.8983519994466,0.0 -43.386077,-17.8988109994466,0.0 -43.386038,-17.8992709994466,0.0 -43.385977,-17.8998239994465,0.0 -43.385914,-17.9002849994465,0.0 -43.385899,-17.9007209994465,0.0 -43.385909,-17.9012039994465,0.0 -43.385991,-17.9017079994465,0.0 -43.386073,-17.9021889994465,0.0 -43.386396,-17.9027339994465,0.0 -43.386841,-17.9033699994464,0.0 -43.387187,-17.9038689994464,0.0 -43.387482,-17.9042309994464,0.0 -43.387731,-17.9046629994464,0.0 -43.388077,-17.9051619994464,0.0 -43.388278,-17.9055949994464,0.0 -43.38848,-17.9060739994464,0.0 -43.388728,-17.9064829994464,0.0 -43.388953,-17.9069379994463,0.0 -43.389229,-17.9075299994463,0.0 -43.389407,-17.9080329994463,0.0 -43.389562,-17.9085579994463,0.0 -43.38962,-17.9090399994463,0.0 -43.389629,-17.9095219994463,0.0 -43.389667,-17.9102109994463,0.0 -43.3897,-17.9106469994463,0.0 -43.389722,-17.9117029994462,0.0 -43.389707,-17.9121629994462,0.0 -43.389573,-17.9126709994462,0.0 -43.389606,-17.9131069994462,0.0 -43.389568,-17.9135899994462,0.0 -43.38953,-17.9140969994462,0.0 -43.38955,-17.9151069994461,0.0 -43.389608,-17.9155889994461,0.0 -43.389451,-17.9161199994461,0.0 -43.389243,-17.9165379994461,0.0 -43.389084,-17.9169769994461,0.0 -43.388805,-17.9174419994461,0.0 -43.388528,-17.9179529994461,0.0 -43.388321,-17.918392999446,0.0 -43.388018,-17.918857999446,0.0 -43.387714,-17.919253999446,0.0 -43.387409,-17.919604999446,0.0 -43.387012,-17.920140999446,0.0 -43.386731,-17.920490999446,0.0 -43.386072,-17.921145999446,0.0 -43.385766,-17.921472999446,0.0 -43.385558,-17.921867999446,0.0 -43.385353,-17.9223769994459,0.0 -43.385242,-17.9228159994459,0.0 -43.385203,-17.9232989994459,0.0 -43.385214,-17.9238279994459,0.0 -43.3852,-17.9243329994459,0.0 -43.385212,-17.9249309994459,0.0 -43.385269,-17.9253659994459,0.0 -43.385422,-17.9257999994458,0.0 -43.3856,-17.9263249994458,0.0 -43.385777,-17.9267579994458,0.0 -43.386002,-17.9271679994458,0.0 -43.386348,-17.9276669994458,0.0 -43.386741,-17.9281419994458,0.0 -43.387156,-17.9284789994458,0.0 -43.387593,-17.9287239994458,0.0 -43.388029,-17.9289229994458,0.0 -43.388466,-17.9291439994458,0.0 -43.388881,-17.9294809994457,0.0 -43.389223,-17.9297969994457,0.0 -43.389471,-17.9301829994457,0.0 -43.389907,-17.9303579994457,0.0 -43.390414,-17.9304869994457,0.0 -43.390826,-17.9307089994457,0.0 -43.39117,-17.9311159994457,0.0 -43.391491,-17.9315469994457,0.0 -43.391765,-17.9320469994457,0.0 -43.39204,-17.9325939994457,0.0 -43.392288,-17.9329799994457,0.0 -43.392441,-17.9334139994456,0.0 -43.392595,-17.9338929994456,0.0 -43.392844,-17.9343249994456,0.0 -43.393139,-17.9346639994456,0.0 -43.393681,-17.9353899994456,0.0 -43.394048,-17.9357279994456,0.0 -43.394486,-17.9359949994456,0.0 -43.395065,-17.9361219994456,0.0 -43.395593,-17.9361129994456,0.0 -43.39605,-17.9361729994456,0.0 -43.39749,-17.9361459994456,0.0 -43.398015,-17.9359989994456,0.0 -43.398493,-17.9358979994456,0.0 -43.398995,-17.9357739994456,0.0 -43.399472,-17.9356269994456,0.0 -43.399997,-17.9354789994456,0.0 -43.400425,-17.9352869994456,0.0 -43.400927,-17.9351859994456,0.0 -43.401407,-17.9351769994456,0.0 -43.401844,-17.9353989994456,0.0 -43.402234,-17.9357129994456,0.0 -43.402673,-17.9360499994456,0.0 -43.403184,-17.9364079994456,0.0 -43.403479,-17.9367469994455,0.0 -43.403871,-17.9371079994455,0.0 -43.404214,-17.9374459994455,0.0 -43.404463,-17.9378779994455,0.0 -43.404735,-17.9383089994455,0.0 -43.404959,-17.9386959994455,0.0 -43.405184,-17.9391049994455,0.0 -43.405433,-17.9395829994455,0.0 -43.405635,-17.9400619994455,0.0 -43.405859,-17.9404489994455,0.0 -43.406013,-17.9409279994454,0.0 -43.406166,-17.9413619994454,0.0 -43.406248,-17.9418429994454,0.0 -43.4064,-17.9422769994454,0.0 -43.406745,-17.9426839994454,0.0 -43.407164,-17.9432279994454,0.0 -43.407341,-17.9436839994454,0.0 -43.40752,-17.9442319994454,0.0 -43.40765,-17.9446889994453,0.0 -43.407732,-17.9451699994453,0.0 -43.407885,-17.9456269994453,0.0 -43.407991,-17.9461309994453,0.0 -43.408099,-17.9467259994453,0.0 -43.408177,-17.9471439994453,0.0 -43.408395,-17.9470879994453,0.0 -43.408853,-17.9471939994453,0.0 -43.409289,-17.9473929994453,0.0 -43.409703,-17.9476609994453,0.0 -43.410482,-17.9481979994452,0.0 -43.410824,-17.9484909994452,0.0 -43.411312,-17.9488719994452,0.0 -43.411703,-17.9492089994452,0.0 -43.412161,-17.9493159994452,0.0 -43.41262,-17.9494449994452,0.0 -43.41308,-17.9496199994452,0.0 -43.413515,-17.9497959994452,0.0 -43.414023,-17.9499479994452,0.0 -43.414458,-17.9500999994452,0.0 -43.41487,-17.9502989994452,0.0 -43.415259,-17.9505449994452,0.0 -43.415696,-17.9507669994452,0.0 -43.416108,-17.9509659994452,0.0 -43.416545,-17.9512099994452,0.0 -43.416912,-17.9515249994452,0.0 -43.417391,-17.9514699994452,0.0 -43.417892,-17.9513229994452,0.0 -43.418271,-17.9510629994452,0.0 -43.418625,-17.9507579994452,0.0 -43.418977,-17.9503609994452,0.0 -43.41916,-17.9499209994452,0.0 -43.419367,-17.9495029994452,0.0 -43.419479,-17.9490639994452,0.0 -43.419638,-17.9486479994452,0.0 -43.419822,-17.9482309994452,0.0 -43.419981,-17.9478139994453,0.0 -43.420068,-17.9473759994453,0.0 -43.420131,-17.9469379994453,0.0 -43.420194,-17.9464769994453,0.0 -43.420304,-17.9459929994453,0.0 -43.420415,-17.9455309994453,0.0 -43.420549,-17.9450459994453,0.0 -43.420731,-17.9445599994453,0.0 -43.420841,-17.9440759994454,0.0 -43.420998,-17.9435439994454,0.0 -43.421182,-17.9431269994454,0.0 -43.421484,-17.9426159994454,0.0 -43.421832,-17.9420579994454,0.0 -43.422113,-17.9417079994454,0.0 -43.422369,-17.9413129994454,0.0 -43.42265,-17.9409399994454,0.0 -43.423025,-17.9404959994454,0.0 -43.423353,-17.9400989994455,0.0 -43.423658,-17.9397489994455,0.0 -43.424011,-17.9393979994455,0.0 -43.42439,-17.9391379994455,0.0 -43.42484,-17.9388769994455,0.0 -43.425415,-17.9387969994455,0.0 -43.42592,-17.9388559994455,0.0 -43.426402,-17.9389389994455,0.0 -43.426957,-17.9390669994455,0.0 -43.427436,-17.9390119994455,0.0 -43.427962,-17.9389099994455,0.0 -43.428391,-17.9387409994455,0.0 -43.428844,-17.9386179994455,0.0 -43.429297,-17.9384479994455,0.0 -43.42975,-17.9383019994455,0.0 -43.430225,-17.9380629994455,0.0 -43.430555,-17.9377579994455,0.0 -43.43086,-17.9374079994455,0.0 -43.431164,-17.9370119994455,0.0 -43.431396,-17.9366169994456,0.0 -43.431652,-17.9362439994456,0.0 -43.431955,-17.9358019994456,0.0 -43.432358,-17.9355419994456,0.0 -43.432737,-17.9352819994456,0.0 -43.433235,-17.9349969994456,0.0 -43.433516,-17.9346469994456,0.0 -43.433845,-17.9342959994456,0.0 -43.434199,-17.9340139994456,0.0 -43.434679,-17.9340049994456,0.0 -43.435212,-17.9342009994456,0.0 -43.435744,-17.9344209994456,0.0 -43.436326,-17.9346859994456,0.0 -43.436787,-17.9349299994456,0.0 -43.437246,-17.9350589994456,0.0 -43.437753,-17.9352339994456,0.0 -43.438212,-17.9353629994456,0.0 -43.43867,-17.9354229994456,0.0 -43.439223,-17.9355049994456,0.0 -43.439776,-17.9355169994456,0.0 -43.440233,-17.9355779994456,0.0 -43.440787,-17.9356589994456,0.0 -43.441268,-17.9357189994456,0.0 -43.441728,-17.9358709994456,0.0 -43.442235,-17.9360229994456,0.0 -43.442742,-17.9361509994456,0.0 -43.443295,-17.9362099994456,0.0 -43.443797,-17.9361309994456,0.0 -43.444298,-17.9359609994456,0.0 -43.444726,-17.9357689994456,0.0 -43.445102,-17.9353479994456,0.0 -43.445505,-17.9351339994456,0.0 -43.445932,-17.9348499994456,0.0 -43.446385,-17.9347269994456,0.0 -43.446862,-17.9345799994456,0.0 -43.447368,-17.9346619994456,0.0 -43.447827,-17.9348139994456,0.0 -43.448358,-17.9349419994456,0.0 -43.448913,-17.9350929994456,0.0 -43.449419,-17.9351519994456,0.0 -43.449873,-17.9350749994456,0.0 -43.450422,-17.9349259994456,0.0 -43.450897,-17.9346419994456,0.0 -43.451349,-17.9344719994456,0.0 -43.451753,-17.9342349994456,0.0 -43.452178,-17.9339049994456,0.0 -43.452581,-17.9336449994456,0.0 -43.452934,-17.9333399994456,0.0 -43.453264,-17.9330349994456,0.0 -43.45357,-17.9327069994457,0.0 -43.453995,-17.9323769994457,0.0 -43.454349,-17.9320719994457,0.0 -43.454652,-17.9316529994457,0.0 -43.454931,-17.9312109994457,0.0 -43.455259,-17.9307909994457,0.0 -43.455635,-17.9304159994457,0.0 -43.45594,-17.9300889994457,0.0 -43.456196,-17.9296699994457,0.0 -43.456451,-17.9292289994458,0.0 -43.456658,-17.9287879994458,0.0 -43.456817,-17.9283719994458,0.0 -43.457025,-17.9279769994458,0.0 -43.457159,-17.9274919994458,0.0 -43.457294,-17.9270529994458,0.0 -43.457357,-17.9265919994458,0.0 -43.457516,-17.9261519994458,0.0 -43.457531,-17.9257159994458,0.0 -43.457568,-17.9252089994459,0.0 -43.457367,-17.9247539994459,0.0 -43.457307,-17.9241799994459,0.0 -43.457274,-17.9237439994459,0.0 -43.457145,-17.9233099994459,0.0 -43.457134,-17.9227819994459,0.0 -43.457029,-17.9223469994459,0.0 -43.456923,-17.921866999446,0.0 -43.456793,-17.921362999446,0.0 -43.456734,-17.920812999446,0.0 -43.456675,-17.920308999446,0.0 -43.456689,-17.919825999446,0.0 -43.456679,-17.919342999446,0.0 -43.456802,-17.918329999446,0.0 -43.456864,-17.9178459994461,0.0 -43.456998,-17.9173609994461,0.0 -43.457157,-17.9168989994461,0.0 -43.457437,-17.9165029994461,0.0 -43.457691,-17.9160149994461,0.0 -43.457802,-17.9155769994461,0.0 -43.457912,-17.9151149994461,0.0 -43.45795,-17.9146089994461,0.0 -43.45806,-17.9141469994462,0.0 -43.458123,-17.9136859994462,0.0 -43.458161,-17.9132029994462,0.0 -43.458247,-17.9127189994462,0.0 -43.458358,-17.9122799994462,0.0 -43.458492,-17.9118179994462,0.0 -43.458649,-17.9112629994462,0.0 -43.45888,-17.9107989994462,0.0 -43.459181,-17.9103109994463,0.0 -43.459438,-17.9099389994463,0.0 -43.459694,-17.9095429994463,0.0 -43.460045,-17.9091229994463,0.0 -43.460277,-17.9087279994463,0.0 -43.460887,-17.9080269994463,0.0 -43.461216,-17.9077219994463,0.0 -43.461568,-17.9073019994463,0.0 -43.461871,-17.9068819994463,0.0 -43.462198,-17.9064399994464,0.0 -43.462454,-17.9060439994464,0.0 -43.46266,-17.9055809994464,0.0 -43.462844,-17.9051629994464,0.0 -43.463002,-17.9047009994464,0.0 -43.463162,-17.9042839994464,0.0 -43.463201,-17.9038469994464,0.0 -43.463071,-17.9033899994464,0.0 -43.462823,-17.9030039994464,0.0 -43.462431,-17.9026209994465,0.0 -43.462088,-17.9022589994465,0.0 -43.461816,-17.9018969994465,0.0 -43.461544,-17.9015109994465,0.0 -43.461463,-17.9010529994465,0.0 -43.461334,-17.9006189994465,0.0 -43.461277,-17.9001839994465,0.0 -43.461267,-17.8997239994465,0.0 -43.461234,-17.8992649994466,0.0 -43.461199,-17.8987599994466,0.0 -43.461171,-17.8973819994466,0.0 -43.461114,-17.8969239994466,0.0 -43.461092,-17.8958899994466,0.0 -43.461107,-17.8954299994467,0.0 -43.461097,-17.8949479994467,0.0 -43.46111,-17.8944189994467,0.0 -43.461091,-17.8934999994467,0.0 -43.461125,-17.8928329994467,0.0 -43.461188,-17.8923949994467,0.0 -43.461179,-17.8919359994468,0.0 -43.461145,-17.8914539994468,0.0 -43.461086,-17.8909489994468,0.0 -43.46098,-17.8904459994468,0.0 -43.460875,-17.8900109994468,0.0 -43.460794,-17.8895759994468,0.0 -43.460774,-17.8885879994468,0.0 -43.460812,-17.8881279994469,0.0 -43.460825,-17.8875989994469,0.0 -43.460839,-17.8871169994469,0.0 -43.460878,-17.8866789994469,0.0 -43.460859,-17.8857369994469,0.0 -43.460777,-17.8852559994469,0.0 -43.460719,-17.8847749994469,0.0 -43.46066,-17.884269999447,0.0 -43.46053,-17.883766999447,0.0 -43.460521,-17.883307999447,0.0 -43.460534,-17.882801999447,0.0 -43.460549,-17.882364999447,0.0 -43.460659,-17.881857999447,0.0 -43.460697,-17.881396999447,0.0 -43.460757,-17.880798999447,0.0 -43.460816,-17.8801769994471,0.0 -43.460855,-17.8797399994471,0.0 -43.460893,-17.8792799994471,0.0 -43.460764,-17.8788219994471,0.0 -43.460535,-17.8782059994471,0.0 -43.46033,-17.8775669994471,0.0 -43.46013,-17.8771569994471,0.0 -43.45988,-17.8767019994472,0.0 -43.459775,-17.8762669994472,0.0 -43.459599,-17.8758569994472,0.0 -43.459374,-17.8754479994472,0.0 -43.459126,-17.8750389994472,0.0 -43.458852,-17.8745609994472,0.0 -43.458651,-17.8741289994472,0.0 -43.458545,-17.8736249994472,0.0 -43.458511,-17.8731659994473,0.0 -43.4585,-17.8725919994473,0.0 -43.458464,-17.8720179994473,0.0 -43.458454,-17.8715589994473,0.0 -43.45849,-17.8709599994473,0.0 -43.458552,-17.8704999994473,0.0 -43.458589,-17.8699699994473,0.0 -43.458723,-17.8694619994473,0.0 -43.458785,-17.8690019994474,0.0 -43.459029,-17.8679859994474,0.0 -43.459138,-17.8675009994474,0.0 -43.459224,-17.8670169994474,0.0 -43.459287,-17.8665789994474,0.0 -43.459373,-17.8660719994474,0.0 -43.459455,-17.8654039994475,0.0 -43.459629,-17.8645279994475,0.0 -43.459764,-17.8640649994475,0.0 -43.45997,-17.8636019994475,0.0 -43.460248,-17.8631139994475,0.0 -43.460527,-17.8626719994475,0.0 -43.460854,-17.8622749994475,0.0 -43.461562,-17.8616649994476,0.0 -43.461963,-17.8613579994476,0.0 -43.462388,-17.8610049994476,0.0 -43.463145,-17.8604859994476,0.0 -43.463523,-17.8601799994476,0.0 -43.463926,-17.8599649994476,0.0 -43.464157,-17.8595239994476,0.0 -43.464389,-17.8591289994476,0.0 -43.464499,-17.8586669994476,0.0 -43.464466,-17.8582319994477,0.0 -43.464361,-17.8577739994477,0.0 -43.464136,-17.8573189994477,0.0 -43.463934,-17.8568629994477,0.0 -43.46371,-17.8564529994477,0.0 -43.463436,-17.8559989994477,0.0 -43.463188,-17.8555669994477,0.0 -43.462739,-17.8547479994477,0.0 -43.462681,-17.8542669994478,0.0 -43.462671,-17.8538069994478,0.0 -43.46283,-17.8533449994478,0.0 -43.462965,-17.8529059994478,0.0 -43.463123,-17.8524659994478,0.0 -43.463331,-17.8520719994478,0.0 -43.463514,-17.8516079994478,0.0 -43.463818,-17.8512579994478,0.0 -43.46417,-17.8508609994478,0.0 -43.464523,-17.8505089994479,0.0 -43.464827,-17.8501359994479,0.0 -43.465131,-17.8497389994479,0.0 -43.46541,-17.8493429994479,0.0 -43.465737,-17.8489009994479,0.0 -43.466091,-17.8486179994479,0.0 -43.466396,-17.8482909994479,0.0 -43.466823,-17.8480069994479,0.0 -43.467224,-17.8476779994479,0.0 -43.467577,-17.8473489994479,0.0 -43.467906,-17.8470439994479,0.0 -43.468211,-17.846693999448,0.0 -43.46859,-17.846433999448,0.0 -43.469016,-17.846149999448,0.0 -43.469439,-17.845727999448,0.0 -43.469817,-17.845467999448,0.0 -43.470146,-17.845116999448,0.0 -43.470474,-17.844742999448,0.0 -43.470802,-17.844345999448,0.0 -43.471121,-17.843512999448,0.0 -43.471159,-17.8430759994481,0.0 -43.471125,-17.8425939994481,0.0 -43.471116,-17.8421339994481,0.0 -43.47101,-17.8416539994481,0.0 -43.470953,-17.8411949994481,0.0 -43.471029,-17.8402289994481,0.0 -43.471115,-17.8397679994481,0.0 -43.471272,-17.8392589994482,0.0 -43.471503,-17.8387949994482,0.0 -43.471686,-17.8383549994482,0.0 -43.471841,-17.8377549994482,0.0 -43.471999,-17.8372919994482,0.0 -43.472229,-17.8368049994482,0.0 -43.472316,-17.8363669994482,0.0 -43.472426,-17.8358819994483,0.0 -43.472487,-17.8353289994483,0.0 -43.472573,-17.8348449994483,0.0 -43.472553,-17.8339029994483,0.0 -43.472472,-17.8334679994483,0.0 -43.472343,-17.8330109994483,0.0 -43.472033,-17.8319599994484,0.0 -43.471856,-17.8315039994484,0.0 -43.471654,-17.8310249994484,0.0 -43.471405,-17.8305929994484,0.0 -43.471181,-17.8302069994484,0.0 -43.471004,-17.8297959994484,0.0 -43.470827,-17.8293629994484,0.0 -43.4706749,-17.8289296994484,0.0 -43.470594,-17.8284939994485,0.0 -43.470593,-17.8284869994484,0.0 -43.470584,-17.8280119994485,0.0 -43.470669,-17.8274819994485,0.0 -43.470973,-17.8271309994485,0.0 -43.471427,-17.8270309994485,0.0 -43.471886,-17.8272059994485,0.0 -43.472252,-17.8274749994485,0.0 -43.472737,-17.8277179994485,0.0 -43.473151,-17.8280089994485,0.0 -43.473564,-17.8282769994485,0.0 -43.474097,-17.8285199994484,0.0 -43.474487,-17.8288109994484,0.0 -43.474832,-17.8292409994484,0.0 -43.475127,-17.8296029994484,0.0 -43.475399,-17.8299659994484,0.0 -43.475646,-17.8303519994484,0.0 -43.475825,-17.8308539994484,0.0 -43.476002,-17.8313099994484,0.0 -43.476155,-17.8317439994484,0.0 -43.476188,-17.8321799994483,0.0 -43.476269,-17.8326149994483,0.0 -43.476399,-17.8330949994483,0.0 -43.47672,-17.8335249994483,0.0 -43.477176,-17.8335399994483,0.0 -43.47763,-17.8334389994483,0.0 -43.478058,-17.8332469994483,0.0 -43.478412,-17.8329649994483,0.0 -43.478765,-17.8326359994483,0.0 -43.478973,-17.8322419994483,0.0 -43.479156,-17.8318239994484,0.0 -43.479435,-17.8313829994484,0.0 -43.479715,-17.8310099994484,0.0 -43.480069,-17.8307269994484,0.0 -43.480523,-17.8306259994484,0.0 -43.480979,-17.8306409994484,0.0 -43.481485,-17.8307689994484,0.0 -43.481971,-17.8310359994484,0.0 -43.482409,-17.8313489994484,0.0 -43.482822,-17.8315709994484,0.0 -43.483262,-17.8319759994484,0.0 -43.483629,-17.8323369994483,0.0 -43.483971,-17.8326289994483,0.0 -43.484267,-17.8330139994483,0.0 -43.484636,-17.8334439994483,0.0 -43.484931,-17.8337829994483,0.0 -43.48525,-17.8341209994483,0.0 -43.485571,-17.8345519994483,0.0 -43.485961,-17.8348429994483,0.0 -43.486353,-17.8352489994483,0.0 -43.486554,-17.8356589994483,0.0 -43.486827,-17.8360899994482,0.0 -43.487122,-17.8364519994482,0.0 -43.487395,-17.8368839994482,0.0 -43.487622,-17.8374079994482,0.0 -43.487776,-17.8378879994482,0.0 -43.487835,-17.8384149994482,0.0 -43.487844,-17.8388749994482,0.0 -43.487758,-17.8393589994482,0.0 -43.487696,-17.8398199994481,0.0 -43.487563,-17.8403509994481,0.0 -43.487429,-17.8408129994481,0.0 -43.487294,-17.8412519994481,0.0 -43.487111,-17.8416919994481,0.0 -43.486977,-17.8421539994481,0.0 -43.486962,-17.8425909994481,0.0 -43.486996,-17.844244999448,0.0 -43.487054,-17.844703999448,0.0 -43.487232,-17.845205999448,0.0 -43.487385,-17.845638999448,0.0 -43.487611,-17.846140999448,0.0 -43.487954,-17.846478999448,0.0 -43.488417,-17.846814999448,0.0 -43.488829,-17.847013999448,0.0 -43.489266,-17.8472579994479,0.0 -43.489799,-17.8474779994479,0.0 -43.490307,-17.8476979994479,0.0 -43.49072,-17.8479199994479,0.0 -43.491157,-17.8481639994479,0.0 -43.491546,-17.8484099994479,0.0 -43.492052,-17.8485149994479,0.0 -43.492534,-17.8486199994479,0.0 -43.492991,-17.8486809994479,0.0 -43.493497,-17.8487629994479,0.0 -43.493954,-17.8488229994479,0.0 -43.494458,-17.8488129994479,0.0 -43.494914,-17.8488279994479,0.0 -43.495396,-17.8489329994479,0.0 -43.495997,-17.8489679994479,0.0 -43.496551,-17.8490949994479,0.0 -43.497032,-17.8491319994479,0.0 -43.49756,-17.8491219994479,0.0 -43.498016,-17.8491359994479,0.0 -43.498519,-17.8490809994479,0.0 -43.499047,-17.8490929994479,0.0 -43.499551,-17.8491069994479,0.0 -43.500009,-17.8492129994479,0.0 -43.500446,-17.8494339994479,0.0 -43.500812,-17.8497259994479,0.0 -43.500941,-17.8501829994479,0.0 -43.500928,-17.8507119994479,0.0 -43.500721,-17.8511299994478,0.0 -43.500416,-17.8514569994478,0.0 -43.499918,-17.8517649994478,0.0 -43.499515,-17.8520029994478,0.0 -43.499114,-17.8523089994478,0.0 -43.498858,-17.8526819994478,0.0 -43.498504,-17.8529869994478,0.0 -43.498248,-17.8533599994478,0.0 -43.497846,-17.8536659994478,0.0 -43.497543,-17.8540629994478,0.0 -43.497286,-17.8544349994477,0.0 -43.497104,-17.8548759994477,0.0 -43.497067,-17.8554279994477,0.0 -43.497124,-17.8558629994477,0.0 -43.497254,-17.8563429994477,0.0 -43.49748,-17.8567989994477,0.0 -43.497872,-17.8571819994477,0.0 -43.498445,-17.8576919994477,0.0 -43.498961,-17.8579559994477,0.0 -43.499504,-17.8580549994477,0.0 -43.500049,-17.8579879994477,0.0 -43.500468,-17.8580619994477,0.0 -43.500875,-17.8582549994476,0.0 -43.501231,-17.8584939994476,0.0 -43.501575,-17.8587799994476,0.0 -43.501816,-17.8590579994476,0.0 -43.502108,-17.8593999994476,0.0 -43.502233,-17.8598349994476,0.0 -43.50231,-17.8602709994476,0.0 -43.502315,-17.8607539994476,0.0 -43.502249,-17.8612379994476,0.0 -43.502159,-17.8617449994476,0.0 -43.502068,-17.8621819994475,0.0 -43.501954,-17.8627359994475,0.0 -43.501911,-17.8631729994475,0.0 -43.501869,-17.8637479994475,0.0 -43.501779,-17.8642319994475,0.0 -43.50164,-17.8647169994475,0.0 -43.501503,-17.8652929994475,0.0 -43.501412,-17.8657999994475,0.0 -43.501298,-17.8663069994474,0.0 -43.501161,-17.8669749994474,0.0 -43.501071,-17.8674819994474,0.0 -43.500983,-17.8681499994474,0.0 -43.50094,-17.8686559994474,0.0 -43.500956,-17.8700589994473,0.0 -43.501011,-17.8706789994473,0.0 -43.501067,-17.8713679994473,0.0 -43.501121,-17.8718739994473,0.0 -43.501126,-17.8723569994473,0.0 -43.501229,-17.8729529994473,0.0 -43.501334,-17.8737339994472,0.0 -43.501484,-17.8742379994472,0.0 -43.501611,-17.8748119994472,0.0 -43.501957,-17.8756819994472,0.0 -43.50213,-17.8760939994472,0.0 -43.502376,-17.8766209994472,0.0 -43.502597,-17.8770779994471,0.0 -43.503181,-17.8777619994471,0.0 -43.503546,-17.8781949994471,0.0 -43.503886,-17.8785369994471,0.0 -43.504298,-17.8788539994471,0.0 -43.504759,-17.8792179994471,0.0 -43.505099,-17.8795359994471,0.0 -43.505607,-17.8798529994471,0.0 -43.506043,-17.8801699994471,0.0 -43.506503,-17.8805099994471,0.0 -43.507012,-17.880941999447,0.0 -43.5074,-17.881305999447,0.0 -43.507717,-17.881669999447,0.0 -43.508033,-17.882011999447,0.0 -43.508374,-17.882398999447,0.0 -43.508642,-17.882763999447,0.0 -43.508934,-17.883151999447,0.0 -43.509156,-17.883586999447,0.0 -43.50945,-17.884112999447,0.0 -43.509721,-17.8847079994469,0.0 -43.509822,-17.8851669994469,0.0 -43.509827,-17.8856269994469,0.0 -43.509809,-17.8861099994469,0.0 -43.509723,-17.8869839994469,0.0 -43.509681,-17.8875599994469,0.0 -43.509759,-17.8880419994469,0.0 -43.509669,-17.8885719994468,0.0 -43.509651,-17.8891009994468,0.0 -43.509633,-17.8896759994468,0.0 -43.509735,-17.8901579994468,0.0 -43.509958,-17.8907299994468,0.0 -43.510227,-17.8911869994468,0.0 -43.510569,-17.8917359994468,0.0 -43.510767,-17.8922399994467,0.0 -43.510991,-17.8928579994467,0.0 -43.511044,-17.8933169994467,0.0 -43.51105,-17.8938229994467,0.0 -43.511176,-17.8944199994467,0.0 -43.51123,-17.8948559994467,0.0 -43.511379,-17.8953149994467,0.0 -43.511767,-17.8956789994466,0.0 -43.512203,-17.8959499994466,0.0 -43.512685,-17.8961289994466,0.0 -43.513144,-17.8963539994466,0.0 -43.513532,-17.8966719994466,0.0 -43.513755,-17.8972669994466,0.0 -43.513856,-17.8977259994466,0.0 -43.513862,-17.8982549994466,0.0 -43.51382,-17.8987849994466,0.0 -43.513633,-17.8991999994466,0.0 -43.513542,-17.8996609994465,0.0 -43.513403,-17.9001229994465,0.0 -43.513192,-17.9005159994465,0.0 -43.513005,-17.9010009994465,0.0 -43.512842,-17.9014159994465,0.0 -43.512654,-17.9018549994465,0.0 -43.512469,-17.9024089994465,0.0 -43.512209,-17.9028259994465,0.0 -43.511949,-17.9031959994464,0.0 -43.511522,-17.9036609994464,0.0 -43.51119,-17.9040319994464,0.0 -43.510834,-17.9044499994464,0.0 -43.510478,-17.9048209994464,0.0 -43.509881,-17.9050809994464,0.0 -43.509306,-17.9052019994464,0.0 -43.508754,-17.9052759994464,0.0 -43.508298,-17.9053269994464,0.0 -43.507819,-17.9054009994464,0.0 -43.507219,-17.9054529994464,0.0 -43.506474,-17.9054609994464,0.0 -43.505899,-17.9055819994464,0.0 -43.505419,-17.9056329994464,0.0 -43.504916,-17.9057299994464,0.0 -43.504341,-17.9058279994464,0.0 -43.503837,-17.9059029994464,0.0 -43.503238,-17.9060239994464,0.0 -43.502688,-17.9061899994464,0.0 -43.50209,-17.9064499994464,0.0 -43.501686,-17.9068219994464,0.0 -43.501379,-17.9072849994463,0.0 -43.501241,-17.9078609994463,0.0 -43.501199,-17.9083909994463,0.0 -43.501229,-17.9088729994463,0.0 -43.501499,-17.9094219994463,0.0 -43.501792,-17.9097869994463,0.0 -43.502108,-17.9101519994463,0.0 -43.502665,-17.9105369994463,0.0 -43.503172,-17.9107849994462,0.0 -43.503654,-17.9109639994462,0.0 -43.504136,-17.9110739994462,0.0 -43.504834,-17.9112039994462,0.0 -43.505316,-17.9112909994462,0.0 -43.505917,-17.9113769994462,0.0 -43.506422,-17.9114179994462,0.0 -43.507023,-17.9114569994462,0.0 -43.507551,-17.9114519994462,0.0 -43.508056,-17.9114699994462,0.0 -43.508585,-17.9115329994462,0.0 -43.509258,-17.9115949994462,0.0 -43.509955,-17.9116109994462,0.0 -43.510508,-17.9116049994462,0.0 -43.510987,-17.9115309994462,0.0 -43.512188,-17.9115179994462,0.0 -43.512669,-17.9115589994462,0.0 -43.513198,-17.9116229994462,0.0 -43.513655,-17.9116869994462,0.0 -43.514185,-17.9117739994462,0.0 -43.514642,-17.9118149994462,0.0 -43.515148,-17.9119699994462,0.0 -43.515559,-17.9122189994462,0.0 -43.5159,-17.9126059994462,0.0 -43.516192,-17.9129939994462,0.0 -43.516509,-17.9134049994462,0.0 -43.516802,-17.9138159994462,0.0 -43.516881,-17.9143669994461,0.0 -43.517032,-17.9149859994461,0.0 -43.517232,-17.9156509994461,0.0 -43.517286,-17.9162249994461,0.0 -43.517316,-17.9167079994461,0.0 -43.517347,-17.9173049994461,0.0 -43.517305,-17.9178809994461,0.0 -43.517312,-17.918501999446,0.0 -43.517343,-17.919052999446,0.0 -43.517358,-17.920409999446,0.0 -43.517388,-17.920914999446,0.0 -43.517563,-17.921511999446,0.0 -43.517737,-17.9219929994459,0.0 -43.517983,-17.9224959994459,0.0 -43.518206,-17.9231149994459,0.0 -43.518403,-17.9235259994459,0.0 -43.518505,-17.9240769994459,0.0 -43.518559,-17.9246289994459,0.0 -43.518401,-17.9254579994459,0.0 -43.518239,-17.9260119994458,0.0 -43.518076,-17.9264499994458,0.0 -43.517962,-17.9270029994458,0.0 -43.5178,-17.9275109994458,0.0 -43.517813,-17.9286609994458,0.0 -43.517989,-17.9293259994458,0.0 -43.518114,-17.9297609994457,0.0 -43.518359,-17.9301729994457,0.0 -43.518823,-17.9308579994457,0.0 -43.519213,-17.9313829994457,0.0 -43.519603,-17.9318839994457,0.0 -43.519919,-17.9322029994457,0.0 -43.520357,-17.9326579994457,0.0 -43.520673,-17.9330229994457,0.0 -43.52116,-17.9335469994456,0.0 -43.521452,-17.9338889994456,0.0 -43.521746,-17.9343679994456,0.0 -43.521919,-17.9348269994456,0.0 -43.521998,-17.9353779994456,0.0 -43.522003,-17.9358379994456,0.0 -43.52196,-17.9363209994456,0.0 -43.521966,-17.9367809994455,0.0 -43.521876,-17.9373339994455,0.0 -43.521835,-17.9379319994455,0.0 -43.521771,-17.9386459994455,0.0 -43.521658,-17.9392679994455,0.0 -43.521522,-17.9399589994455,0.0 -43.521431,-17.9404429994455,0.0 -43.521292,-17.9408809994454,0.0 -43.521081,-17.9413659994454,0.0 -43.520942,-17.9418049994454,0.0 -43.520755,-17.9422899994454,0.0 -43.520569,-17.9427509994454,0.0 -43.52043,-17.9432129994454,0.0 -43.520291,-17.9436969994454,0.0 -43.520154,-17.9443199994453,0.0 -43.520161,-17.9449629994453,0.0 -43.520218,-17.9457219994453,0.0 -43.520321,-17.9462719994453,0.0 -43.520278,-17.9467329994453,0.0 -43.520283,-17.9472389994453,0.0 -43.520318,-17.9481119994452,0.0 -43.520326,-17.9488479994452,0.0 -43.520429,-17.9494449994452,0.0 -43.520483,-17.9499729994452,0.0 -43.52049,-17.9505479994452,0.0 -43.520543,-17.9510299994452,0.0 -43.52067,-17.9515809994452,0.0 -43.520819,-17.9520159994451,0.0 -43.521042,-17.9526809994451,0.0 -43.521311,-17.9530689994451,0.0 -43.521559,-17.9536869994451,0.0 -43.521708,-17.9541229994451,0.0 -43.521762,-17.9546279994451,0.0 -43.521769,-17.9552949994451,0.0 -43.521729,-17.955984999445,0.0 -43.521711,-17.956490999445,0.0 -43.52162,-17.956974999445,0.0 -43.521481,-17.957435999445,0.0 -43.521247,-17.957990999445,0.0 -43.521064,-17.958751999445,0.0 -43.520927,-17.9593739994449,0.0 -43.520886,-17.9600409994449,0.0 -43.520821,-17.9606169994449,0.0 -43.520778,-17.9610539994449,0.0 -43.520784,-17.9615599994449,0.0 -43.520742,-17.9621579994449,0.0 -43.520819,-17.9625939994449,0.0 -43.52073,-17.9631469994448,0.0 -43.520879,-17.9635829994448,0.0 -43.520932,-17.9640189994448,0.0 -43.521082,-17.9644999994448,0.0 -43.521254,-17.9649119994448,0.0 -43.52155,-17.9655299994448,0.0 -43.521724,-17.9660799994448,0.0 -43.521897,-17.9664919994448,0.0 -43.522096,-17.9670189994447,0.0 -43.522197,-17.9674549994447,0.0 -43.522445,-17.9681419994447,0.0 -43.522666,-17.9685539994447,0.0 -43.522983,-17.9689879994447,0.0 -43.523252,-17.9693759994447,0.0 -43.523544,-17.9697179994447,0.0 -43.523909,-17.9701279994447,0.0 -43.524225,-17.9704689994447,0.0 -43.524542,-17.9707879994446,0.0 -43.525074,-17.9711269994446,0.0 -43.525486,-17.9713989994446,0.0 -43.526162,-17.9716909994446,0.0 -43.526596,-17.9718699994446,0.0 -43.527103,-17.9720719994446,0.0 -43.527634,-17.9722729994446,0.0 -43.528093,-17.9724749994446,0.0 -43.528745,-17.9727219994446,0.0 -43.529348,-17.9728989994446,0.0 -43.529901,-17.9729849994446,0.0 -43.530623,-17.9730469994446,0.0 -43.531128,-17.9731329994446,0.0 -43.531706,-17.9732419994446,0.0 -43.532213,-17.9734439994446,0.0 -43.532721,-17.9736919994446,0.0 -43.533326,-17.9740529994446,0.0 -43.533713,-17.9743479994446,0.0 -43.534149,-17.9746419994445,0.0 -43.534657,-17.9749359994445,0.0 -43.535287,-17.9753199994445,0.0 -43.535867,-17.9756589994445,0.0 -43.536785,-17.9760629994445,0.0 -43.53722,-17.9762659994445,0.0 -43.537678,-17.9764449994445,0.0 -43.538451,-17.9767359994445,0.0 -43.539127,-17.9770269994445,0.0 -43.539609,-17.9771599994445,0.0 -43.540237,-17.9774069994445,0.0 -43.540695,-17.9775399994445,0.0 -43.541369,-17.9776939994445,0.0 -43.541827,-17.9777809994445,0.0 -43.542381,-17.9778899994445,0.0 -43.542889,-17.9781379994445,0.0 -43.543299,-17.9783399994444,0.0 -43.543711,-17.9786119994444,0.0 -43.544075,-17.9789299994444,0.0 -43.544463,-17.9792479994444,0.0 -43.5449,-17.9796339994444,0.0 -43.545218,-17.9800679994444,0.0 -43.545415,-17.9804789994444,0.0 -43.545613,-17.9810059994444,0.0 -43.545907,-17.9814629994444,0.0 -43.546295,-17.9818039994444,0.0 -43.546706,-17.9820289994443,0.0 -43.547164,-17.9821169994443,0.0 -43.547717,-17.9821109994443,0.0 -43.548388,-17.9819659994443,0.0 -43.548962,-17.9817529994444,0.0 -43.549319,-17.9814729994444,0.0 -43.549796,-17.9811689994444,0.0 -43.550369,-17.9807949994444,0.0 -43.550798,-17.9805369994444,0.0 -43.551204,-17.9802569994444,0.0 -43.551778,-17.9800899994444,0.0 -43.552523,-17.9800359994444,0.0 -43.55298,-17.9800769994444,0.0 -43.553584,-17.9803699994444,0.0 -43.554044,-17.9806639994444,0.0 -43.55448,-17.9809579994444,0.0 -43.555084,-17.9812509994444,0.0 -43.555472,-17.9815679994444,0.0 -43.555932,-17.9818619994443,0.0 -43.556272,-17.9821809994443,0.0 -43.556638,-17.9826139994443,0.0 -43.556954,-17.9829779994443,0.0 -43.557322,-17.9835489994443,0.0 -43.557471,-17.9840309994443,0.0 -43.557477,-17.9844909994443,0.0 -43.55741,-17.9849509994443,0.0 -43.557295,-17.9853889994443,0.0 -43.557205,-17.9859419994442,0.0 -43.557043,-17.9864729994442,0.0 -43.556761,-17.9870049994442,0.0 -43.556502,-17.9874909994442,0.0 -43.556315,-17.9879059994442,0.0 -43.55596,-17.9883699994442,0.0 -43.555485,-17.9888809994442,0.0 -43.555009,-17.9892999994441,0.0 -43.554558,-17.9897419994441,0.0 -43.554201,-17.9900679994441,0.0 -43.553892,-17.9903929994441,0.0 -43.553393,-17.9908579994441,0.0 -43.552989,-17.9912069994441,0.0 -43.552489,-17.9916729994441,0.0 -43.552134,-17.9920669994441,0.0 -43.551874,-17.9924609994441,0.0 -43.551687,-17.9929229994441,0.0 -43.551959,-17.993563999444,0.0 -43.552275,-17.993904999444,0.0 -43.552567,-17.994246999444,0.0 -43.553002,-17.994449999444,0.0 -43.553484,-17.994559999444,0.0 -43.55399,-17.994691999444,0.0 -43.554497,-17.994870999444,0.0 -43.554979,-17.994980999444,0.0 -43.555581,-17.995111999444,0.0 -43.556161,-17.995335999444,0.0 -43.556766,-17.995696999444,0.0 -43.55725,-17.996013999444,0.0 -43.557638,-17.996285999444,0.0 -43.558073,-17.996533999444,0.0 -43.558533,-17.996781999444,0.0 -43.558944,-17.9970309994439,0.0 -43.559403,-17.9972099994439,0.0 -43.559862,-17.9974119994439,0.0 -43.560108,-17.9978689994439,0.0 -43.560257,-17.9983049994439,0.0 -43.560334,-17.9987409994439,0.0 -43.560363,-17.9991779994439,0.0 -43.560272,-17.9996379994439,0.0 -43.560037,-18.0000319994439,0.0 -43.559786,-18.0003319994439,0.0 -43.559508,-18.0005409994438,0.0 -43.559121,-18.0007859994438,0.0 -43.55881,-18.0011779994438,0.0 -43.558331,-18.0015239994438,0.0 -43.557924,-18.0018239994438,0.0 -43.557421,-18.0020559994438,0.0 -43.556845,-18.0022189994438,0.0 -43.55639,-18.0023579994438,0.0 -43.555838,-18.0024979994438,0.0 -43.555334,-18.0024999994438,0.0 -43.55471,-18.0024559994438,0.0 -43.554253,-18.0024349994438,0.0 -43.553821,-18.0022759994438,0.0 -43.553267,-18.0018869994438,0.0 -43.552738,-18.0016139994438,0.0 -43.552232,-18.0013629994438,0.0 -43.551271,-18.0009989994438,0.0 -43.550742,-18.0008629994438,0.0 -43.550261,-18.0007959994438,0.0 -43.549805,-18.0007749994438,0.0 -43.549301,-18.0007299994438,0.0 -43.548821,-18.0007549994438,0.0 -43.548293,-18.0008029994438,0.0 -43.547861,-18.0009649994438,0.0 -43.547406,-18.0012889994438,0.0 -43.547,-18.0016119994438,0.0 -43.546713,-18.0019569994438,0.0 -43.546403,-18.0024179994438,0.0 -43.546236,-18.0028319994438,0.0 -43.54607,-18.0033149994438,0.0 -43.546024,-18.0037519994438,0.0 -43.546098,-18.0043489994438,0.0 -43.546293,-18.0049449994437,0.0 -43.546511,-18.0054499994437,0.0 -43.54668,-18.0058859994437,0.0 -43.547091,-18.0064589994437,0.0 -43.547548,-18.0068009994437,0.0 -43.547862,-18.0072599994437,0.0 -43.548224,-18.0076029994437,0.0 -43.548537,-18.0079689994437,0.0 -43.548851,-18.0082899994436,0.0 -43.549212,-18.0086329994436,0.0 -43.549526,-18.0089539994436,0.0 -43.550008,-18.0093879994436,0.0 -43.5501547,-18.0095128994436,0.0 -43.550465,-18.0097769994436,0.0 -43.550899,-18.0100279994436,0.0 -43.551308,-18.0103479994436,0.0 -43.551765,-18.0106219994436,0.0 -43.552103,-18.0110119994436,0.0 -43.552464,-18.0112859994436,0.0 -43.552802,-18.0116749994435,0.0 -43.553068,-18.0120419994435,0.0 -43.553453,-18.0124079994435,0.0 -43.553886,-18.0126359994435,0.0 -43.554343,-18.0128179994435,0.0 -43.554776,-18.0130459994435,0.0 -43.555233,-18.0132519994435,0.0 -43.555667,-18.0135489994435,0.0 -43.556124,-18.0138229994435,0.0 -43.556485,-18.0140969994435,0.0 -43.556799,-18.0144169994435,0.0 -43.557041,-18.0149219994435,0.0 -43.557115,-18.0155649994434,0.0 -43.557045,-18.0160699994434,0.0 -43.556903,-18.0165989994434,0.0 -43.556761,-18.0170819994434,0.0 -43.556619,-18.0175419994434,0.0 -43.556429,-18.0180019994434,0.0 -43.556335,-18.0184619994434,0.0 -43.556144,-18.0188759994434,0.0 -43.55605,-18.0193819994434,0.0 -43.556052,-18.0198879994433,0.0 -43.556151,-18.0204839994433,0.0 -43.556393,-18.0210119994433,0.0 -43.556803,-18.0214009994433,0.0 -43.557188,-18.0216979994433,0.0 -43.557621,-18.0219719994433,0.0 -43.558031,-18.0222229994433,0.0 -43.558464,-18.0224059994433,0.0 -43.558921,-18.0227029994433,0.0 -43.559546,-18.0228839994433,0.0 -43.560003,-18.0230889994433,0.0 -43.560484,-18.0232479994432,0.0 -43.560941,-18.0233379994432,0.0 -43.561374,-18.0235199994432,0.0 -43.561759,-18.0238409994432,0.0 -43.561833,-18.0242999994432,0.0 -43.561547,-18.0249209994432,0.0 -43.561141,-18.0254279994432,0.0 -43.560878,-18.0257969994432,0.0 -43.560592,-18.0261419994432,0.0 -43.560329,-18.0265339994432,0.0 -43.560043,-18.0269479994431,0.0 -43.559973,-18.0274079994431,0.0 -43.560071,-18.0280509994431,0.0 -43.560145,-18.0285559994431,0.0 -43.560243,-18.0289919994431,0.0 -43.560125,-18.0294519994431,0.0 -43.559935,-18.0298889994431,0.0 -43.55972,-18.0302799994431,0.0 -43.559337,-18.030671999443,0.0 -43.559099,-18.031109999443,0.0 -43.558861,-18.031500999443,0.0 -43.55867,-18.031914999443,0.0 -43.558504,-18.032397999443,0.0 -43.558338,-18.032972999443,0.0 -43.55822,-18.033455999443,0.0 -43.558054,-18.033915999443,0.0 -43.557863,-18.034329999443,0.0 -43.557553,-18.0346989994429,0.0 -43.557218,-18.0349989994429,0.0 -43.557051,-18.0354129994429,0.0 -43.557053,-18.0358729994429,0.0 -43.557391,-18.0362849994429,0.0 -43.557801,-18.0367199994429,0.0 -43.558164,-18.0373159994429,0.0 -43.558382,-18.0377969994429,0.0 -43.558576,-18.0383019994428,0.0 -43.558482,-18.0387619994428,0.0 -43.558147,-18.0390849994428,0.0 -43.55774,-18.0394079994428,0.0 -43.557333,-18.0397079994428,0.0 -43.556615,-18.0403079994428,0.0 -43.556232,-18.0405619994428,0.0 -43.555873,-18.0408619994428,0.0 -43.555513,-18.0411389994428,0.0 -43.555155,-18.0415309994428,0.0 -43.554844,-18.0419219994427,0.0 -43.554698,-18.0421399994427,0.0 -43.554582,-18.0423139994427,0.0 -43.554391,-18.0427969994427,0.0 -43.554273,-18.0432569994427,0.0 -43.554203,-18.0438309994427,0.0 -43.554085,-18.0443139994427,0.0 -43.553919,-18.0448199994427,0.0 -43.553657,-18.0452119994427,0.0 -43.553201,-18.0453509994427,0.0 -43.552697,-18.0454449994427,0.0 -43.551616,-18.0454489994427,0.0 -43.551135,-18.0452669994427,0.0 -43.550726,-18.0449929994427,0.0 -43.550245,-18.0447419994427,0.0 -43.549907,-18.0444209994427,0.0 -43.549857,-18.0439849994427,0.0 -43.550193,-18.0436849994427,0.0 -43.550455,-18.0433169994427,0.0 -43.550622,-18.0429029994427,0.0 -43.550644,-18.0424429994427,0.0 -43.550354,-18.0420999994427,0.0 -43.549826,-18.0420329994427,0.0 -43.54937,-18.0421719994427,0.0 -43.548794,-18.0423579994427,0.0 -43.548435,-18.0426349994427,0.0 -43.548173,-18.0430949994427,0.0 -43.548055,-18.0436239994427,0.0 -43.547913,-18.0442219994427,0.0 -43.547795,-18.0447049994427,0.0 -43.547725,-18.0451869994427,0.0 -43.547633,-18.0461069994426,0.0 -43.5473,-18.0469809994426,0.0 -43.547085,-18.0474179994426,0.0 -43.546751,-18.0477639994426,0.0 -43.546416,-18.0480869994426,0.0 -43.545984,-18.0482949994426,0.0 -43.545601,-18.0485489994426,0.0 -43.545146,-18.0488029994426,0.0 -43.544714,-18.0490349994426,0.0 -43.544259,-18.0492429994426,0.0 -43.543852,-18.0494739994425,0.0 -43.543444,-18.0497509994425,0.0 -43.543061,-18.0500289994425,0.0 -43.542606,-18.0503979994425,0.0 -43.542271,-18.0506979994425,0.0 -43.541985,-18.0510659994425,0.0 -43.542226,-18.0514559994425,0.0 -43.542612,-18.0517299994425,0.0 -43.543045,-18.0520269994425,0.0 -43.543455,-18.0523929994425,0.0 -43.543913,-18.0528509994425,0.0 -43.544275,-18.0532169994424,0.0 -43.544588,-18.0535609994424,0.0 -43.544734,-18.0540889994424,0.0 -43.544736,-18.0545939994424,0.0 -43.544305,-18.0548249994424,0.0 -43.543849,-18.0549419994424,0.0 -43.543321,-18.0549669994424,0.0 -43.542312,-18.0549699994424,0.0 -43.541857,-18.0551329994424,0.0 -43.541329,-18.0552259994424,0.0 -43.540873,-18.0553429994424,0.0 -43.5404201,-18.0554353994424,0.0 -43.540417,-18.0554359994424,0.0 -43.540103,-18.0550699994424,0.0 -43.539718,-18.0547959994424,0.0 -43.539285,-18.0546359994424,0.0 -43.538804,-18.0545459994424,0.0 -43.538301,-18.0547089994424,0.0 -43.537893,-18.0549399994424,0.0 -43.537582,-18.0552859994424,0.0 -43.537271,-18.0556089994424,0.0 -43.536937,-18.0559539994424,0.0 -43.536626,-18.0562999994424,0.0 -43.53617,-18.0564619994424,0.0 -43.535665,-18.0563029994424,0.0 -43.535328,-18.0559599994424,0.0 -43.535086,-18.0555469994424,0.0 -43.534796,-18.0551119994424,0.0 -43.534339,-18.0549759994424,0.0 -43.533883,-18.0550459994424,0.0 -43.533476,-18.0552999994424,0.0 -43.533117,-18.0555769994424,0.0 -43.532782,-18.0559459994424,0.0 -43.532544,-18.0564289994424,0.0 -43.532257,-18.0567979994424,0.0 -43.532066,-18.0572349994423,0.0 -43.531828,-18.0576489994423,0.0 -43.531565,-18.0580639994423,0.0 -43.53123,-18.0583639994423,0.0 -43.530847,-18.0586179994423,0.0 -43.530584,-18.0589859994423,0.0 -43.530346,-18.0593779994423,0.0 -43.53001,-18.0596769994423,0.0 -43.529628,-18.0600459994423,0.0 -43.529268,-18.0603229994423,0.0 -43.528813,-18.0604859994423,0.0 -43.528574,-18.0608769994423,0.0 -43.528744,-18.0613819994422,0.0 -43.529129,-18.0616329994422,0.0 -43.529539,-18.0620449994422,0.0 -43.529685,-18.0624809994422,0.0 -43.529423,-18.0630789994422,0.0 -43.529305,-18.0635389994422,0.0 -43.529066,-18.0639539994422,0.0 -43.528755,-18.0642989994422,0.0 -43.528541,-18.0647129994421,0.0 -43.528422,-18.0651499994421,0.0 -43.528424,-18.0656329994421,0.0 -43.528282,-18.0660699994421,0.0 -43.528091,-18.0664839994421,0.0 -43.527636,-18.0666459994421,0.0 -43.527107,-18.0665559994421,0.0 -43.526579,-18.0665579994421,0.0 -43.526123,-18.0666979994421,0.0 -43.52586,-18.0670889994421,0.0 -43.525742,-18.0675719994421,0.0 -43.525479,-18.0679629994421,0.0 -43.525096,-18.068239999442,0.0 -43.524785,-18.068631999442,0.0 -43.524787,-18.069113999442,0.0 -43.524717,-18.069596999442,0.0 -43.524502,-18.069987999442,0.0 -43.524191,-18.070310999442,0.0 -43.523784,-18.070610999442,0.0 -43.523377,-18.070818999442,0.0 -43.522993,-18.071095999442,0.0 -43.52261,-18.071395999442,0.0 -43.522323,-18.071741999442,0.0 -43.522037,-18.0721099994419,0.0 -43.52175,-18.0725019994419,0.0 -43.521318,-18.0727329994419,0.0 -43.520839,-18.0728949994419,0.0 -43.520359,-18.0729889994419,0.0 -43.519927,-18.0731739994419,0.0 -43.519592,-18.0734739994419,0.0 -43.519233,-18.0738889994419,0.0 -43.518922,-18.0742109994419,0.0 -43.518515,-18.0744429994419,0.0 -43.518059,-18.0746509994419,0.0 -43.517483,-18.0746989994419,0.0 -43.517027,-18.0747919994419,0.0 -43.516499,-18.0750009994419,0.0 -43.516068,-18.0752779994419,0.0 -43.515829,-18.0756689994419,0.0 -43.515663,-18.0760829994418,0.0 -43.51528,-18.0764059994418,0.0 -43.514824,-18.0765689994418,0.0 -43.514343,-18.0763409994418,0.0 -43.513909,-18.0759979994418,0.0 -43.513428,-18.0759069994418,0.0 -43.513166,-18.0762759994418,0.0 -43.512999,-18.0767129994418,0.0 -43.512762,-18.0775869994418,0.0 -43.512668,-18.0780919994418,0.0 -43.512742,-18.0785519994418,0.0 -43.512792,-18.0790799994418,0.0 -43.512914,-18.0795159994417,0.0 -43.513059,-18.0799749994417,0.0 -43.513109,-18.0804109994417,0.0 -43.513255,-18.0808699994417,0.0 -43.513329,-18.0813059994417,0.0 -43.513426,-18.0817419994417,0.0 -43.513429,-18.0823169994417,0.0 -43.513502,-18.0827989994417,0.0 -43.513672,-18.0833029994416,0.0 -43.51389,-18.0836929994416,0.0 -43.514156,-18.0841059994416,0.0 -43.51435,-18.0845649994416,0.0 -43.514472,-18.0850469994416,0.0 -43.514545,-18.0855059994416,0.0 -43.514523,-18.0859649994416,0.0 -43.514381,-18.0864019994416,0.0 -43.514286,-18.0868389994416,0.0 -43.514,-18.0872759994415,0.0 -43.513544,-18.0875539994415,0.0 -43.513041,-18.0877389994415,0.0 -43.512561,-18.0879249994415,0.0 -43.512009,-18.0880869994415,0.0 -43.511577,-18.0882729994415,0.0 -43.511026,-18.0884579994415,0.0 -43.51057,-18.0886899994415,0.0 -43.510019,-18.0890129994415,0.0 -43.509588,-18.0893359994415,0.0 -43.509109,-18.0897049994415,0.0 -43.508749,-18.0900049994415,0.0 -43.508318,-18.0901899994415,0.0 -43.507886,-18.0903529994415,0.0 -43.507358,-18.0904459994415,0.0 -43.506806,-18.0905399994415,0.0 -43.506325,-18.0905419994414,0.0 -43.505701,-18.0905669994415,0.0 -43.504164,-18.0905719994415,0.0 -43.503611,-18.0905509994415,0.0 -43.50205,-18.0905559994415,0.0 -43.501594,-18.0905809994415,0.0 -43.501113,-18.0905819994415,0.0 -43.500633,-18.0906759994415,0.0 -43.500384,-18.0906469994415,0.0 -43.500019,-18.0906679994415,0.0 -43.499587,-18.0908529994414,0.0 -43.499058,-18.0911289994414,0.0 -43.498506,-18.0912449994414,0.0 -43.498026,-18.0915669994414,0.0 -43.497593,-18.0918199994414,0.0 -43.497209,-18.0920729994414,0.0 -43.496897,-18.0924879994414,0.0 -43.496633,-18.0929469994414,0.0 -43.496466,-18.0934529994414,0.0 -43.496418,-18.0939359994414,0.0 -43.496419,-18.0944189994414,0.0 -43.496324,-18.0950389994413,0.0 -43.496252,-18.0954989994413,0.0 -43.496397,-18.0959809994413,0.0 -43.496398,-18.0965329994413,0.0 -43.496422,-18.0969929994413,0.0 -43.496471,-18.0974289994413,0.0 -43.496471,-18.0979579994413,0.0 -43.496424,-18.0984179994412,0.0 -43.496497,-18.0990609994412,0.0 -43.49657,-18.0996589994412,0.0 -43.496546,-18.1001869994412,0.0 -43.496307,-18.1007159994412,0.0 -43.495995,-18.1012909994412,0.0 -43.495731,-18.1017509994412,0.0 -43.495107,-18.1027169994411,0.0 -43.494819,-18.1030619994411,0.0 -43.494556,-18.1035219994411,0.0 -43.49434,-18.1040279994411,0.0 -43.494148,-18.1044649994411,0.0 -43.493788,-18.1049479994411,0.0 -43.493573,-18.1053849994411,0.0 -43.493333,-18.1060049994411,0.0 -43.493141,-18.106464999441,0.0 -43.492926,-18.107062999441,0.0 -43.492782,-18.107545999441,0.0 -43.492639,-18.108166999441,0.0 -43.492519,-18.108602999441,0.0 -43.492423,-18.109062999441,0.0 -43.492328,-18.1095919994409,0.0 -43.49216,-18.1100749994409,0.0 -43.492089,-18.1107179994409,0.0 -43.492041,-18.1112009994409,0.0 -43.491994,-18.1117299994409,0.0 -43.491971,-18.1122579994409,0.0 -43.492043,-18.1127179994409,0.0 -43.492164,-18.1132459994409,0.0 -43.492405,-18.1137059994408,0.0 -43.49255,-18.1141649994408,0.0 -43.49267,-18.1146249994408,0.0 -43.492671,-18.1151299994408,0.0 -43.49272,-18.1155669994408,0.0 -43.492672,-18.1160499994408,0.0 -43.492577,-18.1165549994408,0.0 -43.492433,-18.1170609994407,0.0 -43.492362,-18.1175899994407,0.0 -43.492146,-18.1180269994407,0.0 -43.491858,-18.1185329994407,0.0 -43.491642,-18.1189239994407,0.0 -43.491354,-18.1192919994407,0.0 -43.49073,-18.1201659994407,0.0 -43.490394,-18.1205339994407,0.0 -43.490106,-18.1209249994406,0.0 -43.489818,-18.1213619994406,0.0 -43.489579,-18.1218219994406,0.0 -43.489435,-18.1223049994406,0.0 -43.489219,-18.1227179994406,0.0 -43.489124,-18.1232239994406,0.0 -43.488956,-18.1237759994406,0.0 -43.488933,-18.1242819994406,0.0 -43.488861,-18.1247639994405,0.0 -43.488765,-18.1253159994405,0.0 -43.488766,-18.1258679994405,0.0 -43.488671,-18.1263039994405,0.0 -43.488575,-18.1267639994405,0.0 -43.488359,-18.1273619994405,0.0 -43.488119,-18.1277529994405,0.0 -43.487495,-18.1284889994405,0.0 -43.487207,-18.1289259994404,0.0 -43.486871,-18.1292479994404,0.0 -43.486463,-18.1295469994404,0.0 -43.486031,-18.1297779994404,0.0 -43.485574,-18.1299159994404,0.0 -43.485117,-18.1299619994404,0.0 -43.484613,-18.1301239994404,0.0 -43.484156,-18.1302849994404,0.0 -43.483844,-18.1306069994404,0.0 -43.483436,-18.1309059994404,0.0 -43.483052,-18.1311599994404,0.0 -43.482739,-18.1315049994404,0.0 -43.482451,-18.1318499994404,0.0 -43.482139,-18.1323099994403,0.0 -43.481876,-18.1327469994403,0.0 -43.481588,-18.1332299994403,0.0 -43.481516,-18.1336659994403,0.0 -43.481348,-18.1340799994403,0.0 -43.480964,-18.1343789994403,0.0 -43.480628,-18.1346789994403,0.0 -43.480195,-18.1349319994403,0.0 -43.479763,-18.1351619994403,0.0 -43.479186,-18.1353469994403,0.0 -43.478754,-18.1355309994403,0.0 -43.478273,-18.1358069994403,0.0 -43.477697,-18.1360829994402,0.0 -43.477288,-18.1363139994402,0.0 -43.476135,-18.1367289994402,0.0 -43.475678,-18.1367979994402,0.0 -43.475174,-18.1369819994402,0.0 -43.474693,-18.1370979994402,0.0 -43.474237,-18.1371209994402,0.0 -43.473732,-18.1371219994402,0.0 -43.473251,-18.1370989994402,0.0 -43.472722,-18.1370079994402,0.0 -43.472241,-18.1369619994402,0.0 -43.471688,-18.1369399994402,0.0 -43.471136,-18.1371699994402,0.0 -43.470679,-18.1374919994402,0.0 -43.470295,-18.1379299994402,0.0 -43.469719,-18.1387109994402,0.0 -43.469383,-18.1390339994402,0.0 -43.468999,-18.1393789994402,0.0 -43.46859,-18.1397699994401,0.0 -43.468278,-18.1401149994401,0.0 -43.467822,-18.1405059994401,0.0 -43.467486,-18.1408049994401,0.0 -43.467005,-18.1410579994401,0.0 -43.466453,-18.1413349994401,0.0 -43.465924,-18.1415419994401,0.0 -43.465612,-18.1418869994401,0.0 -43.465107,-18.1422089994401,0.0 -43.464555,-18.1425319994401,0.0 -43.464147,-18.1428539994401,0.0 -43.46369,-18.1431069994401,0.0 -43.463354,-18.14342899944,0.0 -43.462921,-18.14365899944,0.0 -43.462465,-18.14398099944,0.0 -43.462009,-18.14432699944,0.0 -43.461648,-18.14460299944,0.0 -43.461288,-18.14490199944,0.0 -43.460832,-18.14520099944,0.0 -43.460471,-18.14549999944,0.0 -43.460111,-18.14582199944,0.0 -43.459583,-18.14616699944,0.0 -43.459102,-18.14648999944,0.0 -43.458742,-18.14676599944,0.0 -43.458382,-18.14715699944,0.0 -43.458046,-18.1475479994399,0.0 -43.457733,-18.1478699994399,0.0 -43.457517,-18.1482839994399,0.0 -43.457302,-18.1487899994399,0.0 -43.457086,-18.1492259994399,0.0 -43.456966,-18.1496859994399,0.0 -43.456918,-18.1501689994399,0.0 -43.456943,-18.1506049994399,0.0 -43.457112,-18.1510419994399,0.0 -43.457328,-18.1515239994398,0.0 -43.457545,-18.1519149994398,0.0 -43.457786,-18.1523049994398,0.0 -43.458195,-18.1525809994398,0.0 -43.45858,-18.1529939994398,0.0 -43.458941,-18.1533839994398,0.0 -43.459134,-18.1538209994398,0.0 -43.459254,-18.1543259994398,0.0 -43.459375,-18.1547629994397,0.0 -43.459375,-18.1552689994397,0.0 -43.459328,-18.1557739994397,0.0 -43.45928,-18.1562569994397,0.0 -43.459113,-18.1568549994397,0.0 -43.458993,-18.1573369994397,0.0 -43.458945,-18.1577739994397,0.0 -43.458777,-18.1582339994397,0.0 -43.45861,-18.1593599994396,0.0 -43.458491,-18.1598659994396,0.0 -43.458539,-18.1603489994396,0.0 -43.45866,-18.1607849994396,0.0 -43.458756,-18.1612219994396,0.0 -43.459045,-18.1615889994396,0.0 -43.459406,-18.1619789994396,0.0 -43.459887,-18.1622549994395,0.0 -43.460441,-18.1625759994395,0.0 -43.460922,-18.1628279994395,0.0 -43.461475,-18.1628279994395,0.0 -43.461956,-18.1629879994395,0.0 -43.462413,-18.1630799994395,0.0 -43.462942,-18.1631939994395,0.0 -43.463471,-18.1634699994395,0.0 -43.463856,-18.1638369994395,0.0 -43.464025,-18.1642729994395,0.0 -43.464241,-18.1647789994395,0.0 -43.464482,-18.1652839994395,0.0 -43.464579,-18.1657209994395,0.0 -43.4647,-18.1661799994394,0.0 -43.464892,-18.1665939994394,0.0 -43.465037,-18.1670529994394,0.0 -43.465086,-18.1675359994394,0.0 -43.465087,-18.1684779994394,0.0 -43.465183,-18.1689839994394,0.0 -43.465184,-18.1699489994394,0.0 -43.464944,-18.1704549994393,0.0 -43.464729,-18.1709379994393,0.0 -43.464513,-18.1713969994393,0.0 -43.464249,-18.1718109994393,0.0 -43.464033,-18.1722249994393,0.0 -43.463865,-18.1728919994393,0.0 -43.463649,-18.1733289994393,0.0 -43.463529,-18.1737889994392,0.0 -43.463314,-18.1743169994392,0.0 -43.46317,-18.1747539994392,0.0 -43.462978,-18.1752139994392,0.0 -43.46281,-18.1757199994392,0.0 -43.462546,-18.1762029994392,0.0 -43.462402,-18.1767309994392,0.0 -43.462114,-18.1771909994392,0.0 -43.461947,-18.1777199994391,0.0 -43.461755,-18.1781569994391,0.0 -43.461515,-18.1787089994391,0.0 -43.461323,-18.1791449994391,0.0 -43.461131,-18.1795589994391,0.0 -43.460915,-18.1800419994391,0.0 -43.460699,-18.1805939994391,0.0 -43.460555,-18.1810309994391,0.0 -43.460387,-18.181513999439,0.0 -43.460268,-18.181995999439,0.0 -43.46022,-18.182455999439,0.0 -43.4601,-18.182961999439,0.0 -43.460005,-18.183466999439,0.0 -43.459933,-18.183926999439,0.0 -43.459915,-18.184008999439,0.0 -43.459837,-18.184363999439,0.0 -43.459669,-18.1848239994389,0.0 -43.459598,-18.1852599994389,0.0 -43.459502,-18.1856969994389,0.0 -43.459334,-18.1862949994389,0.0 -43.45919,-18.1867319994389,0.0 -43.459071,-18.1872829994389,0.0 -43.458951,-18.1877199994389,0.0 -43.458783,-18.1882489994389,0.0 -43.458591,-18.1887319994389,0.0 -43.458327,-18.1890999994388,0.0 -43.457967,-18.1893759994388,0.0 -43.457582,-18.1896289994388,0.0 -43.457102,-18.1897439994388,0.0 -43.456621,-18.1900889994388,0.0 -43.456116,-18.1902739994388,0.0 -43.455563,-18.1903889994388,0.0 -43.454987,-18.1906649994388,0.0 -43.454554,-18.1908269994388,0.0 -43.454097,-18.1910339994388,0.0 -43.453472,-18.1913099994388,0.0 -43.452992,-18.1915629994388,0.0 -43.452511,-18.1917939994388,0.0 -43.452126,-18.1920469994388,0.0 -43.451742,-18.1923459994388,0.0 -43.451309,-18.1925759994387,0.0 -43.450973,-18.1928749994387,0.0 -43.450541,-18.1934499994387,0.0 -43.450205,-18.1940249994387,0.0 -43.450037,-18.1945309994387,0.0 -43.449893,-18.1950129994387,0.0 -43.449677,-18.1954729994387,0.0 -43.449581,-18.1959559994387,0.0 -43.449486,-18.1965079994386,0.0 -43.449366,-18.1970589994386,0.0 -43.449294,-18.1975189994386,0.0 -43.449247,-18.1979559994386,0.0 -43.449223,-18.1984379994386,0.0 -43.449127,-18.1988979994386,0.0 -43.449128,-18.1993579994386,0.0 -43.449056,-18.1998629994386,0.0 -43.448936,-18.2002999994385,0.0 -43.448744,-18.2007599994385,0.0 -43.44848,-18.2011279994385,0.0 -43.44812,-18.2014499994385,0.0 -43.447711,-18.2016799994385,0.0 -43.447254,-18.2018639994385,0.0 -43.446629,-18.2020719994385,0.0 -43.446124,-18.2022329994385,0.0 -43.445644,-18.2023939994385,0.0 -43.445163,-18.2025779994385,0.0 -43.444706,-18.2026709994385,0.0 -43.444105,-18.2028089994385,0.0 -43.443456,-18.2030159994385,0.0 -43.442975,-18.2031779994385,0.0 -43.442518,-18.2032469994385,0.0 -43.442014,-18.2033849994385,0.0 -43.441557,-18.2034779994385,0.0 -43.441028,-18.2036619994385,0.0 -43.440427,-18.2037999994385,0.0 -43.439922,-18.2039849994384,0.0 -43.439297,-18.2041919994384,0.0 -43.438744,-18.2044219994384,0.0 -43.438287,-18.2047209994384,0.0 -43.437831,-18.2049739994384,0.0 -43.437398,-18.2052279994384,0.0 -43.437062,-18.2055269994384,0.0 -43.436605,-18.2058949994384,0.0 -43.436221,-18.2061709994384,0.0 -43.435836,-18.2065619994384,0.0 -43.435524,-18.2069299994384,0.0 -43.435188,-18.2073209994384,0.0 -43.434899,-18.2077579994383,0.0 -43.434707,-18.2081709994383,0.0 -43.434491,-18.2085619994383,0.0 -43.434396,-18.2089989994383,0.0 -43.434131,-18.2094819994383,0.0 -43.433867,-18.2099189994383,0.0 -43.433651,-18.2103099994383,0.0 -43.433555,-18.2107459994383,0.0 -43.43346,-18.2112979994382,0.0 -43.433388,-18.2118039994382,0.0 -43.433316,-18.2122629994382,0.0 -43.43322,-18.2127229994382,0.0 -43.4331,-18.2132059994382,0.0 -43.432909,-18.2141249994382,0.0 -43.432765,-18.2149979994382,0.0 -43.432766,-18.2159179994381,0.0 -43.432887,-18.2163769994381,0.0 -43.432935,-18.2168139994381,0.0 -43.433008,-18.2173419994381,0.0 -43.433056,-18.2178019994381,0.0 -43.433105,-18.2183309994381,0.0 -43.433105,-18.2188129994381,0.0 -43.43313,-18.219318999438,0.0 -43.432914,-18.219893999438,0.0 -43.432649,-18.220352999438,0.0 -43.432361,-18.220697999438,0.0 -43.432025,-18.221111999438,0.0 -43.43164,-18.221433999438,0.0 -43.431159,-18.221617999438,0.0 -43.430775,-18.221894999438,0.0 -43.430342,-18.222147999438,0.0 -43.429861,-18.222377999438,0.0 -43.429356,-18.222515999438,0.0 -43.428322,-18.2225169994379,0.0 -43.427841,-18.222493999438,0.0 -43.427192,-18.222540999438,0.0 -43.426687,-18.222563999438,0.0 -43.42599,-18.222586999438,0.0 -43.425437,-18.222587999438,0.0 -43.42498,-18.222679999438,0.0 -43.424403,-18.2229099994379,0.0 -43.42397,-18.2230719994379,0.0 -43.423513,-18.2232559994379,0.0 -43.422936,-18.2234859994379,0.0 -43.422359,-18.2234629994379,0.0 -43.421854,-18.2233719994379,0.0 -43.420291,-18.2233729994379,0.0 -43.419786,-18.2236259994379,0.0 -43.419353,-18.2238329994379,0.0 -43.4188,-18.2241549994379,0.0 -43.418295,-18.2243619994379,0.0 -43.417863,-18.2245699994379,0.0 -43.417286,-18.2249149994379,0.0 -43.416805,-18.2251679994379,0.0 -43.416444,-18.2254439994379,0.0 -43.416012,-18.2256739994379,0.0 -43.415459,-18.2260419994379,0.0 -43.415002,-18.2263179994379,0.0 -43.414569,-18.2265939994378,0.0 -43.414161,-18.2268699994378,0.0 -43.413752,-18.2270769994378,0.0 -43.413247,-18.2272609994378,0.0 -43.412838,-18.2275149994378,0.0 -43.412358,-18.2276989994378,0.0 -43.411901,-18.2278829994378,0.0 -43.411444,-18.2280439994378,0.0 -43.411011,-18.2282509994378,0.0 -43.41041,-18.2285269994378,0.0 -43.409929,-18.2288029994378,0.0 -43.409497,-18.2290099994378,0.0 -43.409016,-18.2291719994378,0.0 -43.408463,-18.2293559994378,0.0 -43.407813,-18.2295399994378,0.0 -43.407188,-18.2296089994378,0.0 -43.406731,-18.2297479994378,0.0 -43.406202,-18.2298629994378,0.0 -43.405745,-18.2299779994378,0.0 -43.405264,-18.2300239994378,0.0 -43.404808,-18.2301389994378,0.0 -43.404351,-18.2301629994378,0.0 -43.403846,-18.2303009994377,0.0 -43.403365,-18.2304389994377,0.0 -43.402908,-18.2308529994377,0.0 -43.402427,-18.2311059994377,0.0 -43.401946,-18.2312899994377,0.0 -43.401465,-18.2314049994377,0.0 -43.400864,-18.2313369994377,0.0 -43.400407,-18.2310609994377,0.0 -43.400022,-18.2307859994377,0.0 -43.399541,-18.2304639994377,0.0 -43.399108,-18.2301429994378,0.0 -43.398699,-18.2299129994378,0.0 -43.398266,-18.2296609994378,0.0 -43.397833,-18.2294769994378,0.0 -43.397279,-18.2293619994378,0.0 -43.396822,-18.2292019994378,0.0 -43.396269,-18.2290409994378,0.0 -43.395812,-18.2289039994378,0.0 -43.395379,-18.2286739994378,0.0 -43.394994,-18.2283989994378,0.0 -43.394537,-18.2282149994378,0.0 -43.39408,-18.2279389994378,0.0 -43.393671,-18.2276639994378,0.0 -43.392805,-18.2273429994378,0.0 -43.3923,-18.2272509994378,0.0 -43.391771,-18.2272509994378,0.0 -43.3859522,-18.2489288994373,0.0 -43.385809,-18.2494621994372,0.0 -43.383874,-18.256670999437,0.0 -43.383899,-18.257107999437,0.0 -43.384067,-18.257544999437,0.0 -43.3845,-18.257704999437,0.0 -43.384981,-18.257819999437,0.0 -43.385366,-18.258118999437,0.0 -43.385775,-18.258370999437,0.0 -43.386233,-18.258669999437,0.0 -43.386521,-18.259013999437,0.0 -43.386786,-18.259381999437,0.0 -43.387219,-18.259679999437,0.0 -43.387701,-18.259840999437,0.0 -43.388182,-18.259978999437,0.0 -43.388615,-18.260161999437,0.0 -43.389313,-18.2608279994369,0.0 -43.389602,-18.2612419994369,0.0 -43.389842,-18.2616319994369,0.0 -43.390155,-18.2621379994369,0.0 -43.39042,-18.2625049994369,0.0 -43.390805,-18.2627579994369,0.0 -43.391262,-18.2629649994369,0.0 -43.391719,-18.2631249994369,0.0 -43.392153,-18.2633549994369,0.0 -43.392562,-18.2637449994369,0.0 -43.392875,-18.2642049994368,0.0 -43.392995,-18.2646409994368,0.0 -43.392899,-18.2650779994368,0.0 -43.392803,-18.2655609994368,0.0 -43.392491,-18.2660889994368,0.0 -43.392202,-18.2664569994368,0.0 -43.391938,-18.2668479994368,0.0 -43.39165,-18.2672159994368,0.0 -43.391337,-18.2675609994368,0.0 -43.390928,-18.2679749994367,0.0 -43.390471,-18.2682509994367,0.0 -43.38999,-18.2684349994367,0.0 -43.389534,-18.2686419994367,0.0 -43.389149,-18.2688949994367,0.0 -43.38886,-18.2692859994367,0.0 -43.388812,-18.2697449994367,0.0 -43.388861,-18.2703199994367,0.0 -43.389006,-18.2708479994367,0.0 -43.389126,-18.2713539994367,0.0 -43.389199,-18.2717909994366,0.0 -43.389463,-18.2723419994366,0.0 -43.389969,-18.2726629994366,0.0 -43.390522,-18.2728929994366,0.0 -43.391027,-18.2729619994366,0.0 -43.391581,-18.2729839994366,0.0 -43.39211,-18.2729839994366,0.0 -43.392663,-18.2730529994366,0.0 -43.39312,-18.2732819994366,0.0 -43.393674,-18.2738339994366,0.0 -43.394035,-18.2741779994366,0.0 -43.3943,-18.2746149994366,0.0 -43.39442,-18.2750739994366,0.0 -43.394469,-18.2755109994366,0.0 -43.394469,-18.2760159994365,0.0 -43.394517,-18.2764529994365,0.0 -43.394686,-18.2768899994365,0.0 -43.395071,-18.2772799994365,0.0 -43.395384,-18.2776019994365,0.0 -43.395649,-18.2780379994365,0.0 -43.395866,-18.2784979994365,0.0 -43.396034,-18.2789799994365,0.0 -43.396083,-18.2794169994364,0.0 -43.396084,-18.2808189994364,0.0 -43.396252,-18.2813239994364,0.0 -43.396493,-18.2817609994364,0.0 -43.39671,-18.2821509994364,0.0 -43.397143,-18.2825189994364,0.0 -43.397456,-18.2828399994364,0.0 -43.397721,-18.2832079994363,0.0 -43.397938,-18.2836209994363,0.0 -43.39813,-18.2840349994363,0.0 -43.398227,-18.2844719994363,0.0 -43.398227,-18.2850229994363,0.0 -43.398203,-18.2854599994363,0.0 -43.398348,-18.2859419994363,0.0 -43.398661,-18.2862869994363,0.0 -43.398974,-18.2866539994363,0.0 -43.399119,-18.2870909994362,0.0 -43.399047,-18.2875509994362,0.0 -43.398951,-18.2880329994362,0.0 -43.398879,-18.2885159994362,0.0 -43.399048,-18.2889519994362,0.0 -43.399481,-18.2893199994362,0.0 -43.40001,-18.2896179994362,0.0 -43.400443,-18.2898019994362,0.0 -43.400828,-18.2900549994362,0.0 -43.401238,-18.2902609994362,0.0 -43.401551,-18.2906059994362,0.0 -43.401815,-18.2909729994361,0.0 -43.401912,-18.2914789994361,0.0 -43.401984,-18.2919379994361,0.0 -43.402057,-18.2924209994361,0.0 -43.402081,-18.2929959994361,0.0 -43.402204,-18.2934629994361,0.0 -43.402226,-18.2935469994361,0.0 -43.402371,-18.2939839994361,0.0 -43.40278,-18.2944429994361,0.0 -43.403045,-18.294810999436,0.0 -43.403189,-18.295246999436,0.0 -43.403238,-18.295729999436,0.0 -43.403142,-18.296211999436,0.0 -43.403118,-18.296648999436,0.0 -43.403118,-18.297108999436,0.0 -43.403455,-18.297429999436,0.0 -43.403985,-18.297475999436,0.0 -43.404514,-18.297406999436,0.0 -43.405067,-18.297290999436,0.0 -43.405524,-18.297198999436,0.0 -43.406438,-18.296922999436,0.0 -43.406968,-18.296922999436,0.0 -43.407425,-18.296967999436,0.0 -43.407906,-18.296944999436,0.0 -43.408724,-18.296530999436,0.0 -43.409085,-18.296920999436,0.0 -43.409326,-18.297334999436,0.0 -43.409639,-18.297701999436,0.0 -43.409976,-18.2980009994359,0.0 -43.410337,-18.2982759994359,0.0 -43.410842,-18.2982529994359,0.0 -43.411155,-18.297930999436,0.0 -43.411299,-18.297494999436,0.0 -43.411395,-18.297057999436,0.0 -43.411563,-18.296574999436,0.0 -43.412044,-18.296758999436,0.0 -43.412357,-18.297079999436,0.0 -43.412766,-18.297332999436,0.0 -43.413344,-18.297216999436,0.0 -43.413776,-18.297032999436,0.0 -43.414113,-18.296733999436,0.0 -43.414402,-18.296366999436,0.0 -43.414618,-18.295975999436,0.0 -43.414954,-18.295630999436,0.0 -43.415387,-18.295446999436,0.0 -43.415797,-18.295675999436,0.0 -43.416085,-18.296020999436,0.0 -43.416278,-18.296456999436,0.0 -43.416375,-18.296893999436,0.0 -43.416543,-18.297306999436,0.0 -43.416616,-18.297743999436,0.0 -43.41652,-18.298180999436,0.0 -43.4164,-18.2986169994359,0.0 -43.416569,-18.2990309994359,0.0 -43.417026,-18.2992379994359,0.0 -43.417531,-18.2992829994359,0.0 -43.41794,-18.2995129994359,0.0 -43.41835,-18.2997189994359,0.0 -43.418807,-18.2999259994359,0.0 -43.419264,-18.3001089994359,0.0 -43.419818,-18.3001089994359,0.0 -43.420251,-18.3002699994359,0.0 -43.420564,-18.3006139994359,0.0 -43.420925,-18.3010969994359,0.0 -43.421238,-18.3014179994359,0.0 -43.421599,-18.3017169994359,0.0 -43.422032,-18.3019919994359,0.0 -43.422466,-18.3021529994358,0.0 -43.422971,-18.3021059994358,0.0 -43.423428,-18.3021519994358,0.0 -43.423861,-18.3018989994359,0.0 -43.424197,-18.3015769994359,0.0 -43.424317,-18.3010709994359,0.0 -43.424197,-18.3005889994359,0.0 -43.424076,-18.3001289994359,0.0 -43.424148,-18.2996929994359,0.0 -43.424316,-18.2992329994359,0.0 -43.424629,-18.2988879994359,0.0 -43.425158,-18.2987959994359,0.0 -43.425471,-18.2991399994359,0.0 -43.425856,-18.2993929994359,0.0 -43.426097,-18.2997829994359,0.0 -43.427011,-18.3001039994359,0.0 -43.427469,-18.3001499994359,0.0 -43.42795,-18.3001959994359,0.0 -43.428503,-18.3001719994359,0.0 -43.428984,-18.2999649994359,0.0 -43.429321,-18.2996659994359,0.0 -43.429513,-18.2992519994359,0.0 -43.429513,-18.2987239994359,0.0 -43.429488,-18.298240999436,0.0 -43.429777,-18.297849999436,0.0 -43.430209,-18.297619999436,0.0 -43.430739,-18.297458999436,0.0 -43.431195,-18.297159999436,0.0 -43.431508,-18.296814999436,0.0 -43.431869,-18.296492999436,0.0 -43.432374,-18.296491999436,0.0 -43.432855,-18.296698999436,0.0 -43.433385,-18.296766999436,0.0 -43.433866,-18.296858999436,0.0 -43.434395,-18.296743999436,0.0 -43.434611,-18.296352999436,0.0 -43.434683,-18.295915999436,0.0 -43.434707,-18.295479999436,0.0 -43.434586,-18.294996999436,0.0 -43.43449,-18.294536999436,0.0 -43.434176,-18.2941469994361,0.0 -43.433911,-18.2937559994361,0.0 -43.434176,-18.2932969994361,0.0 -43.434657,-18.2931349994361,0.0 -43.434993,-18.2927439994361,0.0 -43.435234,-18.2923309994361,0.0 -43.435691,-18.2921919994361,0.0 -43.436148,-18.2921229994361,0.0 -43.436629,-18.2919619994361,0.0 -43.436965,-18.2916169994361,0.0 -43.436989,-18.2911799994361,0.0 -43.436964,-18.2906979994362,0.0 -43.437133,-18.2902149994362,0.0 -43.437469,-18.2898239994362,0.0 -43.437854,-18.2895479994362,0.0 -43.438287,-18.2892719994362,0.0 -43.438743,-18.2889729994362,0.0 -43.439128,-18.2886049994362,0.0 -43.439537,-18.2883059994362,0.0 -43.439825,-18.2878919994362,0.0 -43.440306,-18.2875929994362,0.0 -43.440787,-18.2875459994362,0.0 -43.4409101,-18.2875766994362,0.0 -43.441341,-18.2876839994362,0.0 -43.441774,-18.2878669994362,0.0 -43.442255,-18.2879359994362,0.0 -43.44276,-18.2879349994362,0.0 -43.443217,-18.2878889994362,0.0 -43.443674,-18.2879349994362,0.0 -43.444204,-18.2879109994362,0.0 -43.444709,-18.2879109994362,0.0 -43.44519,-18.2878879994362,0.0 -43.445599,-18.2881169994362,0.0 -43.445864,-18.2885079994362,0.0 -43.446105,-18.2888979994362,0.0 -43.446442,-18.2893339994362,0.0 -43.446996,-18.2896559994362,0.0 -43.447405,-18.2899079994362,0.0 -43.447766,-18.2901839994362,0.0 -43.447863,-18.2906199994361,0.0 -43.447887,-18.2910569994361,0.0 -43.447647,-18.2914479994361,0.0 -43.447383,-18.2918849994361,0.0 -43.447263,-18.2923209994361,0.0 -43.44736,-18.2928499994361,0.0 -43.447793,-18.2930329994361,0.0 -43.448178,-18.2927339994361,0.0 -43.448659,-18.2924579994361,0.0 -43.449067,-18.2922049994361,0.0 -43.449572,-18.2919979994361,0.0 -43.450054,-18.2920199994361,0.0 -43.450391,-18.2925029994361,0.0 -43.450776,-18.2929849994361,0.0 -43.450921,-18.2934679994361,0.0 -43.450777,-18.2940189994361,0.0 -43.450609,-18.294455999436,0.0 -43.450393,-18.294846999436,0.0 -43.450056,-18.295329999436,0.0 -43.4496,-18.295628999436,0.0 -43.44907,-18.295743999436,0.0 -43.448637,-18.295904999436,0.0 -43.448108,-18.295974999436,0.0 -43.447603,-18.296089999436,0.0 -43.447074,-18.296250999436,0.0 -43.446497,-18.296458999436,0.0 -43.44604,-18.296711999436,0.0 -43.445848,-18.297125999436,0.0 -43.445728,-18.297584999436,0.0 -43.445752,-18.2980909994359,0.0 -43.446017,-18.2984589994359,0.0 -43.446402,-18.2987569994359,0.0 -43.446908,-18.2989629994359,0.0 -43.447365,-18.2992389994359,0.0 -43.44775,-18.2995369994359,0.0 -43.44816,-18.2997899994359,0.0 -43.448449,-18.3001339994359,0.0 -43.44881,-18.3004789994359,0.0 -43.449075,-18.3008919994359,0.0 -43.449484,-18.3011219994359,0.0 -43.450014,-18.3012589994359,0.0 -43.450519,-18.3013509994359,0.0 -43.450976,-18.3013729994359,0.0 -43.451457,-18.3015569994359,0.0 -43.451819,-18.3018319994359,0.0 -43.45206,-18.3022459994358,0.0 -43.452421,-18.3025209994358,0.0 -43.452878,-18.3027739994358,0.0 -43.453336,-18.3030489994358,0.0 -43.453817,-18.3033009994358,0.0 -43.454226,-18.3035309994358,0.0 -43.454756,-18.3035759994358,0.0 -43.455165,-18.3037829994358,0.0 -43.455646,-18.3040119994358,0.0 -43.455983,-18.3043339994358,0.0 -43.456345,-18.3047009994358,0.0 -43.456634,-18.3050459994358,0.0 -43.457139,-18.3053439994358,0.0 -43.458102,-18.3058029994357,0.0 -43.458487,-18.3061009994357,0.0 -43.458752,-18.3065839994357,0.0 -43.458945,-18.3070199994357,0.0 -43.459355,-18.3074569994357,0.0 -43.45962,-18.3078239994357,0.0 -43.459789,-18.3082609994357,0.0 -43.459765,-18.3087429994357,0.0 -43.459934,-18.3091799994357,0.0 -43.460391,-18.3095469994356,0.0 -43.460849,-18.3099829994356,0.0 -43.461066,-18.3103969994356,0.0 -43.460826,-18.3108339994356,0.0 -43.460609,-18.3112249994356,0.0 -43.460417,-18.3117069994356,0.0 -43.460346,-18.3121669994356,0.0 -43.459913,-18.3125579994356,0.0 -43.459504,-18.3128109994356,0.0 -43.459023,-18.3129499994356,0.0 -43.458566,-18.3130649994356,0.0 -43.458205,-18.3133639994356,0.0 -43.458085,-18.3138239994355,0.0 -43.458087,-18.3152029994355,0.0 -43.458039,-18.3157539994355,0.0 -43.457847,-18.3161679994355,0.0 -43.457486,-18.3165819994355,0.0 -43.45727,-18.3169729994355,0.0 -43.457174,-18.3174329994354,0.0 -43.457199,-18.3178689994354,0.0 -43.457464,-18.3182599994354,0.0 -43.457753,-18.3186269994354,0.0 -43.458018,-18.3189949994354,0.0 -43.458235,-18.3194079994354,0.0 -43.45838,-18.3198679994354,0.0 -43.45838,-18.3203269994354,0.0 -43.45826,-18.3208099994354,0.0 -43.458044,-18.3213159994353,0.0 -43.45778,-18.3217299994353,0.0 -43.457516,-18.3221669994353,0.0 -43.457275,-18.3226259994353,0.0 -43.45718,-18.3230629994353,0.0 -43.456988,-18.3235689994353,0.0 -43.456651,-18.3238909994353,0.0 -43.456314,-18.3242359994353,0.0 -43.456146,-18.3246729994352,0.0 -43.455882,-18.3251099994352,0.0 -43.455666,-18.3256839994352,0.0 -43.455498,-18.3261439994352,0.0 -43.45545,-18.3266039994352,0.0 -43.455523,-18.3270399994352,0.0 -43.455619,-18.3275229994352,0.0 -43.455812,-18.3279359994352,0.0 -43.456295,-18.3289009994351,0.0 -43.456512,-18.3294299994351,0.0 -43.456705,-18.3298889994351,0.0 -43.457283,-18.3305779994351,0.0 -43.457644,-18.3308769994351,0.0 -43.457909,-18.3312439994351,0.0 -43.458054,-18.3316809994351,0.0 -43.458343,-18.3320479994351,0.0 -43.458608,-18.332438999435,0.0 -43.458801,-18.332874999435,0.0 -43.459066,-18.333265999435,0.0 -43.459307,-18.333678999435,0.0 -43.459524,-18.334183999435,0.0 -43.459813,-18.334643999435,0.0 -43.46015,-18.335010999435,0.0 -43.460488,-18.335355999435,0.0 -43.460705,-18.335768999435,0.0 -43.460849,-18.3362289994349,0.0 -43.460946,-18.3366649994349,0.0 -43.461067,-18.3371019994349,0.0 -43.461212,-18.3375379994349,0.0 -43.461356,-18.3379979994349,0.0 -43.461622,-18.3383649994349,0.0 -43.461983,-18.3386869994349,0.0 -43.462464,-18.3388699994349,0.0 -43.462994,-18.3388929994349,0.0 -43.463451,-18.3389609994349,0.0 -43.46386,-18.3392139994349,0.0 -43.464101,-18.3396039994349,0.0 -43.464367,-18.3399719994348,0.0 -43.464656,-18.3405459994348,0.0 -43.464969,-18.3410049994348,0.0 -43.465306,-18.3414189994348,0.0 -43.465668,-18.3417169994348,0.0 -43.466101,-18.3419469994348,0.0 -43.466535,-18.3421529994348,0.0 -43.466824,-18.3425209994348,0.0 -43.466776,-18.3429569994348,0.0 -43.466295,-18.3431649994348,0.0 -43.466295,-18.3436239994348,0.0 -43.466512,-18.3441069994347,0.0 -43.466296,-18.3444979994347,0.0 -43.466369,-18.3449569994347,0.0 -43.466802,-18.3451179994347,0.0 -43.467308,-18.3451399994347,0.0 -43.467789,-18.3451169994347,0.0 -43.468198,-18.3453459994347,0.0 -43.468439,-18.3457599994347,0.0 -43.468632,-18.3461959994347,0.0 -43.468993,-18.3464719994347,0.0 -43.469331,-18.3468619994347,0.0 -43.46962,-18.3474359994347,0.0 -43.469957,-18.3477809994346,0.0 -43.470103,-18.3486539994346,0.0 -43.47032,-18.3490439994346,0.0 -43.470705,-18.3493429994346,0.0 -43.471138,-18.3496409994346,0.0 -43.471307,-18.3501239994346,0.0 -43.471452,-18.3506059994346,0.0 -43.471405,-18.3510889994346,0.0 -43.471622,-18.3515479994345,0.0 -43.471959,-18.3519619994345,0.0 -43.472224,-18.3523979994345,0.0 -43.472513,-18.3527429994345,0.0 -43.472827,-18.3531099994345,0.0 -43.473092,-18.3535229994345,0.0 -43.473381,-18.3539599994345,0.0 -43.473598,-18.3543729994345,0.0 -43.473743,-18.3549019994344,0.0 -43.473743,-18.3553609994344,0.0 -43.473696,-18.3558439994344,0.0 -43.473648,-18.3563729994344,0.0 -43.473817,-18.3568319994344,0.0 -43.47401,-18.3572919994344,0.0 -43.474275,-18.3577049994344,0.0 -43.474468,-18.3581639994344,0.0 -43.474565,-18.3586469994344,0.0 -43.474662,-18.3590839994343,0.0 -43.474807,-18.3595429994343,0.0 -43.474951,-18.3599799994343,0.0 -43.475,-18.3604159994343,0.0 -43.475025,-18.3608529994343,0.0 -43.475145,-18.3613119994343,0.0 -43.475386,-18.3617489994343,0.0 -43.475676,-18.3622999994343,0.0 -43.476037,-18.3626449994342,0.0 -43.476423,-18.3628969994342,0.0 -43.47688,-18.3631719994342,0.0 -43.477314,-18.3634019994342,0.0 -43.477651,-18.3636999994342,0.0 -43.478012,-18.3640679994342,0.0 -43.478326,-18.3644119994342,0.0 -43.478976,-18.3654459994342,0.0 -43.47941,-18.3656289994342,0.0 -43.479988,-18.3656749994342,0.0 -43.480445,-18.3655359994342,0.0 -43.480926,-18.3655359994342,0.0 -43.481384,-18.3656269994342,0.0 -43.481841,-18.3658109994342,0.0 -43.482323,-18.3658789994342,0.0 -43.48278,-18.3659479994342,0.0 -43.483285,-18.3659469994342,0.0 -43.483743,-18.3660159994342,0.0 -43.484272,-18.3661069994342,0.0 -43.485187,-18.3661979994342,0.0 -43.485693,-18.3661979994342,0.0 -43.486126,-18.3659669994342,0.0 -43.486631,-18.3657829994342,0.0 -43.487064,-18.3656219994342,0.0 -43.487497,-18.3652309994342,0.0 -43.48793,-18.3649309994342,0.0 -43.488459,-18.3647699994342,0.0 -43.488916,-18.3646549994342,0.0 -43.489374,-18.3647919994342,0.0 -43.490241,-18.3651129994342,0.0 -43.490722,-18.3652279994342,0.0 -43.491156,-18.3653879994342,0.0 -43.491589,-18.3656399994342,0.0 -43.491999,-18.3658929994342,0.0 -43.492312,-18.3662369994342,0.0 -43.492553,-18.3666279994341,0.0 -43.492866,-18.3670179994341,0.0 -43.493059,-18.3674769994341,0.0 -43.4933,-18.3678679994341,0.0 -43.493493,-18.3683039994341,0.0 -43.493735,-18.3687179994341,0.0 -43.493928,-18.3691999994341,0.0 -43.494073,-18.3696599994341,0.0 -43.494338,-18.3700729994341,0.0 -43.494651,-18.370485999434,0.0 -43.495061,-18.370715999434,0.0 -43.495638,-18.370622999434,0.0 -43.496096,-18.370576999434,0.0 -43.496601,-18.370575999434,0.0 -43.497083,-18.370621999434,0.0 -43.49754,-18.370850999434,0.0 -43.498022,-18.370965999434,0.0 -43.498431,-18.371171999434,0.0 -43.498913,-18.371515999434,0.0 -43.499274,-18.371906999434,0.0 -43.49962,-18.372091999434,0.0 -43.49994,-18.372149999434,0.0 -43.50027,-18.372243999434,0.0 -43.50074,-18.372486999434,0.0 -43.501173,-18.372646999434,0.0 -43.501631,-18.372736999434,0.0 -43.502161,-18.372849999434,0.0 -43.50269,-18.372985999434,0.0 -43.503196,-18.373122999434,0.0 -43.503558,-18.373419999434,0.0 -43.503728,-18.373832999434,0.0 -43.503561,-18.3742929994339,0.0 -43.503274,-18.3746379994339,0.0 -43.502866,-18.3748919994339,0.0 -43.502482,-18.3751919994339,0.0 -43.50205,-18.3754459994339,0.0 -43.501738,-18.3758149994339,0.0 -43.501378,-18.3761609994339,0.0 -43.501019,-18.3764829994339,0.0 -43.500611,-18.3767829994339,0.0 -43.500178,-18.3769459994339,0.0 -43.499976,-18.3771189994339,0.0 -43.499714,-18.3773989994339,0.0 -43.499377,-18.3777669994338,0.0 -43.499065,-18.3780889994338,0.0 -43.49868,-18.3784799994338,0.0 -43.498247,-18.3787099994338,0.0 -43.49779,-18.3790099994338,0.0 -43.49755,-18.3794009994338,0.0 -43.497358,-18.3798599994338,0.0 -43.497503,-18.3803199994338,0.0 -43.497455,-18.3807799994338,0.0 -43.497239,-18.3812169994338,0.0 -43.496999,-18.3816299994337,0.0 -43.496879,-18.3821129994337,0.0 -43.496735,-18.3825499994337,0.0 -43.496543,-18.3830099994337,0.0 -43.496302,-18.3834009994337,0.0 -43.496231,-18.3838379994337,0.0 -43.496472,-18.3842279994337,0.0 -43.496881,-18.3845719994337,0.0 -43.497387,-18.3847789994337,0.0 -43.497797,-18.3850079994337,0.0 -43.498062,-18.3854209994337,0.0 -43.498111,-18.3858579994336,0.0 -43.497871,-18.3868239994336,0.0 -43.498064,-18.3873059994336,0.0 -43.498257,-18.3877419994336,0.0 -43.498137,-18.3881789994336,0.0 -43.497993,-18.3886619994336,0.0 -43.497753,-18.3890989994335,0.0 -43.497609,-18.3895589994335,0.0 -43.49773,-18.3899949994335,0.0 -43.497995,-18.3903859994335,0.0 -43.498333,-18.3907069994335,0.0 -43.498694,-18.3909819994335,0.0 -43.499031,-18.3913039994335,0.0 -43.499354,-18.3915349994335,0.0 -43.499674,-18.3915919994335,0.0 -43.499927,-18.3915219994335,0.0 -43.500521,-18.3913279994335,0.0 -43.500993,-18.3913199994335,0.0 -43.501457,-18.3914129994335,0.0 -43.501938,-18.3915489994335,0.0 -43.502372,-18.3918009994335,0.0 -43.502758,-18.3920519994335,0.0 -43.503192,-18.3922119994335,0.0 -43.50353,-18.3925089994335,0.0 -43.503868,-18.3928759994334,0.0 -43.504352,-18.3936549994334,0.0 -43.504666,-18.3940209994334,0.0 -43.504981,-18.3944339994334,0.0 -43.505175,-18.3948469994334,0.0 -43.505489,-18.3952129994334,0.0 -43.50626,-18.3957159994334,0.0 -43.50679,-18.3958749994334,0.0 -43.507248,-18.3960339994334,0.0 -43.507778,-18.3961479994334,0.0 -43.508283,-18.3962149994334,0.0 -43.508837,-18.3962819994334,0.0 -43.509366,-18.3962799994334,0.0 -43.509729,-18.3966009994333,0.0 -43.510139,-18.3970359994333,0.0 -43.510596,-18.3970799994333,0.0 -43.511174,-18.3971469994333,0.0 -43.511656,-18.3972829994333,0.0 -43.512162,-18.3974659994333,0.0 -43.512572,-18.3976709994333,0.0 -43.512982,-18.3979449994333,0.0 -43.513272,-18.3983579994333,0.0 -43.513346,-18.3988169994333,0.0 -43.513396,-18.3993449994333,0.0 -43.513302,-18.3998739994333,0.0 -43.513038,-18.4002649994333,0.0 -43.512727,-18.4006569994332,0.0 -43.512584,-18.4011169994332,0.0 -43.512441,-18.4015529994332,0.0 -43.512371,-18.4020359994332,0.0 -43.512397,-18.4024719994332,0.0 -43.512398,-18.4029779994332,0.0 -43.512617,-18.4035279994332,0.0 -43.513245,-18.4041689994332,0.0 -43.513679,-18.4043519994331,0.0 -43.514137,-18.4045109994331,0.0 -43.514619,-18.4047159994331,0.0 -43.5151,-18.4048299994331,0.0 -43.515605,-18.4048049994331,0.0 -43.516087,-18.4049409994331,0.0 -43.516017,-18.4054469994331,0.0 -43.515874,-18.4059069994331,0.0 -43.515563,-18.4063439994331,0.0 -43.515348,-18.4067349994331,0.0 -43.515229,-18.4072179994331,0.0 -43.515233,-18.408136999433,0.0 -43.515306,-18.408618999433,0.0 -43.515428,-18.409077999433,0.0 -43.515528,-18.409996999433,0.0 -43.515674,-18.410455999433,0.0 -43.51582,-18.410891999433,0.0 -43.515918,-18.411350999433,0.0 -43.515992,-18.411786999433,0.0 -43.51621,-18.4122909994329,0.0 -43.51655,-18.4131169994329,0.0 -43.516888,-18.4134149994329,0.0 -43.517421,-18.4144239994329,0.0 -43.517567,-18.4148599994329,0.0 -43.517689,-18.4152959994329,0.0 -43.517763,-18.4157319994329,0.0 -43.517957,-18.4161449994328,0.0 -43.518295,-18.4164419994328,0.0 -43.518729,-18.4166249994328,0.0 -43.519186,-18.4167379994328,0.0 -43.519644,-18.4167819994328,0.0 -43.5199325,-18.4167584994328,0.0 -43.5207099,-18.4169253994328,0.0 -43.5209874,-18.4171975994328,0.0 -43.523032,-18.4172414994328,0.0 -43.5235185,-18.4173808994328,0.0 -43.5248189,-18.4177183994328,0.0 -43.5256439,-18.4179394994328,0.0 -43.5263265,-18.4185481994328,0.0 -43.5266991,-18.4188803994328,0.0 -43.5275268,-18.4192311994328,0.0 -43.528497,-18.4196368994327,0.0 -43.5306348,-18.4205303994327,0.0 -43.53068,-18.4207649994327,0.0 -43.530513,-18.4212019994327,0.0 -43.530322,-18.4216159994327,0.0 -43.529987,-18.4220309994327,0.0 -43.529796,-18.4224449994327,0.0 -43.529606,-18.4229739994327,0.0 -43.529246,-18.4232509994326,0.0 -43.528862,-18.4235509994326,0.0 -43.52855,-18.4238739994326,0.0 -43.528142,-18.4242199994326,0.0 -43.52783,-18.4245419994326,0.0 -43.527567,-18.4249799994326,0.0 -43.527665,-18.4254389994326,0.0 -43.528172,-18.4256899994326,0.0 -43.528629,-18.4258029994326,0.0 -43.529111,-18.4259159994326,0.0 -43.529521,-18.4261219994326,0.0 -43.529931,-18.4263729994326,0.0 -43.530366,-18.4267619994326,0.0 -43.530271,-18.4272679994325,0.0 -43.52996,-18.4276129994325,0.0 -43.529648,-18.4279359994325,0.0 -43.529481,-18.4283729994325,0.0 -43.529555,-18.4288089994325,0.0 -43.529677,-18.4292909994325,0.0 -43.529871,-18.4297039994325,0.0 -43.530065,-18.4301399994325,0.0 -43.530213,-18.4310579994324,0.0 -43.530263,-18.4315629994324,0.0 -43.530361,-18.4320219994324,0.0 -43.530411,-18.4325039994324,0.0 -43.530413,-18.4330099994324,0.0 -43.530366,-18.4334459994324,0.0 -43.530368,-18.4339289994324,0.0 -43.530634,-18.4343409994324,0.0 -43.530949,-18.4346849994323,0.0 -43.531335,-18.4349359994323,0.0 -43.531745,-18.4351879994323,0.0 -43.532274,-18.4351859994323,0.0 -43.532779,-18.4350919994323,0.0 -43.533236,-18.4349989994323,0.0 -43.533742,-18.4350889994323,0.0 -43.5342,-18.4353169994323,0.0 -43.53456,-18.4350169994323,0.0 -43.534847,-18.4346029994324,0.0 -43.535014,-18.4341889994324,0.0 -43.535301,-18.4337969994324,0.0 -43.535758,-18.4337039994324,0.0 -43.536264,-18.4337479994324,0.0 -43.536722,-18.4339299994324,0.0 -43.537132,-18.4341359994324,0.0 -43.537518,-18.4345249994324,0.0 -43.537713,-18.4349379994323,0.0 -43.537979,-18.4353269994323,0.0 -43.538269,-18.4357399994323,0.0 -43.538415,-18.4361989994323,0.0 -43.538441,-18.4367269994323,0.0 -43.538467,-18.4371629994323,0.0 -43.538398,-18.4380819994323,0.0 -43.538352,-18.4385649994322,0.0 -43.538354,-18.4390699994322,0.0 -43.538404,-18.4396209994322,0.0 -43.538478,-18.4401039994322,0.0 -43.538552,-18.4405399994322,0.0 -43.538554,-18.4409989994322,0.0 -43.538531,-18.4414359994322,0.0 -43.538557,-18.4418719994322,0.0 -43.538607,-18.4423309994321,0.0 -43.538692,-18.4425489994321,0.0 -43.538777,-18.4427669994321,0.0 -43.539091,-18.4431109994321,0.0 -43.539549,-18.4431779994321,0.0 -43.540054,-18.4432679994321,0.0 -43.540536,-18.4432439994321,0.0 -43.541089,-18.4431959994321,0.0 -43.541546,-18.4431709994321,0.0 -43.542076,-18.4431919994321,0.0 -43.542533,-18.4432369994321,0.0 -43.542991,-18.4433269994321,0.0 -43.543473,-18.4436009994321,0.0 -43.543644,-18.4441289994321,0.0 -43.543597,-18.4445879994321,0.0 -43.543599,-18.4450709994321,0.0 -43.54408,-18.4449769994321,0.0 -43.544464,-18.4447229994321,0.0 -43.544765,-18.4446215994321,0.0 -43.544945,-18.4445609994321,0.0 -43.545427,-18.4446279994321,0.0 -43.545861,-18.4449479994321,0.0 -43.546176,-18.4453599994321,0.0 -43.546538,-18.4456349994321,0.0 -43.5469,-18.445931999432,0.0 -43.547358,-18.446067999432,0.0 -43.547816,-18.446227999432,0.0 -43.548202,-18.446570999432,0.0 -43.54866,-18.446591999432,0.0 -43.549117,-18.446544999432,0.0 -43.549477,-18.446267999432,0.0 -43.549764,-18.4458759994321,0.0 -43.550027,-18.4454849994321,0.0 -43.550315,-18.4451389994321,0.0 -43.550723,-18.4449079994321,0.0 -43.551204,-18.4446769994321,0.0 -43.551709,-18.4446059994321,0.0 -43.552095,-18.4448579994321,0.0 -43.552361,-18.4452239994321,0.0 -43.552795,-18.4455209994321,0.0 -43.553253,-18.4456119994321,0.0 -43.553735,-18.4456099994321,0.0 -43.554191,-18.4454249994321,0.0 -43.554527,-18.4451249994321,0.0 -43.554887,-18.4448249994321,0.0 -43.555368,-18.4447309994321,0.0 -43.555873,-18.4445919994321,0.0 -43.556305,-18.4442919994321,0.0 -43.556712,-18.4438539994321,0.0 -43.556951,-18.4433699994321,0.0 -43.557359,-18.4430929994321,0.0 -43.557695,-18.4427709994321,0.0 -43.557934,-18.4423099994322,0.0 -43.558173,-18.4418039994322,0.0 -43.558291,-18.4413439994322,0.0 -43.558627,-18.4410209994322,0.0 -43.559083,-18.4408129994322,0.0 -43.56007,-18.4408099994322,0.0 -43.560624,-18.4407849994322,0.0 -43.561105,-18.4406909994322,0.0 -43.562018,-18.4404119994322,0.0 -43.562475,-18.4403189994322,0.0 -43.562981,-18.4403169994322,0.0 -43.563486,-18.4403839994322,0.0 -43.563992,-18.4403589994322,0.0 -43.564473,-18.4403579994322,0.0 -43.564978,-18.4402639994322,0.0 -43.565459,-18.4401699994322,0.0 -43.565819,-18.4398239994322,0.0 -43.566275,-18.4394779994322,0.0 -43.566757,-18.4395909994322,0.0 -43.567214,-18.4396589994322,0.0 -43.567792,-18.4397029994322,0.0 -43.568297,-18.4397009994322,0.0 -43.568755,-18.4396759994322,0.0 -43.56926,-18.4396049994322,0.0 -43.569717,-18.4395579994322,0.0 -43.570198,-18.4393719994322,0.0 -43.570394,-18.4393439994322,0.0 -43.570679,-18.4393019994322,0.0 -43.571111,-18.4390469994322,0.0 -43.571446,-18.4386559994322,0.0 -43.571758,-18.4382869994323,0.0 -43.572093,-18.4378489994323,0.0 -43.572549,-18.4375719994323,0.0 -43.572909,-18.4372489994323,0.0 -43.573244,-18.4368119994323,0.0 -43.573628,-18.4365569994323,0.0 -43.57411,-18.4365559994323,0.0 -43.574639,-18.4365309994323,0.0 -43.57512,-18.4365289994323,0.0 -43.575529,-18.4362979994323,0.0 -43.575961,-18.4360899994323,0.0 -43.576369,-18.4358129994323,0.0 -43.576632,-18.4353749994323,0.0 -43.576847,-18.4349609994323,0.0 -43.576773,-18.4344789994324,0.0 -43.576795,-18.4340419994324,0.0 -43.577155,-18.4335809994324,0.0 -43.577635,-18.4332579994324,0.0 -43.578043,-18.4330039994324,0.0 -43.578209,-18.4325439994324,0.0 -43.578231,-18.4320379994324,0.0 -43.578302,-18.4316019994324,0.0 -43.578613,-18.4312559994324,0.0 -43.578949,-18.4308639994325,0.0 -43.578971,-18.4304279994325,0.0 -43.578945,-18.4299679994325,0.0 -43.578919,-18.4294629994325,0.0 -43.578869,-18.4290269994325,0.0 -43.578867,-18.4285669994325,0.0 -43.578577,-18.4282009994325,0.0 -43.578287,-18.4278109994325,0.0 -43.578021,-18.4274449994325,0.0 -43.577995,-18.4270089994325,0.0 -43.578089,-18.4265259994326,0.0 -43.57816,-18.4260889994326,0.0 -43.57823,-18.4255829994326,0.0 -43.578421,-18.4251459994326,0.0 -43.578708,-18.4247549994326,0.0 -43.579019,-18.4243859994326,0.0 -43.579234,-18.4238569994326,0.0 -43.579521,-18.4234879994326,0.0 -43.579954,-18.4233029994326,0.0 -43.580337,-18.4228879994327,0.0 -43.580263,-18.4224519994327,0.0 -43.580333,-18.4220149994327,0.0 -43.58038,-18.4215559994327,0.0 -43.580522,-18.4210959994327,0.0 -43.580882,-18.4206579994327,0.0 -43.581145,-18.4202659994327,0.0 -43.581287,-18.4198289994327,0.0 -43.581309,-18.4193469994327,0.0 -43.581331,-18.4188409994328,0.0 -43.581836,-18.4185869994328,0.0 -43.582268,-18.4184249994328,0.0 -43.582843,-18.4175949994328,0.0 -43.583299,-18.4172719994328,0.0 -43.583755,-18.4170409994328,0.0 -43.58426,-18.4170159994328,0.0 -43.584548,-18.4166699994328,0.0 -43.584883,-18.4163019994328,0.0 -43.585364,-18.4161849994328,0.0 -43.586278,-18.4159979994328,0.0 -43.586759,-18.4159729994328,0.0 -43.587119,-18.4156959994328,0.0 -43.587237,-18.4152589994329,0.0 -43.587235,-18.4147539994329,0.0 -43.587065,-18.4143409994329,0.0 -43.587159,-18.4138809994329,0.0 -43.587567,-18.4134429994329,0.0 -43.587806,-18.4130519994329,0.0 -43.588069,-18.4126599994329,0.0 -43.588574,-18.4124749994329,0.0 -43.589055,-18.4124729994329,0.0 -43.589489,-18.4126319994329,0.0 -43.589946,-18.4126759994329,0.0 -43.590354,-18.4123069994329,0.0 -43.590617,-18.4119389994329,0.0 -43.59088,-18.411500999433,0.0 -43.591337,-18.411476999433,0.0 -43.591769,-18.411152999433,0.0 -43.591936,-18.410738999433,0.0 -43.592102,-18.410278999433,0.0 -43.592269,-18.409772999433,0.0 -43.592506,-18.408853999433,0.0 -43.592672,-18.408370999433,0.0 -43.592935,-18.4079099994331,0.0 -43.593198,-18.4074039994331,0.0 -43.593461,-18.4070119994331,0.0 -43.5937,-18.4065749994331,0.0 -43.594059,-18.4062979994331,0.0 -43.594395,-18.4059979994331,0.0 -43.594682,-18.4056519994331,0.0 -43.594704,-18.4051699994331,0.0 -43.594534,-18.4047569994331,0.0 -43.594316,-18.4043669994332,0.0 -43.594026,-18.4040239994332,0.0 -43.593688,-18.4037029994332,0.0 -43.593638,-18.4032439994332,0.0 -43.593925,-18.4028989994332,0.0 -43.594382,-18.4027129994332,0.0 -43.594838,-18.4025739994332,0.0 -43.595319,-18.4024569994332,0.0 -43.595775,-18.4022259994332,0.0 -43.596014,-18.4018109994332,0.0 -43.59635,-18.4014649994332,0.0 -43.596879,-18.4014629994332,0.0 -43.597337,-18.4015309994332,0.0 -43.597793,-18.4013449994332,0.0 -43.598032,-18.4009539994332,0.0 -43.598536,-18.4006759994333,0.0 -43.598993,-18.4006279994333,0.0 -43.599523,-18.4007409994332,0.0 -43.599931,-18.4004639994332,0.0 -43.600146,-18.4000729994333,0.0 -43.600602,-18.3998409994333,0.0 -43.600941,-18.4001849994333,0.0 -43.601039,-18.4006439994332,0.0 -43.601449,-18.4009179994332,0.0 -43.601881,-18.4007089994332,0.0 -43.60212,-18.4003179994333,0.0 -43.602528,-18.3998799994333,0.0 -43.60296,-18.3996259994333,0.0 -43.603416,-18.3994859994333,0.0 -43.603922,-18.3994609994333,0.0 -43.60433,-18.3992069994333,0.0 -43.604738,-18.3989989994333,0.0 -43.605148,-18.3992269994333,0.0 -43.605294,-18.3996629994333,0.0 -43.605608,-18.3999829994333,0.0 -43.60609,-18.4000959994333,0.0 -43.606547,-18.3999799994333,0.0 -43.606979,-18.3997939994333,0.0 -43.607459,-18.3994709994333,0.0 -43.607915,-18.3991929994333,0.0 -43.608347,-18.3989619994333,0.0 -43.609212,-18.3985449994333,0.0 -43.609644,-18.3983599994333,0.0 -43.6101,-18.3980139994333,0.0 -43.610604,-18.3978279994333,0.0 -43.611133,-18.3977109994333,0.0 -43.611614,-18.3975709994333,0.0 -43.612119,-18.3975009994333,0.0 -43.6126,-18.3974299994333,0.0 -43.613081,-18.3973819994333,0.0 -43.613465,-18.3971279994333,0.0 -43.613849,-18.3968049994333,0.0 -43.614208,-18.3965279994334,0.0 -43.614737,-18.3962959994334,0.0 -43.615169,-18.3960879994334,0.0 -43.61565,-18.3959479994334,0.0 -43.616106,-18.3957389994334,0.0 -43.616514,-18.3955309994334,0.0 -43.616874,-18.3952309994334,0.0 -43.617331,-18.3950909994334,0.0 -43.61786,-18.3951809994334,0.0 -43.618199,-18.3955249994334,0.0 -43.618537,-18.3959139994334,0.0 -43.618707,-18.3963269994334,0.0 -43.618974,-18.3968309994333,0.0 -43.619168,-18.3972439994333,0.0 -43.619411,-18.3977019994333,0.0 -43.619605,-18.3981379994333,0.0 -43.619824,-18.3985279994333,0.0 -43.620091,-18.3990549994333,0.0 -43.620357,-18.3994439994333,0.0 -43.620647,-18.3998109994333,0.0 -43.621058,-18.4002229994333,0.0 -43.621372,-18.4005659994332,0.0 -43.621759,-18.4008859994332,0.0 -43.622121,-18.4012289994332,0.0 -43.622436,-18.4017109994332,0.0 -43.622678,-18.4021229994332,0.0 -43.622897,-18.4025359994332,0.0 -43.623163,-18.4029709994332,0.0 -43.623358,-18.4033839994332,0.0 -43.623624,-18.4037969994332,0.0 -43.623939,-18.4042779994332,0.0 -43.62423,-18.4047129994331,0.0 -43.624472,-18.4051029994331,0.0 -43.624714,-18.4055379994331,0.0 -43.624981,-18.4059279994331,0.0 -43.625247,-18.4063399994331,0.0 -43.625465,-18.4067529994331,0.0 -43.625684,-18.4071419994331,0.0 -43.625878,-18.4075779994331,0.0 -43.626121,-18.407990999433,0.0 -43.626411,-18.408379999433,0.0 -43.626774,-18.408745999433,0.0 -43.627112,-18.409066999433,0.0 -43.627642,-18.409247999433,0.0 -43.62817,-18.409015999433,0.0 -43.628337,-18.408578999433,0.0 -43.628528,-18.408164999433,0.0 -43.628574,-18.4077279994331,0.0 -43.628568,-18.4062809994331,0.0 -43.628542,-18.4058219994331,0.0 -43.628516,-18.4053859994331,0.0 -43.628514,-18.4049029994331,0.0 -43.628584,-18.4044659994331,0.0 -43.628606,-18.4039379994332,0.0 -43.628604,-18.4034329994332,0.0 -43.628554,-18.4029959994332,0.0 -43.628528,-18.4025599994332,0.0 -43.628381,-18.4021009994332,0.0 -43.628211,-18.4015729994332,0.0 -43.628064,-18.4010689994332,0.0 -43.627846,-18.4006559994333,0.0 -43.627724,-18.4001969994333,0.0 -43.627673,-18.3997379994333,0.0 -43.627816,-18.3993009994333,0.0 -43.6282,-18.3990229994333,0.0 -43.628415,-18.3986319994333,0.0 -43.628389,-18.3981729994333,0.0 -43.628291,-18.3977369994333,0.0 -43.62812,-18.3973239994333,0.0 -43.627998,-18.3968879994333,0.0 -43.627876,-18.3964059994334,0.0 -43.627874,-18.3959459994334,0.0 -43.627896,-18.3954869994334,0.0 -43.627942,-18.3950269994334,0.0 -43.627988,-18.3945219994334,0.0 -43.628082,-18.3940619994334,0.0 -43.628417,-18.3936009994334,0.0 -43.628801,-18.3933469994334,0.0 -43.629209,-18.3930469994334,0.0 -43.630025,-18.3926299994335,0.0 -43.630433,-18.3923989994335,0.0 -43.630793,-18.3920989994335,0.0 -43.63108,-18.3916839994335,0.0 -43.63115,-18.3912009994335,0.0 -43.631148,-18.3907419994335,0.0 -43.631074,-18.3903059994335,0.0 -43.630856,-18.3898699994335,0.0 -43.630517,-18.3894349994335,0.0 -43.630107,-18.3891379994335,0.0 -43.629649,-18.3890249994336,0.0 -43.629143,-18.3889809994336,0.0 -43.628686,-18.3889139994336,0.0 -43.628252,-18.3887549994336,0.0 -43.627818,-18.3884579994336,0.0 -43.627432,-18.3881839994336,0.0 -43.626973,-18.3878639994336,0.0 -43.626515,-18.3877049994336,0.0 -43.626081,-18.3874539994336,0.0 -43.625766,-18.3870639994336,0.0 -43.625572,-18.3866289994336,0.0 -43.625522,-18.3861239994336,0.0 -43.625616,-18.3855949994336,0.0 -43.625612,-18.3846529994337,0.0 -43.625586,-18.3841709994337,0.0 -43.625512,-18.3837349994337,0.0 -43.625317,-18.3832759994337,0.0 -43.625121,-18.3824039994337,0.0 -43.625071,-18.3819439994337,0.0 -43.624996,-18.3814389994338,0.0 -43.62497,-18.3809569994338,0.0 -43.624968,-18.3804979994338,0.0 -43.62487,-18.3800389994338,0.0 -43.624748,-18.3795799994338,0.0 -43.624626,-18.3791439994338,0.0 -43.62448,-18.3787079994338,0.0 -43.624285,-18.3782719994338,0.0 -43.624115,-18.3778129994338,0.0 -43.623944,-18.3773309994339,0.0 -43.623774,-18.3769189994339,0.0 -43.623435,-18.3763919994339,0.0 -43.623144,-18.3759559994339,0.0 -43.622926,-18.3755659994339,0.0 -43.622659,-18.3749929994339,0.0 -43.622513,-18.3745109994339,0.0 -43.62227,-18.374029999434,0.0 -43.6221,-18.373593999434,0.0 -43.621929,-18.373111999434,0.0 -43.621855,-18.372652999434,0.0 -43.621853,-18.372124999434,0.0 -43.621803,-18.371573999434,0.0 -43.621584,-18.371183999434,0.0 -43.621342,-18.370793999434,0.0 -43.620908,-18.370474999434,0.0 -43.620641,-18.3700849994341,0.0 -43.620471,-18.3696489994341,0.0 -43.620469,-18.3691899994341,0.0 -43.620226,-18.3686159994341,0.0 -43.619984,-18.3682269994341,0.0 -43.619718,-18.3678599994341,0.0 -43.619308,-18.3676549994341,0.0 -43.619042,-18.3672889994341,0.0 -43.61916,-18.3668519994341,0.0 -43.619447,-18.3664829994341,0.0 -43.619662,-18.3660689994342,0.0 -43.619467,-18.3656099994342,0.0 -43.619081,-18.3653129994342,0.0 -43.618743,-18.3650159994342,0.0 -43.618453,-18.3646719994342,0.0 -43.618139,-18.3643059994342,0.0 -43.6178,-18.3639849994342,0.0 -43.617462,-18.3636879994342,0.0 -43.617172,-18.3633449994342,0.0 -43.616882,-18.3629779994342,0.0 -43.616711,-18.3624729994343,0.0 -43.61683,-18.3620139994343,0.0 -43.616972,-18.3615769994343,0.0 -43.616946,-18.3611399994343,0.0 -43.616848,-18.3606809994343,0.0 -43.616654,-18.3601989994343,0.0 -43.616315,-18.3598099994343,0.0 -43.616121,-18.3593969994343,0.0 -43.616119,-18.3588689994343,0.0 -43.616141,-18.3583869994344,0.0 -43.616211,-18.3579499994344,0.0 -43.616257,-18.3574669994344,0.0 -43.616207,-18.3569849994344,0.0 -43.616109,-18.3565029994344,0.0 -43.615963,-18.3560439994344,0.0 -43.615864,-18.3555619994344,0.0 -43.615718,-18.3550799994344,0.0 -43.615668,-18.3545749994345,0.0 -43.615473,-18.3541619994345,0.0 -43.615231,-18.3537269994345,0.0 -43.615037,-18.3533139994345,0.0 -43.615059,-18.3528549994345,0.0 -43.615057,-18.3523719994345,0.0 -43.615031,-18.3518669994345,0.0 -43.614956,-18.3513159994345,0.0 -43.61493,-18.3507649994346,0.0 -43.61488,-18.3503279994346,0.0 -43.614854,-18.3498919994346,0.0 -43.614756,-18.3493869994346,0.0 -43.614609,-18.3489509994346,0.0 -43.614415,-18.3485379994346,0.0 -43.614173,-18.3481029994346,0.0 -43.61405,-18.3476209994346,0.0 -43.613856,-18.3471849994347,0.0 -43.613638,-18.3467719994347,0.0 -43.613372,-18.3463829994347,0.0 -43.613033,-18.3460399994347,0.0 -43.612624,-18.3458109994347,0.0 -43.612094,-18.3456989994347,0.0 -43.611636,-18.3455399994347,0.0 -43.611274,-18.3451499994347,0.0 -43.611055,-18.3447379994347,0.0 -43.610837,-18.3443019994347,0.0 -43.610643,-18.3438659994347,0.0 -43.61028,-18.3434539994348,0.0 -43.61023,-18.3430179994348,0.0 -43.610156,-18.3425819994348,0.0 -43.610106,-18.3421459994348,0.0 -43.609864,-18.3417329994348,0.0 -43.609454,-18.3414589994348,0.0 -43.608972,-18.3412309994348,0.0 -43.608466,-18.3410719994348,0.0 -43.608056,-18.3407979994348,0.0 -43.607646,-18.3405009994348,0.0 -43.607716,-18.3400179994348,0.0 -43.607979,-18.3396039994349,0.0 -43.60829,-18.3391889994349,0.0 -43.608504,-18.3387289994349,0.0 -43.608695,-18.3382919994349,0.0 -43.60862,-18.3377179994349,0.0 -43.60869,-18.3372349994349,0.0 -43.608857,-18.3367979994349,0.0 -43.608951,-18.3363609994349,0.0 -43.608949,-18.335901999435,0.0 -43.608924,-18.335464999435,0.0 -43.608609,-18.335075999435,0.0 -43.608223,-18.334732999435,0.0 -43.607885,-18.334434999435,0.0 -43.607667,-18.334045999435,0.0 -43.607617,-18.333608999435,0.0 -43.607609,-18.3317029994351,0.0 -43.607583,-18.3312429994351,0.0 -43.607533,-18.3307379994351,0.0 -43.60741,-18.3302789994351,0.0 -43.607192,-18.3298669994351,0.0 -43.60707,-18.3293619994351,0.0 -43.607068,-18.3289019994351,0.0 -43.606922,-18.3284199994352,0.0 -43.606655,-18.3280079994352,0.0 -43.606075,-18.3272749994352,0.0 -43.605785,-18.3268629994352,0.0 -43.605542,-18.3264729994352,0.0 -43.605276,-18.3260609994352,0.0 -43.605106,-18.3256249994352,0.0 -43.604816,-18.3252579994352,0.0 -43.604478,-18.3249379994352,0.0 -43.604164,-18.3246179994353,0.0 -43.603873,-18.3242509994353,0.0 -43.602715,-18.3233599994353,0.0 -43.602305,-18.3231089994353,0.0 -43.601991,-18.3227879994353,0.0 -43.60158,-18.3221689994353,0.0 -43.601289,-18.3217109994353,0.0 -43.601119,-18.3212979994353,0.0 -43.600853,-18.3208629994354,0.0 -43.600538,-18.3204729994354,0.0 -43.6002,-18.3201299994354,0.0 -43.599814,-18.3198329994354,0.0 -43.599333,-18.3197889994354,0.0 -43.598971,-18.3194689994354,0.0 -43.598585,-18.3191249994354,0.0 -43.598127,-18.3189199994354,0.0 -43.597646,-18.3189449994354,0.0 -43.597188,-18.3187169994354,0.0 -43.59685,-18.3183969994354,0.0 -43.596959,-18.3179959994354,0.0</coordinates>
</LinearRing>
</outerBoundaryIs>
</Polygon>
</MultiGeometry>
</Placemark>
</Folder>
</Document></kml>
