<?xml version='1.0' encoding='UTF-8'?>
<kml xmlns:xsd="http://www.w3.org/2001/XMLSchema" xmlns:gx="http://www.google.com/kml/ext/2.2" xmlns:atom="http://www.w3.org/2005/Atom" xmlns="http://www.opengis.net/kml/2.2">
<Document>
<name>faria_lemos_3125309_localidades_2022</name>
<visibility>1</visibility>
<Schema name="Povoados" id="kml_schema_ft_Povoados">
<SimpleField type="xsd:string" name="CD_UF">
<displayName>CD_UF</displayName>
</SimpleField>
<SimpleField type="xsd:string" name="NM_UF">
<displayName>NM_UF</displayName>
</SimpleField>
<SimpleField type="xsd:string" name="SIGLA_UF">
<displayName>SIGLA_UF</displayName>
</SimpleField>
<SimpleField type="xsd:string" name="CD_MUN">
<displayName>CD_MUN</displayName>
</SimpleField>
<SimpleField type="xsd:string" name="NM_MUN">
<displayName>NM_MUN</displayName>
</SimpleField>
<SimpleField type="xsd:string" name="CD_RGINT">
<displayName>CD_RGINT</displayName>
</SimpleField>
<SimpleField type="xsd:string" name="NM_RGINT">
<displayName>NM_RGINT</displayName>
</SimpleField>
<SimpleField type="xsd:string" name="CD_RGI">
<displayName>CD_RGI</displayName>
</SimpleField>
<SimpleField type="xsd:string" name="NM_RGI">
<displayName>NM_RGI</displayName>
</SimpleField>
<SimpleField type="xsd:string" name="CT_LOCALIDADE">
<displayName>CT_LOCALIDADE</displayName>
</SimpleField>
<SimpleField type="xsd:string" name="CD_LOCALIDADE">
<displayName>CD_LOCALIDADE</displayName>
</SimpleField>
<SimpleField type="xsd:string" name="NM_LOCALIDADE">
<displayName>NM_LOCALIDADE</displayName>
</SimpleField>
<SimpleField type="xsd:string" name="LAT_LOCALIDADE">
<displayName>LAT_LOCALIDADE</displayName>
</SimpleField>
<SimpleField type="xsd:string" name="LONG_LOCALIDADE">
<displayName>LONG_LOCALIDADE</displayName>
</SimpleField>
</Schema>
<Schema name="01. Cidade" id="kml_schema_ft_01._Cidade">
<SimpleField type="xsd:string" name="CD_UF">
<displayName>CD_UF</displayName>
</SimpleField>
<SimpleField type="xsd:string" name="NM_UF">
<displayName>NM_UF</displayName>
</SimpleField>
<SimpleField type="xsd:string" name="SIGLA_UF">
<displayName>SIGLA_UF</displayName>
</SimpleField>
<SimpleField type="xsd:string" name="CD_MUN">
<displayName>CD_MUN</displayName>
</SimpleField>
<SimpleField type="xsd:string" name="NM_MUN">
<displayName>NM_MUN</displayName>
</SimpleField>
<SimpleField type="xsd:string" name="CD_RGINT">
<displayName>CD_RGINT</displayName>
</SimpleField>
<SimpleField type="xsd:string" name="NM_RGINT">
<displayName>NM_RGINT</displayName>
</SimpleField>
<SimpleField type="xsd:string" name="CD_RGI">
<displayName>CD_RGI</displayName>
</SimpleField>
<SimpleField type="xsd:string" name="NM_RGI">
<displayName>NM_RGI</displayName>
</SimpleField>
<SimpleField type="xsd:string" name="CT_LOCALIDADE">
<displayName>CT_LOCALIDADE</displayName>
</SimpleField>
<SimpleField type="xsd:string" name="SCT_LOCALIDADE">
<displayName>SCT_LOCALIDADE</displayName>
</SimpleField>
<SimpleField type="xsd:string" name="CD_LOCALIDADE">
<displayName>CD_LOCALIDADE</displayName>
</SimpleField>
<SimpleField type="xsd:string" name="NM_LOCALIDADE">
<displayName>NM_LOCALIDADE</displayName>
</SimpleField>
<SimpleField type="xsd:string" name="LAT_LOCALIDADE">
<displayName>LAT_LOCALIDADE</displayName>
</SimpleField>
<SimpleField type="xsd:string" name="LONG_LOCALIDADE">
<displayName>LONG_LOCALIDADE</displayName>
</SimpleField>
</Schema>
<Schema name="Município" id="kml_schema_ft_Município">
<SimpleField type="xsd:string" name="CD_UF">
<displayName>CD_UF</displayName>
</SimpleField>
<SimpleField type="xsd:string" name="NM_UF">
<displayName>NM_UF</displayName>
</SimpleField>
<SimpleField type="xsd:string" name="CD_MUN">
<displayName>CD_MUN</displayName>
</SimpleField>
<SimpleField type="xsd:string" name="NM_MUN">
<displayName>NM_MUN</displayName>
</SimpleField>
<SimpleField type="xsd:string" name="CD_RGINT">
<displayName>CD_RGINT</displayName>
</SimpleField>
<SimpleField type="xsd:string" name="NM_RGINT">
<displayName>NM_RGINT</displayName>
</SimpleField>
<SimpleField type="xsd:string" name="CD_RGI">
<displayName>CD_RGI</displayName>
</SimpleField>
<SimpleField type="xsd:string" name="NM_RGI">
<displayName>NM_RGI</displayName>
</SimpleField>
</Schema>
<Folder id="01. Cidade">
<name>01. Cidade</name>
<Folder id="01.03. Sede Municipal">
<name>01.03. Sede Municipal</name>
<Placemark id="01.03. Sede Municipal">
<name>Faria Lemos [3125309]</name>
<visibility>1</visibility>
<snippet> </snippet>
<description>&lt;center&gt;&lt;table&gt;&lt;tr&gt;&lt;th colspan='2' align='center'&gt;&lt;em&gt;Atributos&lt;/em&gt;&lt;/th&gt;&lt;/tr&gt;&lt;tr bgcolor="#E3E3F3"&gt;
&lt;th&gt;CD_UF&lt;/th&gt;
&lt;td&gt;31&lt;/td&gt;
&lt;/tr&gt;&lt;tr bgcolor=""&gt;
&lt;th&gt;NM_UF&lt;/th&gt;
&lt;td&gt;Minas Gerais&lt;/td&gt;
&lt;/tr&gt;&lt;tr bgcolor="#E3E3F3"&gt;
&lt;th&gt;SIGLA_UF&lt;/th&gt;
&lt;td&gt;MG&lt;/td&gt;
&lt;/tr&gt;&lt;tr bgcolor=""&gt;
&lt;th&gt;CD_MUN&lt;/th&gt;
&lt;td&gt;3125309&lt;/td&gt;
&lt;/tr&gt;&lt;tr bgcolor="#E3E3F3"&gt;
&lt;th&gt;NM_MUN&lt;/th&gt;
&lt;td&gt;Faria Lemos&lt;/td&gt;
&lt;/tr&gt;&lt;tr bgcolor=""&gt;
&lt;th&gt;CD_RGINT&lt;/th&gt;
&lt;td&gt;3106&lt;/td&gt;
&lt;/tr&gt;&lt;tr bgcolor="#E3E3F3"&gt;
&lt;th&gt;NM_RGINT&lt;/th&gt;
&lt;td&gt;Juíz de Fora&lt;/td&gt;
&lt;/tr&gt;&lt;tr bgcolor=""&gt;
&lt;th&gt;CD_RGI&lt;/th&gt;
&lt;td&gt;310034&lt;/td&gt;
&lt;/tr&gt;&lt;tr bgcolor="#E3E3F3"&gt;
&lt;th&gt;NM_RGI&lt;/th&gt;
&lt;td&gt;Carangola&lt;/td&gt;
&lt;/tr&gt;&lt;tr bgcolor=""&gt;
&lt;th&gt;CT_LOCALIDADE&lt;/th&gt;
&lt;td&gt;Cidade&lt;/td&gt;
&lt;/tr&gt;&lt;tr bgcolor="#E3E3F3"&gt;
&lt;th&gt;SCT_LOCALIDADE&lt;/th&gt;
&lt;td&gt;Sede Municipal&lt;/td&gt;
&lt;/tr&gt;&lt;tr bgcolor=""&gt;
&lt;th&gt;CD_LOCALIDADE&lt;/th&gt;
&lt;td&gt;3125309&lt;/td&gt;
&lt;/tr&gt;&lt;tr bgcolor="#E3E3F3"&gt;
&lt;th&gt;NM_LOCALIDADE&lt;/th&gt;
&lt;td&gt;Faria Lemos&lt;/td&gt;
&lt;/tr&gt;&lt;tr bgcolor=""&gt;
&lt;th&gt;LAT_LOCALIDADE&lt;/th&gt;
&lt;td&gt;-20.8061&lt;/td&gt;
&lt;/tr&gt;&lt;tr bgcolor="#E3E3F3"&gt;
&lt;th&gt;LONG_LOCALIDADE&lt;/th&gt;
&lt;td&gt;-42.0116&lt;/td&gt;
&lt;/tr&gt;&lt;/table&gt;&lt;/center&gt;</description>
<Style>
<IconStyle>
<color>ff00aaff</color>
<scale>1.0</scale>
<Icon>
<href>http://maps.google.com/mapfiles/kml/shapes/placemark_circle.png</href>
</Icon>
</IconStyle>
<LabelStyle>
<scale>1.0</scale>
</LabelStyle>
<LineStyle>
<color>ffffffff</color>
<width>3</width>
<gx:labelVisibility>1</gx:labelVisibility>
</LineStyle>
<PolyStyle>
<color>00ffffff</color>
</PolyStyle>
</Style>
<ExtendedData>
<SchemaData schemaUrl="#kml_schema_ft_01._Cidade">
<SimpleData name="CD_UF">31</SimpleData>
<SimpleData name="NM_UF">Minas Gerais</SimpleData>
<SimpleData name="SIGLA_UF">MG</SimpleData>
<SimpleData name="CD_MUN">3125309</SimpleData>
<SimpleData name="NM_MUN">Faria Lemos</SimpleData>
<SimpleData name="CD_RGINT">3106</SimpleData>
<SimpleData name="NM_RGINT">Juíz de Fora</SimpleData>
<SimpleData name="CD_RGI">310034</SimpleData>
<SimpleData name="NM_RGI">Carangola</SimpleData>
<SimpleData name="CT_LOCALIDADE">Cidade</SimpleData>
<SimpleData name="SCT_LOCALIDADE">Sede Municipal</SimpleData>
<SimpleData name="CD_LOCALIDADE">3125309</SimpleData>
<SimpleData name="NM_LOCALIDADE">Faria Lemos</SimpleData>
<SimpleData name="LAT_LOCALIDADE">-20.8061</SimpleData>
<SimpleData name="LONG_LOCALIDADE">-42.0116</SimpleData>
</SchemaData>
</ExtendedData>
<Point>
<extrude>0</extrude>
<coordinates>-42.0116,-20.8060999993719,0.0</coordinates>
</Point>
</Placemark>
</Folder>
</Folder>
<Folder id="06. Povoados">
<name>06. Povoados</name>
<Placemark id="06. Povoados">
<name>Cafarnaum [312530900001]</name>
<visibility>1</visibility>
<snippet> </snippet>
<description>&lt;center&gt;&lt;table&gt;&lt;tr&gt;&lt;th colspan='2' align='center'&gt;&lt;em&gt;Atributos&lt;/em&gt;&lt;/th&gt;&lt;/tr&gt;&lt;tr bgcolor="#E3E3F3"&gt;
&lt;th&gt;CD_UF&lt;/th&gt;
&lt;td&gt;31&lt;/td&gt;
&lt;/tr&gt;&lt;tr bgcolor=""&gt;
&lt;th&gt;NM_UF&lt;/th&gt;
&lt;td&gt;Minas Gerais&lt;/td&gt;
&lt;/tr&gt;&lt;tr bgcolor="#E3E3F3"&gt;
&lt;th&gt;SIGLA_UF&lt;/th&gt;
&lt;td&gt;MG&lt;/td&gt;
&lt;/tr&gt;&lt;tr bgcolor=""&gt;
&lt;th&gt;CD_MUN&lt;/th&gt;
&lt;td&gt;3125309&lt;/td&gt;
&lt;/tr&gt;&lt;tr bgcolor="#E3E3F3"&gt;
&lt;th&gt;NM_MUN&lt;/th&gt;
&lt;td&gt;Faria Lemos&lt;/td&gt;
&lt;/tr&gt;&lt;tr bgcolor=""&gt;
&lt;th&gt;CD_RGINT&lt;/th&gt;
&lt;td&gt;3106&lt;/td&gt;
&lt;/tr&gt;&lt;tr bgcolor="#E3E3F3"&gt;
&lt;th&gt;NM_RGINT&lt;/th&gt;
&lt;td&gt;Juíz de Fora&lt;/td&gt;
&lt;/tr&gt;&lt;tr bgcolor=""&gt;
&lt;th&gt;CD_RGI&lt;/th&gt;
&lt;td&gt;310034&lt;/td&gt;
&lt;/tr&gt;&lt;tr bgcolor="#E3E3F3"&gt;
&lt;th&gt;NM_RGI&lt;/th&gt;
&lt;td&gt;Carangola&lt;/td&gt;
&lt;/tr&gt;&lt;tr bgcolor=""&gt;
&lt;th&gt;CT_LOCALIDADE&lt;/th&gt;
&lt;td&gt;Povoado&lt;/td&gt;
&lt;/tr&gt;&lt;tr bgcolor="#E3E3F3"&gt;
&lt;th&gt;CD_LOCALIDADE&lt;/th&gt;
&lt;td&gt;312530900001&lt;/td&gt;
&lt;/tr&gt;&lt;tr bgcolor=""&gt;
&lt;th&gt;NM_LOCALIDADE&lt;/th&gt;
&lt;td&gt;Cafarnaum&lt;/td&gt;
&lt;/tr&gt;&lt;tr bgcolor="#E3E3F3"&gt;
&lt;th&gt;LAT_LOCALIDADE&lt;/th&gt;
&lt;td&gt;-20.7742&lt;/td&gt;
&lt;/tr&gt;&lt;tr bgcolor=""&gt;
&lt;th&gt;LONG_LOCALIDADE&lt;/th&gt;
&lt;td&gt;-42.1074&lt;/td&gt;
&lt;/tr&gt;&lt;/table&gt;&lt;/center&gt;</description>
<Style>
<IconStyle>
<color>ff00ff54</color>
<scale>0.8</scale>
<Icon>
<href>http://maps.google.com/mapfiles/kml/shapes/placemark_circle.png</href>
</Icon>
</IconStyle>
<LabelStyle>
<scale>0.8</scale>
</LabelStyle>
<LineStyle>
<color>72ff54ff</color>
<width>1.0</width>
<gx:labelVisibility>1</gx:labelVisibility>
</LineStyle>
<PolyStyle>
<color>66ff54ff</color>
</PolyStyle>
</Style>
<ExtendedData>
<SchemaData schemaUrl="#kml_schema_ft_Povoados">
<SimpleData name="CD_UF">31</SimpleData>
<SimpleData name="NM_UF">Minas Gerais</SimpleData>
<SimpleData name="SIGLA_UF">MG</SimpleData>
<SimpleData name="CD_MUN">3125309</SimpleData>
<SimpleData name="NM_MUN">Faria Lemos</SimpleData>
<SimpleData name="CD_RGINT">3106</SimpleData>
<SimpleData name="NM_RGINT">Juíz de Fora</SimpleData>
<SimpleData name="CD_RGI">310034</SimpleData>
<SimpleData name="NM_RGI">Carangola</SimpleData>
<SimpleData name="CT_LOCALIDADE">Povoado</SimpleData>
<SimpleData name="CD_LOCALIDADE">312530900001</SimpleData>
<SimpleData name="NM_LOCALIDADE">Cafarnaum</SimpleData>
<SimpleData name="LAT_LOCALIDADE">-20.7742</SimpleData>
<SimpleData name="LONG_LOCALIDADE">-42.1074</SimpleData>
</SchemaData>
</ExtendedData>
<Point>
<extrude>0</extrude>
<coordinates>-42.1074466929133,-20.7741883773254,0.0</coordinates>
</Point>
</Placemark>
</Folder>
<Folder id="13. Referência">
<name>13. Referência</name>
<Placemark id="13. Referência">
<name>Faria Lemos [3125309]</name>
<visibility>1</visibility>
<snippet> </snippet>
<description>&lt;center&gt;&lt;table&gt;&lt;tr&gt;&lt;th colspan='2' align='center'&gt;&lt;em&gt;Attributes&lt;/em&gt;&lt;/th&gt;&lt;/tr&gt;&lt;tr bgcolor="#E3E3F3"&gt;
&lt;th&gt;CD_UF&lt;/th&gt;
&lt;td&gt;31&lt;/td&gt;
&lt;/tr&gt;&lt;tr bgcolor=""&gt;
&lt;th&gt;NM_UF&lt;/th&gt;
&lt;td&gt;Minas Gerais&lt;/td&gt;
&lt;/tr&gt;&lt;tr bgcolor="#E3E3F3"&gt;
&lt;th&gt;CD_MUN&lt;/th&gt;
&lt;td&gt;3125309&lt;/td&gt;
&lt;/tr&gt;&lt;tr bgcolor=""&gt;
&lt;th&gt;NM_MUN&lt;/th&gt;
&lt;td&gt;Faria Lemos&lt;/td&gt;
&lt;/tr&gt;&lt;tr bgcolor="#E3E3F3"&gt;
&lt;th&gt;CD_RGINT&lt;/th&gt;
&lt;td&gt;3106&lt;/td&gt;
&lt;/tr&gt;&lt;tr bgcolor=""&gt;
&lt;th&gt;NM_RGINT&lt;/th&gt;
&lt;td&gt;Juíz de Fora&lt;/td&gt;
&lt;/tr&gt;&lt;tr bgcolor="#E3E3F3"&gt;
&lt;th&gt;CD_RGI&lt;/th&gt;
&lt;td&gt;310034&lt;/td&gt;
&lt;/tr&gt;&lt;tr bgcolor=""&gt;
&lt;th&gt;NM_RGI&lt;/th&gt;
&lt;td&gt;Carangola&lt;/td&gt;
&lt;/tr&gt;&lt;/table&gt;&lt;/center&gt;</description>
<Style>
<IconStyle>
<scale>0.7</scale>
</IconStyle>
<LabelStyle>
<scale>0.7</scale>
</LabelStyle>
<LineStyle>
<color>ffffffff</color>
<width>3</width>
<gx:labelVisibility>1</gx:labelVisibility>
</LineStyle>
<PolyStyle>
<color>00ffffff</color>
</PolyStyle>
</Style>
<ExtendedData>
<SchemaData schemaUrl="#kml_schema_ft_Município">
<SimpleData name="CD_UF">31</SimpleData>
<SimpleData name="NM_UF">Minas Gerais</SimpleData>
<SimpleData name="CD_MUN">3125309</SimpleData>
<SimpleData name="NM_MUN">Faria Lemos</SimpleData>
<SimpleData name="CD_RGINT">3106</SimpleData>
<SimpleData name="NM_RGINT">Juíz de Fora</SimpleData>
<SimpleData name="CD_RGI">310034</SimpleData>
<SimpleData name="NM_RGI">Carangola</SimpleData>
</SchemaData>
</ExtendedData>
<MultiGeometry>
<Polygon>
<extrude>0</extrude>
<tessellate>1</tessellate>
<outerBoundaryIs>
<LinearRing>
<coordinates>-42.130637,-20.7479439993733,0.0 -42.130534,-20.7479259993733,0.0 -42.130302,-20.7479369993733,0.0 -42.129996,-20.7480179993733,0.0 -42.129813,-20.7481679993733,0.0 -42.129667,-20.7483749993733,0.0 -42.129411,-20.7484669993733,0.0 -42.129203,-20.7486059993733,0.0 -42.128984,-20.7487549993733,0.0 -42.128703,-20.7488939993733,0.0 -42.128495,-20.7490669993733,0.0 -42.128263,-20.7492389993733,0.0 -42.128044,-20.7493659993733,0.0 -42.127836,-20.7494929993733,0.0 -42.127592,-20.7495849993733,0.0 -42.127348,-20.7496539993733,0.0 -42.127116,-20.7497119993733,0.0 -42.126835,-20.7497239993733,0.0 -42.126602,-20.7497129993733,0.0 -42.126321,-20.7496099993733,0.0 -42.125881,-20.7494039993733,0.0 -42.125673,-20.7492769993733,0.0 -42.125441,-20.7491859993733,0.0 -42.125294,-20.7490019993733,0.0 -42.125073,-20.7487379993733,0.0 -42.124853,-20.7485779993733,0.0 -42.124633,-20.7484509993733,0.0 -42.124437,-20.7483019993733,0.0 -42.124242,-20.7481759993733,0.0 -42.124021,-20.7480039993733,0.0 -42.123789,-20.7478429993733,0.0 -42.123593,-20.7476939993733,0.0 -42.123446,-20.7475219993734,0.0 -42.123238,-20.7473039993733,0.0 -42.123006,-20.7470969993734,0.0 -42.122871,-20.7468789993734,0.0 -42.122736,-20.7466729993734,0.0 -42.122479,-20.7465349993734,0.0 -42.122247,-20.7464549993734,0.0 -42.122076,-20.7462709993734,0.0 -42.121856,-20.7461449993734,0.0 -42.121648,-20.7460069993734,0.0 -42.121256,-20.7457439993734,0.0 -42.121,-20.7456519993734,0.0 -42.120755,-20.7455719993734,0.0 -42.120523,-20.7454799993734,0.0 -42.120339,-20.7453079993734,0.0 -42.120143,-20.7451019993734,0.0 -42.119899,-20.7450559993734,0.0 -42.119667,-20.7449989993734,0.0 -42.119434,-20.7449759993734,0.0 -42.119202,-20.7449069993734,0.0 -42.11897,-20.7448619993734,0.0 -42.118701,-20.7448279993734,0.0 -42.118457,-20.7447939993734,0.0 -42.1182,-20.7447589993734,0.0 -42.117907,-20.7447019993734,0.0 -42.117589,-20.7446449993734,0.0 -42.117357,-20.7445999993734,0.0 -42.117112,-20.7444849993734,0.0 -42.116843,-20.7444279993734,0.0 -42.116599,-20.7443819993734,0.0 -42.116367,-20.7443369993734,0.0 -42.116122,-20.7443139993734,0.0 -42.115829,-20.7442799993734,0.0 -42.11556,-20.7442689993734,0.0 -42.115316,-20.7443039993734,0.0 -42.115047,-20.7443039993734,0.0 -42.114802,-20.7442349993734,0.0 -42.114338,-20.7441209993734,0.0 -42.114094,-20.7440749993734,0.0 -42.113837,-20.7439949993734,0.0 -42.113372,-20.7438119993734,0.0 -42.113128,-20.7437209993734,0.0 -42.112944,-20.7435829993734,0.0 -42.112712,-20.7434449993734,0.0 -42.11248,-20.7433309993735,0.0 -42.112308,-20.7431699993734,0.0 -42.1121,-20.7430089993735,0.0 -42.111868,-20.7428029993735,0.0 -42.111684,-20.7426649993735,0.0 -42.111501,-20.7424809993735,0.0 -42.111317,-20.7423319993735,0.0 -42.111134,-20.7421949993735,0.0 -42.110914,-20.7420219993735,0.0 -42.110669,-20.7419189993735,0.0 -42.110375,-20.7417009993735,0.0 -42.11029,-20.7414949993735,0.0 -42.110155,-20.7412419993735,0.0 -42.109984,-20.7410929993735,0.0 -42.109763,-20.7408859993735,0.0 -42.109604,-20.7406559993735,0.0 -42.109445,-20.7404499993735,0.0 -42.10931,-20.7402659993735,0.0 -42.109139,-20.7400819993735,0.0 -42.108956,-20.7399449993735,0.0 -42.10876,-20.7398189993735,0.0 -42.108528,-20.7398299993735,0.0 -42.108283,-20.7399109993735,0.0 -42.108088,-20.7400949993735,0.0 -42.107979,-20.7403019993735,0.0 -42.107942,-20.7405549993735,0.0 -42.10782,-20.7407509993735,0.0 -42.107686,-20.7409349993735,0.0 -42.107564,-20.7411529993735,0.0 -42.107443,-20.7413829993735,0.0 -42.107333,-20.7416359993735,0.0 -42.107236,-20.7418779993735,0.0 -42.107065,-20.7420389993735,0.0 -42.106931,-20.7422229993735,0.0 -42.106772,-20.7423839993735,0.0 -42.106589,-20.7425219993735,0.0 -42.106406,-20.7426839993735,0.0 -42.106186,-20.7427639993735,0.0 -42.10593,-20.7428799993735,0.0 -42.105722,-20.7429949993735,0.0 -42.105307,-20.7432019993735,0.0 -42.105038,-20.7432829993734,0.0 -42.103951,-20.7432849993735,0.0 -42.103707,-20.7432729993734,0.0 -42.103438,-20.7432619993735,0.0 -42.103169,-20.7432279993735,0.0 -42.102656,-20.7431139993735,0.0 -42.102191,-20.7430219993735,0.0 -42.101947,-20.7429649993735,0.0 -42.101715,-20.7429079993735,0.0 -42.101433,-20.7428169993735,0.0 -42.101213,-20.7427249993735,0.0 -42.10103,-20.7425869993735,0.0 -42.100785,-20.7424729993735,0.0 -42.100529,-20.7424959993735,0.0 -42.100309,-20.7423929993735,0.0 -42.100113,-20.7422669993735,0.0 -42.099844,-20.7418989993735,0.0 -42.099746,-20.7416689993735,0.0 -42.099623,-20.7414739993735,0.0 -42.099549,-20.7412559993735,0.0 -42.099488,-20.7410259993735,0.0 -42.099402,-20.7408079993735,0.0 -42.099304,-20.7405669993735,0.0 -42.099206,-20.7403599993735,0.0 -42.099071,-20.7401529993735,0.0 -42.098937,-20.7399689993735,0.0 -42.098839,-20.7397509993735,0.0 -42.098631,-20.7396249993735,0.0 -42.098362,-20.7395559993735,0.0 -42.097824,-20.7395569993735,0.0 -42.09758,-20.7395799993735,0.0 -42.097311,-20.7396379993735,0.0 -42.097055,-20.7397299993735,0.0 -42.096823,-20.7397999993735,0.0 -42.096591,-20.7398569993735,0.0 -42.0964069,-20.7399009993735,0.0 -42.0963854,-20.7399060993735,0.0 -42.096298,-20.7399269993735,0.0 -42.096065,-20.7399729993735,0.0 -42.095699,-20.7399739993735,0.0 -42.095442,-20.7399049993735,0.0 -42.095198,-20.7399049993735,0.0 -42.09488,-20.7399289993735,0.0 -42.094636,-20.7399979993735,0.0 -42.094367,-20.7400329993735,0.0 -42.094135,-20.7400669993735,0.0 -42.093903,-20.7400909993735,0.0 -42.093634,-20.7400569993735,0.0 -42.09339,-20.7400569993735,0.0 -42.093146,-20.7401029993735,0.0 -42.092938,-20.7399769993735,0.0 -42.09273,-20.7397929993735,0.0 -42.092571,-20.7396209993735,0.0 -42.092436,-20.7394139993735,0.0 -42.09235,-20.7392079993735,0.0 -42.092325,-20.7389889993736,0.0 -42.092264,-20.7387709993736,0.0 -42.092215,-20.7384379993736,0.0 -42.092153,-20.7381959993736,0.0 -42.092055,-20.7379779993736,0.0 -42.091933,-20.7377709993736,0.0 -42.091786,-20.7375989993736,0.0 -42.091553,-20.7374159993736,0.0 -42.09137,-20.7372779993736,0.0 -42.091174,-20.7370939993736,0.0 -42.090954,-20.7369679993736,0.0 -42.090734,-20.7368759993736,0.0 -42.090551,-20.7367159993736,0.0 -42.090355,-20.7365899993736,0.0 -42.090037,-20.7362679993736,0.0 -42.089914,-20.7360729993736,0.0 -42.089718,-20.7356359993736,0.0 -42.089547,-20.7354529993736,0.0 -42.089388,-20.7352919993736,0.0 -42.088972,-20.7350859993736,0.0 -42.08874,-20.7349939993737,0.0 -42.088459,-20.7349139993737,0.0 -42.088239,-20.7348339993737,0.0 -42.088006,-20.7346959993737,0.0 -42.087786,-20.7346039993737,0.0 -42.087566,-20.7344669993737,0.0 -42.087358,-20.7342949993737,0.0 -42.087236,-20.7340989993737,0.0 -42.087126,-20.7338929993737,0.0 -42.08704,-20.7336629993737,0.0 -42.086991,-20.7334439993737,0.0 -42.086941,-20.7331919993737,0.0 -42.086892,-20.7329269993737,0.0 -42.08688,-20.7326749993737,0.0 -42.086879,-20.7324449993737,0.0 -42.086867,-20.7322149993737,0.0 -42.086854,-20.7319959993737,0.0 -42.086854,-20.7317669993737,0.0 -42.086841,-20.7315369993737,0.0 -42.086792,-20.7313179993738,0.0 -42.086658,-20.7311349993737,0.0 -42.086462,-20.7309739993738,0.0 -42.08623,-20.7309169993738,0.0 -42.085985,-20.7308709993738,0.0 -42.085838,-20.7306869993738,0.0 -42.085606,-20.7306419993738,0.0 -42.08535,-20.7306189993738,0.0 -42.083981,-20.7306209993738,0.0 -42.083725,-20.7306559993738,0.0 -42.083444,-20.7308279993738,0.0 -42.083139,-20.7308859993738,0.0 -42.082907,-20.7308749993738,0.0 -42.081587,-20.7308759993738,0.0 -42.081343,-20.7308999993737,0.0 -42.081074,-20.7308999993737,0.0 -42.080842,-20.7309349993738,0.0 -42.08061,-20.7310159993738,0.0 -42.080402,-20.7311189993737,0.0 -42.080232,-20.7312919993737,0.0 -42.080085,-20.7314759993737,0.0 -42.079951,-20.7316709993737,0.0 -42.079793,-20.7319129993737,0.0 -42.079659,-20.7321319993737,0.0 -42.079537,-20.7323389993737,0.0 -42.07939,-20.7325109993737,0.0 -42.079219,-20.7326719993737,0.0 -42.079012,-20.7328449993737,0.0 -42.078804,-20.7329719993737,0.0 -42.078658,-20.7331669993737,0.0 -42.078426,-20.7332589993737,0.0 -42.07823,-20.7330639993737,0.0 -42.078059,-20.7328689993737,0.0 -42.077961,-20.7326509993737,0.0 -42.077826,-20.7324669993737,0.0 -42.077655,-20.7322829993737,0.0 -42.077435,-20.7321799993737,0.0 -42.077215,-20.7320879993737,0.0 -42.076995,-20.7319849993737,0.0 -42.076763,-20.7319509993737,0.0 -42.076494,-20.7319509993737,0.0 -42.076237,-20.7319749993737,0.0 -42.075993,-20.7319979993737,0.0 -42.075749,-20.7320099993737,0.0 -42.074991,-20.7320109993737,0.0 -42.074784,-20.7321139993737,0.0 -42.07454,-20.7321719993737,0.0 -42.074295,-20.7322179993737,0.0 -42.074063,-20.7322639993737,0.0 -42.073807,-20.7323679993737,0.0 -42.073538,-20.7324949993737,0.0 -42.073343,-20.7326219993737,0.0 -42.073135,-20.7328059993737,0.0 -42.073148,-20.7330239993737,0.0 -42.073099,-20.7333339993737,0.0 -42.073075,-20.7335639993737,0.0 -42.073015,-20.7338289993737,0.0 -42.072954,-20.7340469993737,0.0 -42.072905,-20.7342659993737,0.0 -42.072905,-20.7345179993737,0.0 -42.072881,-20.7347829993737,0.0 -42.072857,-20.7350239993737,0.0 -42.072796,-20.7352429993736,0.0 -42.072711,-20.7354609993736,0.0 -42.072614,-20.7356799993736,0.0 -42.072541,-20.7359329993736,0.0 -42.072443,-20.7361509993736,0.0 -42.072126,-20.7365999993736,0.0 -42.071858,-20.7370139993736,0.0 -42.071724,-20.7372089993736,0.0 -42.07159,-20.7373929993736,0.0 -42.071407,-20.7375429993736,0.0 -42.071236,-20.7377039993736,0.0 -42.071016,-20.7377959993736,0.0 -42.070784,-20.7378309993736,0.0 -42.07054,-20.7378999993736,0.0 -42.070259,-20.7379919993736,0.0 -42.070051,-20.7380959993736,0.0 -42.069831,-20.7382229993736,0.0 -42.069624,-20.7383839993736,0.0 -42.069404,-20.7385569993736,0.0 -42.069197,-20.7387179993736,0.0 -42.069014,-20.7388669993736,0.0 -42.068806,-20.7389829993736,0.0 -42.068611,-20.7391089993735,0.0 -42.06844,-20.7393159993735,0.0 -42.068232,-20.7394309993735,0.0 -42.068074,-20.7396149993735,0.0 -42.067878,-20.7397649993735,0.0 -42.067695,-20.7399489993735,0.0 -42.067525,-20.7401789993735,0.0 -42.067293,-20.7403289993735,0.0 -42.067073,-20.7405019993735,0.0 -42.066841,-20.7406399993735,0.0 -42.066597,-20.7407889993735,0.0 -42.066451,-20.7409729993735,0.0 -42.066243,-20.7411919993735,0.0 -42.066036,-20.7413069993735,0.0 -42.065791,-20.7414219993735,0.0 -42.065498,-20.7416069993735,0.0 -42.065266,-20.7417219993735,0.0 -42.065022,-20.7418369993735,0.0 -42.064778,-20.7419869993735,0.0 -42.064583,-20.7421129993735,0.0 -42.064338,-20.7422399993735,0.0 -42.064119,-20.7423439993735,0.0 -42.063862,-20.7423559993735,0.0 -42.063618,-20.7424019993735,0.0 -42.063386,-20.7424939993735,0.0 -42.063141,-20.7425749993735,0.0 -42.062909,-20.7427009993735,0.0 -42.062665,-20.7428169993735,0.0 -42.062433,-20.7428859993735,0.0 -42.062177,-20.7430009993735,0.0 -42.061932,-20.7430589993734,0.0 -42.061652,-20.7431619993735,0.0 -42.061407,-20.7433009993734,0.0 -42.061175,-20.7433349993734,0.0 -42.060919,-20.7433819993735,0.0 -42.06065,-20.7434049993734,0.0 -42.060406,-20.7434399993734,0.0 -42.060174,-20.7434629993734,0.0 -42.059917,-20.7434859993734,0.0 -42.059648,-20.7434859993734,0.0 -42.059404,-20.7434749993734,0.0 -42.059135,-20.7434519993734,0.0 -42.058903,-20.7434069993734,0.0 -42.058658,-20.7433949993734,0.0 -42.058377,-20.7433379993735,0.0 -42.058145,-20.7432929993735,0.0 -42.057913,-20.7432119993735,0.0 -42.057681,-20.7431439993735,0.0 -42.0574,-20.7430519993734,0.0 -42.057118,-20.7430059993735,0.0 -42.056886,-20.7429489993735,0.0 -42.056642,-20.7428919993735,0.0 -42.056373,-20.7427659993735,0.0 -42.056128,-20.7425819993735,0.0 -42.055664,-20.7423989993735,0.0 -42.055395,-20.7422609993735,0.0 -42.055175,-20.7421689993735,0.0 -42.054882,-20.7420889993735,0.0 -42.054625,-20.7420199993735,0.0 -42.054344,-20.7420319993735,0.0 -42.054051,-20.7420899993735,0.0 -42.053819,-20.7420559993735,0.0 -42.053586,-20.7420099993735,0.0 -42.053256,-20.7419409993735,0.0 -42.053,-20.7418839993735,0.0 -42.052682,-20.7418499993735,0.0 -42.052425,-20.7418159993735,0.0 -42.052181,-20.7417819993735,0.0 -42.0519,-20.7417699993735,0.0 -42.051533,-20.7417359993735,0.0 -42.050043,-20.7417379993735,0.0 -42.049786,-20.7417489993735,0.0 -42.049249,-20.7417499993735,0.0 -42.04898,-20.7416349993735,0.0 -42.048711,-20.7416589993735,0.0 -42.048442,-20.7417049993735,0.0 -42.048161,-20.7417629993735,0.0 -42.047929,-20.7418089993735,0.0 -42.047465,-20.7419239993735,0.0 -42.047233,-20.7420049993735,0.0 -42.047013,-20.7421089993735,0.0 -42.046818,-20.7423269993735,0.0 -42.046586,-20.7424309993735,0.0 -42.04633,-20.7425799993735,0.0 -42.04611,-20.7427069993735,0.0 -42.045915,-20.7428569993735,0.0 -42.045561,-20.7431899993734,0.0 -42.04539,-20.7433399993734,0.0 -42.045256,-20.7435699993734,0.0 -42.04517,-20.7437879993734,0.0 -42.044999,-20.7439949993734,0.0 -42.044902,-20.7442139993734,0.0 -42.04478,-20.7444089993734,0.0 -42.044707,-20.7446509993734,0.0 -42.044524,-20.7449039993734,0.0 -42.044378,-20.7450879993734,0.0 -42.044207,-20.7452489993734,0.0 -42.044085,-20.7454439993734,0.0 -42.043987,-20.7456629993734,0.0 -42.043926,-20.7458929993734,0.0 -42.043841,-20.7461459993734,0.0 -42.04378,-20.7464449993734,0.0 -42.043744,-20.7466739993734,0.0 -42.043659,-20.7469269993734,0.0 -42.043573,-20.7471569993734,0.0 -42.0435,-20.7474559993733,0.0 -42.043464,-20.7476859993733,0.0 -42.043428,-20.7479389993733,0.0 -42.043416,-20.7481919993733,0.0 -42.043379,-20.7484219993733,0.0 -42.0433223,-20.7485754993733,0.0 -42.043294,-20.7486519993733,0.0 -42.043123,-20.7488819993733,0.0 -42.042965,-20.7491119993733,0.0 -42.042818,-20.7493419993733,0.0 -42.042672,-20.7495369993733,0.0 -42.042525,-20.7497209993733,0.0 -42.04233,-20.7499169993733,0.0 -42.041632,-20.7511849993733,0.0 -42.040913,-20.7524739993732,0.0 -42.040791,-20.7527039993732,0.0 -42.040682,-20.7528989993732,0.0 -42.040548,-20.7531059993732,0.0 -42.04045,-20.7533129993732,0.0 -42.040158,-20.7537029993732,0.0 -42.039975,-20.7538759993732,0.0 -42.039756,-20.7540709993732,0.0 -42.039548,-20.7542549993732,0.0 -42.03939,-20.7544159993732,0.0 -42.039195,-20.7546109993732,0.0 -42.039,-20.7548409993732,0.0 -42.038768,-20.7549789993732,0.0 -42.038524,-20.7551289993732,0.0 -42.038305,-20.7553359993732,0.0 -42.038171,-20.7555769993731,0.0 -42.038061,-20.7558299993731,0.0 -42.038,-20.7560479993731,0.0 -42.037866,-20.7562549993731,0.0 -42.037781,-20.7564849993731,0.0 -42.037647,-20.7566919993731,0.0 -42.037525,-20.7568979993731,0.0 -42.037379,-20.7571049993731,0.0 -42.037196,-20.7573469993731,0.0 -42.037038,-20.7575079993731,0.0 -42.036855,-20.7577029993731,0.0 -42.036721,-20.7579209993731,0.0 -42.036587,-20.7581049993731,0.0 -42.036465,-20.7583349993731,0.0 -42.036307,-20.7585529993731,0.0 -42.036185,-20.7588179993731,0.0 -42.036039,-20.7590469993731,0.0 -42.035893,-20.7592309993731,0.0 -42.035722,-20.7593919993731,0.0 -42.035551,-20.7595419993731,0.0 -42.035112,-20.759886999373,0.0 -42.034917,-20.760012999373,0.0 -42.034734,-20.760231999373,0.0 -42.034563,-20.760449999373,0.0 -42.034417,-20.760633999373,0.0 -42.034332,-20.760874999373,0.0 -42.034223,-20.761127999373,0.0 -42.034088,-20.761322999373,0.0 -42.033954,-20.761563999373,0.0 -42.033784,-20.761782999373,0.0 -42.033674,-20.761977999373,0.0 -42.033601,-20.762207999373,0.0 -42.033492,-20.762448999373,0.0 -42.033248,-20.762839999373,0.0 -42.033126,-20.763057999373,0.0 -42.033004,-20.763252999373,0.0 -42.032846,-20.763459999373,0.0 -42.032712,-20.7637129993729,0.0 -42.03248,-20.7638169993729,0.0 -42.032236,-20.7639429993729,0.0 -42.031956,-20.7640469993729,0.0 -42.031712,-20.7641619993729,0.0 -42.03148,-20.7642879993729,0.0 -42.031236,-20.7644149993729,0.0 -42.03087,-20.7645649993729,0.0 -42.03065,-20.7646449993729,0.0 -42.030369,-20.7647139993729,0.0 -42.030125,-20.7647489993729,0.0 -42.029857,-20.7647499993729,0.0 -42.029564,-20.7647149993729,0.0 -42.029283,-20.7647389993729,0.0 -42.029039,-20.7647619993729,0.0 -42.028758,-20.7648199993729,0.0 -42.028196,-20.7648199993729,0.0 -42.02794,-20.7648319993729,0.0 -42.027708,-20.7648899993729,0.0 -42.027464,-20.7649589993729,0.0 -42.027208,-20.7650049993729,0.0 -42.026976,-20.7650399993729,0.0 -42.026659,-20.7651199993729,0.0 -42.026427,-20.7652009993729,0.0 -42.026171,-20.7653159993729,0.0 -42.025939,-20.7653739993729,0.0 -42.025426,-20.7654659993729,0.0 -42.025182,-20.7654889993729,0.0 -42.024669,-20.7655819993729,0.0 -42.024437,-20.7656279993729,0.0 -42.024193,-20.7656509993729,0.0 -42.023937,-20.7656749993729,0.0 -42.023693,-20.7657209993729,0.0 -42.023412,-20.7657899993729,0.0 -42.023168,-20.7659279993729,0.0 -42.022863,-20.7660549993729,0.0 -42.022619,-20.7661469993729,0.0 -42.022338,-20.7662849993729,0.0 -42.022094,-20.7662969993729,0.0 -42.02185,-20.7662969993729,0.0 -42.021557,-20.7662739993729,0.0 -42.021447,-20.7664689993729,0.0 -42.02146,-20.7666879993729,0.0 -42.021558,-20.7669289993729,0.0 -42.021705,-20.7671349993729,0.0 -42.021802,-20.7673649993729,0.0 -42.021876,-20.7676059993729,0.0 -42.022023,-20.7677779993729,0.0 -42.022194,-20.7680069993728,0.0 -42.022402,-20.7681329993728,0.0 -42.022524,-20.7683399993728,0.0 -42.02272,-20.7685459993728,0.0 -42.022866,-20.7687989993728,0.0 -42.023013,-20.7689819993728,0.0 -42.023209,-20.7691769993728,0.0 -42.023392,-20.7693719993728,0.0 -42.023551,-20.7695329993728,0.0 -42.02371,-20.7697169993728,0.0 -42.023771,-20.7699579993728,0.0 -42.023747,-20.7701989993728,0.0 -42.023674,-20.7704169993728,0.0 -42.023564,-20.7706119993728,0.0 -42.023467,-20.7708189993728,0.0 -42.023309,-20.7710489993728,0.0 -42.02326,-20.7712789993728,0.0 -42.023224,-20.7715199993728,0.0 -42.023138,-20.7717259993728,0.0 -42.023029,-20.7719329993727,0.0 -42.022882,-20.7721169993727,0.0 -42.022712,-20.7723239993727,0.0 -42.022578,-20.7725079993727,0.0 -42.022395,-20.7726799993727,0.0 -42.022249,-20.7729099993727,0.0 -42.02209,-20.7730939993727,0.0 -42.021919,-20.7732429993727,0.0 -42.021639,-20.7735309993727,0.0 -42.021456,-20.7737379993727,0.0 -42.021261,-20.7738639993727,0.0 -42.021041,-20.7739679993727,0.0 -42.020834,-20.7740939993727,0.0 -42.020626,-20.7742089993727,0.0 -42.020419,-20.7743469993727,0.0 -42.020151,-20.7744619993727,0.0 -42.019919,-20.7745199993727,0.0 -42.019662,-20.7745659993727,0.0 -42.019443,-20.7746469993727,0.0 -42.018918,-20.7746469993727,0.0 -42.018686,-20.7746819993727,0.0 -42.01799,-20.7748209993727,0.0 -42.017697,-20.7748899993727,0.0 -42.017441,-20.7749359993727,0.0 -42.017136,-20.7749819993727,0.0 -42.016855,-20.7749939993727,0.0 -42.0155,-20.7749949993727,0.0 -42.015207,-20.7750299993727,0.0 -42.014975,-20.7750649993727,0.0 -42.014462,-20.7750649993727,0.0 -42.014193,-20.7750539993727,0.0 -42.013913,-20.7750539993727,0.0 -42.013656,-20.7750659993727,0.0 -42.013412,-20.7751009993727,0.0 -42.013156,-20.7751469993727,0.0 -42.012851,-20.7751589993727,0.0 -42.012558,-20.7752849993727,0.0 -42.012301,-20.7754119993727,0.0 -42.012057,-20.7754929993727,0.0 -42.011813,-20.7755959993727,0.0 -42.011594,-20.7757109993727,0.0 -42.011325,-20.7758489993726,0.0 -42.011081,-20.7758719993726,0.0 -42.010837,-20.7758729993726,0.0 -42.010593,-20.7758609993726,0.0 -42.010361,-20.7757809993726,0.0 -42.010104,-20.7757239993727,0.0 -42.009872,-20.7757699993727,0.0 -42.00964,-20.7755869993727,0.0 -42.009261,-20.7752309993727,0.0 -42.00909,-20.7750359993727,0.0 -42.008919,-20.7748759993727,0.0 -42.008711,-20.7747379993727,0.0 -42.008504,-20.7745659993727,0.0 -42.008332,-20.7744169993727,0.0 -42.008161,-20.7742449993727,0.0 -42.00799,-20.7740839993727,0.0 -42.007807,-20.7739469993727,0.0 -42.007648,-20.7737739993727,0.0 -42.007477,-20.7736249993727,0.0 -42.007379,-20.7734069993727,0.0 -42.007147,-20.7732699993727,0.0 -42.006903,-20.7731549993727,0.0 -42.006695,-20.7730289993727,0.0 -42.006438,-20.7728689993727,0.0 -42.006231,-20.7727539993727,0.0 -42.006011,-20.7725819993727,0.0 -42.00584,-20.7723869993727,0.0 -42.005644,-20.7722029993727,0.0 -42.005437,-20.7720889993727,0.0 -42.005204,-20.7719969993727,0.0 -42.00496,-20.7719969993727,0.0 -42.004765,-20.7721809993727,0.0 -42.004484,-20.7721819993727,0.0 -42.00424,-20.7721699993727,0.0 -42.003959,-20.7721709993727,0.0 -42.003691,-20.7721589993727,0.0 -42.003434,-20.7721479993727,0.0 -42.003154,-20.7721139993727,0.0 -42.002861,-20.7720679993727,0.0 -42.002592,-20.7718959993727,0.0 -42.002348,-20.7718159993727,0.0 -42.0021276,-20.7717712993728,0.0 -42.002067,-20.7717589993727,0.0 -42.001823,-20.7717479993727,0.0 -42.0016434,-20.7717386993728,0.0 -42.001591,-20.7717359993728,0.0 -42.001346,-20.7717249993728,0.0 -42.000846,-20.7717259993727,0.0 -42.000589,-20.7716449993728,0.0 -42.000333,-20.7715879993728,0.0 -42.00004,-20.7715539993728,0.0 -41.99974,-20.7714879993728,0.0 -41.999475,-20.7714939993728,0.0 -41.999256,-20.7715599993728,0.0 -41.999049,-20.7716649993727,0.0 -41.998917,-20.7718499993727,0.0 -41.998723,-20.7720239993727,0.0 -41.998491,-20.7721409993727,0.0 -41.998309,-20.7722919993727,0.0 -41.99814,-20.7724419993727,0.0 -41.997982,-20.7726159993727,0.0 -41.99785,-20.7728129993727,0.0 -41.997717,-20.7730669993727,0.0 -41.997621,-20.7732859993727,0.0 -41.997477,-20.7735169993727,0.0 -41.997418,-20.7737819993727,0.0 -41.997371,-20.7740229993727,0.0 -41.997251,-20.7742429993727,0.0 -41.997118,-20.7744279993727,0.0 -41.996974,-20.7746819993727,0.0 -41.996829,-20.7749239993727,0.0 -41.996734,-20.7751549993727,0.0 -41.996675,-20.7754079993727,0.0 -41.99664,-20.7756389993727,0.0 -41.996618,-20.7758689993726,0.0 -41.996559,-20.7760989993726,0.0 -41.99644,-20.7765369993726,0.0 -41.996406,-20.7768129993726,0.0 -41.996371,-20.7770659993726,0.0 -41.996349,-20.7773079993726,0.0 -41.99634,-20.7776179993726,0.0 -41.996293,-20.7778489993726,0.0 -41.996174,-20.7782859993726,0.0 -41.996091,-20.7785509993726,0.0 -41.996057,-20.7788389993726,0.0 -41.996022,-20.7790689993726,0.0 -41.996012,-20.7792879993726,0.0 -41.995978,-20.7796099993726,0.0 -41.995959,-20.7801389993725,0.0 -41.995936,-20.7803799993725,0.0 -41.995902,-20.7806109993725,0.0 -41.99583,-20.7808409993725,0.0 -41.995688,-20.7813479993725,0.0 -41.995629,-20.7815899993725,0.0 -41.995619,-20.7818309993725,0.0 -41.995597,-20.7820959993725,0.0 -41.995562,-20.7823379993725,0.0 -41.995516,-20.7825909993725,0.0 -41.995481,-20.7828329993725,0.0 -41.995434,-20.7830739993725,0.0 -41.995363,-20.7833049993725,0.0 -41.995328,-20.7835239993725,0.0 -41.995269,-20.7837659993724,0.0 -41.995211,-20.7840529993724,0.0 -41.995017,-20.7842039993724,0.0 -41.994772,-20.7841719993724,0.0 -41.994514,-20.7840929993724,0.0 -41.994233,-20.7840729993724,0.0 -41.993976,-20.7840629993724,0.0 -41.993683,-20.7840649993724,0.0 -41.99345,-20.7839979993724,0.0 -41.993205,-20.7839309993724,0.0 -41.992936,-20.7839329993724,0.0 -41.992667,-20.7839469993725,0.0 -41.992399,-20.7840179993724,0.0 -41.992118,-20.7840659993724,0.0 -41.991886,-20.7841139993724,0.0 -41.991569,-20.7841619993724,0.0 -41.991313,-20.7842219993724,0.0 -41.991069,-20.7842929993724,0.0 -41.990838,-20.7844089993724,0.0 -41.990632,-20.7845949993724,0.0 -41.990474,-20.7847919993724,0.0 -41.99028,-20.7849199993724,0.0 -41.990123,-20.7850929993724,0.0 -41.98999,-20.7853239993724,0.0 -41.989882,-20.7855429993724,0.0 -41.989774,-20.7857399993724,0.0 -41.98958,-20.7859019993724,0.0 -41.989385,-20.7860529993724,0.0 -41.989142,-20.7862269993724,0.0 -41.988899,-20.7863099993724,0.0 -41.988642,-20.7863459993724,0.0 -41.988386,-20.7863479993724,0.0 -41.988129,-20.7863389993724,0.0 -41.987615,-20.7863429993724,0.0 -41.987395,-20.7862639993724,0.0 -41.987198,-20.7861279993724,0.0 -41.986965,-20.7860259993724,0.0 -41.986707,-20.7859359993724,0.0 -41.986535,-20.7857879993724,0.0 -41.986349,-20.7855359993724,0.0 -41.986224,-20.7852389993724,0.0 -41.986038,-20.7848839993724,0.0 -41.985925,-20.7846199993724,0.0 -41.985801,-20.7843339993724,0.0 -41.9857,-20.7840359993724,0.0 -41.985696,-20.7835759993725,0.0 -41.98567,-20.7833229993725,0.0 -41.985643,-20.7830469993725,0.0 -41.985592,-20.7828059993725,0.0 -41.98554,-20.7825189993725,0.0 -41.985477,-20.7822549993725,0.0 -41.98545,-20.7820369993725,0.0 -41.985399,-20.7817619993725,0.0 -41.985287,-20.7815559993725,0.0 -41.985151,-20.7813269993725,0.0 -41.984966,-20.7811669993725,0.0 -41.984794,-20.7810079993725,0.0 -41.984597,-20.7808479993725,0.0 -41.984388,-20.7807459993725,0.0 -41.984179,-20.7806329993725,0.0 -41.98397,-20.7804619993725,0.0 -41.983749,-20.7803489993725,0.0 -41.983479,-20.7802819993725,0.0 -41.983233,-20.7801229993725,0.0 -41.983048,-20.7799169993726,0.0 -41.982876,-20.7797459993726,0.0 -41.982776,-20.7795169993726,0.0 -41.982773,-20.7792529993726,0.0 -41.982783,-20.7789879993726,0.0 -41.98283,-20.7787469993726,0.0 -41.982924,-20.7783089993726,0.0 -41.982958,-20.7780329993726,0.0 -41.983054,-20.7777329993726,0.0 -41.983113,-20.7775029993726,0.0 -41.983196,-20.7772839993726,0.0 -41.983304,-20.7770299993726,0.0 -41.983412,-20.7768339993726,0.0 -41.983484,-20.7765919993726,0.0 -41.983604,-20.7763719993726,0.0 -41.983737,-20.7761869993726,0.0 -41.983931,-20.7760249993726,0.0 -41.984063,-20.7757709993727,0.0 -41.984171,-20.7755749993727,0.0 -41.984206,-20.7752989993727,0.0 -41.984253,-20.7750679993727,0.0 -41.984373,-20.7748719993727,0.0 -41.984567,-20.7746629993727,0.0 -41.984699,-20.7744559993727,0.0 -41.984857,-20.7742589993727,0.0 -41.98494,-20.7740169993727,0.0 -41.984975,-20.7737979993727,0.0 -41.984936,-20.7735799993727,0.0 -41.984715,-20.7734669993727,0.0 -41.984566,-20.7732149993727,0.0 -41.984382,-20.7730549993727,0.0 -41.984135,-20.7728389993727,0.0 -41.983926,-20.7726909993727,0.0 -41.98368,-20.7724519993727,0.0 -41.98347,-20.7722349993727,0.0 -41.983273,-20.7720639993727,0.0 -41.983088,-20.7718809993727,0.0 -41.982878,-20.7716189993728,0.0 -41.982729,-20.7713779993728,0.0 -41.98269,-20.7711139993728,0.0 -41.982724,-20.7708499993728,0.0 -41.98272,-20.7703669993728,0.0 -41.982791,-20.7701359993728,0.0 -41.98285,-20.7698829993728,0.0 -41.982909,-20.7696179993728,0.0 -41.982981,-20.7693989993728,0.0 -41.983003,-20.7691799993728,0.0 -41.982989,-20.7689279993728,0.0 -41.98295,-20.7686979993728,0.0 -41.982887,-20.7684799993728,0.0 -41.982799,-20.7682389993728,0.0 -41.982663,-20.7680449993728,0.0 -41.982478,-20.7678509993728,0.0 -41.982197,-20.7677959993728,0.0 -41.981952,-20.7677859993728,0.0 -41.98172,-20.7677649993729,0.0 -41.981463,-20.7677549993728,0.0 -41.981218,-20.7677339993728,0.0 -41.980974,-20.7677359993729,0.0 -41.980742,-20.7677609993729,0.0 -41.980522,-20.7678549993728,0.0 -41.980278,-20.7678679993728,0.0 -41.980021,-20.7678239993728,0.0 -41.979776,-20.7677909993728,0.0 -41.979495,-20.7677709993728,0.0 -41.979263,-20.7677609993728,0.0 -41.979054,-20.7676589993728,0.0 -41.978833,-20.7675339993729,0.0 -41.978685,-20.7673399993729,0.0 -41.978572,-20.7670879993729,0.0 -41.978424,-20.7668819993729,0.0 -41.978263,-20.7666879993729,0.0 -41.978199,-20.7663779993729,0.0 -41.978197,-20.7661479993729,0.0 -41.978207,-20.7658839993729,0.0 -41.978205,-20.7656539993729,0.0 -41.978228,-20.7654349993729,0.0 -41.978274,-20.7651359993729,0.0 -41.978333,-20.7649169993729,0.0 -41.978404,-20.7646289993729,0.0 -41.978414,-20.7643529993729,0.0 -41.97841,-20.7638589993729,0.0 -41.978286,-20.7636639993729,0.0 -41.978064,-20.763447999373,0.0 -41.977855,-20.763345999373,0.0 -41.977354,-20.763349999373,0.0 -41.977122,-20.763304999373,0.0 -41.976864,-20.763237999373,0.0 -41.976533,-20.763136999373,0.0 -41.976264,-20.763092999373,0.0 -41.976019,-20.763071999373,0.0 -41.975701,-20.763028999373,0.0 -41.97531,-20.762985999373,0.0 -41.975041,-20.762941999373,0.0 -41.974796,-20.762943999373,0.0 -41.974466,-20.762934999373,0.0 -41.974197,-20.762924999373,0.0 -41.973891,-20.762869999373,0.0 -41.973659,-20.762848999373,0.0 -41.973413,-20.762770999373,0.0 -41.973119,-20.762691999373,0.0 -41.972887,-20.762624999373,0.0 -41.972665,-20.762476999373,0.0 -41.972456,-20.762306999373,0.0 -41.972369,-20.762076999373,0.0 -41.972379,-20.761858999373,0.0 -41.972438,-20.761604999373,0.0 -41.972448,-20.761374999373,0.0 -41.972446,-20.761098999373,0.0 -41.97248,-20.760868999373,0.0 -41.972527,-20.760627999373,0.0 -41.972586,-20.760362999373,0.0 -41.972596,-20.760109999373,0.0 -41.972618,-20.759867999373,0.0 -41.97264,-20.759557999373,0.0 -41.972711,-20.7593159993731,0.0 -41.972757,-20.7589929993731,0.0 -41.972792,-20.7587059993731,0.0 -41.972801,-20.7584069993731,0.0 -41.972787,-20.7581879993731,0.0 -41.972748,-20.7579589993731,0.0 -41.972612,-20.7577639993731,0.0 -41.972403,-20.7576159993731,0.0 -41.972195,-20.7575149993731,0.0 -41.971913,-20.7574359993731,0.0 -41.971656,-20.7573919993731,0.0 -41.971374,-20.7573709993731,0.0 -41.971093,-20.7573279993731,0.0 -41.970848,-20.7573289993731,0.0 -41.970543,-20.7572859993731,0.0 -41.970298,-20.7572649993731,0.0 -41.970041,-20.7571859993731,0.0 -41.969784,-20.7571769993731,0.0 -41.969503,-20.7572249993731,0.0 -41.969234,-20.7571689993731,0.0 -41.969049,-20.7569979993731,0.0 -41.968901,-20.7568269993731,0.0 -41.968801,-20.7566089993731,0.0 -41.968665,-20.7564029993731,0.0 -41.968492,-20.7561979993731,0.0 -41.968307,-20.7559919993731,0.0 -41.968097,-20.7557989993731,0.0 -41.9679,-20.7556279993731,0.0 -41.967728,-20.7554789993731,0.0 -41.96758,-20.7552849993732,0.0 -41.967419,-20.7550559993732,0.0 -41.967393,-20.7548379993732,0.0 -41.96739,-20.7545619993732,0.0 -41.9674,-20.7543439993732,0.0 -41.967472,-20.7541249993732,0.0 -41.967519,-20.7538599993732,0.0 -41.96759,-20.7536299993732,0.0 -41.967649,-20.7533759993732,0.0 -41.96772,-20.7531459993732,0.0 -41.967767,-20.7529269993732,0.0 -41.967838,-20.7526279993732,0.0 -41.967909,-20.7523399993732,0.0 -41.967955,-20.7520629993732,0.0 -41.968014,-20.7518439993732,0.0 -41.968073,-20.7515799993732,0.0 -41.968144,-20.7513029993733,0.0 -41.968264,-20.7509919993733,0.0 -41.968323,-20.7507609993733,0.0 -41.968382,-20.7504969993733,0.0 -41.968441,-20.7502659993733,0.0 -41.968524,-20.7500469993733,0.0 -41.968498,-20.7495629993733,0.0 -41.968621,-20.7493679993733,0.0 -41.968819,-20.7489559993733,0.0 -41.968943,-20.7487379993733,0.0 -41.969042,-20.7485319993733,0.0 -41.969068,-20.7483019993733,0.0 -41.969069,-20.7480729993733,0.0 -41.969058,-20.7478549993733,0.0 -41.969023,-20.7476129993733,0.0 -41.968951,-20.7473599993733,0.0 -41.968892,-20.7471419993734,0.0 -41.968795,-20.7469339993734,0.0 -41.968711,-20.7467039993734,0.0 -41.968689,-20.7464279993734,0.0 -41.968543,-20.7462089993734,0.0 -41.968435,-20.7460139993734,0.0 -41.968265,-20.7458399993734,0.0 -41.968033,-20.7457929993734,0.0 -41.967888,-20.7455969993734,0.0 -41.96773,-20.7454009993734,0.0 -41.967548,-20.7452389993734,0.0 -41.967403,-20.7450549993734,0.0 -41.967233,-20.7448809993734,0.0 -41.967027,-20.7446969993734,0.0 -41.966808,-20.7444999993734,0.0 -41.966663,-20.7443159993734,0.0 -41.966542,-20.7440509993734,0.0 -41.966385,-20.7437739993734,0.0 -41.96624,-20.7435779993734,0.0 -41.966071,-20.7433709993734,0.0 -41.965889,-20.7431859993735,0.0 -41.965682,-20.7430579993735,0.0 -41.965524,-20.7428969993735,0.0 -41.96533,-20.7427689993735,0.0 -41.965111,-20.7426299993735,0.0 -41.964904,-20.7425029993735,0.0 -41.964746,-20.7423409993735,0.0 -41.964576,-20.7421679993735,0.0 -41.964406,-20.7420179993735,0.0 -41.964224,-20.7418669993735,0.0 -41.963993,-20.7417969993735,0.0 -41.963761,-20.7417039993735,0.0 -41.96353,-20.7415989993735,0.0 -41.963422,-20.7413689993735,0.0 -41.963447,-20.7411509993735,0.0 -41.963474,-20.7408639993735,0.0 -41.963536,-20.7406119993735,0.0 -41.963696,-20.7404399993735,0.0 -41.963868,-20.7402809993735,0.0 -41.96404,-20.7401319993735,0.0 -41.964236,-20.7399609993735,0.0 -41.964518,-20.7397209993735,0.0 -41.964703,-20.7395269993735,0.0 -41.964924,-20.7392989993735,0.0 -41.965145,-20.7391279993736,0.0 -41.965317,-20.7389329993736,0.0 -41.965465,-20.7387619993736,0.0 -41.965588,-20.7385669993736,0.0 -41.965748,-20.7383159993736,0.0 -41.965774,-20.7380859993736,0.0 -41.965837,-20.7378449993736,0.0 -41.965984,-20.7376279993736,0.0 -41.966193,-20.7374339993736,0.0 -41.966402,-20.7372629993736,0.0 -41.966525,-20.7370339993736,0.0 -41.966661,-20.7368159993736,0.0 -41.966809,-20.7365989993736,0.0 -41.966969,-20.7364039993736,0.0 -41.967104,-20.7361979993736,0.0 -41.96724,-20.7359699993736,0.0 -41.967424,-20.7357519993736,0.0 -41.967609,-20.7355119993736,0.0 -41.967732,-20.7353059993736,0.0 -41.967856,-20.7350769993736,0.0 -41.968004,-20.7348939993737,0.0 -41.968151,-20.7346999993737,0.0 -41.968287,-20.7345049993737,0.0 -41.968532,-20.7343799993737,0.0 -41.968692,-20.7341859993737,0.0 -41.968779,-20.7339569993737,0.0 -41.968744,-20.7336919993737,0.0 -41.968696,-20.7334739993737,0.0 -41.968551,-20.7332779993737,0.0 -41.968381,-20.7330589993737,0.0 -41.968273,-20.7328169993737,0.0 -41.968151,-20.7326369993737,0.0 -41.967822,-20.7326769993737,0.0 -41.967578,-20.7326869993737,0.0 -41.967346,-20.7326969993737,0.0 -41.967089,-20.7327299993737,0.0 -41.966857,-20.7327399993737,0.0 -41.966601,-20.7327389993737,0.0 -41.966345,-20.7327139993737,0.0 -41.966126,-20.7325749993737,0.0 -41.965858,-20.7324589993737,0.0 -41.965614,-20.7323539993737,0.0 -41.965359,-20.7322149993737,0.0 -41.965177,-20.7320069993737,0.0 -41.965081,-20.7317539993737,0.0 -41.964899,-20.7315809993737,0.0 -41.964693,-20.7314189993737,0.0 -41.964473,-20.7313369993737,0.0 -41.964193,-20.7312559993737,0.0 -41.963961,-20.7312079993737,0.0 -41.963705,-20.7312069993738,0.0 -41.963472,-20.7313319993737,0.0 -41.963313,-20.7315029993737,0.0 -41.963128,-20.7316969993737,0.0 -41.962968,-20.7319149993737,0.0 -41.962808,-20.7321439993737,0.0 -41.962623,-20.7323949993737,0.0 -41.962439,-20.7325549993737,0.0 -41.962219,-20.7327029993737,0.0 -41.962034,-20.7328739993737,0.0 -41.961862,-20.7330459993737,0.0 -41.961702,-20.7332969993737,0.0 -41.961566,-20.7335609993737,0.0 -41.961467,-20.7337669993737,0.0 -41.961344,-20.7339619993737,0.0 -41.961245,-20.7341679993737,0.0 -41.960976,-20.7342579993737,0.0 -41.960645,-20.7344509993737,0.0 -41.960425,-20.7345419993737,0.0 -41.959863,-20.7346079993737,0.0 -41.959338,-20.7346049993737,0.0 -41.959094,-20.7345579993737,0.0 -41.958875,-20.7344419993737,0.0 -41.958681,-20.7342679993737,0.0 -41.958474,-20.7340949993737,0.0 -41.958255,-20.7339789993737,0.0 -41.957866,-20.7337009993737,0.0 -41.957696,-20.7335389993737,0.0 -41.957478,-20.7333769993737,0.0 -41.957271,-20.7332609993737,0.0 -41.956991,-20.7331679993737,0.0 -41.956759,-20.7330979993737,0.0 -41.956528,-20.7330499993737,0.0 -41.956308,-20.7329689993737,0.0 -41.956064,-20.7329209993737,0.0 -41.955832,-20.7329549993737,0.0 -41.955563,-20.7330099993737,0.0 -41.955331,-20.7330549993737,0.0 -41.955026,-20.7330989993737,0.0 -41.954781,-20.7331439993737,0.0 -41.954549,-20.7332119993737,0.0 -41.954304,-20.7332559993737,0.0 -41.95406,-20.7332659993737,0.0 -41.953547,-20.7332629993737,0.0 -41.953291,-20.7332039993737,0.0 -41.952754,-20.7331779993737,0.0 -41.952498,-20.7331769993737,0.0 -41.952254,-20.7332219993737,0.0 -41.952033,-20.7333009993737,0.0 -41.951764,-20.7333799993737,0.0 -41.951471,-20.7334809993737,0.0 -41.951275,-20.7336179993737,0.0 -41.951054,-20.7337199993737,0.0 -41.950834,-20.7338449993737,0.0 -41.950577,-20.7339469993737,0.0 -41.950356,-20.7340609993737,0.0 -41.950135,-20.7341969993737,0.0 -41.949915,-20.7343569993737,0.0 -41.949694,-20.7344929993737,0.0 -41.949461,-20.7346529993737,0.0 -41.949192,-20.7347779993737,0.0 -41.948983,-20.7349139993737,0.0 -41.948738,-20.7350509993737,0.0 -41.948481,-20.7351759993736,0.0 -41.948261,-20.7352659993737,0.0 -41.948028,-20.7353679993736,0.0 -41.947759,-20.7355049993736,0.0 -41.947527,-20.7355489993736,0.0 -41.947246,-20.7355709993736,0.0 -41.946965,-20.7355689993736,0.0 -41.946721,-20.7355449993736,0.0 -41.946465,-20.7354739993736,0.0 -41.946234,-20.7353349993736,0.0 -41.945978,-20.7352649993736,0.0 -41.945722,-20.7352409993737,0.0 -41.945441,-20.7352269993736,0.0 -41.94516,-20.7351909993736,0.0 -41.944917,-20.7350869993736,0.0 -41.944674,-20.7348899993736,0.0 -41.944431,-20.7347619993737,0.0 -41.944212,-20.7346579993737,0.0 -41.943956,-20.7346099993737,0.0 -41.9437,-20.7345519993737,0.0 -41.943431,-20.7345159993737,0.0 -41.943199,-20.7345719993737,0.0 -41.942991,-20.7346739993737,0.0 -41.942794,-20.7348789993737,0.0 -41.942622,-20.7350969993736,0.0 -41.942486,-20.7353029993736,0.0 -41.942375,-20.7355319993736,0.0 -41.9423,-20.7357719993736,0.0 -41.94214,-20.7360009993736,0.0 -41.941956,-20.7361719993736,0.0 -41.941723,-20.7362969993736,0.0 -41.94143,-20.7363299993736,0.0 -41.941149,-20.7363289993736,0.0 -41.940795,-20.7362919993736,0.0 -41.940551,-20.7362449993736,0.0 -41.940332,-20.7361399993736,0.0 -41.940052,-20.7360349993736,0.0 -41.939784,-20.7358729993736,0.0 -41.939578,-20.7356879993736,0.0 -41.939433,-20.7355149993736,0.0 -41.939337,-20.7352619993736,0.0 -41.939204,-20.7350659993737,0.0 -41.938997,-20.7348919993737,0.0 -41.938705,-20.7348099993737,0.0 -41.938461,-20.7347969993737,0.0 -41.938192,-20.7347839993737,0.0 -41.937826,-20.7347709993737,0.0 -41.936825,-20.7347649993737,0.0 -41.936581,-20.7347519993737,0.0 -41.9363,-20.7347509993737,0.0 -41.936068,-20.7348299993737,0.0 -41.93581,-20.7349999993737,0.0 -41.93559,-20.7351369993737,0.0 -41.935333,-20.7351809993737,0.0 -41.935076,-20.7352139993736,0.0 -41.934771,-20.7352699993736,0.0 -41.934489,-20.7353599993736,0.0 -41.934183,-20.7354619993736,0.0 -41.933914,-20.7355639993736,0.0 -41.933694,-20.7356889993736,0.0 -41.933498,-20.7358139993736,0.0 -41.933313,-20.7359739993736,0.0 -41.933141,-20.7361569993736,0.0 -41.932994,-20.7363399993736,0.0 -41.932846,-20.7365339993736,0.0 -41.932686,-20.7367169993736,0.0 -41.932526,-20.7369229993736,0.0 -41.932354,-20.7371169993736,0.0 -41.932121,-20.7372419993736,0.0 -41.931828,-20.7373089993736,0.0 -41.931631,-20.7375029993736,0.0 -41.931287,-20.7378689993736,0.0 -41.930918,-20.7382109993736,0.0 -41.930734,-20.7383479993736,0.0 -41.930489,-20.7385069993736,0.0 -41.930232,-20.7386779993736,0.0 -41.929999,-20.7387459993736,0.0 -41.929767,-20.7388359993736,0.0 -41.929558,-20.7389729993736,0.0 -41.92935,-20.7390749993736,0.0 -41.929142,-20.7392119993736,0.0 -41.928847,-20.7394629993736,0.0 -41.928675,-20.7396799993735,0.0 -41.928563,-20.7398859993735,0.0 -41.928477,-20.7400919993735,0.0 -41.928329,-20.7402979993735,0.0 -41.928131,-20.7407099993735,0.0 -41.927995,-20.7409389993735,0.0 -41.927871,-20.7411569993735,0.0 -41.927736,-20.7413739993735,0.0 -41.9276,-20.7416259993735,0.0 -41.927452,-20.7418779993735,0.0 -41.927316,-20.7420839993735,0.0 -41.927156,-20.7423239993735,0.0 -41.927118,-20.7425539993735,0.0 -41.927043,-20.7428059993735,0.0 -41.926992,-20.7430239993735,0.0 -41.92693,-20.7432879993735,0.0 -41.926867,-20.7435169993734,0.0 -41.926829,-20.7437349993734,0.0 -41.926913,-20.7440109993734,0.0 -41.926948,-20.7442639993734,0.0 -41.926995,-20.7445279993734,0.0 -41.927079,-20.7447579993734,0.0 -41.927174,-20.7451949993734,0.0 -41.927221,-20.7454369993734,0.0 -41.927281,-20.7456549993734,0.0 -41.927364,-20.7459659993734,0.0 -41.927448,-20.7461729993734,0.0 -41.927459,-20.7464369993734,0.0 -41.927518,-20.7466669993734,0.0 -41.927614,-20.7469439993734,0.0 -41.927759,-20.7471859993734,0.0 -41.927855,-20.7474269993733,0.0 -41.927963,-20.7476689993733,0.0 -41.928133,-20.7478539993733,0.0 -41.928328,-20.7479929993733,0.0 -41.928497,-20.7481549993733,0.0 -41.928655,-20.7483389993733,0.0 -41.928764,-20.7485349993733,0.0 -41.928946,-20.7487079993733,0.0 -41.929054,-20.7489269993733,0.0 -41.929187,-20.7491349993733,0.0 -41.929234,-20.7493529993733,0.0 -41.92927,-20.7495719993733,0.0 -41.929425,-20.7498189993733,0.0 -41.929442,-20.7504219993733,0.0 -41.929433,-20.7507439993733,0.0 -41.929386,-20.7510199993733,0.0 -41.929364,-20.7513079993733,0.0 -41.929373,-20.7523309993732,0.0 -41.929423,-20.7525489993732,0.0 -41.929462,-20.7527669993732,0.0 -41.929513,-20.7530419993732,0.0 -41.929515,-20.7532719993732,0.0 -41.929541,-20.7535139993732,0.0 -41.929546,-20.7540649993732,0.0 -41.929524,-20.7543409993732,0.0 -41.929489,-20.7545599993732,0.0 -41.929442,-20.7548129993732,0.0 -41.929348,-20.7552739993732,0.0 -41.929265,-20.7555499993731,0.0 -41.929219,-20.7558839993731,0.0 -41.929184,-20.7561139993731,0.0 -41.929137,-20.7563329993731,0.0 -41.929115,-20.7565859993731,0.0 -41.929105,-20.7568159993731,0.0 -41.929106,-20.7570459993731,0.0 -41.929121,-20.7573109993731,0.0 -41.929196,-20.7575739993731,0.0 -41.929272,-20.7578039993731,0.0 -41.929335,-20.7580679993731,0.0 -41.929386,-20.7583089993731,0.0 -41.929474,-20.7585499993731,0.0 -41.929549,-20.7587789993731,0.0 -41.929637,-20.7590889993731,0.0 -41.929724,-20.7593179993731,0.0 -41.929763,-20.759547999373,0.0 -41.929777,-20.759765999373,0.0 -41.9297845,-20.759920999373,0.0 -41.929792,-20.760075999373,0.0 -41.929794,-20.760317999373,0.0 -41.9298024,-20.760414699373,0.0 -41.9298169,-20.760581299373,0.0 -41.929821,-20.760627999373,0.0 -41.9298361,-20.760706199373,0.0 -41.929872,-20.760891999373,0.0 -41.9298905,-20.760975199373,0.0 -41.929936,-20.761178999373,0.0 -41.929962,-20.761396999373,0.0 -41.930013,-20.761614999373,0.0 -41.930076,-20.761855999373,0.0 -41.930188,-20.762153999373,0.0 -41.930324,-20.762336999373,0.0 -41.930437,-20.762623999373,0.0 -41.930463,-20.762852999373,0.0 -41.930575,-20.763093999373,0.0 -41.930651,-20.763357999373,0.0 -41.93075,-20.7635869993729,0.0 -41.930875,-20.7638969993729,0.0 -41.931012,-20.7641479993729,0.0 -41.931185,-20.7643659993729,0.0 -41.931309,-20.7645719993729,0.0 -41.931432,-20.7647659993729,0.0 -41.931569,-20.7649609993729,0.0 -41.931741,-20.7651659993729,0.0 -41.931902,-20.7653369993729,0.0 -41.93205,-20.7655199993729,0.0 -41.93226,-20.7657369993729,0.0 -41.932408,-20.7659429993729,0.0 -41.932557,-20.7661719993729,0.0 -41.932681,-20.7663889993729,0.0 -41.932744,-20.7666419993729,0.0 -41.932795,-20.7668709993729,0.0 -41.933004,-20.7670189993729,0.0 -41.933152,-20.7672139993729,0.0 -41.933252,-20.7674659993729,0.0 -41.933266,-20.7677189993728,0.0 -41.933273,-20.7684999993728,0.0 -41.933227,-20.7687999993728,0.0 -41.933204,-20.7690179993728,0.0 -41.933182,-20.7693169993728,0.0 -41.933221,-20.7695699993728,0.0 -41.933309,-20.7698569993728,0.0 -41.933409,-20.7700969993728,0.0 -41.933533,-20.7703149993728,0.0 -41.933608,-20.7705789993728,0.0 -41.933745,-20.7708419993728,0.0 -41.933894,-20.7710709993728,0.0 -41.934091,-20.7713449993728,0.0 -41.934301,-20.7715739993728,0.0 -41.934486,-20.7717329993728,0.0 -41.934927,-20.7719139993727,0.0 -41.935234,-20.7720839993727,0.0 -41.935578,-20.7722769993727,0.0 -41.935811,-20.7723669993727,0.0 -41.936045,-20.7724799993727,0.0 -41.936303,-20.7726739993727,0.0 -41.936475,-20.7728339993727,0.0 -41.936698,-20.7731419993727,0.0 -41.936834,-20.7733369993727,0.0 -41.936971,-20.7736229993727,0.0 -41.937034,-20.7738989993727,0.0 -41.93716,-20.7742309993727,0.0 -41.937333,-20.7744829993727,0.0 -41.93753,-20.7746999993727,0.0 -41.937715,-20.7749169993727,0.0 -41.937864,-20.7751109993727,0.0 -41.937951,-20.7753169993727,0.0 -41.938063,-20.7755349993727,0.0 -41.938211,-20.7757289993726,0.0 -41.93825,-20.7760159993726,0.0 -41.938326,-20.7763489993726,0.0 -41.938414,-20.7765789993726,0.0 -41.938405,-20.7768999993726,0.0 -41.938309,-20.7771659993726,0.0 -41.938152,-20.7773739993726,0.0 -41.938044,-20.7775809993726,0.0 -41.937837,-20.7776979993726,0.0 -41.937655,-20.7778599993726,0.0 -41.937424,-20.7780689993726,0.0 -41.937242,-20.7782429993726,0.0 -41.93706,-20.7784049993726,0.0 -41.936866,-20.7785899993726,0.0 -41.936648,-20.7787529993726,0.0 -41.936404,-20.7788699993726,0.0 -41.93621,-20.7790439993726,0.0 -41.93604,-20.7791939993726,0.0 -41.935846,-20.7793449993726,0.0 -41.935664,-20.7794849993726,0.0 -41.935396,-20.7796479993725,0.0 -41.935202,-20.7797759993725,0.0 -41.935032,-20.7799489993725,0.0 -41.934826,-20.7801809993725,0.0 -41.934681,-20.7803999993725,0.0 -41.934635,-20.7807229993725,0.0 -41.934612,-20.7809409993725,0.0 -41.934565,-20.7811709993725,0.0 -41.934507,-20.7814249993725,0.0 -41.93446,-20.7816779993725,0.0 -41.934474,-20.7819649993725,0.0 -41.934525,-20.7821829993725,0.0 -41.934564,-20.7824819993725,0.0 -41.934615,-20.7827229993725,0.0 -41.934742,-20.7832509993725,0.0 -41.934829,-20.7834799993725,0.0 -41.934868,-20.7836979993725,0.0 -41.934882,-20.7839169993724,0.0 -41.934884,-20.7841579993724,0.0 -41.934849,-20.7843879993724,0.0 -41.934754,-20.7846189993724,0.0 -41.934633,-20.7848839993724,0.0 -41.934563,-20.7851719993724,0.0 -41.934491,-20.7854029993724,0.0 -41.934457,-20.7857019993724,0.0 -41.934447,-20.7859319993724,0.0 -41.934449,-20.7861619993724,0.0 -41.934463,-20.7863799993724,0.0 -41.934526,-20.7866099993724,0.0 -41.934589,-20.7868499993724,0.0 -41.934616,-20.7871029993724,0.0 -41.93463,-20.7873559993724,0.0 -41.934637,-20.7882529993723,0.0 -41.934615,-20.7885059993723,0.0 -41.934568,-20.7887589993723,0.0 -41.934436,-20.7890589993723,0.0 -41.934341,-20.7893699993723,0.0 -41.934209,-20.7896119993723,0.0 -41.934039,-20.7897749993723,0.0 -41.933906,-20.7899939993723,0.0 -41.933737,-20.7902249993723,0.0 -41.933592,-20.7903989993723,0.0 -41.933398,-20.7905959993723,0.0 -41.93318,-20.7908619993723,0.0 -41.932888,-20.7910359993723,0.0 -41.932632,-20.7911189993723,0.0 -41.932389,-20.7912929993723,0.0 -41.932208,-20.7914899993723,0.0 -41.931964,-20.7916299993723,0.0 -41.931757,-20.7917459993723,0.0 -41.931514,-20.7918859993723,0.0 -41.93132,-20.7920479993723,0.0 -41.931089,-20.7921649993722,0.0 -41.930783,-20.7922249993722,0.0 -41.93054,-20.7923419993722,0.0 -41.930333,-20.7925159993722,0.0 -41.930078,-20.7926549993722,0.0 -41.929908,-20.7928179993722,0.0 -41.929714,-20.7929459993722,0.0 -41.92947,-20.7930969993722,0.0 -41.929203,-20.7932599993722,0.0 -41.929021,-20.7933989993722,0.0 -41.928814,-20.7935039993722,0.0 -41.928607,-20.7936669993722,0.0 -41.92845,-20.7938289993722,0.0 -41.9282656,-20.7939800993722,0.0 -41.9282295,-20.7940096993722,0.0 -41.9284275,-20.7940324993722,0.0 -41.9286099,-20.7941447993722,0.0 -41.9287363,-20.7943272993722,0.0 -41.9287924,-20.7947202993722,0.0 -41.9286661,-20.7954782993722,0.0 -41.9284275,-20.7963063993721,0.0 -41.9281748,-20.7971064993721,0.0 -41.9277116,-20.7982854993721,0.0 -41.9270476,-20.7993861993721,0.0 -41.9265619,-20.800013499372,0.0 -41.926519,-20.8001137993721,0.0 -41.9263228,-20.800571599372,0.0 -41.9262873,-20.800726899372,0.0 -41.9262518,-20.800882199372,0.0 -41.9261676,-20.801415599372,0.0 -41.9260785,-20.802007199372,0.0 -41.9261676,-20.802285799372,0.0 -41.9271923,-20.803113899372,0.0 -41.9275993,-20.803492899372,0.0 -41.927866,-20.8040964993719,0.0 -41.9279923,-20.8048543993719,0.0 -41.9279783,-20.8053316993719,0.0 -41.9280766,-20.8058228993719,0.0 -41.9281818,-20.8063527993719,0.0 -41.9284243,-20.8067856993719,0.0 -41.9285859,-20.8070741993719,0.0 -41.9289678,-20.8072931993719,0.0 -41.9293328,-20.8075738993719,0.0 -41.9297118,-20.8081072993718,0.0 -41.9299504,-20.8087669993718,0.0 -41.9300486,-20.8093705993718,0.0 -41.9299644,-20.8098617993718,0.0 -41.9298521,-20.8102407993718,0.0 -41.9295153,-20.8104934993718,0.0 -41.9291222,-20.8108443993718,0.0 -41.9290626,-20.8109601993718,0.0 -41.9288836,-20.8113075993718,0.0 -41.9288836,-20.8115882993718,0.0 -41.9291082,-20.8118268993718,0.0 -41.9293468,-20.8118549993718,0.0 -41.9298942,-20.8120233993718,0.0 -41.9302592,-20.8121637993718,0.0 -41.9304838,-20.8124584993718,0.0 -41.9306522,-20.8127251993717,0.0 -41.9307785,-20.8130339993717,0.0 -41.9309316,-20.8137627993717,0.0 -41.9309469,-20.8141322993717,0.0 -41.9309014,-20.8153564993717,0.0 -41.9308487,-20.8167710993716,0.0 -41.9311013,-20.8176413993716,0.0 -41.9313821,-20.8182448993716,0.0 -41.9317751,-20.8189045993716,0.0 -41.9321962,-20.8197748993716,0.0 -41.9323774,-20.8204997993715,0.0 -41.9324348,-20.8207292993715,0.0 -41.9326313,-20.8216205993715,0.0 -41.9327366,-20.8218767993715,0.0 -41.9328276,-20.8224557993715,0.0 -41.9327997,-20.8230873993715,0.0 -41.9324629,-20.8248840993714,0.0 -41.9324769,-20.8257121993714,0.0 -41.9326453,-20.8259928993714,0.0 -41.9329962,-20.8262876993714,0.0 -41.9338665,-20.8266806993714,0.0 -41.9345262,-20.8268631993714,0.0 -41.9350455,-20.8269473993714,0.0 -41.9354105,-20.8271999993714,0.0 -41.935621,-20.8277052993714,0.0 -41.9355789,-20.8284913993713,0.0 -41.9353543,-20.8290808993713,0.0 -41.9349351,-20.8295591993713,0.0 -41.9330243,-20.8310458993713,0.0 -41.9320979,-20.8314669993713,0.0 -41.9306382,-20.8316634993713,0.0 -41.9295995,-20.8321968993713,0.0 -41.9290763,-20.8329445993712,0.0 -41.9287012,-20.8355655993712,0.0 -41.928252,-20.8364638993712,0.0 -41.9276941,-20.8368790993711,0.0 -41.9270449,-20.8373621993711,0.0 -41.9267361,-20.8379797993711,0.0 -41.9267216,-20.8383847993711,0.0 -41.926707,-20.8387897993711,0.0 -41.9284204,-20.841994199371,0.0 -41.9292629,-20.842984799371,0.0 -41.9297381,-20.843588199371,0.0 -41.929932,-20.843413999371,0.0 -41.930102,-20.843239999371,0.0 -41.930296,-20.843077999371,0.0 -41.930478,-20.842914999371,0.0 -41.930648,-20.842763999371,0.0 -41.930793,-20.842578999371,0.0 -41.930962,-20.842370999371,0.0 -41.931083,-20.842139999371,0.0 -41.931166,-20.841909999371,0.0 -41.931287,-20.841690999371,0.0 -41.931395,-20.841447999371,0.0 -41.931491,-20.841205999371,0.0 -41.931624,-20.841009999371,0.0 -41.931781,-20.8407789993711,0.0 -41.931938,-20.8405819993711,0.0 -41.932132,-20.8404079993711,0.0 -41.932376,-20.8403489993711,0.0 -41.932657,-20.8403119993711,0.0 -41.93289,-20.8403559993711,0.0 -41.933062,-20.8405159993711,0.0 -41.933138,-20.840756999371,0.0 -41.933177,-20.841009999371,0.0 -41.933227,-20.841227999371,0.0 -41.933254,-20.841468999371,0.0 -41.933293,-20.841697999371,0.0 -41.933453,-20.841892999371,0.0 -41.933602,-20.842075999371,0.0 -41.933713,-20.842269999371,0.0 -41.933947,-20.842394999371,0.0 -41.934228,-20.842449999371,0.0 -41.934522,-20.842447999371,0.0 -41.934779,-20.842434999371,0.0 -41.935035,-20.842363999371,0.0 -41.935303,-20.842292999371,0.0 -41.935547,-20.842186999371,0.0 -41.935778,-20.842047999371,0.0 -41.935997,-20.841919999371,0.0 -41.936228,-20.841790999371,0.0 -41.936484,-20.841628999371,0.0 -41.936776,-20.841430999371,0.0 -41.936983,-20.841325999371,0.0 -41.937213,-20.841139999371,0.0 -41.937408,-20.840977999371,0.0 -41.937602,-20.8407919993711,0.0 -41.937833,-20.8406069993711,0.0 -41.93799,-20.8404099993711,0.0 -41.93822,-20.8401779993711,0.0 -41.938438,-20.8399009993711,0.0 -41.938596,-20.8397269993711,0.0 -41.938766,-20.8395769993711,0.0 -41.939045,-20.8393329993711,0.0 -41.939251,-20.8390899993711,0.0 -41.939408,-20.8389279993711,0.0 -41.93959,-20.8387769993711,0.0 -41.939821,-20.8385339993711,0.0 -41.940063,-20.8382909993711,0.0 -41.940293,-20.8380129993711,0.0 -41.940475,-20.8378389993711,0.0 -41.940705,-20.8375959993711,0.0 -41.940863,-20.8374339993711,0.0 -41.941044,-20.8372029993711,0.0 -41.941251,-20.8370859993711,0.0 -41.941433,-20.8369469993711,0.0 -41.941701,-20.8367489993712,0.0 -41.94192,-20.8366209993712,0.0 -41.942151,-20.8364699993712,0.0 -41.942333,-20.8363309993712,0.0 -41.94265,-20.8361559993712,0.0 -41.942893,-20.8360159993712,0.0 -41.943173,-20.8358989993712,0.0 -41.943416,-20.8357129993712,0.0 -41.943609,-20.8354129993712,0.0 -41.943816,-20.8352849993712,0.0 -41.944096,-20.8351219993712,0.0 -41.944303,-20.8350049993712,0.0 -41.944595,-20.8348419993712,0.0 -41.944887,-20.8346899993712,0.0 -41.945131,-20.8345509993712,0.0 -41.945484,-20.8344559993712,0.0 -41.945753,-20.8343729993712,0.0 -41.945997,-20.8343489993712,0.0 -41.946241,-20.8343009993712,0.0 -41.946498,-20.8342869993712,0.0 -41.947073,-20.8342829993712,0.0 -41.94733,-20.8343149993712,0.0 -41.947623,-20.8343479993712,0.0 -41.947905,-20.8343459993712,0.0 -41.948162,-20.8343549993712,0.0 -41.948504,-20.8343869993712,0.0 -41.948749,-20.8344079993712,0.0 -41.949067,-20.8344629993712,0.0 -41.949398,-20.8344949993712,0.0 -41.949655,-20.8345509993712,0.0 -41.949888,-20.8345719993712,0.0 -41.950157,-20.8345809993712,0.0 -41.950842,-20.8345759993712,0.0 -41.951086,-20.8345629993712,0.0 -41.951624,-20.8345589993712,0.0 -41.95193,-20.8345449993712,0.0 -41.952186,-20.8345429993712,0.0 -41.952443,-20.8344839993712,0.0 -41.952699,-20.8344129993712,0.0 -41.952918,-20.8342729993712,0.0 -41.953075,-20.8341109993712,0.0 -41.953308,-20.8340979993712,0.0 -41.953526,-20.8338999993712,0.0 -41.953708,-20.8337039993712,0.0 -41.953902,-20.8334949993712,0.0 -41.954047,-20.8332869993712,0.0 -41.954228,-20.8330099993712,0.0 -41.954541,-20.8325249993713,0.0 -41.954686,-20.8323169993713,0.0 -41.954844,-20.8321199993713,0.0 -41.955001,-20.8318889993713,0.0 -41.955146,-20.8316809993713,0.0 -41.95529,-20.8314609993713,0.0 -41.955361,-20.8311959993713,0.0 -41.955457,-20.8309199993713,0.0 -41.9557,-20.8307799993713,0.0 -41.955808,-20.8305609993713,0.0 -41.955929,-20.8303639993713,0.0 -41.956025,-20.8301339993713,0.0 -41.956108,-20.8298919993713,0.0 -41.956253,-20.8296259993713,0.0 -41.956324,-20.8293729993713,0.0 -41.956432,-20.8290839993713,0.0 -41.956589,-20.8288879993713,0.0 -41.956696,-20.8285999993714,0.0 -41.956743,-20.8283579993714,0.0 -41.956765,-20.8280469993714,0.0 -41.956787,-20.8277599993714,0.0 -41.956821,-20.8274599993714,0.0 -41.956831,-20.8272419993714,0.0 -41.956876,-20.8267359993714,0.0 -41.95691,-20.8264599993714,0.0 -41.95692,-20.8261489993714,0.0 -41.956918,-20.8258959993714,0.0 -41.956878,-20.8256089993714,0.0 -41.95684,-20.8253449993714,0.0 -41.956813,-20.8250809993714,0.0 -41.956762,-20.8248399993714,0.0 -41.956699,-20.8246219993714,0.0 -41.95666,-20.8244039993715,0.0 -41.956561,-20.8241859993715,0.0 -41.956571,-20.8239559993715,0.0 -41.956666,-20.8236679993715,0.0 -41.956848,-20.8235289993715,0.0 -41.957081,-20.8235499993715,0.0 -41.957314,-20.8235939993715,0.0 -41.957558,-20.8236379993715,0.0 -41.957816,-20.8236939993715,0.0 -41.958306,-20.8237819993715,0.0 -41.958526,-20.8238719993715,0.0 -41.958869,-20.8239379993715,0.0 -41.959102,-20.8239829993715,0.0 -41.959359,-20.8240039993715,0.0 -41.959616,-20.8240479993715,0.0 -41.959885,-20.8240689993715,0.0 -41.960154,-20.8240669993715,0.0 -41.960449,-20.8241789993715,0.0 -41.960681,-20.8241659993715,0.0 -41.960913,-20.8241299993715,0.0 -41.96117,-20.8240929993715,0.0 -41.961414,-20.8240219993715,0.0 -41.961633,-20.8239289993715,0.0 -41.961876,-20.8238119993715,0.0 -41.96212,-20.8237179993715,0.0 -41.962352,-20.8236359993715,0.0 -41.962571,-20.8235539993715,0.0 -41.962802,-20.8234259993715,0.0 -41.96307,-20.8232629993715,0.0 -41.963277,-20.8231339993715,0.0 -41.96352,-20.8230179993715,0.0 -41.963739,-20.8228549993715,0.0 -41.96397,-20.8227269993715,0.0 -41.964152,-20.8225639993715,0.0 -41.964383,-20.8224129993715,0.0 -41.964675,-20.8222269993715,0.0 -41.964882,-20.8220759993715,0.0 -41.965088,-20.8219019993715,0.0 -41.965343,-20.8217389993715,0.0 -41.965537,-20.8215419993715,0.0 -41.965781,-20.8214249993715,0.0 -41.966,-20.8213089993715,0.0 -41.966256,-20.8212149993715,0.0 -41.966487,-20.8211439993715,0.0 -41.966694,-20.8210389993715,0.0 -41.966938,-20.8208989993715,0.0 -41.96712,-20.8207599993715,0.0 -41.967326,-20.8205739993716,0.0 -41.967583,-20.8205259993715,0.0 -41.967828,-20.8205819993716,0.0 -41.96806,-20.8206489993715,0.0 -41.96833,-20.8206579993715,0.0 -41.968574,-20.8205989993715,0.0 -41.96883,-20.8205169993715,0.0 -41.969036,-20.8203539993716,0.0 -41.96928,-20.8202489993716,0.0 -41.969486,-20.8200749993716,0.0 -41.969742,-20.8199809993716,0.0 -41.969986,-20.8199329993716,0.0 -41.970279,-20.8198159993716,0.0 -41.970572,-20.8198479993716,0.0 -41.970879,-20.8199839993716,0.0 -41.971076,-20.8201089993716,0.0 -41.9711597,-20.8201365993716,0.0 -41.971382,-20.8202099993716,0.0 -41.971579,-20.8203459993716,0.0 -41.971813,-20.8204479993715,0.0 -41.972083,-20.8205949993716,0.0 -41.972353,-20.8207189993715,0.0 -41.972622,-20.8207859993715,0.0 -41.972879,-20.8207729993715,0.0 -41.973209,-20.8207239993716,0.0 -41.973465,-20.8206299993715,0.0 -41.973769,-20.8205019993716,0.0 -41.973939,-20.8203389993716,0.0 -41.974072,-20.8201539993716,0.0 -41.974217,-20.8199459993716,0.0 -41.974374,-20.8197149993716,0.0 -41.974482,-20.8195189993716,0.0 -41.974652,-20.8193449993716,0.0 -41.974809,-20.8191489993716,0.0 -41.975053,-20.8190779993716,0.0 -41.975272,-20.8189039993716,0.0 -41.975478,-20.8187639993716,0.0 -41.975759,-20.8187269993716,0.0 -41.976016,-20.8187249993716,0.0 -41.976249,-20.8187929993716,0.0 -41.976481,-20.8188369993716,0.0 -41.977655,-20.8188279993716,0.0 -41.977887,-20.8187679993716,0.0 -41.978168,-20.8187199993716,0.0 -41.9784,-20.8186609993716,0.0 -41.978705,-20.8186469993716,0.0 -41.979195,-20.8187119993716,0.0 -41.979428,-20.8187909993716,0.0 -41.979479,-20.8190319993716,0.0 -41.979481,-20.8192619993716,0.0 -41.979458,-20.8194799993716,0.0 -41.979461,-20.8197449993716,0.0 -41.979475,-20.8199979993716,0.0 -41.979502,-20.8203079993716,0.0 -41.979566,-20.8205489993715,0.0 -41.979592,-20.8207669993715,0.0 -41.979655,-20.8209849993715,0.0 -41.979694,-20.8212259993715,0.0 -41.979732,-20.8214559993715,0.0 -41.97982,-20.8216729993715,0.0 -41.979944,-20.8219249993715,0.0 -41.980044,-20.8221659993715,0.0 -41.980194,-20.8224979993715,0.0 -41.980331,-20.8227269993715,0.0 -41.980479,-20.8229559993715,0.0 -41.980665,-20.8232069993715,0.0 -41.980765,-20.8234129993715,0.0 -41.98095,-20.8236069993715,0.0 -41.981184,-20.8238239993715,0.0 -41.981405,-20.8239599993715,0.0 -41.981602,-20.8241429993715,0.0 -41.981751,-20.8243599993714,0.0 -41.981949,-20.8246109993715,0.0 -41.982146,-20.8248049993714,0.0 -41.98238,-20.8250219993714,0.0 -41.982529,-20.8252159993714,0.0 -41.982701,-20.8253759993714,0.0 -41.98285,-20.8255589993714,0.0 -41.983084,-20.8257979993714,0.0 -41.98316,-20.8260159993714,0.0 -41.983211,-20.8262909993714,0.0 -41.983298,-20.8264979993714,0.0 -41.983374,-20.8267159993714,0.0 -41.983486,-20.8269329993714,0.0 -41.98361,-20.8271969993714,0.0 -41.983698,-20.8274829993714,0.0 -41.983834,-20.8276659993714,0.0 -41.984008,-20.8279409993714,0.0 -41.984157,-20.8281809993714,0.0 -41.984366,-20.8282939993714,0.0 -41.984624,-20.8284189993714,0.0 -41.984869,-20.8284629993714,0.0 -41.98553,-20.8286189993713,0.0 -41.985775,-20.8286169993713,0.0 -41.986007,-20.8285799993713,0.0 -41.986263,-20.8285549993714,0.0 -41.986556,-20.8285189993714,0.0 -41.986801,-20.8284819993714,0.0 -41.987081,-20.8283879993714,0.0 -41.987337,-20.8282479993714,0.0 -41.98758,-20.8281309993714,0.0 -41.9878,-20.8280489993714,0.0 -41.988006,-20.8278859993714,0.0 -41.988176,-20.8277359993714,0.0 -41.988431,-20.8275499993714,0.0 -41.988686,-20.8273409993714,0.0 -41.988868,-20.8271669993714,0.0 -41.989049,-20.8269699993714,0.0 -41.989267,-20.8267269993714,0.0 -41.989462,-20.8265989993714,0.0 -41.989656,-20.8264369993714,0.0 -41.989863,-20.8262969993714,0.0 -41.990069,-20.8261459993714,0.0 -41.990288,-20.8260059993714,0.0 -41.99047,-20.8258209993714,0.0 -41.990652,-20.8256239993714,0.0 -41.990797,-20.8254509993714,0.0 -41.990967,-20.8252879993714,0.0 -41.991112,-20.8251149993714,0.0 -41.991245,-20.8249299993714,0.0 -41.991402,-20.8247449993714,0.0 -41.991583,-20.8245249993715,0.0 -41.991691,-20.8242819993715,0.0 -41.991824,-20.8240739993715,0.0 -41.991944,-20.8237979993715,0.0 -41.992052,-20.8235899993715,0.0 -41.99217,-20.8231289993715,0.0 -41.992278,-20.8228639993715,0.0 -41.992349,-20.8226219993715,0.0 -41.992444,-20.8223449993715,0.0 -41.992565,-20.8221489993715,0.0 -41.992685,-20.8219179993715,0.0 -41.992719,-20.8216069993715,0.0 -41.99284,-20.8213989993715,0.0 -41.99307,-20.8212249993715,0.0 -41.993265,-20.8210969993715,0.0 -41.993508,-20.8209339993715,0.0 -41.993727,-20.8207949993715,0.0 -41.994019,-20.8206539993715,0.0 -41.994226,-20.8205489993715,0.0 -41.994482,-20.8204439993716,0.0 -41.99475,-20.8203269993716,0.0 -41.994981,-20.8202329993716,0.0 -41.995237,-20.8201739993716,0.0 -41.995481,-20.8201029993716,0.0 -41.995737,-20.8199969993716,0.0 -41.996005,-20.8198569993716,0.0 -41.996248,-20.8197399993716,0.0 -41.996492,-20.8196119993716,0.0 -41.996784,-20.8194949993716,0.0 -41.996979,-20.8193669993716,0.0 -41.997197,-20.8191469993716,0.0 -41.997416,-20.8190529993716,0.0 -41.997635,-20.8189129993716,0.0 -41.997878,-20.8187619993716,0.0 -41.998134,-20.8186219993716,0.0 -41.998365,-20.8185629993716,0.0 -41.998597,-20.8184919993716,0.0 -41.998878,-20.8184319993716,0.0 -41.999135,-20.8184299993716,0.0 -41.999367,-20.8184739993716,0.0 -41.999637,-20.8185069993716,0.0 -41.999893,-20.8184819993716,0.0 -42.000246,-20.8183889993716,0.0 -42.000637,-20.8180899993716,0.0 -42.000832,-20.8179519993716,0.0 -42.001015,-20.8178029993716,0.0 -42.001235,-20.8176759993716,0.0 -42.001491,-20.8176299993716,0.0 -42.001723,-20.8175609993716,0.0 -42.00198,-20.8175489993716,0.0 -42.002261,-20.8175489993716,0.0 -42.002505,-20.8176519993716,0.0 -42.002676,-20.8178469993716,0.0 -42.002835,-20.8180309993716,0.0 -42.003104,-20.8181449993716,0.0 -42.003299,-20.8182939993716,0.0 -42.003483,-20.8184319993716,0.0 -42.003654,-20.8186619993716,0.0 -42.003789,-20.8189259993716,0.0 -42.003947,-20.8190979993716,0.0 -42.004106,-20.8192579993716,0.0 -42.004241,-20.8194879993716,0.0 -42.004302,-20.8197059993716,0.0 -42.004474,-20.8201879993716,0.0 -42.004486,-20.8204289993715,0.0 -42.004486,-20.8206699993715,0.0 -42.004474,-20.8209229993715,0.0 -42.004426,-20.8211749993715,0.0 -42.004341,-20.8214279993715,0.0 -42.004243,-20.8216459993715,0.0 -42.00417,-20.8218759993715,0.0 -42.004134,-20.8221289993715,0.0 -42.004135,-20.8228859993715,0.0 -42.00422,-20.8231389993715,0.0 -42.004391,-20.8233109993715,0.0 -42.004575,-20.8234599993715,0.0 -42.004807,-20.8235399993715,0.0 -42.005039,-20.8235519993715,0.0 -42.005308,-20.8235279993715,0.0 -42.005442,-20.8233449993715,0.0 -42.0056,-20.8231379993715,0.0 -42.005808,-20.8229649993715,0.0 -42.006003,-20.8228159993715,0.0 -42.006235,-20.8227009993715,0.0 -42.006406,-20.8225279993715,0.0 -42.006638,-20.8224709993715,0.0 -42.007383,-20.8224699993715,0.0 -42.0077,-20.8224929993715,0.0 -42.008005,-20.8225159993715,0.0 -42.00825,-20.8225499993715,0.0 -42.008543,-20.8225839993715,0.0 -42.008824,-20.8226409993715,0.0 -42.009056,-20.8226749993715,0.0 -42.009349,-20.8227319993715,0.0 -42.009593,-20.8227669993715,0.0 -42.009862,-20.8228349993715,0.0 -42.010057,-20.8226859993715,0.0 -42.010326,-20.8226629993715,0.0 -42.01057,-20.8226619993715,0.0 -42.010814,-20.8226279993715,0.0 -42.011108,-20.8226269993715,0.0 -42.01134,-20.8225579993715,0.0 -42.011608,-20.8224549993715,0.0 -42.011852,-20.8223509993715,0.0 -42.012157,-20.8222589993715,0.0 -42.012377,-20.8223509993715,0.0 -42.012634,-20.8223619993715,0.0 -42.012878,-20.8223039993715,0.0 -42.0129699,-20.8222722993715,0.0 -42.01311,-20.8222239993715,0.0 -42.013342,-20.8221549993715,0.0 -42.013586,-20.8221309993715,0.0 -42.013855,-20.8221429993715,0.0 -42.0139184,-20.8221426993715,0.0 -42.014111,-20.8221419993715,0.0 -42.014343,-20.8220729993715,0.0 -42.0144078,-20.8219971993715,0.0 -42.01449,-20.8219009993715,0.0 -42.014624,-20.8217059993715,0.0 -42.014807,-20.8215219993715,0.0 -42.015051,-20.8214299993715,0.0 -42.015222,-20.8212459993715,0.0 -42.015331,-20.8210499993715,0.0 -42.015429,-20.8208209993715,0.0 -42.015661,-20.8206599993715,0.0 -42.015831,-20.8204989993715,0.0 -42.016039,-20.8203259993716,0.0 -42.01621,-20.8201649993716,0.0 -42.016429,-20.8200269993716,0.0 -42.016637,-20.8199009993716,0.0 -42.016844,-20.8197629993716,0.0 -42.017101,-20.8196479993716,0.0 -42.017333,-20.8197049993716,0.0 -42.017638,-20.8196129993716,0.0 -42.017955,-20.8194629993716,0.0 -42.018126,-20.8192909993716,0.0 -42.018395,-20.8190949993716,0.0 -42.018639,-20.8189109993716,0.0 -42.018834,-20.8187729993716,0.0 -42.019005,-20.8185779993716,0.0 -42.019285,-20.8183479993716,0.0 -42.019468,-20.8181639993716,0.0 -42.019688,-20.8180719993716,0.0 -42.020005,-20.8178879993716,0.0 -42.020286,-20.8176929993716,0.0 -42.020542,-20.8175659993716,0.0 -42.020823,-20.8173589993716,0.0 -42.021104,-20.8173359993716,0.0 -42.021384,-20.8171289993716,0.0 -42.021555,-20.8168759993716,0.0 -42.021774,-20.8166229993716,0.0 -42.021945,-20.8164389993716,0.0 -42.022214,-20.8162669993717,0.0 -42.022458,-20.8161519993717,0.0 -42.022739,-20.8159789993717,0.0 -42.022983,-20.8158759993717,0.0 -42.023263,-20.8157379993717,0.0 -42.02352,-20.8156569993717,0.0 -42.023776,-20.8155879993717,0.0 -42.024045,-20.8154609993717,0.0 -42.024264,-20.8153459993717,0.0 -42.024508,-20.8152769993717,0.0 -42.024753,-20.8151969993717,0.0 -42.024984,-20.8150239993717,0.0 -42.025216,-20.8148969993717,0.0 -42.025448,-20.8147939993717,0.0 -42.02568,-20.8147129993717,0.0 -42.025875,-20.8145869993717,0.0 -42.026119,-20.8144599993717,0.0 -42.026339,-20.8143679993717,0.0 -42.026583,-20.8142189993717,0.0 -42.026778,-20.8140459993717,0.0 -42.026961,-20.8138389993717,0.0 -42.027279,-20.8137469993717,0.0 -42.02756,-20.8136549993717,0.0 -42.027791,-20.8135629993717,0.0 -42.028023,-20.8134359993717,0.0 -42.028243,-20.8133209993717,0.0 -42.028353,-20.8131139993717,0.0 -42.028438,-20.8128619993717,0.0 -42.028633,-20.8126429993717,0.0 -42.028828,-20.8124709993717,0.0 -42.029023,-20.8122759993718,0.0 -42.029292,-20.8121599993717,0.0 -42.029573,-20.8121369993718,0.0 -42.029805,-20.8120799993718,0.0 -42.030049,-20.8119639993718,0.0 -42.030305,-20.8118719993718,0.0 -42.030561,-20.8118259993718,0.0 -42.030793,-20.8117909993718,0.0 -42.031025,-20.8117799993718,0.0 -42.031257,-20.8117559993718,0.0 -42.031575,-20.8117559993718,0.0 -42.031868,-20.8117439993718,0.0 -42.032124,-20.8117209993718,0.0 -42.032393,-20.8117089993718,0.0 -42.032686,-20.8117089993718,0.0 -42.03293,-20.8117199993718,0.0 -42.033053,-20.8119149993718,0.0 -42.033285,-20.8119609993718,0.0 -42.03348,-20.8118229993718,0.0 -42.033736,-20.8116729993718,0.0 -42.033968,-20.8115579993718,0.0 -42.034212,-20.8114889993718,0.0 -42.03453,-20.8114199993718,0.0 -42.034774,-20.8113969993718,0.0 -42.035018,-20.8113849993718,0.0 -42.035275,-20.8113389993718,0.0 -42.035531,-20.8113039993718,0.0 -42.035763,-20.8112809993718,0.0 -42.036044,-20.8111539993718,0.0 -42.036276,-20.8110389993718,0.0 -42.036507,-20.8108779993718,0.0 -42.036678,-20.8107059993718,0.0 -42.036873,-20.8104989993718,0.0 -42.037093,-20.8103839993718,0.0 -42.037313,-20.8102229993718,0.0 -42.037496,-20.8100039993718,0.0 -42.03763,-20.8098209993718,0.0 -42.037715,-20.8096019993718,0.0 -42.037812,-20.8093949993718,0.0 -42.037849,-20.8091539993718,0.0 -42.037848,-20.8089249993718,0.0 -42.03786,-20.8087059993718,0.0 -42.037848,-20.8084769993718,0.0 -42.037847,-20.8082359993718,0.0 -42.037713,-20.8080289993719,0.0 -42.037554,-20.8078569993719,0.0 -42.03748,-20.8076159993719,0.0 -42.03759,-20.8074089993719,0.0 -42.03781,-20.8073289993719,0.0 -42.038066,-20.8072939993719,0.0 -42.038322,-20.8072359993719,0.0 -42.038567,-20.8072359993719,0.0 -42.038835,-20.8072929993719,0.0 -42.039104,-20.8073849993719,0.0 -42.039336,-20.8074419993719,0.0 -42.039593,-20.8075679993719,0.0 -42.039837,-20.8076819993719,0.0 -42.040057,-20.8077619993719,0.0 -42.040521,-20.8078769993719,0.0 -42.040778,-20.8079339993719,0.0 -42.041022,-20.8079909993719,0.0 -42.041266,-20.8080139993719,0.0 -42.041498,-20.8080359993719,0.0 -42.041791,-20.8079329993719,0.0 -42.042048,-20.8079089993719,0.0 -42.0423397,-20.8079089993719,0.0 -42.042549,-20.8079089993719,0.0 -42.042829,-20.8078509993719,0.0 -42.043122,-20.8078159993719,0.0 -42.043391,-20.8077469993719,0.0 -42.043672,-20.8077119993719,0.0 -42.043916,-20.8076549993719,0.0 -42.044184,-20.8075739993719,0.0 -42.044392,-20.8074589993719,0.0 -42.044673,-20.8073669993719,0.0 -42.044917,-20.8072979993719,0.0 -42.045149,-20.8072169993719,0.0 -42.045332,-20.8070669993719,0.0 -42.045539,-20.8069519993719,0.0 -42.045698,-20.8067569993719,0.0 -42.045929,-20.8065729993719,0.0 -42.046222,-20.8064229993719,0.0 -42.046454,-20.8063889993719,0.0 -42.046711,-20.8063419993719,0.0 -42.046943,-20.8063769993719,0.0 -42.047114,-20.8065369993719,0.0 -42.047273,-20.8067439993719,0.0 -42.047408,-20.8069849993719,0.0 -42.047603,-20.8071799993719,0.0 -42.047787,-20.8073169993719,0.0 -42.048006,-20.8074199993719,0.0 -42.048239,-20.8074539993719,0.0 -42.048471,-20.8074079993719,0.0 -42.048727,-20.8073509993719,0.0 -42.048983,-20.8073499993719,0.0 -42.049191,-20.8072469993719,0.0 -42.049411,-20.8073269993719,0.0 -42.049643,-20.8073949993719,0.0 -42.049911,-20.8074179993719,0.0 -42.050156,-20.8074179993719,0.0 -42.050388,-20.8074399993719,0.0 -42.050656,-20.8073709993719,0.0 -42.050888,-20.8073249993719,0.0 -42.051145,-20.8072789993719,0.0 -42.051389,-20.8071979993719,0.0 -42.051633,-20.8071629993719,0.0 -42.051877,-20.8071629993719,0.0 -42.052109,-20.8072429993719,0.0 -42.052354,-20.8073349993719,0.0 -42.052598,-20.8074609993719,0.0 -42.052818,-20.8075979993719,0.0 -42.05305,-20.8077129993719,0.0 -42.053307,-20.8078159993719,0.0 -42.053539,-20.8079069993719,0.0 -42.053796,-20.8080109993719,0.0 -42.053991,-20.8081599993719,0.0 -42.054175,-20.8083089993718,0.0 -42.05437,-20.8084349993718,0.0 -42.054627,-20.8086179993718,0.0 -42.054969,-20.8089159993718,0.0 -42.055165,-20.8090769993718,0.0 -42.055421,-20.8092599993718,0.0 -42.055666,-20.8093289993718,0.0 -42.055922,-20.8092709993718,0.0 -42.056191,-20.8091789993718,0.0 -42.056484,-20.8090749993718,0.0 -42.056715,-20.8089029993718,0.0 -42.056923,-20.8087759993718,0.0 -42.057118,-20.8086499993718,0.0 -42.057326,-20.8085229993718,0.0 -42.05757,-20.8084079993718,0.0 -42.057777,-20.8082349993718,0.0 -42.058009,-20.8081429993719,0.0 -42.058253,-20.8080169993719,0.0 -42.058485,-20.8080049993719,0.0 -42.058705,-20.8078439993719,0.0 -42.058985,-20.8077749993719,0.0 -42.059217,-20.8078199993719,0.0 -42.059437,-20.8079349993719,0.0 -42.059657,-20.8080839993719,0.0 -42.060171,-20.8083359993719,0.0 -42.060391,-20.8084389993718,0.0 -42.060598,-20.8085529993718,0.0 -42.060818,-20.8086679993718,0.0 -42.061038,-20.8088279993718,0.0 -42.061307,-20.8090229993718,0.0 -42.061588,-20.8091839993718,0.0 -42.061821,-20.8093209993718,0.0 -42.062077,-20.8094929993718,0.0 -42.062261,-20.8096309993718,0.0 -42.062481,-20.8097679993718,0.0 -42.062762,-20.8098829993718,0.0 -42.062994,-20.8099629993718,0.0 -42.063238,-20.8100539993718,0.0 -42.063532,-20.8102379993718,0.0 -42.063788,-20.8102369993718,0.0 -42.064045,-20.8102939993718,0.0 -42.064326,-20.8103739993718,0.0 -42.064533,-20.8104889993718,0.0 -42.064753,-20.8105689993718,0.0 -42.064985,-20.8106839993718,0.0 -42.065218,-20.8107869993718,0.0 -42.065462,-20.8109009993718,0.0 -42.065731,-20.8110159993718,0.0 -42.066,-20.8111529993718,0.0 -42.066195,-20.8112909993718,0.0 -42.066403,-20.8113939993718,0.0 -42.066623,-20.8115079993718,0.0 -42.066867,-20.8115879993718,0.0 -42.067087,-20.8117029993718,0.0 -42.067393,-20.8118059993718,0.0 -42.067601,-20.8119089993718,0.0 -42.067845,-20.8119549993718,0.0 -42.068138,-20.8120459993718,0.0 -42.06837,-20.8121029993718,0.0 -42.068602,-20.8121719993718,0.0 -42.068822,-20.8122519993717,0.0 -42.069067,-20.8123889993718,0.0 -42.069299,-20.8124459993718,0.0 -42.069543,-20.8125149993717,0.0 -42.0698,-20.8125149993717,0.0 -42.070032,-20.8124679993717,0.0 -42.070264,-20.8123989993717,0.0 -42.07052,-20.8122269993718,0.0 -42.070788,-20.8121919993718,0.0 -42.071069,-20.8121569993718,0.0 -42.071313,-20.8120989993718,0.0 -42.071619,-20.8119609993718,0.0 -42.07185,-20.8118459993718,0.0 -42.072033,-20.8117079993718,0.0 -42.072265,-20.8116269993718,0.0 -42.072485,-20.8115009993718,0.0 -42.072729,-20.8113279993718,0.0 -42.073046,-20.8112239993718,0.0 -42.073254,-20.8110979993718,0.0 -42.073583,-20.8110509993718,0.0 -42.073876,-20.8109359993718,0.0 -42.07412,-20.8109009993718,0.0 -42.074352,-20.8108089993718,0.0 -42.074596,-20.8107169993718,0.0 -42.074841,-20.8106709993718,0.0 -42.075146,-20.8106239993718,0.0 -42.075414,-20.8105899993718,0.0 -42.075708,-20.8105889993718,0.0 -42.076025,-20.8105659993718,0.0 -42.076611,-20.8105649993718,0.0 -42.076855,-20.8105529993718,0.0 -42.077124,-20.8105299993718,0.0 -42.077417,-20.8104949993718,0.0 -42.077674,-20.8104599993718,0.0 -42.078015,-20.8104019993718,0.0 -42.07826,-20.8103329993718,0.0 -42.078516,-20.8101839993718,0.0 -42.078809,-20.8101029993718,0.0 -42.079065,-20.8100679993718,0.0 -42.079383,-20.8099869993718,0.0 -42.079688,-20.8099409993718,0.0 -42.07992,-20.8099059993718,0.0 -42.080201,-20.8098479993718,0.0 -42.080481,-20.8097789993718,0.0 -42.080738,-20.8097559993718,0.0 -42.08097,-20.8097089993718,0.0 -42.081226,-20.8095599993718,0.0 -42.081519,-20.8094219993718,0.0 -42.081738,-20.8093069993718,0.0 -42.081995,-20.8092029993718,0.0 -42.082251,-20.8090759993718,0.0 -42.082434,-20.8089379993718,0.0 -42.082592,-20.8087429993718,0.0 -42.082714,-20.8085359993718,0.0 -42.082873,-20.8083519993718,0.0 -42.083043,-20.8080989993719,0.0 -42.08308,-20.8078809993719,0.0 -42.083262,-20.8076739993719,0.0 -42.083409,-20.8074779993719,0.0 -42.083579,-20.8072949993719,0.0 -42.08375,-20.8071449993719,0.0 -42.083933,-20.8069499993719,0.0 -42.08414,-20.8067769993719,0.0 -42.084372,-20.8067079993719,0.0 -42.084616,-20.8066619993719,0.0 -42.084909,-20.8066839993719,0.0 -42.085154,-20.8067299993719,0.0 -42.085386,-20.8067979993719,0.0 -42.085581,-20.8069239993719,0.0 -42.085838,-20.8070389993719,0.0 -42.086034,-20.8071879993719,0.0 -42.086217,-20.8073249993719,0.0 -42.086327,-20.8075199993719,0.0 -42.086474,-20.8076919993719,0.0 -42.086597,-20.8079329993719,0.0 -42.086719,-20.8081509993718,0.0 -42.086817,-20.8083809993718,0.0 -42.08694,-20.8085989993718,0.0 -42.087111,-20.8087939993718,0.0 -42.087294,-20.8089309993718,0.0 -42.087453,-20.8090919993718,0.0 -42.087661,-20.8091949993718,0.0 -42.087942,-20.8092179993718,0.0 -42.088174,-20.8091479993718,0.0 -42.088308,-20.8089639993718,0.0 -42.088515,-20.8088489993718,0.0 -42.088772,-20.8088369993718,0.0 -42.089016,-20.8088029993718,0.0 -42.089517,-20.8088019993718,0.0 -42.089761,-20.8088129993718,0.0 -42.090018,-20.8088699993718,0.0 -42.09025,-20.8089619993718,0.0 -42.090482,-20.8090759993718,0.0 -42.09069,-20.8092249993718,0.0 -42.090959,-20.8093859993718,0.0 -42.091191,-20.8094889993718,0.0 -42.091362,-20.8096489993718,0.0 -42.09157,-20.8097869993718,0.0 -42.091753,-20.8099239993718,0.0 -42.092022,-20.8100619993718,0.0 -42.092266,-20.8100269993718,0.0 -42.092498,-20.8099689993718,0.0 -42.09273,-20.8098879993718,0.0 -42.09295,-20.8097729993718,0.0 -42.093206,-20.8097609993718,0.0 -42.093536,-20.8097259993718,0.0 -42.093743,-20.8096109993718,0.0 -42.094,-20.8094269993718,0.0 -42.094207,-20.8092429993718,0.0 -42.094353,-20.8090019993718,0.0 -42.094536,-20.8088519993718,0.0 -42.094756,-20.8087369993718,0.0 -42.095061,-20.8086559993718,0.0 -42.095354,-20.8086329993718,0.0 -42.095647,-20.8085639993718,0.0 -42.095903,-20.8084709993718,0.0 -42.096196,-20.8084019993719,0.0 -42.096428,-20.8083329993719,0.0 -42.096684,-20.8082629993719,0.0 -42.096916,-20.8081599993719,0.0 -42.097234,-20.8080439993719,0.0 -42.097441,-20.8079179993719,0.0 -42.097722,-20.8077569993719,0.0 -42.098014,-20.8076069993719,0.0 -42.098564,-20.8076059993719,0.0 -42.098796,-20.8075369993719,0.0 -42.099077,-20.8074789993719,0.0 -42.09937,-20.8074789993719,0.0 -42.099614,-20.8074549993719,0.0 -42.099919,-20.8074549993719,0.0 -42.100151,-20.8074089993719,0.0 -42.100334,-20.8072019993719,0.0 -42.100456,-20.8070059993719,0.0 -42.10059,-20.8067989993719,0.0 -42.100724,-20.8066039993719,0.0 -42.100785,-20.8063859993719,0.0 -42.100821,-20.8061449993719,0.0 -42.100857,-20.8059259993719,0.0 -42.100845,-20.8057079993719,0.0 -42.101113,-20.8057079993719,0.0 -42.10137,-20.8056379993719,0.0 -42.101601,-20.8055459993719,0.0 -42.101821,-20.8053969993719,0.0 -42.102077,-20.8053039993719,0.0 -42.10226,-20.8051089993719,0.0 -42.102365,-20.8050179993719,0.0 -42.10226,-20.8049369993719,0.0 -42.102064,-20.8047649993719,0.0 -42.101881,-20.8045929993719,0.0 -42.101587,-20.8042259993719,0.0 -42.101452,-20.803995999372,0.0 -42.101318,-20.803812999372,0.0 -42.101281,-20.803571999372,0.0 -42.101305,-20.803352999372,0.0 -42.101316,-20.803100999372,0.0 -42.10134,-20.802859999372,0.0 -42.101352,-20.802595999372,0.0 -42.101376,-20.802376999372,0.0 -42.101498,-20.802158999372,0.0 -42.101632,-20.801951999372,0.0 -42.101851,-20.801733999372,0.0 -42.102071,-20.801594999372,0.0 -42.102278,-20.801479999372,0.0 -42.102535,-20.801548999372,0.0 -42.102645,-20.801341999372,0.0 -42.102742,-20.801065999372,0.0 -42.102961,-20.800939999372,0.0 -42.10323,-20.800835999372,0.0 -42.103474,-20.800754999372,0.0 -42.103681,-20.800650999372,0.0 -42.103974,-20.800558999372,0.0 -42.104206,-20.800512999372,0.0 -42.104438,-20.800420999372,0.0 -42.104707,-20.800304999372,0.0 -42.104975,-20.8002249993721,0.0 -42.105292,-20.800108999372,0.0 -42.105549,-20.800039999372,0.0 -42.105841,-20.7998899993721,0.0 -42.106061,-20.7997869993721,0.0 -42.106366,-20.7996139993721,0.0 -42.106622,-20.7994639993721,0.0 -42.10683,-20.7993029993721,0.0 -42.107037,-20.7991539993721,0.0 -42.107207,-20.7989009993721,0.0 -42.107341,-20.7987169993721,0.0 -42.107549,-20.7985899993721,0.0 -42.107756,-20.7983829993721,0.0 -42.108049,-20.7982099993721,0.0 -42.108317,-20.7981869993721,0.0 -42.108562,-20.7981519993721,0.0 -42.10883,-20.7981059993721,0.0 -42.109099,-20.7981049993721,0.0 -42.109343,-20.7981279993721,0.0 -42.109612,-20.7982309993721,0.0 -42.109808,-20.7983679993721,0.0 -42.110028,-20.7986779993721,0.0 -42.110138,-20.7988959993721,0.0 -42.110273,-20.7991369993721,0.0 -42.110493,-20.7993779993721,0.0 -42.11064,-20.7995499993721,0.0 -42.110824,-20.7997559993721,0.0 -42.110971,-20.799973999372,0.0 -42.111081,-20.800203999372,0.0 -42.111179,-20.800421999372,0.0 -42.11135,-20.800570999372,0.0 -42.11157,-20.800673999372,0.0 -42.111863,-20.800764999372,0.0 -42.112108,-20.800844999372,0.0 -42.112352,-20.800913999372,0.0 -42.112584,-20.801004999372,0.0 -42.112804,-20.801211999372,0.0 -42.113049,-20.801233999372,0.0 -42.113305,-20.801210999372,0.0 -42.113537,-20.801141999372,0.0 -42.113842,-20.801014999372,0.0 -42.114049,-20.800899999372,0.0 -42.114245,-20.800761999372,0.0 -42.114476,-20.800576999372,0.0 -42.114745,-20.800415999372,0.0 -42.114928,-20.800266999372,0.0 -42.115123,-20.800128999372,0.0 -42.115403,-20.7999439993721,0.0 -42.115611,-20.7997719993721,0.0 -42.115867,-20.7995989993721,0.0 -42.116062,-20.7994379993721,0.0 -42.116281,-20.7992539993721,0.0 -42.11655,-20.7991619993721,0.0 -42.116843,-20.7990239993721,0.0 -42.117099,-20.7990119993721,0.0 -42.117404,-20.7990229993721,0.0 -42.117685,-20.7989189993721,0.0 -42.117843,-20.7987229993721,0.0 -42.117929,-20.7985169993721,0.0 -42.117989,-20.7982749993721,0.0 -42.118001,-20.7980569993721,0.0 -42.118025,-20.7977809993721,0.0 -42.118037,-20.7975289993721,0.0 -42.118061,-20.7972989993721,0.0 -42.118085,-20.7970009993721,0.0 -42.118109,-20.7967709993721,0.0 -42.118133,-20.7965529993721,0.0 -42.118181,-20.7963339993721,0.0 -42.118254,-20.7961049993721,0.0 -42.118388,-20.7958629993722,0.0 -42.118534,-20.7956559993722,0.0 -42.118692,-20.7954489993722,0.0 -42.118863,-20.7951729993722,0.0 -42.119009,-20.7949669993722,0.0 -42.119143,-20.7947709993722,0.0 -42.119301,-20.7945529993722,0.0 -42.119472,-20.7944029993722,0.0 -42.119679,-20.7942309993722,0.0 -42.119923,-20.7942189993722,0.0 -42.120216,-20.7941609993722,0.0 -42.12046,-20.7940109993722,0.0 -42.120704,-20.7938959993722,0.0 -42.120948,-20.7937459993722,0.0 -42.121253,-20.7936309993722,0.0 -42.121485,-20.7935499993722,0.0 -42.121742,-20.7935269993722,0.0 -42.121986,-20.7935259993722,0.0 -42.122218,-20.7935489993722,0.0 -42.122475,-20.7936399993722,0.0 -42.122707,-20.7937659993722,0.0 -42.122939,-20.7939149993722,0.0 -42.123135,-20.7940759993722,0.0 -42.123355,-20.7942129993722,0.0 -42.123636,-20.7942699993722,0.0 -42.124381,-20.7942689993722,0.0 -42.124649,-20.7942569993722,0.0 -42.124881,-20.7941189993722,0.0 -42.12515,-20.7941869993722,0.0 -42.125394,-20.7942669993722,0.0 -42.125626,-20.7943589993722,0.0 -42.125859,-20.7944619993722,0.0 -42.126128,-20.7945989993722,0.0 -42.126348,-20.7947479993722,0.0 -42.126592,-20.7948279993722,0.0 -42.126836,-20.7949539993722,0.0 -42.12713,-20.7950569993722,0.0 -42.127472,-20.7953779993722,0.0 -42.127729,-20.7954229993722,0.0 -42.128217,-20.7954219993722,0.0 -42.128584,-20.7953989993722,0.0 -42.12884,-20.7953869993722,0.0 -42.129121,-20.7953859993722,0.0 -42.129389,-20.7953749993722,0.0 -42.129633,-20.7952019993722,0.0 -42.129853,-20.7950749993722,0.0 -42.130085,-20.7950399993722,0.0 -42.130341,-20.7950169993722,0.0 -42.130573,-20.7950049993722,0.0 -42.130866,-20.7949929993722,0.0 -42.131159,-20.7949699993722,0.0 -42.131391,-20.7949229993722,0.0 -42.131684,-20.7948649993722,0.0 -42.131916,-20.7948419993722,0.0 -42.132136,-20.7949339993722,0.0 -42.132405,-20.7949219993722,0.0 -42.132686,-20.7948869993722,0.0 -42.133015,-20.7948289993722,0.0 -42.133308,-20.7947589993722,0.0 -42.133552,-20.7945979993722,0.0 -42.133955,-20.7945169993722,0.0 -42.134187,-20.7945049993722,0.0 -42.134431,-20.7944819993722,0.0 -42.134956,-20.7944809993722,0.0 -42.135262,-20.7945379993722,0.0 -42.135433,-20.7946869993722,0.0 -42.135592,-20.7948929993722,0.0 -42.135702,-20.7951109993722,0.0 -42.135837,-20.7953179993722,0.0 -42.136094,-20.7954089993722,0.0 -42.136338,-20.7954659993722,0.0 -42.136607,-20.7955689993722,0.0 -42.136912,-20.7956029993722,0.0 -42.137132,-20.7955219993722,0.0 -42.137388,-20.7955789993722,0.0 -42.137633,-20.7956249993722,0.0 -42.137926,-20.7957389993722,0.0 -42.13817,-20.7958189993722,0.0 -42.138451,-20.7958869993722,0.0 -42.13872,-20.7959899993722,0.0 -42.138952,-20.7960819993721,0.0 -42.139197,-20.7961849993721,0.0 -42.139429,-20.7963569993721,0.0 -42.139674,-20.7965399993721,0.0 -42.139906,-20.7965969993721,0.0 -42.140187,-20.7966539993721,0.0 -42.14048,-20.7967219993721,0.0 -42.140749,-20.7968019993721,0.0 -42.141006,-20.7968939993721,0.0 -42.14125,-20.7969509993721,0.0 -42.141506,-20.7969959993721,0.0 -42.141751,-20.7969959993721,0.0 -42.142019,-20.7969379993721,0.0 -42.1423,-20.7969369993721,0.0 -42.142642,-20.7969139993721,0.0 -42.142947,-20.7968899993721,0.0 -42.143179,-20.7968669993721,0.0 -42.143472,-20.7968549993721,0.0 -42.143777,-20.7968429993721,0.0 -42.144046,-20.7967959993721,0.0 -42.144351,-20.7967269993721,0.0 -42.144608,-20.7966809993721,0.0 -42.145071,-20.7965879993721,0.0 -42.145316,-20.7965529993721,0.0 -42.145621,-20.7964609993721,0.0 -42.145962,-20.7963569993721,0.0 -42.146231,-20.7962639993721,0.0 -42.14645,-20.7960919993722,0.0 -42.146694,-20.7958959993722,0.0 -42.146926,-20.7958839993722,0.0 -42.147109,-20.7957229993722,0.0 -42.147292,-20.7955049993722,0.0 -42.147475,-20.7952979993722,0.0 -42.147633,-20.7951369993722,0.0 -42.147853,-20.7950099993722,0.0 -42.14806,-20.7948719993722,0.0 -42.148304,-20.7948019993722,0.0 -42.148524,-20.7947099993722,0.0 -42.14878,-20.7946179993722,0.0 -42.149073,-20.7945139993722,0.0 -42.149316,-20.7942839993722,0.0 -42.149609,-20.7941569993722,0.0 -42.149853,-20.7940649993722,0.0 -42.15011,-20.7939609993722,0.0 -42.150354,-20.7938459993722,0.0 -42.150647,-20.7937879993722,0.0 -42.150891,-20.7937869993722,0.0 -42.151123,-20.7938099993722,0.0 -42.151416,-20.7938439993722,0.0 -42.151685,-20.7938889993722,0.0 -42.151966,-20.7939919993722,0.0 -42.152455,-20.7942439993722,0.0 -42.152687,-20.7943239993722,0.0 -42.152919,-20.7944149993722,0.0 -42.153139,-20.7945069993722,0.0 -42.153457,-20.7945869993722,0.0 -42.15397,-20.7945859993722,0.0 -42.15419,-20.7947119993722,0.0 -42.154422,-20.7946189993722,0.0 -42.154702,-20.7945379993722,0.0 -42.154934,-20.7945149993722,0.0 -42.155191,-20.7944689993722,0.0 -42.155447,-20.7943299993722,0.0 -42.15574,-20.7941799993722,0.0 -42.155971,-20.7940419993722,0.0 -42.15624,-20.7939149993722,0.0 -42.156447,-20.7937429993722,0.0 -42.156654,-20.7935819993722,0.0 -42.156886,-20.7934659993722,0.0 -42.157106,-20.7933629993722,0.0 -42.15735,-20.7932239993722,0.0 -42.157545,-20.7930979993722,0.0 -42.157776,-20.7929019993722,0.0 -42.157984,-20.7927979993722,0.0 -42.158191,-20.7926369993722,0.0 -42.158398,-20.7924989993722,0.0 -42.158618,-20.7923379993722,0.0 -42.158813,-20.7921999993722,0.0 -42.159032,-20.7920499993722,0.0 -42.159301,-20.7919229993723,0.0 -42.159557,-20.7917499993723,0.0 -42.159727,-20.7915549993723,0.0 -42.159983,-20.7913939993723,0.0 -42.160252,-20.7912779993723,0.0 -42.160532,-20.7911519993723,0.0 -42.160764,-20.7909899993723,0.0 -42.160935,-20.7908409993723,0.0 -42.16113,-20.7907029993723,0.0 -42.1613,-20.7904379993723,0.0 -42.161385,-20.7901969993723,0.0 -42.161446,-20.7899329993723,0.0 -42.161482,-20.7897139993723,0.0 -42.161518,-20.7894849993723,0.0 -42.161603,-20.7892549993723,0.0 -42.161774,-20.7890249993723,0.0 -42.161932,-20.7888639993723,0.0 -42.162041,-20.7886679993723,0.0 -42.162249,-20.7885649993723,0.0 -42.162493,-20.7885529993723,0.0 -42.162725,-20.7885409993723,0.0 -42.162981,-20.7885059993723,0.0 -42.163213,-20.7884359993723,0.0 -42.163482,-20.7884019993723,0.0 -42.163714,-20.7883669993723,0.0 -42.163982,-20.7881359993723,0.0 -42.164263,-20.7880789993723,0.0 -42.164543,-20.7879979993724,0.0 -42.164787,-20.7878939993724,0.0 -42.165019,-20.7878589993724,0.0 -42.165276,-20.7878469993724,0.0 -42.165813,-20.7878459993723,0.0 -42.166082,-20.7878339993723,0.0 -42.166326,-20.7878339993723,0.0 -42.166497,-20.7880049993723,0.0 -42.166766,-20.7879929993723,0.0 -42.16701,-20.7879469993724,0.0 -42.167278,-20.7878549993724,0.0 -42.16751,-20.7877969993724,0.0 -42.167791,-20.7876929993724,0.0 -42.168011,-20.7876119993724,0.0 -42.168267,-20.7875079993724,0.0 -42.168498,-20.7873699993724,0.0 -42.168718,-20.7872429993724,0.0 -42.168962,-20.7871169993724,0.0 -42.169169,-20.7869779993724,0.0 -42.169376,-20.7868169993724,0.0 -42.169608,-20.7866329993724,0.0 -42.169779,-20.7864829993724,0.0 -42.169974,-20.7862989993724,0.0 -42.170218,-20.7861379993724,0.0 -42.170474,-20.7859539993724,0.0 -42.170705,-20.7858959993724,0.0 -42.170937,-20.7858499993724,0.0 -42.171169,-20.7857919993724,0.0 -42.171426,-20.7857679993724,0.0 -42.171658,-20.7857329993724,0.0 -42.172207,-20.7857039993724,0.0 -42.171999,-20.7853649993724,0.0 -42.171913,-20.7851239993724,0.0 -42.171876,-20.7848949993724,0.0 -42.171802,-20.7846419993724,0.0 -42.171691,-20.7844469993724,0.0 -42.171581,-20.7842179993724,0.0 -42.17136,-20.7837819993724,0.0 -42.171177,-20.7836439993725,0.0 -42.170957,-20.7834609993725,0.0 -42.170761,-20.7833119993725,0.0 -42.170577,-20.7831289993725,0.0 -42.170382,-20.7830029993725,0.0 -42.17015,-20.7828879993725,0.0 -42.169917,-20.7827629993725,0.0 -42.169734,-20.7826139993725,0.0 -42.169489,-20.7825219993725,0.0 -42.169269,-20.7823619993725,0.0 -42.169061,-20.7822469993725,0.0 -42.16889,-20.7820749993725,0.0 -42.168731,-20.7819149993725,0.0 -42.168523,-20.7817089993725,0.0 -42.168327,-20.7815369993725,0.0 -42.168131,-20.7813759993725,0.0 -42.167936,-20.7812049993725,0.0 -42.167703,-20.7810209993725,0.0 -42.167508,-20.7808839993725,0.0 -42.167324,-20.7807349993725,0.0 -42.167031,-20.7805629993725,0.0 -42.166774,-20.7804489993725,0.0 -42.16653,-20.7803459993725,0.0 -42.166334,-20.7801969993725,0.0 -42.166078,-20.7801629993725,0.0 -42.165809,-20.7801519993725,0.0 -42.165565,-20.7801179993725,0.0 -42.16532,-20.7800379993725,0.0 -42.165063,-20.7799119993725,0.0 -42.164868,-20.7797399993726,0.0 -42.164684,-20.7795459993726,0.0 -42.164574,-20.7793509993726,0.0 -42.164488,-20.7791439993726,0.0 -42.164426,-20.7789139993726,0.0 -42.164365,-20.7786959993726,0.0 -42.164291,-20.7784779993726,0.0 -42.16423,-20.7782489993726,0.0 -42.164217,-20.7780189993726,0.0 -42.164192,-20.7778009993726,0.0 -42.164082,-20.7776059993726,0.0 -42.163959,-20.7773759993726,0.0 -42.1638,-20.7771819993726,0.0 -42.16358,-20.7770099993726,0.0 -42.163372,-20.7768489993726,0.0 -42.163188,-20.7766429993726,0.0 -42.163078,-20.7764139993726,0.0 -42.162992,-20.7761959993726,0.0 -42.162992,-20.7759659993726,0.0 -42.163101,-20.7757589993726,0.0 -42.163284,-20.7755979993726,0.0 -42.163442,-20.7754019993727,0.0 -42.163552,-20.7752069993727,0.0 -42.1636,-20.7749889993727,0.0 -42.163587,-20.7747359993727,0.0 -42.163428,-20.7745299993727,0.0 -42.163269,-20.7743689993727,0.0 -42.163037,-20.7742319993727,0.0 -42.162731,-20.7740599993727,0.0 -42.162536,-20.7739339993727,0.0 -42.162328,-20.7737849993727,0.0 -42.16212,-20.7736129993727,0.0 -42.161997,-20.7734069993727,0.0 -42.161826,-20.7732459993727,0.0 -42.161789,-20.7730169993727,0.0 -42.1618,-20.7727639993727,0.0 -42.161849,-20.7725339993727,0.0 -42.161922,-20.7722929993727,0.0 -42.162043,-20.7720629993727,0.0 -42.162116,-20.7718329993727,0.0 -42.162103,-20.7715919993727,0.0 -42.161761,-20.7712709993728,0.0 -42.161675,-20.7710649993728,0.0 -42.161479,-20.7709389993728,0.0 -42.161308,-20.7707439993728,0.0 -42.161076,-20.7707209993728,0.0 -42.160831,-20.7706419993728,0.0 -42.160575,-20.7705619993728,0.0 -42.160355,-20.7704699993728,0.0 -42.160098,-20.7703329993728,0.0 -42.159878,-20.7702179993728,0.0 -42.159646,-20.7701149993728,0.0 -42.159402,-20.7700359993728,0.0 -42.159182,-20.7698869993728,0.0 -42.158961,-20.7697609993728,0.0 -42.158851,-20.7695539993728,0.0 -42.158777,-20.7693019993728,0.0 -42.158582,-20.7691759993728,0.0 -42.158423,-20.7689809993728,0.0 -42.158276,-20.7687969993728,0.0 -42.158274,-20.7678559993728,0.0 -42.158298,-20.7676379993729,0.0 -42.158358,-20.7674079993729,0.0 -42.158382,-20.7671899993729,0.0 -42.158418,-20.7669709993729,0.0 -42.158442,-20.7667299993729,0.0 -42.158454,-20.7664889993729,0.0 -42.158478,-20.7662709993729,0.0 -42.158563,-20.7660519993729,0.0 -42.158648,-20.7658109993729,0.0 -42.158733,-20.7655929993729,0.0 -42.158781,-20.7653629993729,0.0 -42.158842,-20.7651219993729,0.0 -42.158939,-20.7648459993729,0.0 -42.158963,-20.7645699993729,0.0 -42.158987,-20.7642599993729,0.0 -42.158998,-20.7639389993729,0.0 -42.159046,-20.7636629993729,0.0 -42.159131,-20.763444999373,0.0 -42.159253,-20.763248999373,0.0 -42.159338,-20.763030999373,0.0 -42.159399,-20.762811999373,0.0 -42.15952,-20.762352999373,0.0 -42.159592,-20.762099999373,0.0 -42.159678,-20.761881999373,0.0 -42.159775,-20.761674999373,0.0 -42.159774,-20.761444999373,0.0 -42.159786,-20.761226999373,0.0 -42.159785,-20.760755999373,0.0 -42.159797,-20.760514999373,0.0 -42.159857,-20.760250999373,0.0 -42.15993,-20.760020999373,0.0 -42.160027,-20.759802999373,0.0 -42.160149,-20.759606999373,0.0 -42.16027,-20.7593889993731,0.0 -42.160343,-20.7591469993731,0.0 -42.160502,-20.7589629993731,0.0 -42.160538,-20.7587219993731,0.0 -42.160549,-20.7585039993731,0.0 -42.160549,-20.7582629993731,0.0 -42.160561,-20.7580449993731,0.0 -42.160536,-20.7578149993731,0.0 -42.160438,-20.7575969993731,0.0 -42.160315,-20.7573909993731,0.0 -42.160193,-20.7571959993731,0.0 -42.16007,-20.7569779993731,0.0 -42.159935,-20.7567939993731,0.0 -42.159764,-20.7566449993731,0.0 -42.159471,-20.7564499993731,0.0 -42.159238,-20.7563019993731,0.0 -42.159043,-20.7561529993731,0.0 -42.158847,-20.7560269993731,0.0 -42.158639,-20.7558779993731,0.0 -42.158468,-20.7557059993731,0.0 -42.158236,-20.7556369993731,0.0 -42.157992,-20.7556259993731,0.0 -42.157003,-20.7556279993731,0.0 -42.156722,-20.7556399993732,0.0 -42.156478,-20.7556979993731,0.0 -42.156234,-20.7556639993731,0.0 -42.15599,-20.7556419993731,0.0 -42.155697,-20.7556539993731,0.0 -42.155465,-20.7556659993731,0.0 -42.154708,-20.7556669993731,0.0 -42.154513,-20.7558169993731,0.0 -42.154281,-20.7558629993731,0.0 -42.154061,-20.7557599993731,0.0 -42.153853,-20.7556569993731,0.0 -42.153621,-20.7555769993731,0.0 -42.153401,-20.7554969993731,0.0 -42.15323,-20.7553369993732,0.0 -42.153107,-20.7551419993732,0.0 -42.153034,-20.7549119993732,0.0 -42.152923,-20.7546939993732,0.0 -42.152801,-20.7544879993732,0.0 -42.152654,-20.7542809993732,0.0 -42.152495,-20.7540979993732,0.0 -42.152324,-20.7539489993732,0.0 -42.151957,-20.7536279993732,0.0 -42.151724,-20.7535249993732,0.0 -42.151309,-20.7533189993732,0.0 -42.151089,-20.7532279993732,0.0 -42.150893,-20.7531019993732,0.0 -42.150637,-20.7529639993732,0.0 -42.149887,-20.7523999993732,0.0 -42.149243,-20.7519809993732,0.0 -42.148494,-20.7513909993732,0.0 -42.147921,-20.7510749993733,0.0 -42.147313,-20.7506909993733,0.0 -42.14685,-20.7503099993733,0.0 -42.146387,-20.7499279993733,0.0 -42.145945,-20.7495459993733,0.0 -42.145749,-20.7494199993733,0.0 -42.145529,-20.7493399993733,0.0 -42.145285,-20.7493399993733,0.0 -42.145041,-20.7493749993733,0.0 -42.144809,-20.7494669993733,0.0 -42.144589,-20.7495599993733,0.0 -42.144332,-20.7496179993733,0.0 -42.144088,-20.7497789993733,0.0 -42.143819,-20.7497789993733,0.0 -42.143563,-20.7497909993733,0.0 -42.143331,-20.7498259993733,0.0 -42.142866,-20.7498499993733,0.0 -42.142048,-20.7498509993733,0.0 -42.141815,-20.7498399993733,0.0 -42.141571,-20.7497939993733,0.0 -42.141339,-20.7496909993733,0.0 -42.141094,-20.7496449993733,0.0 -42.14063,-20.7495309993733,0.0 -42.140385,-20.7494509993733,0.0 -42.140128,-20.7494169993733,0.0 -42.139994,-20.7492219993733,0.0 -42.139749,-20.7492219993733,0.0 -42.139505,-20.7492339993733,0.0 -42.139236,-20.7492689993733,0.0 -42.138992,-20.7493379993733,0.0 -42.138772,-20.7494189993733,0.0 -42.13854,-20.7494999993733,0.0 -42.13832,-20.7495919993733,0.0 -42.138064,-20.7496959993733,0.0 -42.137832,-20.7497539993733,0.0 -42.1376,-20.7497769993733,0.0 -42.137343,-20.7498009993733,0.0 -42.137074,-20.7498349993733,0.0 -42.136842,-20.7499849993733,0.0 -42.136574,-20.7499399993733,0.0 -42.136341,-20.7498939993733,0.0 -42.136097,-20.7498479993733,0.0 -42.13584,-20.7498139993733,0.0 -42.135608,-20.7497459993733,0.0 -42.135351,-20.7496429993733,0.0 -42.135107,-20.7495629993733,0.0 -42.134838,-20.7494709993733,0.0 -42.134618,-20.7493679993733,0.0 -42.134385,-20.7493109993733,0.0 -42.134153,-20.7492419993733,0.0 -42.133921,-20.7491849993733,0.0 -42.13364,-20.7491389993733,0.0 -42.133407,-20.7490939993733,0.0 -42.133151,-20.7490019993733,0.0 -42.132918,-20.7489679993733,0.0 -42.132674,-20.7488989993733,0.0 -42.132405,-20.7486589993733,0.0 -42.132185,-20.7485669993733,0.0 -42.132001,-20.7484289993733,0.0 -42.131744,-20.7483149993733,0.0 -42.131549,-20.7481769993733,0.0 -42.13128,-20.7481199993733,0.0 -42.131047,-20.7480629993733,0.0 -42.1308921,-20.7480072993733,0.0 -42.130791,-20.7479709993733,0.0 -42.130637,-20.7479439993733,0.0</coordinates>
</LinearRing>
</outerBoundaryIs>
</Polygon>
</MultiGeometry>
</Placemark>
</Folder>
</Document></kml>
