<?xml version='1.0' encoding='UTF-8'?>
<kml xmlns:xsd="http://www.w3.org/2001/XMLSchema" xmlns:gx="http://www.google.com/kml/ext/2.2" xmlns:atom="http://www.w3.org/2005/Atom" xmlns="http://www.opengis.net/kml/2.2">
<Document>
<name>santa_rita_do_tocantins_1718899_localidades_2022</name>
<visibility>1</visibility>
<Schema name="Agrovilas do PA" id="kml_schema_ft_Agrovilas_do_PA">
<SimpleField type="xsd:string" name="CD_UF">
<displayName>CD_UF</displayName>
</SimpleField>
<SimpleField type="xsd:string" name="NM_UF">
<displayName>NM_UF</displayName>
</SimpleField>
<SimpleField type="xsd:string" name="SIGLA_UF">
<displayName>SIGLA_UF</displayName>
</SimpleField>
<SimpleField type="xsd:string" name="CD_MUN">
<displayName>CD_MUN</displayName>
</SimpleField>
<SimpleField type="xsd:string" name="NM_MUN">
<displayName>NM_MUN</displayName>
</SimpleField>
<SimpleField type="xsd:string" name="CD_RGINT">
<displayName>CD_RGINT</displayName>
</SimpleField>
<SimpleField type="xsd:string" name="NM_RGINT">
<displayName>NM_RGINT</displayName>
</SimpleField>
<SimpleField type="xsd:string" name="CD_RGI">
<displayName>CD_RGI</displayName>
</SimpleField>
<SimpleField type="xsd:string" name="NM_RGI">
<displayName>NM_RGI</displayName>
</SimpleField>
<SimpleField type="xsd:string" name="CT_LOCALIDADE">
<displayName>CT_LOCALIDADE</displayName>
</SimpleField>
<SimpleField type="xsd:string" name="CD_LOCALIDADE">
<displayName>CD_LOCALIDADE</displayName>
</SimpleField>
<SimpleField type="xsd:string" name="NM_LOCALIDADE">
<displayName>NM_LOCALIDADE</displayName>
</SimpleField>
<SimpleField type="xsd:string" name="LAT_LOCALIDADE">
<displayName>LAT_LOCALIDADE</displayName>
</SimpleField>
<SimpleField type="xsd:string" name="LONG_LOCALIDADE">
<displayName>LONG_LOCALIDADE</displayName>
</SimpleField>
</Schema>
<Schema name="Povoados" id="kml_schema_ft_Povoados">
<SimpleField type="xsd:string" name="CD_UF">
<displayName>CD_UF</displayName>
</SimpleField>
<SimpleField type="xsd:string" name="NM_UF">
<displayName>NM_UF</displayName>
</SimpleField>
<SimpleField type="xsd:string" name="SIGLA_UF">
<displayName>SIGLA_UF</displayName>
</SimpleField>
<SimpleField type="xsd:string" name="CD_MUN">
<displayName>CD_MUN</displayName>
</SimpleField>
<SimpleField type="xsd:string" name="NM_MUN">
<displayName>NM_MUN</displayName>
</SimpleField>
<SimpleField type="xsd:string" name="CD_RGINT">
<displayName>CD_RGINT</displayName>
</SimpleField>
<SimpleField type="xsd:string" name="NM_RGINT">
<displayName>NM_RGINT</displayName>
</SimpleField>
<SimpleField type="xsd:string" name="CD_RGI">
<displayName>CD_RGI</displayName>
</SimpleField>
<SimpleField type="xsd:string" name="NM_RGI">
<displayName>NM_RGI</displayName>
</SimpleField>
<SimpleField type="xsd:string" name="CT_LOCALIDADE">
<displayName>CT_LOCALIDADE</displayName>
</SimpleField>
<SimpleField type="xsd:string" name="CD_LOCALIDADE">
<displayName>CD_LOCALIDADE</displayName>
</SimpleField>
<SimpleField type="xsd:string" name="NM_LOCALIDADE">
<displayName>NM_LOCALIDADE</displayName>
</SimpleField>
<SimpleField type="xsd:string" name="LAT_LOCALIDADE">
<displayName>LAT_LOCALIDADE</displayName>
</SimpleField>
<SimpleField type="xsd:string" name="LONG_LOCALIDADE">
<displayName>LONG_LOCALIDADE</displayName>
</SimpleField>
</Schema>
<Schema name="01. Cidade" id="kml_schema_ft_01._Cidade">
<SimpleField type="xsd:string" name="CD_UF">
<displayName>CD_UF</displayName>
</SimpleField>
<SimpleField type="xsd:string" name="NM_UF">
<displayName>NM_UF</displayName>
</SimpleField>
<SimpleField type="xsd:string" name="SIGLA_UF">
<displayName>SIGLA_UF</displayName>
</SimpleField>
<SimpleField type="xsd:string" name="CD_MUN">
<displayName>CD_MUN</displayName>
</SimpleField>
<SimpleField type="xsd:string" name="NM_MUN">
<displayName>NM_MUN</displayName>
</SimpleField>
<SimpleField type="xsd:string" name="CD_RGINT">
<displayName>CD_RGINT</displayName>
</SimpleField>
<SimpleField type="xsd:string" name="NM_RGINT">
<displayName>NM_RGINT</displayName>
</SimpleField>
<SimpleField type="xsd:string" name="CD_RGI">
<displayName>CD_RGI</displayName>
</SimpleField>
<SimpleField type="xsd:string" name="NM_RGI">
<displayName>NM_RGI</displayName>
</SimpleField>
<SimpleField type="xsd:string" name="CT_LOCALIDADE">
<displayName>CT_LOCALIDADE</displayName>
</SimpleField>
<SimpleField type="xsd:string" name="SCT_LOCALIDADE">
<displayName>SCT_LOCALIDADE</displayName>
</SimpleField>
<SimpleField type="xsd:string" name="CD_LOCALIDADE">
<displayName>CD_LOCALIDADE</displayName>
</SimpleField>
<SimpleField type="xsd:string" name="NM_LOCALIDADE">
<displayName>NM_LOCALIDADE</displayName>
</SimpleField>
<SimpleField type="xsd:string" name="LAT_LOCALIDADE">
<displayName>LAT_LOCALIDADE</displayName>
</SimpleField>
<SimpleField type="xsd:string" name="LONG_LOCALIDADE">
<displayName>LONG_LOCALIDADE</displayName>
</SimpleField>
</Schema>
<Schema name="Município" id="kml_schema_ft_Município">
<SimpleField type="xsd:string" name="CD_UF">
<displayName>CD_UF</displayName>
</SimpleField>
<SimpleField type="xsd:string" name="NM_UF">
<displayName>NM_UF</displayName>
</SimpleField>
<SimpleField type="xsd:string" name="CD_MUN">
<displayName>CD_MUN</displayName>
</SimpleField>
<SimpleField type="xsd:string" name="NM_MUN">
<displayName>NM_MUN</displayName>
</SimpleField>
<SimpleField type="xsd:string" name="CD_RGINT">
<displayName>CD_RGINT</displayName>
</SimpleField>
<SimpleField type="xsd:string" name="NM_RGINT">
<displayName>NM_RGINT</displayName>
</SimpleField>
<SimpleField type="xsd:string" name="CD_RGI">
<displayName>CD_RGI</displayName>
</SimpleField>
<SimpleField type="xsd:string" name="NM_RGI">
<displayName>NM_RGI</displayName>
</SimpleField>
</Schema>
<Folder id="01. Cidade">
<name>01. Cidade</name>
<Folder id="01.03. Sede Municipal">
<name>01.03. Sede Municipal</name>
<Placemark id="01.03. Sede Municipal">
<name>Santa Rita do Tocantins [1718899]</name>
<visibility>1</visibility>
<snippet> </snippet>
<description>&lt;center&gt;&lt;table&gt;&lt;tr&gt;&lt;th colspan='2' align='center'&gt;&lt;em&gt;Atributos&lt;/em&gt;&lt;/th&gt;&lt;/tr&gt;&lt;tr bgcolor="#E3E3F3"&gt;
&lt;th&gt;CD_UF&lt;/th&gt;
&lt;td&gt;17&lt;/td&gt;
&lt;/tr&gt;&lt;tr bgcolor=""&gt;
&lt;th&gt;NM_UF&lt;/th&gt;
&lt;td&gt;Tocantins&lt;/td&gt;
&lt;/tr&gt;&lt;tr bgcolor="#E3E3F3"&gt;
&lt;th&gt;SIGLA_UF&lt;/th&gt;
&lt;td&gt;TO&lt;/td&gt;
&lt;/tr&gt;&lt;tr bgcolor=""&gt;
&lt;th&gt;CD_MUN&lt;/th&gt;
&lt;td&gt;1718899&lt;/td&gt;
&lt;/tr&gt;&lt;tr bgcolor="#E3E3F3"&gt;
&lt;th&gt;NM_MUN&lt;/th&gt;
&lt;td&gt;Santa Rita do Tocantins&lt;/td&gt;
&lt;/tr&gt;&lt;tr bgcolor=""&gt;
&lt;th&gt;CD_RGINT&lt;/th&gt;
&lt;td&gt;1701&lt;/td&gt;
&lt;/tr&gt;&lt;tr bgcolor="#E3E3F3"&gt;
&lt;th&gt;NM_RGINT&lt;/th&gt;
&lt;td&gt;Palmas&lt;/td&gt;
&lt;/tr&gt;&lt;tr bgcolor=""&gt;
&lt;th&gt;CD_RGI&lt;/th&gt;
&lt;td&gt;170002&lt;/td&gt;
&lt;/tr&gt;&lt;tr bgcolor="#E3E3F3"&gt;
&lt;th&gt;NM_RGI&lt;/th&gt;
&lt;td&gt;Porto Nacional&lt;/td&gt;
&lt;/tr&gt;&lt;tr bgcolor=""&gt;
&lt;th&gt;CT_LOCALIDADE&lt;/th&gt;
&lt;td&gt;Cidade&lt;/td&gt;
&lt;/tr&gt;&lt;tr bgcolor="#E3E3F3"&gt;
&lt;th&gt;SCT_LOCALIDADE&lt;/th&gt;
&lt;td&gt;Sede Municipal&lt;/td&gt;
&lt;/tr&gt;&lt;tr bgcolor=""&gt;
&lt;th&gt;CD_LOCALIDADE&lt;/th&gt;
&lt;td&gt;1718899&lt;/td&gt;
&lt;/tr&gt;&lt;tr bgcolor="#E3E3F3"&gt;
&lt;th&gt;NM_LOCALIDADE&lt;/th&gt;
&lt;td&gt;Santa Rita do Tocantins&lt;/td&gt;
&lt;/tr&gt;&lt;tr bgcolor=""&gt;
&lt;th&gt;LAT_LOCALIDADE&lt;/th&gt;
&lt;td&gt;-10.8629&lt;/td&gt;
&lt;/tr&gt;&lt;tr bgcolor="#E3E3F3"&gt;
&lt;th&gt;LONG_LOCALIDADE&lt;/th&gt;
&lt;td&gt;-48.9081&lt;/td&gt;
&lt;/tr&gt;&lt;/table&gt;&lt;/center&gt;</description>
<Style>
<IconStyle>
<color>ff00aaff</color>
<scale>1.0</scale>
<Icon>
<href>http://maps.google.com/mapfiles/kml/shapes/placemark_circle.png</href>
</Icon>
</IconStyle>
<LabelStyle>
<scale>1.0</scale>
</LabelStyle>
<LineStyle>
<color>ffffffff</color>
<width>3</width>
<gx:labelVisibility>1</gx:labelVisibility>
</LineStyle>
<PolyStyle>
<color>00ffffff</color>
</PolyStyle>
</Style>
<ExtendedData>
<SchemaData schemaUrl="#kml_schema_ft_01._Cidade">
<SimpleData name="CD_UF">17</SimpleData>
<SimpleData name="NM_UF">Tocantins</SimpleData>
<SimpleData name="SIGLA_UF">TO</SimpleData>
<SimpleData name="CD_MUN">1718899</SimpleData>
<SimpleData name="NM_MUN">Santa Rita do Tocantins</SimpleData>
<SimpleData name="CD_RGINT">1701</SimpleData>
<SimpleData name="NM_RGINT">Palmas</SimpleData>
<SimpleData name="CD_RGI">170002</SimpleData>
<SimpleData name="NM_RGI">Porto Nacional</SimpleData>
<SimpleData name="CT_LOCALIDADE">Cidade</SimpleData>
<SimpleData name="SCT_LOCALIDADE">Sede Municipal</SimpleData>
<SimpleData name="CD_LOCALIDADE">1718899</SimpleData>
<SimpleData name="NM_LOCALIDADE">Santa Rita do Tocantins</SimpleData>
<SimpleData name="LAT_LOCALIDADE">-10.8629</SimpleData>
<SimpleData name="LONG_LOCALIDADE">-48.9081</SimpleData>
</SchemaData>
</ExtendedData>
<Point>
<extrude>0</extrude>
<coordinates>-48.908148,-10.8629259996495,0.0</coordinates>
</Point>
</Placemark>
</Folder>
</Folder>
<Folder id="06. Povoados">
<name>06. Povoados</name>
<Placemark id="06. Povoados">
<name>Agrovila do PA São Judas Tadeu [171889900001]</name>
<visibility>1</visibility>
<snippet> </snippet>
<description>&lt;center&gt;&lt;table&gt;&lt;tr&gt;&lt;th colspan='2' align='center'&gt;&lt;em&gt;Atributos&lt;/em&gt;&lt;/th&gt;&lt;/tr&gt;&lt;tr bgcolor="#E3E3F3"&gt;
&lt;th&gt;CD_UF&lt;/th&gt;
&lt;td&gt;17&lt;/td&gt;
&lt;/tr&gt;&lt;tr bgcolor=""&gt;
&lt;th&gt;NM_UF&lt;/th&gt;
&lt;td&gt;Tocantins&lt;/td&gt;
&lt;/tr&gt;&lt;tr bgcolor="#E3E3F3"&gt;
&lt;th&gt;SIGLA_UF&lt;/th&gt;
&lt;td&gt;TO&lt;/td&gt;
&lt;/tr&gt;&lt;tr bgcolor=""&gt;
&lt;th&gt;CD_MUN&lt;/th&gt;
&lt;td&gt;1718899&lt;/td&gt;
&lt;/tr&gt;&lt;tr bgcolor="#E3E3F3"&gt;
&lt;th&gt;NM_MUN&lt;/th&gt;
&lt;td&gt;Santa Rita do Tocantins&lt;/td&gt;
&lt;/tr&gt;&lt;tr bgcolor=""&gt;
&lt;th&gt;CD_RGINT&lt;/th&gt;
&lt;td&gt;1701&lt;/td&gt;
&lt;/tr&gt;&lt;tr bgcolor="#E3E3F3"&gt;
&lt;th&gt;NM_RGINT&lt;/th&gt;
&lt;td&gt;Palmas&lt;/td&gt;
&lt;/tr&gt;&lt;tr bgcolor=""&gt;
&lt;th&gt;CD_RGI&lt;/th&gt;
&lt;td&gt;170002&lt;/td&gt;
&lt;/tr&gt;&lt;tr bgcolor="#E3E3F3"&gt;
&lt;th&gt;NM_RGI&lt;/th&gt;
&lt;td&gt;Porto Nacional&lt;/td&gt;
&lt;/tr&gt;&lt;tr bgcolor=""&gt;
&lt;th&gt;CT_LOCALIDADE&lt;/th&gt;
&lt;td&gt;Povoado&lt;/td&gt;
&lt;/tr&gt;&lt;tr bgcolor="#E3E3F3"&gt;
&lt;th&gt;CD_LOCALIDADE&lt;/th&gt;
&lt;td&gt;171889900001&lt;/td&gt;
&lt;/tr&gt;&lt;tr bgcolor=""&gt;
&lt;th&gt;NM_LOCALIDADE&lt;/th&gt;
&lt;td&gt;Agrovila do PA São Judas Tadeu&lt;/td&gt;
&lt;/tr&gt;&lt;tr bgcolor="#E3E3F3"&gt;
&lt;th&gt;LAT_LOCALIDADE&lt;/th&gt;
&lt;td&gt;-11.0349&lt;/td&gt;
&lt;/tr&gt;&lt;tr bgcolor=""&gt;
&lt;th&gt;LONG_LOCALIDADE&lt;/th&gt;
&lt;td&gt;-49.5912&lt;/td&gt;
&lt;/tr&gt;&lt;/table&gt;&lt;/center&gt;</description>
<Style>
<IconStyle>
<color>ff00ff54</color>
<scale>0.8</scale>
<Icon>
<href>http://maps.google.com/mapfiles/kml/shapes/placemark_circle.png</href>
</Icon>
</IconStyle>
<LabelStyle>
<scale>0.8</scale>
</LabelStyle>
<LineStyle>
<color>72ff54ff</color>
<width>1.0</width>
<gx:labelVisibility>1</gx:labelVisibility>
</LineStyle>
<PolyStyle>
<color>66ff54ff</color>
</PolyStyle>
</Style>
<ExtendedData>
<SchemaData schemaUrl="#kml_schema_ft_Povoados">
<SimpleData name="CD_UF">17</SimpleData>
<SimpleData name="NM_UF">Tocantins</SimpleData>
<SimpleData name="SIGLA_UF">TO</SimpleData>
<SimpleData name="CD_MUN">1718899</SimpleData>
<SimpleData name="NM_MUN">Santa Rita do Tocantins</SimpleData>
<SimpleData name="CD_RGINT">1701</SimpleData>
<SimpleData name="NM_RGINT">Palmas</SimpleData>
<SimpleData name="CD_RGI">170002</SimpleData>
<SimpleData name="NM_RGI">Porto Nacional</SimpleData>
<SimpleData name="CT_LOCALIDADE">Povoado</SimpleData>
<SimpleData name="CD_LOCALIDADE">171889900001</SimpleData>
<SimpleData name="NM_LOCALIDADE">Agrovila do PA São Judas Tadeu</SimpleData>
<SimpleData name="LAT_LOCALIDADE">-11.0349</SimpleData>
<SimpleData name="LONG_LOCALIDADE">-49.5912</SimpleData>
</SchemaData>
</ExtendedData>
<Point>
<extrude>0</extrude>
<coordinates>-49.5912077974683,-11.0348652781252,0.0</coordinates>
</Point>
</Placemark>
</Folder>
<Folder id="11. Agrovilas do PA">
<name>11. Agrovilas do PA</name>
<Placemark id="localidades">
<name>Agrovila do PA São Judas Tadeu [171889900001]</name>
<visibility>1</visibility>
<snippet> </snippet>
<description>&lt;center&gt;&lt;table&gt;&lt;tr&gt;&lt;th colspan='2' align='center'&gt;&lt;em&gt;Attributes&lt;/em&gt;&lt;/th&gt;&lt;/tr&gt;&lt;tr bgcolor="#E3E3F3"&gt;
&lt;th&gt;CD_UF&lt;/th&gt;
&lt;td&gt;17&lt;/td&gt;
&lt;/tr&gt;&lt;tr bgcolor=""&gt;
&lt;th&gt;NM_UF&lt;/th&gt;
&lt;td&gt;Tocantins&lt;/td&gt;
&lt;/tr&gt;&lt;tr bgcolor="#E3E3F3"&gt;
&lt;th&gt;SIGLA_UF&lt;/th&gt;
&lt;td&gt;TO&lt;/td&gt;
&lt;/tr&gt;&lt;tr bgcolor=""&gt;
&lt;th&gt;CD_MUN&lt;/th&gt;
&lt;td&gt;1718899&lt;/td&gt;
&lt;/tr&gt;&lt;tr bgcolor="#E3E3F3"&gt;
&lt;th&gt;NM_MUN&lt;/th&gt;
&lt;td&gt;Santa Rita do Tocantins&lt;/td&gt;
&lt;/tr&gt;&lt;tr bgcolor=""&gt;
&lt;th&gt;CD_RGINT&lt;/th&gt;
&lt;td&gt;1701&lt;/td&gt;
&lt;/tr&gt;&lt;tr bgcolor="#E3E3F3"&gt;
&lt;th&gt;NM_RGINT&lt;/th&gt;
&lt;td&gt;Palmas&lt;/td&gt;
&lt;/tr&gt;&lt;tr bgcolor=""&gt;
&lt;th&gt;CD_RGI&lt;/th&gt;
&lt;td&gt;170002&lt;/td&gt;
&lt;/tr&gt;&lt;tr bgcolor="#E3E3F3"&gt;
&lt;th&gt;NM_RGI&lt;/th&gt;
&lt;td&gt;Porto Nacional&lt;/td&gt;
&lt;/tr&gt;&lt;tr bgcolor=""&gt;
&lt;th&gt;CT_LOCALIDADE&lt;/th&gt;
&lt;td&gt;Agrovila do PA&lt;/td&gt;
&lt;/tr&gt;&lt;tr bgcolor="#E3E3F3"&gt;
&lt;th&gt;CD_LOCALIDADE&lt;/th&gt;
&lt;td&gt;171889900001&lt;/td&gt;
&lt;/tr&gt;&lt;tr bgcolor=""&gt;
&lt;th&gt;NM_LOCALIDADE&lt;/th&gt;
&lt;td&gt;Agrovila do PA São Judas Tadeu&lt;/td&gt;
&lt;/tr&gt;&lt;tr bgcolor="#E3E3F3"&gt;
&lt;th&gt;LAT_LOCALIDADE&lt;/th&gt;
&lt;td&gt;-11.0349&lt;/td&gt;
&lt;/tr&gt;&lt;tr bgcolor=""&gt;
&lt;th&gt;LONG_LOCALIDADE&lt;/th&gt;
&lt;td&gt;-49.5912&lt;/td&gt;
&lt;/tr&gt;&lt;/table&gt;&lt;/center&gt;</description>
<Style>
<IconStyle>
<color>ff00aaff</color>
<scale>0.8</scale>
<Icon>
<href>http://maps.google.com/mapfiles/kml/shapes/placemark_circle.png</href>
</Icon>
</IconStyle>
<LabelStyle>
<scale>0.8</scale>
</LabelStyle>
<LineStyle>
<color>7200ffff</color>
<width>1.0</width>
<gx:labelVisibility>1</gx:labelVisibility>
</LineStyle>
<PolyStyle>
<color>6600ffff</color>
</PolyStyle>
</Style>
<ExtendedData>
<SchemaData schemaUrl="#kml_schema_ft_Agrovilas_do_PA">
<SimpleData name="CD_UF">17</SimpleData>
<SimpleData name="NM_UF">Tocantins</SimpleData>
<SimpleData name="SIGLA_UF">TO</SimpleData>
<SimpleData name="CD_MUN">1718899</SimpleData>
<SimpleData name="NM_MUN">Santa Rita do Tocantins</SimpleData>
<SimpleData name="CD_RGINT">1701</SimpleData>
<SimpleData name="NM_RGINT">Palmas</SimpleData>
<SimpleData name="CD_RGI">170002</SimpleData>
<SimpleData name="NM_RGI">Porto Nacional</SimpleData>
<SimpleData name="CT_LOCALIDADE">Agrovila do PA</SimpleData>
<SimpleData name="CD_LOCALIDADE">171889900001</SimpleData>
<SimpleData name="NM_LOCALIDADE">Agrovila do PA São Judas Tadeu</SimpleData>
<SimpleData name="LAT_LOCALIDADE">-11.0349</SimpleData>
<SimpleData name="LONG_LOCALIDADE">-49.5912</SimpleData>
</SchemaData>
</ExtendedData>
<Point>
<extrude>0</extrude>
<coordinates>-49.5912077974683,-11.0348652781252,0.0</coordinates>
</Point>
</Placemark>
</Folder>
<Folder id="13. Referência">
<name>13. Referência</name>
<Placemark id="13. Referência">
<name>Santa Rita do Tocantins [1718899]</name>
<visibility>1</visibility>
<snippet> </snippet>
<description>&lt;center&gt;&lt;table&gt;&lt;tr&gt;&lt;th colspan='2' align='center'&gt;&lt;em&gt;Attributes&lt;/em&gt;&lt;/th&gt;&lt;/tr&gt;&lt;tr bgcolor="#E3E3F3"&gt;
&lt;th&gt;CD_UF&lt;/th&gt;
&lt;td&gt;17&lt;/td&gt;
&lt;/tr&gt;&lt;tr bgcolor=""&gt;
&lt;th&gt;NM_UF&lt;/th&gt;
&lt;td&gt;Tocantins&lt;/td&gt;
&lt;/tr&gt;&lt;tr bgcolor="#E3E3F3"&gt;
&lt;th&gt;CD_MUN&lt;/th&gt;
&lt;td&gt;1718899&lt;/td&gt;
&lt;/tr&gt;&lt;tr bgcolor=""&gt;
&lt;th&gt;NM_MUN&lt;/th&gt;
&lt;td&gt;Santa Rita do Tocantins&lt;/td&gt;
&lt;/tr&gt;&lt;tr bgcolor="#E3E3F3"&gt;
&lt;th&gt;CD_RGINT&lt;/th&gt;
&lt;td&gt;1701&lt;/td&gt;
&lt;/tr&gt;&lt;tr bgcolor=""&gt;
&lt;th&gt;NM_RGINT&lt;/th&gt;
&lt;td&gt;Palmas&lt;/td&gt;
&lt;/tr&gt;&lt;tr bgcolor="#E3E3F3"&gt;
&lt;th&gt;CD_RGI&lt;/th&gt;
&lt;td&gt;170002&lt;/td&gt;
&lt;/tr&gt;&lt;tr bgcolor=""&gt;
&lt;th&gt;NM_RGI&lt;/th&gt;
&lt;td&gt;Porto Nacional&lt;/td&gt;
&lt;/tr&gt;&lt;/table&gt;&lt;/center&gt;</description>
<Style>
<IconStyle>
<scale>0.7</scale>
</IconStyle>
<LabelStyle>
<scale>0.7</scale>
</LabelStyle>
<LineStyle>
<color>ffffffff</color>
<width>3</width>
<gx:labelVisibility>1</gx:labelVisibility>
</LineStyle>
<PolyStyle>
<color>00ffffff</color>
</PolyStyle>
</Style>
<ExtendedData>
<SchemaData schemaUrl="#kml_schema_ft_Município">
<SimpleData name="CD_UF">17</SimpleData>
<SimpleData name="NM_UF">Tocantins</SimpleData>
<SimpleData name="CD_MUN">1718899</SimpleData>
<SimpleData name="NM_MUN">Santa Rita do Tocantins</SimpleData>
<SimpleData name="CD_RGINT">1701</SimpleData>
<SimpleData name="NM_RGINT">Palmas</SimpleData>
<SimpleData name="CD_RGI">170002</SimpleData>
<SimpleData name="NM_RGI">Porto Nacional</SimpleData>
</SchemaData>
</ExtendedData>
<MultiGeometry>
<Polygon>
<extrude>0</extrude>
<tessellate>1</tessellate>
<outerBoundaryIs>
<LinearRing>
<coordinates>-48.9833256,-10.8417447996501,0.0 -48.9762675,-10.8418997996501,0.0 -48.9528747,-10.8424134996501,0.0 -48.9523915,-10.8424240996501,0.0 -48.9515703,-10.8424420996501,0.0 -48.9045677,-10.8434742996501,0.0 -48.9043857,-10.8435044996501,0.0 -48.9042527,-10.8435836996501,0.0 -48.9040392,-10.8438064996501,0.0 -48.9037309,-10.8439927996501,0.0 -48.9034374,-10.84426249965,0.0 -48.9032918,-10.8442178996501,0.0 -48.9031805,-10.8438493996501,0.0 -48.9031035,-10.8437750996501,0.0 -48.9029577,-10.8437743996501,0.0 -48.9027399,-10.8437820996501,0.0 -48.9025514,-10.8437799996501,0.0 -48.902336,-10.8438374996501,0.0 -48.9021598,-10.8437722996501,0.0 -48.9019719,-10.8436689996501,0.0 -48.9017545,-10.8435361996501,0.0 -48.9016101,-10.8434275996501,0.0 -48.9014657,-10.8433778996501,0.0 -48.9012123,-10.8432335996501,0.0 -48.9009589,-10.8431481996501,0.0 -48.9007533,-10.8431467996501,0.0 -48.9005476,-10.8431453996501,0.0 -48.9003529,-10.8433113996501,0.0 -48.9002432,-10.8434421996501,0.0 -48.9001334,-10.8435729996501,0.0 -48.8999759,-10.8436077996501,0.0 -48.8998184,-10.8436425996501,0.0 -48.8996609,-10.8436773996501,0.0 -48.8995034,-10.8437121996501,0.0 -48.8992857,-10.8437186996501,0.0 -48.8990679,-10.8437251996501,0.0 -48.8988501,-10.8437316996501,0.0 -48.898648,-10.8438019996501,0.0 -48.898446,-10.8438723996501,0.0 -48.8982439,-10.8439426996501,0.0 -48.8980377,-10.8440130996501,0.0 -48.8978316,-10.8440833996501,0.0 -48.8976055,-10.8441376996501,0.0 -48.8973793,-10.8441918996501,0.0 -48.8971531,-10.8442461996501,0.0 -48.8968868,-10.8442801996501,0.0 -48.8966204,-10.84431429965,0.0 -48.8964267,-10.84433689965,0.0 -48.896233,-10.84435949965,0.0 -48.8960883,-10.8442986996501,0.0 -48.8959436,-10.84423789965,0.0 -48.8959452,-10.8440106996501,0.0 -48.8959468,-10.8437835996501,0.0 -48.8959843,-10.8436044996501,0.0 -48.8960218,-10.8434253996501,0.0 -48.895938,-10.8433051996501,0.0 -48.8958542,-10.8431850996501,0.0 -48.8956367,-10.8431516996501,0.0 -48.8954192,-10.8431182996501,0.0 -48.8952017,-10.8430849996501,0.0 -48.8949356,-10.8430830996501,0.0 -48.8946695,-10.8430812996501,0.0 -48.8944837,-10.8431358996501,0.0 -48.8942978,-10.8431903996501,0.0 -48.894112,-10.8432448996501,0.0 -48.8939295,-10.8433990996501,0.0 -48.8937469,-10.8435532996501,0.0 -48.893649,-10.8437199996501,0.0 -48.8935511,-10.8438867996501,0.0 -48.8934172,-10.8440053996501,0.0 -48.8932833,-10.8441240996501,0.0 -48.8931012,-10.8442184996501,0.0 -48.8929191,-10.8443128996501,0.0 -48.8927172,-10.8443513996501,0.0 -48.8926239,-10.84436919965,0.0 -48.8925557,-10.84438219965,0.0 -48.8925154,-10.84438979965,0.0 -48.8924875,-10.84439519965,0.0 -48.8923135,-10.84442829965,0.0 -48.8921197,-10.84446289965,0.0 -48.8920732,-10.84447119965,0.0 -48.892005,-10.84448329965,0.0 -48.8919368,-10.84449549965,0.0 -48.891926,-10.84449739965,0.0 -48.8918359,-10.84451899965,0.0 -48.8916871,-10.84455469965,0.0 -48.8915452,-10.84458869965,0.0 -48.8915382,-10.84459039965,0.0 -48.8914777,-10.84461979965,0.0 -48.8914102,-10.84465259965,0.0 -48.8913279,-10.84469259965,0.0 -48.8911175,-10.84479479965,0.0 -48.8909071,-10.84489699965,0.0 -48.8906889,-10.84496719965,0.0 -48.8904707,-10.84503749965,0.0 -48.8903008,-10.84510799965,0.0 -48.890131,-10.84517859965,0.0 -48.8898764,-10.84526059965,0.0 -48.8896218,-10.84534249965,0.0 -48.8894273,-10.84548469965,0.0 -48.8892328,-10.84562679965,0.0 -48.8891347,-10.84581749965,0.0 -48.8890366,-10.84600809965,0.0 -48.889027,-10.84621529965,0.0 -48.8890175,-10.84642249965,0.0 -48.889008,-10.84662969965,0.0 -48.8890061,-10.84690469965,0.0 -48.8890041,-10.84717969965,0.0 -48.8889299,-10.84741829965,0.0 -48.8888556,-10.8476568996499,0.0 -48.8887455,-10.8478354996499,0.0 -48.8886354,-10.8480140996499,0.0 -48.8884487,-10.8481961996499,0.0 -48.8882619,-10.8483782996499,0.0 -48.8880752,-10.8485602996499,0.0 -48.887881,-10.8486545996499,0.0 -48.8876868,-10.8487489996499,0.0 -48.887517,-10.8488075996499,0.0 -48.8873473,-10.8488661996499,0.0 -48.8872318,-10.8489430996499,0.0 -48.8871164,-10.8490200996499,0.0 -48.8870009,-10.8490969996499,0.0 -48.8868854,-10.8491738996499,0.0 -48.8867638,-10.8492686996499,0.0 -48.8866422,-10.8493635996499,0.0 -48.8864718,-10.8495177996499,0.0 -48.8863013,-10.8496720996499,0.0 -48.8861553,-10.8498025996499,0.0 -48.8860092,-10.8499330996499,0.0 -48.8858274,-10.8499796996499,0.0 -48.8856457,-10.8500262996499,0.0 -48.8855115,-10.8501807996499,0.0 -48.8853774,-10.8503352996499,0.0 -48.8853759,-10.8505505996499,0.0 -48.8853744,-10.8507657996499,0.0 -48.8852647,-10.8508845996499,0.0 -48.885155,-10.8510033996498,0.0 -48.8849739,-10.8509542996498,0.0 -48.8847928,-10.8509052996498,0.0 -48.8846112,-10.8509159996498,0.0 -48.8844297,-10.8509266996498,0.0 -48.8842951,-10.8511528996498,0.0 -48.8841604,-10.8513791996498,0.0 -48.8841229,-10.8515582996498,0.0 -48.8840853,-10.8517373996498,0.0 -48.8840479,-10.8519044996498,0.0 -48.8840104,-10.8520716996498,0.0 -48.8838879,-10.8522979996498,0.0 -48.8837653,-10.8525242996498,0.0 -48.8836186,-10.8527464996498,0.0 -48.8834719,-10.8529686996498,0.0 -48.8833252,-10.8531908996498,0.0 -48.883287,-10.8534536996498,0.0 -48.8832489,-10.8537164996498,0.0 -48.883151,-10.8538751996498,0.0 -48.8830531,-10.8540339996498,0.0 -48.8829552,-10.8541926996497,0.0 -48.8828327,-10.8544070996497,0.0 -48.8827103,-10.8546214996497,0.0 -48.8827089,-10.8548207996497,0.0 -48.8827075,-10.8550200996497,0.0 -48.8827061,-10.8552192996497,0.0 -48.8827205,-10.8554585996497,0.0 -48.8827349,-10.8556977996497,0.0 -48.8827494,-10.8559370996497,0.0 -48.8828127,-10.8561128996497,0.0 -48.8828759,-10.8562886996497,0.0 -48.8829392,-10.8564644996497,0.0 -48.8829862,-10.8566560996497,0.0 -48.8830333,-10.8568476996497,0.0 -48.8830314,-10.8571107996497,0.0 -48.8829336,-10.8572654996497,0.0 -48.8828357,-10.8574202996496,0.0 -48.8826775,-10.8575506996496,0.0 -48.8825194,-10.8576811996496,0.0 -48.8824329,-10.8579316996496,0.0 -48.8823465,-10.8581821996496,0.0 -48.8823085,-10.8584210996496,0.0 -48.8822705,-10.8586598996496,0.0 -48.8822332,-10.8588150996496,0.0 -48.8821958,-10.8589702996496,0.0 -48.8820978,-10.8591369996496,0.0 -48.8819999,-10.8593037996496,0.0 -48.881834,-10.8594938996496,0.0 -48.8816682,-10.8596840996496,0.0 -48.8815023,-10.8598742996496,0.0 -48.8813365,-10.8600643996496,0.0 -48.8811706,-10.8602545996496,0.0 -48.881049,-10.8603493996496,0.0 -48.8809274,-10.8604441996496,0.0 -48.8807934,-10.8605747996496,0.0 -48.8806594,-10.8607053996495,0.0 -48.8806161,-10.8608366996495,0.0 -48.8805729,-10.8609678996495,0.0 -48.8805296,-10.8610990996495,0.0 -48.8804864,-10.8612302996495,0.0 -48.880461,-10.8613975996495,0.0 -48.8804356,-10.8615647996495,0.0 -48.8804096,-10.8618276996495,0.0 -48.8805292,-10.8620197996495,0.0 -48.8805642,-10.8621993996495,0.0 -48.8805992,-10.8623789996495,0.0 -48.8805974,-10.8626419996495,0.0 -48.8805957,-10.8628811996495,0.0 -48.8805938,-10.8631441996495,0.0 -48.8804718,-10.8632867996495,0.0 -48.8803499,-10.8634294996495,0.0 -48.8801311,-10.8635714996495,0.0 -48.8799851,-10.8636899996495,0.0 -48.8798391,-10.8638085996495,0.0 -48.8797176,-10.8638913996494,0.0 -48.879596,-10.8639742996494,0.0 -48.8793772,-10.8641281996494,0.0 -48.8792795,-10.8642650996494,0.0 -48.8791817,-10.8644018996494,0.0 -48.8790838,-10.8645685996494,0.0 -48.8789858,-10.8647352996494,0.0 -48.8788999,-10.8649140996494,0.0 -48.878814,-10.8650928996494,0.0 -48.8787639,-10.8653316996494,0.0 -48.8787138,-10.8655703996494,0.0 -48.8786959,-10.8658173996494,0.0 -48.8786781,-10.8660643996494,0.0 -48.8786602,-10.8663113996494,0.0 -48.8786908,-10.8665427996494,0.0 -48.8787214,-10.8667741996494,0.0 -48.8787521,-10.8670054996494,0.0 -48.8787829,-10.8672129996493,0.0 -48.8788137,-10.8674204996493,0.0 -48.8788444,-10.8676278996493,0.0 -48.8788751,-10.8678512996493,0.0 -48.8789058,-10.8680747996493,0.0 -48.8789365,-10.8682981996493,0.0 -48.8789513,-10.8684895996493,0.0 -48.878966,-10.8686809996493,0.0 -48.8789808,-10.8688723996493,0.0 -48.8789548,-10.8691352996493,0.0 -48.8789287,-10.8693980996493,0.0 -48.878887,-10.8695970996493,0.0 -48.8788453,-10.8697960996493,0.0 -48.8788035,-10.8699950996493,0.0 -48.8787295,-10.8701978996493,0.0 -48.8786555,-10.8704005996492,0.0 -48.8785088,-10.8706148996492,0.0 -48.8784591,-10.8708057996492,0.0 -48.8784093,-10.8709967996492,0.0 -48.8783596,-10.8711877996492,0.0 -48.8783579,-10.8714348996492,0.0 -48.8783561,-10.8716819996492,0.0 -48.8783544,-10.8719289996492,0.0 -48.8783646,-10.8721921996492,0.0 -48.8783748,-10.8724552996492,0.0 -48.8783855,-10.8726585996492,0.0 -48.8783962,-10.8728619996492,0.0 -48.8783625,-10.8730609996492,0.0 -48.8783288,-10.8732600996492,0.0 -48.8782952,-10.8734590996492,0.0 -48.8782331,-10.8736858996491,0.0 -48.878171,-10.8739125996491,0.0 -48.8780892,-10.8740794996491,0.0 -48.8780073,-10.8742462996491,0.0 -48.8779255,-10.8744130996491,0.0 -48.8778193,-10.8746088996491,0.0 -48.8777251,-10.8747279996491,0.0 -48.8776309,-10.8748470996491,0.0 -48.8774624,-10.8750004996491,0.0 -48.8773659,-10.8750809996491,0.0 -48.8772722,-10.8752027996491,0.0 -48.8771939,-10.8753246996491,0.0 -48.8771156,-10.8754465996491,0.0 -48.877022,-10.8755530996491,0.0 -48.8769282,-10.8756748996491,0.0 -48.8768499,-10.8757967996491,0.0 -48.8767716,-10.8759186996491,0.0 -48.8766779,-10.8760404996491,0.0 -48.8765996,-10.8761623996491,0.0 -48.8765213,-10.8762842996491,0.0 -48.8764276,-10.8763907996491,0.0 -48.8763648,-10.8765127996491,0.0 -48.8762863,-10.8766652996491,0.0 -48.8762235,-10.8767872996491,0.0 -48.8762071,-10.876924899649,0.0 -48.8761443,-10.877046899649,0.0 -48.8761123,-10.877184399649,0.0 -48.8760959,-10.877322099649,0.0 -48.8760948,-10.877475099649,0.0 -48.8760938,-10.877612799649,0.0 -48.8760618,-10.877765699649,0.0 -48.8759987,-10.877918299649,0.0 -48.8759513,-10.878055699649,0.0 -48.8759658,-10.878193499649,0.0 -48.8760113,-10.878331599649,0.0 -48.8760103,-10.878469299649,0.0 -48.8760094,-10.878607099649,0.0 -48.8759619,-10.878744499649,0.0 -48.8758991,-10.878866499649,0.0 -48.8758207,-10.879003699649,0.0 -48.8757269,-10.879140799649,0.0 -48.8756332,-10.879247299649,0.0 -48.8755241,-10.879353599649,0.0 -48.8753996,-10.879429299649,0.0 -48.8752753,-10.879489699649,0.0 -48.8751509,-10.879565299649,0.0 -48.8750002,-10.879671199649,0.0 -48.8749043,-10.879784299649,0.0 -48.8748982,-10.879784999649,0.0 -48.8748308,-10.879910099649,0.0 -48.8747694,-10.880035199649,0.0 -48.8747527,-10.8802097996489,0.0 -48.874736,-10.8803844996489,0.0 -48.8746745,-10.8805753996489,0.0 -48.874613,-10.8807663996489,0.0 -48.8745514,-10.8809573996489,0.0 -48.8744441,-10.8811077996489,0.0 -48.8743368,-10.8812582996489,0.0 -48.8742009,-10.8813146996489,0.0 -48.8740459,-10.8813327996489,0.0 -48.8738912,-10.8813125996489,0.0 -48.873756,-10.8812733996489,0.0 -48.8736208,-10.8812341996489,0.0 -48.8734661,-10.8812139996489,0.0 -48.8733304,-10.8812512996489,0.0 -48.8732137,-10.8813269996489,0.0 -48.873097,-10.8814026996489,0.0 -48.8729802,-10.8814975996489,0.0 -48.8728633,-10.8816115996489,0.0 -48.8727465,-10.8817063996489,0.0 -48.8726297,-10.8818012996489,0.0 -48.872513,-10.8818769996489,0.0 -48.8723963,-10.8819526996489,0.0 -48.8722907,-10.8821564996489,0.0 -48.872185,-10.8823603996489,0.0 -48.8721689,-10.8823967996489,0.0 -48.872159,-10.8824193996489,0.0 -48.8721061,-10.8825974996489,0.0 -48.8720532,-10.8827756996489,0.0 -48.8720003,-10.8829538996489,0.0 -48.8720002,-10.8829730996489,0.0 -48.8719797,-10.8831259996489,0.0 -48.8719401,-10.8832595996489,0.0 -48.8718811,-10.8833930996488,0.0 -48.8718221,-10.8835265996488,0.0 -48.8717438,-10.8836408996488,0.0 -48.8716271,-10.8837165996488,0.0 -48.8715499,-10.8837486996488,0.0 -48.8714913,-10.8837729996488,0.0 -48.8713555,-10.8838102996488,0.0 -48.8711812,-10.8838282996488,0.0 -48.8710454,-10.8838655996488,0.0 -48.8709097,-10.8839028996488,0.0 -48.8707739,-10.8839401996488,0.0 -48.8706187,-10.8839964996488,0.0 -48.8704829,-10.8840338996488,0.0 -48.870347,-10.8840902996488,0.0 -48.8702111,-10.8841467996488,0.0 -48.8700553,-10.8842795996488,0.0 -48.8699385,-10.8843743996488,0.0 -48.8698219,-10.8844501996488,0.0 -48.8697052,-10.8845258996488,0.0 -48.8695885,-10.8846015996488,0.0 -48.8694718,-10.8846772996488,0.0 -48.869355,-10.8847720996488,0.0 -48.8692474,-10.8849435996488,0.0 -48.8692238,-10.8849809996488,0.0 -48.8691397,-10.8851149996488,0.0 -48.8691398,-10.8850958996488,0.0 -48.8690616,-10.8852100996488,0.0 -48.8690026,-10.8853435996488,0.0 -48.8689629,-10.8854772996488,0.0 -48.8689233,-10.8856108996488,0.0 -48.8688836,-10.8857444996488,0.0 -48.8688439,-10.8858781996488,0.0 -48.8688043,-10.8860117996488,0.0 -48.8687453,-10.8861452996488,0.0 -48.8687056,-10.8862789996488,0.0 -48.8686659,-10.8864125996488,0.0 -48.8686648,-10.8865656996488,0.0 -48.8686637,-10.8867186996487,0.0 -48.8687015,-10.8868528996487,0.0 -48.868778,-10.8869872996487,0.0 -48.8688544,-10.8871217996487,0.0 -48.8689698,-10.8872373996487,0.0 -48.8690657,-10.8873527996487,0.0 -48.8691812,-10.8874492996487,0.0 -48.8692966,-10.8875456996487,0.0 -48.869325,-10.8875693996487,0.0 -48.8694121,-10.8876421996487,0.0 -48.8695276,-10.8877194996487,0.0 -48.8696236,-10.8878349996487,0.0 -48.8697002,-10.8879502996487,0.0 -48.869738,-10.8880844996487,0.0 -48.8697268,-10.8881675996487,0.0 -48.8697175,-10.8882373996487,0.0 -48.869653,-10.8883127996487,0.0 -48.8696199,-10.8883514996487,0.0 -48.8695033,-10.8884271996487,0.0 -48.869425,-10.8885413996487,0.0 -48.8693848,-10.8887515996487,0.0 -48.8693688,-10.8888715996487,0.0 -48.8693644,-10.8889044996487,0.0 -48.8693054,-10.8890379996487,0.0 -48.8692848,-10.8892099996487,0.0 -48.8692837,-10.8893630996487,0.0 -48.8692826,-10.8895160996487,0.0 -48.8692815,-10.8896691996487,0.0 -48.8692803,-10.8898412996487,0.0 -48.8693179,-10.8899945996486,0.0 -48.8693945,-10.8901099996486,0.0 -48.8694711,-10.8902252996486,0.0 -48.8695282,-10.8903595996486,0.0 -48.8695659,-10.8905128996486,0.0 -48.8696036,-10.8906470996486,0.0 -48.8696414,-10.8907812996486,0.0 -48.8696791,-10.8909153996486,0.0 -48.8697169,-10.8910495996486,0.0 -48.8697546,-10.8911837996486,0.0 -48.8697924,-10.8913179996486,0.0 -48.8698302,-10.8914520996486,0.0 -48.869858,-10.8916244996486,0.0 -48.8698858,-10.8917968996486,0.0 -48.8698856,-10.8918159996486,0.0 -48.8699622,-10.8919312996486,0.0 -48.8700582,-10.8920467996486,0.0 -48.8701542,-10.8921621996486,0.0 -48.8702695,-10.8922777996486,0.0 -48.8704044,-10.8923552996486,0.0 -48.8705199,-10.8924516996486,0.0 -48.8706158,-10.8925671996486,0.0 -48.8706923,-10.8927015996486,0.0 -48.8707301,-10.8928357996486,0.0 -48.8707872,-10.8929700996486,0.0 -48.8708638,-10.8930854996486,0.0 -48.8709209,-10.8932197996486,0.0 -48.8709392,-10.8933728996485,0.0 -48.8709381,-10.8935259996485,0.0 -48.8708983,-10.8936787996485,0.0 -48.8708393,-10.8938122996485,0.0 -48.870761,-10.8939264996485,0.0 -48.870702,-10.8940599996485,0.0 -48.8706623,-10.8941936996485,0.0 -48.8706033,-10.8943271996485,0.0 -48.8704841,-10.8945408996485,0.0 -48.8703648,-10.8947545996485,0.0 -48.8702455,-10.8949682996485,0.0 -48.8702221,-10.8950101996485,0.0 -48.8702597,-10.8951436996485,0.0 -48.8703168,-10.8952779996485,0.0 -48.8703505,-10.8953456996485,0.0 -48.8703932,-10.8954315996485,0.0 -48.8704698,-10.8955468996485,0.0 -48.8705657,-10.8956622996485,0.0 -48.8707009,-10.8957014996485,0.0 -48.8708556,-10.8957216996485,0.0 -48.8709906,-10.8957991996485,0.0 -48.8711062,-10.8958764996485,0.0 -48.8711051,-10.8960295996485,0.0 -48.8711622,-10.8961638996485,0.0 -48.8712,-10.8962980996485,0.0 -48.8711409,-10.8964315996484,0.0 -48.8710627,-10.8965457996485,0.0 -48.870946,-10.8966214996484,0.0 -48.8708103,-10.8966587996484,0.0 -48.8706554,-10.8966577996484,0.0 -48.8705813,-10.8967058996484,0.0 -48.8705387,-10.8967334996484,0.0 -48.8704221,-10.8968091996484,0.0 -48.8703053,-10.8969039996484,0.0 -48.8701695,-10.8969413996484,0.0 -48.8700336,-10.8969977996484,0.0 -48.869936,-10.8971118996484,0.0 -48.8698963,-10.8972454996484,0.0 -48.8698953,-10.8973985996484,0.0 -48.8698949,-10.8974514996484,0.0 -48.8698932,-10.8976854996484,0.0 -48.8699124,-10.8977047996484,0.0 -48.8699501,-10.8978580996484,0.0 -48.869949,-10.8980111996484,0.0 -48.8699285,-10.8981640996484,0.0 -48.8698116,-10.8982779996484,0.0 -48.8697911,-10.8984308996484,0.0 -48.8697907,-10.8984912996484,0.0 -48.86979,-10.8985839996484,0.0 -48.8698471,-10.8987182996484,0.0 -48.8699043,-10.8988525996484,0.0 -48.8699809,-10.8989678996484,0.0 -48.8700575,-10.8990831996484,0.0 -48.8700952,-10.8992173996484,0.0 -48.870017,-10.8993316996484,0.0 -48.869881,-10.8994071996484,0.0 -48.8697451,-10.8994636996484,0.0 -48.8696093,-10.8995009996484,0.0 -48.8694734,-10.8995574996484,0.0 -48.8693566,-10.8996522996484,0.0 -48.8692398,-10.8997470996483,0.0 -48.8691422,-10.8998611996483,0.0 -48.8690446,-10.8999753996483,0.0 -48.8689276,-10.9000892996483,0.0 -48.8688686,-10.9002227996483,0.0 -48.8688318,-10.9003467996483,0.0 -48.8688289,-10.9003564996483,0.0 -48.8688279,-10.9005094996483,0.0 -48.8688074,-10.9006623996483,0.0 -48.868787,-10.9008152996483,0.0 -48.8688052,-10.9009684996483,0.0 -48.8688817,-10.9011028996483,0.0 -48.868997,-10.9012184996483,0.0 -48.8690469,-10.9012329996483,0.0 -48.8691322,-10.9012576996483,0.0 -48.8692868,-10.9012970996483,0.0 -48.869422,-10.9013362996483,0.0 -48.8695568,-10.9014423996483,0.0 -48.8696915,-10.9015485996483,0.0 -48.8696914,-10.9015676996483,0.0 -48.869729,-10.9017209996483,0.0 -48.8697279,-10.9018740996483,0.0 -48.8697462,-10.9020271996483,0.0 -48.8697257,-10.9021800996483,0.0 -48.8696088,-10.9022940996483,0.0 -48.8695498,-10.9024275996483,0.0 -48.869568,-10.9025807996483,0.0 -48.8696251,-10.9027150996483,0.0 -48.8696822,-10.9028493996483,0.0 -48.8697394,-10.9029836996482,0.0 -48.8697383,-10.9031367996482,0.0 -48.8697372,-10.9032897996482,0.0 -48.8697749,-10.9034239996482,0.0 -48.8698126,-10.9035772996482,0.0 -48.8698503,-10.9037114996482,0.0 -48.8698491,-10.9038836996482,0.0 -48.8698094,-10.9040172996482,0.0 -48.8697504,-10.9041507996482,0.0 -48.8696335,-10.9042647996482,0.0 -48.8694976,-10.9043211996482,0.0 -48.8693807,-10.9044160996482,0.0 -48.8693411,-10.9045496996482,0.0 -48.8694175,-10.9046841996482,0.0 -48.8695331,-10.9047614996482,0.0 -48.8695709,-10.9048956996482,0.0 -48.8695312,-10.9050292996482,0.0 -48.869453,-10.9051434996482,0.0 -48.8693938,-10.9052961996482,0.0 -48.8693542,-10.9054297996482,0.0 -48.8693531,-10.9055828996482,0.0 -48.869352,-10.9057358996482,0.0 -48.8693518,-10.9057549996482,0.0 -48.8693508,-10.9059080996482,0.0 -48.8692913,-10.9060989996482,0.0 -48.8692131,-10.9062131996482,0.0 -48.8690773,-10.9062504996482,0.0 -48.8689416,-10.9062877996481,0.0 -48.8687867,-10.9062867996482,0.0 -48.868632,-10.9062665996482,0.0 -48.8684771,-10.9062654996481,0.0 -48.8683638,-10.9063283996481,0.0 -48.8683411,-10.9063410996481,0.0 -48.8682052,-10.9063974996481,0.0 -48.8680884,-10.9064922996481,0.0 -48.8680101,-10.9066065996481,0.0 -48.8678932,-10.9067205996481,0.0 -48.8677765,-10.9067962996481,0.0 -48.8677175,-10.9069297996481,0.0 -48.8677164,-10.9070827996481,0.0 -48.867754,-10.9072360996481,0.0 -48.8678306,-10.9073513996481,0.0 -48.867891,-10.9074422996481,0.0 -48.8679072,-10.9074667996481,0.0 -48.8679837,-10.9076011996481,0.0 -48.868002,-10.9077543996481,0.0 -48.8680591,-10.9078886996481,0.0 -48.8680968,-10.9080228996481,0.0 -48.8681733,-10.9081572996481,0.0 -48.8682498,-10.9082917996481,0.0 -48.8683457,-10.9084071996481,0.0 -48.8684807,-10.9084846996481,0.0 -48.8686549,-10.9084858996481,0.0 -48.8687331,-10.9083716996481,0.0 -48.8686954,-10.9082374996481,0.0 -48.8686576,-10.9081032996481,0.0 -48.8686199,-10.9079690996481,0.0 -48.8685821,-10.9078348996481,0.0 -48.8687179,-10.9077975996481,0.0 -48.868853,-10.9078559996481,0.0 -48.8689683,-10.9079715996481,0.0 -48.8691032,-10.9080489996481,0.0 -48.8691798,-10.9081642996481,0.0 -48.8691786,-10.9083364996481,0.0 -48.8691775,-10.9084894996481,0.0 -48.8691764,-10.9086425996481,0.0 -48.8691947,-10.9087957996481,0.0 -48.8692324,-10.9089298996481,0.0 -48.8692702,-10.9090640996481,0.0 -48.8693662,-10.9091795996481,0.0 -48.8693651,-10.9093325996481,0.0 -48.8692868,-10.9094467996481,0.0 -48.8692278,-10.909580399648,0.0 -48.8693044,-10.909695699648,0.0 -48.8694395,-10.909753999648,0.0 -48.8695746,-10.909812299648,0.0 -48.8697611,-10.909813599648,0.0 -48.869923,-10.909814799648,0.0 -48.8699424,-10.909814899648,0.0 -48.8700971,-10.909835099648,0.0 -48.8702322,-10.909893399648,0.0 -48.8703476,-10.909989899648,0.0 -48.8704047,-10.910124199648,0.0 -48.8703843,-10.910277099648,0.0 -48.8702867,-10.910391199648,0.0 -48.8702084,-10.910505499648,0.0 -48.8701108,-10.910619599648,0.0 -48.8700518,-10.910753099648,0.0 -48.8699734,-10.910886399648,0.0 -48.8699363,-10.910922599648,0.0 -48.8698565,-10.911000399648,0.0 -48.8697397,-10.911095299648,0.0 -48.8696613,-10.911228599648,0.0 -48.8696216,-10.911362299648,0.0 -48.8696205,-10.911515299648,0.0 -48.8696388,-10.911668499648,0.0 -48.8696959,-10.911802799648,0.0 -48.8697724,-10.911937199648,0.0 -48.8697712,-10.912109399648,0.0 -48.8697699,-10.912281599648,0.0 -48.8697698,-10.912300699648,0.0 -48.8697687,-10.912453799648,0.0 -48.869787,-10.912606899648,0.0 -48.8698247,-10.912741099648,0.0 -48.8698236,-10.9128941996479,0.0 -48.8698419,-10.9130472996479,0.0 -48.8698312,-10.9131273996479,0.0 -48.8698215,-10.9132001996479,0.0 -48.8698204,-10.9133532996479,0.0 -48.8698193,-10.9135062996479,0.0 -48.8698182,-10.9136593996479,0.0 -48.8698365,-10.9138124996479,0.0 -48.8699128,-10.9139660996479,0.0 -48.8699505,-10.9141002996479,0.0 -48.8700659,-10.9142158996479,0.0 -48.8701815,-10.9142931996479,0.0 -48.8703166,-10.9143514996479,0.0 -48.8704321,-10.9144288996479,0.0 -48.8704893,-10.9145631996479,0.0 -48.8704992,-10.9146461996479,0.0 -48.8705075,-10.9147162996479,0.0 -48.870584,-10.9148507996479,0.0 -48.8706995,-10.9149472996479,0.0 -48.8707245,-10.9149442996479,0.0 -48.8708544,-10.9149291996479,0.0 -48.8709902,-10.9148918996479,0.0 -48.8710668,-10.9150071996479,0.0 -48.8711628,-10.9151226996479,0.0 -48.8712006,-10.9152567996479,0.0 -48.8713159,-10.9153723996479,0.0 -48.87147,-10.9154691996479,0.0 -48.871566,-10.9155845996479,0.0 -48.8716038,-10.9157187996479,0.0 -48.8716609,-10.9158530996479,0.0 -48.8716405,-10.9158991996479,0.0 -48.8716019,-10.9159865996479,0.0 -48.8714658,-10.9160621996479,0.0 -48.8713957,-10.9160702996478,0.0 -48.8713108,-10.9160801996478,0.0 -48.871156,-10.9160791996478,0.0 -48.8710776,-10.9162124996478,0.0 -48.8710572,-10.9163653996478,0.0 -48.8710561,-10.9165184996478,0.0 -48.8709391,-10.9166323996478,0.0 -48.8708039,-10.9165931996478,0.0 -48.8706688,-10.9165348996478,0.0 -48.8705139,-10.9165337996478,0.0 -48.8703874,-10.9166285996478,0.0 -48.8702609,-10.9167233996478,0.0 -48.8702608,-10.9167424996478,0.0 -48.8701826,-10.9168567996478,0.0 -48.8701429,-10.9169903996478,0.0 -48.8701612,-10.9171435996478,0.0 -48.8702767,-10.9172208996478,0.0 -48.8703923,-10.9172981996478,0.0 -48.8704495,-10.9174324996478,0.0 -48.8703326,-10.9175273996478,0.0 -48.8701969,-10.9175646996478,0.0 -48.8700419,-10.9175826996478,0.0 -48.8698869,-10.9176007996478,0.0 -48.8697319,-10.9176188996478,0.0 -48.8695961,-10.9176561996478,0.0 -48.8694601,-10.9177316996478,0.0 -48.8694011,-10.9178652996478,0.0 -48.869342,-10.9179987996478,0.0 -48.8693216,-10.9181516996478,0.0 -48.8692626,-10.9182851996478,0.0 -48.8692229,-10.9184187996478,0.0 -48.8692024,-10.9185716996478,0.0 -48.8692402,-10.9187058996478,0.0 -48.8693362,-10.9188212996478,0.0 -48.8694321,-10.9189367996478,0.0 -48.8695086,-10.9190711996478,0.0 -48.8695075,-10.9192242996478,0.0 -48.8694678,-10.9193578996477,0.0 -48.8694282,-10.9194915996477,0.0 -48.8693499,-10.9196057996477,0.0 -48.8692717,-10.9197199996477,0.0 -48.869155,-10.9197957996477,0.0 -48.8690192,-10.9198330996477,0.0 -48.8688449,-10.9198509996477,0.0 -48.868709,-10.9199073996477,0.0 -48.8685731,-10.9199638996477,0.0 -48.868437,-10.9200394996477,0.0 -48.8685135,-10.9201738996477,0.0 -48.8686487,-10.9202130996477,0.0 -48.8686865,-10.9203472996477,0.0 -48.8685506,-10.9204036996477,0.0 -48.8684148,-10.9204410996477,0.0 -48.8682981,-10.9205167996477,0.0 -48.8682199,-10.9206309996477,0.0 -48.8681994,-10.9207838996477,0.0 -48.8681212,-10.9208980996477,0.0 -48.8680043,-10.9209929996477,0.0 -48.86783,-10.9210108996477,0.0 -48.8676751,-10.9210097996477,0.0 -48.8675203,-10.9210086996477,0.0 -48.8673654,-10.9210076996477,0.0 -48.8672106,-10.9210065996477,0.0 -48.8670556,-10.9210245996477,0.0 -48.8669007,-10.9210235996477,0.0 -48.8667459,-10.9210224996477,0.0 -48.866591,-10.9210213996477,0.0 -48.8664551,-10.9210777996477,0.0 -48.866319,-10.9211533996477,0.0 -48.8661827,-10.9212672996477,0.0 -48.8660276,-10.9213043996477,0.0 -48.8658336,-10.9213604996477,0.0 -48.8656788,-10.9213593996477,0.0 -48.8655238,-10.9213773996477,0.0 -48.8653688,-10.9213954996477,0.0 -48.8650975,-10.9214318996477,0.0 -48.8649521,-10.9214594996477,0.0 -48.8648067,-10.9214871996477,0.0 -48.8647293,-10.9214866996477,0.0 -48.8646864,-10.9215214996477,0.0 -48.8646125,-10.9215814996477,0.0 -48.8644957,-10.9216763996477,0.0 -48.8643981,-10.9217904996477,0.0 -48.8643198,-10.9219046996477,0.0 -48.8642416,-10.9220188996477,0.0 -48.8641246,-10.9221328996477,0.0 -48.8640078,-10.9222276996477,0.0 -48.8639295,-10.9223419996477,0.0 -48.8638127,-10.9224367996477,0.0 -48.8637151,-10.9225508996476,0.0 -48.8635983,-10.9226457996476,0.0 -48.8634816,-10.9227214996476,0.0 -48.8633649,-10.9227971996476,0.0 -48.863229,-10.9228535996476,0.0 -48.8630931,-10.9229100996476,0.0 -48.8629183,-10.9229853996476,0.0 -48.8627825,-10.9230226996476,0.0 -48.8626467,-10.9230599996476,0.0 -48.8624918,-10.9230779996476,0.0 -48.862378,-10.9230771996476,0.0 -48.8623369,-10.9230769996476,0.0 -48.862182,-10.9230758996476,0.0 -48.8620272,-10.9230747996476,0.0 -48.8618726,-10.9230353996476,0.0 -48.8617375,-10.9229770996476,0.0 -48.8616023,-10.9229378996476,0.0 -48.8614279,-10.9229557996476,0.0 -48.8612728,-10.9229929996476,0.0 -48.8610982,-10.9230491996476,0.0 -48.8609624,-10.9230864996476,0.0 -48.8608266,-10.9231237996476,0.0 -48.8606327,-10.9231797996476,0.0 -48.8604777,-10.9231978996476,0.0 -48.8602772,-10.9232323996476,0.0 -48.8602645,-10.9232345996476,0.0 -48.8601096,-10.9232335996476,0.0 -48.8599744,-10.9231942996476,0.0 -48.8598978,-10.9230789996476,0.0 -48.8597823,-10.9229825996476,0.0 -48.8596082,-10.9229621996476,0.0 -48.8593758,-10.9229796996476,0.0 -48.8593757,-10.9229987996476,0.0 -48.859336,-10.9231324996476,0.0 -48.8593349,-10.9232854996476,0.0 -48.8593338,-10.9234385996476,0.0 -48.8593338,-10.9234429996476,0.0 -48.8593327,-10.9235915996476,0.0 -48.8592543,-10.9237249996476,0.0 -48.8591185,-10.9237622996476,0.0 -48.8589828,-10.9237995996476,0.0 -48.8589073,-10.9238309996476,0.0 -48.8588469,-10.9238559996476,0.0 -48.858711,-10.9239124996476,0.0 -48.8585752,-10.9239497996476,0.0 -48.8583421,-10.9240628996476,0.0 -48.8582664,-10.9241120996476,0.0 -48.8582254,-10.9241385996476,0.0 -48.8581471,-10.9242528996476,0.0 -48.8580881,-10.9243863996476,0.0 -48.8580676,-10.9245392996476,0.0 -48.8580472,-10.9246921996476,0.0 -48.8580461,-10.9248451996476,0.0 -48.8580256,-10.9249980996476,0.0 -48.857986,-10.9251317996476,0.0 -48.8579077,-10.9252459996476,0.0 -48.857791,-10.9253216996476,0.0 -48.8576654,-10.9253561996476,0.0 -48.8576552,-10.9253589996476,0.0 -48.8575007,-10.9253196996476,0.0 -48.8573458,-10.9253185996476,0.0 -48.8573117,-10.9253327996476,0.0 -48.8572099,-10.9253749996476,0.0 -48.8572054,-10.9253801996476,0.0 -48.8571123,-10.9254890996476,0.0 -48.8571112,-10.9256421996476,0.0 -48.8571101,-10.9257951996476,0.0 -48.8570704,-10.9259287996475,0.0 -48.856992,-10.9260621996475,0.0 -48.856933,-10.9261956996475,0.0 -48.8569125,-10.9263485996475,0.0 -48.8569308,-10.9265017996475,0.0 -48.8570462,-10.9265982996475,0.0 -48.8572011,-10.9265992996475,0.0 -48.8572971,-10.9267147996475,0.0 -48.8571801,-10.9268287996475,0.0 -48.8571211,-10.9269622996475,0.0 -48.85712,-10.9271152996475,0.0 -48.8571577,-10.9272494996475,0.0 -48.8572148,-10.9273837996475,0.0 -48.8571944,-10.9275366996475,0.0 -48.8570777,-10.9276123996475,0.0 -48.8569976,-10.9276568996475,0.0 -48.8569416,-10.9276879996475,0.0 -48.8568052,-10.9278208996475,0.0 -48.8566687,-10.9279538996475,0.0 -48.8566494,-10.9279537996475,0.0 -48.8565903,-10.9280872996475,0.0 -48.8565892,-10.9282402996475,0.0 -48.8565881,-10.9283932996475,0.0 -48.856587,-10.9285463996475,0.0 -48.8565666,-10.9286992996475,0.0 -48.8564858,-10.9287648996475,0.0 -48.8564497,-10.9287940996475,0.0 -48.856314,-10.9288313996475,0.0 -48.8562141,-10.9290252996475,0.0 -48.8561373,-10.9291744996474,0.0 -48.8561179,-10.9291743996475,0.0 -48.8560782,-10.9293079996474,0.0 -48.8560771,-10.9294610996474,0.0 -48.856076,-10.9296140996474,0.0 -48.8560943,-10.9297672996474,0.0 -48.8561514,-10.9299015996474,0.0 -48.8561892,-10.9300357996474,0.0 -48.8562022,-10.9301448996474,0.0 -48.8562074,-10.9301889996474,0.0 -48.8562643,-10.9303614996474,0.0 -48.856282,-10.9305911996474,0.0 -48.8562997,-10.9308208996474,0.0 -48.8562995,-10.9308399996474,0.0 -48.8562984,-10.9309930996474,0.0 -48.8563362,-10.9311272996474,0.0 -48.8563544,-10.9312803996474,0.0 -48.856354,-10.9313371996474,0.0 -48.8563532,-10.9314525996474,0.0 -48.8562942,-10.9315860996474,0.0 -48.8562159,-10.9317002996474,0.0 -48.8560991,-10.9317951996474,0.0 -48.8560015,-10.9319092996474,0.0 -48.8558848,-10.9319849996474,0.0 -48.8557487,-10.9320604996474,0.0 -48.8555287,-10.9321546996474,0.0 -48.8553086,-10.9322487996474,0.0 -48.8550885,-10.9323428996474,0.0 -48.8550882,-10.9323810996473,0.0 -48.854972,-10.9324293996473,0.0 -48.8548164,-10.9324939996473,0.0 -48.8546997,-10.9325696996473,0.0 -48.8544474,-10.9326635996473,0.0 -48.854292,-10.9327294996473,0.0 -48.8541367,-10.9327952996473,0.0 -48.8540646,-10.9328252996473,0.0 -48.8538648,-10.9329081996473,0.0 -48.8536899,-10.9330025996473,0.0 -48.8534953,-10.9331542996473,0.0 -48.8533975,-10.9332874996473,0.0 -48.853319,-10.9334399996473,0.0 -48.8532211,-10.9335923996473,0.0 -48.8531232,-10.9337446996473,0.0 -48.8530445,-10.9339163996473,0.0 -48.8529465,-10.9340878996473,0.0 -48.8528677,-10.9342785996473,0.0 -48.8528279,-10.9344313996473,0.0 -48.8527688,-10.9345648996473,0.0 -48.8526903,-10.9347173996473,0.0 -48.8526311,-10.9348699996473,0.0 -48.8525331,-10.9350414996473,0.0 -48.8525026,-10.9350957996473,0.0 -48.8524155,-10.9352510996473,0.0 -48.8523369,-10.9354035996473,0.0 -48.8522587,-10.9355177996473,0.0 -48.8521804,-10.9356320996472,0.0 -48.8521021,-10.9357462996472,0.0 -48.8519459,-10.9359364996472,0.0 -48.8518287,-10.9360886996472,0.0 -48.8517503,-10.9362220996472,0.0 -48.8516719,-10.9363554996472,0.0 -48.8516127,-10.9365080996472,0.0 -48.8515537,-10.9366415996472,0.0 -48.851475,-10.9368131996472,0.0 -48.8514159,-10.9369466996472,0.0 -48.8513565,-10.9371375996472,0.0 -48.851297,-10.9373284996472,0.0 -48.8512181,-10.9375383996472,0.0 -48.851218,-10.9375568996472,0.0 -48.851217,-10.9376913996472,0.0 -48.8512155,-10.9379017996472,0.0 -48.8512135,-10.9381695996472,0.0 -48.8512213,-10.9384194996472,0.0 -48.851229,-10.9386693996472,0.0 -48.8512368,-10.9389191996472,0.0 -48.8512445,-10.9391690996471,0.0 -48.8512246,-10.9393175996471,0.0 -48.8512235,-10.9394705996471,0.0 -48.8512224,-10.9396235996471,0.0 -48.8512212,-10.9397957996471,0.0 -48.8512201,-10.9399487996471,0.0 -48.8512184,-10.9401783996471,0.0 -48.8512171,-10.9403696996471,0.0 -48.8512353,-10.9405228996471,0.0 -48.8512923,-10.9406762996471,0.0 -48.8513491,-10.9408488996471,0.0 -48.8513866,-10.9410212996471,0.0 -48.8514434,-10.9411938996471,0.0 -48.8515386,-10.9414240996471,0.0 -48.8516146,-10.9416159996471,0.0 -48.8516717,-10.9417502996471,0.0 -48.8517673,-10.9419231996471,0.0 -48.8517729,-10.9419334996471,0.0 -48.8518819,-10.9421343996471,0.0 -48.8519207,-10.9422024996471,0.0 -48.8520348,-10.942403299647,0.0 -48.8521184,-10.942629599647,0.0 -48.8522019,-10.942855999647,0.0 -48.8522855,-10.943082299647,0.0 -48.852369,-10.943308599647,0.0 -48.8524526,-10.943534999647,0.0 -48.8524523,-10.943573199647,0.0 -48.8525285,-10.943745899647,0.0 -48.8525663,-10.943880099647,0.0 -48.8526234,-10.944014399647,0.0 -48.852661,-10.944167699647,0.0 -48.8526792,-10.944320899647,0.0 -48.8526781,-10.944473899647,0.0 -48.852677,-10.944626999647,0.0 -48.8526759,-10.944779999647,0.0 -48.8526754,-10.944849699647,0.0 -48.8526748,-10.944933099647,0.0 -48.8526737,-10.945086099647,0.0 -48.8526725,-10.945258299647,0.0 -48.8526714,-10.9454112996469,0.0 -48.8526703,-10.9455642996469,0.0 -48.8526699,-10.9456192996469,0.0 -48.8526692,-10.9457173996469,0.0 -48.8526681,-10.9458703996469,0.0 -48.8526476,-10.9460232996469,0.0 -48.8526078,-10.9461760996469,0.0 -48.8525681,-10.9463096996469,0.0 -48.8525477,-10.9464625996469,0.0 -48.852508,-10.9465962996469,0.0 -48.8525069,-10.9467492996469,0.0 -48.8525446,-10.9468834996469,0.0 -48.8525822,-10.9470367996469,0.0 -48.8526005,-10.9471899996469,0.0 -48.852562,-10.9473375996469,0.0 -48.8525607,-10.9473426996469,0.0 -48.8524824,-10.9474569996469,0.0 -48.8523656,-10.9475517996469,0.0 -48.8522487,-10.9476465996469,0.0 -48.8521319,-10.9477413996469,0.0 -48.8520149,-10.9478553996469,0.0 -48.8518972,-10.9480649996469,0.0 -48.8518382,-10.9481984996469,0.0 -48.8518371,-10.9483515996469,0.0 -48.8518371,-10.9483569996469,0.0 -48.851836,-10.9485045996469,0.0 -48.8518349,-10.9486575996469,0.0 -48.8518338,-10.9488106996468,0.0 -48.8519104,-10.9489259996468,0.0 -48.852026,-10.9490032996468,0.0 -48.8521416,-10.9490806996468,0.0 -48.8522572,-10.9491579996468,0.0 -48.8523922,-10.9492354996468,0.0 -48.8525075,-10.9493510996468,0.0 -48.8525257,-10.9495041996468,0.0 -48.8525017,-10.9495849996468,0.0 -48.8524861,-10.9496378996468,0.0 -48.8524464,-10.9497714996468,0.0 -48.8524647,-10.9499150996468,0.0 -48.852483,-10.9500586996468,0.0 -48.8525022,-10.9500779996468,0.0 -48.8526178,-10.9501552996468,0.0 -48.852773,-10.9501181996468,0.0 -48.8529089,-10.9500616996468,0.0 -48.8530635,-10.9501010996468,0.0 -48.8531206,-10.9502353996468,0.0 -48.8531002,-10.9503882996468,0.0 -48.8530411,-10.9505217996468,0.0 -48.8530206,-10.9506746996468,0.0 -48.8530584,-10.9508088996468,0.0 -48.8531737,-10.9509244996468,0.0 -48.8533087,-10.9510018996468,0.0 -48.8534243,-10.9510792996468,0.0 -48.8535594,-10.9511375996468,0.0 -48.8536946,-10.9511767996468,0.0 -48.8538494,-10.9511970996468,0.0 -48.853947,-10.9510829996468,0.0 -48.8539784,-10.9510119996468,0.0 -48.854006,-10.9509494996468,0.0 -48.8540651,-10.9508159996468,0.0 -48.8542008,-10.9507786996468,0.0 -48.8543559,-10.9507605996468,0.0 -48.8544713,-10.9508570996468,0.0 -48.8546066,-10.9508962996468,0.0 -48.8547418,-10.9509354996468,0.0 -48.8548378,-10.9510509996468,0.0 -48.8548949,-10.9511852996468,0.0 -48.8550102,-10.9513008996468,0.0 -48.8551454,-10.9513400996468,0.0 -48.855222,-10.9514553996468,0.0 -48.8552403,-10.9516085996468,0.0 -48.8552198,-10.9517614996468,0.0 -48.8551608,-10.9518949996468,0.0 -48.8550441,-10.9519706996468,0.0 -48.8549082,-10.9520270996467,0.0 -48.8548685,-10.9521607996467,0.0 -48.8548867,-10.9523138996467,0.0 -48.8549245,-10.9524480996467,0.0 -48.8549622,-10.9525822996467,0.0 -48.8549611,-10.9527352996467,0.0 -48.8549212,-10.9528809996467,0.0 -48.8548813,-10.9530266996467,0.0 -48.8548617,-10.9530980996467,0.0 -48.8548616,-10.9531171996467,0.0 -48.8548605,-10.9532702996467,0.0 -48.8548594,-10.9534232996467,0.0 -48.8548583,-10.9535763996467,0.0 -48.8547992,-10.9537098996467,0.0 -48.8547596,-10.9538434996467,0.0 -48.8546813,-10.9539576996467,0.0 -48.854603,-10.9540719996467,0.0 -48.854544,-10.9542054996467,0.0 -48.854485,-10.9543389996467,0.0 -48.8544067,-10.9544531996467,0.0 -48.8543292,-10.9545663996467,0.0 -48.8543284,-10.9545673996467,0.0 -48.85425,-10.9547007996467,0.0 -48.8542103,-10.9548343996467,0.0 -48.854151,-10.9550061996467,0.0 -48.8540728,-10.9551203996467,0.0 -48.8540556,-10.9551645996467,0.0 -48.8540136,-10.9552730996466,0.0 -48.8539736,-10.9554448996466,0.0 -48.8539339,-10.9555785996466,0.0 -48.8539328,-10.9557315996466,0.0 -48.8539317,-10.9558846996466,0.0 -48.8539694,-10.9560379996466,0.0 -48.8540265,-10.9561722996466,0.0 -48.854122,-10.9563450996466,0.0 -48.8542376,-10.9564224996466,0.0 -48.8543142,-10.9565377996466,0.0 -48.854352,-10.9566719996466,0.0 -48.8543897,-10.9568061996466,0.0 -48.8544468,-10.9569404996466,0.0 -48.854504,-10.9570747996466,0.0 -48.8545222,-10.9572279996466,0.0 -48.8545018,-10.9573808996466,0.0 -48.8544427,-10.9575143996466,0.0 -48.854403,-10.9576479996466,0.0 -48.8543714,-10.9577544996466,0.0 -48.8543633,-10.9577815996466,0.0 -48.8543043,-10.9579150996466,0.0 -48.854226,-10.9580293996466,0.0 -48.8540901,-10.9580857996466,0.0 -48.8539354,-10.9580655996466,0.0 -48.8537804,-10.9580835996466,0.0 -48.8536635,-10.9581784996466,0.0 -48.8536045,-10.9583119996466,0.0 -48.8535647,-10.9584551996466,0.0 -48.853525,-10.9585983996465,0.0 -48.8536895,-10.9586090996465,0.0 -48.8538539,-10.9586197996465,0.0 -48.8538523,-10.9588493996465,0.0 -48.8538315,-10.9590500996465,0.0 -48.8538107,-10.9592507996465,0.0 -48.8537381,-10.9594670996465,0.0 -48.8536656,-10.9596833996465,0.0 -48.853593,-10.9598996996465,0.0 -48.8535145,-10.9600521996465,0.0 -48.8534359,-10.9602046996465,0.0 -48.8534767,-10.9604574996465,0.0 -48.8535175,-10.9607102996465,0.0 -48.8535583,-10.9609630996465,0.0 -48.853599,-10.9612159996465,0.0 -48.8536398,-10.9614687996465,0.0 -48.8535704,-10.9616977996465,0.0 -48.853501,-10.9619268996464,0.0 -48.8533129,-10.9620594996464,0.0 -48.8531247,-10.9621920996464,0.0 -48.8529366,-10.9623246996464,0.0 -48.8529744,-10.9624588996464,0.0 -48.8530121,-10.9625930996464,0.0 -48.853224,-10.9627475996464,0.0 -48.8532801,-10.9630157996464,0.0 -48.8534336,-10.9632177996464,0.0 -48.853587,-10.9634196996464,0.0 -48.853838,-10.9635170996464,0.0 -48.854089,-10.9636145996464,0.0 -48.8542736,-10.9635105996464,0.0 -48.8544583,-10.9634066996464,0.0 -48.8545999,-10.9634006996464,0.0 -48.8547415,-10.9633946996464,0.0 -48.8548456,-10.9633902996464,0.0 -48.8548728,-10.9636487996464,0.0 -48.8549,-10.9639071996464,0.0 -48.854789,-10.9640849996464,0.0 -48.854678,-10.9642627996464,0.0 -48.854567,-10.9644405996464,0.0 -48.8545649,-10.9644452996464,0.0 -48.8545294,-10.9645243996464,0.0 -48.8544607,-10.9646775996464,0.0 -48.8543564,-10.9649099996464,0.0 -48.8542522,-10.9651422996463,0.0 -48.8541999,-10.9652589996463,0.0 -48.854148,-10.9653745996463,0.0 -48.8540624,-10.9655654996463,0.0 -48.8539767,-10.9657563996463,0.0 -48.8538721,-10.9659405996463,0.0 -48.8537675,-10.9661247996463,0.0 -48.853663,-10.9663089996463,0.0 -48.8535511,-10.9664541996463,0.0 -48.8534605,-10.9665718996463,0.0 -48.8533698,-10.9666894996463,0.0 -48.8532908,-10.9669089996463,0.0 -48.8532513,-10.9670186996463,0.0 -48.8532117,-10.9671283996463,0.0 -48.8531111,-10.9672427996463,0.0 -48.8530105,-10.9673571996463,0.0 -48.8529775,-10.9673945996463,0.0 -48.8529085,-10.9675662996463,0.0 -48.8528498,-10.9677123996463,0.0 -48.8528395,-10.9677379996463,0.0 -48.8528643,-10.9679829996463,0.0 -48.8528891,-10.9682280996463,0.0 -48.8528937,-10.9682739996463,0.0 -48.8529888,-10.9685042996462,0.0 -48.853084,-10.9687344996462,0.0 -48.8529952,-10.9689324996462,0.0 -48.8529064,-10.9691303996462,0.0 -48.8528872,-10.9691730996462,0.0 -48.8527409,-10.9693298996462,0.0 -48.8525945,-10.9694866996462,0.0 -48.8524482,-10.9696434996462,0.0 -48.8523019,-10.9698002996462,0.0 -48.8521173,-10.9698850996462,0.0 -48.8519328,-10.9699698996462,0.0 -48.8518538,-10.9701873996462,0.0 -48.8517747,-10.9704049996462,0.0 -48.8516957,-10.9706224996462,0.0 -48.8516167,-10.9708399996462,0.0 -48.8515377,-10.9710574996462,0.0 -48.8516334,-10.9712112996462,0.0 -48.8517291,-10.9713649996462,0.0 -48.8517276,-10.9715753996462,0.0 -48.8515725,-10.9715934996461,0.0 -48.8514175,-10.9716114996461,0.0 -48.8512053,-10.9715142996462,0.0 -48.850972,-10.9716465996461,0.0 -48.8508739,-10.9718276996461,0.0 -48.8507757,-10.9720086996461,0.0 -48.850862,-10.9721336996461,0.0 -48.8509482,-10.9722585996461,0.0 -48.8511413,-10.9723268996461,0.0 -48.8513344,-10.9723952996461,0.0 -48.8514883,-10.9725302996461,0.0 -48.8513423,-10.9726439996461,0.0 -48.8511963,-10.9727577996461,0.0 -48.8509821,-10.9729283996461,0.0 -48.8510681,-10.9730820996461,0.0 -48.8511541,-10.9732356996461,0.0 -48.8513173,-10.9734185996461,0.0 -48.8514806,-10.9736014996461,0.0 -48.8516042,-10.9737194996461,0.0 -48.8517278,-10.9738374996461,0.0 -48.8518844,-10.9739869996461,0.0 -48.8520673,-10.9741317996461,0.0 -48.8522502,-10.9742764996461,0.0 -48.8523881,-10.9743974996461,0.0 -48.852526,-10.9745184996461,0.0 -48.8527119,-10.9746814996461,0.0 -48.8528075,-10.9748543996461,0.0 -48.852903,-10.975027199646,0.0 -48.8529014,-10.975247199646,0.0 -48.8528998,-10.975467199646,0.0 -48.8531314,-10.975574099646,0.0 -48.853363,-10.975680899646,0.0 -48.8534243,-10.975699199646,0.0 -48.8535578,-10.975738999646,0.0 -48.8536914,-10.975778899646,0.0 -48.8537868,-10.975980399646,0.0 -48.8538821,-10.976181999646,0.0 -48.8537104,-10.976349299646,0.0 -48.8535896,-10.976466899646,0.0 -48.8535017,-10.976580999646,0.0 -48.8534137,-10.976695199646,0.0 -48.8535276,-10.976862799646,0.0 -48.8536143,-10.976990399646,0.0 -48.8537011,-10.977118099646,0.0 -48.853729,-10.977280899646,0.0 -48.8537568,-10.977443699646,0.0 -48.8537456,-10.977654099646,0.0 -48.8537344,-10.977864399646,0.0 -48.8538101,-10.9781040996459,0.0 -48.8538859,-10.9783437996459,0.0 -48.8539425,-10.9785449996459,0.0 -48.8539991,-10.9787462996459,0.0 -48.8538622,-10.9789365996459,0.0 -48.8537253,-10.9791269996459,0.0 -48.8536335,-10.9793303996459,0.0 -48.8535417,-10.9795337996459,0.0 -48.8534498,-10.9797371996459,0.0 -48.8532988,-10.9799063996459,0.0 -48.8531477,-10.9800755996459,0.0 -48.8530594,-10.9801744996459,0.0 -48.8529803,-10.9804034996459,0.0 -48.8529012,-10.9806324996459,0.0 -48.8527545,-10.9808418996459,0.0 -48.8526078,-10.9810512996459,0.0 -48.8524612,-10.9812689996459,0.0 -48.8523146,-10.9814866996458,0.0 -48.8522359,-10.9816034996458,0.0 -48.8522541,-10.9817661996458,0.0 -48.8522723,-10.9819288996458,0.0 -48.8524166,-10.9820542996458,0.0 -48.8525609,-10.9821796996458,0.0 -48.8527435,-10.9823626996458,0.0 -48.8529261,-10.9825456996458,0.0 -48.8529249,-10.9827178996458,0.0 -48.8529236,-10.9828900996458,0.0 -48.8529799,-10.9831391996458,0.0 -48.8530362,-10.9833882996458,0.0 -48.853067,-10.9835924996458,0.0 -48.8530978,-10.9837967996458,0.0 -48.8531286,-10.9840010996458,0.0 -48.8531468,-10.9841637996458,0.0 -48.853165,-10.9843265996458,0.0 -48.8531638,-10.9844891996458,0.0 -48.8531626,-10.9846517996457,0.0 -48.8531518,-10.9848047996457,0.0 -48.853141,-10.9849576996457,0.0 -48.8533341,-10.9850355996457,0.0 -48.85341,-10.9852465996457,0.0 -48.8534573,-10.9853999996457,0.0 -48.8535046,-10.9855532996457,0.0 -48.8536979,-10.9855929996457,0.0 -48.8537762,-10.9854786996457,0.0 -48.8539297,-10.9856710996457,0.0 -48.8540063,-10.9857959996457,0.0 -48.8540828,-10.9859208996457,0.0 -48.8541497,-10.9860456996457,0.0 -48.8542165,-10.9861704996457,0.0 -48.8540612,-10.9862267996457,0.0 -48.8539059,-10.9862830996457,0.0 -48.8538853,-10.9864646996457,0.0 -48.8538646,-10.9866462996457,0.0 -48.8539214,-10.9868252996457,0.0 -48.8539782,-10.9870041996457,0.0 -48.854035,-10.9871831996457,0.0 -48.8540657,-10.9874001996457,0.0 -48.8540964,-10.9876171996457,0.0 -48.8541271,-10.9878342996456,0.0 -48.8541256,-10.9880382996456,0.0 -48.8541241,-10.9882423996456,0.0 -48.8541226,-10.9884463996456,0.0 -48.8541856,-10.9886636996456,0.0 -48.8542486,-10.9888808996456,0.0 -48.8543116,-10.9890981996456,0.0 -48.854297,-10.9891608996456,0.0 -48.8542643,-10.9893013996456,0.0 -48.8542316,-10.9894419996456,0.0 -48.8540667,-10.9894886996456,0.0 -48.8539018,-10.9895352996456,0.0 -48.8536497,-10.9895908996456,0.0 -48.8536293,-10.9897342996456,0.0 -48.8536089,-10.9898775996456,0.0 -48.8536556,-10.9901170996456,0.0 -48.8537022,-10.9903564996456,0.0 -48.8538506,-10.9905797996456,0.0 -48.8539704,-10.9907601996456,0.0 -48.8541246,-10.9908568996456,0.0 -48.8542788,-10.9909535996456,0.0 -48.8544732,-10.9908401996456,0.0 -48.8546677,-10.9907267996456,0.0 -48.85483,-10.9906320996456,0.0 -48.8548621,-10.9906133996456,0.0 -48.8550069,-10.9906717996456,0.0 -48.8551517,-10.9907301996456,0.0 -48.85515,-10.9909693996456,0.0 -48.8551482,-10.9912084996455,0.0 -48.8551275,-10.9913995996455,0.0 -48.8551068,-10.9915907996455,0.0 -48.8549554,-10.9917381996455,0.0 -48.8547948,-10.9918946996455,0.0 -48.8546007,-10.9919506996455,0.0 -48.8544067,-10.9920066996455,0.0 -48.8542611,-10.9920534996455,0.0 -48.8541156,-10.9921002996455,0.0 -48.8539984,-10.9922429996455,0.0 -48.8538812,-10.9923855996455,0.0 -48.8537733,-10.9925761996455,0.0 -48.8536654,-10.9927666996455,0.0 -48.853471,-10.9928800996455,0.0 -48.8532765,-10.9929935996455,0.0 -48.8531693,-10.9930979996455,0.0 -48.853062,-10.9932024996455,0.0 -48.8530022,-10.9934506996455,0.0 -48.8530589,-10.9936424996455,0.0 -48.8531156,-10.9938341996455,0.0 -48.8531921,-10.9939590996455,0.0 -48.8532687,-10.9940838996455,0.0 -48.8531507,-10.9943317996455,0.0 -48.8529174,-10.9944640996454,0.0 -48.8529065,-10.9946265996454,0.0 -48.8528957,-10.9947890996454,0.0 -48.8527788,-10.9948839996454,0.0 -48.8526619,-10.9949787996454,0.0 -48.8525063,-10.9950828996454,0.0 -48.8523506,-10.9951869996454,0.0 -48.8522818,-10.9953299996454,0.0 -48.852213,-10.9954729996454,0.0 -48.8521828,-10.9956353996454,0.0 -48.8521526,-10.9957977996454,0.0 -48.8522119,-10.9959412996454,0.0 -48.8522712,-10.9960847996454,0.0 -48.8523429,-10.9962582996454,0.0 -48.8525354,-10.9964126996454,0.0 -48.8525918,-10.9966426996454,0.0 -48.8523978,-10.9966986996454,0.0 -48.8522037,-10.9967546996454,0.0 -48.8521447,-10.9968881996454,0.0 -48.8520856,-10.9970216996454,0.0 -48.8520943,-10.9971651996454,0.0 -48.8521029,-10.9973087996454,0.0 -48.8521267,-10.9973993996454,0.0 -48.8521494,-10.9974861996454,0.0 -48.8520992,-10.9976618996454,0.0 -48.851996,-10.9978727996453,0.0 -48.8518928,-10.9980836996453,0.0 -48.8517867,-10.9981893996453,0.0 -48.8516807,-10.9982950996453,0.0 -48.8514431,-10.9983507996453,0.0 -48.8512055,-10.9984064996453,0.0 -48.8510152,-10.9984445996453,0.0 -48.8508249,-10.9984826996453,0.0 -48.8506139,-10.9985481996453,0.0 -48.8503913,-10.9985425996453,0.0 -48.8501686,-10.9985370996453,0.0 -48.849946,-10.9985314996453,0.0 -48.8497733,-10.9985856996453,0.0 -48.8496136,-10.9986215996453,0.0 -48.8494301,-10.9986628996453,0.0 -48.8492465,-10.9987041996453,0.0 -48.8490394,-10.9987792996453,0.0 -48.8488323,-10.9988543996453,0.0 -48.8486252,-10.9989293996453,0.0 -48.8483638,-10.9989275996453,0.0 -48.8481025,-10.9989256996453,0.0 -48.8478528,-10.9988621996453,0.0 -48.8476031,-10.9987985996453,0.0 -48.8473534,-10.9987349996453,0.0 -48.8473294,-10.9987288996453,0.0 -48.8471569,-10.9986870996453,0.0 -48.8469844,-10.9986451996453,0.0 -48.8468931,-10.9986533996453,0.0 -48.8468373,-10.9986624996453,0.0 -48.8467983,-10.9987076996453,0.0 -48.8467905,-10.9987769996453,0.0 -48.8468529,-10.9988538996453,0.0 -48.8469274,-10.9989189996453,0.0 -48.8470233,-10.9990499996453,0.0 -48.8471192,-10.9991809996453,0.0 -48.8471958,-10.9992987996453,0.0 -48.8472483,-10.9993923996453,0.0 -48.8472599,-10.9994617996453,0.0 -48.8472835,-10.9995504996453,0.0 -48.8472467,-10.9996123996453,0.0 -48.8471762,-10.9996644996453,0.0 -48.8470768,-10.9996828996453,0.0 -48.8470018,-10.9996727996453,0.0 -48.8469003,-10.9996505996453,0.0 -48.8468015,-10.9995972996453,0.0 -48.8467175,-10.9994914996453,0.0 -48.8466739,-10.9994431996453,0.0 -48.8465977,-10.9993351996453,0.0 -48.8465352,-10.9992749996453,0.0 -48.8464773,-10.9992386996453,0.0 -48.8463805,-10.9992451996453,0.0 -48.8462615,-10.9993016996453,0.0 -48.8461105,-10.9994273996453,0.0 -48.8459432,-10.9995563996453,0.0 -48.8457759,-10.9996853996453,0.0 -48.8456086,-10.9998143996453,0.0 -48.8454713,-10.9998981996453,0.0 -48.8453542,-11.0000046996453,0.0 -48.8452906,-11.0001484996453,0.0 -48.845224,-11.0003201996453,0.0 -48.8451101,-11.0004987996453,0.0 -48.8449966,-11.0006378996453,0.0 -48.844927,-11.0007126996453,0.0 -48.8448319,-11.0008123996453,0.0 -48.844751,-11.0009552996453,0.0 -48.844703,-11.0010697996452,0.0 -48.844633,-11.0012091996452,0.0 -48.8445486,-11.0013340996452,0.0 -48.8444793,-11.0013766996452,0.0 -48.8443922,-11.0013760996452,0.0 -48.8442689,-11.0013500996452,0.0 -48.8441418,-11.0013527996452,0.0 -48.8440727,-11.0013773996452,0.0 -48.843963,-11.0014769996452,0.0 -48.8438056,-11.0016516996452,0.0 -48.8436779,-11.0017404996452,0.0 -48.8435942,-11.0017756996452,0.0 -48.8434924,-11.0017928996452,0.0 -48.8433944,-11.0017921996452,0.0 -48.8432783,-11.0017806996452,0.0 -48.8431873,-11.0018050996452,0.0 -48.843089,-11.0018438996452,0.0 -48.8430198,-11.0018792996452,0.0 -48.8429652,-11.0018967996452,0.0 -48.842911,-11.0018676996452,0.0 -48.842857,-11.0017919996452,0.0 -48.8427816,-11.0016838996452,0.0 -48.8426803,-11.0016328996452,0.0 -48.842635,-11.0016200996452,0.0 -48.8425897,-11.0016071996452,0.0 -48.8425243,-11.0016174996452,0.0 -48.8424659,-11.0016564996452,0.0 -48.8424039,-11.0017026996452,0.0 -48.8423456,-11.0017237996452,0.0 -48.842255,-11.0017123996452,0.0 -48.8422073,-11.0017730996452,0.0 -48.8422029,-11.0018805996452,0.0 -48.8422305,-11.0020744996452,0.0 -48.8421934,-11.0021854996452,0.0 -48.8421166,-11.0022709996452,0.0 -48.8420031,-11.0023920996452,0.0 -48.8418865,-11.0024594996452,0.0 -48.8418032,-11.0024229996452,0.0 -48.8417382,-11.0023830996452,0.0 -48.8416766,-11.0023610996452,0.0 -48.8416257,-11.0023750996452,0.0 -48.8415959,-11.0024681996452,0.0 -48.841584,-11.0026079996452,0.0 -48.8415538,-11.0027655996452,0.0 -48.8415019,-11.0029158996452,0.0 -48.8414717,-11.0030770996452,0.0 -48.841478,-11.0032097996452,0.0 -48.841517,-11.0033427996452,0.0 -48.8415921,-11.0034939996452,0.0 -48.841714,-11.0037100996452,0.0 -48.8417894,-11.0038181996452,0.0 -48.8417851,-11.0039114996452,0.0 -48.8416903,-11.0039681996452,0.0 -48.8415594,-11.0039959996452,0.0 -48.8413957,-11.0040485996452,0.0 -48.8412937,-11.0040872996452,0.0 -48.8412495,-11.0041802996451,0.0 -48.8412627,-11.0043524996451,0.0 -48.8412579,-11.0045246996451,0.0 -48.8412134,-11.0046426996451,0.0 -48.8411478,-11.0046816996451,0.0 -48.8409081,-11.0046979996451,0.0 -48.8406572,-11.0047427996451,0.0 -48.8404062,-11.0048091996451,0.0 -48.8403081,-11.0048227996451,0.0 -48.8401916,-11.0048721996451,0.0 -48.8401295,-11.0049183996451,0.0 -48.8401071,-11.0050006996451,0.0 -48.8401029,-11.0050795996451,0.0 -48.8401315,-11.0051443996451,0.0 -48.8401819,-11.0052020996451,0.0 -48.8402975,-11.0052854996451,0.0 -48.84054,-11.0053839996451,0.0 -48.8407284,-11.0054427996451,0.0 -48.8408843,-11.0054617996451,0.0 -48.8410006,-11.0054482996451,0.0 -48.8411026,-11.0054095996451,0.0 -48.8412301,-11.0053494996451,0.0 -48.8413138,-11.0053141996451,0.0 -48.841401,-11.0053076996451,0.0 -48.8414516,-11.0053438996451,0.0 -48.8414764,-11.0054265996451,0.0 -48.8414721,-11.0055125996451,0.0 -48.8414242,-11.0056090996451,0.0 -48.8413257,-11.0056837996451,0.0 -48.8411182,-11.0057539996451,0.0 -48.8408746,-11.0057988996451,0.0 -48.8406602,-11.0058296996451,0.0 -48.840471,-11.0058856996451,0.0 -48.8403908,-11.0059317996451,0.0 -48.8403649,-11.0059997996451,0.0 -48.8403642,-11.0060929996451,0.0 -48.8403634,-11.0061969996451,0.0 -48.8403557,-11.0062686996451,0.0 -48.8403009,-11.0063041996451,0.0 -48.8401524,-11.0062636996451,0.0 -48.8399388,-11.0061760996451,0.0 -48.8398012,-11.0061284996451,0.0 -48.8396921,-11.0061527996451,0.0 -48.83963,-11.0062025996451,0.0 -48.8396077,-11.0062705996451,0.0 -48.8395853,-11.0063564996451,0.0 -48.8395806,-11.0065070996451,0.0 -48.8396054,-11.0065933996451,0.0 -48.8396482,-11.0067012996451,0.0 -48.8397349,-11.0067520996451,0.0 -48.8398544,-11.0067995996451,0.0 -48.8400068,-11.0068078996451,0.0 -48.8401376,-11.0067908996451,0.0 -48.8402503,-11.0067808996451,0.0 -48.8403305,-11.0067347996451,0.0 -48.8404104,-11.0067245996451,0.0 -48.8404574,-11.0067607996451,0.0 -48.8405077,-11.0068328996451,0.0 -48.8405396,-11.0069299996451,0.0 -48.8405634,-11.0071525996451,0.0 -48.8405723,-11.0074216996451,0.0 -48.8405676,-11.007568699645,0.0 -48.8405344,-11.007647399645,0.0 -48.8404688,-11.007682799645,0.0 -48.8403778,-11.007710799645,0.0 -48.8403123,-11.007731899645,0.0 -48.8402358,-11.007774399645,0.0 -48.8401914,-11.007888899645,0.0 -48.8401613,-11.008024899645,0.0 -48.8401749,-11.008154199645,0.0 -48.8401957,-11.008286999645,0.0 -48.8402204,-11.008384099645,0.0 -48.8402595,-11.008495499645,0.0 -48.840317,-11.008585599645,0.0 -48.840436,-11.008694099645,0.0 -48.8405079,-11.008798599645,0.0 -48.8405472,-11.008884999645,0.0 -48.8405426,-11.009014099645,0.0 -48.8405053,-11.009153699645,0.0 -48.8403844,-11.009303499645,0.0 -48.8402528,-11.009424499645,0.0 -48.8402124,-11.009488799645,0.0 -48.8402227,-11.009567799645,0.0 -48.8402655,-11.009672099645,0.0 -48.8403556,-11.009762399645,0.0 -48.8404422,-11.009838399645,0.0 -48.8404997,-11.009917699645,0.0 -48.8405172,-11.010011099645,0.0 -48.8405053,-11.010143699645,0.0 -48.8404829,-11.010233199645,0.0 -48.8404277,-11.010329699645,0.0 -48.8403727,-11.010400999645,0.0 -48.8403213,-11.010486699645,0.0 -48.8403063,-11.010554799645,0.0 -48.840324,-11.010615899645,0.0 -48.8403672,-11.010662799645,0.0 -48.8403629,-11.010759599645,0.0 -48.84029,-11.0107877996449,0.0 -48.840221,-11.0107980996449,0.0 -48.8401484,-11.0107939996449,0.0 -48.8400973,-11.0108330996449,0.0 -48.840093,-11.0109226996449,0.0 -48.8400888,-11.0110051996449,0.0 -48.8400407,-11.0111231996449,0.0 -48.8399348,-11.0112049996449,0.0 -48.8397704,-11.0113472996449,0.0 -48.8397042,-11.0114651996449,0.0 -48.8396594,-11.0116298996449,0.0 -48.8396009,-11.0116867996449,0.0 -48.8394954,-11.0117218996449,0.0 -48.8393607,-11.0117747996449,0.0 -48.8392548,-11.0118529996449,0.0 -48.8391597,-11.0119490996449,0.0 -48.8391151,-11.0120922996449,0.0 -48.8391139,-11.0122500996449,0.0 -48.8391456,-11.0123901996449,0.0 -48.8391957,-11.0124945996449,0.0 -48.8392496,-11.0125594996449,0.0 -48.8393725,-11.0126428996449,0.0 -48.8394809,-11.0127153996449,0.0 -48.8396799,-11.0128028996449,0.0 -48.8397702,-11.0128716996449,0.0 -48.8397729,-11.0129900996449,0.0 -48.839714,-11.0131116996449,0.0 -48.8396878,-11.0132154996449,0.0 -48.8397453,-11.0133019996449,0.0 -48.8397879,-11.0134242996449,0.0 -48.8397546,-11.0135172996449,0.0 -48.8397033,-11.0135814996449,0.0 -48.8396628,-11.0136564996449,0.0 -48.8396259,-11.0137422996449,0.0 -48.8396253,-11.0138176996449,0.0 -48.8396499,-11.0139325996449,0.0 -48.8397254,-11.0140299996449,0.0 -48.8397427,-11.0141448996448,0.0 -48.839713,-11.0142414996448,0.0 -48.8396397,-11.0143270996448,0.0 -48.8395376,-11.0143980996448,0.0 -48.8394429,-11.0144368996448,0.0 -48.8393553,-11.0144936996448,0.0 -48.8392966,-11.0145757996448,0.0 -48.8392561,-11.0146615996448,0.0 -48.8392445,-11.0147582996448,0.0 -48.8391785,-11.0148474996448,0.0 -48.8390729,-11.0148861996448,0.0 -48.8390036,-11.0149287996448,0.0 -48.8389594,-11.0150216996448,0.0 -48.8389477,-11.0151292996448,0.0 -48.8389144,-11.0152186996448,0.0 -48.8389102,-11.0152867996448,0.0 -48.838939,-11.0153300996448,0.0 -48.8389894,-11.0153841996448,0.0 -48.8390432,-11.0154706996448,0.0 -48.8390317,-11.0155602996448,0.0 -48.8389985,-11.0156317996448,0.0 -48.8389291,-11.0156850996448,0.0 -48.8388379,-11.0157453996448,0.0 -48.8387574,-11.0158344996448,0.0 -48.8387022,-11.0159309996448,0.0 -48.8386871,-11.0160169996448,0.0 -48.8386678,-11.0161745996448,0.0 -48.8386664,-11.0163646996448,0.0 -48.8386765,-11.0164652996448,0.0 -48.8387087,-11.0165299996448,0.0 -48.8387847,-11.0165628996448,0.0 -48.8389007,-11.0165887996448,0.0 -48.8389035,-11.0165891996448,0.0 -48.8390531,-11.0166077996448,0.0 -48.8391727,-11.0166409996448,0.0 -48.8392991,-11.0167243996448,0.0 -48.839411,-11.0168219996448,0.0 -48.83945,-11.0169441996448,0.0 -48.8394494,-11.0170266996448,0.0 -48.8393906,-11.0171195996448,0.0 -48.839314,-11.0171727996448,0.0 -48.8391973,-11.0172436996448,0.0 -48.8390547,-11.0173825996447,0.0 -48.8389613,-11.0174895996447,0.0 -48.838868,-11.0175964996447,0.0 -48.838758,-11.0177427996447,0.0 -48.8386954,-11.0178642996447,0.0 -48.8386686,-11.0180434996447,0.0 -48.8386817,-11.0182497996447,0.0 -48.8386947,-11.0184560996447,0.0 -48.8387582,-11.0187004996447,0.0 -48.8387539,-11.0188044996447,0.0 -48.8387057,-11.0189404996447,0.0 -48.8386323,-11.0190367996447,0.0 -48.838483,-11.0191002996447,0.0 -48.8383189,-11.0191959996447,0.0 -48.8382241,-11.0192562996447,0.0 -48.8381763,-11.0193312996447,0.0 -48.8381614,-11.0193884996447,0.0 -48.8381971,-11.0194712996447,0.0 -48.8382581,-11.0195721996447,0.0 -48.8382608,-11.0196940996447,0.0 -48.838206,-11.0197403996447,0.0 -48.8381407,-11.0197398996447,0.0 -48.8380393,-11.0196996996447,0.0 -48.8379343,-11.0196666996447,0.0 -48.8378543,-11.0196804996447,0.0 -48.837781,-11.0197695996447,0.0 -48.8377213,-11.0199987996447,0.0 -48.8376978,-11.0202281996447,0.0 -48.8377362,-11.0204400996447,0.0 -48.8377093,-11.0206442996446,0.0 -48.8376633,-11.0207264996446,0.0 -48.8376173,-11.0208086996446,0.0 -48.8375104,-11.0210266996446,0.0 -48.837477,-11.0211304996446,0.0 -48.8374874,-11.0211986996446,0.0 -48.8375371,-11.0213568996446,0.0 -48.8375762,-11.0214611996446,0.0 -48.8375537,-11.0215650996446,0.0 -48.8374875,-11.0216721996446,0.0 -48.8373632,-11.0217932996446,0.0 -48.8372719,-11.0218750996446,0.0 -48.8372277,-11.0219608996446,0.0 -48.8372307,-11.0220397996446,0.0 -48.837281,-11.0221190996446,0.0 -48.8373927,-11.0222310996446,0.0 -48.8375007,-11.0223537996446,0.0 -48.8376117,-11.0225697996446,0.0 -48.837636,-11.0227277996446,0.0 -48.8376312,-11.0228855996446,0.0 -48.8376014,-11.0229893996446,0.0 -48.8375681,-11.0230752996446,0.0 -48.8375676,-11.0231398996446,0.0 -48.8376215,-11.0232191996446,0.0 -48.837697,-11.0233236996446,0.0 -48.8377725,-11.0234210996446,0.0 -48.8378079,-11.0235432996446,0.0 -48.837789,-11.0236435996446,0.0 -48.8377264,-11.0237686996445,0.0 -48.8376449,-11.0239832996445,0.0 -48.8376363,-11.0241661996445,0.0 -48.8376494,-11.0243635996445,0.0 -48.8376231,-11.0244924996445,0.0 -48.8375752,-11.0245854996445,0.0 -48.8374332,-11.0246381996445,0.0 -48.8372948,-11.0246945996445,0.0 -48.8371708,-11.0247726996445,0.0 -48.8371157,-11.0248619996445,0.0 -48.8371041,-11.0249586996445,0.0 -48.837114,-11.0250878996445,0.0 -48.8370985,-11.0252312996445,0.0 -48.8370394,-11.0253635996445,0.0 -48.836995,-11.0254779996445,0.0 -48.8370055,-11.0255354996445,0.0 -48.8370851,-11.0255719996445,0.0 -48.8371936,-11.0256264996445,0.0 -48.837222,-11.0257199996445,0.0 -48.8372141,-11.0258059996445,0.0 -48.8371842,-11.0259169996445,0.0 -48.8371289,-11.0260277996445,0.0 -48.8369974,-11.0261380996445,0.0 -48.8369243,-11.0262128996445,0.0 -48.8368764,-11.0263057996445,0.0 -48.8369119,-11.0264100996445,0.0 -48.8369839,-11.0264930996445,0.0 -48.8370634,-11.0265474996445,0.0 -48.837172,-11.0265983996445,0.0 -48.8372114,-11.0266704996445,0.0 -48.8371998,-11.0267671996445,0.0 -48.8371227,-11.0268742996445,0.0 -48.8370637,-11.0270065996445,0.0 -48.8370556,-11.0271176996444,0.0 -48.8370764,-11.0272541996444,0.0 -48.8371518,-11.0273658996444,0.0 -48.837249,-11.0274777996444,0.0 -48.8372662,-11.0276105996444,0.0 -48.8372656,-11.0277002996444,0.0 -48.8372103,-11.0278146996444,0.0 -48.8371264,-11.0278606996444,0.0 -48.8369263,-11.0279238996444,0.0 -48.8368024,-11.0279857996444,0.0 -48.8366785,-11.0280475996444,0.0 -48.8364892,-11.0281090996444,0.0 -48.8363,-11.0281704996444,0.0 -48.8360798,-11.0282441996444,0.0 -48.8358595,-11.0283179996444,0.0 -48.8356883,-11.0284010996444,0.0 -48.835517,-11.0284840996444,0.0 -48.8353424,-11.0285348996444,0.0 -48.8351677,-11.0285856996444,0.0 -48.8349824,-11.0286022996444,0.0 -48.8347971,-11.0286188996444,0.0 -48.8345646,-11.0286422996444,0.0 -48.8343772,-11.0287019996444,0.0 -48.8341897,-11.0287615996444,0.0 -48.834033,-11.0288501996444,0.0 -48.8338977,-11.0289710996444,0.0 -48.8337656,-11.0291710996444,0.0 -48.8336479,-11.0293746996444,0.0 -48.8335231,-11.0295566996444,0.0 -48.8334565,-11.0297247996444,0.0 -48.8334192,-11.0298644996444,0.0 -48.8334147,-11.0299827996444,0.0 -48.8334537,-11.0301121996444,0.0 -48.8335147,-11.0302094996444,0.0 -48.8336232,-11.0302676996444,0.0 -48.83375,-11.0303043996444,0.0 -48.8338511,-11.0303732996443,0.0 -48.8339194,-11.0304705996443,0.0 -48.8339838,-11.0306073996443,0.0 -48.8339683,-11.0307327996443,0.0 -48.8339349,-11.0308365996443,0.0 -48.8338689,-11.0309293996443,0.0 -48.8337188,-11.0310968996443,0.0 -48.8336181,-11.0312127996443,0.0 -48.8335174,-11.0313285996443,0.0 -48.8333963,-11.0314998996443,0.0 -48.8333517,-11.0316394996443,0.0 -48.8333543,-11.0317793996443,0.0 -48.833426,-11.0319090996443,0.0 -48.8335237,-11.0319527996443,0.0 -48.8336797,-11.0319718996443,0.0 -48.8338539,-11.0319838996443,0.0 -48.8339916,-11.0320170996443,0.0 -48.8340636,-11.0321036996443,0.0 -48.8341241,-11.0322691996443,0.0 -48.8341519,-11.0324343996443,0.0 -48.8341252,-11.0326098996443,0.0 -48.8339892,-11.0328420996443,0.0 -48.8338659,-11.0330671996443,0.0 -48.8337426,-11.0332922996443,0.0 -48.8336755,-11.0335320996443,0.0 -48.8336084,-11.0337719996442,0.0 -48.8335928,-11.0339224996442,0.0 -48.8335771,-11.0340730996442,0.0 -48.8335852,-11.0342111996442,0.0 -48.8335933,-11.0343493996442,0.0 -48.8335981,-11.0345004996442,0.0 -48.8336012,-11.0345976996442,0.0 -48.8336029,-11.0346515996442,0.0 -48.833608,-11.0348121996442,0.0 -48.8336019,-11.0350160996442,0.0 -48.8335958,-11.0352198996442,0.0 -48.8335936,-11.0352927996442,0.0 -48.8335831,-11.0354934996442,0.0 -48.8335725,-11.0356942996442,0.0 -48.8335124,-11.0359628996442,0.0 -48.8334383,-11.0361739996442,0.0 -48.833365,-11.0362631996442,0.0 -48.8332772,-11.0363485996442,0.0 -48.8332008,-11.0363767996442,0.0 -48.8331318,-11.0363726996442,0.0 -48.8330666,-11.0363578996442,0.0 -48.8330265,-11.0363754996442,0.0 -48.8329751,-11.0364576996442,0.0 -48.832978,-11.0365473996442,0.0 -48.8330282,-11.0366409996442,0.0 -48.8330784,-11.0367273996442,0.0 -48.833132,-11.0368389996442,0.0 -48.8331495,-11.0369395996441,0.0 -48.8330903,-11.0370861996441,0.0 -48.8330202,-11.0372291996441,0.0 -48.8330009,-11.0373975996441,0.0 -48.8330391,-11.0376274996441,0.0 -48.8330701,-11.0378536996441,0.0 -48.8330687,-11.0380544996441,0.0 -48.8330343,-11.0382802996441,0.0 -48.8329969,-11.0384305996441,0.0 -48.832938,-11.0385413996441,0.0 -48.8328683,-11.0386448996441,0.0 -48.8327731,-11.0387518996441,0.0 -48.8326487,-11.0388728996441,0.0 -48.8325272,-11.0391051996441,0.0 -48.8324934,-11.0392591996441,0.0 -48.8325033,-11.0393919996441,0.0 -48.8325715,-11.0395036996441,0.0 -48.8326616,-11.0395903996441,0.0 -48.8327844,-11.0396809996441,0.0 -48.8329292,-11.0397465996441,0.0 -48.8330484,-11.0398334996441,0.0 -48.8331093,-11.0399343996441,0.0 -48.8331232,-11.0400241996441,0.0 -48.8330929,-11.0401996996441,0.0 -48.8330464,-11.040340999644,0.0 -48.833,-11.040482399644,0.0 -48.8329628,-11.040604099644,0.0 -48.8329475,-11.040707999644,0.0 -48.8329465,-11.040847899644,0.0 -48.8329418,-11.040987699644,0.0 -48.8329302,-11.041091699644,0.0 -48.8328967,-11.041198999644,0.0 -48.8328775,-11.041338799644,0.0 -48.832854,-11.041578999644,0.0 -48.8328526,-11.041774399644,0.0 -48.8328511,-11.041969899644,0.0 -48.8328455,-11.042238899644,0.0 -48.8328147,-11.042482599644,0.0 -48.8327987,-11.042683299644,0.0 -48.8328555,-11.042863099644,0.0 -48.8329345,-11.042978399644,0.0 -48.8329517,-11.043104099644,0.0 -48.8329258,-11.043179199644,0.0 -48.8328455,-11.043232499644,0.0 -48.8327363,-11.043267599644,0.0 -48.8326089,-11.043313299644,0.0 -48.8324994,-11.043391399644,0.0 -48.832415,-11.0435091996439,0.0 -48.832356,-11.0436378996439,0.0 -48.8323332,-11.0437668996439,0.0 -48.832336,-11.0438851996439,0.0 -48.8323711,-11.0440504996439,0.0 -48.8324334,-11.0442158996439,0.0 -48.8324957,-11.0443813996439,0.0 -48.8325383,-11.0445215996439,0.0 -48.8325154,-11.0446720996439,0.0 -48.832471,-11.0447793996439,0.0 -48.8323833,-11.0448575996439,0.0 -48.8322522,-11.0449176996439,0.0 -48.8319868,-11.0449515996439,0.0 -48.8317327,-11.0449497996439,0.0 -48.8315731,-11.0449235996439,0.0 -48.8314135,-11.0448972996439,0.0 -48.8312465,-11.0448960996439,0.0 -48.8311592,-11.0449169996439,0.0 -48.8311079,-11.0449847996439,0.0 -48.8310707,-11.0451064996439,0.0 -48.8310663,-11.0452140996439,0.0 -48.8310864,-11.0454329996439,0.0 -48.83106,-11.0455690996439,0.0 -48.8309793,-11.0456797996439,0.0 -48.8308262,-11.0457575996439,0.0 -48.8305716,-11.0458274996439,0.0 -48.8304109,-11.0459446996439,0.0 -48.8303774,-11.0460591996439,0.0 -48.8304164,-11.0461921996439,0.0 -48.8304734,-11.0463324996439,0.0 -48.8305052,-11.0464546996439,0.0 -48.830468,-11.0465727996439,0.0 -48.8303293,-11.0466722996439,0.0 -48.8302346,-11.0467109996439,0.0 -48.8301511,-11.0467139996438,0.0 -48.8300785,-11.0467098996439,0.0 -48.8299804,-11.0467235996439,0.0 -48.8299182,-11.0467876996438,0.0 -48.8299029,-11.0468951996438,0.0 -48.8299493,-11.0469958996438,0.0 -48.8300285,-11.0470897996438,0.0 -48.830133,-11.0472016996438,0.0 -48.8301756,-11.0473382996438,0.0 -48.8301777,-11.0475355996438,0.0 -48.8301493,-11.0476967996438,0.0 -48.8301209,-11.0478579996438,0.0 -48.8300286,-11.0480689996438,0.0 -48.8299366,-11.0482297996438,0.0 -48.8299031,-11.0483478996438,0.0 -48.8299025,-11.0484267996438,0.0 -48.8299491,-11.0485059996438,0.0 -48.8300389,-11.0486393996438,0.0 -48.830067,-11.0487758996438,0.0 -48.8300514,-11.0489192996438,0.0 -48.8300141,-11.0490444996438,0.0 -48.829937,-11.0491659996438,0.0 -48.8297909,-11.0492868996438,0.0 -48.8296086,-11.0493787996438,0.0 -48.8294338,-11.0494564996438,0.0 -48.8292258,-11.0495876996438,0.0 -48.8290913,-11.0496153996438,0.0 -48.8288803,-11.0496604996438,0.0 -48.8286836,-11.0497487996438,0.0 -48.8286139,-11.0498486996438,0.0 -48.8286057,-11.0499777996437,0.0 -48.8286265,-11.0501106996437,0.0 -48.8286835,-11.0502616996437,0.0 -48.8288018,-11.0504598996437,0.0 -48.8288698,-11.0505930996437,0.0 -48.8288653,-11.0507113996437,0.0 -48.8288356,-11.0508115996437,0.0 -48.8287729,-11.0509330996437,0.0 -48.828754,-11.0510333996437,0.0 -48.8288041,-11.0511341996437,0.0 -48.828938,-11.0512032996437,0.0 -48.829097,-11.0513048996437,0.0 -48.829151,-11.0513698996437,0.0 -48.8291395,-11.0514522996437,0.0 -48.829117,-11.0515417996437,0.0 -48.8291164,-11.0516314996437,0.0 -48.8291588,-11.0517895996437,0.0 -48.8292411,-11.0519551996437,0.0 -48.8293378,-11.0521351996437,0.0 -48.8294089,-11.0523437996437,0.0 -48.8294622,-11.0525019996437,0.0 -48.8295271,-11.0525633996437,0.0 -48.8296068,-11.0525926996437,0.0 -48.8297083,-11.0526077996437,0.0 -48.8298572,-11.0526123996437,0.0 -48.8299986,-11.0526349996437,0.0 -48.8300636,-11.0526891996437,0.0 -48.8300812,-11.0527610996437,0.0 -48.830059,-11.0528218996437,0.0 -48.8300188,-11.0528610996437,0.0 -48.829917,-11.0528710996437,0.0 -48.8298081,-11.0528631996437,0.0 -48.8297464,-11.0528698996437,0.0 -48.8296843,-11.0529088996437,0.0 -48.8296766,-11.0529733996437,0.0 -48.8296872,-11.0530200996437,0.0 -48.8297339,-11.0530777996437,0.0 -48.8298497,-11.0531360996437,0.0 -48.8299763,-11.0532086996436,0.0 -48.8300048,-11.0532806996437,0.0 -48.8299753,-11.0533377996436,0.0 -48.8299131,-11.0533983996436,0.0 -48.8298439,-11.0534300996436,0.0 -48.8298107,-11.0535015996436,0.0 -48.8298099,-11.0536127996436,0.0 -48.8297618,-11.0537308996436,0.0 -48.8296523,-11.0538053996436,0.0 -48.8295249,-11.0538510996436,0.0 -48.8294736,-11.0539188996436,0.0 -48.8294545,-11.0540442996436,0.0 -48.8294747,-11.0542560996436,0.0 -48.8295319,-11.0543748996436,0.0 -48.8295824,-11.0544289996436,0.0 -48.8296656,-11.0544762996436,0.0 -48.8298067,-11.0545417996436,0.0 -48.8298862,-11.0545889996436,0.0 -48.8299185,-11.0546501996436,0.0 -48.8299036,-11.0547002996436,0.0 -48.8298344,-11.0547249996436,0.0 -48.8296638,-11.0547201996436,0.0 -48.8294641,-11.0547150996436,0.0 -48.829373,-11.0547538996436,0.0 -48.8293177,-11.0548754996436,0.0 -48.8292989,-11.0549613996436,0.0 -48.8293126,-11.0550726996436,0.0 -48.8293627,-11.0551627996436,0.0 -48.8294493,-11.0552494996436,0.0 -48.8295468,-11.0553218996436,0.0 -48.8296878,-11.0554017996436,0.0 -48.8298364,-11.0554423996436,0.0 -48.8299672,-11.0554324996436,0.0 -48.8301019,-11.0553868996436,0.0 -48.8302037,-11.0553660996436,0.0 -48.8302543,-11.0553950996436,0.0 -48.8302936,-11.0554886996436,0.0 -48.8303108,-11.0556107996436,0.0 -48.8303208,-11.0557291996436,0.0 -48.8303092,-11.0558330996436,0.0 -48.8302685,-11.0559404996436,0.0 -48.830224,-11.0560620996436,0.0 -48.8302122,-11.0561767996436,0.0 -48.8302225,-11.0562593996436,0.0 -48.8302547,-11.0563241996436,0.0 -48.8303452,-11.0563678996436,0.0 -48.8304937,-11.0564190996436,0.0 -48.8306168,-11.0564666996436,0.0 -48.8306852,-11.0565424996436,0.0 -48.8307314,-11.0566826996435,0.0 -48.8307625,-11.0569016996435,0.0 -48.8307832,-11.0570542996435,0.0 -48.8308038,-11.0572068996435,0.0 -48.8308409,-11.0573488996435,0.0 -48.830878,-11.0574907996435,0.0 -48.8309382,-11.0577028996435,0.0 -48.8310279,-11.0578397996435,0.0 -48.8311569,-11.0580774996435,0.0 -48.8312591,-11.0582467996435,0.0 -48.8313614,-11.0584160996435,0.0 -48.8314261,-11.0584990996435,0.0 -48.8315383,-11.0585536996435,0.0 -48.8316293,-11.0585291996435,0.0 -48.8316915,-11.0584614996435,0.0 -48.8317465,-11.0583829996435,0.0 -48.8318243,-11.0583392996435,0.0 -48.8318851,-11.0583050996435,0.0 -48.8320524,-11.0582703996435,0.0 -48.8322809,-11.0583114996435,0.0 -48.8324744,-11.0584168996435,0.0 -48.8326679,-11.0585222996435,0.0 -48.8328487,-11.0586156996435,0.0 -48.8330296,-11.0587090996435,0.0 -48.8332105,-11.0588023996435,0.0 -48.8334032,-11.0589257996435,0.0 -48.833596,-11.0590490996435,0.0 -48.8337888,-11.0591723996435,0.0 -48.8339298,-11.0592451996435,0.0 -48.8340709,-11.0593178996435,0.0 -48.8341573,-11.0594296996435,0.0 -48.8341959,-11.0596021996435,0.0 -48.8341795,-11.0598566996434,0.0 -48.8341305,-11.0601002996434,0.0 -48.8340755,-11.0602494996434,0.0 -48.8340342,-11.0603614996434,0.0 -48.8339316,-11.0604933996434,0.0 -48.8337669,-11.0606643996434,0.0 -48.8336825,-11.0607893996434,0.0 -48.8336272,-11.0609001996434,0.0 -48.8336085,-11.0609681996434,0.0 -48.8336773,-11.0610009996434,0.0 -48.8337973,-11.0609766996434,0.0 -48.8339614,-11.0608774996434,0.0 -48.8340852,-11.0608352996434,0.0 -48.8342048,-11.0608683996434,0.0 -48.8342658,-11.0609728996434,0.0 -48.8342502,-11.0611090996434,0.0 -48.8341254,-11.0613018996434,0.0 -48.8339678,-11.0614944996434,0.0 -48.833905,-11.0616338996434,0.0 -48.8338965,-11.0618131996434,0.0 -48.8339139,-11.0619065996434,0.0 -48.8339643,-11.0619750996434,0.0 -48.8340184,-11.0620256996434,0.0 -48.8341016,-11.0620692996434,0.0 -48.8342102,-11.0621131996434,0.0 -48.8344207,-11.0621253996434,0.0 -48.8345771,-11.0620870996434,0.0 -48.8347192,-11.0620234996434,0.0 -48.8348612,-11.0619707996434,0.0 -48.8349882,-11.0619895996434,0.0 -48.8350893,-11.0620656996434,0.0 -48.8351682,-11.0622024996434,0.0 -48.8352157,-11.0623277996434,0.0 -48.8352323,-11.0623715996434,0.0 -48.8352968,-11.0624903996434,0.0 -48.8353762,-11.0625590996434,0.0 -48.8355204,-11.0626928996434,0.0 -48.8356158,-11.0628046996434,0.0 -48.8357113,-11.0629165996434,0.0 -48.8358295,-11.0631362996433,0.0 -48.8358957,-11.0632640996433,0.0 -48.835962,-11.0633918996433,0.0 -48.8360985,-11.0635901996433,0.0 -48.8362387,-11.0637883996433,0.0 -48.8363571,-11.0639757996433,0.0 -48.8364033,-11.0641159996433,0.0 -48.8364049,-11.0642651996433,0.0 -48.8364055,-11.0643132996433,0.0 -48.8363675,-11.0645389996433,0.0 -48.8363042,-11.0647537996433,0.0 -48.8363249,-11.0649009996433,0.0 -48.8363859,-11.0650018996433,0.0 -48.8365882,-11.0651395996433,0.0 -48.836842,-11.0652023996433,0.0 -48.8369799,-11.0652141996433,0.0 -48.8370697,-11.0651887996433,0.0 -48.8371036,-11.0651791996433,0.0 -48.8371798,-11.0651832996433,0.0 -48.8372121,-11.0652373996433,0.0 -48.8371896,-11.0653304996433,0.0 -48.8371846,-11.0653483996433,0.0 -48.8371464,-11.0654850996433,0.0 -48.8371225,-11.0655702996433,0.0 -48.8370995,-11.0657350996433,0.0 -48.8370765,-11.0658999996433,0.0 -48.8370745,-11.0661689996433,0.0 -48.8371043,-11.0663162996432,0.0 -48.8371341,-11.0664634996432,0.0 -48.8372068,-11.0667007996432,0.0 -48.8372795,-11.0669380996432,0.0 -48.8373614,-11.0671645996432,0.0 -48.837484,-11.0672838996432,0.0 -48.8375671,-11.0673346996432,0.0 -48.8376904,-11.0673534996432,0.0 -48.8379229,-11.0673479996432,0.0 -48.8380862,-11.0673580996432,0.0 -48.8382496,-11.0673682996432,0.0 -48.8383796,-11.0674659996432,0.0 -48.838422,-11.0676241996432,0.0 -48.838392,-11.0677566996432,0.0 -48.8382932,-11.0678527996432,0.0 -48.8381909,-11.0679417996432,0.0 -48.838034,-11.0680374996432,0.0 -48.8379355,-11.0681012996432,0.0 -48.8378621,-11.0682047996432,0.0 -48.8378245,-11.0683802996432,0.0 -48.8378177,-11.0685739996432,0.0 -48.8378108,-11.0687675996432,0.0 -48.8378071,-11.0690186996432,0.0 -48.8378035,-11.0692696996432,0.0 -48.8378238,-11.0694671996432,0.0 -48.8378442,-11.0696645996431,0.0 -48.8379065,-11.0698282996431,0.0 -48.8379689,-11.0699918996431,0.0 -48.8380096,-11.0701302996431,0.0 -48.8380503,-11.0702686996431,0.0 -48.8381033,-11.0704806996431,0.0 -48.8381605,-11.0705958996431,0.0 -48.838258,-11.0706682996431,0.0 -48.8383849,-11.0707050996431,0.0 -48.8385081,-11.0707310996431,0.0 -48.8386058,-11.0707819996431,0.0 -48.8386452,-11.0708575996431,0.0 -48.8386519,-11.0709401996431,0.0 -48.8386222,-11.0710295996431,0.0 -48.8385416,-11.0711150996431,0.0 -48.838454,-11.0711754996431,0.0 -48.8383335,-11.0712678996431,0.0 -48.8382566,-11.0713605996431,0.0 -48.8381903,-11.0714820996431,0.0 -48.838146,-11.0715893996431,0.0 -48.8381163,-11.0716787996431,0.0 -48.8381157,-11.0717505996431,0.0 -48.8381406,-11.0718296996431,0.0 -48.8381801,-11.0718836996431,0.0 -48.8382666,-11.0719703996431,0.0 -48.8383785,-11.0720608996431,0.0 -48.8385013,-11.0721585996431,0.0 -48.838624,-11.0722563996431,0.0 -48.8387175,-11.0723825996431,0.0 -48.838724,-11.0724866996431,0.0 -48.8387014,-11.0726012996431,0.0 -48.8386641,-11.0727300996431,0.0 -48.8386672,-11.0728126996431,0.0 -48.8387103,-11.0728774996431,0.0 -48.8388046,-11.072896099643,0.0 -48.83891,-11.0728789996431,0.0 -48.8390195,-11.0727971996431,0.0 -48.8391223,-11.0726508996431,0.0 -48.8392176,-11.0725260996431,0.0 -48.8392873,-11.0724332996431,0.0 -48.8393636,-11.0724266996431,0.0 -48.8394068,-11.0724843996431,0.0 -48.8394276,-11.0726135996431,0.0 -48.8394224,-11.0728323996431,0.0 -48.8393847,-11.073018699643,0.0 -48.8393005,-11.073104099643,0.0 -48.8390894,-11.073177999643,0.0 -48.8389146,-11.073234099643,0.0 -48.8388305,-11.073319599643,0.0 -48.8387826,-11.073416099643,0.0 -48.8387671,-11.073541499643,0.0 -48.838788,-11.073670799643,0.0 -48.8388056,-11.073742699643,0.0 -48.8388562,-11.073782499643,0.0 -48.8389069,-11.073793599643,0.0 -48.8389798,-11.073758299643,0.0 -48.8390639,-11.073672799643,0.0 -48.8391662,-11.073590999643,0.0 -48.8392574,-11.073534299643,0.0 -48.8393522,-11.073491899643,0.0 -48.8394938,-11.073485699643,0.0 -48.8396064,-11.073490099643,0.0 -48.8397297,-11.073512499643,0.0 -48.8397388,-11.073525699643,0.0 -48.8397944,-11.073606299643,0.0 -48.8397753,-11.073724499643,0.0 -48.8397309,-11.073842599643,0.0 -48.8397141,-11.073896399643,0.0 -48.8396863,-11.073985699643,0.0 -48.8396744,-11.074111199643,0.0 -48.8396939,-11.074199799643,0.0 -48.8397061,-11.074254899643,0.0 -48.8397439,-11.074343899643,0.0 -48.8397703,-11.074405999643,0.0 -48.839936,-11.074590099643,0.0 -48.8400984,-11.074727599643,0.0 -48.8401595,-11.074817699643,0.0 -48.840188,-11.074900399643,0.0 -48.8401764,-11.074993599643,0.0 -48.8401687,-11.075047299643,0.0 -48.8401174,-11.075111499643,0.0 -48.8400517,-11.075157699643,0.0 -48.8399859,-11.075210999643,0.0 -48.8399346,-11.075275199643,0.0 -48.8398869,-11.075342999643,0.0 -48.8398717,-11.075439799643,0.0 -48.8398929,-11.075518799643,0.0 -48.8399942,-11.075566199643,0.0 -48.8400918,-11.075627899643,0.0 -48.8401818,-11.075743299643,0.0 -48.8402277,-11.075922999643,0.0 -48.8402211,-11.076069999643,0.0 -48.8402146,-11.0762169996429,0.0 -48.8401661,-11.0763905996429,0.0 -48.8401176,-11.0765641996429,0.0 -48.8400909,-11.0767469996429,0.0 -48.8401263,-11.0768691996429,0.0 -48.8401981,-11.0769844996429,0.0 -48.8403064,-11.0770677996429,0.0 -48.8404223,-11.0771115996429,0.0 -48.8404982,-11.0771587996429,0.0 -48.8405339,-11.0772415996429,0.0 -48.8405188,-11.0773238996429,0.0 -48.8404638,-11.0773916996429,0.0 -48.8404269,-11.0774703996429,0.0 -48.8404154,-11.0775634996429,0.0 -48.8404364,-11.0776676996429,0.0 -48.8405189,-11.0778009996429,0.0 -48.8406159,-11.0779487996429,0.0 -48.840717,-11.0780247996429,0.0 -48.8407969,-11.0780289996429,0.0 -48.8408733,-11.0780115996429,0.0 -48.8409501,-11.0779331996429,0.0 -48.8410126,-11.0778331996429,0.0 -48.8410494,-11.0777653996429,0.0 -48.8411148,-11.0777550996429,0.0 -48.841147,-11.0778233996429,0.0 -48.8411785,-11.0779886996429,0.0 -48.8412092,-11.0782614996429,0.0 -48.8412153,-11.0784103996429,0.0 -48.8412215,-11.0785592996429,0.0 -48.84125,-11.0786383996429,0.0 -48.8413405,-11.0786712996429,0.0 -48.8414713,-11.0786722996429,0.0 -48.8415547,-11.0786764996429,0.0 -48.8416382,-11.0786913996429,0.0 -48.8416849,-11.0787598996429,0.0 -48.8417565,-11.0788930996429,0.0 -48.8417925,-11.0789327996429,0.0 -48.841858,-11.0789225996429,0.0 -48.8418993,-11.0789101996429,0.0 -48.8419635,-11.0788909996429,0.0 -48.8420728,-11.0788451996429,0.0 -48.8421749,-11.0787956996429,0.0 -48.8423057,-11.0787786996429,0.0 -48.8424474,-11.0787760996429,0.0 -48.8425672,-11.0787697996429,0.0 -48.8426908,-11.0787562996429,0.0 -48.8428142,-11.0787715996429,0.0 -48.8428974,-11.0788151996429,0.0 -48.8429327,-11.0789481996429,0.0 -48.8429315,-11.0791131996429,0.0 -48.8429553,-11.0793392996429,0.0 -48.8430231,-11.0795011996428,0.0 -48.8430804,-11.0796055996428,0.0 -48.8431523,-11.0797137996428,0.0 -48.8432131,-11.0798361996428,0.0 -48.8432341,-11.0799402996428,0.0 -48.8431606,-11.0800617996428,0.0 -48.8430895,-11.0801216996428,0.0 -48.8429414,-11.0802466996428,0.0 -48.8428535,-11.0803464996428,0.0 -48.8428091,-11.0804573996428,0.0 -48.8428048,-11.0805469996428,0.0 -48.8428114,-11.0806367996428,0.0 -48.8428508,-11.0807087996428,0.0 -48.8429194,-11.0807701996428,0.0 -48.8430607,-11.0808106996428,0.0 -48.8431732,-11.0808150996428,0.0 -48.8433004,-11.0808087996428,0.0 -48.8434599,-11.0808529996428,0.0 -48.8436225,-11.0809617996428,0.0 -48.8437163,-11.0810449996428,0.0 -48.8438105,-11.0810742996428,0.0 -48.8439412,-11.0810752996428,0.0 -48.8440686,-11.0810402996428,0.0 -48.8441293,-11.0810227996428,0.0 -48.8442505,-11.0809877996428,0.0 -48.8444467,-11.0809783996428,0.0 -48.8445954,-11.0810009996428,0.0 -48.8447585,-11.0810487996428,0.0 -48.8448779,-11.0811106996428,0.0 -48.8449934,-11.0812082996428,0.0 -48.8450579,-11.0813271996428,0.0 -48.8451346,-11.0815141996428,0.0 -48.8452113,-11.0817012996428,0.0 -48.8452645,-11.0818521996428,0.0 -48.8453177,-11.0820031996428,0.0 -48.8453216,-11.0820141996428,0.0 -48.84536,-11.0822295996428,0.0 -48.8453983,-11.0824450996428,0.0 -48.8454495,-11.0826499996427,0.0 -48.8455007,-11.0828547996427,0.0 -48.8455288,-11.0829733996427,0.0 -48.8455757,-11.0830202996427,0.0 -48.8456521,-11.0830064996427,0.0 -48.8457144,-11.0829315996427,0.0 -48.8457914,-11.0828281996427,0.0 -48.8458643,-11.0827855996427,0.0 -48.8459263,-11.0827501996427,0.0 -48.8460062,-11.0827471996427,0.0 -48.846144,-11.0827840996427,0.0 -48.8462161,-11.0828562996427,0.0 -48.8462262,-11.0829603996427,0.0 -48.8462073,-11.0830570996427,0.0 -48.8461119,-11.0831962996427,0.0 -48.8459328,-11.0833528996427,0.0 -48.8458194,-11.0834667996427,0.0 -48.8457788,-11.0835490996427,0.0 -48.8457637,-11.0836278996427,0.0 -48.8457814,-11.0836889996427,0.0 -48.8458138,-11.0837393996427,0.0 -48.8458752,-11.0837828996427,0.0 -48.8460168,-11.0837838996427,0.0 -48.8461803,-11.0837742996427,0.0 -48.8463727,-11.0837828996427,0.0 -48.8465502,-11.0838378996427,0.0 -48.8466512,-11.0839390996427,0.0 -48.8467226,-11.0841009996427,0.0 -48.8468082,-11.0843203996427,0.0 -48.8468503,-11.0845179996427,0.0 -48.8468925,-11.0847155996427,0.0 -48.8469315,-11.0848377996427,0.0 -48.847007,-11.0849423996427,0.0 -48.8471042,-11.0850578996427,0.0 -48.8472307,-11.0851483996427,0.0 -48.8474121,-11.0851604996427,0.0 -48.8475901,-11.0851545996427,0.0 -48.8478005,-11.0851699996427,0.0 -48.8479168,-11.0851784996427,0.0 -48.8480655,-11.0852009996427,0.0 -48.8482143,-11.0852235996427,0.0 -48.8483956,-11.0852589996427,0.0 -48.8485769,-11.0852943996427,0.0 -48.848787,-11.0853675996427,0.0 -48.8489207,-11.0854653996427,0.0 -48.8490359,-11.0855953996427,0.0 -48.8490859,-11.0857140996427,0.0 -48.8491063,-11.0858971996427,0.0 -48.8490925,-11.0860584996426,0.0 -48.8490786,-11.0862197996426,0.0 -48.849054,-11.0863576996426,0.0 -48.8490293,-11.0864955996426,0.0 -48.8489331,-11.0867424996426,0.0 -48.8488958,-11.0868748996426,0.0 -48.8489097,-11.0869574996426,0.0 -48.8489562,-11.0870546996426,0.0 -48.8490139,-11.0871231996426,0.0 -48.8491413,-11.0871943996426,0.0 -48.8491441,-11.0871958996426,0.0 -48.8493945,-11.0872191996426,0.0 -48.8495398,-11.0872040996426,0.0 -48.8496852,-11.0871889996426,0.0 -48.8499306,-11.0871584996426,0.0 -48.8501759,-11.0871278996426,0.0 -48.8503065,-11.0871467996426,0.0 -48.8503569,-11.0872152996426,0.0 -48.8503744,-11.0873014996426,0.0 -48.85037,-11.0874054996426,0.0 -48.8503912,-11.0874917996426,0.0 -48.8504415,-11.0875602996426,0.0 -48.8505678,-11.0876794996426,0.0 -48.850709,-11.0877271996426,0.0 -48.8509082,-11.0877540996426,0.0 -48.8510174,-11.0877687996426,0.0 -48.8511645,-11.0877698996426,0.0 -48.8513116,-11.0877708996426,0.0 -48.8514529,-11.0878185996426,0.0 -48.8515069,-11.0878834996426,0.0 -48.8515135,-11.0879624996426,0.0 -48.8514693,-11.0880482996426,0.0 -48.8513814,-11.0881516996426,0.0 -48.8513348,-11.0882060996426,0.0 -48.8513082,-11.0882371996426,0.0 -48.8512166,-11.0883477996426,0.0 -48.8511686,-11.0884513996426,0.0 -48.8511754,-11.0885195996426,0.0 -48.8512441,-11.0885487996426,0.0 -48.8513674,-11.0885783996426,0.0 -48.8515124,-11.0886224996426,0.0 -48.8515955,-11.0886696996426,0.0 -48.8516527,-11.0887956996426,0.0 -48.851713,-11.0889969996426,0.0 -48.8517775,-11.0891085996426,0.0 -48.8518424,-11.0891771996426,0.0 -48.8519656,-11.0892175996426,0.0 -48.85216,-11.0892514996426,0.0 -48.8523544,-11.0892854996425,0.0 -48.8523936,-11.0892922996425,0.0 -48.8524803,-11.0893503996425,0.0 -48.8525052,-11.0894186996425,0.0 -48.8524783,-11.0894998996425,0.0 -48.8524755,-11.0895081996425,0.0 -48.8523298,-11.0895752996425,0.0 -48.8521767,-11.0896494996425,0.0 -48.8521324,-11.0897423996425,0.0 -48.8521424,-11.0898680996425,0.0 -48.8521851,-11.0899902996425,0.0 -48.8522858,-11.0901272996425,0.0 -48.8524007,-11.0903038996425,0.0 -48.852523,-11.0904733996425,0.0 -48.8525839,-11.0905885996425,0.0 -48.8525724,-11.0906709996425,0.0 -48.8525281,-11.0907675996425,0.0 -48.8523928,-11.0908884996425,0.0 -48.852345,-11.0909778996425,0.0 -48.8523442,-11.0910818996425,0.0 -48.852387,-11.0911897996425,0.0 -48.8524439,-11.0913479996425,0.0 -48.8525117,-11.0915170996425,0.0 -48.8525255,-11.0916175996425,0.0 -48.8524957,-11.0917249996425,0.0 -48.8523564,-11.0919033996425,0.0 -48.8522102,-11.0920242996425,0.0 -48.8521004,-11.0921346996425,0.0 -48.8519972,-11.0923491996425,0.0 -48.8519959,-11.0925320996425,0.0 -48.8520387,-11.0926292996424,0.0 -48.8520961,-11.0927265996424,0.0 -48.8522048,-11.0927667996424,0.0 -48.8522922,-11.0927278996424,0.0 -48.8523878,-11.0925707996424,0.0 -48.8524759,-11.0924422996424,0.0 -48.8525454,-11.0923745996425,0.0 -48.8526508,-11.0923609996425,0.0 -48.8527884,-11.0924121996425,0.0 -48.8528973,-11.0925212996424,0.0 -48.8529182,-11.0925422996424,0.0 -48.8530589,-11.0926687996424,0.0 -48.8531674,-11.0927341996424,0.0 -48.853327,-11.0927639996424,0.0 -48.8535083,-11.0928083996424,0.0 -48.8535769,-11.0928625996424,0.0 -48.853605,-11.0929847996424,0.0 -48.8535788,-11.0930957996424,0.0 -48.8535273,-11.0931850996424,0.0 -48.8535135,-11.0931938996424,0.0 -48.8534324,-11.0932453996424,0.0 -48.8532507,-11.0932584996424,0.0 -48.8531198,-11.0932861996424,0.0 -48.8530433,-11.0933143996424,0.0 -48.8529701,-11.0933999996424,0.0 -48.8529693,-11.0935110996424,0.0 -48.8530376,-11.0936048996424,0.0 -48.8531059,-11.0936985996424,0.0 -48.8531844,-11.0938928996424,0.0 -48.8532663,-11.0941158996424,0.0 -48.8533492,-11.0942025996424,0.0 -48.8535372,-11.0943150996424,0.0 -48.8536458,-11.0943624996424,0.0 -48.8536921,-11.0944883996424,0.0 -48.8536839,-11.0946209996424,0.0 -48.8536495,-11.0948467996424,0.0 -48.8536226,-11.0950509996424,0.0 -48.8536401,-11.0951443996424,0.0 -48.8536834,-11.0951769996424,0.0 -48.8538068,-11.0951993996424,0.0 -48.854061,-11.0951975996424,0.0 -48.8543007,-11.0951937996424,0.0 -48.8543734,-11.0951926996424,0.0 -48.854558,-11.0952656996424,0.0 -48.8546409,-11.0953523996424,0.0 -48.8547016,-11.0954998996424,0.0 -48.8547333,-11.0956292996424,0.0 -48.8547426,-11.0957052996424,0.0 -48.8547505,-11.0957692996423,0.0 -48.8548154,-11.0958306996423,0.0 -48.8549526,-11.0958971996423,0.0 -48.8550898,-11.0959635996423,0.0 -48.8551085,-11.0959726996423,0.0 -48.8553042,-11.0960350996423,0.0 -48.8554533,-11.0960002996423,0.0 -48.8555232,-11.0958787996423,0.0 -48.8556147,-11.0957897996423,0.0 -48.8556909,-11.0957974996423,0.0 -48.8557231,-11.0958658996423,0.0 -48.8557149,-11.0959949996423,0.0 -48.8557285,-11.0961169996423,0.0 -48.8557676,-11.0962391996423,0.0 -48.8558354,-11.0963975996423,0.0 -48.8558599,-11.0965303996423,0.0 -48.8558482,-11.0966265996423,0.0 -48.8558328,-11.0967525996423,0.0 -48.8557989,-11.0969281996423,0.0 -48.8557978,-11.0970787996423,0.0 -48.8558293,-11.0972368996423,0.0 -48.8558794,-11.0973376996423,0.0 -48.8559626,-11.0973884996423,0.0 -48.8560713,-11.0974142996423,0.0 -48.8562023,-11.0973865996423,0.0 -48.8563841,-11.0973555996423,0.0 -48.8564591,-11.0973751996423,0.0 -48.856511,-11.0973887996423,0.0 -48.8566085,-11.0974575996423,0.0 -48.8567054,-11.0976196996423,0.0 -48.8567731,-11.0977995996423,0.0 -48.8568371,-11.0979900996423,0.0 -48.8568468,-11.0981443996423,0.0 -48.8568453,-11.0981544996423,0.0 -48.856824,-11.0982912996423,0.0 -48.8567905,-11.0983950996423,0.0 -48.8566736,-11.0984910996423,0.0 -48.8564627,-11.0985290996423,0.0 -48.8562121,-11.0985236996423,0.0 -48.856005,-11.0985401996423,0.0 -48.8559027,-11.0986183996423,0.0 -48.8558765,-11.0987293996423,0.0 -48.8559124,-11.0987869996423,0.0 -48.8560102,-11.0988235996423,0.0 -48.8561408,-11.0988424996423,0.0 -48.8563224,-11.0988437996423,0.0 -48.856431,-11.0988839996423,0.0 -48.8564884,-11.0989847996422,0.0 -48.8565595,-11.0992005996422,0.0 -48.8566509,-11.0993571996422,0.0 -48.8567424,-11.0995138996422,0.0 -48.8568101,-11.0996937996422,0.0 -48.856844,-11.0997836996422,0.0 -48.8568778,-11.0998735996422,0.0 -48.8569303,-11.1001429996422,0.0 -48.856936,-11.1003617996422,0.0 -48.8570037,-11.1005344996422,0.0 -48.8571231,-11.1005998996422,0.0 -48.8572495,-11.1006940996422,0.0 -48.8572705,-11.1008017996422,0.0 -48.8572516,-11.1009092996422,0.0 -48.8571702,-11.1011167996422,0.0 -48.8571181,-11.1012849996422,0.0 -48.857128,-11.1014177996422,0.0 -48.8571963,-11.1015222996422,0.0 -48.8573411,-11.1015842996422,0.0 -48.8575874,-11.1016792996422,0.0 -48.8577648,-11.1017558996422,0.0 -48.8578695,-11.1018319996422,0.0 -48.8579161,-11.1019255996422,0.0 -48.8579402,-11.1020978996422,0.0 -48.857925,-11.1021874996422,0.0 -48.8578013,-11.1022259996422,0.0 -48.8576704,-11.1022429996421,0.0 -48.8574632,-11.1022630996422,0.0 -48.8573505,-11.1022873996422,0.0 -48.8572991,-11.1023551996422,0.0 -48.8573129,-11.1024556996421,0.0 -48.8574212,-11.1025532996421,0.0 -48.857562,-11.1026619996421,0.0 -48.8577497,-11.1028282996421,0.0 -48.8578541,-11.1029563996421,0.0 -48.8579585,-11.1030843996421,0.0 -48.8580368,-11.1033001996421,0.0 -48.8580556,-11.1034617996421,0.0 -48.8580744,-11.1036232996421,0.0 -48.8580733,-11.1037667996421,0.0 -48.8580723,-11.1039102996421,0.0 -48.858031,-11.1040856996421,0.0 -48.8579629,-11.1042074996421,0.0 -48.8579568,-11.1042184996421,0.0 -48.8579003,-11.1043195996421,0.0 -48.8581422,-11.1043403996421,0.0 -48.8582773,-11.1044154996421,0.0 -48.8584123,-11.1044905996421,0.0 -48.8585182,-11.1045821996421,0.0 -48.8585454,-11.1046057996421,0.0 -48.858624,-11.1046738996421,0.0 -48.8587639,-11.1047561996421,0.0 -48.8589864,-11.1047911996421,0.0 -48.8591341,-11.1047898996421,0.0 -48.8592818,-11.1047884996421,0.0 -48.8593316,-11.1048003996421,0.0 -48.8594191,-11.1048212996421,0.0 -48.859509,-11.1048427996421,0.0 -48.8597556,-11.1048970996421,0.0 -48.859929,-11.1050226996421,0.0 -48.8600007,-11.1051546996421,0.0 -48.8600723,-11.1052867996421,0.0 -48.8601538,-11.1054068996421,0.0 -48.8602352,-11.105527099642,0.0 -48.8603801,-11.105575899642,0.0 -48.8604578,-11.105552599642,0.0 -48.8605019,-11.1054810996421,0.0 -48.8605366,-11.1053713996421,0.0 -48.8605519,-11.1052709996421,0.0 -48.8605672,-11.1051563996421,0.0 -48.8606405,-11.1050659996421,0.0 -48.8607281,-11.1050092996421,0.0 -48.8608542,-11.1049814996421,0.0 -48.8609489,-11.1049215996421,0.0 -48.8609515,-11.1049199996421,0.0 -48.8610728,-11.1048825996421,0.0 -48.8612564,-11.1049364996421,0.0 -48.8613673,-11.1050041996421,0.0 -48.861391,-11.1050760996421,0.0 -48.8613664,-11.1051380996421,0.0 -48.8612789,-11.1051757996421,0.0 -48.8612251,-11.1052518996421,0.0 -48.8611857,-11.1053472996421,0.0 -48.8611851,-11.1054285996421,0.0 -48.8612087,-11.105514899642,0.0 -48.8613192,-11.1056303996421,0.0 -48.8613222,-11.105632399642,0.0 -48.8615216,-11.105765799642,0.0 -48.8616736,-11.105831399642,0.0 -48.8618257,-11.105897099642,0.0 -48.862019,-11.105950999642,0.0 -48.8622123,-11.106004999642,0.0 -48.8624615,-11.106028299642,0.0 -48.8627108,-11.106051599642,0.0 -48.8629125,-11.106052999642,0.0 -48.8631143,-11.106054499642,0.0 -48.863316,-11.106055899642,0.0 -48.8635824,-11.106052999642,0.0 -48.8637667,-11.106011299642,0.0 -48.863951,-11.105969499642,0.0 -48.8641962,-11.105882799642,0.0 -48.8644414,-11.105796099642,0.0 -48.8646165,-11.105696899642,0.0 -48.8647915,-11.105597699642,0.0 -48.8649666,-11.1054984996421,0.0 -48.8651708,-11.1053779996421,0.0 -48.8653751,-11.1052574996421,0.0 -48.865491,-11.1051359996421,0.0 -48.8655916,-11.1050304996421,0.0 -48.8656923,-11.1049248996421,0.0 -48.8658292,-11.1047393996421,0.0 -48.8659661,-11.1045537996421,0.0 -48.86605,-11.1043463996421,0.0 -48.8661338,-11.1041388996421,0.0 -48.8661708,-11.1039382996421,0.0 -48.8662077,-11.1037376996421,0.0 -48.8662447,-11.1035370996421,0.0 -48.8662868,-11.1032981996421,0.0 -48.8663289,-11.1030593996421,0.0 -48.866371,-11.1028205996421,0.0 -48.8664159,-11.1026375996421,0.0 -48.8664608,-11.1024544996421,0.0 -48.8665057,-11.1022714996421,0.0 -48.8665462,-11.1020350996422,0.0 -48.8665866,-11.1017985996422,0.0 -48.8666196,-11.1016135996422,0.0 -48.8666526,-11.1014284996422,0.0 -48.8666573,-11.1014021996422,0.0 -48.8667507,-11.1012138996422,0.0 -48.866844,-11.1010255996422,0.0 -48.867,-11.1008808996422,0.0 -48.8671561,-11.1007360996422,0.0 -48.867324,-11.1006129996422,0.0 -48.867492,-11.1004897996422,0.0 -48.8676499,-11.1004095996422,0.0 -48.8678079,-11.1003293996422,0.0 -48.8680215,-11.1002591996422,0.0 -48.868235,-11.1001889996422,0.0 -48.8684847,-11.1001500996422,0.0 -48.8687344,-11.1001111996422,0.0 -48.8689478,-11.1000696996422,0.0 -48.8691611,-11.1000280996422,0.0 -48.8693745,-11.0999865996422,0.0 -48.8695879,-11.0999449996422,0.0 -48.869852,-11.0999062996422,0.0 -48.8701162,-11.0998674996422,0.0 -48.8703055,-11.0998137996422,0.0 -48.8704947,-11.0997601996422,0.0 -48.8706701,-11.0996130996422,0.0 -48.8708025,-11.0993892996422,0.0 -48.8709246,-11.0992418996422,0.0 -48.8711192,-11.0991236996422,0.0 -48.8713617,-11.0990727996422,0.0 -48.8715605,-11.0990358996422,0.0 -48.8717788,-11.0989800996423,0.0 -48.8719683,-11.0988905996423,0.0 -48.8721232,-11.0989011996423,0.0 -48.8723023,-11.0989119996423,0.0 -48.8724912,-11.0988941996423,0.0 -48.8726809,-11.0987855996423,0.0 -48.8728195,-11.0987028996423,0.0 -48.8729581,-11.0986200996423,0.0 -48.8731627,-11.0984445996423,0.0 -48.8732849,-11.0982971996423,0.0 -48.8733443,-11.0981206996423,0.0 -48.8735197,-11.0979688996423,0.0 -48.8736802,-11.0978647996423,0.0 -48.8738795,-11.0977609996423,0.0 -48.8740112,-11.0976375996423,0.0 -48.8740849,-11.0974849996423,0.0 -48.8741343,-11.0973466996423,0.0 -48.8741494,-11.0972726996423,0.0 -48.8741645,-11.0971985996423,0.0 -48.8742283,-11.0970794996423,0.0 -48.8743499,-11.0969942996423,0.0 -48.8745344,-11.0969285996423,0.0 -48.874743,-11.0968774996423,0.0 -48.874872,-11.0968220996423,0.0 -48.8749438,-11.0967910996423,0.0 -48.8750009,-11.0967665996423,0.0 -48.8750942,-11.0967135996423,0.0 -48.8752282,-11.0965979996423,0.0 -48.8753624,-11.0964524996423,0.0 -48.875475,-11.0963695996423,0.0 -48.8755876,-11.0962866996423,0.0 -48.8757367,-11.0961770996423,0.0 -48.8758825,-11.0961003996423,0.0 -48.8760226,-11.0959847996423,0.0 -48.8761837,-11.0958812996423,0.0 -48.8763686,-11.0958467996423,0.0 -48.8765867,-11.0958213996423,0.0 -48.8768469,-11.0958291996423,0.0 -48.8769922,-11.0958301996424,0.0 -48.8771374,-11.0958312996423,0.0 -48.8773916,-11.0958360996423,0.0 -48.8775273,-11.0959057996423,0.0 -48.8776081,-11.0960407996423,0.0 -48.8777219,-11.0962060996423,0.0 -48.877799,-11.0964277996423,0.0 -48.8778709,-11.0965179996423,0.0 -48.8780156,-11.0966086996423,0.0 -48.8781811,-11.0967323996423,0.0 -48.8783531,-11.0968082996423,0.0 -48.8785341,-11.0968812996423,0.0 -48.8786669,-11.0969420996423,0.0 -48.878803,-11.0969459996423,0.0 -48.8789061,-11.0969227996423,0.0 -48.8790546,-11.0969029996423,0.0 -48.8791847,-11.0969038996423,0.0 -48.8793207,-11.0969256996423,0.0 -48.8795264,-11.0969361996423,0.0 -48.8796351,-11.0969787996423,0.0 -48.8797862,-11.0970126996423,0.0 -48.879943,-11.0970825996423,0.0 -48.8801092,-11.0971285996423,0.0 -48.8803172,-11.0972405996423,0.0 -48.8804794,-11.0974061996423,0.0 -48.8805118,-11.0975289996423,0.0 -48.8805196,-11.0977113996423,0.0 -48.8805546,-11.0978909996423,0.0 -48.8805384,-11.0980492996423,0.0 -48.8805528,-11.0981420996423,0.0 -48.8806397,-11.0982711996423,0.0 -48.8808023,-11.0983739996423,0.0 -48.8809893,-11.0984649996423,0.0 -48.8811852,-11.0985798996423,0.0 -48.8813722,-11.0986768996423,0.0 -48.8815382,-11.0987378996423,0.0 -48.8816531,-11.0987475996423,0.0 -48.8818045,-11.0987456996423,0.0 -48.8819499,-11.0987287996423,0.0 -48.8820406,-11.0987353996423,0.0 -48.8820797,-11.0987685996423,0.0 -48.882076,-11.0988581996423,0.0 -48.8820242,-11.0989175996423,0.0 -48.8819845,-11.0989651996423,0.0 -48.8819597,-11.0990456996423,0.0 -48.8819653,-11.0991025996422,0.0 -48.88198,-11.0991653996422,0.0 -48.8821093,-11.0992888996422,0.0 -48.8822632,-11.0993497996422,0.0 -48.8824201,-11.0994106996422,0.0 -48.882565,-11.0994624996422,0.0 -48.8827676,-11.0994847996422,0.0 -48.8829522,-11.0994920996422,0.0 -48.883143,-11.0994754996422,0.0 -48.8833491,-11.0994350996422,0.0 -48.8835358,-11.0993586996422,0.0 -48.8837225,-11.0992822996422,0.0 -48.8839136,-11.0992118996422,0.0 -48.8841048,-11.0991414996422,0.0 -48.8842781,-11.0990350996422,0.0 -48.884424,-11.0989434996423,0.0 -48.8845515,-11.0988890996423,0.0 -48.884679,-11.0988346996423,0.0 -48.884877,-11.0986626996423,0.0 -48.8849837,-11.0985482996423,0.0 -48.8850905,-11.0984339996423,0.0 -48.8853066,-11.0982650996423,0.0 -48.8855376,-11.0981292996423,0.0 -48.8857715,-11.0980112996423,0.0 -48.8858538,-11.0979221996423,0.0 -48.8858936,-11.0978686996423,0.0 -48.8859788,-11.0977945996423,0.0 -48.8860463,-11.0976754996423,0.0 -48.8861561,-11.0975506996423,0.0 -48.8862804,-11.0975276996423,0.0 -48.8864019,-11.0974716996423,0.0 -48.8864416,-11.0974431996423,0.0 -48.8865631,-11.0973562996423,0.0 -48.8867511,-11.0973067996423,0.0 -48.8868484,-11.0972416996423,0.0 -48.8869495,-11.0970719996423,0.0 -48.8869895,-11.0969825996423,0.0 -48.8870449,-11.0968574996423,0.0 -48.8870428,-11.0967198996423,0.0 -48.8870513,-11.0966669996423,0.0 -48.8870587,-11.0966213996423,0.0 -48.8870929,-11.0964960996423,0.0 -48.887112,-11.0963556996423,0.0 -48.8871162,-11.0962032996423,0.0 -48.8871325,-11.0960389996423,0.0 -48.8871573,-11.0959464996423,0.0 -48.8871945,-11.0958361996423,0.0 -48.8872405,-11.0957438996423,0.0 -48.8873409,-11.0956757996424,0.0 -48.8874835,-11.0956259996424,0.0 -48.8877043,-11.0956454996424,0.0 -48.8878795,-11.0956914996424,0.0 -48.8881027,-11.0957917996423,0.0 -48.8883075,-11.0959306996423,0.0 -48.888396,-11.0960463996423,0.0 -48.8884844,-11.0961620996423,0.0 -48.88852,-11.0962639996423,0.0 -48.8886067,-11.0964110996423,0.0 -48.8887509,-11.0965614996423,0.0 -48.888847,-11.0966667996423,0.0 -48.888919,-11.0967569996423,0.0 -48.8890542,-11.0968984996423,0.0 -48.8892412,-11.0969864996423,0.0 -48.8894168,-11.0969726996423,0.0 -48.8895655,-11.0969199996423,0.0 -48.8896388,-11.0968307996423,0.0 -48.8897123,-11.0967087996423,0.0 -48.8898126,-11.0966466996423,0.0 -48.8899494,-11.0965698996423,0.0 -48.8901162,-11.0965172996423,0.0 -48.8901587,-11.0965025996423,0.0 -48.8903402,-11.0965098996423,0.0 -48.8904216,-11.0965582996423,0.0 -48.8904816,-11.0966333996423,0.0 -48.8904962,-11.0966992996423,0.0 -48.8905137,-11.0967980996423,0.0 -48.8905888,-11.0968822996423,0.0 -48.8905927,-11.0968817996423,0.0 -48.890719,-11.0968652996423,0.0 -48.890732,-11.0968365996423,0.0 -48.8907405,-11.0968175996423,0.0 -48.8907871,-11.0966504996423,0.0 -48.8907854,-11.0964681996423,0.0 -48.8908106,-11.0963278996423,0.0 -48.8908601,-11.0961816996423,0.0 -48.8909852,-11.0960390996423,0.0 -48.8911251,-11.0959533996423,0.0 -48.8912859,-11.0958976996423,0.0 -48.891386,-11.0958625996423,0.0 -48.8915468,-11.0958098996423,0.0 -48.8917166,-11.0957572996424,0.0 -48.8918258,-11.0957281996424,0.0 -48.8920103,-11.0957443996423,0.0 -48.8920493,-11.0957954996423,0.0 -48.8920334,-11.0958999996423,0.0 -48.8919599,-11.0960130996423,0.0 -48.8918866,-11.0961111996423,0.0 -48.8918103,-11.0962032996423,0.0 -48.8917432,-11.0962745996423,0.0 -48.8917205,-11.0964806996423,0.0 -48.8918347,-11.0965776996423,0.0 -48.8918589,-11.0965981996423,0.0 -48.8919261,-11.0965924996423,0.0 -48.8919558,-11.0965899996423,0.0 -48.8921315,-11.0965672996423,0.0 -48.8922471,-11.0964932996423,0.0 -48.8924719,-11.0963663996423,0.0 -48.8926844,-11.0962841996423,0.0 -48.8928181,-11.0962043996423,0.0 -48.8929306,-11.0961304996423,0.0 -48.8929463,-11.0960498996423,0.0 -48.8929803,-11.0959514996423,0.0 -48.8930897,-11.0958953996423,0.0 -48.8931409,-11.0959345996423,0.0 -48.8931797,-11.0960006996423,0.0 -48.8932244,-11.0961025996423,0.0 -48.893287,-11.0962315996423,0.0 -48.8933713,-11.0962949996423,0.0 -48.8934803,-11.0962837996423,0.0 -48.8935445,-11.0962034996423,0.0 -48.8935483,-11.0960958996423,0.0 -48.8935006,-11.0959909996423,0.0 -48.8934347,-11.0958947996423,0.0 -48.8933963,-11.0957659996423,0.0 -48.8934271,-11.0956944996424,0.0 -48.8935092,-11.0956352996424,0.0 -48.8935791,-11.0955909996424,0.0 -48.8937216,-11.0955620996424,0.0 -48.8938213,-11.0955836996424,0.0 -48.8938753,-11.0956557996424,0.0 -48.8939233,-11.0957069996424,0.0 -48.8939408,-11.0958086996423,0.0 -48.8939701,-11.0959403996423,0.0 -48.8939692,-11.0960569996423,0.0 -48.8939649,-11.0960897996423,0.0 -48.8939469,-11.0962242996423,0.0 -48.8939793,-11.0963380996423,0.0 -48.8940816,-11.0964224996423,0.0 -48.8941815,-11.0964231996423,0.0 -48.8942666,-11.0963758996423,0.0 -48.8942915,-11.0962834996423,0.0 -48.8943014,-11.0962530996423,0.0 -48.8943255,-11.0961790996423,0.0 -48.8943352,-11.0960864996423,0.0 -48.8943634,-11.0959610996423,0.0 -48.8944458,-11.0958570996423,0.0 -48.8945793,-11.0958190996423,0.0 -48.894782,-11.0958264996423,0.0 -48.8949695,-11.0958487996423,0.0 -48.895211,-11.0959341996423,0.0 -48.8953652,-11.0959576996423,0.0 -48.8955194,-11.0959811996423,0.0 -48.8957823,-11.0960337996423,0.0 -48.8959426,-11.0960513996423,0.0 -48.8961029,-11.0960688996423,0.0 -48.8963118,-11.0960524996423,0.0 -48.8964635,-11.0960056996423,0.0 -48.8966124,-11.0959199996423,0.0 -48.896749,-11.0958671996423,0.0 -48.8969067,-11.0958204996423,0.0 -48.8970888,-11.0957499996423,0.0 -48.8972587,-11.0956823996423,0.0 -48.8973834,-11.0955995996424,0.0 -48.8975595,-11.0955200996424,0.0 -48.8977626,-11.0954796996424,0.0 -48.8978958,-11.0954745996424,0.0 -48.8980868,-11.0954280996424,0.0 -48.8982778,-11.0953815996424,0.0 -48.8984482,-11.0952482996424,0.0 -48.8985214,-11.0951770996424,0.0 -48.898619,-11.0950671996424,0.0 -48.8987045,-11.0949630996424,0.0 -48.8987628,-11.0948469996424,0.0 -48.8988577,-11.0947070996424,0.0 -48.8989284,-11.0945491996424,0.0 -48.8990685,-11.0944275996424,0.0 -48.8992993,-11.0943096996424,0.0 -48.8993058,-11.0943083996424,0.0 -48.8993739,-11.0942951996424,0.0 -48.8994421,-11.0942820996424,0.0 -48.8994933,-11.0942720996424,0.0 -48.8997238,-11.0942109996424,0.0 -48.899853,-11.0941655996424,0.0 -48.8998906,-11.0941523996424,0.0 -48.8999205,-11.0941432996424,0.0 -48.8999882,-11.0941226996424,0.0 -48.9001121,-11.0940850996424,0.0 -48.9002758,-11.0940384996424,0.0 -48.9004093,-11.0939974996424,0.0 -48.9004827,-11.0939626996424,0.0 -48.9005399,-11.0939356996424,0.0 -48.9005509,-11.0939320996424,0.0 -48.9006192,-11.0939101996424,0.0 -48.9006673,-11.0938946996424,0.0 -48.9008162,-11.0938090996424,0.0 -48.9009859,-11.0937773996424,0.0 -48.9012132,-11.0937280996424,0.0 -48.901395,-11.0937054996424,0.0 -48.9015129,-11.0937241996424,0.0 -48.9016578,-11.0937790996424,0.0 -48.9017149,-11.0938272996424,0.0 -48.9017807,-11.0939382996424,0.0 -48.901874,-11.0940166996424,0.0 -48.902024,-11.0942000996424,0.0 -48.9021215,-11.0943158996424,0.0 -48.9022191,-11.0944315996424,0.0 -48.9023224,-11.0945832996424,0.0 -48.9024257,-11.0947349996424,0.0 -48.9025786,-11.0949392996424,0.0 -48.9026501,-11.0951041996424,0.0 -48.9027124,-11.0952779996424,0.0 -48.902763,-11.0953949996424,0.0 -48.902829,-11.0954820996424,0.0 -48.9028829,-11.0955541996424,0.0 -48.9028977,-11.0956050996424,0.0 -48.902927,-11.0957457996423,0.0 -48.9029715,-11.0958626996423,0.0 -48.9029947,-11.0960152996423,0.0 -48.9030085,-11.0961947996423,0.0 -48.9030319,-11.0963055996423,0.0 -48.9031124,-11.0964824996423,0.0 -48.9032231,-11.0966625996423,0.0 -48.9032982,-11.0967348996423,0.0 -48.9034009,-11.0967743996423,0.0 -48.9035157,-11.0968020996423,0.0 -48.9036517,-11.0968239996423,0.0 -48.9037672,-11.0967560996423,0.0 -48.903819,-11.0967055996423,0.0 -48.9038708,-11.0966580996423,0.0 -48.9039561,-11.0965869996423,0.0 -48.9040717,-11.0965010996423,0.0 -48.9041872,-11.0964241996423,0.0 -48.9042873,-11.0963949996423,0.0 -48.9043641,-11.0963733996423,0.0 -48.904536,-11.0963249996423,0.0 -48.9046815,-11.0962960996423,0.0 -48.9048452,-11.0962493996423,0.0 -48.9050271,-11.0962117996423,0.0 -48.9051331,-11.0962065996423,0.0 -48.905266,-11.0962403996423,0.0 -48.9053081,-11.0962765996423,0.0 -48.9053255,-11.0963902996423,0.0 -48.9053247,-11.0964948996423,0.0 -48.9053545,-11.0965578996423,0.0 -48.9053967,-11.0965790996423,0.0 -48.9055267,-11.0966008996423,0.0 -48.9056626,-11.0966466996423,0.0 -48.905862,-11.0966958996423,0.0 -48.9060006,-11.0967864996423,0.0 -48.9061087,-11.0969038996423,0.0 -48.9061806,-11.0970029996423,0.0 -48.9062307,-11.0971946996423,0.0 -48.9062207,-11.0973290996423,0.0 -48.9061836,-11.0974394996423,0.0 -48.9061306,-11.0976542996423,0.0 -48.9061104,-11.0977333996423,0.0 -48.9060901,-11.0978124996423,0.0 -48.9061047,-11.0978962996423,0.0 -48.9061283,-11.0979800996423,0.0 -48.9062278,-11.0980315996423,0.0 -48.9063275,-11.0980591996423,0.0 -48.9063943,-11.0980208996423,0.0 -48.9064796,-11.0979406996423,0.0 -48.9065649,-11.0978695996423,0.0 -48.9066677,-11.0978851996423,0.0 -48.9068368,-11.0979371996423,0.0 -48.90705,-11.0979625996423,0.0 -48.9072632,-11.0979879996423,0.0 -48.9074233,-11.0980249996423,0.0 -48.9075835,-11.0980619996423,0.0 -48.9077193,-11.0981062996423,0.0 -48.9078552,-11.0981505996423,0.0 -48.9080089,-11.0982412996423,0.0 -48.9081235,-11.0983078996423,0.0 -48.9082349,-11.0983803996423,0.0 -48.9083071,-11.0984466996423,0.0 -48.9083668,-11.0985576996423,0.0 -48.9083872,-11.0986713996423,0.0 -48.9085377,-11.0987889996423,0.0 -48.9087397,-11.0988950996423,0.0 -48.9088726,-11.0989392996422,0.0 -48.9090054,-11.0989835996423,0.0 -48.9091582,-11.0989965996423,0.0 -48.9093109,-11.0990095996423,0.0 -48.9095436,-11.0990590996422,0.0 -48.9097549,-11.0991441996422,0.0 -48.9099182,-11.0991677996422,0.0 -48.9100814,-11.0991912996422,0.0 -48.910225,-11.0992221996422,0.0 -48.9103685,-11.0992530996422,0.0 -48.9105199,-11.0992526996422,0.0 -48.9106712,-11.0992521996422,0.0 -48.9108256,-11.0992502996422,0.0 -48.9109799,-11.0992483996422,0.0 -48.9111496,-11.0992196996422,0.0 -48.911301,-11.0992176996422,0.0 -48.9113451,-11.0992207996422,0.0 -48.9114431,-11.0992276996422,0.0 -48.911501,-11.0991772996422,0.0 -48.9115189,-11.0991522996422,0.0 -48.9115438,-11.0991177996423,0.0 -48.9115383,-11.0990429996422,0.0 -48.9115115,-11.0989710996423,0.0 -48.9114665,-11.0989169996423,0.0 -48.9114035,-11.0988387996423,0.0 -48.9113498,-11.0987337996423,0.0 -48.9113291,-11.0986618996423,0.0 -48.9113417,-11.0986021996423,0.0 -48.9113481,-11.0985484996423,0.0 -48.9113848,-11.0984978996423,0.0 -48.9113973,-11.0984381996423,0.0 -48.9114098,-11.0983844996423,0.0 -48.9114554,-11.0983518996423,0.0 -48.9115191,-11.0983283996423,0.0 -48.9116188,-11.0983589996423,0.0 -48.9116668,-11.0984250996423,0.0 -48.9117809,-11.0985484996423,0.0 -48.911856,-11.0986206996423,0.0 -48.9119134,-11.0986479996423,0.0 -48.9120402,-11.0986847996423,0.0 -48.9121402,-11.0986734996423,0.0 -48.912322,-11.0986328996423,0.0 -48.9124647,-11.0985770996423,0.0 -48.9126556,-11.0985455996423,0.0 -48.9127559,-11.0985345996423,0.0 -48.9128101,-11.0985286996423,0.0 -48.9129795,-11.0985298996423,0.0 -48.9131369,-11.0985309996423,0.0 -48.9132397,-11.0985435996423,0.0 -48.9133755,-11.0986042996423,0.0 -48.9134812,-11.0986409996423,0.0 -48.9137203,-11.0986336996423,0.0 -48.9139656,-11.0986143996423,0.0 -48.9141415,-11.0985707996423,0.0 -48.9142173,-11.0985428996423,0.0 -48.9142932,-11.0985150996423,0.0 -48.9144346,-11.0984357996423,0.0 -48.9144512,-11.0984264996423,0.0 -48.9145605,-11.0983823996423,0.0 -48.9147273,-11.0983267996423,0.0 -48.9148854,-11.0982291996423,0.0 -48.9149921,-11.0981252996423,0.0 -48.9151592,-11.0980367996423,0.0 -48.9152988,-11.0979779996423,0.0 -48.9154931,-11.0978985996423,0.0 -48.9156266,-11.0978426996423,0.0 -48.9157602,-11.0977868996423,0.0 -48.9159013,-11.0977414996423,0.0 -48.9159718,-11.0977187996423,0.0 -48.9160423,-11.0976961996423,0.0 -48.9162409,-11.0976511996423,0.0 -48.9164394,-11.0976061996423,0.0 -48.9166109,-11.0975341996423,0.0 -48.9167825,-11.0974620996423,0.0 -48.9169826,-11.0974036996423,0.0 -48.9171342,-11.0973733996423,0.0 -48.9172857,-11.0973430996423,0.0 -48.9174968,-11.0973105996423,0.0 -48.9177079,-11.0972781996423,0.0 -48.917919,-11.0972457996423,0.0 -48.9181295,-11.0972143996423,0.0 -48.9183401,-11.0971828996423,0.0 -48.9185597,-11.0971535996423,0.0 -48.9187792,-11.0971242996423,0.0 -48.9189988,-11.0970948996423,0.0 -48.9191375,-11.0970763996423,0.0 -48.9192762,-11.0970578996423,0.0 -48.919304,-11.0970556996423,0.0 -48.9195629,-11.0970352996423,0.0 -48.9198219,-11.0970148996423,0.0 -48.9200808,-11.0969944996423,0.0 -48.9201177,-11.0969915996423,0.0 -48.920218,-11.0969836996423,0.0 -48.920327,-11.0969783996423,0.0 -48.9204423,-11.0969403996423,0.0 -48.9205519,-11.0968484996423,0.0 -48.920604,-11.0967501996423,0.0 -48.9206415,-11.0965829996423,0.0 -48.9207128,-11.0963503996423,0.0 -48.9207818,-11.0962177996423,0.0 -48.9208508,-11.0960852996423,0.0 -48.9209575,-11.0959888996423,0.0 -48.9210641,-11.0958924996423,0.0 -48.9212128,-11.0958306996423,0.0 -48.9214489,-11.0958292996423,0.0 -48.9215944,-11.0958019996423,0.0 -48.9217398,-11.0957745996423,0.0 -48.9219457,-11.0957609996424,0.0 -48.9221623,-11.0957220996423,0.0 -48.9222336,-11.0957091996424,0.0 -48.922436,-11.0957011996424,0.0 -48.9225545,-11.0956964996423,0.0 -48.9227096,-11.0956788996424,0.0 -48.9228786,-11.0956597996424,0.0 -48.9230938,-11.0956194996424,0.0 -48.9232334,-11.0955725996424,0.0 -48.9234396,-11.0955171996424,0.0 -48.9236096,-11.0954406996424,0.0 -48.9238493,-11.0953436996424,0.0 -48.9238858,-11.0953289996424,0.0 -48.9239504,-11.0953099996424,0.0 -48.9241042,-11.0952646996424,0.0 -48.9242656,-11.0952075996424,0.0 -48.924427,-11.0951504996424,0.0 -48.924582,-11.0951515996424,0.0 -48.9247172,-11.0952098996424,0.0 -48.9248721,-11.0952109996424,0.0 -48.9250271,-11.0952119996424,0.0 -48.9252401,-11.0952134996424,0.0 -48.9253951,-11.0952145996424,0.0 -48.92555,-11.0952155996424,0.0 -48.925686,-11.0951591996424,0.0 -48.925841,-11.0951601996424,0.0 -48.9259768,-11.0951228996424,0.0 -48.9261127,-11.0950855996424,0.0 -48.926268,-11.0950292996424,0.0 -48.926404,-11.0949727996424,0.0 -48.9265786,-11.0949356996424,0.0 -48.9267726,-11.0948987996424,0.0 -48.9269469,-11.0948999996424,0.0 -48.9271019,-11.0949010996424,0.0 -48.9272568,-11.0949020996424,0.0 -48.9273921,-11.0949412996424,0.0 -48.9275469,-11.0949614996424,0.0 -48.9277018,-11.0949816996424,0.0 -48.9278371,-11.0950208996424,0.0 -48.9279723,-11.0950791996424,0.0 -48.9281074,-11.0951375996424,0.0 -48.9282616,-11.0952533996424,0.0 -48.9283768,-11.0953880996424,0.0 -48.9284534,-11.0955225996424,0.0 -48.92853,-11.0956378996424,0.0 -48.9286652,-11.0956961996424,0.0 -48.9287419,-11.0958114996423,0.0 -48.9288379,-11.0959269996423,0.0 -48.9288951,-11.0960612996423,0.0 -48.9289329,-11.0961954996423,0.0 -48.9289704,-11.0963678996423,0.0 -48.9290276,-11.0965021996423,0.0 -48.9291433,-11.0965794996423,0.0 -48.9292588,-11.0966759996423,0.0 -48.9293745,-11.0967532996423,0.0 -48.9294705,-11.0968687996423,0.0 -48.9295277,-11.0970030996423,0.0 -48.9295844,-11.0971947996423,0.0 -48.9296027,-11.0973479996423,0.0 -48.9296219,-11.0974260996423,0.0 -48.929664,-11.0975365996423,0.0 -48.9297787,-11.0977477996423,0.0 -48.9297586,-11.0978528996423,0.0 -48.9297242,-11.0979291996423,0.0 -48.9296843,-11.0980866996423,0.0 -48.929732,-11.0981970996423,0.0 -48.9298235,-11.0982646996423,0.0 -48.9299877,-11.0983374996423,0.0 -48.9300599,-11.0984415996423,0.0 -48.9301167,-11.0986332996423,0.0 -48.9302321,-11.0987488996423,0.0 -48.9303088,-11.0988641996423,0.0 -48.9304048,-11.0989795996423,0.0 -48.930462,-11.0991139996422,0.0 -48.9304802,-11.0992670996422,0.0 -48.9304792,-11.0994201996422,0.0 -48.9304007,-11.0995535996422,0.0 -48.9303995,-11.0997256996422,0.0 -48.9304567,-11.0998599996422,0.0 -48.9305917,-11.0999374996422,0.0 -48.9307271,-11.0999766996422,0.0 -48.930882,-11.0999777996422,0.0 -48.931037,-11.0999787996422,0.0 -48.9312113,-11.0999799996422,0.0 -48.9313663,-11.0999810996422,0.0 -48.9315212,-11.0999820996422,0.0 -48.9316762,-11.0999831996422,0.0 -48.9318697,-11.1000036996422,0.0 -48.9320437,-11.1000622996422,0.0 -48.9321983,-11.1001015996422,0.0 -48.9323723,-11.1001601996422,0.0 -48.9325847,-11.1002572996422,0.0 -48.9327003,-11.1003345996422,0.0 -48.9328157,-11.1004501996422,0.0 -48.9329116,-11.1005847996422,0.0 -48.932988,-11.1007382996422,0.0 -48.9330645,-11.1008918996422,0.0 -48.9331215,-11.1010357996422,0.0 -48.9331786,-11.1011796996422,0.0 -48.9332164,-11.1013138996422,0.0 -48.9332154,-11.1014668996422,0.0 -48.9332143,-11.1016198996422,0.0 -48.9332132,-11.1017729996422,0.0 -48.9332121,-11.1019259996422,0.0 -48.9332303,-11.1020982996422,0.0 -48.9332485,-11.1022705996422,0.0 -48.9333247,-11.1024433996421,0.0 -48.9334007,-11.1026542996421,0.0 -48.9334579,-11.1027885996421,0.0 -48.9335539,-11.1029040996421,0.0 -48.9336696,-11.1029813996421,0.0 -48.9338045,-11.1030779996421,0.0 -48.9339589,-11.1031555996421,0.0 -48.934047,-11.1032143996421,0.0 -48.9340746,-11.1032328996421,0.0 -48.9341902,-11.1033292996421,0.0 -48.9343057,-11.1034257996421,0.0 -48.9344406,-11.1035223996421,0.0 -48.9345277,-11.1035805996421,0.0 -48.9345563,-11.1035996996421,0.0 -48.9347107,-11.1036772996421,0.0 -48.9348845,-11.1037549996421,0.0 -48.9350295,-11.1037942996421,0.0 -48.9351745,-11.1038334996421,0.0 -48.9353871,-11.1039114996421,0.0 -48.9355614,-11.1039126996421,0.0 -48.9356967,-11.1039518996421,0.0 -48.935832,-11.1039910996421,0.0 -48.9359866,-11.1040494996421,0.0 -48.9361414,-11.1040696996421,0.0 -48.9362571,-11.1041469996421,0.0 -48.9363531,-11.1042624996421,0.0 -48.9363908,-11.1044157996421,0.0 -48.9363897,-11.1045687996421,0.0 -48.93635,-11.1047024996421,0.0 -48.9362718,-11.1048166996421,0.0 -48.9361546,-11.1049498996421,0.0 -48.9360376,-11.1050637996421,0.0 -48.9359784,-11.1052164996421,0.0 -48.9359577,-11.1054076996421,0.0 -48.9359566,-11.105560699642,0.0 -48.9359555,-11.105713699642,0.0 -48.9360127,-11.105848099642,0.0 -48.9360892,-11.105982499642,0.0 -48.9361853,-11.106097999642,0.0 -48.9363008,-11.106194399642,0.0 -48.9364165,-11.106271699642,0.0 -48.9365517,-11.106329999642,0.0 -48.9367833,-11.106446399642,0.0 -48.9369181,-11.106562099642,0.0 -48.9370141,-11.106677599642,0.0 -48.9370908,-11.106792899642,0.0 -48.9371672,-11.106946499642,0.0 -48.9372439,-11.107061799642,0.0 -48.9373203,-11.107215399642,0.0 -48.937397,-11.107330699642,0.0 -48.9374736,-11.107445999642,0.0 -48.9375891,-11.107561599642,0.0 -48.9377241,-11.107638999642,0.0 -48.9378398,-11.107716299642,0.0 -48.9379555,-11.107793699642,0.0 -48.9381095,-11.107928599642,0.0 -48.9382442,-11.108063499642,0.0 -48.9383593,-11.108217299642,0.0 -48.938436,-11.108332599642,0.0 -48.9385121,-11.108524499642,0.0 -48.9385689,-11.108716199642,0.0 -48.938587,-11.108888499642,0.0 -48.9385666,-11.1090413996419,0.0 -48.9385269,-11.1091749996419,0.0 -48.9384871,-11.1093277996419,0.0 -48.938486,-11.1094808996419,0.0 -48.9385238,-11.1096149996419,0.0 -48.9385616,-11.1097491996419,0.0 -48.9385412,-11.1099020996419,0.0 -48.9384435,-11.1100162996419,0.0 -48.9383845,-11.1101497996419,0.0 -48.9383722,-11.1101909996419,0.0 -48.9383448,-11.1102833996419,0.0 -48.9383631,-11.1104365996419,0.0 -48.9384396,-11.1105709996419,0.0 -48.9384968,-11.1107053996419,0.0 -48.938516,-11.1107245996419,0.0 -48.9386415,-11.1107923996419,0.0 -48.9387669,-11.1108602996419,0.0 -48.9389021,-11.1109185996419,0.0 -48.93901,-11.1109906996419,0.0 -48.9390178,-11.1109958996419,0.0 -48.9391526,-11.1111115996419,0.0 -48.9392486,-11.1112270996419,0.0 -48.9393445,-11.1113615996419,0.0 -48.9393628,-11.1115147996419,0.0 -48.9394395,-11.1116300996419,0.0 -48.9395552,-11.1117073996419,0.0 -48.9397294,-11.1117277996419,0.0 -48.9398843,-11.1117287996419,0.0 -48.9400393,-11.1117298996419,0.0 -48.9401943,-11.1117308996419,0.0 -48.9403491,-11.1117510996419,0.0 -48.9404844,-11.1117902996419,0.0 -48.940639,-11.1118487996419,0.0 -48.9407938,-11.1118689996419,0.0 -48.9409679,-11.1119083996419,0.0 -48.9411418,-11.1119669996419,0.0 -48.9412965,-11.1120062996419,0.0 -48.9414122,-11.1120835996419,0.0 -48.9415665,-11.1121803996418,0.0 -48.9416819,-11.1122958996418,0.0 -48.9417974,-11.1123923996418,0.0 -48.9419131,-11.1124696996418,0.0 -48.9420288,-11.1125469996418,0.0 -48.9421635,-11.1126818996418,0.0 -48.942279,-11.1127782996418,0.0 -48.9423947,-11.1128555996418,0.0 -48.942549,-11.1129522996418,0.0 -48.9427611,-11.1130876996418,0.0 -48.9428768,-11.1131649996418,0.0 -48.943031,-11.1132808996418,0.0 -48.9431658,-11.1133965996418,0.0 -48.9432423,-11.1135309996418,0.0 -48.9433187,-11.1136845996418,0.0 -48.9433759,-11.1138188996418,0.0 -48.9434524,-11.1139533996418,0.0 -48.9435681,-11.1140306996418,0.0 -48.9437231,-11.1140316996418,0.0 -48.9439749,-11.1140334996418,0.0 -48.9441494,-11.1140154996418,0.0 -48.9442852,-11.1139781996418,0.0 -48.944402,-11.1139024996418,0.0 -48.9445576,-11.1138078996418,0.0 -48.9446938,-11.1137322996418,0.0 -48.9448296,-11.1136948996418,0.0 -48.9449749,-11.1136958996418,0.0 -48.9451202,-11.1136968996418,0.0 -48.9453914,-11.1136987996418,0.0 -48.9455272,-11.1136613996418,0.0 -48.945644,-11.1135856996418,0.0 -48.9457609,-11.1134907996418,0.0 -48.9458393,-11.1133574996418,0.0 -48.9459562,-11.1132625996418,0.0 -48.9460922,-11.1132060996418,0.0 -48.9462472,-11.1132071996418,0.0 -48.946402,-11.1132273996418,0.0 -48.9465957,-11.1132286996418,0.0 -48.9467894,-11.1132299996418,0.0 -48.9469637,-11.1132311996418,0.0 -48.9471187,-11.1132322996418,0.0 -48.9472932,-11.1132142996418,0.0 -48.947429,-11.1131769996418,0.0 -48.947565,-11.1131204996418,0.0 -48.9476818,-11.1130447996418,0.0 -48.9478177,-11.1130074996418,0.0 -48.9479728,-11.1129893996418,0.0 -48.9481086,-11.1129519996418,0.0 -48.9482445,-11.1129146996418,0.0 -48.9484188,-11.1129158996418,0.0 -48.9485738,-11.1129169996418,0.0 -48.9487675,-11.1129182996418,0.0 -48.9489224,-11.1129192996418,0.0 -48.9490575,-11.1129967996418,0.0 -48.9491927,-11.1130550996418,0.0 -48.9492694,-11.1131703996418,0.0 -48.9492683,-11.1133234996418,0.0 -48.9492286,-11.1134570996418,0.0 -48.9491696,-11.1135905996418,0.0 -48.9491105,-11.1137240996418,0.0 -48.9491288,-11.1138772996418,0.0 -48.9492837,-11.1138974996418,0.0 -48.9494386,-11.1138985996418,0.0 -48.9495936,-11.1138995996418,0.0 -48.9497289,-11.1139387996418,0.0 -48.9498641,-11.1139970996418,0.0 -48.9499992,-11.1140745996418,0.0 -48.9500952,-11.1141899996418,0.0 -48.9501719,-11.1143052996418,0.0 -48.9502485,-11.1144397996418,0.0 -48.9503251,-11.1145550996418,0.0 -48.9504018,-11.1146703996418,0.0 -48.9504785,-11.1147856996418,0.0 -48.950555,-11.1149201996418,0.0 -48.9506511,-11.1150355996418,0.0 -48.9507277,-11.1151699996418,0.0 -48.9507366,-11.1151909996418,0.0 -48.9508043,-11.1153456996418,0.0 -48.9508344,-11.1154798996417,0.0 -48.9509229,-11.1155703996417,0.0 -48.9510271,-11.1156207996417,0.0 -48.9510363,-11.1156196996417,0.0 -48.9510926,-11.1156125996417,0.0 -48.9512094,-11.1155367996417,0.0 -48.9513452,-11.1154994996417,0.0 -48.9515001,-11.1155196996417,0.0 -48.9515768,-11.1156349996417,0.0 -48.9515756,-11.1158071996417,0.0 -48.951497,-11.1159596996417,0.0 -48.9515153,-11.1161128996417,0.0 -48.95167,-11.1161521996417,0.0 -48.951825,-11.1161531996417,0.0 -48.9519802,-11.1161159996417,0.0 -48.9521162,-11.1160595996417,0.0 -48.9522612,-11.1160987996417,0.0 -48.9524062,-11.1161380996417,0.0 -48.9525425,-11.1160432996417,0.0 -48.9526784,-11.1160059996417,0.0 -48.9528332,-11.1160261996417,0.0 -48.9529683,-11.1161035996417,0.0 -48.9531032,-11.1162001996417,0.0 -48.9532771,-11.1162587996417,0.0 -48.953413,-11.1162213996417,0.0 -48.9535297,-11.1161456996417,0.0 -48.9536656,-11.1161083996417,0.0 -48.9537824,-11.1160325996417,0.0 -48.9538991,-11.1159568996417,0.0 -48.9540159,-11.1158811996417,0.0 -48.9541708,-11.1158821996417,0.0 -48.9543258,-11.1158832996417,0.0 -48.9544611,-11.1159224996417,0.0 -48.9546157,-11.1159808996417,0.0 -48.9547509,-11.1160391996417,0.0 -48.9549053,-11.1161167996417,0.0 -48.9550208,-11.1162323996417,0.0 -48.9550586,-11.1163664996417,0.0 -48.9550381,-11.1165194996417,0.0 -48.9549212,-11.1166142996417,0.0 -48.9549202,-11.1167673996417,0.0 -48.9550162,-11.1168827996417,0.0 -48.9551318,-11.1169792996417,0.0 -48.9552667,-11.1170757996417,0.0 -48.9553824,-11.1171530996417,0.0 -48.955498,-11.1172495996417,0.0 -48.9556329,-11.1173461996417,0.0 -48.9557869,-11.1174810996417,0.0 -48.9559613,-11.1174822996417,0.0 -48.9561356,-11.1174834996417,0.0 -48.9563099,-11.1174846996417,0.0 -48.9564653,-11.1174282996417,0.0 -48.9565822,-11.1173334996417,0.0 -48.9566413,-11.1171999996417,0.0 -48.9567003,-11.1170663996417,0.0 -48.9567593,-11.1169328996417,0.0 -48.9568378,-11.1167994996417,0.0 -48.9569546,-11.1167046996417,0.0 -48.957168,-11.1166678996417,0.0 -48.957323,-11.1166688996417,0.0 -48.9574583,-11.1167080996417,0.0 -48.9575935,-11.1167663996417,0.0 -48.9577286,-11.1168437996417,0.0 -48.9579025,-11.1169023996417,0.0 -48.9580374,-11.1169989996417,0.0 -48.9581919,-11.1170765996417,0.0 -48.9583076,-11.1171538996417,0.0 -48.95852,-11.1172509996417,0.0 -48.9586552,-11.1173092996417,0.0 -48.9588486,-11.1173488996417,0.0 -48.9590419,-11.1174075996417,0.0 -48.9591965,-11.1174659996417,0.0 -48.9593318,-11.1175051996417,0.0 -48.9595062,-11.1175063996417,0.0 -48.9597191,-11.1175269996417,0.0 -48.9598739,-11.1175470996417,0.0 -48.9600093,-11.1175862996417,0.0 -48.9601835,-11.1176065996417,0.0 -48.960338,-11.1176650996417,0.0 -48.9604341,-11.1177804996417,0.0 -48.9604718,-11.1179337996417,0.0 -48.9604513,-11.1180867996417,0.0 -48.9604117,-11.1182203996417,0.0 -48.960314,-11.1183344996417,0.0 -48.9601973,-11.1184102996417,0.0 -48.9600419,-11.1184665996417,0.0 -48.9599249,-11.1185805996417,0.0 -48.9599043,-11.1187526996416,0.0 -48.959981,-11.1188679996416,0.0 -48.9600965,-11.1189643996416,0.0 -48.9602122,-11.1190416996416,0.0 -48.9603279,-11.1191189996416,0.0 -48.9604631,-11.1191772996416,0.0 -48.9605985,-11.1192164996416,0.0 -48.9607337,-11.1192747996416,0.0 -48.9608885,-11.1192949996416,0.0 -48.9610433,-11.1193151996416,0.0 -48.9611785,-11.1193734996416,0.0 -48.961372,-11.1194130996416,0.0 -48.9615072,-11.1194713996416,0.0 -48.9616424,-11.1195296996416,0.0 -48.9617972,-11.1195498996416,0.0 -48.9619522,-11.1195508996416,0.0 -48.9621072,-11.1195519996416,0.0 -48.9622623,-11.1195338996416,0.0 -48.9624369,-11.1194967996416,0.0 -48.962573,-11.1194211996416,0.0 -48.9627288,-11.1193074996416,0.0 -48.9628646,-11.1192700996416,0.0 -48.9629998,-11.1193284996416,0.0 -48.963135,-11.1193867996416,0.0 -48.9632506,-11.1194831996416,0.0 -48.9633855,-11.1195797996416,0.0 -48.9635206,-11.1196571996416,0.0 -48.9636557,-11.1197346996416,0.0 -48.9637909,-11.1197929996416,0.0 -48.9639064,-11.1198893996416,0.0 -48.9640416,-11.1199476996416,0.0 -48.9641768,-11.1200059996416,0.0 -48.9643705,-11.1200073996416,0.0 -48.9645256,-11.1199892996416,0.0 -48.9646615,-11.1199518996416,0.0 -48.9647784,-11.1198570996416,0.0 -48.9649144,-11.1198005996416,0.0 -48.9650311,-11.1197247996416,0.0 -48.9651861,-11.1197258996416,0.0 -48.9653603,-11.1197461996416,0.0 -48.9655152,-11.1197663996416,0.0 -48.9656894,-11.1197866996416,0.0 -48.9658247,-11.1198258996416,0.0 -48.96596,-11.1198650996416,0.0 -48.9660952,-11.1199233996416,0.0 -48.9662109,-11.1200006996416,0.0 -48.9663266,-11.1200779996416,0.0 -48.9664423,-11.1201552996416,0.0 -48.9665579,-11.1202516996416,0.0 -48.9666732,-11.1203863996416,0.0 -48.9667885,-11.1205210996416,0.0 -48.9669233,-11.1206367996416,0.0 -48.9670194,-11.1207522996416,0.0 -48.9671345,-11.1209060996416,0.0 -48.9672306,-11.1210215996416,0.0 -48.9673649,-11.1212137996416,0.0 -48.9674998,-11.1213103996416,0.0 -48.967654,-11.1214261996416,0.0 -48.9678081,-11.1215419996416,0.0 -48.9679236,-11.1216575996416,0.0 -48.9680196,-11.1217729996416,0.0 -48.9681157,-11.1218884996416,0.0 -48.9682314,-11.1219657996416,0.0 -48.9683663,-11.1220623996415,0.0 -48.968482,-11.1221396996415,0.0 -48.9685976,-11.1222360996415,0.0 -48.9687133,-11.1223133996415,0.0 -48.9688675,-11.1224291996415,0.0 -48.9690024,-11.1225257996415,0.0 -48.9691375,-11.1226032996415,0.0 -48.9692919,-11.1226807996415,0.0 -48.969427,-11.1227582996415,0.0 -48.9696203,-11.1228169996415,0.0 -48.9697747,-11.1228944996415,0.0 -48.9698904,-11.1229717996415,0.0 -48.969967,-11.1231062996415,0.0 -48.9700241,-11.1232596996415,0.0 -48.970023,-11.1234127996415,0.0 -48.9700219,-11.1235657996415,0.0 -48.9700596,-11.1237190996415,0.0 -48.9701168,-11.1238533996415,0.0 -48.9701935,-11.1239686996415,0.0 -48.9704055,-11.1241231996415,0.0 -48.9705407,-11.1241814996415,0.0 -48.970686,-11.1241824996415,0.0 -48.9708313,-11.1241834996415,0.0 -48.9710252,-11.1241656996415,0.0 -48.9711612,-11.1241091996415,0.0 -48.9712394,-11.1239948996415,0.0 -48.9712792,-11.1238421996415,0.0 -48.9713385,-11.1236703996415,0.0 -48.9714365,-11.1235179996415,0.0 -48.9715917,-11.1234807996415,0.0 -48.9717467,-11.1234817996415,0.0 -48.9718816,-11.1235783996415,0.0 -48.9719965,-11.1237704996415,0.0 -48.9720342,-11.1239237996415,0.0 -48.9720914,-11.1240580996415,0.0 -48.9722962,-11.1240803996415,0.0 -48.9724172,-11.1240931996415,0.0 -48.9725134,-11.1241774996415,0.0 -48.9725735,-11.1242496996415,0.0 -48.9727063,-11.1242983996415,0.0 -48.972807,-11.1242217996415,0.0 -48.9728407,-11.1241318996415,0.0 -48.9728898,-11.1240245996415,0.0 -48.9729859,-11.1238533996415,0.0 -48.973082,-11.1236820996415,0.0 -48.9732378,-11.1235683996415,0.0 -48.9733737,-11.1235118996415,0.0 -48.9735868,-11.1235132996415,0.0 -48.9737612,-11.1235144996415,0.0 -48.9737999,-11.1235147996415,0.0 -48.9740034,-11.1235065996415,0.0 -48.9742069,-11.1234983996415,0.0 -48.9743815,-11.1234612996415,0.0 -48.9745754,-11.1234242996415,0.0 -48.9747499,-11.1234063996415,0.0 -48.974905,-11.1233882996415,0.0 -48.9750409,-11.1233509996415,0.0 -48.975177,-11.1232752996415,0.0 -48.9753129,-11.1232379996415,0.0 -48.9754489,-11.1231814996415,0.0 -48.9756044,-11.1231059996415,0.0 -48.9757598,-11.1230496996415,0.0 -48.9758959,-11.1229740996415,0.0 -48.9760128,-11.1228791996415,0.0 -48.9761295,-11.1228034996415,0.0 -48.9762464,-11.1227085996415,0.0 -48.9763632,-11.1226327996415,0.0 -48.9765185,-11.1225764996415,0.0 -48.9766544,-11.1225391996415,0.0 -48.9767904,-11.1224826996415,0.0 -48.9769458,-11.1224262996415,0.0 -48.9771011,-11.1223699996415,0.0 -48.9772566,-11.1222944996415,0.0 -48.9773925,-11.1222570996415,0.0 -48.9775476,-11.1222390996415,0.0 -48.9777221,-11.1222210996415,0.0 -48.9778771,-11.1222220996415,0.0 -48.978032,-11.1222231996415,0.0 -48.978187,-11.1222241996415,0.0 -48.978342,-11.1222252996415,0.0 -48.978497,-11.1222262996415,0.0 -48.9786712,-11.1222465996415,0.0 -48.9788261,-11.1222475996415,0.0 -48.9789811,-11.1222486996415,0.0 -48.9791552,-11.1222880996415,0.0 -48.9793294,-11.1223083996415,0.0 -48.979484,-11.1223668996415,0.0 -48.9796193,-11.1224059996415,0.0 -48.979735,-11.1224832996415,0.0 -48.9798702,-11.1225415996415,0.0 -48.9800056,-11.1225807996415,0.0 -48.9801409,-11.1226199996415,0.0 -48.9802955,-11.1226783996415,0.0 -48.9804697,-11.1226986996415,0.0 -48.980644,-11.1226998996415,0.0 -48.980799,-11.1227008996415,0.0 -48.9809349,-11.1226635996415,0.0 -48.981071,-11.1225879996415,0.0 -48.981207,-11.1225314996415,0.0 -48.981343,-11.1224749996415,0.0 -48.981498,-11.1224760996415,0.0 -48.9816723,-11.1224771996415,0.0 -48.9818076,-11.1225163996415,0.0 -48.981943,-11.1225555996415,0.0 -48.9820587,-11.1226328996415,0.0 -48.9821938,-11.1227102996415,0.0 -48.9822703,-11.1228446996415,0.0 -48.9823856,-11.1229793996415,0.0 -48.9824428,-11.1231136996415,0.0 -48.9825194,-11.1232481996415,0.0 -48.9825961,-11.1233634996415,0.0 -48.9826725,-11.1235170996415,0.0 -48.9827492,-11.1236323996415,0.0 -48.9828064,-11.1237666996415,0.0 -48.9829219,-11.1238821996415,0.0 -48.9830374,-11.1239786996415,0.0 -48.983153,-11.1240750996415,0.0 -48.9832883,-11.1241142996415,0.0 -48.9833244,-11.1241348996415,0.0 -48.9834234,-11.1241916996415,0.0 -48.9835391,-11.1242689996415,0.0 -48.9836743,-11.1243272996415,0.0 -48.98379,-11.1244045996415,0.0 -48.9839252,-11.1244628996415,0.0 -48.9840606,-11.1245020996415,0.0 -48.9842156,-11.1245030996415,0.0 -48.9843705,-11.1245041996415,0.0 -48.9844873,-11.1244283996415,0.0 -48.984604,-11.1243526996415,0.0 -48.9847593,-11.1243154996415,0.0 -48.9849332,-11.1243739996415,0.0 -48.9850489,-11.1244512996415,0.0 -48.9851841,-11.1245095996415,0.0 -48.9853388,-11.1245488996415,0.0 -48.9854739,-11.1246263996415,0.0 -48.9854738,-11.1246454996415,0.0 -48.9856184,-11.1247420996415,0.0 -48.9857631,-11.1248387996415,0.0 -48.985918,-11.1248397996415,0.0 -48.986054,-11.1247832996415,0.0 -48.9862284,-11.1247844996415,0.0 -48.9864027,-11.1247856996415,0.0 -48.9865578,-11.1247675996415,0.0 -48.9867131,-11.1247302996415,0.0 -48.9868491,-11.1246738996415,0.0 -48.9869849,-11.1246364996415,0.0 -48.98714,-11.1246183996415,0.0 -48.9872951,-11.1246002996415,0.0 -48.987431,-11.1245629996415,0.0 -48.9875463,-11.1245494996415,0.0 -48.9875861,-11.1245448996415,0.0 -48.9877221,-11.1244883996415,0.0 -48.987858,-11.1244509996415,0.0 -48.9879747,-11.1243752996415,0.0 -48.9880915,-11.1242994996415,0.0 -48.9882084,-11.1242046996415,0.0 -48.9883445,-11.1241289996415,0.0 -48.9885,-11.1240534996415,0.0 -48.9886361,-11.1239778996415,0.0 -48.9887721,-11.1239213996415,0.0 -48.9888889,-11.1238456996415,0.0 -48.9890056,-11.1237699996415,0.0 -48.9891224,-11.1236941996415,0.0 -48.9892391,-11.1236184996415,0.0 -48.9893753,-11.1235427996415,0.0 -48.9895113,-11.1234863996415,0.0 -48.9896664,-11.1234682996415,0.0 -48.9898022,-11.1234308996415,0.0 -48.9899766,-11.1234320996415,0.0 -48.9901119,-11.1234711996415,0.0 -48.9902471,-11.1235294996415,0.0 -48.990402,-11.1235496996415,0.0 -48.9905569,-11.1235506996415,0.0 -48.9907119,-11.1235517996415,0.0 -48.9908863,-11.1235528996415,0.0 -48.9910412,-11.1235539996415,0.0 -48.9911771,-11.1235165996415,0.0 -48.9913325,-11.1234602996415,0.0 -48.9914683,-11.1234228996415,0.0 -48.9916046,-11.1233281996415,0.0 -48.9917022,-11.1232139996415,0.0 -48.9918384,-11.1231383996415,0.0 -48.9919746,-11.1230435996415,0.0 -48.9920915,-11.1229487996415,0.0 -48.9922083,-11.1228729996415,0.0 -48.9923444,-11.1227973996415,0.0 -48.9924805,-11.1227217996415,0.0 -48.9925974,-11.1226268996415,0.0 -48.9927142,-11.1225511996415,0.0 -48.9928157,-11.1224946996415,0.0 -48.9928503,-11.1224754996415,0.0 -48.9929862,-11.1224381996415,0.0 -48.993122,-11.1224007996415,0.0 -48.9932579,-11.1223634996415,0.0 -48.9933937,-11.1223260996415,0.0 -48.9935488,-11.1223079996415,0.0 -48.993704,-11.1222898996415,0.0 -48.9938786,-11.1222527996415,0.0 -48.9940335,-11.1222537996415,0.0 -48.9941886,-11.1222357996415,0.0 -48.9943436,-11.1222367996415,0.0 -48.9944986,-11.1222377996415,0.0 -48.9946729,-11.1222389996415,0.0 -48.9948279,-11.1222399996415,0.0 -48.9949829,-11.1222409996415,0.0 -48.9951572,-11.1222421996415,0.0 -48.9953316,-11.1222433996415,0.0 -48.9954865,-11.1222443996415,0.0 -48.9956219,-11.1222835996415,0.0 -48.9957767,-11.1223036996415,0.0 -48.9959199,-11.1223203996415,0.0 -48.9959509,-11.1223239996415,0.0 -48.9961057,-11.1223632996415,0.0 -48.9962606,-11.1223643996415,0.0 -48.9964155,-11.1223844996415,0.0 -48.9965702,-11.1224237996415,0.0 -48.996725,-11.1224439996415,0.0 -48.9968994,-11.1224450996415,0.0 -48.997054,-11.1225035996415,0.0 -48.9972087,-11.1225428996415,0.0 -48.9973439,-11.1226011996415,0.0 -48.9974987,-11.1226212996415,0.0 -48.9976341,-11.1226604996415,0.0 -48.997678,-11.1226715996415,0.0 -48.9978933,-11.1227225996415,0.0 -48.9981086,-11.1227734996415,0.0 -48.9982357,-11.1227743996415,0.0 -48.9983659,-11.1227721996415,0.0 -48.9985656,-11.1227705996415,0.0 -48.9987565,-11.1227538996415,0.0 -48.9989624,-11.1227432996415,0.0 -48.9991198,-11.1227353996415,0.0 -48.9992803,-11.1227214996415,0.0 -48.9994378,-11.1227135996415,0.0 -48.9995923,-11.1226906996415,0.0 -48.9997962,-11.1226866996415,0.0 -49.0000001,-11.1226826996415,0.0 -49.0001916,-11.1227286996415,0.0 -49.0003831,-11.1227746996415,0.0 -49.0005747,-11.1228206996415,0.0 -49.0007012,-11.1228215996415,0.0 -49.0007296,-11.1228217996415,0.0 -49.000865,-11.1228608996415,0.0 -49.0010544,-11.1229022996415,0.0 -49.0012439,-11.1229435996415,0.0 -49.001389,-11.1229684996415,0.0 -49.0015218,-11.1230290996415,0.0 -49.0016545,-11.1230897996415,0.0 -49.0017873,-11.1231504996415,0.0 -49.0019201,-11.1232110996415,0.0 -49.0020653,-11.1232240996415,0.0 -49.0022106,-11.1232249996415,0.0 -49.0023556,-11.1232618996415,0.0 -49.0025006,-11.1233106996415,0.0 -49.0026456,-11.1233474996415,0.0 -49.0027786,-11.1233842996415,0.0 -49.0029359,-11.1233972996415,0.0 -49.0030931,-11.1234221996415,0.0 -49.0032383,-11.1234470996415,0.0 -49.0033833,-11.1234838996415,0.0 -49.0035286,-11.1234848996415,0.0 -49.0036739,-11.1234858996415,0.0 -49.0038313,-11.1234868996415,0.0 -49.0039768,-11.1234519996415,0.0 -49.0041342,-11.1234529996415,0.0 -49.0042676,-11.1234180996415,0.0 -49.0044252,-11.1233951996415,0.0 -49.0045827,-11.1233842996415,0.0 -49.004728,-11.1233851996415,0.0 -49.0048733,-11.1233861996415,0.0 -49.0050428,-11.1233872996415,0.0 -49.0052485,-11.1234006996415,0.0 -49.0054057,-11.1234255996415,0.0 -49.0055508,-11.1234624996415,0.0 -49.0056957,-11.1235231996415,0.0 -49.0058285,-11.1235718996415,0.0 -49.0059733,-11.1236445996415,0.0 -49.0060817,-11.1237289996415,0.0 -49.0061899,-11.1238492996415,0.0 -49.0063222,-11.1239697996415,0.0 -49.0064183,-11.1240899996415,0.0 -49.0065267,-11.1241743996415,0.0 -49.0066473,-11.1242469996415,0.0 -49.0067799,-11.1243315996415,0.0 -49.0067798,-11.1243434996415,0.0 -49.0069566,-11.1244602996415,0.0 -49.0071334,-11.1245769996415,0.0 -49.0073102,-11.1246937996415,0.0 -49.0074725,-11.1247963996415,0.0 -49.0076348,-11.1248988996415,0.0 -49.0077971,-11.1250014996415,0.0 -49.0078563,-11.1252510996414,0.0 -49.0079154,-11.1255007996414,0.0 -49.0079337,-11.1256538996414,0.0 -49.007952,-11.1258070996414,0.0 -49.0080769,-11.1259609996414,0.0 -49.0082018,-11.1261148996414,0.0 -49.0083494,-11.1262497996414,0.0 -49.008497,-11.1263846996414,0.0 -49.0086446,-11.1265195996414,0.0 -49.0088377,-11.1266164996414,0.0 -49.0089923,-11.1266749996414,0.0 -49.009224,-11.1267912996414,0.0 -49.009281,-11.1269542996414,0.0 -49.009338,-11.1271172996414,0.0 -49.0094241,-11.1272804996414,0.0 -49.0095101,-11.1274436996414,0.0 -49.0095965,-11.1275590996414,0.0 -49.0096829,-11.1276743996414,0.0 -49.0098183,-11.1277135996414,0.0 -49.0099536,-11.1277526996414,0.0 -49.0101382,-11.1276773996414,0.0 -49.0103227,-11.1276020996414,0.0 -49.0104169,-11.1274627996414,0.0 -49.0105111,-11.1273235996414,0.0 -49.0105371,-11.1270606996414,0.0 -49.0105868,-11.1268696996414,0.0 -49.01069,-11.1267523996414,0.0 -49.0107931,-11.1266350996414,0.0 -49.0108797,-11.1265367996414,0.0 -49.0110253,-11.1264898996414,0.0 -49.0111469,-11.1264069996414,0.0 -49.0112686,-11.1263240996414,0.0 -49.0114392,-11.1261578996414,0.0 -49.0115377,-11.1259193996414,0.0 -49.0115874,-11.1257283996414,0.0 -49.0117825,-11.1255382996414,0.0 -49.0119762,-11.1254592996414,0.0 -49.01211,-11.1254046996414,0.0 -49.0122438,-11.1253500996414,0.0 -49.012389,-11.1253629996414,0.0 -49.0125343,-11.1253758996414,0.0 -49.0127517,-11.1254490996414,0.0 -49.0129692,-11.1255222996414,0.0 -49.0131866,-11.1255953996414,0.0 -49.0134041,-11.1256685996414,0.0 -49.0135486,-11.1257771996414,0.0 -49.0136932,-11.1258857996414,0.0 -49.0138703,-11.1259506996414,0.0 -49.0140475,-11.1260156996414,0.0 -49.0142246,-11.1260805996414,0.0 -49.0144183,-11.1260937996414,0.0 -49.0146119,-11.1261070996414,0.0 -49.0148662,-11.1260967996414,0.0 -49.0151206,-11.1260864996414,0.0 -49.0153387,-11.1260640996414,0.0 -49.0155568,-11.1260415996414,0.0 -49.0157348,-11.1259789996414,0.0 -49.0159128,-11.1259163996414,0.0 -49.0160908,-11.1258537996414,0.0 -49.0163214,-11.1257835996414,0.0 -49.0165519,-11.1257132996414,0.0 -49.0167699,-11.1256987996414,0.0 -49.016988,-11.1256842996414,0.0 -49.017206,-11.1256697996414,0.0 -49.0174486,-11.1256075996414,0.0 -49.0176912,-11.1255454996414,0.0 -49.0179338,-11.1254832996414,0.0 -49.0181522,-11.1254129996414,0.0 -49.0183706,-11.1253426996414,0.0 -49.0185726,-11.1253200996414,0.0 -49.0187745,-11.1252974996414,0.0 -49.0189765,-11.1252748996415,0.0 -49.0191863,-11.1252762996414,0.0 -49.0193962,-11.1252776996414,0.0 -49.0196061,-11.1252790996414,0.0 -49.0197755,-11.1252921996414,0.0 -49.0199449,-11.1253051996414,0.0 -49.0201869,-11.1253306996414,0.0 -49.0204289,-11.1253561996414,0.0 -49.0205985,-11.1253453996414,0.0 -49.0207681,-11.1253345996414,0.0 -49.020986,-11.1253359996414,0.0 -49.021204,-11.1253373996414,0.0 -49.0213493,-11.1253383996414,0.0 -49.0214946,-11.1253392996414,0.0 -49.02164,-11.1253163996414,0.0 -49.0217855,-11.1252933996414,0.0 -49.0219795,-11.1252468996414,0.0 -49.0221734,-11.1252241996415,0.0 -49.0224402,-11.1251541996415,0.0 -49.0227066,-11.1251559996415,0.0 -49.0228374,-11.1251891996415,0.0 -49.0230934,-11.1252541996415,0.0 -49.0232749,-11.1252792996414,0.0 -49.0234563,-11.1253043996414,0.0 -49.0235892,-11.1253530996414,0.0 -49.023722,-11.1254017996414,0.0 -49.0239879,-11.1254752996414,0.0 -49.0241328,-11.1255360996414,0.0 -49.0242777,-11.1255967996414,0.0 -49.0245076,-11.1256221996414,0.0 -49.0247375,-11.1256476996414,0.0 -49.0249312,-11.1256488996414,0.0 -49.0251249,-11.1256501996414,0.0 -49.0253188,-11.1256275996414,0.0 -49.0255127,-11.1256048996414,0.0 -49.0257066,-11.1255822996414,0.0 -49.0258401,-11.1255352996414,0.0 -49.0259736,-11.1254883996414,0.0 -49.0261312,-11.1254534996414,0.0 -49.0262889,-11.1254186996414,0.0 -49.0264828,-11.1253960996414,0.0 -49.0266766,-11.1253733996414,0.0 -49.0268302,-11.1253977996414,0.0 -49.0269838,-11.1254221996414,0.0 -49.0269911,-11.1254232996414,0.0 -49.0272331,-11.1254487996414,0.0 -49.0274751,-11.1254742996414,0.0 -49.027705,-11.1254996996414,0.0 -49.0279349,-11.1255251996414,0.0 -49.0281517,-11.1256137996414,0.0 -49.0283685,-11.1257023996414,0.0 -49.0284018,-11.1257579996414,0.0 -49.0284734,-11.1259018996414,0.0 -49.0285453,-11.1260219996414,0.0 -49.0286171,-11.1261419996414,0.0 -49.0287499,-11.1262026996414,0.0 -49.0288827,-11.1262632996414,0.0 -49.0291002,-11.1263364996414,0.0 -49.0292453,-11.1263613996414,0.0 -49.0293904,-11.1263862996414,0.0 -49.0294389,-11.1263865996414,0.0 -49.0296095,-11.1262202996414,0.0 -49.0298277,-11.1261738996414,0.0 -49.0299734,-11.1261269996414,0.0 -49.0301429,-11.1261280996414,0.0 -49.030385,-11.1261296996414,0.0 -49.0305784,-11.1261787996414,0.0 -49.0307475,-11.1262516996414,0.0 -49.0308923,-11.1263242996414,0.0 -49.0310127,-11.1264207996414,0.0 -49.0311333,-11.1264932996414,0.0 -49.0312294,-11.1266134996414,0.0 -49.0313012,-11.1267335996414,0.0 -49.0313973,-11.1268537996414,0.0 -49.0316389,-11.1269270996414,0.0 -49.0318806,-11.1270004996414,0.0 -49.0320985,-11.1270018996414,0.0 -49.032244,-11.1269788996414,0.0 -49.0323896,-11.1269319996414,0.0 -49.0325349,-11.1269329996414,0.0 -49.0326802,-11.1269339996414,0.0 -49.0328255,-11.1269348996414,0.0 -49.0329708,-11.1269358996414,0.0 -49.0331403,-11.1269369996414,0.0 -49.0332858,-11.1269139996414,0.0 -49.0334314,-11.1268670996414,0.0 -49.033601,-11.1268442996414,0.0 -49.0337948,-11.1268455996414,0.0 -49.0339404,-11.1267986996414,0.0 -49.0340619,-11.1267277996414,0.0 -49.0342077,-11.1266569996414,0.0 -49.0343293,-11.1265859996414,0.0 -49.0344749,-11.1265390996414,0.0 -49.0346202,-11.1265400996414,0.0 -49.0347655,-11.1265409996414,0.0 -49.0349108,-11.1265419996414,0.0 -49.0350559,-11.1265667996414,0.0 -49.0352007,-11.1266394996414,0.0 -49.0353455,-11.1267121996414,0.0 -49.0355146,-11.1267850996414,0.0 -49.0356598,-11.1267859996414,0.0 -49.0358051,-11.1267869996414,0.0 -49.0359661,-11.1267351996414,0.0 -49.0361271,-11.1266832996414,0.0 -49.0362938,-11.1266296996414,0.0 -49.0364604,-11.1265759996414,0.0 -49.0366057,-11.1265769996414,0.0 -49.036751,-11.1265778996414,0.0 -49.0368961,-11.1266027996414,0.0 -49.0370413,-11.1266275996414,0.0 -49.0372103,-11.1267004996414,0.0 -49.0373551,-11.1267731996414,0.0 -49.0375004,-11.1267740996414,0.0 -49.0376457,-11.1267750996414,0.0 -49.037791,-11.1267759996414,0.0 -49.0379363,-11.1267769996414,0.0 -49.0380816,-11.1267778996414,0.0 -49.0382267,-11.1268027996414,0.0 -49.0383718,-11.1268276996414,0.0 -49.0385163,-11.1269481996414,0.0 -49.0386124,-11.1270683996414,0.0 -49.0386842,-11.1271883996414,0.0 -49.0387803,-11.1273085996414,0.0 -49.0388764,-11.1274287996414,0.0 -49.0389723,-11.1275729996414,0.0 -49.0390441,-11.1276929996414,0.0 -49.0391402,-11.1278131996414,0.0 -49.0392363,-11.1279333996414,0.0 -49.0393565,-11.1280537996414,0.0 -49.0394771,-11.1281262996414,0.0 -49.0395974,-11.1282466996414,0.0 -49.039718,-11.1283191996414,0.0 -49.039887,-11.1283920996414,0.0 -49.0400076,-11.1284645996414,0.0 -49.0401282,-11.1285370996414,0.0 -49.0402731,-11.1286097996413,0.0 -49.0404421,-11.1286826996413,0.0 -49.0404905,-11.1286829996413,0.0 -49.040684,-11.1287160996413,0.0 -49.0408775,-11.1287492996413,0.0 -49.0410711,-11.1287823996413,0.0 -49.0411915,-11.1288788996413,0.0 -49.0413121,-11.1289513996413,0.0 -49.0414016,-11.1289962996413,0.0 -49.0414569,-11.1290240996413,0.0 -49.0415775,-11.1290966996413,0.0 -49.0417465,-11.1291694996413,0.0 -49.0418915,-11.1292182996413,0.0 -49.0420607,-11.1292671996413,0.0 -49.0422299,-11.1293160996413,0.0 -49.0423146,-11.1293286996413,0.0 -49.0423993,-11.1293411996413,0.0 -49.0425444,-11.1293659996413,0.0 -49.0426897,-11.1293669996413,0.0 -49.0428592,-11.1293680996413,0.0 -49.0430528,-11.1293932996413,0.0 -49.0432463,-11.1294183996413,0.0 -49.0433913,-11.1294671996413,0.0 -49.0435363,-11.1295159996413,0.0 -49.0436814,-11.1295407996413,0.0 -49.043802,-11.1296133996413,0.0 -49.0439714,-11.1296383996413,0.0 -49.0441164,-11.1296871996413,0.0 -49.0442617,-11.1296880996413,0.0 -49.0444069,-11.1296890996413,0.0 -49.0445522,-11.1296899996413,0.0 -49.0445897,-11.1296902996413,0.0 -49.0447218,-11.1296910996413,0.0 -49.0448669,-11.1297159996413,0.0 -49.0449875,-11.1297884996413,0.0 -49.0451081,-11.1298609996413,0.0 -49.0452326,-11.1299234996413,0.0 -49.0453572,-11.1299860996413,0.0 -49.0455706,-11.1300931996413,0.0 -49.0457839,-11.1302002996413,0.0 -49.0459045,-11.1302727996413,0.0 -49.0460141,-11.1304373996413,0.0 -49.0460484,-11.1304889996413,0.0 -49.0461687,-11.1306092996413,0.0 -49.0462893,-11.1306818996413,0.0 -49.0464341,-11.1307544996413,0.0 -49.0465791,-11.1308032996413,0.0 -49.0467242,-11.1308281996413,0.0 -49.0468212,-11.1308607996413,0.0 -49.0468692,-11.1308769996413,0.0 -49.0470145,-11.1308778996413,0.0 -49.0471598,-11.1308787996413,0.0 -49.0473052,-11.1308558996413,0.0 -49.047451,-11.1307850996413,0.0 -49.0475968,-11.1307142996413,0.0 -49.0477424,-11.1306673996413,0.0 -49.047888,-11.1306204996413,0.0 -49.0480338,-11.1305496996413,0.0 -49.0481796,-11.1304788996413,0.0 -49.0483013,-11.1303839996413,0.0 -49.048423,-11.1302891996413,0.0 -49.0485447,-11.1301942996413,0.0 -49.0486905,-11.1301234996413,0.0 -49.0488363,-11.1300526996413,0.0 -49.0489817,-11.1300296996413,0.0 -49.0491512,-11.1300307996413,0.0 -49.0492965,-11.1300317996413,0.0 -49.0494415,-11.1300804996413,0.0 -49.0495866,-11.1301053996413,0.0 -49.0497557,-11.1301781996413,0.0 -49.0499005,-11.1302508996413,0.0 -49.0500453,-11.1303235996413,0.0 -49.0501659,-11.1303960996413,0.0 -49.0502865,-11.1304686996413,0.0 -49.0504317,-11.1304934996413,0.0 -49.050601,-11.1305184996413,0.0 -49.0507462,-11.1305433996413,0.0 -49.0509392,-11.1306402996413,0.0 -49.0510598,-11.1307127996413,0.0 -49.0512048,-11.1307615996413,0.0 -49.0513496,-11.1308342996413,0.0 -49.0514946,-11.1308830996413,0.0 -49.0516401,-11.1308600996413,0.0 -49.0518585,-11.1307897996413,0.0 -49.052004,-11.1307667996413,0.0 -49.0521497,-11.1306959996413,0.0 -49.0522955,-11.1306251996413,0.0 -49.0524171,-11.1305541996413,0.0 -49.0525386,-11.1304832996413,0.0 -49.0526363,-11.1303642996413,0.0 -49.052758,-11.1302694996413,0.0 -49.0528314,-11.1301502996413,0.0 -49.0529291,-11.1300313996413,0.0 -49.0530508,-11.1299364996413,0.0 -49.0531725,-11.1298416996413,0.0 -49.0533913,-11.1297234996413,0.0 -49.0535128,-11.1296524996413,0.0 -49.0536583,-11.1296295996413,0.0 -49.053925,-11.1295834996413,0.0 -49.0540828,-11.1295246996413,0.0 -49.0542406,-11.1294658996413,0.0 -49.054435,-11.1293714996413,0.0 -49.0546537,-11.1292532996413,0.0 -49.0547996,-11.1291585996413,0.0 -49.0550187,-11.1289925996413,0.0 -49.0551646,-11.1288978996413,0.0 -49.0553109,-11.1287553996413,0.0 -49.0554327,-11.1286365996413,0.0 -49.0555545,-11.1285416996413,0.0 -49.0557004,-11.1284469996413,0.0 -49.0558219,-11.1283759996414,0.0 -49.0560161,-11.1283054996414,0.0 -49.0561379,-11.1282106996414,0.0 -49.0562835,-11.1281637996414,0.0 -49.0564291,-11.1281168996414,0.0 -49.0565749,-11.1280460996414,0.0 -49.0567205,-11.1279991996414,0.0 -49.0568664,-11.1279044996414,0.0 -49.0569881,-11.1278095996414,0.0 -49.0571098,-11.1277146996414,0.0 -49.0572556,-11.1276438996414,0.0 -49.0574014,-11.1275730996414,0.0 -49.0575956,-11.1275025996414,0.0 -49.0577417,-11.1273839996414,0.0 -49.0578873,-11.1273370996414,0.0 -49.0580331,-11.1272662996414,0.0 -49.0582197,-11.1271159996414,0.0 -49.0584064,-11.1269656996414,0.0 -49.058593,-11.1268154996414,0.0 -49.0587754,-11.1267089996414,0.0 -49.0589577,-11.1266025996414,0.0 -49.0592006,-11.1264845996414,0.0 -49.0594436,-11.1263665996414,0.0 -49.0596623,-11.1262483996414,0.0 -49.0598811,-11.1261301996414,0.0 -49.060051,-11.1260714996414,0.0 -49.0602209,-11.1260127996414,0.0 -49.0604877,-11.1259427996414,0.0 -49.0606697,-11.1258841996414,0.0 -49.0608518,-11.1258255996414,0.0 -49.0610218,-11.1257429996414,0.0 -49.0611919,-11.1256603996414,0.0 -49.061338,-11.1255416996414,0.0 -49.0614841,-11.1254230996414,0.0 -49.0616544,-11.1252147996414,0.0 -49.0618247,-11.1250064996415,0.0 -49.0618733,-11.1248175996415,0.0 -49.061922,-11.1246286996415,0.0 -49.0620363,-11.1245296996415,0.0 -49.0621631,-11.1244431996415,0.0 -49.0622898,-11.1243816996415,0.0 -49.0624291,-11.1243201996415,0.0 -49.0625683,-11.1242836996415,0.0 -49.0627073,-11.1242720996415,0.0 -49.0628463,-11.1242480996415,0.0 -49.0629355,-11.1241363996415,0.0 -49.0630623,-11.1240623996415,0.0 -49.0632141,-11.1240134996415,0.0 -49.0633659,-11.1239769996415,0.0 -49.0635178,-11.1239280996415,0.0 -49.0636569,-11.1238915996415,0.0 -49.0637961,-11.1238425996415,0.0 -49.0639353,-11.1238060996415,0.0 -49.0640744,-11.1237695996415,0.0 -49.0642137,-11.1237205996415,0.0 -49.064353,-11.1236590996415,0.0 -49.0644922,-11.1236101996415,0.0 -49.0646441,-11.1235611996415,0.0 -49.0647831,-11.1235496996415,0.0 -49.0649221,-11.1235255996415,0.0 -49.0651622,-11.1235021996415,0.0 -49.0653013,-11.1234781996415,0.0 -49.0654405,-11.1234416996415,0.0 -49.0655796,-11.1234050996415,0.0 -49.0657314,-11.1233686996415,0.0 -49.0658833,-11.1233197996415,0.0 -49.066035,-11.1232957996415,0.0 -49.0661741,-11.1232592996415,0.0 -49.0663133,-11.1232227996415,0.0 -49.066465,-11.1231862996415,0.0 -49.0666043,-11.1231248996415,0.0 -49.0667437,-11.1230633996415,0.0 -49.0668326,-11.1229891996415,0.0 -49.0670182,-11.1229196996415,0.0 -49.0672039,-11.1228501996415,0.0 -49.0673896,-11.1227806996415,0.0 -49.0675788,-11.1227220996415,0.0 -49.067768,-11.1226634996415,0.0 -49.0679572,-11.1226048996415,0.0 -49.0680522,-11.1225703996415,0.0 -49.068169,-11.1224946996415,0.0 -49.068305,-11.1224380996415,0.0 -49.0684411,-11.1223624996415,0.0 -49.0685772,-11.1222867996415,0.0 -49.0686939,-11.1222109996415,0.0 -49.0688305,-11.1220587996415,0.0 -49.0688714,-11.1219990996415,0.0 -49.0689088,-11.1219444996415,0.0 -49.0690259,-11.1218113996416,0.0 -49.0691041,-11.1216970996416,0.0 -49.0692798,-11.1215068996416,0.0 -49.0694164,-11.1213546996416,0.0 -49.0695526,-11.1212598996416,0.0 -49.0697276,-11.1211653996416,0.0 -49.0699413,-11.1210710996416,0.0 -49.0701745,-11.1209577996416,0.0 -49.0703104,-11.1209203996416,0.0 -49.0705819,-11.1208837996416,0.0 -49.070737,-11.1208656996416,0.0 -49.0709503,-11.1208287996416,0.0 -49.0711054,-11.1208106996416,0.0 -49.0712605,-11.1207924996416,0.0 -49.0714159,-11.1207360996416,0.0 -49.0715519,-11.1206795996416,0.0 -49.0717464,-11.1205660996416,0.0 -49.0718823,-11.1205094996416,0.0 -49.0720764,-11.1204533996416,0.0 -49.0722317,-11.1204160996416,0.0 -49.0723675,-11.1203786996416,0.0 -49.0725226,-11.1203605996416,0.0 -49.0726778,-11.1203423996416,0.0 -49.0728327,-11.1203433996416,0.0 -49.0729876,-11.1203635996416,0.0 -49.0731424,-11.1203836996416,0.0 -49.0733167,-11.1204038996416,0.0 -49.0735295,-11.1204435996416,0.0 -49.0736844,-11.1204636996416,0.0 -49.0738197,-11.1205027996416,0.0 -49.0738391,-11.1205028996416,0.0 -49.0740421,-11.1205615996416,0.0 -49.0742452,-11.1206202996416,0.0 -49.0743805,-11.1206594996416,0.0 -49.0745549,-11.1206605996416,0.0 -49.0747096,-11.1206997996416,0.0 -49.0748645,-11.1207199996416,0.0 -49.074876,-11.1207242996416,0.0 -49.0750191,-11.1207783996416,0.0 -49.0751544,-11.1208174996416,0.0 -49.0752897,-11.1208757996416,0.0 -49.0754638,-11.1209150996416,0.0 -49.0755991,-11.1209542996416,0.0 -49.0757925,-11.1210128996416,0.0 -49.0759667,-11.1210331996416,0.0 -49.07616,-11.1210917996416,0.0 -49.0763728,-11.1211504996416,0.0 -49.0765276,-11.1211706996416,0.0 -49.0767407,-11.1211719996416,0.0 -49.0768957,-11.1211729996416,0.0 -49.0770702,-11.1211549996416,0.0 -49.0772254,-11.1211176996416,0.0 -49.0773613,-11.1210802996416,0.0 -49.0775166,-11.1210238996416,0.0 -49.0776334,-11.1209480996416,0.0 -49.0777501,-11.1208723996416,0.0 -49.0778477,-11.1207581996416,0.0 -49.0779453,-11.1206439996416,0.0 -49.0780622,-11.1205490996416,0.0 -49.0780623,-11.1205299996416,0.0 -49.0781893,-11.1203680996416,0.0 -49.0783163,-11.1202062996416,0.0 -49.0783945,-11.1200919996416,0.0 -49.0784728,-11.1199776996416,0.0 -49.0785898,-11.1198636996416,0.0 -49.0787065,-11.1197878996416,0.0 -49.0788232,-11.1197120996416,0.0 -49.0788443,-11.1196983996416,0.0 -49.07894,-11.1196362996416,0.0 -49.079115,-11.1195417996416,0.0 -49.0792509,-11.1194851996416,0.0 -49.0794062,-11.1194479996416,0.0 -49.0795614,-11.1194106996416,0.0 -49.0797164,-11.1194116996416,0.0 -49.0799295,-11.1194129996416,0.0 -49.0800845,-11.1194139996416,0.0 -49.0802203,-11.1193765996416,0.0 -49.0803757,-11.1193201996416,0.0 -49.0805117,-11.1192636996416,0.0 -49.0806478,-11.1191879996416,0.0 -49.0807838,-11.1191314996416,0.0 -49.0809589,-11.1190177996416,0.0 -49.0810756,-11.1189419996416,0.0 -49.0812702,-11.1188092996416,0.0 -49.0813869,-11.1187335996416,0.0 -49.0815037,-11.1186577996417,0.0 -49.0816593,-11.1185630996417,0.0 -49.0818149,-11.1184683996417,0.0 -49.0819897,-11.1183929996417,0.0 -49.0821065,-11.1183171996417,0.0 -49.0822618,-11.1182607996417,0.0 -49.0823978,-11.1182042996417,0.0 -49.082553,-11.1181669996417,0.0 -49.082708,-11.1181679996417,0.0 -49.082863,-11.1181689996417,0.0 -49.0830178,-11.1181890996417,0.0 -49.0831727,-11.1182091996417,0.0 -49.0833276,-11.1182292996417,0.0 -49.0834629,-11.1182684996417,0.0 -49.0836176,-11.1183076996417,0.0 -49.083753,-11.1183468996417,0.0 -49.0838882,-11.1184050996417,0.0 -49.0840427,-11.1184825996417,0.0 -49.0841409,-11.1185388996417,0.0 -49.0841778,-11.1185599996417,0.0 -49.0843129,-11.1186373996417,0.0 -49.0844678,-11.1186574996416,0.0 -49.084603,-11.1187157996416,0.0 -49.0847384,-11.1187548996416,0.0 -49.084932,-11.1187752996416,0.0 -49.0850871,-11.1187570996416,0.0 -49.0852616,-11.1187390996416,0.0 -49.0854947,-11.1186448996416,0.0 -49.0856499,-11.1186076996417,0.0 -49.0857666,-11.1185318996417,0.0 -49.0860387,-11.1184951996417,0.0 -49.0863108,-11.1184584996417,0.0 -49.086466,-11.1183543996417,0.0 -49.0866212,-11.1182503996417,0.0 -49.0867767,-11.1181460996417,0.0 -49.0869322,-11.1180417996417,0.0 -49.0869884,-11.1179154996417,0.0 -49.0870494,-11.1177781996417,0.0 -49.0871105,-11.1176407996417,0.0 -49.0871694,-11.1175072996417,0.0 -49.0872091,-11.1173735996417,0.0 -49.0872681,-11.1172399996417,0.0 -49.0872691,-11.1170869996417,0.0 -49.0872894,-11.1169339996417,0.0 -49.0873484,-11.1168004996417,0.0 -49.0874653,-11.1167055996417,0.0 -49.0876015,-11.1166107996417,0.0 -49.0877184,-11.1165157996417,0.0 -49.0877966,-11.1164014996417,0.0 -49.087875,-11.1162680996417,0.0 -49.087934,-11.1161344996417,0.0 -49.0879737,-11.1159816996417,0.0 -49.0880327,-11.1158481996417,0.0 -49.0880918,-11.1156954996417,0.0 -49.0881702,-11.1155619996417,0.0 -49.0882486,-11.1154094996417,0.0 -49.0883463,-11.1152952996418,0.0 -49.0884825,-11.1152004996418,0.0 -49.0886187,-11.1151056996418,0.0 -49.0887548,-11.1150299996418,0.0 -49.0888716,-11.1149541996418,0.0 -49.0889884,-11.1148592996418,0.0 -49.0891245,-11.1147836996418,0.0 -49.0891246,-11.1147644996418,0.0 -49.0892868,-11.1146507996418,0.0 -49.089449,-11.1145369996418,0.0 -49.0896112,-11.1144231996418,0.0 -49.0898055,-11.1143287996418,0.0 -49.0899415,-11.1142721996418,0.0 -49.0901356,-11.1142160996418,0.0 -49.0903101,-11.1141980996418,0.0 -49.0904651,-11.1141989996418,0.0 -49.0906003,-11.1142572996418,0.0 -49.090755,-11.1142964996418,0.0 -49.0908903,-11.1143547996418,0.0 -49.0910255,-11.1144130996418,0.0 -49.0911801,-11.1144713996418,0.0 -49.0913155,-11.1145105996418,0.0 -49.0914704,-11.1145115996418,0.0 -49.0916254,-11.1145124996418,0.0 -49.0917805,-11.1144943996418,0.0 -49.0919164,-11.1144569996418,0.0 -49.0920907,-11.1144580996418,0.0 -49.0922457,-11.1144590996418,0.0 -49.0924007,-11.1144599996418,0.0 -49.092536,-11.1144991996418,0.0 -49.0926128,-11.1146144996418,0.0 -49.0926894,-11.1147488996418,0.0 -49.092766,-11.1148832996418,0.0 -49.0928815,-11.1149987996418,0.0 -49.0930166,-11.1150761996418,0.0 -49.0931324,-11.1151534996418,0.0 -49.0932675,-11.1152308996417,0.0 -49.0934026,-11.1153082996418,0.0 -49.0935572,-11.1153665996417,0.0 -49.0937118,-11.1154249996417,0.0 -49.0938469,-11.1155023996417,0.0 -49.0939821,-11.1155606996417,0.0 -49.094137,-11.1155807996417,0.0 -49.0942723,-11.1156198996417,0.0 -49.0944272,-11.1156399996417,0.0 -49.0945822,-11.1156409996417,0.0 -49.0947372,-11.1156419996417,0.0 -49.094892,-11.1156620996417,0.0 -49.0950467,-11.1157012996417,0.0 -49.0952211,-11.1157023996417,0.0 -49.0953761,-11.1157033996417,0.0 -49.0955312,-11.1156852996417,0.0 -49.0957253,-11.1156290996417,0.0 -49.0959195,-11.1155537996417,0.0 -49.0960554,-11.1155163996417,0.0 -49.0961722,-11.1154214996418,0.0 -49.0962889,-11.1153456996418,0.0 -49.0964058,-11.1152506996418,0.0 -49.0965034,-11.1151365996418,0.0 -49.096543,-11.1150028996418,0.0 -49.0965826,-11.1148691996418,0.0 -49.0966609,-11.1147548996418,0.0 -49.0967586,-11.1146215996418,0.0 -49.0968562,-11.1145073996418,0.0 -49.0969344,-11.1143930996418,0.0 -49.0969934,-11.1142594996418,0.0 -49.097033,-11.1141258996418,0.0 -49.0970534,-11.1139728996418,0.0 -49.097093,-11.1138391996418,0.0 -49.0971713,-11.1137248996418,0.0 -49.0972689,-11.1136107996418,0.0 -49.0973856,-11.1135349996418,0.0 -49.0975023,-11.1134591996418,0.0 -49.097677,-11.1134028996418,0.0 -49.097832,-11.1134037996418,0.0 -49.0980063,-11.1134240996418,0.0 -49.0981416,-11.1134631996418,0.0 -49.0982965,-11.1134832996418,0.0 -49.0984513,-11.1135033996418,0.0 -49.0986062,-11.1135234996418,0.0 -49.0987805,-11.1135245996418,0.0 -49.0989355,-11.1135255996418,0.0 -49.0990714,-11.1134881996418,0.0 -49.0992268,-11.1134126996418,0.0 -49.0993818,-11.1134135996418,0.0 -49.0995368,-11.1134145996418,0.0 -49.099672,-11.1134728996418,0.0 -49.0998073,-11.1135310996418,0.0 -49.0999425,-11.1135893996418,0.0 -49.1000777,-11.1136475996418,0.0 -49.100059,-11.1135518996418,0.0 -49.1002195,-11.1136867996418,0.0 -49.1003801,-11.1138216996418,0.0 -49.1005407,-11.1139566996418,0.0 -49.1006563,-11.1140530996418,0.0 -49.100772,-11.1141303996418,0.0 -49.1008878,-11.1142075996418,0.0 -49.1010229,-11.1142849996418,0.0 -49.1011774,-11.1143624996418,0.0 -49.1013126,-11.1144207996418,0.0 -49.101448,-11.1144598996418,0.0 -49.101603,-11.1144608996418,0.0 -49.1017773,-11.1144619996418,0.0 -49.1019515,-11.1144821996418,0.0 -49.1020869,-11.1145212996418,0.0 -49.1022415,-11.1145796996418,0.0 -49.1023961,-11.1146380996418,0.0 -49.1025313,-11.1146962996418,0.0 -49.1026666,-11.1147545996418,0.0 -49.1028017,-11.1148319996418,0.0 -49.1029369,-11.1148901996418,0.0 -49.1030722,-11.1149484996418,0.0 -49.1032074,-11.1150066996418,0.0 -49.1033231,-11.1150839996418,0.0 -49.1034388,-11.1151803996418,0.0 -49.1035531,-11.1152458996418,0.0 -49.1035739,-11.1152577996418,0.0 -49.1036896,-11.1153349996418,0.0 -49.1038054,-11.1154122996417,0.0 -49.1039405,-11.1154896996417,0.0 -49.1040757,-11.1155478996417,0.0 -49.1042302,-11.1156253996417,0.0 -49.1043656,-11.1156644996417,0.0 -49.1045008,-11.1157227996417,0.0 -49.104636,-11.1157809996417,0.0 -49.1047908,-11.1158202996417,0.0 -49.104926,-11.1158784996417,0.0 -49.1050809,-11.1158986996417,0.0 -49.1052357,-11.1159187996417,0.0 -49.1053906,-11.1159388996417,0.0 -49.1055454,-11.1159589996417,0.0 -49.1057003,-11.1159790996417,0.0 -49.1058743,-11.1160375996417,0.0 -49.106029,-11.1160767996417,0.0 -49.1061835,-11.1161542996417,0.0 -49.1062029,-11.1161544996417,0.0 -49.1063829,-11.1162066996417,0.0 -49.106563,-11.1162589996417,0.0 -49.106743,-11.1163112996417,0.0 -49.1068979,-11.1163313996417,0.0 -49.1070528,-11.1163514996417,0.0 -49.1071881,-11.1163905996417,0.0 -49.1073625,-11.1163916996417,0.0 -49.107595,-11.1163931996417,0.0 -49.1077499,-11.1163940996417,0.0 -49.1079049,-11.1163950996417,0.0 -49.1080601,-11.1163577996417,0.0 -49.1082151,-11.1163587996417,0.0 -49.1084287,-11.1162835996417,0.0 -49.1085454,-11.1162077996417,0.0 -49.1086814,-11.1161512996417,0.0 -49.1088367,-11.1161139996417,0.0 -49.1089919,-11.1160766996417,0.0 -49.1091662,-11.1160777996417,0.0 -49.1093211,-11.1160978996417,0.0 -49.1094761,-11.1160988996417,0.0 -49.1096504,-11.1160998996417,0.0 -49.1098052,-11.1161391996417,0.0 -49.1099794,-11.1161593996417,0.0 -49.1102312,-11.1161609996417,0.0 -49.1104831,-11.1161625996417,0.0 -49.1107347,-11.1162023996417,0.0 -49.1109284,-11.1162035996417,0.0 -49.1111608,-11.1162241996417,0.0 -49.1114319,-11.1162450996417,0.0 -49.1117029,-11.1162658996417,0.0 -49.1118578,-11.1162859996417,0.0 -49.1120618,-11.1162966996417,0.0 -49.1122658,-11.1163073996417,0.0 -49.1124987,-11.1162322996417,0.0 -49.1125965,-11.1160893996417,0.0 -49.1126943,-11.1159464996417,0.0 -49.1128566,-11.1157562996417,0.0 -49.1130188,-11.1155660996417,0.0 -49.1131811,-11.1153758996418,0.0 -49.1132789,-11.1152234996418,0.0 -49.1133958,-11.1151284996418,0.0 -49.1135316,-11.1150910996418,0.0 -49.1136866,-11.1150920996418,0.0 -49.1138227,-11.1150163996418,0.0 -49.1140172,-11.1149027996418,0.0 -49.1141536,-11.1147696996418,0.0 -49.1142318,-11.1146553996418,0.0 -49.1143101,-11.1145410996418,0.0 -49.1143883,-11.1144267996418,0.0 -49.1145054,-11.1142935996418,0.0 -49.1146223,-11.1141986996418,0.0 -49.1147581,-11.1141612996418,0.0 -49.1149132,-11.1141430996418,0.0 -49.1150682,-11.1141440996418,0.0 -49.1151839,-11.1142212996418,0.0 -49.1152997,-11.1142985996418,0.0 -49.1154154,-11.1143758996418,0.0 -49.115531,-11.1144721996418,0.0 -49.1156859,-11.1144922996418,0.0 -49.1158218,-11.1144548996418,0.0 -49.1159577,-11.1143983996418,0.0 -49.1160745,-11.1143225996418,0.0 -49.1161913,-11.1142275996418,0.0 -49.1162889,-11.1141134996418,0.0 -49.1163479,-11.1139798996418,0.0 -49.1164455,-11.1138656996418,0.0 -49.116582,-11.1137325996418,0.0 -49.1166796,-11.1136183996418,0.0 -49.1167772,-11.1135041996418,0.0 -49.1168941,-11.1133901996418,0.0 -49.1169917,-11.1132759996418,0.0 -49.1170701,-11.1131424996418,0.0 -49.1171291,-11.1130089996418,0.0 -49.1172073,-11.1128946996418,0.0 -49.1173435,-11.1127997996418,0.0 -49.117518,-11.1127817996418,0.0 -49.1176923,-11.1127828996418,0.0 -49.1178666,-11.1128030996418,0.0 -49.1180602,-11.1128234996418,0.0 -49.118215,-11.1128435996418,0.0 -49.11837,-11.1128444996418,0.0 -49.1185444,-11.1128455996418,0.0 -49.1186995,-11.1128274996418,0.0 -49.1189129,-11.1127713996418,0.0 -49.1190488,-11.1127339996418,0.0 -49.1192425,-11.1127351996418,0.0 -49.1193975,-11.1127361996418,0.0 -49.1195525,-11.1127370996418,0.0 -49.1197849,-11.1127385996418,0.0 -49.1199398,-11.1127586996418,0.0 -49.1200945,-11.1127978996418,0.0 -49.1202299,-11.1128369996418,0.0 -49.120404,-11.1128763996418,0.0 -49.1205392,-11.1129345996418,0.0 -49.1207523,-11.1129359996418,0.0 -49.1209073,-11.1129368996418,0.0 -49.1210427,-11.1129759996418,0.0 -49.121178,-11.1130151996418,0.0 -49.121333,-11.1130160996418,0.0 -49.1215461,-11.1130174996418,0.0 -49.1217397,-11.1130377996418,0.0 -49.1218946,-11.1130578996418,0.0 -49.1220494,-11.1130779996418,0.0 -49.1221848,-11.1131170996418,0.0 -49.1223202,-11.1131561996418,0.0 -49.1224554,-11.1132144996418,0.0 -49.1226104,-11.1132153996418,0.0 -49.1227654,-11.1132163996418,0.0 -49.12294,-11.1131791996418,0.0 -49.1230758,-11.1131417996418,0.0 -49.1232312,-11.1130853996418,0.0 -49.1233673,-11.1130096996418,0.0 -49.1235032,-11.1129530996418,0.0 -49.1236585,-11.1129157996418,0.0 -49.1238134,-11.1129167996418,0.0 -49.1239684,-11.1129177996418,0.0 -49.1241427,-11.1129379996418,0.0 -49.1242976,-11.1129388996418,0.0 -49.1244524,-11.1129781996418,0.0 -49.1246074,-11.1129790996418,0.0 -49.1246654,-11.1129985996418,0.0 -49.1248329,-11.1130089996418,0.0 -49.1250004,-11.1130192996418,0.0 -49.1251815,-11.1130879996418,0.0 -49.1253309,-11.1131739996418,0.0 -49.1254466,-11.1132512996418,0.0 -49.1255819,-11.1133094996418,0.0 -49.1257364,-11.1133869996418,0.0 -49.1258715,-11.1134643996418,0.0 -49.1260456,-11.1135036996418,0.0 -49.1262006,-11.1135046996418,0.0 -49.1263943,-11.1135058996418,0.0 -49.1265493,-11.1135068996418,0.0 -49.1267236,-11.1135078996418,0.0 -49.126898,-11.1135089996418,0.0 -49.127053,-11.1135099996418,0.0 -49.1272467,-11.1135111996418,0.0 -49.1273826,-11.1134737996418,0.0 -49.1275188,-11.1133789996418,0.0 -49.1276164,-11.1132647996418,0.0 -49.1276946,-11.1131504996418,0.0 -49.1277729,-11.1130169996418,0.0 -49.1278512,-11.1129026996418,0.0 -49.1279679,-11.1128268996418,0.0 -49.1280849,-11.1127127996418,0.0 -49.1282211,-11.1126179996418,0.0 -49.1283378,-11.1125421996418,0.0 -49.1285223,-11.1124763996418,0.0 -49.1287067,-11.1124104996418,0.0 -49.1288814,-11.1123541996418,0.0 -49.1290563,-11.1122787996418,0.0 -49.1291921,-11.1122413996418,0.0 -49.1293665,-11.1122423996418,0.0 -49.1295796,-11.1122437996418,0.0 -49.1297346,-11.1122446996418,0.0 -49.1298699,-11.1122837996418,0.0 -49.1300249,-11.1122847996418,0.0 -49.1301992,-11.1123049996418,0.0 -49.1303538,-11.1123633996418,0.0 -49.1305084,-11.1124216996418,0.0 -49.1306241,-11.1124989996418,0.0 -49.1307787,-11.1125573996418,0.0 -49.1309334,-11.1126156996418,0.0 -49.131088,-11.1126740996418,0.0 -49.1311265,-11.1127125996418,0.0 -49.1313391,-11.1127903996418,0.0 -49.1315517,-11.1128682996418,0.0 -49.1317643,-11.1129461996418,0.0 -49.1319574,-11.1130429996418,0.0 -49.1320927,-11.1131012996418,0.0 -49.1322864,-11.1131024996418,0.0 -49.1324609,-11.1130843996418,0.0 -49.1327131,-11.1130285996418,0.0 -49.1328877,-11.1129913996418,0.0 -49.133043,-11.1129349996418,0.0 -49.1331986,-11.1128402996418,0.0 -49.1334128,-11.1126693996418,0.0 -49.1335298,-11.1125552996418,0.0 -49.1335694,-11.1124215996418,0.0 -49.1336284,-11.1122879996418,0.0 -49.1337066,-11.1121736996418,0.0 -49.1338814,-11.1120982996419,0.0 -49.1340756,-11.1120228996419,0.0 -49.1342695,-11.1120049996419,0.0 -49.1344436,-11.1120443996418,0.0 -49.1346179,-11.1120453996419,0.0 -49.1347533,-11.1120844996418,0.0 -49.1349277,-11.1120855996419,0.0 -49.1350826,-11.1120865996418,0.0 -49.1352185,-11.1120491996419,0.0 -49.1353931,-11.1120119996419,0.0 -49.1355289,-11.1119745996419,0.0 -49.1356845,-11.1118798996419,0.0 -49.13584,-11.1118042996419,0.0 -49.1359761,-11.1117285996419,0.0 -49.1361124,-11.1116145996419,0.0 -49.1362295,-11.1114813996419,0.0 -49.1363465,-11.1113672996419,0.0 -49.1364247,-11.1112529996419,0.0 -49.1365615,-11.1110624996419,0.0 -49.1366791,-11.1108527996419,0.0 -49.1367187,-11.1107190996419,0.0 -49.1367777,-11.1105854996419,0.0 -49.1368559,-11.1104711996419,0.0 -49.1370121,-11.1102807996419,0.0 -49.1371677,-11.1101860996419,0.0 -49.1373226,-11.1101870996419,0.0 -49.1374774,-11.1102262996419,0.0 -49.1376511,-11.1103230996419,0.0 -49.1377864,-11.1103812996419,0.0 -49.1379021,-11.1104585996419,0.0 -49.1380567,-11.1105168996419,0.0 -49.1382116,-11.1105369996419,0.0 -49.1383666,-11.1105379996419,0.0 -49.1385216,-11.1105388996419,0.0 -49.1386383,-11.1104630996419,0.0 -49.1387551,-11.1103681996419,0.0 -49.1388916,-11.1102350996419,0.0 -49.1389892,-11.1101208996419,0.0 -49.1390674,-11.1100065996419,0.0 -49.1391457,-11.1098730996419,0.0 -49.1392241,-11.1097396996419,0.0 -49.1393604,-11.1096256996419,0.0 -49.1394964,-11.1095690996419,0.0 -49.1396518,-11.1094935996419,0.0 -49.1397878,-11.1094369996419,0.0 -49.1400014,-11.1093617996419,0.0 -49.1401373,-11.1093243996419,0.0 -49.1402925,-11.1092870996419,0.0 -49.1404283,-11.1092495996419,0.0 -49.1405835,-11.1092122996419,0.0 -49.1407194,-11.1091748996419,0.0 -49.1408554,-11.1091182996419,0.0 -49.1409912,-11.1090808996419,0.0 -49.1412044,-11.1090630996419,0.0 -49.1413595,-11.1090448996419,0.0 -49.1415145,-11.1090458996419,0.0 -49.1416695,-11.1090467996419,0.0 -49.1418437,-11.1090669996419,0.0 -49.1420181,-11.1090680996419,0.0 -49.1421924,-11.1090691996419,0.0 -49.1423474,-11.1090700996419,0.0 -49.1425024,-11.1090710996419,0.0 -49.1426768,-11.1090721996419,0.0 -49.1429095,-11.1090352996419,0.0 -49.1430647,-11.1089979996419,0.0 -49.1432199,-11.1089606996419,0.0 -49.1433559,-11.1089041996419,0.0 -49.1434726,-11.1088282996419,0.0 -49.1436086,-11.108771799642,0.0 -49.1437253,-11.108695999642,0.0 -49.1438616,-11.108581999642,0.0 -49.143998,-11.108467999642,0.0 -49.1441148,-11.108373099642,0.0 -49.1442315,-11.108297299642,0.0 -49.1443482,-11.108221499642,0.0 -49.1445037,-11.108145899642,0.0 -49.1446782,-11.108127799642,0.0 -49.1448332,-11.108128799642,0.0 -49.144988,-11.108148899642,0.0 -49.1451233,-11.108207099642,0.0 -49.145239,-11.108284399642,0.0 -49.1453739,-11.108399999642,0.0 -49.1455091,-11.108458199642,0.0 -49.1456441,-11.108554699642,0.0 -49.1457598,-11.108651099642,0.0 -49.1458755,-11.108728399642,0.0 -49.1460879,-11.1088444996419,0.0 -49.1461073,-11.108844599642,0.0 -49.1463006,-11.1089126996419,0.0 -49.1464939,-11.1089808996419,0.0 -49.1466291,-11.1090390996419,0.0 -49.1467836,-11.1091165996419,0.0 -49.1469769,-11.1091942996419,0.0 -49.1471316,-11.1092335996419,0.0 -49.1473056,-11.1092919996419,0.0 -49.1474408,-11.1093502996419,0.0 -49.147576,-11.1094275996419,0.0 -49.1477306,-11.1094859996419,0.0 -49.1478657,-11.1095633996419,0.0 -49.1480006,-11.1096789996419,0.0 -49.1481163,-11.1097561996419,0.0 -49.1482516,-11.1098144996419,0.0 -49.1484832,-11.1099497996419,0.0 -49.1486377,-11.1100272996419,0.0 -49.148773,-11.1100855996419,0.0 -49.1489081,-11.1101628996419,0.0 -49.1490631,-11.1101638996419,0.0 -49.1492181,-11.1101647996419,0.0 -49.1493924,-11.1101658996419,0.0 -49.1495474,-11.1101667996419,0.0 -49.1497024,-11.1101677996419,0.0 -49.1498575,-11.1101495996419,0.0 -49.1500126,-11.1101313996419,0.0 -49.1501677,-11.1101132996419,0.0 -49.1503229,-11.1100758996419,0.0 -49.1504588,-11.1100384996419,0.0 -49.1505947,-11.1099818996419,0.0 -49.1507116,-11.1098869996419,0.0 -49.150848,-11.1097538996419,0.0 -49.1509264,-11.1096203996419,0.0 -49.1510046,-11.1095060996419,0.0 -49.1510442,-11.1093723996419,0.0 -49.1510837,-11.1092386996419,0.0 -49.1511042,-11.1090666996419,0.0 -49.1511054,-11.1088752996419,0.0 -49.151087,-11.108722099642,0.0 -49.1510686,-11.108568999642,0.0 -49.1510503,-11.108396599642,0.0 -49.1510321,-11.108205199642,0.0 -49.1509749,-11.108070899642,0.0 -49.1509371,-11.107917599642,0.0 -49.1508411,-11.107783099642,0.0 -49.1508034,-11.107610599642,0.0 -49.1508045,-11.107438399642,0.0 -49.1508054,-11.107285399642,0.0 -49.1508258,-11.107132399642,0.0 -49.1508847,-11.106998899642,0.0 -49.150963,-11.106884499642,0.0 -49.1510219,-11.106750999642,0.0 -49.1511003,-11.106617499642,0.0 -49.1511786,-11.106484099642,0.0 -49.1512572,-11.106312299642,0.0 -49.1512777,-11.106121099642,0.0 -49.1512787,-11.105968099642,0.0 -49.1512797,-11.105814999642,0.0 -49.1512806,-11.105661899642,0.0 -49.1512816,-11.1055088996421,0.0 -49.1513212,-11.1053751996421,0.0 -49.1513415,-11.1052221996421,0.0 -49.1513618,-11.1050692996421,0.0 -49.151362,-11.1050501996421,0.0 -49.1514214,-11.1048399996421,0.0 -49.1514809,-11.1046298996421,0.0 -49.1515204,-11.1044961996421,0.0 -49.1515601,-11.1043433996421,0.0 -49.1515611,-11.1041903996421,0.0 -49.1516009,-11.1040183996421,0.0 -49.15166,-11.1038656996421,0.0 -49.1517384,-11.1037321996421,0.0 -49.151817,-11.1035413996421,0.0 -49.1518953,-11.1034270996421,0.0 -49.1519735,-11.1033126996421,0.0 -49.1520517,-11.1031983996421,0.0 -49.1521106,-11.1030647996421,0.0 -49.1521891,-11.1029121996421,0.0 -49.1522673,-11.1027978996421,0.0 -49.1523455,-11.1026835996421,0.0 -49.1524237,-11.1025692996421,0.0 -49.1525213,-11.1024550996421,0.0 -49.1526381,-11.1023600996421,0.0 -49.1527165,-11.1022266996422,0.0 -49.1527947,-11.1021122996422,0.0 -49.1528729,-11.1019979996422,0.0 -49.1529705,-11.1018837996422,0.0 -49.1530681,-11.1017695996422,0.0 -49.1531849,-11.1016746996422,0.0 -49.1532825,-11.1015604996422,0.0 -49.1533607,-11.1014460996422,0.0 -49.1534584,-11.1013127996422,0.0 -49.1535753,-11.1011986996422,0.0 -49.1536923,-11.1010845996422,0.0 -49.1538286,-11.1009706996422,0.0 -49.1539455,-11.1008756996422,0.0 -49.1540623,-11.1007806996422,0.0 -49.1541792,-11.1006666996422,0.0 -49.1543546,-11.1005146996422,0.0 -49.1544715,-11.1004005996422,0.0 -49.1545691,-11.1002863996422,0.0 -49.1546474,-11.1001528996422,0.0 -49.1547644,-11.1000387996422,0.0 -49.154862,-11.0999245996422,0.0 -49.1549986,-11.0997532996422,0.0 -49.155077,-11.0996197996422,0.0 -49.1551552,-11.0995054996422,0.0 -49.1552334,-11.0993911996422,0.0 -49.1553117,-11.0992576996422,0.0 -49.1553513,-11.0991239996422,0.0 -49.1554295,-11.0990096996423,0.0 -49.155449,-11.0989906996423,0.0 -49.1555212,-11.0987997996423,0.0 -49.1555935,-11.0986088996423,0.0 -49.1556657,-11.0984179996423,0.0 -49.1557247,-11.0982843996423,0.0 -49.1557642,-11.0981506996423,0.0 -49.1558039,-11.0979978996423,0.0 -49.1558629,-11.0978642996423,0.0 -49.1559412,-11.0977307996423,0.0 -49.1560196,-11.0975973996423,0.0 -49.1560978,-11.0974830996423,0.0 -49.156176,-11.0973686996423,0.0 -49.1562928,-11.0972737996423,0.0 -49.1564096,-11.0971787996423,0.0 -49.1565264,-11.0971029996423,0.0 -49.1566624,-11.0970272996423,0.0 -49.1567983,-11.0969898996423,0.0 -49.1569536,-11.0969333996423,0.0 -49.1570704,-11.0968384996423,0.0 -49.1570908,-11.0966854996423,0.0 -49.1570724,-11.0965322996423,0.0 -49.1570541,-11.0963599996423,0.0 -49.1570357,-11.0962067996423,0.0 -49.1569589,-11.0960915996423,0.0 -49.1569599,-11.0959384996423,0.0 -49.1569609,-11.0957662996423,0.0 -49.1569619,-11.0956131996424,0.0 -49.156963,-11.0954409996424,0.0 -49.1569833,-11.0952880996424,0.0 -49.1570423,-11.0951544996424,0.0 -49.1571206,-11.0950210996424,0.0 -49.1571988,-11.0949066996424,0.0 -49.1572775,-11.0947158996424,0.0 -49.1572981,-11.0945246996424,0.0 -49.1573184,-11.0943716996424,0.0 -49.1573966,-11.0942573996424,0.0 -49.1574752,-11.0940856996424,0.0 -49.1575534,-11.0939712996424,0.0 -49.1576702,-11.0938763996424,0.0 -49.1578065,-11.0937623996424,0.0 -49.1579426,-11.0936866996424,0.0 -49.1580983,-11.0935728996424,0.0 -49.1582537,-11.0934972996424,0.0 -49.1583898,-11.0934215996424,0.0 -49.1585066,-11.0933265996424,0.0 -49.1586237,-11.0931933996424,0.0 -49.1586827,-11.0930597996424,0.0 -49.1587416,-11.0929261996424,0.0 -49.1587812,-11.0927924996424,0.0 -49.1588403,-11.0926397996424,0.0 -49.1588799,-11.0925060996424,0.0 -49.1589584,-11.0923343996425,0.0 -49.1590174,-11.0922007996425,0.0 -49.1590956,-11.0920864996425,0.0 -49.1591934,-11.0919339996425,0.0 -49.1592524,-11.0918004996425,0.0 -49.1593307,-11.0916669996425,0.0 -49.1593896,-11.0915333996425,0.0 -49.159468,-11.0913999996425,0.0 -49.1595464,-11.0912473996425,0.0 -49.159586,-11.0911136996425,0.0 -49.1595861,-11.0910945996425,0.0 -49.1596208,-11.0909607996425,0.0 -49.1596556,-11.0908270996425,0.0 -49.1596903,-11.0906933996425,0.0 -49.1597251,-11.0905596996425,0.0 -49.159765,-11.0903685996425,0.0 -49.1597854,-11.0901964996425,0.0 -49.1598445,-11.0900437996425,0.0 -49.1598649,-11.0898907996425,0.0 -49.1598853,-11.0897186996425,0.0 -49.159925,-11.0895658996425,0.0 -49.1599263,-11.0893553996425,0.0 -49.1599659,-11.0892217996426,0.0 -49.1600256,-11.0889733996426,0.0 -49.1600846,-11.0888206996426,0.0 -49.1601242,-11.0886869996426,0.0 -49.1602024,-11.0885725996426,0.0 -49.1602615,-11.0884198996426,0.0 -49.1603401,-11.0882481996426,0.0 -49.1603991,-11.0880954996426,0.0 -49.1604387,-11.0879617996426,0.0 -49.1604783,-11.0878280996426,0.0 -49.1605181,-11.0876560996426,0.0 -49.1605578,-11.0875032996426,0.0 -49.1605781,-11.0873503996426,0.0 -49.160618,-11.0871783996426,0.0 -49.1606575,-11.0870446996426,0.0 -49.1607165,-11.0869110996426,0.0 -49.1607561,-11.0867773996426,0.0 -49.160815,-11.0866438996426,0.0 -49.1608546,-11.0865101996426,0.0 -49.1609329,-11.0863766996426,0.0 -49.1609922,-11.0861856996426,0.0 -49.1610512,-11.0860520996426,0.0 -49.1611103,-11.0858993996426,0.0 -49.1611885,-11.0857850996427,0.0 -49.1612667,-11.0856707996427,0.0 -49.1613646,-11.0854991996427,0.0 -49.161443,-11.0853465996427,0.0 -49.1615406,-11.0852323996427,0.0 -49.1616383,-11.0850989996427,0.0 -49.1617359,-11.0849847996427,0.0 -49.1618337,-11.0848322996427,0.0 -49.1618926,-11.0846987996427,0.0 -49.1619522,-11.0844694996427,0.0 -49.1619523,-11.0844503996427,0.0 -49.1621471,-11.0842729996427,0.0 -49.162342,-11.0840955996427,0.0 -49.1625368,-11.0839181996427,0.0 -49.162615,-11.0838038996427,0.0 -49.1627126,-11.0836896996427,0.0 -49.1628491,-11.0835373996427,0.0 -49.1629659,-11.0834424996427,0.0 -49.1630831,-11.0832900996427,0.0 -49.1632001,-11.0831759996427,0.0 -49.1632976,-11.0830617996427,0.0 -49.1634341,-11.0829286996427,0.0 -49.1635123,-11.0828143996427,0.0 -49.1636292,-11.0827002996427,0.0 -49.1637459,-11.0826244996428,0.0 -49.1639407,-11.0824533996428,0.0 -49.1640189,-11.0823390996428,0.0 -49.164136,-11.0822058996428,0.0 -49.1642143,-11.0820723996428,0.0 -49.1642927,-11.0819197996428,0.0 -49.1643712,-11.0817671996428,0.0 -49.1644495,-11.0816337996428,0.0 -49.1645279,-11.0814811996428,0.0 -49.1646061,-11.0813668996428,0.0 -49.1647425,-11.0812337996428,0.0 -49.1648789,-11.0811197996428,0.0 -49.1649956,-11.0810439996428,0.0 -49.1651123,-11.0809680996428,0.0 -49.1652483,-11.0808923996428,0.0 -49.1653265,-11.0807780996428,0.0 -49.1654242,-11.0806446996428,0.0 -49.1654832,-11.0805111996428,0.0 -49.1655616,-11.0803585996428,0.0 -49.1656402,-11.0801867996428,0.0 -49.1656797,-11.0800530996428,0.0 -49.1657193,-11.0799193996428,0.0 -49.1657589,-11.0797857996428,0.0 -49.1658568,-11.0796140996428,0.0 -49.165935,-11.0794997996428,0.0 -49.1660133,-11.0793663996429,0.0 -49.1661109,-11.0792520996429,0.0 -49.1662276,-11.0791762996429,0.0 -49.1663443,-11.0791004996429,0.0 -49.166461,-11.0790246996429,0.0 -49.1665777,-11.0789487996429,0.0 -49.1666753,-11.0788345996429,0.0 -49.1667536,-11.0787011996429,0.0 -49.1668125,-11.0785675996429,0.0 -49.166833,-11.0783954996429,0.0 -49.1668341,-11.0782232996429,0.0 -49.1668156,-11.0780700996429,0.0 -49.1667973,-11.0778977996429,0.0 -49.1667596,-11.0777444996429,0.0 -49.1667411,-11.0775912996429,0.0 -49.1667228,-11.0774189996429,0.0 -49.1667045,-11.0772466996429,0.0 -49.1666861,-11.0770934996429,0.0 -49.1666485,-11.0769210996429,0.0 -49.1666105,-11.0767868996429,0.0 -49.1665729,-11.0766144996429,0.0 -49.1665352,-11.0764419996429,0.0 -49.1665353,-11.0764228996429,0.0 -49.1664978,-11.0762248996429,0.0 -49.1664603,-11.076026999643,0.0 -49.1664228,-11.075829099643,0.0 -49.1664431,-11.075676099643,0.0 -49.1664441,-11.075522999643,0.0 -49.1664457,-11.075255199643,0.0 -49.1664468,-11.075082999643,0.0 -49.1664478,-11.074929899643,0.0 -49.1664295,-11.074757599643,0.0 -49.1663722,-11.074623299643,0.0 -49.1662955,-11.074488899643,0.0 -49.1661995,-11.074354399643,0.0 -49.1661037,-11.074181599643,0.0 -49.1661049,-11.073990299643,0.0 -49.1661059,-11.073837199643,0.0 -49.166107,-11.073664999643,0.0 -49.1661079,-11.073511899643,0.0 -49.1661089,-11.073358899643,0.0 -49.1661484,-11.073225199643,0.0 -49.1661689,-11.073053099643,0.0 -49.1662085,-11.0729193996431,0.0 -49.1663063,-11.0727668996431,0.0 -49.1663846,-11.0726334996431,0.0 -49.1664435,-11.0724998996431,0.0 -49.1664831,-11.0723661996431,0.0 -49.1665227,-11.0722324996431,0.0 -49.1665821,-11.0720223996431,0.0 -49.1666217,-11.0718886996431,0.0 -49.1666614,-11.0717357996431,0.0 -49.1667011,-11.0715829996431,0.0 -49.1667016,-11.0714872996431,0.0 -49.1668187,-11.0713540996431,0.0 -49.1669358,-11.0712208996431,0.0 -49.1670141,-11.0710873996431,0.0 -49.1670734,-11.0708964996431,0.0 -49.1671518,-11.0707438996431,0.0 -49.1671914,-11.0706101996431,0.0 -49.167231,-11.0704764996431,0.0 -49.1672899,-11.0703428996431,0.0 -49.1673295,-11.0702091996431,0.0 -49.1673499,-11.0700370996431,0.0 -49.1673704,-11.0698649996431,0.0 -49.16741,-11.0697121996431,0.0 -49.167411,-11.0695590996432,0.0 -49.1674506,-11.0694253996432,0.0 -49.1674515,-11.0692723996432,0.0 -49.1674718,-11.0691193996432,0.0 -49.1675503,-11.0689667996432,0.0 -49.1676093,-11.0688140996432,0.0 -49.1676489,-11.0686803996432,0.0 -49.1676694,-11.0685082996432,0.0 -49.1676703,-11.0683552996432,0.0 -49.1676714,-11.0681830996432,0.0 -49.167653,-11.0680298996432,0.0 -49.1676539,-11.0678767996432,0.0 -49.1676549,-11.0677236996432,0.0 -49.1676558,-11.0675706996432,0.0 -49.1676568,-11.0674175996432,0.0 -49.1676577,-11.0672644996432,0.0 -49.1676587,-11.0671114996432,0.0 -49.1676208,-11.0669772996432,0.0 -49.1676023,-11.0668240996432,0.0 -49.167584,-11.0666517996432,0.0 -49.1675656,-11.0664985996432,0.0 -49.1675472,-11.0663453996432,0.0 -49.1675289,-11.0661730996433,0.0 -49.1675106,-11.0660007996433,0.0 -49.1674922,-11.0658475996433,0.0 -49.1674543,-11.0657134996433,0.0 -49.1674362,-11.0655028996433,0.0 -49.1673986,-11.0653303996433,0.0 -49.1673987,-11.0653112996433,0.0 -49.1673614,-11.0650718996433,0.0 -49.1673242,-11.0648324996433,0.0 -49.1673446,-11.0646603996433,0.0 -49.1673844,-11.0644884996433,0.0 -49.1674047,-11.0643354996433,0.0 -49.1674829,-11.0642211996433,0.0 -49.1675611,-11.0641068996433,0.0 -49.1676779,-11.0640118996433,0.0 -49.1678921,-11.0638409996433,0.0 -49.1680088,-11.0637651996433,0.0 -49.1681256,-11.0636701996433,0.0 -49.1682038,-11.0635558996433,0.0 -49.1683207,-11.0634417996433,0.0 -49.1684376,-11.0633276996433,0.0 -49.1685352,-11.0632134996433,0.0 -49.1685748,-11.0630797996433,0.0 -49.1686916,-11.0629847996434,0.0 -49.1688083,-11.0629089996434,0.0 -49.1688866,-11.0627754996434,0.0 -49.1689262,-11.0626417996434,0.0 -49.1689851,-11.0625081996434,0.0 -49.1690634,-11.0623747996434,0.0 -49.1691031,-11.0622218996434,0.0 -49.1691237,-11.0620306996434,0.0 -49.1691632,-11.0618969996434,0.0 -49.1692608,-11.0617827996434,0.0 -49.1693391,-11.0616492996434,0.0 -49.1693981,-11.0615157996434,0.0 -49.1694762,-11.0614013996434,0.0 -49.1695158,-11.0612676996434,0.0 -49.1695749,-11.0611149996434,0.0 -49.1696146,-11.0609621996434,0.0 -49.1696541,-11.0608284996434,0.0 -49.1697517,-11.0607142996434,0.0 -49.1698684,-11.0606383996434,0.0 -49.1699851,-11.0605625996434,0.0 -49.170102,-11.0604484996434,0.0 -49.1702189,-11.0603343996434,0.0 -49.1702199,-11.0601813996434,0.0 -49.1702015,-11.0600281996434,0.0 -49.1701636,-11.0598939996434,0.0 -49.1701451,-11.0597407996434,0.0 -49.1701259,-11.0597215996434,0.0 -49.1700983,-11.0594917996435,0.0 -49.1700706,-11.0592619996435,0.0 -49.1700716,-11.0591089996435,0.0 -49.1700725,-11.0589558996435,0.0 -49.1700735,-11.0588027996435,0.0 -49.1700938,-11.0586498996435,0.0 -49.1701141,-11.0584968996435,0.0 -49.1701344,-11.0583439996435,0.0 -49.1701354,-11.0581908996435,0.0 -49.1702523,-11.0580767996435,0.0 -49.1703691,-11.0579818996435,0.0 -49.1703894,-11.0578288996435,0.0 -49.1703322,-11.0576945996435,0.0 -49.1703137,-11.0575413996435,0.0 -49.1703919,-11.0574270996435,0.0 -49.1705087,-11.0573320996435,0.0 -49.1706257,-11.0572179996435,0.0 -49.1707232,-11.0571037996435,0.0 -49.1708209,-11.0569704996435,0.0 -49.1709376,-11.0568946996435,0.0 -49.1710159,-11.0567611996435,0.0 -49.1710942,-11.0566276996435,0.0 -49.1711338,-11.0564939996436,0.0 -49.1711734,-11.0563602996436,0.0 -49.1712129,-11.0562265996436,0.0 -49.1712527,-11.0560546996436,0.0 -49.1712732,-11.0558825996436,0.0 -49.1713127,-11.0557488996436,0.0 -49.1713337,-11.0556779996436,0.0 -49.1713523,-11.0556151996436,0.0 -49.1714305,-11.0555007996436,0.0 -49.1714701,-11.0553671996436,0.0 -49.1714904,-11.0552141996436,0.0 -49.1714913,-11.0550610996436,0.0 -49.1714923,-11.0549080996436,0.0 -49.1714932,-11.0547549996436,0.0 -49.1714943,-11.0545827996436,0.0 -49.1714946,-11.0545370996436,0.0 -49.1714954,-11.0544105996436,0.0 -49.1714964,-11.0542383996436,0.0 -49.1714974,-11.0540852996436,0.0 -49.1714983,-11.0539322996436,0.0 -49.17148,-11.0537599996436,0.0 -49.1714616,-11.0536067996436,0.0 -49.1714238,-11.0534534996436,0.0 -49.1714248,-11.0533003996436,0.0 -49.1713869,-11.0531661996436,0.0 -49.1713873,-11.0530896996437,0.0 -49.1713878,-11.0530131996437,0.0 -49.1713499,-11.0528789996437,0.0 -49.1713121,-11.0527256996437,0.0 -49.1713131,-11.0525725996437,0.0 -49.1713131,-11.0525660996437,0.0 -49.1713141,-11.0524093996437,0.0 -49.1713141,-11.0524003996437,0.0 -49.1750809,-11.0541800996436,0.0 -49.1755463,-11.0543999996436,0.0 -49.1790638,-11.0560618996436,0.0 -49.1889702,-11.0607423996434,0.0 -49.1890858,-11.0608434996434,0.0 -49.1891723,-11.0609587996434,0.0 -49.1892441,-11.0610883996434,0.0 -49.1893306,-11.0612037996434,0.0 -49.1894316,-11.0613047996434,0.0 -49.1895326,-11.0614201996434,0.0 -49.1895754,-11.0615495996434,0.0 -49.1896473,-11.0616791996434,0.0 -49.1896754,-11.0618228996434,0.0 -49.1897036,-11.0619665996434,0.0 -49.1897318,-11.0621101996434,0.0 -49.1897454,-11.0622537996434,0.0 -49.1897591,-11.0623973996434,0.0 -49.1898309,-11.0625269996434,0.0 -49.1898308,-11.0625413996434,0.0 -49.1899258,-11.0626262996434,0.0 -49.1901054,-11.0627869996434,0.0 -49.1901044,-11.0629447996434,0.0 -49.1901042,-11.0629734996434,0.0 -49.1901684,-11.0631675996433,0.0 -49.1902326,-11.0633617996433,0.0 -49.1902608,-11.0635053996433,0.0 -49.1902743,-11.0636633996433,0.0 -49.1903025,-11.0638069996433,0.0 -49.1903307,-11.0639506996433,0.0 -49.1903734,-11.0640800996433,0.0 -49.1904162,-11.0642238996433,0.0 -49.1904305,-11.0642526996433,0.0 -49.1905092,-11.0644540996433,0.0 -49.1905878,-11.0646553996433,0.0 -49.1906306,-11.0647848996433,0.0 -49.1906733,-11.0649285996433,0.0 -49.1907307,-11.0650580996433,0.0 -49.1907588,-11.0652017996433,0.0 -49.1908016,-11.0653311996433,0.0 -49.1908444,-11.0654605996433,0.0 -49.1908726,-11.0656042996433,0.0 -49.1909008,-11.0657479996433,0.0 -49.1909144,-11.0658914996433,0.0 -49.190928,-11.0660350996433,0.0 -49.1909417,-11.0661786996433,0.0 -49.1909553,-11.0663222996433,0.0 -49.1909835,-11.0664659996432,0.0 -49.1910117,-11.0666096996432,0.0 -49.1910686,-11.0668108996432,0.0 -49.1910676,-11.0669687996432,0.0 -49.1910666,-11.0671265996432,0.0 -49.1910658,-11.0672700996432,0.0 -49.1910649,-11.0674135996432,0.0 -49.191064,-11.0675570996432,0.0 -49.1910631,-11.0677005996432,0.0 -49.1910622,-11.0678440996432,0.0 -49.1910613,-11.0679875996432,0.0 -49.1910605,-11.0681310996432,0.0 -49.1910596,-11.0682745996432,0.0 -49.1910587,-11.0684180996432,0.0 -49.1910867,-11.0685904996432,0.0 -49.1911149,-11.0687341996432,0.0 -49.191143,-11.0688921996432,0.0 -49.1911564,-11.0690644996432,0.0 -49.1911992,-11.0691938996432,0.0 -49.1912274,-11.0693375996432,0.0 -49.1912272,-11.0693662996432,0.0 -49.1913715,-11.0695249996431,0.0 -49.1914579,-11.0696546996431,0.0 -49.1915007,-11.0697840996431,0.0 -49.1914998,-11.0699275996431,0.0 -49.1914844,-11.0700709996431,0.0 -49.1914545,-11.0702142996431,0.0 -49.1914391,-11.0703576996431,0.0 -49.1914091,-11.0705010996431,0.0 -49.1913648,-11.0706299996431,0.0 -49.1913058,-11.0707587996431,0.0 -49.1912615,-11.0708876996431,0.0 -49.1912315,-11.0710309996431,0.0 -49.1911725,-11.0711740996431,0.0 -49.1911426,-11.0713174996431,0.0 -49.1910981,-11.0714606996431,0.0 -49.1910827,-11.0716040996431,0.0 -49.1910673,-11.0717474996431,0.0 -49.1910664,-11.0718909996431,0.0 -49.1911091,-11.0720347996431,0.0 -49.1911373,-11.0721784996431,0.0 -49.1911801,-11.0723078996431,0.0 -49.1912083,-11.0724515996431,0.0 -49.1912082,-11.0724658996431,0.0 -49.1912436,-11.0726095996431,0.0 -49.1912791,-11.0727532996431,0.0 -49.1913218,-11.0728970996431,0.0 -49.1913645,-11.073040899643,0.0 -49.1913927,-11.073184499643,0.0 -49.1913918,-11.073327999643,0.0 -49.1914054,-11.073471599643,0.0 -49.1914336,-11.073615299643,0.0 -49.1914764,-11.073744699643,0.0 -49.1915482,-11.073874299643,0.0 -49.1916345,-11.074018299643,0.0 -49.1916602,-11.074064599643,0.0 -49.1917064,-11.074147899643,0.0 -49.1917927,-11.074277599643,0.0 -49.1918792,-11.074392899643,0.0 -49.1919802,-11.074508299643,0.0 -49.1920812,-11.074623699643,0.0 -49.1921968,-11.074724899643,0.0 -49.192327,-11.074811799643,0.0 -49.192428,-11.074927199643,0.0 -49.192529,-11.075042599643,0.0 -49.1925289,-11.075056899643,0.0 -49.1925715,-11.075229399643,0.0 -49.1925706,-11.075372899643,0.0 -49.1925406,-11.075516199643,0.0 -49.192544,-11.075533299643,0.0 -49.1925688,-11.075659899643,0.0 -49.192714,-11.075675099643,0.0 -49.192845,-11.075632899643,0.0 -49.192976,-11.075590599643,0.0 -49.1931215,-11.075562799643,0.0 -49.1932525,-11.075520499643,0.0 -49.1933563,-11.075464299643,0.0 -49.1933837,-11.075449499643,0.0 -49.1935288,-11.075479099643,0.0 -49.1936153,-11.075594399643,0.0 -49.1936726,-11.075723899643,0.0 -49.1936873,-11.075798799643,0.0 -49.1937008,-11.075867599643,0.0 -49.1937436,-11.075996999643,0.0 -49.19383,-11.076112299643,0.0 -49.1939604,-11.0761704996429,0.0 -49.1941052,-11.0762574996429,0.0 -49.1942355,-11.0763299996429,0.0 -49.194366,-11.0763737996429,0.0 -49.1944006,-11.0763876996429,0.0 -49.1945109,-11.0764320996429,0.0 -49.1946412,-11.0765045996429,0.0 -49.1947716,-11.0765771996429,0.0 -49.1948873,-11.0766639996429,0.0 -49.1950177,-11.0767221996429,0.0 -49.1951481,-11.0767802996429,0.0 -49.1952785,-11.0768241996429,0.0 -49.1954237,-11.0768393996429,0.0 -49.195569,-11.0768402996429,0.0 -49.1957287,-11.0768555996429,0.0 -49.1958592,-11.0768993996429,0.0 -49.1959896,-11.0769575996429,0.0 -49.1961199,-11.0770444996429,0.0 -49.1962209,-11.0771598996429,0.0 -49.1962927,-11.0772894996429,0.0 -49.1963791,-11.0774190996429,0.0 -49.1964509,-11.0775630996429,0.0 -49.1965227,-11.0776925996429,0.0 -49.1966091,-11.0778222996429,0.0 -49.19671,-11.0779520996429,0.0 -49.196811,-11.0780674996429,0.0 -49.1968975,-11.0781827996429,0.0 -49.1969838,-11.0783124996429,0.0 -49.1970102,-11.0783720996429,0.0 -49.1970412,-11.0784419996429,0.0 -49.1970984,-11.0785857996429,0.0 -49.1971273,-11.0786146996429,0.0 -49.1971501,-11.0788467996429,0.0 -49.1971729,-11.0790789996429,0.0 -49.197172,-11.0792224996429,0.0 -49.197171,-11.0793802996429,0.0 -49.1971992,-11.0795239996428,0.0 -49.1972274,-11.0796676996428,0.0 -49.1973431,-11.0797544996428,0.0 -49.1974878,-11.0798413996428,0.0 -49.1976035,-11.0799281996428,0.0 -49.1977486,-11.0799577996428,0.0 -49.197879,-11.0800159996428,0.0 -49.1980094,-11.0800741996428,0.0 -49.1981396,-11.0801753996428,0.0 -49.1982553,-11.0802621996428,0.0 -49.198371,-11.0803489996428,0.0 -49.1984866,-11.0804500996428,0.0 -49.1985876,-11.0805655996428,0.0 -49.1986594,-11.0807094996428,0.0 -49.1987021,-11.0808531996428,0.0 -49.1987594,-11.0809826996428,0.0 -49.1988021,-11.0811264996428,0.0 -49.1988012,-11.0812699996428,0.0 -49.1988003,-11.0814278996428,0.0 -49.1987993,-11.0815856996428,0.0 -49.1987693,-11.0817433996428,0.0 -49.1987683,-11.0819011996428,0.0 -49.1987674,-11.0820446996428,0.0 -49.1987665,-11.0821881996428,0.0 -49.198751,-11.0823603996428,0.0 -49.1987356,-11.0825037996428,0.0 -49.1987201,-11.0826614996427,0.0 -49.1987047,-11.0828049996427,0.0 -49.1986747,-11.0829482996427,0.0 -49.1986593,-11.0830916996427,0.0 -49.1986446,-11.0831202996427,0.0 -49.1986434,-11.0833116996427,0.0 -49.1986423,-11.0835029996427,0.0 -49.1986411,-11.0836942996427,0.0 -49.1986401,-11.0838521996427,0.0 -49.1986392,-11.0839956996427,0.0 -49.1986384,-11.0841391996427,0.0 -49.198623,-11.0842825996427,0.0 -49.1986221,-11.0844260996427,0.0 -49.1985921,-11.0845693996427,0.0 -49.1985767,-11.0847127996427,0.0 -49.1985177,-11.0848559996427,0.0 -49.1984442,-11.0849990996427,0.0 -49.1983563,-11.0851276996427,0.0 -49.1982248,-11.0852416996427,0.0 -49.1980787,-11.0853699996427,0.0 -49.1979764,-11.0854697996427,0.0 -49.1978596,-11.0855695996427,0.0 -49.1977427,-11.0856693996427,0.0 -49.1976113,-11.0857689996427,0.0 -49.1974801,-11.0858399996427,0.0 -49.197349,-11.0858965996427,0.0 -49.1972034,-11.0859530996427,0.0 -49.1970724,-11.0859953996426,0.0 -49.1969125,-11.0860087996426,0.0 -49.196767,-11.0860365996426,0.0 -49.1966502,-11.0861219996426,0.0 -49.1965624,-11.0862362996426,0.0 -49.1965035,-11.0863650996426,0.0 -49.1964734,-11.0865227996426,0.0 -49.1964434,-11.0866804996426,0.0 -49.1964135,-11.0868237996426,0.0 -49.1963545,-11.0869669996426,0.0 -49.1963101,-11.0870958996426,0.0 -49.1962221,-11.0872244996426,0.0 -49.1961052,-11.0873385996426,0.0 -49.1960172,-11.0874815996426,0.0 -49.1959293,-11.0875958996426,0.0 -49.1958414,-11.0877100996426,0.0 -49.1957821,-11.0878962996426,0.0 -49.1956776,-11.0880521996426,0.0 -49.1955731,-11.0882080996426,0.0 -49.1954685,-11.0883639996426,0.0 -49.1955481,-11.0885813996426,0.0 -49.1956277,-11.0887987996426,0.0 -49.195685,-11.0889282996426,0.0 -49.1957713,-11.0890722996426,0.0 -49.1958577,-11.0892019996425,0.0 -49.1959588,-11.0893029996425,0.0 -49.1960598,-11.0894040996425,0.0 -49.1961755,-11.0894908996425,0.0 -49.1962912,-11.0895919996425,0.0 -49.1964068,-11.0896931996425,0.0 -49.1965225,-11.0897799996425,0.0 -49.1966529,-11.0898381996425,0.0 -49.1967978,-11.0898963996425,0.0 -49.1969281,-11.0899832996425,0.0 -49.1970437,-11.0900844996425,0.0 -49.1971447,-11.0901998996425,0.0 -49.1972311,-11.0903151996425,0.0 -49.1972973,-11.0904033996425,0.0 -49.1973176,-11.0904304996425,0.0 -49.1973294,-11.0904661996425,0.0 -49.1973604,-11.0905598996425,0.0 -49.1973741,-11.0907034996425,0.0 -49.1973731,-11.0908613996425,0.0 -49.1973867,-11.0910049996425,0.0 -49.1974732,-11.0911202996425,0.0 -49.1976036,-11.0911784996425,0.0 -49.1977202,-11.0912304996425,0.0 -49.197734,-11.0912365996425,0.0 -49.1978497,-11.0913233996425,0.0 -49.1979654,-11.0914101996425,0.0 -49.1980811,-11.0914969996425,0.0 -49.1982115,-11.0915695996425,0.0 -49.1983272,-11.0916563996425,0.0 -49.1984429,-11.0917431996425,0.0 -49.1985584,-11.0918586996425,0.0 -49.1985728,-11.0918873996425,0.0 -49.1986983,-11.0919527996425,0.0 -49.1988238,-11.0920180996425,0.0 -49.1989689,-11.0920476996425,0.0 -49.199114,-11.0920771996425,0.0 -49.1992593,-11.0920780996425,0.0 -49.1994047,-11.0920645996425,0.0 -49.1995357,-11.0920223996425,0.0 -49.1996813,-11.0919801996425,0.0 -49.1998269,-11.0919235996425,0.0 -49.199958,-11.0918669996425,0.0 -49.2000748,-11.0917815996425,0.0 -49.2001772,-11.0916673996425,0.0 -49.2003086,-11.0915676996425,0.0 -49.2004253,-11.0914822996425,0.0 -49.2005421,-11.0913968996425,0.0 -49.2006444,-11.0912970996425,0.0 -49.2007323,-11.0911827996425,0.0 -49.2008346,-11.0910829996425,0.0 -49.2009658,-11.0910119996425,0.0 -49.2011112,-11.0909984996425,0.0 -49.2012565,-11.0909993996425,0.0 -49.2014018,-11.0910001996425,0.0 -49.2015469,-11.0910297996425,0.0 -49.2016774,-11.0910735996425,0.0 -49.2018079,-11.0911174996425,0.0 -49.2019383,-11.0911756996425,0.0 -49.2020687,-11.0912337996425,0.0 -49.2022138,-11.0912633996425,0.0 -49.2023443,-11.0913071996425,0.0 -49.2024747,-11.0913653996425,0.0 -49.2025758,-11.0914664996425,0.0 -49.2026622,-11.0915960996425,0.0 -49.2027487,-11.0917114996425,0.0 -49.2028205,-11.0918409996425,0.0 -49.2028924,-11.0919705996425,0.0 -49.2029206,-11.0921142996425,0.0 -49.2029353,-11.0921893996425,0.0 -49.2029487,-11.0922579996425,0.0 -49.2030792,-11.0923017996425,0.0 -49.2031671,-11.0922936996425,0.0 -49.2032246,-11.0922882996425,0.0 -49.2033558,-11.0922173996425,0.0 -49.2034869,-11.0921606996425,0.0 -49.2036174,-11.0922045996425,0.0 -49.2037039,-11.0923198996425,0.0 -49.2037612,-11.0924493996424,0.0 -49.203804,-11.0925787996424,0.0 -49.2038147,-11.0927026996424,0.0 -49.2038176,-11.0927366996424,0.0 -49.2038458,-11.0928803996424,0.0 -49.203874,-11.0930240996424,0.0 -49.2039021,-11.0931677996424,0.0 -49.2039303,-11.0933113996424,0.0 -49.2039294,-11.0934548996424,0.0 -49.2039286,-11.0935983996424,0.0 -49.2038986,-11.0937417996424,0.0 -49.2038687,-11.0938850996424,0.0 -49.2038388,-11.0940283996424,0.0 -49.2038524,-11.0941719996424,0.0 -49.2039243,-11.0943015996424,0.0 -49.2040254,-11.0944026996424,0.0 -49.2041118,-11.0945179996424,0.0 -49.2042717,-11.0945045996424,0.0 -49.2044022,-11.0945627996424,0.0 -49.2044595,-11.0946922996424,0.0 -49.2045895,-11.0948221996424,0.0 -49.2048076,-11.0947947996424,0.0 -49.2048941,-11.0947699996424,0.0 -49.2050289,-11.0947314996424,0.0 -49.2051504,-11.0946604996424,0.0 -49.2052961,-11.0946015996424,0.0 -49.205466,-11.0945427996424,0.0 -49.2056237,-11.0944838996424,0.0 -49.2057692,-11.0944488996424,0.0 -49.2059145,-11.0944497996424,0.0 -49.2060598,-11.0944505996424,0.0 -49.2062051,-11.0944514996424,0.0 -49.2063381,-11.0944881996424,0.0 -49.2064587,-11.0945606996424,0.0 -49.2065916,-11.0946092996424,0.0 -49.2067246,-11.0946458996424,0.0 -49.2068697,-11.0946706996424,0.0 -49.2070026,-11.0947312996424,0.0 -49.2070867,-11.0948393996424,0.0 -49.2071708,-11.0949475996424,0.0 -49.2072548,-11.0950676996424,0.0 -49.2073267,-11.0951876996424,0.0 -49.2073986,-11.0953076996424,0.0 -49.2074462,-11.0954394996424,0.0 -49.2074943,-11.0954995996424,0.0 -49.2075333,-11.0956373996424,0.0 -49.2075654,-11.0957511996424,0.0 -49.2076252,-11.0958830996423,0.0 -49.2076607,-11.0960147996423,0.0 -49.2077204,-11.0961466996423,0.0 -49.2078533,-11.0961953996423,0.0 -49.2079862,-11.0962439996423,0.0 -49.2080338,-11.0963757996423,0.0 -49.2080693,-11.0965194996423,0.0 -49.2080926,-11.0966631996423,0.0 -49.208116,-11.0968067996423,0.0 -49.2081515,-11.0969385996423,0.0 -49.2081744,-11.0969614996423,0.0 -49.2082598,-11.0970468996423,0.0 -49.2084049,-11.0970716996423,0.0 -49.2084769,-11.0971916996423,0.0 -49.2084397,-11.0973229996423,0.0 -49.2083301,-11.0974299996423,0.0 -49.2082688,-11.0975611996423,0.0 -49.2083285,-11.0976930996423,0.0 -49.2084491,-11.0977774996423,0.0 -49.208424,-11.0979208996423,0.0 -49.2083988,-11.0980761996423,0.0 -49.2083734,-11.0981662996423,0.0 -49.2083617,-11.0982074996423,0.0 -49.2083244,-11.0983626996423,0.0 -49.2083235,-11.0985061996423,0.0 -49.2083227,-11.0986496996423,0.0 -49.2083218,-11.0987931996423,0.0 -49.2083209,-11.0989486996423,0.0 -49.20832,-11.0990921996422,0.0 -49.208307,-11.0992355996422,0.0 -49.2083175,-11.0994987996422,0.0 -49.2083526,-11.0997022996422,0.0 -49.2084239,-11.0999179996422,0.0 -49.2084594,-11.1000616996422,0.0 -49.2084949,-11.1001934996422,0.0 -49.2085424,-11.1003491996422,0.0 -49.2086021,-11.1004810996422,0.0 -49.2086497,-11.1006248996422,0.0 -49.2087216,-11.1007448996422,0.0 -49.2087813,-11.1008767996422,0.0 -49.2088893,-11.1010328996422,0.0 -49.2089015,-11.1010329996422,0.0 -49.2089734,-11.1011529996422,0.0 -49.2090453,-11.1012730996422,0.0 -49.209105,-11.1014049996422,0.0 -49.209177,-11.1015249996422,0.0 -49.2092367,-11.1016568996422,0.0 -49.2092358,-11.1018003996422,0.0 -49.2091987,-11.1019316996422,0.0 -49.2091253,-11.1020508996422,0.0 -49.2091244,-11.1022062996422,0.0 -49.2091356,-11.1023498996421,0.0 -49.2091711,-11.1024816996421,0.0 -49.2092066,-11.1026133996421,0.0 -49.2092543,-11.1027452996421,0.0 -49.2093747,-11.1028535996421,0.0 -49.2094952,-11.1029499996421,0.0 -49.2095914,-11.1030581996421,0.0 -49.2096755,-11.1031662996421,0.0 -49.2097473,-11.1032982996421,0.0 -49.209795,-11.1034300996421,0.0 -49.2098426,-11.1035619996421,0.0 -49.2099266,-11.1036819996421,0.0 -49.2100107,-11.1037901996421,0.0 -49.2100705,-11.1039220996421,0.0 -49.2101423,-11.1040540996421,0.0 -49.2102264,-11.1041621996421,0.0 -49.2103226,-11.1042703996421,0.0 -49.2104431,-11.1043667996421,0.0 -49.2105636,-11.1044631996421,0.0 -49.2105758,-11.1044512996421,0.0 -49.2106901,-11.1045774996421,0.0 -49.2108043,-11.1047037996421,0.0 -49.2109005,-11.1048119996421,0.0 -49.2109968,-11.1049201996421,0.0 -49.2111174,-11.1049926996421,0.0 -49.2112136,-11.1051008996421,0.0 -49.2112733,-11.1052327996421,0.0 -49.2113088,-11.1053764996421,0.0 -49.21132,-11.1055319996421,0.0 -49.2113191,-11.105675499642,0.0 -49.2113181,-11.105830999642,0.0 -49.2113292,-11.105998499642,0.0 -49.2113403,-11.106165999642,0.0 -49.2113758,-11.106297699642,0.0 -49.2114476,-11.106441699642,0.0 -49.2115195,-11.106561699642,0.0 -49.2115672,-11.106693499642,0.0 -49.211639,-11.106825499642,0.0 -49.2116987,-11.106969299642,0.0 -49.211722,-11.107112999642,0.0 -49.2117212,-11.107256499642,0.0 -49.2117208,-11.107316299642,0.0 -49.2116716,-11.107447499642,0.0 -49.2116223,-11.107578799642,0.0 -49.2115972,-11.107722099642,0.0 -49.2115721,-11.107865499642,0.0 -49.2115348,-11.108032699642,0.0 -49.2114854,-11.108187899642,0.0 -49.2114603,-11.108331199642,0.0 -49.2114716,-11.108474799642,0.0 -49.2115433,-11.108618799642,0.0 -49.2116517,-11.108715099642,0.0 -49.2117844,-11.1087995996419,0.0 -49.2119288,-11.1089438996419,0.0 -49.211952,-11.1091114996419,0.0 -49.211939,-11.1092548996419,0.0 -49.2119019,-11.1093862996419,0.0 -49.2118768,-11.1095415996419,0.0 -49.2118637,-11.1096969996419,0.0 -49.2118628,-11.1098523996419,0.0 -49.211874,-11.1099959996419,0.0 -49.2118973,-11.1101395996419,0.0 -49.2120057,-11.1102478996419,0.0 -49.2121019,-11.1103560996419,0.0 -49.2121981,-11.1104642996419,0.0 -49.2123065,-11.1105605996419,0.0 -49.2124392,-11.1106331996419,0.0 -49.2125841,-11.1107057996419,0.0 -49.2127171,-11.1107424996419,0.0 -49.2128622,-11.1107671996419,0.0 -49.212995,-11.1108397996419,0.0 -49.2130668,-11.1109717996419,0.0 -49.2131509,-11.1110798996419,0.0 -49.2132714,-11.1111762996419,0.0 -49.2133799,-11.1112605996419,0.0 -49.2134968,-11.1112805996419,0.0 -49.213525,-11.1112853996419,0.0 -49.2136825,-11.1112862996419,0.0 -49.2138278,-11.1112871996419,0.0 -49.2139731,-11.1112880996419,0.0 -49.2139852,-11.1112880996419,0.0 -49.2142111,-11.1113053996419,0.0 -49.214437,-11.1113226996419,0.0 -49.214663,-11.1113399996419,0.0 -49.2148203,-11.1113528996419,0.0 -49.2149656,-11.1113537996419,0.0 -49.2151112,-11.1113067996419,0.0 -49.2152208,-11.1111997996419,0.0 -49.2153063,-11.1110806996419,0.0 -49.2153917,-11.1109735996419,0.0 -49.2154893,-11.1108545996419,0.0 -49.2156351,-11.1107716996419,0.0 -49.2157804,-11.1107725996419,0.0 -49.2159378,-11.1107854996419,0.0 -49.2160949,-11.1108342996419,0.0 -49.2162155,-11.1109066996419,0.0 -49.216324,-11.1109910996419,0.0 -49.2164325,-11.1110753996419,0.0 -49.2165409,-11.1111597996419,0.0 -49.216686,-11.1111964996419,0.0 -49.216819,-11.1112331996419,0.0 -49.216964,-11.1112818996419,0.0 -49.2171091,-11.1113066996419,0.0 -49.2172546,-11.1112835996419,0.0 -49.2173881,-11.1112365996419,0.0 -49.2175216,-11.1111894996419,0.0 -49.2176669,-11.1111783996419,0.0 -49.2178121,-11.1112031996419,0.0 -49.2179571,-11.1112518996419,0.0 -49.2179691,-11.1112638996419,0.0 -49.2181506,-11.1112948996419,0.0 -49.218332,-11.1113258996419,0.0 -49.2184894,-11.1113267996419,0.0 -49.2186468,-11.1113276996419,0.0 -49.2187922,-11.1113285996419,0.0 -49.2189375,-11.1113294996419,0.0 -49.2190828,-11.1113302996419,0.0 -49.2192646,-11.1112954996419,0.0 -49.2194826,-11.1112847996419,0.0 -49.2196281,-11.1112617996419,0.0 -49.2197615,-11.1112266996419,0.0 -49.219895,-11.1111796996419,0.0 -49.2200403,-11.1111685996419,0.0 -49.2201856,-11.1111813996419,0.0 -49.2202697,-11.1112894996419,0.0 -49.2204151,-11.1112663996419,0.0 -49.2205366,-11.1111953996419,0.0 -49.2206221,-11.1110882996419,0.0 -49.220635,-11.1109447996419,0.0 -49.2206964,-11.1108136996419,0.0 -49.2208059,-11.1107305996419,0.0 -49.2209512,-11.1107314996419,0.0 -49.2210718,-11.1108038996419,0.0 -49.2212169,-11.1108406996419,0.0 -49.2213264,-11.1107575996419,0.0 -49.2213756,-11.1106262996419,0.0 -49.2214972,-11.1105432996419,0.0 -49.2216667,-11.1105442996419,0.0 -49.2217508,-11.1106524996419,0.0 -49.2217984,-11.1107962996419,0.0 -49.2219434,-11.1108449996419,0.0 -49.2220769,-11.1107978996419,0.0 -49.222114,-11.1106665996419,0.0 -49.2221511,-11.1105351996419,0.0 -49.2222245,-11.1104160996419,0.0 -49.2223341,-11.1103090996419,0.0 -49.2224677,-11.1102500996419,0.0 -49.2226133,-11.1101911996419,0.0 -49.2226867,-11.1100719996419,0.0 -49.2227601,-11.1099527996419,0.0 -49.2228456,-11.1098337996419,0.0 -49.2229311,-11.1097146996419,0.0 -49.2230286,-11.1095956996419,0.0 -49.2231381,-11.1095125996419,0.0 -49.2232235,-11.1094054996419,0.0 -49.223309,-11.1092982996419,0.0 -49.2233944,-11.1091792996419,0.0 -49.2234799,-11.1090601996419,0.0 -49.2235653,-11.1089529996419,0.0 -49.2236628,-11.108845999642,0.0 -49.2237725,-11.108738999642,0.0 -49.223882,-11.108655899642,0.0 -49.2239795,-11.108548899642,0.0 -49.224089,-11.108453899642,0.0 -49.2242226,-11.108394799642,0.0 -49.224368,-11.108371799642,0.0 -49.2245254,-11.108384699642,0.0 -49.2246707,-11.108385499642,0.0 -49.2248041,-11.108338499642,0.0 -49.2248896,-11.108231399642,0.0 -49.224975,-11.108112299642,0.0 -49.2250604,-11.108005099642,0.0 -49.225158,-11.107886099642,0.0 -49.2251582,-11.107862199642,0.0 -49.2253222,-11.107766299642,0.0 -49.2254863,-11.107670399642,0.0 -49.2256175,-11.107599399642,0.0 -49.2257486,-11.107542799642,0.0 -49.2258654,-11.107457399642,0.0 -49.2259966,-11.107371999642,0.0 -49.2261279,-11.107286699642,0.0 -49.2263174,-11.107187399642,0.0 -49.2264633,-11.107087799642,0.0 -49.2266092,-11.107002499642,0.0 -49.2267405,-11.106917199642,0.0 -49.2268572,-11.106831799642,0.0 -49.2269885,-11.106746399642,0.0 -49.2271197,-11.106675499642,0.0 -49.2272365,-11.106589999642,0.0 -49.2273388,-11.106490199642,0.0 -49.2274122,-11.106361499642,0.0 -49.2274857,-11.106218399642,0.0 -49.2275301,-11.106089499642,0.0 -49.2275745,-11.105960599642,0.0 -49.2275753,-11.105817099642,0.0 -49.2275762,-11.105673599642,0.0 -49.2276062,-11.1055158996421,0.0 -49.2276651,-11.1053870996421,0.0 -49.2277385,-11.1052583996421,0.0 -49.2278409,-11.1051441996421,0.0 -49.2279577,-11.1050586996421,0.0 -49.2280745,-11.1049589996421,0.0 -49.2281769,-11.1048590996421,0.0 -49.2282503,-11.1047303996421,0.0 -49.2282512,-11.1045868996421,0.0 -49.228252,-11.1044433996421,0.0 -49.2282674,-11.1042999996421,0.0 -49.2283554,-11.1041712996421,0.0 -49.2284144,-11.1040137996421,0.0 -49.2284146,-11.1039850996421,0.0 -49.2285757,-11.1037707996421,0.0 -49.2286636,-11.1036564996421,0.0 -49.2287515,-11.1035421996421,0.0 -49.2288683,-11.1034424996421,0.0 -49.2289995,-11.1033714996421,0.0 -49.2291307,-11.1033004996421,0.0 -49.2292765,-11.1032295996421,0.0 -49.2294511,-11.1031875996421,0.0 -49.2296259,-11.1031167996421,0.0 -49.229786,-11.1030746996421,0.0 -49.2299604,-11.1030613996421,0.0 -49.2301058,-11.1030478996421,0.0 -49.2302947,-11.1030489996421,0.0 -49.2304691,-11.1030356996421,0.0 -49.2306146,-11.1030077996421,0.0 -49.23076,-11.1029942996421,0.0 -49.2309055,-11.1029664996421,0.0 -49.2310365,-11.1029241996421,0.0 -49.2312256,-11.1028822996421,0.0 -49.2313567,-11.1028399996421,0.0 -49.2315167,-11.1028121996421,0.0 -49.2316767,-11.1027844996421,0.0 -49.2318221,-11.1027565996421,0.0 -49.2319674,-11.1027574996421,0.0 -49.2321273,-11.1027583996421,0.0 -49.2322725,-11.1027592996421,0.0 -49.2324178,-11.1027600996421,0.0 -49.2325631,-11.1027609996421,0.0 -49.2327084,-11.1027617996421,0.0 -49.2328683,-11.1027627996421,0.0 -49.2330281,-11.1027636996421,0.0 -49.2331879,-11.1027645996421,0.0 -49.2333184,-11.1028084996421,0.0 -49.2334779,-11.1028667996421,0.0 -49.233623,-11.1029106996421,0.0 -49.2337534,-11.1029688996421,0.0 -49.2338984,-11.1030127996421,0.0 -49.2340436,-11.1030279996421,0.0 -49.2341889,-11.1030287996421,0.0 -49.23432,-11.1029864996421,0.0 -49.2344657,-11.1029155996421,0.0 -49.2346115,-11.1028303996421,0.0 -49.2347428,-11.1027450996421,0.0 -49.2348596,-11.1026595996421,0.0 -49.2349908,-11.1025742996421,0.0 -49.2351076,-11.1024888996421,0.0 -49.2352244,-11.1024033996421,0.0 -49.2353555,-11.1023467996421,0.0 -49.2354865,-11.1023044996422,0.0 -49.2356319,-11.1022909996422,0.0 -49.2357772,-11.1022918996422,0.0 -49.2359806,-11.1022930996422,0.0 -49.2361257,-11.1023225996422,0.0 -49.23614,-11.1023657996421,0.0 -49.2363356,-11.1024655996421,0.0 -49.2365311,-11.1025653996421,0.0 -49.2365107,-11.1027374996421,0.0 -49.2365098,-11.1028904996421,0.0 -49.2365089,-11.1030435996421,0.0 -49.2365079,-11.1031966996421,0.0 -49.236507,-11.1033497996421,0.0 -49.2365061,-11.1035027996421,0.0 -49.2365051,-11.1036749996421,0.0 -49.2365234,-11.1038473996421,0.0 -49.2365806,-11.1040007996421,0.0 -49.2366572,-11.1041542996421,0.0 -49.2367534,-11.1042696996421,0.0 -49.2368107,-11.1044038996421,0.0 -49.236868,-11.1045381996421,0.0 -49.2369641,-11.1046726996421,0.0 -49.2369997,-11.1047082996421,0.0 -49.2370196,-11.1047282996421,0.0 -49.2370796,-11.1047881996421,0.0 -49.2371953,-11.1048845996421,0.0 -49.2373109,-11.1049808996421,0.0 -49.2375434,-11.1049917996421,0.0 -49.2377758,-11.1050027996421,0.0 -49.2379309,-11.1049844996421,0.0 -49.2380859,-11.1049853996421,0.0 -49.2382602,-11.1049864996421,0.0 -49.2384152,-11.1049873996421,0.0 -49.2385702,-11.1049882996421,0.0 -49.2387252,-11.1049891996421,0.0 -49.2388803,-11.1049709996421,0.0 -49.2390352,-11.1049909996421,0.0 -49.2391706,-11.1050300996421,0.0 -49.239345,-11.1050118996421,0.0 -49.2393913,-11.1049926996421,0.0 -49.239481,-11.1049552996421,0.0 -49.239636,-11.1049561996421,0.0 -49.2397907,-11.1049953996421,0.0 -49.2399258,-11.1050918996421,0.0 -49.2399249,-11.1052448996421,0.0 -49.239924,-11.1053980996421,0.0 -49.2399619,-11.1055321996421,0.0 -49.2400973,-11.105571199642,0.0 -49.2401056,-11.1055657996421,0.0 -49.240214,-11.1054953996421,0.0 -49.2403308,-11.1054003996421,0.0 -49.2404667,-11.1053437996421,0.0 -49.2406411,-11.1053447996421,0.0 -49.2407764,-11.1054029996421,0.0 -49.2408337,-11.105537299642,0.0 -49.2408715,-11.105690599642,0.0 -49.2409677,-11.105805899642,0.0 -49.2411028,-11.105883299642,0.0 -49.2412576,-11.105922399642,0.0 -49.2413929,-11.105980599642,0.0 -49.2415479,-11.105981499642,0.0 -49.2416832,-11.106020599642,0.0 -49.2417794,-11.106135999642,0.0 -49.2417591,-11.106288899642,0.0 -49.2416616,-11.106403199642,0.0 -49.241564,-11.106517399642,0.0 -49.2414884,-11.106646399642,0.0 -49.2414857,-11.106650899642,0.0 -49.2414462,-11.106784599642,0.0 -49.2414259,-11.106937599642,0.0 -49.2414832,-11.107071799642,0.0 -49.2415212,-11.107205999642,0.0 -49.2416173,-11.107321399642,0.0 -49.2417916,-11.107341499642,0.0 -49.2419278,-11.107246699642,0.0 -49.2420253,-11.107132399642,0.0 -49.2421197,-11.107055599642,0.0 -49.2421421,-11.107037399642,0.0 -49.2422972,-11.107019199642,0.0 -49.2424326,-11.107058299642,0.0 -49.2425679,-11.107116399642,0.0 -49.2426641,-11.107231799642,0.0 -49.242702,-11.107365999642,0.0 -49.2427016,-11.107432899642,0.0 -49.2427011,-11.107519099642,0.0 -49.2426808,-11.107671999642,0.0 -49.2426799,-11.107825099642,0.0 -49.2427178,-11.107959199642,0.0 -49.2428726,-11.107998399642,0.0 -49.2430276,-11.107999299642,0.0 -49.243202,-11.108000299642,0.0 -49.2433176,-11.108096699642,0.0 -49.2433556,-11.108230899642,0.0 -49.2434324,-11.108346099642,0.0 -49.2435871,-11.108385299642,0.0 -49.2437421,-11.108386199642,0.0 -49.243878,-11.108348699642,0.0 -49.2440142,-11.108253799642,0.0 -49.2441501,-11.108197199642,0.0 -49.2442355,-11.108197699642,0.0 -49.2443245,-11.108198199642,0.0 -49.2444795,-11.108199099642,0.0 -49.2446343,-11.108219199642,0.0 -49.2447697,-11.108258199642,0.0 -49.2448855,-11.108335499642,0.0 -49.2450011,-11.108450899642,0.0 -49.2450973,-11.108566299642,0.0 -49.2451114,-11.108616499642,0.0 -49.2451352,-11.108700499642,0.0 -49.245173,-11.108853799642,0.0 -49.245211,-11.1089878996419,0.0 -49.2452294,-11.1091410996419,0.0 -49.2453842,-11.1091802996419,0.0 -49.2455009,-11.1091043996419,0.0 -49.2456372,-11.1089903996419,0.0 -49.2457725,-11.1090485996419,0.0 -49.2458104,-11.1091827996419,0.0 -49.2458289,-11.1093359996419,0.0 -49.2458473,-11.1094890996419,0.0 -49.2458852,-11.1096423996419,0.0 -49.2458843,-11.1097954996419,0.0 -49.2459416,-11.1099297996419,0.0 -49.2460378,-11.1100451996419,0.0 -49.2461927,-11.1100460996419,0.0 -49.2463288,-11.1099702996419,0.0 -49.246484,-11.1099328996419,0.0 -49.246639,-11.1099337996419,0.0 -49.2467157,-11.1100681996419,0.0 -49.2467537,-11.1102023996419,0.0 -49.2467523,-11.1104319996419,0.0 -49.2467514,-11.1105850996419,0.0 -49.2467504,-11.1107572996419,0.0 -49.2468077,-11.1108915996419,0.0 -49.246943,-11.1109497996419,0.0 -49.2470984,-11.1108740996419,0.0 -49.2472344,-11.1108174996419,0.0 -49.2473892,-11.1108374996419,0.0 -49.247466,-11.1109527996419,0.0 -49.2475427,-11.1110871996419,0.0 -49.2476001,-11.1112214996419,0.0 -49.2477155,-11.1113560996419,0.0 -49.2478311,-11.1114715996419,0.0 -49.247967,-11.1114149996419,0.0 -49.2480259,-11.1112813996419,0.0 -49.2480656,-11.1111284996419,0.0 -49.2480665,-11.1109753996419,0.0 -49.2481061,-11.1108416996419,0.0 -49.2482415,-11.1108807996419,0.0 -49.2483376,-11.1109960996419,0.0 -49.248473,-11.1110351996419,0.0 -49.2484925,-11.1110270996419,0.0 -49.248609,-11.1109785996419,0.0 -49.2486294,-11.1108064996419,0.0 -49.2487848,-11.1107308996419,0.0 -49.2489202,-11.1107698996419,0.0 -49.2490358,-11.1108853996419,0.0 -49.249132,-11.1110007996419,0.0 -49.2492478,-11.1110779996419,0.0 -49.2493439,-11.1111933996419,0.0 -49.2494208,-11.1113085996419,0.0 -49.2495364,-11.1114049996419,0.0 -49.2495937,-11.1115391996419,0.0 -49.2495936,-11.1115583996419,0.0 -49.2496972,-11.1117195996419,0.0 -49.2498008,-11.1118807996419,0.0 -49.2499006,-11.1120360996419,0.0 -49.2500004,-11.1121914996418,0.0 -49.2501507,-11.1123661996418,0.0 -49.250301,-11.1125409996418,0.0 -49.250494,-11.1126759996418,0.0 -49.2506291,-11.1127533996418,0.0 -49.250842,-11.1127928996418,0.0 -49.2510552,-11.1127749996418,0.0 -49.2511327,-11.1127753996418,0.0 -49.2512496,-11.1127414996418,0.0 -49.2513268,-11.1127191996418,0.0 -49.25156,-11.1126056996418,0.0 -49.2516762,-11.1126063996418,0.0 -49.2518117,-11.1126262996418,0.0 -49.2519853,-11.1127612996418,0.0 -49.2520429,-11.1128572996418,0.0 -49.2520709,-11.1130295996418,0.0 -49.2520989,-11.1132019996418,0.0 -49.2522923,-11.1132604996418,0.0 -49.2525246,-11.1133001996418,0.0 -49.2526404,-11.1133773996418,0.0 -49.2526982,-11.1134350996418,0.0 -49.2528328,-11.1136080996418,0.0 -49.2529289,-11.1137234996418,0.0 -49.2531225,-11.1137628996418,0.0 -49.2532968,-11.1137638996418,0.0 -49.2534712,-11.1137648996418,0.0 -49.2536841,-11.1138043996418,0.0 -49.2538192,-11.1138816996418,0.0 -49.2538764,-11.1140350996418,0.0 -49.2538838,-11.1141729996418,0.0 -49.2538912,-11.1143107996418,0.0 -49.2538939,-11.1143604996418,0.0 -49.2539507,-11.1145808996418,0.0 -49.2540075,-11.1148012996418,0.0 -49.2541418,-11.1150316996418,0.0 -49.2542376,-11.1152043996418,0.0 -49.2544155,-11.1153139996418,0.0 -49.2545775,-11.1154136996417,0.0 -49.2547395,-11.1155134996417,0.0 -49.254962,-11.1155721996417,0.0 -49.2551844,-11.1156308996417,0.0 -49.2554362,-11.1156514996417,0.0 -49.2556481,-11.1156903996417,0.0 -49.2558599,-11.1157293996417,0.0 -49.2560718,-11.1157682996417,0.0 -49.2561137,-11.1157759996417,0.0 -49.2562876,-11.1158285996417,0.0 -49.2565392,-11.1158874996417,0.0 -49.2566745,-11.1159265996417,0.0 -49.2568099,-11.1159655996417,0.0 -49.2570225,-11.1160624996417,0.0 -49.2572542,-11.1161977996417,0.0 -49.2574471,-11.1163328996417,0.0 -49.2575816,-11.1165249996417,0.0 -49.2577551,-11.1166790996417,0.0 -49.2578894,-11.1168902996417,0.0 -49.2580238,-11.1171015996417,0.0 -49.2581387,-11.1173318996417,0.0 -49.2582082,-11.1174594996417,0.0 -49.2582537,-11.1175429996417,0.0 -49.2583882,-11.1177351996417,0.0 -49.258542,-11.1179273996417,0.0 -49.2586958,-11.1181387996417,0.0 -49.2588302,-11.1183499996417,0.0 -49.2589841,-11.1185230996417,0.0 -49.2591966,-11.1186391996417,0.0 -49.2594091,-11.1187360996416,0.0 -49.2596606,-11.1187948996416,0.0 -49.2598928,-11.1188536996416,0.0 -49.2600554,-11.1189216996416,0.0 -49.2601247,-11.1189506996416,0.0 -49.2603565,-11.1190668996416,0.0 -49.2605691,-11.1191637996416,0.0 -49.2607816,-11.1192606996416,0.0 -49.2609551,-11.1194146996416,0.0 -49.2611286,-11.1195687996416,0.0 -49.2612631,-11.1197608996416,0.0 -49.2613198,-11.1199908996416,0.0 -49.2614248,-11.1201219996416,0.0 -49.2614737,-11.1201830996416,0.0 -49.261647,-11.1203562996416,0.0 -49.2617081,-11.1203896996416,0.0 -49.2618595,-11.1204723996416,0.0 -49.2620329,-11.1206264996416,0.0 -49.2620885,-11.1207490996416,0.0 -49.2621286,-11.1208374996416,0.0 -49.2622047,-11.1210675996416,0.0 -49.2622237,-11.1211250996416,0.0 -49.2623971,-11.1212982996416,0.0 -49.26259,-11.1214333996416,0.0 -49.2628223,-11.1214729996416,0.0 -49.262885,-11.1215014996416,0.0 -49.2630349,-11.1215698996416,0.0 -49.2632278,-11.1217048996416,0.0 -49.2632858,-11.1218801996416,0.0 -49.263304,-11.1219349996416,0.0 -49.263322,-11.1221646996415,0.0 -49.263437,-11.1223757996415,0.0 -49.2636104,-11.1225298996415,0.0 -49.2638619,-11.1226078996415,0.0 -49.2640573,-11.1226089996415,0.0 -49.2640944,-11.1226092996415,0.0 -49.2643273,-11.1225340996415,0.0 -49.2645601,-11.1224779996415,0.0 -49.2646672,-11.1224020996415,0.0 -49.2647742,-11.1223261996415,0.0 -49.2650071,-11.1222509996415,0.0 -49.265143,-11.1222038996415,0.0 -49.2652789,-11.1221568996415,0.0 -49.2655117,-11.1221198996415,0.0 -49.2657062,-11.1219870996415,0.0 -49.2658622,-11.1218157996416,0.0 -49.2660375,-11.1216636996416,0.0 -49.2661733,-11.1216261996416,0.0 -49.2663092,-11.1215887996416,0.0 -49.2665418,-11.1215709996416,0.0 -49.2667741,-11.1216105996416,0.0 -49.2670067,-11.1215927996416,0.0 -49.2672205,-11.1214791996416,0.0 -49.2673958,-11.1213270996416,0.0 -49.267629,-11.1211944996416,0.0 -49.2678618,-11.1211575996416,0.0 -49.2680165,-11.1212062996416,0.0 -49.2681712,-11.1212550996416,0.0 -49.2683133,-11.1213583996416,0.0 -49.2684512,-11.1214097996416,0.0 -49.268548,-11.1214293996416,0.0 -49.268703,-11.1214207996416,0.0 -49.2689359,-11.1213646996416,0.0 -49.269062,-11.1213366996416,0.0 -49.2692364,-11.1213376996416,0.0 -49.2693767,-11.1213624996416,0.0 -49.269517,-11.1213871996416,0.0 -49.2696814,-11.1214359996416,0.0 -49.2697972,-11.1215131996416,0.0 -49.2699324,-11.1215808996416,0.0 -49.270039,-11.1215814996416,0.0 -49.2701457,-11.1215629996416,0.0 -49.2702333,-11.1214869996416,0.0 -49.2703789,-11.1214399996416,0.0 -49.2706405,-11.1214414996416,0.0 -49.2708048,-11.1214997996416,0.0 -49.2709592,-11.1216059996416,0.0 -49.2710264,-11.1217115996416,0.0 -49.2710742,-11.1218170996416,0.0 -49.2711696,-11.1220663996415,0.0 -49.2712273,-11.1221336996415,0.0 -49.2714011,-11.1222303996415,0.0 -49.2716334,-11.1222699996415,0.0 -49.2718459,-11.1223859996415,0.0 -49.2720388,-11.1225210996415,0.0 -49.2722709,-11.1225989996415,0.0 -49.2725034,-11.1226002996415,0.0 -49.2727363,-11.1225250996415,0.0 -49.2729684,-11.1226029996415,0.0 -49.2731028,-11.1227950996415,0.0 -49.2732568,-11.1229681996415,0.0 -49.2734892,-11.1229886996415,0.0 -49.2737219,-11.1229516996415,0.0 -49.2738577,-11.1229333996415,0.0 -49.2738771,-11.1229334996415,0.0 -49.2741093,-11.1229730996415,0.0 -49.2743023,-11.1231080996415,0.0 -49.2744951,-11.1232622996415,0.0 -49.2747077,-11.1233591996415,0.0 -49.2749399,-11.1234179996415,0.0 -49.2751722,-11.1234383996415,0.0 -49.2754053,-11.1233440996415,0.0 -49.2756191,-11.1232304996415,0.0 -49.2757559,-11.1230398996415,0.0 -49.2759011,-11.1228928996415,0.0 -49.2760463,-11.1227459996415,0.0 -49.2761733,-11.1225552996415,0.0 -49.2763004,-11.1223646996415,0.0 -49.2763977,-11.1222886996415,0.0 -49.2766114,-11.1221942996415,0.0 -49.2767665,-11.1221759996415,0.0 -49.2769216,-11.1221577996415,0.0 -49.2771733,-11.1221974996415,0.0 -49.2773666,-11.1222655996415,0.0 -49.27756,-11.1223336996415,0.0 -49.2777439,-11.1223538996415,0.0 -49.2779279,-11.1223739996415,0.0 -49.278083,-11.1223557996415,0.0 -49.2782964,-11.1223187996415,0.0 -49.2784328,-11.1221855996415,0.0 -49.2784913,-11.1221093996415,0.0 -49.2786665,-11.1219763996415,0.0 -49.2787833,-11.1218813996415,0.0 -49.2790354,-11.1218445996416,0.0 -49.279229,-11.1218648996416,0.0 -49.2793256,-11.1219131996415,0.0 -49.2794222,-11.1219615996415,0.0 -49.2794798,-11.1220575996415,0.0 -49.279537,-11.1222109996415,0.0 -49.279672,-11.1223265996415,0.0 -49.2798553,-11.1224520996415,0.0 -49.2800386,-11.1225774996415,0.0 -49.2802707,-11.1226552996415,0.0 -49.280503,-11.1226948996415,0.0 -49.280735,-11.1227727996415,0.0 -49.2807918,-11.1230027996415,0.0 -49.2805971,-11.1231546996415,0.0 -49.2804219,-11.1233067996415,0.0 -49.2803238,-11.1235166996415,0.0 -49.2803236,-11.1235358996415,0.0 -49.2803601,-11.1236835996415,0.0 -49.2803804,-11.1237657996415,0.0 -49.2805148,-11.1239770996415,0.0 -49.2806882,-11.1241502996415,0.0 -49.2809206,-11.1241706996415,0.0 -49.2810868,-11.1241853996415,0.0 -49.281153,-11.1241911996415,0.0 -49.2813178,-11.1241729996415,0.0 -49.2814826,-11.1241547996415,0.0 -49.2816964,-11.1240411996415,0.0 -49.2819294,-11.1239468996415,0.0 -49.2821623,-11.1238907996415,0.0 -49.2823948,-11.1238920996415,0.0 -49.282627,-11.1239316996415,0.0 -49.2828593,-11.1239712996415,0.0 -49.2831303,-11.1240110996415,0.0 -49.2833627,-11.1240315996415,0.0 -49.283634,-11.1240331996415,0.0 -49.2838665,-11.1240344996415,0.0 -49.2841181,-11.1240741996415,0.0 -49.2843694,-11.1241712996415,0.0 -49.2845339,-11.1242104996415,0.0 -49.2846984,-11.1242496996415,0.0 -49.2849304,-11.1243275996415,0.0 -49.2851428,-11.1244626996415,0.0 -49.2853162,-11.1246167996415,0.0 -49.2854701,-11.1248089996415,0.0 -49.285605,-11.1249071996415,0.0 -49.2856715,-11.1249554996415,0.0 -49.2857399,-11.1250052996415,0.0 -49.2859231,-11.1251417996414,0.0 -49.2861063,-11.1252783996414,0.0 -49.2862895,-11.1254148996414,0.0 -49.2863747,-11.1254639996414,0.0 -49.28651,-11.1255221996414,0.0 -49.2866451,-11.1256186996414,0.0 -49.2867608,-11.1257149996414,0.0 -49.2868569,-11.1258494996414,0.0 -49.2869142,-11.1259837996414,0.0 -49.286991,-11.1260989996414,0.0 -49.2870678,-11.1262333996414,0.0 -49.287125,-11.1263867996414,0.0 -49.287131,-11.1262282996414,0.0 -49.2871371,-11.1260697996414,0.0 -49.2872058,-11.1259360996414,0.0 -49.2872744,-11.1258022996414,0.0 -49.2874174,-11.1257360996414,0.0 -49.2875604,-11.1256698996414,0.0 -49.2877781,-11.1256039996414,0.0 -49.2878238,-11.1255482996414,0.0 -49.2879422,-11.1254037996414,0.0 -49.2880021,-11.1252046996414,0.0 -49.288062,-11.1250054996415,0.0 -49.2880625,-11.1249081996415,0.0 -49.2881606,-11.1246981996415,0.0 -49.2882587,-11.1244882996415,0.0 -49.2882794,-11.1242587996415,0.0 -49.2882227,-11.1240288996415,0.0 -49.288224,-11.1237991996415,0.0 -49.2882835,-11.1235699996415,0.0 -49.2884588,-11.1233986996415,0.0 -49.2886726,-11.1232851996415,0.0 -49.2889055,-11.1232290996415,0.0 -49.2891382,-11.1231920996415,0.0 -49.289352,-11.1230784996415,0.0 -49.2894881,-11.1229931996415,0.0 -49.2896242,-11.1229078996415,0.0 -49.2897803,-11.1227364996415,0.0 -49.2899171,-11.1225267996415,0.0 -49.2900538,-11.1223362996415,0.0 -49.2902678,-11.1222034996415,0.0 -49.2905005,-11.1221665996415,0.0 -49.2907142,-11.1220720996415,0.0 -49.2908509,-11.1218815996416,0.0 -49.2908135,-11.1216516996416,0.0 -49.2908136,-11.1216325996416,0.0 -49.2907566,-11.1214408996416,0.0 -49.2906609,-11.1212298996416,0.0 -49.2907784,-11.1210200996416,0.0 -49.2909537,-11.1208679996416,0.0 -49.2909356,-11.1206382996416,0.0 -49.29084,-11.1204271996416,0.0 -49.2908801,-11.1201977996416,0.0 -49.2910746,-11.1200649996416,0.0 -49.2912499,-11.1199128996416,0.0 -49.2912556,-11.1199065996416,0.0 -49.2914059,-11.1197415996416,0.0 -49.2915811,-11.1195894996416,0.0 -49.2918142,-11.1194950996416,0.0 -49.292047,-11.1194390996416,0.0 -49.2922798,-11.1194020996416,0.0 -49.2924935,-11.1192884996416,0.0 -49.2926495,-11.1191171996416,0.0 -49.2927864,-11.1189074996416,0.0 -49.2929039,-11.1186975996416,0.0 -49.2930021,-11.1184685996417,0.0 -49.2931291,-11.1182779996417,0.0 -49.2932562,-11.1180872996417,0.0 -49.2933634,-11.1179826996417,0.0 -49.2934705,-11.1178780996417,0.0 -49.2936442,-11.1176736996417,0.0 -49.2937749,-11.1174964996417,0.0 -49.2938853,-11.1173468996417,0.0 -49.2939957,-11.1171972996417,0.0 -49.2941518,-11.1170067996417,0.0 -49.2943079,-11.1168162996417,0.0 -49.2945218,-11.1166835996417,0.0 -49.2947546,-11.1166274996417,0.0 -49.2949872,-11.1166096996417,0.0 -49.29522,-11.1165727996417,0.0 -49.2954528,-11.1165166996417,0.0 -49.2956666,-11.1164030996417,0.0 -49.2958611,-11.1162701996417,0.0 -49.2960749,-11.1161565996417,0.0 -49.2963075,-11.1161387996417,0.0 -49.29654,-11.1161400996417,0.0 -49.2967725,-11.1161413996417,0.0 -49.2970049,-11.1161618996417,0.0 -49.2972565,-11.1162015996417,0.0 -49.297489,-11.1162028996417,0.0 -49.2977215,-11.1162041996417,0.0 -49.2979541,-11.1161863996417,0.0 -49.2981866,-11.1161876996417,0.0 -49.2984388,-11.1161316996417,0.0 -49.2986718,-11.1160564996417,0.0 -49.2989047,-11.1159812996417,0.0 -49.2991375,-11.1159251996417,0.0 -49.2993706,-11.1158307996417,0.0 -49.2996036,-11.1157364996417,0.0 -49.2998367,-11.1156420996417,0.0 -49.3000696,-11.1155668996417,0.0 -49.3003023,-11.1155298996417,0.0 -49.3005352,-11.1154738996417,0.0 -49.300739,-11.1154808996417,0.0 -49.3009132,-11.1154741996417,0.0 -49.3010874,-11.1154673996417,0.0 -49.3012134,-11.1154489996417,0.0 -49.3013979,-11.1153829996418,0.0 -49.3015245,-11.1152689996418,0.0 -49.3016121,-11.1151928996418,0.0 -49.3016803,-11.1151358996418,0.0 -49.3018066,-11.1150695996418,0.0 -49.301952,-11.1150608996418,0.0 -49.3020489,-11.1150422996418,0.0 -49.3021657,-11.1149567996418,0.0 -49.3022729,-11.1148425996418,0.0 -49.3023606,-11.1147569996418,0.0 -49.3025159,-11.1147004996418,0.0 -49.3026806,-11.1147109996418,0.0 -49.3028255,-11.1147691996418,0.0 -49.3028933,-11.1147791996418,0.0 -49.3030196,-11.1147128996418,0.0 -49.303117,-11.1146272996418,0.0 -49.3033016,-11.1145230996418,0.0 -49.3034474,-11.1144473996418,0.0 -49.303593,-11.1143907996418,0.0 -49.3037726,-11.1143391996418,0.0 -49.3039521,-11.1142875996418,0.0 -49.3041659,-11.1141739996418,0.0 -49.3043798,-11.1140412996418,0.0 -49.3045937,-11.1139084996418,0.0 -49.3048266,-11.1138332996418,0.0 -49.3050594,-11.1137771996418,0.0 -49.3053112,-11.1137977996418,0.0 -49.3055433,-11.1138564996418,0.0 -49.3057754,-11.1139342996418,0.0 -49.3060079,-11.1139355996418,0.0 -49.3062404,-11.1139368996418,0.0 -49.306473,-11.1139190996418,0.0 -49.3067059,-11.1138438996418,0.0 -49.3069196,-11.1137493996418,0.0 -49.3071523,-11.1137123996418,0.0 -49.3073846,-11.1137519996418,0.0 -49.3076172,-11.1137341996418,0.0 -49.3078312,-11.1135822996418,0.0 -49.3078506,-11.1135823996418,0.0 -49.3079768,-11.1135256996418,0.0 -49.3081031,-11.1134689996418,0.0 -49.3083359,-11.1134128996418,0.0 -49.3085685,-11.1133950996418,0.0 -49.308801,-11.1133963996418,0.0 -49.3090339,-11.1133402996418,0.0 -49.3092479,-11.1131883996418,0.0 -49.3094616,-11.1130747996418,0.0 -49.3096944,-11.1130378996418,0.0 -49.3099274,-11.1129434996418,0.0 -49.3101027,-11.1127913996418,0.0 -49.3102586,-11.1126200996418,0.0 -49.3103954,-11.1124294996418,0.0 -49.3105706,-11.1122773996418,0.0 -49.3107844,-11.1121637996418,0.0 -49.3109982,-11.1120501996419,0.0 -49.3111542,-11.1118787996419,0.0 -49.3112716,-11.1116689996419,0.0 -49.3113697,-11.1114589996419,0.0 -49.3114679,-11.1112299996419,0.0 -49.311566,-11.1110199996419,0.0 -49.3116254,-11.1107906996419,0.0 -49.3115686,-11.1105607996419,0.0 -49.3114342,-11.1103495996419,0.0 -49.3112802,-11.1101764996419,0.0 -49.3113204,-11.1099278996419,0.0 -49.3114186,-11.1096988996419,0.0 -49.3115553,-11.1095082996419,0.0 -49.3115954,-11.1092788996419,0.0 -49.3115579,-11.1090490996419,0.0 -49.3114623,-11.1088379996419,0.0 -49.3113472,-11.108626899642,0.0 -49.3112904,-11.108396999642,0.0 -49.3113098,-11.108397099642,0.0 -49.3113306,-11.108148399642,0.0 -49.3114481,-11.107938599642,0.0 -49.3115655,-11.107728799642,0.0 -49.3116706,-11.107549099642,0.0 -49.3117756,-11.107369299642,0.0 -49.3118806,-11.107189599642,0.0 -49.3119203,-11.107017599642,0.0 -49.3119604,-11.106788199642,0.0 -49.3119516,-11.106635099642,0.0 -49.3119428,-11.106481999642,0.0 -49.3118952,-11.106338199642,0.0 -49.3118475,-11.106194399642,0.0 -49.3118,-11.106031499642,0.0 -49.3117525,-11.105868599642,0.0 -49.3117095,-11.1056061996421,0.0 -49.3116665,-11.1053436996421,0.0 -49.3116234,-11.1050812996421,0.0 -49.3116148,-11.1048994996421,0.0 -49.3116061,-11.1047175996421,0.0 -49.3116075,-11.1044783996421,0.0 -49.3116089,-11.1042392996421,0.0 -49.3116104,-11.1039713996421,0.0 -49.31167,-11.1037229996421,0.0 -49.3117486,-11.1035319996421,0.0 -49.3118662,-11.1032838996421,0.0 -49.3119546,-11.1030834996421,0.0 -49.3120429,-11.1028830996421,0.0 -49.3134596,-11.0991021996422,0.0 -49.3135577,-11.0988922996423,0.0 -49.3136171,-11.0986629996423,0.0 -49.3136572,-11.0984335996423,0.0 -49.3137361,-11.0981852996423,0.0 -49.3138535,-11.0979753996423,0.0 -49.3139905,-11.0977465996423,0.0 -49.3141273,-11.0975368996423,0.0 -49.3141892,-11.0974983996423,0.0 -49.3143412,-11.0974040996423,0.0 -49.3145548,-11.0973095996423,0.0 -49.3147301,-11.0971574996423,0.0 -49.3148861,-11.0969765996423,0.0 -49.314984,-11.0968049996423,0.0 -49.3151395,-11.0967005996423,0.0 -49.3152951,-11.0965961996423,0.0 -49.3154989,-11.0965303996423,0.0 -49.3157028,-11.0964644996423,0.0 -49.3159117,-11.0963575996423,0.0 -49.3161207,-11.0962505996423,0.0 -49.3163538,-11.0961370996423,0.0 -49.3165869,-11.0960235996423,0.0 -49.3167673,-11.0959277996423,0.0 -49.3168007,-11.0959099996423,0.0 -49.3170531,-11.0958156996423,0.0 -49.3172857,-11.0957978996423,0.0 -49.3175182,-11.0957991996423,0.0 -49.31777,-11.0958005996423,0.0 -49.3180025,-11.0958018996423,0.0 -49.318254,-11.0958606996423,0.0 -49.3184861,-11.0959385996423,0.0 -49.3186984,-11.0960736996423,0.0 -49.3189108,-11.0962087996423,0.0 -49.3190258,-11.0964198996423,0.0 -49.3191603,-11.0966120996423,0.0 -49.3193728,-11.0967279996423,0.0 -49.3196051,-11.0967675996423,0.0 -49.3198176,-11.0968644996423,0.0 -49.319952,-11.0970756996423,0.0 -49.3200476,-11.0973058996423,0.0 -49.3201432,-11.0975168996423,0.0 -49.3202777,-11.0977280996423,0.0 -49.320451,-11.0979012996423,0.0 -49.3206244,-11.0980744996423,0.0 -49.3208369,-11.0981904996423,0.0 -49.3210691,-11.0982300996423,0.0 -49.3213017,-11.0982121996423,0.0 -49.3215344,-11.0981752996423,0.0 -49.3217865,-11.0981383996423,0.0 -49.3220195,-11.0980439996423,0.0 -49.3222525,-11.0979687996423,0.0 -49.3224852,-11.0979317996423,0.0 -49.3227177,-11.0979330996423,0.0 -49.3229501,-11.0979343996423,0.0 -49.3231824,-11.0979738996423,0.0 -49.3234343,-11.0979752996423,0.0 -49.3236664,-11.0980339996423,0.0 -49.323879,-11.0981308996423,0.0 -49.3241108,-11.0982469996423,0.0 -49.3243233,-11.0983629996423,0.0 -49.324555,-11.0984981996423,0.0 -49.3245549,-11.0985173996423,0.0 -49.3247672,-11.0986524996423,0.0 -49.3249798,-11.0987493996423,0.0 -49.3252119,-11.0988271996423,0.0 -49.3254635,-11.0988668996423,0.0 -49.3257151,-11.0989064996423,0.0 -49.3259667,-11.0989652996423,0.0 -49.3261791,-11.0990812996422,0.0 -49.3263526,-11.0992353996422,0.0 -49.326565,-11.0993704996422,0.0 -49.3267773,-11.0995055996422,0.0 -49.3269703,-11.0996405996422,0.0 -49.3271826,-11.0997757996422,0.0 -49.3273951,-11.0998917996422,0.0 -49.327627,-11.0999886996422,0.0 -49.327859,-11.1000856996422,0.0 -49.3280714,-11.1002016996422,0.0 -49.3282644,-11.1003366996422,0.0 -49.3284379,-11.1004907996422,0.0 -49.3285536,-11.1005870996422,0.0 -49.3286693,-11.1006833996422,0.0 -49.3288038,-11.1008754996422,0.0 -49.3289189,-11.1010865996422,0.0 -49.3290338,-11.1013168996422,0.0 -49.3290906,-11.1015467996422,0.0 -49.3291281,-11.1017766996422,0.0 -49.3292431,-11.1019877996422,0.0 -49.329355,-11.1021474996422,0.0 -49.3293777,-11.1021798996422,0.0 -49.3295769,-11.1023467996421,0.0 -49.3297762,-11.1025137996421,0.0 -49.3299754,-11.1026806996421,0.0 -49.3300914,-11.1027387996421,0.0 -49.3302266,-11.1027968996421,0.0 -49.3303619,-11.1028550996421,0.0 -49.3305404,-11.1029191996421,0.0 -49.3307219,-11.1029842996421,0.0 -49.3309033,-11.1030493996421,0.0 -49.3310481,-11.1031458996421,0.0 -49.3311929,-11.1032423996421,0.0 -49.3313183,-11.1033291996421,0.0 -49.3314437,-11.1034159996421,0.0 -49.3315595,-11.1035027996421,0.0 -49.3316753,-11.1035894996421,0.0 -49.3318202,-11.1036572996421,0.0 -49.3319651,-11.1037250996421,0.0 -49.33211,-11.1038023996421,0.0 -49.3322548,-11.1038797996421,0.0 -49.3324868,-11.1039766996421,0.0 -49.3326514,-11.1039871996421,0.0 -49.332816,-11.1039976996421,0.0 -49.3330873,-11.1039991996421,0.0 -49.3333586,-11.1039878996421,0.0 -49.3336299,-11.1039766996421,0.0 -49.3339012,-11.1039653996421,0.0 -49.3341338,-11.1039475996421,0.0 -49.3343663,-11.1039487996421,0.0 -49.3345987,-11.1039692996421,0.0 -49.33485,-11.1040662996421,0.0 -49.3350626,-11.1041631996421,0.0 -49.335295,-11.1041835996421,0.0 -49.3355275,-11.1041848996421,0.0 -49.3357602,-11.1041478996421,0.0 -49.3359738,-11.1040533996421,0.0 -49.3361493,-11.1038629996421,0.0 -49.3363631,-11.1037493996421,0.0 -49.336596,-11.1036740996421,0.0 -49.3368287,-11.1036371996421,0.0 -49.3370617,-11.1035427996421,0.0 -49.3372754,-11.1034482996421,0.0 -49.3374313,-11.1032768996421,0.0 -49.3375682,-11.1030671996421,0.0 -49.3377049,-11.1028765996421,0.0 -49.3377833,-11.1027047996421,0.0 -49.3379099,-11.1025906996421,0.0 -49.3380365,-11.1024765996421,0.0 -49.338211,-11.1024583996421,0.0 -49.3383465,-11.1024782996421,0.0 -49.3385398,-11.1025558996421,0.0 -49.3386939,-11.1027097996421,0.0 -49.3388871,-11.1028065996421,0.0 -49.3390221,-11.1029220996421,0.0 -49.3391856,-11.1031238996421,0.0 -49.3393492,-11.1033257996421,0.0 -49.3394844,-11.1034029996421,0.0 -49.3397357,-11.1035000996421,0.0 -49.3399291,-11.1035585996421,0.0 -49.3401806,-11.1036173996421,0.0 -49.3404321,-11.1036952996421,0.0 -49.3405476,-11.1038298996421,0.0 -49.3406631,-11.1039644996421,0.0 -49.3408559,-11.1041185996421,0.0 -49.3410684,-11.1042345996421,0.0 -49.3412224,-11.1044076996421,0.0 -49.3412211,-11.1046372996421,0.0 -49.3410844,-11.1048278996421,0.0 -49.3409864,-11.1050377996421,0.0 -49.3408497,-11.1052284996421,0.0 -49.3408096,-11.1054578996421,0.0 -49.3408664,-11.105687799642,0.0 -49.3410594,-11.105822799642,0.0 -49.341272,-11.105919699642,0.0 -49.341465,-11.106054699642,0.0 -49.341619,-11.106227699642,0.0 -49.3418316,-11.106324599642,0.0 -49.3420639,-11.106364099642,0.0 -49.3422965,-11.106346299642,0.0 -49.3425291,-11.106328399642,0.0 -49.3427417,-11.106425299642,0.0 -49.3429541,-11.106541299642,0.0 -49.3431667,-11.106638099642,0.0 -49.343399,-11.106677699642,0.0 -49.3436315,-11.106678899642,0.0 -49.3438441,-11.106775799642,0.0 -49.3440175,-11.106948999642,0.0 -49.3442495,-11.107026799642,0.0 -49.3444816,-11.107104599642,0.0 -49.3446161,-11.107296699642,0.0 -49.344673,-11.107526599642,0.0 -49.3445942,-11.107755799642,0.0 -49.3446123,-11.107985599642,0.0 -49.3447079,-11.108196599642,0.0 -49.3449009,-11.108331599642,0.0 -49.3451329,-11.108428499642,0.0 -49.3452479,-11.108639699642,0.0 -49.3453505,-11.1088277996419,0.0 -49.345363,-11.108850799642,0.0 -49.3454587,-11.1090617996419,0.0 -49.3455544,-11.1092727996419,0.0 -49.3456889,-11.1094648996419,0.0 -49.3459015,-11.1095617996419,0.0 -49.3459952,-11.1095622996419,0.0 -49.346134,-11.1095629996419,0.0 -49.346366,-11.1096599996419,0.0 -49.3465251,-11.1097851996419,0.0 -49.3467581,-11.1096907996419,0.0 -49.3469902,-11.1097686996419,0.0 -49.3471642,-11.1098461996419,0.0 -49.3473189,-11.1098852996419,0.0 -49.3475126,-11.1099054996419,0.0 -49.3476778,-11.1098106996419,0.0 -49.347843,-11.1097158996419,0.0 -49.3480375,-11.1095830996419,0.0 -49.3482513,-11.1094693996419,0.0 -49.3485226,-11.1094517996419,0.0 -49.348678,-11.1093951996419,0.0 -49.3489111,-11.1092816996419,0.0 -49.3490866,-11.1090912996419,0.0 -49.3492039,-11.1089005996419,0.0 -49.3493788,-11.108805899642,0.0 -49.3495242,-11.108797099642,0.0 -49.3496695,-11.108788299642,0.0 -49.3499218,-11.108713199642,0.0 -49.3501356,-11.108599499642,0.0 -49.3503302,-11.108447499642,0.0 -49.3504864,-11.108237899642,0.0 -49.3506617,-11.108066599642,0.0 -49.3508755,-11.107952999642,0.0 -49.3511084,-11.107877699642,0.0 -49.3513409,-11.107878999642,0.0 -49.3515732,-11.107918499642,0.0 -49.3518052,-11.107996299642,0.0 -49.3520379,-11.107978499642,0.0 -49.3522325,-11.107826399642,0.0 -49.3523884,-11.107655099642,0.0 -49.3525638,-11.107483799642,0.0 -49.3527968,-11.107389399642,0.0 -49.3530288,-11.107486399642,0.0 -49.3532611,-11.107506799642,0.0 -49.3534748,-11.107412199642,0.0 -49.3536693,-11.107279399642,0.0 -49.3538245,-11.107241899642,0.0 -49.3538439,-11.107241999642,0.0 -49.3540766,-11.107204999642,0.0 -49.3543088,-11.107263699642,0.0 -49.3545214,-11.107360599642,0.0 -49.3547541,-11.107323599642,0.0 -49.3549677,-11.107229099642,0.0 -49.3551622,-11.107096199642,0.0 -49.3554143,-11.107059299642,0.0 -49.3556464,-11.107137099642,0.0 -49.3558004,-11.107310099642,0.0 -49.3558961,-11.107521199642,0.0 -49.3560306,-11.107713299642,0.0 -49.3562626,-11.107810199642,0.0 -49.3565142,-11.107868999642,0.0 -49.3565449,-11.107890499642,0.0 -49.3567072,-11.108003999642,0.0 -49.3569195,-11.108139099642,0.0 -49.3570543,-11.108292899642,0.0 -49.3570737,-11.108292999642,0.0 -49.3573065,-11.108236899642,0.0 -49.3575203,-11.108123199642,0.0 -49.3577529,-11.108105399642,0.0 -49.3579854,-11.108106599642,0.0 -49.3581978,-11.108222599642,0.0 -49.3584103,-11.108338599642,0.0 -49.3585838,-11.108492599642,0.0 -49.3587768,-11.108627599642,0.0 -49.358912,-11.108704899642,0.0 -49.3590472,-11.108782199642,0.0 -49.3591051,-11.1088207996419,0.0 -49.359298,-11.108974899642,0.0 -49.3595301,-11.1090526996419,0.0 -49.3596841,-11.1092257996419,0.0 -49.3598186,-11.1094369996419,0.0 -49.3599142,-11.1096670996419,0.0 -49.3600486,-11.1098783996419,0.0 -49.3601051,-11.1099284996419,0.0 -49.3602221,-11.1100323996419,0.0 -49.3604543,-11.1100910996419,0.0 -49.3605197,-11.1100806996419,0.0 -49.360687,-11.1100540996419,0.0 -49.3609009,-11.1099212996419,0.0 -49.3611148,-11.1097884996419,0.0 -49.3612901,-11.1096171996419,0.0 -49.3614846,-11.1094842996419,0.0 -49.3616406,-11.1093129996419,0.0 -49.3618543,-11.1091992996419,0.0 -49.362087,-11.1091622996419,0.0 -49.3623195,-11.1091635996419,0.0 -49.3625321,-11.1092603996419,0.0 -49.3626862,-11.1094334996419,0.0 -49.3628402,-11.1096064996419,0.0 -49.3630724,-11.1096651996419,0.0 -49.3633049,-11.1096664996419,0.0 -49.3635377,-11.1096102996419,0.0 -49.3637704,-11.1095732996419,0.0 -49.3640029,-11.1095745996419,0.0 -49.3642153,-11.1097096996419,0.0 -49.3643693,-11.1098826996419,0.0 -49.3644455,-11.1101127996419,0.0 -49.3644737,-11.1102755996419,0.0 -49.3645019,-11.1104383996419,0.0 -49.3645018,-11.1104574996419,0.0 -49.3646558,-11.1106305996419,0.0 -49.3648488,-11.1107655996419,0.0 -49.365081,-11.1108242996419,0.0 -49.365274,-11.1109592996419,0.0 -49.3654084,-11.1111704996419,0.0 -49.365621,-11.1112672996419,0.0 -49.3658533,-11.1113068996419,0.0 -49.3661056,-11.1112316996419,0.0 -49.3663388,-11.1111180996419,0.0 -49.3665525,-11.1110044996419,0.0 -49.3667854,-11.1109291996419,0.0 -49.3670179,-11.1109304996419,0.0 -49.3672503,-11.1109508996419,0.0 -49.3674432,-11.1111049996419,0.0 -49.3676949,-11.1111445996419,0.0 -49.3679278,-11.1110692996419,0.0 -49.3681415,-11.1109747996419,0.0 -49.3683745,-11.1108803996419,0.0 -49.3686072,-11.1108433996419,0.0 -49.3688395,-11.1108828996419,0.0 -49.3690521,-11.1109797996419,0.0 -49.3692843,-11.1110383996419,0.0 -49.3695169,-11.1110205996419,0.0 -49.36975,-11.1109069996419,0.0 -49.3699254,-11.1107356996419,0.0 -49.3700814,-11.1105451996419,0.0 -49.3702953,-11.1104123996419,0.0 -49.3705091,-11.1102987996419,0.0 -49.3707613,-11.1102426996419,0.0 -49.3709939,-11.1102247996419,0.0 -49.3712259,-11.1103025996419,0.0 -49.3713808,-11.1103225996419,0.0 -49.3715357,-11.1103425996419,0.0 -49.3715551,-11.1103426996419,0.0 -49.3717871,-11.1104395996419,0.0 -49.3720385,-11.1105174996419,0.0 -49.3722707,-11.1105761996419,0.0 -49.3725032,-11.1105774996419,0.0 -49.3727357,-11.1105786996419,0.0 -49.3729686,-11.1105033996419,0.0 -49.3732011,-11.1105046996419,0.0 -49.3734334,-11.1105441996419,0.0 -49.373646,-11.1106409996419,0.0 -49.3738586,-11.1107378996419,0.0 -49.374071,-11.1108729996419,0.0 -49.3743031,-11.1109507996419,0.0 -49.3745353,-11.1110093996419,0.0 -49.3747678,-11.1110106996419,0.0 -49.3750004,-11.1110118996419,0.0 -49.3751867,-11.1110634996419,0.0 -49.375373,-11.1111149996419,0.0 -49.3755593,-11.1111664996419,0.0 -49.375559,-11.1112238996419,0.0 -49.3756748,-11.1113105996419,0.0 -49.3758201,-11.1113113996419,0.0 -49.3759654,-11.1113121996419,0.0 -49.3761107,-11.1113129996419,0.0 -49.376256,-11.1113137996419,0.0 -49.3764013,-11.1113144996419,0.0 -49.3765462,-11.1114013996419,0.0 -49.3766912,-11.1114595996419,0.0 -49.3768069,-11.1115463996419,0.0 -49.3769227,-11.1116330996419,0.0 -49.3770966,-11.1117200996419,0.0 -49.3772414,-11.1118069996419,0.0 -49.3773572,-11.1118937996419,0.0 -49.3774728,-11.1120091996419,0.0 -49.3775594,-11.1121244996418,0.0 -49.3776458,-11.1122684996418,0.0 -49.3777031,-11.1124122996418,0.0 -49.3777604,-11.1125560996418,0.0 -49.3777887,-11.1126997996418,0.0 -49.377846,-11.1128435996418,0.0 -49.3779326,-11.1129588996418,0.0 -49.3779899,-11.1131027996418,0.0 -49.3780763,-11.1132466996418,0.0 -49.3781629,-11.1133619996418,0.0 -49.3782494,-11.1134772996418,0.0 -49.3783651,-11.1135926996418,0.0 -49.3784808,-11.1136794996418,0.0 -49.3785674,-11.1137947996418,0.0 -49.3786539,-11.1139099996418,0.0 -49.3786531,-11.1140535996418,0.0 -49.3786524,-11.1141970996418,0.0 -49.3786225,-11.1143403996418,0.0 -49.3785634,-11.1145122996418,0.0 -49.3784754,-11.1146553996418,0.0 -49.3784746,-11.1147988996418,0.0 -49.3784776,-11.1148613996418,0.0 -49.3784892,-11.1151028996418,0.0 -49.3785007,-11.1153443996418,0.0 -49.3785005,-11.1153730996417,0.0 -49.3784997,-11.1155165996417,0.0 -49.378499,-11.1156600996417,0.0 -49.3785272,-11.1158037996417,0.0 -49.3785555,-11.1159474996417,0.0 -49.3785838,-11.1160911996417,0.0 -49.3786703,-11.1162063996417,0.0 -49.3787322,-11.1162887996417,0.0 -49.3787569,-11.1163216996417,0.0 -49.3788142,-11.1164654996417,0.0 -49.3788425,-11.1166091996417,0.0 -49.378929,-11.1167244996417,0.0 -49.3790156,-11.1168397996417,0.0 -49.379102,-11.1169837996417,0.0 -49.3791012,-11.1171272996417,0.0 -49.3791295,-11.1172709996417,0.0 -49.3791287,-11.1174144996417,0.0 -49.3790988,-11.1175577996417,0.0 -49.3791852,-11.1177017996417,0.0 -49.3792718,-11.1178170996417,0.0 -49.3793874,-11.1179324996417,0.0 -49.3794739,-11.1180477996417,0.0 -49.3794731,-11.1181912996417,0.0 -49.3794724,-11.1183347996417,0.0 -49.3795881,-11.1184215996417,0.0 -49.3797333,-11.1184510996417,0.0 -49.3798785,-11.1184804996417,0.0 -49.3800235,-11.1185386996417,0.0 -49.3801098,-11.1186826996416,0.0 -49.3801669,-11.1188839996416,0.0 -49.3801951,-11.1190275996416,0.0 -49.3802523,-11.1192001996416,0.0 -49.3803389,-11.1193153996416,0.0 -49.3803671,-11.1194590996416,0.0 -49.3803373,-11.1196024996416,0.0 -49.3803365,-11.1197459996416,0.0 -49.3803938,-11.1198897996416,0.0 -49.3804804,-11.1200050996416,0.0 -49.3805669,-11.1201203996416,0.0 -49.3805661,-11.1202638996416,0.0 -49.3805654,-11.1204073996416,0.0 -49.3804775,-11.1205216996416,0.0 -49.3803602,-11.1207219996416,0.0 -49.3803012,-11.1208651996416,0.0 -49.3803005,-11.1210087996416,0.0 -49.3802997,-11.1211522996416,0.0 -49.3802995,-11.1211781996416,0.0 -49.3802989,-11.1212957996416,0.0 -49.3803562,-11.1214395996416,0.0 -49.3803843,-11.1216119996416,0.0 -49.3803905,-11.1216274996416,0.0 -49.3804417,-11.1217557996416,0.0 -49.3804699,-11.1218994996416,0.0 -49.3804982,-11.1220431996415,0.0 -49.3804974,-11.1221866996415,0.0 -49.3804096,-11.1223009996415,0.0 -49.3803914,-11.1223881996415,0.0 -49.3803797,-11.1224443996415,0.0 -49.3802919,-11.1225586996415,0.0 -49.380175,-11.1226728996415,0.0 -49.3800295,-11.1227007996415,0.0 -49.3799128,-11.1227862996415,0.0 -49.3798829,-11.1229296996415,0.0 -49.3798531,-11.1230729996415,0.0 -49.3798523,-11.1232164996415,0.0 -49.3798515,-11.1233600996415,0.0 -49.3799379,-11.1235039996415,0.0 -49.3800537,-11.1235907996415,0.0 -49.3801988,-11.1236202996415,0.0 -49.380344,-11.1236496996415,0.0 -49.3804892,-11.1236791996415,0.0 -49.380527,-11.1236793996415,0.0 -49.3807217,-11.1236804996415,0.0 -49.380867,-11.1236812996415,0.0 -49.3809536,-11.1237965996415,0.0 -49.3810693,-11.1238832996415,0.0 -49.3812142,-11.1239701996415,0.0 -49.38133,-11.1240568996415,0.0 -49.3814165,-11.1241721996415,0.0 -49.3814517,-11.1243794996415,0.0 -49.381487,-11.1245866996415,0.0 -49.3815222,-11.1247939996415,0.0 -49.3815574,-11.1250012996415,0.0 -49.3815902,-11.1251090996415,0.0 -49.3815777,-11.1251687996415,0.0 -49.3815044,-11.1252820996414,0.0 -49.3814795,-11.1253998996414,0.0 -49.3814742,-11.1254249996414,0.0 -49.3815038,-11.1254843996414,0.0 -49.3816195,-11.1255997996414,0.0 -49.3816431,-11.1256065996414,0.0 -49.3817549,-11.1256387996414,0.0 -49.3819099,-11.1256395996414,0.0 -49.3820843,-11.1256405996414,0.0 -49.3822392,-11.1256604996414,0.0 -49.3823746,-11.1256994996414,0.0 -49.3825297,-11.1256811996414,0.0 -49.3826848,-11.1256628996414,0.0 -49.3828399,-11.1256445996414,0.0 -49.3829754,-11.1256835996414,0.0 -49.3830912,-11.1257607996414,0.0 -49.3831485,-11.1259141996414,0.0 -49.3831864,-11.1260674996414,0.0 -49.3832632,-11.1262018996414,0.0 -49.3833798,-11.1261258996414,0.0 -49.3834581,-11.1259923996414,0.0 -49.3834976,-11.1258586996414,0.0 -49.3835564,-11.1257249996414,0.0 -49.3837118,-11.1256684996414,0.0 -49.3838667,-11.1256883996414,0.0 -49.3839825,-11.1257655996414,0.0 -49.3841179,-11.1258045996414,0.0 -49.3842728,-11.1258245996414,0.0 -49.3844278,-11.1258253996414,0.0 -49.3845828,-11.1258261996414,0.0 -49.3847379,-11.1258270996414,0.0 -49.3848929,-11.1258278996414,0.0 -49.3850479,-11.1258286996414,0.0 -49.3852224,-11.1258104996414,0.0 -49.3853381,-11.1259067996414,0.0 -49.3853761,-11.1260409996414,0.0 -49.3854724,-11.1261562996414,0.0 -49.3856275,-11.1261379996414,0.0 -49.3857828,-11.1260814996414,0.0 -49.3859379,-11.1260630996414,0.0 -49.3860929,-11.1260639996414,0.0 -49.3862282,-11.1261220996414,0.0 -49.3862663,-11.1262562996414,0.0 -49.3863042,-11.1264095996414,0.0 -49.3863422,-11.1265436996414,0.0 -49.3864575,-11.1267165996414,0.0 -49.3865149,-11.1268507996414,0.0 -49.3865529,-11.1269849996414,0.0 -49.386708,-11.1269666996414,0.0 -49.386883,-11.1268527996414,0.0 -49.3869998,-11.1267576996414,0.0 -49.3871167,-11.1266435996414,0.0 -49.3872912,-11.1266253996414,0.0 -49.387407,-11.1267024996414,0.0 -49.387543,-11.1266457996414,0.0 -49.3876598,-11.1265507996414,0.0 -49.3877958,-11.1264749996414,0.0 -49.3879318,-11.1264182996414,0.0 -49.3880867,-11.1264382996414,0.0 -49.3882024,-11.1265345996414,0.0 -49.3882598,-11.1266687996414,0.0 -49.388259,-11.1268218996414,0.0 -49.3882581,-11.1269749996414,0.0 -49.3882573,-11.1271280996414,0.0 -49.3882953,-11.1272621996414,0.0 -49.3884697,-11.1272631996414,0.0 -49.3885865,-11.1271680996414,0.0 -49.388684,-11.1270537996414,0.0 -49.3888009,-11.1269395996414,0.0 -49.3889176,-11.1268445996414,0.0 -49.3890537,-11.1267687996414,0.0 -49.3892281,-11.1267696996414,0.0 -49.3893831,-11.1267704996414,0.0 -49.3895377,-11.1268478996414,0.0 -49.3895757,-11.1269820996414,0.0 -49.3896137,-11.1271161996414,0.0 -49.3896323,-11.1272693996414,0.0 -49.3895734,-11.1274029996414,0.0 -49.3894759,-11.1275172996414,0.0 -49.3893975,-11.1276699996414,0.0 -49.389358,-11.1278036996414,0.0 -49.3893378,-11.1279566996414,0.0 -49.3893563,-11.1281289996414,0.0 -49.3894917,-11.1281679996414,0.0 -49.3896276,-11.1281113996414,0.0 -49.3897638,-11.1280163996414,0.0 -49.3899191,-11.1279597996414,0.0 -49.3900348,-11.1280560996414,0.0 -49.3900728,-11.1282093996414,0.0 -49.390208,-11.1282866996414,0.0 -49.390422,-11.1281346996414,0.0 -49.3904808,-11.1280010996414,0.0 -49.3905397,-11.1278674996414,0.0 -49.3906755,-11.1278298996414,0.0 -49.3907914,-11.1279070996414,0.0 -49.3909266,-11.1279843996414,0.0 -49.3910424,-11.1280614996414,0.0 -49.3911582,-11.1281577996414,0.0 -49.3912155,-11.1282920996414,0.0 -49.3911374,-11.1284064996414,0.0 -49.3911172,-11.1285594996413,0.0 -49.3912133,-11.1286938996413,0.0 -49.3913486,-11.1287711996413,0.0 -49.3914839,-11.1288292996413,0.0 -49.3915608,-11.1289445996413,0.0 -49.3915783,-11.1290063996413,0.0 -49.3915988,-11.1290786996413,0.0 -49.3916368,-11.1292128996413,0.0 -49.391733,-11.1293281996413,0.0 -49.3918099,-11.1294433996413,0.0 -49.3917704,-11.1295771996413,0.0 -49.3917309,-11.1297108996413,0.0 -49.3917301,-11.1298639996413,0.0 -49.3918459,-11.1299410996413,0.0 -49.3919228,-11.1300563996413,0.0 -49.3919608,-11.1301904996413,0.0 -49.3918827,-11.1303048996413,0.0 -49.3918238,-11.1304385996413,0.0 -49.3917843,-11.1305722996413,0.0 -49.3917835,-11.1307253996413,0.0 -49.3917827,-11.1308784996413,0.0 -49.3917818,-11.1310315996413,0.0 -49.3917809,-11.1312037996413,0.0 -49.3917799,-11.1313759996413,0.0 -49.3917791,-11.1315290996413,0.0 -49.3918365,-11.1316632996413,0.0 -49.3919521,-11.1317787996412,0.0 -49.3921069,-11.1318178996412,0.0 -49.3922618,-11.1318377996412,0.0 -49.3924946,-11.1318007996412,0.0 -49.3927273,-11.1317637996412,0.0 -49.392766,-11.1317639996413,0.0 -49.3928916,-11.1317292996412,0.0 -49.3929019,-11.1317263996413,0.0 -49.3929995,-11.1315929996413,0.0 -49.393097,-11.1314786996413,0.0 -49.3931945,-11.1313643996413,0.0 -49.3933496,-11.1313460996413,0.0 -49.3935049,-11.1313086996413,0.0 -49.3936598,-11.1313285996413,0.0 -49.3937172,-11.1314628996413,0.0 -49.3937746,-11.1315971996413,0.0 -49.3937931,-11.1317502996412,0.0 -49.3938115,-11.1319226996412,0.0 -49.3938689,-11.1320568996412,0.0 -49.3939652,-11.1321722996412,0.0 -49.3941005,-11.1322303996412,0.0 -49.3942941,-11.1322696996412,0.0 -49.3944491,-11.1322704996412,0.0 -49.394604,-11.1322904996412,0.0 -49.3947,-11.1324440996412,0.0 -49.3947574,-11.1325783996412,0.0 -49.3948148,-11.1327125996412,0.0 -49.3948141,-11.1328378996412,0.0 -49.394814,-11.1328656996412,0.0 -49.3948325,-11.1330188996412,0.0 -49.3949094,-11.1331340996412,0.0 -49.3949494,-11.1331940996412,0.0 -49.3949863,-11.1332492996412,0.0 -49.3950437,-11.1333835996412,0.0 -49.3950817,-11.1335177996412,0.0 -49.395062,-11.1336155996412,0.0 -49.3950204,-11.1338226996412,0.0 -49.3948654,-11.1338218996412,0.0 -49.3947105,-11.1338018996412,0.0 -49.3945555,-11.1338010996412,0.0 -49.394381,-11.1338192996412,0.0 -49.3942255,-11.1338949996412,0.0 -49.394012,-11.1339703996412,0.0 -49.3938952,-11.1340653996412,0.0 -49.393875,-11.1342183996412,0.0 -49.3938741,-11.1343714996412,0.0 -49.3939503,-11.1346206996412,0.0 -49.3940271,-11.1347358996412,0.0 -49.3941429,-11.1348321996412,0.0 -49.3942783,-11.1348711996412,0.0 -49.3943939,-11.1349865996411,0.0 -49.394432,-11.1351207996411,0.0 -49.3944311,-11.1352738996411,0.0 -49.3944109,-11.1354268996411,0.0 -49.3942942,-11.1355027996411,0.0 -49.3941389,-11.1355593996411,0.0 -49.3940029,-11.1356159996411,0.0 -49.3938861,-11.1357301996411,0.0 -49.3938851,-11.1359024996411,0.0 -49.3938843,-11.1360554996411,0.0 -49.3939803,-11.1362090996411,0.0 -49.3940959,-11.1363245996411,0.0 -49.394231,-11.1364400996411,0.0 -49.3943468,-11.1365172996411,0.0 -49.3944822,-11.1365562996411,0.0 -49.3946177,-11.1365952996411,0.0 -49.3947324,-11.1365958996411,0.0 -49.3947727,-11.1365960996411,0.0 -49.3949469,-11.1366352996411,0.0 -49.3950823,-11.1366742996411,0.0 -49.3952177,-11.1367132996411,0.0 -49.3953921,-11.1367141996411,0.0 -49.3955666,-11.1366959996411,0.0 -49.395741,-11.1366968996411,0.0 -49.395896,-11.1366977996411,0.0 -49.3960312,-11.1367749996411,0.0 -49.3961662,-11.1368905996411,0.0 -49.3962431,-11.1370057996411,0.0 -49.3963199,-11.1371401996411,0.0 -49.3964162,-11.1372554996411,0.0 -49.3965123,-11.1373899996411,0.0 -49.3965891,-11.1375242996411,0.0 -49.3965302,-11.1376579996411,0.0 -49.3963943,-11.1377145996411,0.0 -49.3962391,-11.1377329996411,0.0 -49.3961317,-11.1377588996411,0.0 -49.3960839,-11.1377703996411,0.0 -49.3959481,-11.1378078996411,0.0 -49.3958698,-11.1379414996411,0.0 -49.3958495,-11.1381135996411,0.0 -49.3959458,-11.1382288996411,0.0 -49.3960812,-11.1382678996411,0.0 -49.3962166,-11.1383068996411,0.0 -49.3963325,-11.138384099641,0.0 -49.3964287,-11.138499399641,0.0 -49.3965249,-11.138633899641,0.0 -49.3966407,-11.138710999641,0.0 -49.3967565,-11.138807299641,0.0 -49.3969113,-11.138846399641,0.0 -49.3970856,-11.138866499641,0.0 -49.3972022,-11.138790599641,0.0 -49.3972033,-11.138599199641,0.0 -49.3972039,-11.138495499641,0.0 -49.3972041,-11.138446099641,0.0 -49.3972438,-11.1382740996411,0.0 -49.3973028,-11.1381213996411,0.0 -49.397381,-11.1379877996411,0.0 -49.3974786,-11.1378543996411,0.0 -49.3976147,-11.1377785996411,0.0 -49.3977697,-11.1377793996411,0.0 -49.3978854,-11.1378947996411,0.0 -49.3979621,-11.1380291996411,0.0 -49.3980584,-11.1381444996411,0.0 -49.3982131,-11.1382027996411,0.0 -49.3984454,-11.1382422996411,0.0 -49.3986197,-11.138262299641,0.0 -49.3987941,-11.1382632996411,0.0 -49.3989491,-11.1382640996411,0.0 -49.399085,-11.138226499641,0.0 -49.3992989,-11.138074599641,0.0 -49.3993236,-11.1380544996411,0.0 -49.3994158,-11.1379794996411,0.0 -49.3995516,-11.1379419996411,0.0 -49.3997061,-11.1380384996411,0.0 -49.3998217,-11.1381538996411,0.0 -49.3999954,-11.138288799641,0.0 -49.4001499,-11.138385299641,0.0 -49.4002657,-11.138462499641,0.0 -49.4003426,-11.138577699641,0.0 -49.4003611,-11.138730899641,0.0 -49.4003992,-11.138864999641,0.0 -49.4004177,-11.139018199641,0.0 -49.4004557,-11.139152399641,0.0 -49.4005519,-11.139286799641,0.0 -49.400648,-11.139421299641,0.0 -49.4006478,-11.139459599641,0.0 -49.4006858,-11.139593699641,0.0 -49.4007821,-11.139709099641,0.0 -49.4008978,-11.139805399641,0.0 -49.4010137,-11.139882499641,0.0 -49.4011687,-11.139883299641,0.0 -49.4013821,-11.139846199641,0.0 -49.4015374,-11.139789599641,0.0 -49.4016924,-11.139790499641,0.0 -49.4018472,-11.139829499641,0.0 -49.4019827,-11.139868499641,0.0 -49.4021568,-11.139907699641,0.0 -49.4023311,-11.139927799641,0.0 -49.4024666,-11.139966799641,0.0 -49.4026409,-11.139986899641,0.0 -49.4027958,-11.140006799641,0.0 -49.4029312,-11.140045799641,0.0 -49.4030666,-11.140084799641,0.0 -49.4032017,-11.140181199641,0.0 -49.4033561,-11.140296799641,0.0 -49.4034719,-11.140393099641,0.0 -49.4035487,-11.140527499641,0.0 -49.4035993,-11.140598299641,0.0 -49.4036448,-11.140661999641,0.0 -49.4037217,-11.140777199641,0.0 -49.4037986,-11.140892399641,0.0 -49.4038489,-11.140934299641,0.0 -49.4039143,-11.140988699641,0.0 -49.4040302,-11.141065899641,0.0 -49.4041851,-11.141085799641,0.0 -49.4043066,-11.141086499641,0.0 -49.4043976,-11.141052499641,0.0 -49.4045674,-11.141017499641,0.0 -49.4046461,-11.141017999641,0.0 -49.404761,-11.141036499641,0.0 -49.4048152,-11.141102599641,0.0 -49.4048148,-11.141174299641,0.0 -49.4047784,-11.141186099641,0.0 -49.4047179,-11.141179799641,0.0 -49.404627,-11.141179299641,0.0 -49.4045972,-11.141213299641,0.0 -49.4045905,-11.141220999641,0.0 -49.404804,-11.141299599641,0.0 -49.4048614,-11.141433899641,0.0 -49.40488,-11.141587099641,0.0 -49.4049177,-11.1417785996409,0.0 -49.4049945,-11.1419129996409,0.0 -49.4051102,-11.1420092996409,0.0 -49.405226,-11.1420863996409,0.0 -49.4053614,-11.1421445996409,0.0 -49.4055543,-11.1422986996409,0.0 -49.4057473,-11.1424527996409,0.0 -49.405747,-11.1424910996409,0.0 -49.405785,-11.1426443996409,0.0 -49.405823,-11.1427784996409,0.0 -49.4058222,-11.1429315996409,0.0 -49.4058599,-11.1431231996409,0.0 -49.405859,-11.1432761996409,0.0 -49.4058971,-11.1434103996409,0.0 -49.4059738,-11.1435447996409,0.0 -49.4060895,-11.1436601996409,0.0 -49.4062249,-11.1436991996409,0.0 -49.4063998,-11.1436043996409,0.0 -49.4065358,-11.1435476996409,0.0 -49.4067226,-11.1436379996409,0.0 -49.4069095,-11.1437282996409,0.0 -49.4070963,-11.1438185996409,0.0 -49.4072121,-11.1438957996409,0.0 -49.4072781,-11.1439946996409,0.0 -49.407289,-11.1440109996409,0.0 -49.4073464,-11.1441452996409,0.0 -49.4073845,-11.1442793996409,0.0 -49.4073836,-11.1444324996409,0.0 -49.4073828,-11.1445855996409,0.0 -49.4074013,-11.1447387996409,0.0 -49.4074394,-11.1448728996408,0.0 -49.4074773,-11.1450261996408,0.0 -49.4075344,-11.1452178996408,0.0 -49.4075918,-11.1453520996408,0.0 -49.4076686,-11.1454864996408,0.0 -49.4077647,-11.1456209996408,0.0 -49.4078416,-11.1457361996408,0.0 -49.4079183,-11.1458896996408,0.0 -49.4079248,-11.1459161996408,0.0 -49.4079562,-11.1460429996408,0.0 -49.4079939,-11.1462344996408,0.0 -49.4080315,-11.1464451996408,0.0 -49.4080885,-11.1466559996408,0.0 -49.4081455,-11.1468667996408,0.0 -49.408222,-11.1470585996408,0.0 -49.4082989,-11.1471737996408,0.0 -49.4083947,-11.1473656996408,0.0 -49.40851,-11.1475384996408,0.0 -49.4086063,-11.1476538996408,0.0 -49.4087025,-11.1477882996408,0.0 -49.4087224,-11.1478121996408,0.0 -49.4087987,-11.1479035996408,0.0 -49.408895,-11.1480189996408,0.0 -49.4090108,-11.1480960996408,0.0 -49.4091463,-11.1481350996408,0.0 -49.409262,-11.1482313996407,0.0 -49.4093972,-11.1483277996407,0.0 -49.4095902,-11.1484627996407,0.0 -49.4097061,-11.1485398996407,0.0 -49.4098219,-11.1486170996407,0.0 -49.4099181,-11.1487515996407,0.0 -49.4099365,-11.1489238996407,0.0 -49.4099743,-11.1490962996407,0.0 -49.4099735,-11.1492493996407,0.0 -49.4099726,-11.1494215996407,0.0 -49.4099911,-11.1495747996407,0.0 -49.4099903,-11.1497278996407,0.0 -49.4099508,-11.1498615996407,0.0 -49.4098726,-11.1499951996407,0.0 -49.4097557,-11.1501093996407,0.0 -49.4096295,-11.1502149996407,0.0 -49.4096194,-11.1502234996407,0.0 -49.4094829,-11.1503757996407,0.0 -49.4093462,-11.1505664996407,0.0 -49.4091901,-11.1507760996407,0.0 -49.4091693,-11.1510247996407,0.0 -49.4091486,-11.1512734996407,0.0 -49.4091283,-11.1514455996406,0.0 -49.4091081,-11.1515985996406,0.0 -49.4090879,-11.1517514996406,0.0 -49.409087,-11.1519045996406,0.0 -49.4091052,-11.1521343996406,0.0 -49.4091623,-11.1523068996406,0.0 -49.4092004,-11.1524409996406,0.0 -49.4092963,-11.1526137996406,0.0 -49.4093732,-11.1527289996406,0.0 -49.4094889,-11.1528443996406,0.0 -49.4096243,-11.1528833996406,0.0 -49.4098381,-11.1527696996406,0.0 -49.4099745,-11.1526364996406,0.0 -49.4101108,-11.1525032996406,0.0 -49.4102278,-11.1523698996406,0.0 -49.4102349,-11.1523652996406,0.0 -49.4103445,-11.1522939996406,0.0 -49.4104805,-11.1522372996406,0.0 -49.4106358,-11.1521806996406,0.0 -49.4108298,-11.1521434996406,0.0 -49.4109849,-11.1521251996406,0.0 -49.41114,-11.1521259996406,0.0 -49.4112949,-11.1521459996406,0.0 -49.41143,-11.1522423996406,0.0 -49.4115458,-11.1523386996406,0.0 -49.4116226,-11.1524538996406,0.0 -49.4116991,-11.1526455996406,0.0 -49.4117177,-11.1527987996406,0.0 -49.4117168,-11.1529518996406,0.0 -49.4117547,-11.1531242996406,0.0 -49.4117643,-11.1532041996406,0.0 -49.4117732,-11.1532774996406,0.0 -49.4118306,-11.1534117996406,0.0 -49.4119075,-11.1535269996406,0.0 -49.4120231,-11.1536423996406,0.0 -49.4120805,-11.1537957996406,0.0 -49.4121375,-11.1539874996406,0.0 -49.4121367,-11.1541405996406,0.0 -49.4121358,-11.1543127996406,0.0 -49.4121349,-11.1544658996406,0.0 -49.4121728,-11.1546382996406,0.0 -49.4122107,-11.1547915996405,0.0 -49.4122485,-11.1549639996405,0.0 -49.4122864,-11.1551172996405,0.0 -49.4123436,-11.1552897996405,0.0 -49.4124009,-11.1554431996405,0.0 -49.4124583,-11.1555965996405,0.0 -49.4125157,-11.1557308996405,0.0 -49.4125342,-11.1558840996405,0.0 -49.4125332,-11.1560753996405,0.0 -49.4125516,-11.1562477996405,0.0 -49.4126185,-11.1564202996405,0.0 -49.4126854,-11.1565928996405,0.0 -49.4127814,-11.1567464996405,0.0 -49.4128775,-11.1569000996405,0.0 -49.4129924,-11.1571494996405,0.0 -49.4130884,-11.1573221996405,0.0 -49.4131653,-11.1574373996405,0.0 -49.4133004,-11.1575337996405,0.0 -49.4134355,-11.1576301996405,0.0 -49.4135514,-11.1577073996405,0.0 -49.4136866,-11.1577846996405,0.0 -49.4137829,-11.1578999996405,0.0 -49.4139375,-11.1579772996404,0.0 -49.4140376,-11.1580344996404,0.0 -49.4140727,-11.1580545996404,0.0 -49.4142856,-11.1581130996404,0.0 -49.4144404,-11.1581521996404,0.0 -49.4145758,-11.1582103996404,0.0 -49.4147499,-11.1582686996404,0.0 -49.4148853,-11.1583076996404,0.0 -49.4150207,-11.1583466996404,0.0 -49.4151561,-11.1584047996404,0.0 -49.4152913,-11.1584819996404,0.0 -49.4154072,-11.1585591996404,0.0 -49.4155423,-11.1586555996404,0.0 -49.4156386,-11.1587708996404,0.0 -49.4157542,-11.1588862996404,0.0 -49.4158698,-11.1590208996404,0.0 -49.415966,-11.1591361996404,0.0 -49.4160235,-11.1592704996404,0.0 -49.4160809,-11.1594047996404,0.0 -49.4161578,-11.1595199996404,0.0 -49.4162345,-11.1596542996404,0.0 -49.4163114,-11.1597695996404,0.0 -49.4163688,-11.1599037996404,0.0 -49.4165038,-11.1600384996404,0.0 -49.4166194,-11.1601538996404,0.0 -49.4167157,-11.1602691996404,0.0 -49.4168314,-11.1603654996404,0.0 -49.4169083,-11.1604806996404,0.0 -49.4170434,-11.1605962996404,0.0 -49.4171786,-11.1606734996404,0.0 -49.4172944,-11.1607697996404,0.0 -49.41741,-11.1608852996404,0.0 -49.4175259,-11.1609623996404,0.0 -49.4176804,-11.1610588996404,0.0 -49.4178156,-11.1611361996404,0.0 -49.4178729,-11.1612895996403,0.0 -49.4179498,-11.1614047996403,0.0 -49.4180461,-11.1615200996403,0.0 -49.4181424,-11.1616353996403,0.0 -49.4182581,-11.1617316996403,0.0 -49.4183831,-11.1619141996403,0.0 -49.4185081,-11.1620965996403,0.0 -49.4186233,-11.1622885996403,0.0 -49.4186232,-11.1623076996403,0.0 -49.418739,-11.1624039996403,0.0 -49.4188547,-11.1625002996403,0.0 -49.4189316,-11.1626154996403,0.0 -49.4190474,-11.1627117996403,0.0 -49.419202,-11.1627891996403,0.0 -49.4193373,-11.1628472996403,0.0 -49.4194728,-11.1628862996403,0.0 -49.4196082,-11.1629252996403,0.0 -49.4197825,-11.1629453996403,0.0 -49.4200343,-11.1629849996403,0.0 -49.4202471,-11.1630434996403,0.0 -49.4203826,-11.1630824996403,0.0 -49.4205179,-11.1631405996403,0.0 -49.4206531,-11.1632177996403,0.0 -49.4207689,-11.1633140996403,0.0 -49.4209042,-11.1633722996403,0.0 -49.4210004,-11.1635066996403,0.0 -49.4211161,-11.1636220996403,0.0 -49.421193,-11.1637373996403,0.0 -49.4212698,-11.1638716996403,0.0 -49.4213272,-11.1640059996403,0.0 -49.4214624,-11.1640831996403,0.0 -49.4216171,-11.1641414996403,0.0 -49.4217525,-11.1641995996403,0.0 -49.4218878,-11.1642576996403,0.0 -49.4220426,-11.1642967996403,0.0 -49.4221975,-11.1643358996403,0.0 -49.4223611,-11.1644609996402,0.0 -49.422566,-11.1646176996402,0.0 -49.422771,-11.1647743996402,0.0 -49.4229378,-11.1649019996402,0.0 -49.4231046,-11.1650295996402,0.0 -49.4232781,-11.1651835996402,0.0 -49.4234229,-11.1652990996402,0.0 -49.4235676,-11.1654146996402,0.0 -49.4236634,-11.1656256996402,0.0 -49.4235856,-11.1657372996402,0.0 -49.4236045,-11.1658138996402,0.0 -49.4237548,-11.1658050996402,0.0 -49.4238815,-11.1656574996402,0.0 -49.4239817,-11.1655935996402,0.0 -49.4240079,-11.1655767996402,0.0 -49.4241483,-11.1656110996402,0.0 -49.4242886,-11.1656452996402,0.0 -49.4244232,-11.1658373996402,0.0 -49.4244127,-11.1659807996402,0.0 -49.4243054,-11.1661093996402,0.0 -49.4241981,-11.1662571996402,0.0 -49.424168,-11.1664483996402,0.0 -49.4241961,-11.1666254996402,0.0 -49.4242826,-11.1667551996402,0.0 -49.424413,-11.1668227996402,0.0 -49.4245729,-11.1668331996402,0.0 -49.4248058,-11.1667530996402,0.0 -49.4249324,-11.1666437996402,0.0 -49.4250111,-11.1664336996402,0.0 -49.4250655,-11.1662138996402,0.0 -49.4251674,-11.1662000996402,0.0 -49.4252882,-11.1662484996402,0.0 -49.425375,-11.1663302996402,0.0 -49.425408,-11.1665026996402,0.0 -49.4253539,-11.1666507996402,0.0 -49.4252756,-11.1667985996402,0.0 -49.4251535,-11.1669701996402,0.0 -49.4251237,-11.1671087996402,0.0 -49.4251183,-11.1672139996402,0.0 -49.425273,-11.1672769996402,0.0 -49.4255341,-11.1673644996402,0.0 -49.4256451,-11.1674607996402,0.0 -49.4257512,-11.1675521996402,0.0 -49.425736,-11.1676717996402,0.0 -49.4256288,-11.1677716996401,0.0 -49.4255209,-11.1680150996401,0.0 -49.4255981,-11.1680854996401,0.0 -49.4256897,-11.1681690996401,0.0 -49.425864,-11.1681938996401,0.0 -49.4260552,-11.1682139996401,0.0 -49.4262465,-11.1682341996401,0.0 -49.4263964,-11.1682827996401,0.0 -49.4265464,-11.1683313996401,0.0 -49.4267594,-11.1683660996401,0.0 -49.4269145,-11.1683500996401,0.0 -49.4270696,-11.1683341996401,0.0 -49.4272773,-11.1684500996401,0.0 -49.4273785,-11.1685606996401,0.0 -49.4275042,-11.1686091996401,0.0 -49.4276449,-11.1685715996401,0.0 -49.4277276,-11.1685026996401,0.0 -49.4278104,-11.1684337996401,0.0 -49.4279364,-11.1684152996401,0.0 -49.4280233,-11.1684826996401,0.0 -49.428105,-11.1685979996401,0.0 -49.4282692,-11.1687040996401,0.0 -49.4283658,-11.1687523996401,0.0 -49.4284726,-11.1687146996401,0.0 -49.4285749,-11.1686075996401,0.0 -49.4286773,-11.1685004996401,0.0 -49.4287244,-11.1682997996401,0.0 -49.4287715,-11.1680990996401,0.0 -49.4289366,-11.1680281996401,0.0 -49.4290869,-11.1680146996401,0.0 -49.4292371,-11.1680010996401,0.0 -49.4294213,-11.1679924996401,0.0 -49.4296396,-11.1679361996401,0.0 -49.4298313,-11.1678702996401,0.0 -49.4300231,-11.1678042996401,0.0 -49.4301589,-11.1677666996402,0.0 -49.4302948,-11.1677291996402,0.0 -49.4304719,-11.1676870996402,0.0 -49.4306489,-11.1676448996402,0.0 -49.4308333,-11.1675932996402,0.0 -49.4309213,-11.1674501996402,0.0 -49.4309124,-11.1672970996402,0.0 -49.4308985,-11.1671821996402,0.0 -49.4309329,-11.1670961996402,0.0 -49.4310446,-11.1670489996402,0.0 -49.4312481,-11.1670452996402,0.0 -49.4314175,-11.1670652996402,0.0 -49.4314759,-11.1670224996402,0.0 -49.4315829,-11.1669465996402,0.0 -49.431753,-11.1668517996402,0.0 -49.4320002,-11.1668338996402,0.0 -49.4322424,-11.1668447996402,0.0 -49.432383,-11.1668143996402,0.0 -49.4325237,-11.1667839996402,0.0 -49.4327322,-11.1667452996402,0.0 -49.4327573,-11.1667405996402,0.0 -49.4329408,-11.1667064996402,0.0 -49.4331493,-11.1666676996402,0.0 -49.4333239,-11.1666422996402,0.0 -49.4334984,-11.1666168996402,0.0 -49.4336537,-11.1665817996402,0.0 -49.4338089,-11.1665467996402,0.0 -49.4340077,-11.1665190996402,0.0 -49.4342357,-11.1664628996402,0.0 -49.4343862,-11.1664110996402,0.0 -49.4345366,-11.1663591996402,0.0 -49.4347404,-11.1663123996402,0.0 -49.4347801,-11.1663082996402,0.0 -49.4350022,-11.1662850996402,0.0 -49.4352154,-11.1662670996402,0.0 -49.4354091,-11.1662967996402,0.0 -49.4355248,-11.1663930996402,0.0 -49.435762,-11.1664373996402,0.0 -49.4360238,-11.1664004996402,0.0 -49.4361451,-11.1663819996402,0.0 -49.4362907,-11.1663204996402,0.0 -49.4364558,-11.1662591996402,0.0 -49.4366159,-11.1662121996402,0.0 -49.436776,-11.1661842996402,0.0 -49.4368971,-11.1661849996402,0.0 -49.4369836,-11.1663193996402,0.0 -49.4369879,-11.1664198996402,0.0 -49.4369337,-11.1665869996402,0.0 -49.4369089,-11.1666873996402,0.0 -49.4369421,-11.1668166996402,0.0 -49.4370291,-11.1668649996402,0.0 -49.4371695,-11.1668895996402,0.0 -49.4373729,-11.1669002996402,0.0 -49.4375474,-11.1668772996402,0.0 -49.4377853,-11.1667875996402,0.0 -49.4379751,-11.1666258996402,0.0 -49.4381257,-11.1665668996402,0.0 -49.4382762,-11.1665078996402,0.0 -49.4384188,-11.1665588996402,0.0 -49.4385615,-11.1666098996402,0.0 -49.4386916,-11.1667348996402,0.0 -49.4388362,-11.1668887996402,0.0 -49.4388936,-11.1670181996402,0.0 -49.4389221,-11.1671283996402,0.0 -49.4388872,-11.1673099996402,0.0 -49.4388038,-11.1674961996402,0.0 -49.4387981,-11.1676539996402,0.0 -49.4389237,-11.1677263996402,0.0 -49.439035,-11.1677556996402,0.0 -49.4392675,-11.1677664996402,0.0 -49.4395388,-11.1677726996401,0.0 -49.4397032,-11.1678309996401,0.0 -49.4397901,-11.1678983996401,0.0 -49.4398133,-11.1680754996401,0.0 -49.4398318,-11.1682430996401,0.0 -49.4398555,-11.1683436996401,0.0 -49.4399082,-11.1684491996401,0.0 -49.4400095,-11.1685453996401,0.0 -49.4401352,-11.1685938996401,0.0 -49.4403191,-11.1686282996401,0.0 -49.4404448,-11.1686767996401,0.0 -49.4405849,-11.1687636996401,0.0 -49.4406521,-11.1688787996401,0.0 -49.4406514,-11.1690127996401,0.0 -49.4406219,-11.1690939996401,0.0 -49.4406019,-11.1692038996401,0.0 -49.4406015,-11.1692851996401,0.0 -49.4406297,-11.1694479996401,0.0 -49.440672,-11.1696826996401,0.0 -49.440761,-11.1697979996401,0.0 -49.4408501,-11.1699131996401,0.0 -49.4410095,-11.1700001996401,0.0 -49.4412176,-11.1700442996401,0.0 -49.4414403,-11.1700741996401,0.0 -49.4416098,-11.1700941996401,0.0 -49.4417599,-11.1701045996401,0.0 -49.44191,-11.1701148996401,0.0 -49.4421522,-11.1701256996401,0.0 -49.4423747,-11.1701938996401,0.0 -49.442558,-11.1703478996401,0.0 -49.442615,-11.1705730996401,0.0 -49.4425557,-11.1707879996401,0.0 -49.442414,-11.17100259964,0.0 -49.442319,-11.17110489964,0.0 -49.442224,-11.17120729964,0.0 -49.4420662,-11.17134039964,0.0 -49.4420098,-11.17138799964,0.0 -49.4418829,-11.17155959964,0.0 -49.4417512,-11.17173589964,0.0 -49.4416318,-11.17186919964,0.0 -49.4415124,-11.17200249964,0.0 -49.4414535,-11.17213139964,0.0 -49.4413947,-11.17226029964,0.0 -49.4413403,-11.17247049964,0.0 -49.4414702,-11.17263379964,0.0 -49.4415375,-11.17274419964,0.0 -49.4416676,-11.17287409964,0.0 -49.441754,-11.17301799964,0.0 -49.441918,-11.17316239964,0.0 -49.4419757,-11.17324399964,0.0 -49.4420527,-11.17334009964,0.0 -49.4421298,-11.17341709964,0.0 -49.4422267,-11.17342709964,0.0 -49.4423381,-11.17343249964,0.0 -49.4423484,-11.17343109964,0.0 -49.4424738,-11.17341409964,0.0 -49.4424993,-11.17340859964,0.0 -49.4426386,-11.17337869964,0.0 -49.4426727,-11.17333259964,0.0 -49.4428037,-11.17328539964,0.0 -49.4429007,-11.17327389964,0.0 -49.4429977,-11.17326249964,0.0 -49.4431765,-11.17333519964,0.0 -49.4432535,-11.17344079964,0.0 -49.44335,-11.17351309964,0.0 -49.4434611,-11.17357109964,0.0 -49.4435821,-11.17360519964,0.0 -49.443708,-11.17362019964,0.0 -49.4438098,-11.17361119964,0.0 -49.4438778,-11.17357319964,0.0 -49.4439124,-11.17344429964,0.0 -49.4439034,-11.17331499964,0.0 -49.4438073,-11.17316619964,0.0 -49.4437593,-11.17307989964,0.0 -49.4436778,-11.17292159964,0.0 -49.4436928,-11.17284029964,0.0 -49.4437855,-11.17270209964,0.0 -49.4439912,-11.17260899964,0.0 -49.4441968,-11.17251599964,0.0 -49.4444024,-11.17242299964,0.0 -49.4445693,-11.17232019964,0.0 -49.4447362,-11.17221739964,0.0 -49.444903,-11.17211459964,0.0 -49.4450976,-11.17197929964,0.0 -49.4452921,-11.17184399964,0.0 -49.4454354,-11.17176819964,0.0 -49.4455788,-11.17169239964,0.0 -49.4457295,-11.17158789964,0.0 -49.4458803,-11.17148339964,0.0 -49.4460263,-11.17136459964,0.0 -49.446172,-11.17129359964,0.0 -49.4463177,-11.17122259964,0.0 -49.4465313,-11.17114709964,0.0 -49.4467498,-11.1710573996401,0.0 -49.4469586,-11.1709770996401,0.0 -49.4470462,-11.1709109996401,0.0 -49.4470656,-11.1708963996401,0.0 -49.4471823,-11.1708083996401,0.0 -49.4472991,-11.1707204996401,0.0 -49.4475179,-11.1705781996401,0.0 -49.4477512,-11.1704310996401,0.0 -49.4479355,-11.1703984996401,0.0 -49.4480905,-11.1704136996401,0.0 -49.4483499,-11.1704628996401,0.0 -49.4485745,-11.1705099996401,0.0 -49.4486537,-11.1705600996401,0.0 -49.4488337,-11.1705877996401,0.0 -49.4490274,-11.1706175996401,0.0 -49.4492696,-11.1706283996401,0.0 -49.4494744,-11.1707422996401,0.0 -49.449532,-11.1708401996401,0.0 -49.4495313,-11.1709741996401,0.0 -49.4495115,-11.17106589964,0.0 -49.4494715,-11.17129729964,0.0 -49.4494863,-11.17141409964,0.0 -49.4495459,-11.17151199964,0.0 -49.4496291,-11.17154109964,0.0 -49.4497434,-11.17155509964,0.0 -49.4498385,-11.17151729964,0.0 -49.44993,-11.17144699964,0.0 -49.4500254,-11.17136519964,0.0 -49.4501285,-11.17128919964,0.0 -49.4502392,-11.17125149964,0.0 -49.4503827,-11.17123119964,0.0 -49.4505013,-11.17122629964,0.0 -49.450646,-11.17134369964,0.0 -49.4507425,-11.17143089964,0.0 -49.4508449,-11.17152409964,0.0 -49.4510016,-11.17167439964,0.0 -49.4510979,-11.17179149964,0.0 -49.4511667,-11.17190809964,0.0 -49.4512058,-11.17200439964,0.0 -49.4512779,-11.17210339964,0.0 -49.451341,-11.17220839964,0.0 -49.4514466,-11.17227769964,0.0 -49.4515549,-11.17239789964,0.0 -49.4516415,-11.17263159964,0.0 -49.4517464,-11.17285039964,0.0 -49.4518603,-11.17306029964,0.0 -49.4519714,-11.17324619964,0.0 -49.4520554,-11.17338119964,0.0 -49.4521578,-11.17349539964,0.0 -49.4522298,-11.17361829964,0.0 -49.4523534,-11.17372959964,0.0 -49.4525008,-11.17390379964,0.0 -49.4526273,-11.17403899964,0.0 -49.4527994,-11.17414159964,0.0 -49.4529317,-11.17430969964,0.0 -49.4530431,-11.1744447996399,0.0 -49.4532333,-11.1745533996399,0.0 -49.4532741,-11.1745746996399,0.0 -49.4533722,-11.1746258996399,0.0 -49.4535322,-11.1747223996399,0.0 -49.4535678,-11.1748481996399,0.0 -49.4535035,-11.1749823996399,0.0 -49.4533697,-11.1750923996399,0.0 -49.4532032,-11.1750884996399,0.0 -49.4530607,-11.1751086996399,0.0 -49.4528699,-11.1751106996399,0.0 -49.4526912,-11.1751276996399,0.0 -49.4525942,-11.1751451996399,0.0 -49.4525182,-11.1752015996399,0.0 -49.4524721,-11.1753328996399,0.0 -49.4524653,-11.1754584996399,0.0 -49.4524738,-11.1755780996399,0.0 -49.4525573,-11.1758117996399,0.0 -49.452708,-11.1759589996399,0.0 -49.4528196,-11.1760313996399,0.0 -49.4529754,-11.1760590996399,0.0 -49.4531313,-11.1760867996399,0.0 -49.4531514,-11.1760874996399,0.0 -49.4532897,-11.1760923996399,0.0 -49.453428,-11.1760972996399,0.0 -49.4536852,-11.1761344996399,0.0 -49.4538409,-11.1761711996399,0.0 -49.4539967,-11.1762078996399,0.0 -49.4542146,-11.1762209996399,0.0 -49.4544207,-11.1761891996399,0.0 -49.4546364,-11.1760736996399,0.0 -49.4547278,-11.1759559996399,0.0 -49.4548193,-11.1758383996399,0.0 -49.4549504,-11.1756745996399,0.0 -49.4550628,-11.1756033996399,0.0 -49.4552054,-11.1755592996399,0.0 -49.4553508,-11.1755360996399,0.0 -49.4555355,-11.1755430996399,0.0 -49.4556625,-11.1755735996399,0.0 -49.4557776,-11.1755682996399,0.0 -49.4559293,-11.1755211996399,0.0 -49.4560297,-11.1754349996399,0.0 -49.4561543,-11.1753518996399,0.0 -49.4563241,-11.1753108996399,0.0 -49.4563997,-11.1753351996399,0.0 -49.4564508,-11.1753982996399,0.0 -49.4564533,-11.1755088996399,0.0 -49.4564255,-11.1756014996399,0.0 -49.4563765,-11.1757148996399,0.0 -49.4563452,-11.1758970996399,0.0 -49.4563566,-11.1760316996399,0.0 -49.4564076,-11.1761305996399,0.0 -49.4565285,-11.1761730996399,0.0 -49.4566194,-11.1761645996399,0.0 -49.4567864,-11.1760817996399,0.0 -49.4568682,-11.1760612996399,0.0 -49.4569468,-11.1760855996399,0.0 -49.4570254,-11.1761248996399,0.0 -49.4571185,-11.1762688996399,0.0 -49.4571389,-11.1764154996399,0.0 -49.457114,-11.1765408996399,0.0 -49.4570406,-11.1766750996399,0.0 -49.4569432,-11.1767732996399,0.0 -49.4568396,-11.1768952996399,0.0 -49.4567634,-11.1769905996399,0.0 -49.4566814,-11.1770320996399,0.0 -49.456488,-11.1770310996399,0.0 -49.4564301,-11.1770307996399,0.0 -49.456318,-11.1770421996399,0.0 -49.4561935,-11.1771072996399,0.0 -49.456105,-11.1772204996399,0.0 -49.4561558,-11.1773462996399,0.0 -49.4562462,-11.1774483996399,0.0 -49.4563819,-11.1775387996399,0.0 -49.4564074,-11.1775555996399,0.0 -49.4565238,-11.1776322996398,0.0 -49.4566594,-11.1777495996398,0.0 -49.4567408,-11.1778336996398,0.0 -49.4567977,-11.1779386996398,0.0 -49.4568275,-11.1780434996398,0.0 -49.4568239,-11.1781510996398,0.0 -49.4567355,-11.1782522996398,0.0 -49.4566141,-11.1783024996398,0.0 -49.4564719,-11.1782807996398,0.0 -49.4563632,-11.1782144996398,0.0 -49.4562,-11.1781597996398,0.0 -49.4561005,-11.1780755996398,0.0 -49.4560452,-11.1780036996398,0.0 -49.4560013,-11.1779464996398,0.0 -49.4559353,-11.1778235996398,0.0 -49.455887,-11.1777844996398,0.0 -49.4557387,-11.1777746996398,0.0 -49.4555692,-11.1777528996398,0.0 -49.4554361,-11.1777342996398,0.0 -49.4552335,-11.1776704996398,0.0 -49.4550189,-11.1776035996399,0.0 -49.4548706,-11.1775907996398,0.0 -49.4547402,-11.1776170996398,0.0 -49.45464,-11.1776793996398,0.0 -49.454582,-11.1777627996398,0.0 -49.4545603,-11.1778582996398,0.0 -49.4546019,-11.1779990996398,0.0 -49.4546952,-11.1781221996398,0.0 -49.4547946,-11.1782093996398,0.0 -49.4548579,-11.1782634996398,0.0 -49.454927,-11.1783714996398,0.0 -49.4549962,-11.1784615996398,0.0 -49.4550834,-11.1785666996398,0.0 -49.4551649,-11.1786208996398,0.0 -49.4553494,-11.1786666996398,0.0 -49.4554612,-11.1787061996398,0.0 -49.455573,-11.1787665996398,0.0 -49.4556879,-11.1787850996398,0.0 -49.4558211,-11.1788006996398,0.0 -49.4558515,-11.1787955996398,0.0 -49.455906,-11.1787861996398,0.0 -49.4561002,-11.1787154996398,0.0 -49.4562368,-11.1786473996398,0.0 -49.4564095,-11.1786243996398,0.0 -49.4566,-11.1786821996398,0.0 -49.4567965,-11.1787459996398,0.0 -49.4569415,-11.1788124996398,0.0 -49.4570591,-11.1789087996398,0.0 -49.4571613,-11.1790438996398,0.0 -49.4571634,-11.1790469996398,0.0 -49.4572425,-11.1791638996398,0.0 -49.4572207,-11.1792624996398,0.0 -49.4571476,-11.1793487996398,0.0 -49.4569836,-11.1794316996398,0.0 -49.4568344,-11.1795863996398,0.0 -49.4567826,-11.1796638996398,0.0 -49.4567062,-11.1797919996398,0.0 -49.4566963,-11.1799384996398,0.0 -49.4567528,-11.1801271996398,0.0 -49.4568702,-11.1802742996398,0.0 -49.4569906,-11.1804094996398,0.0 -49.4570464,-11.1805210996398,0.0 -49.4570775,-11.1805832996398,0.0 -49.4570709,-11.1806908996398,0.0 -49.4570036,-11.1808161996398,0.0 -49.4569855,-11.1808681996398,0.0 -49.4569359,-11.1810101996397,0.0 -49.4569078,-11.1811804996397,0.0 -49.4568796,-11.1813507996397,0.0 -49.4568876,-11.1814254996397,0.0 -49.4569056,-11.1815930996397,0.0 -49.4569413,-11.1817038996397,0.0 -49.4569579,-11.1817409996397,0.0 -49.4569922,-11.1818177996397,0.0 -49.4570583,-11.1819287996397,0.0 -49.4570618,-11.1819333996397,0.0 -49.4571515,-11.1820517996397,0.0 -49.4571545,-11.1820577996397,0.0 -49.4573111,-11.1822140996397,0.0 -49.4574258,-11.1822954996397,0.0 -49.4575099,-11.1824184996397,0.0 -49.457555,-11.1824874996397,0.0 -49.4576,-11.1825564996397,0.0 -49.4576812,-11.1826674996397,0.0 -49.4577809,-11.1827218996397,0.0 -49.4579138,-11.1827733996397,0.0 -49.4580166,-11.1828127996397,0.0 -49.4581557,-11.1828463996397,0.0 -49.4582946,-11.1829218996397,0.0 -49.458394,-11.1830329996397,0.0 -49.4584388,-11.1831468996397,0.0 -49.4584443,-11.1832515996397,0.0 -49.4584497,-11.1833771996397,0.0 -49.4584431,-11.1834757996397,0.0 -49.4585001,-11.1835717996397,0.0 -49.4585813,-11.1836797996397,0.0 -49.4587051,-11.1837432996397,0.0 -49.4588773,-11.1838338996397,0.0 -49.4590582,-11.1839752996397,0.0 -49.4591726,-11.1841044996397,0.0 -49.4593048,-11.1843024996396,0.0 -49.459369,-11.1844207996396,0.0 -49.4594008,-11.1844793996396,0.0 -49.4594186,-11.1845482996396,0.0 -49.4594755,-11.1846621996396,0.0 -49.4595752,-11.1847075996396,0.0 -49.459654,-11.1846989996396,0.0 -49.4597396,-11.1845528996396,0.0 -49.4597256,-11.1843405996396,0.0 -49.4597083,-11.1841610996396,0.0 -49.4598033,-11.1839551996397,0.0 -49.4598859,-11.1837941996397,0.0 -49.4599224,-11.1836045996397,0.0 -49.4599389,-11.1835193996397,0.0 -49.4598887,-11.1832768996397,0.0 -49.4598626,-11.1830495996397,0.0 -49.4598814,-11.1829299996397,0.0 -49.4599727,-11.1828527996397,0.0 -49.4600759,-11.1827994996397,0.0 -49.460221,-11.1828480996397,0.0 -49.4603812,-11.1829056996397,0.0 -49.4604748,-11.1829509996397,0.0 -49.4605593,-11.1830052996397,0.0 -49.46065,-11.1830326996397,0.0 -49.4608135,-11.1830543996397,0.0 -49.4609315,-11.1830579996397,0.0 -49.4610801,-11.1830258996397,0.0 -49.4611954,-11.1829816996397,0.0 -49.4613168,-11.1829254996397,0.0 -49.4613658,-11.1828210996397,0.0 -49.4614181,-11.1826807996397,0.0 -49.4613948,-11.1824922996397,0.0 -49.4614382,-11.1823100996397,0.0 -49.4616204,-11.1822063996397,0.0 -49.4618144,-11.1821864996397,0.0 -49.4619562,-11.1822798996397,0.0 -49.4620705,-11.1824299996397,0.0 -49.4621941,-11.1825352996397,0.0 -49.4623668,-11.1825122996397,0.0 -49.4624611,-11.1824349996397,0.0 -49.4625442,-11.1821872996397,0.0 -49.4626058,-11.1819812996397,0.0 -49.4626637,-11.1819187996397,0.0 -49.4628213,-11.1819015996397,0.0 -49.4629269,-11.1819738996397,0.0 -49.4630051,-11.1820669996397,0.0 -49.4631106,-11.1821572996397,0.0 -49.4631978,-11.1822712996397,0.0 -49.463267,-11.1823583996397,0.0 -49.4633908,-11.1824247996397,0.0 -49.463533,-11.1824673996397,0.0 -49.4636783,-11.1824770996397,0.0 -49.4638695,-11.1823823996397,0.0 -49.4640821,-11.1822818996397,0.0 -49.4642878,-11.1823187996397,0.0 -49.4643902,-11.1824239996397,0.0 -49.4644561,-11.1825677996397,0.0 -49.4644552,-11.1827262996397,0.0 -49.4644395,-11.1828338996397,0.0 -49.4644237,-11.1829623996397,0.0 -49.4644035,-11.1830838996397,0.0 -49.4644018,-11.1830937996397,0.0 -49.4644163,-11.1832194996397,0.0 -49.4644794,-11.1833184996397,0.0 -49.4645548,-11.1833636996397,0.0 -49.4646881,-11.1833643996397,0.0 -49.4648568,-11.1832621996397,0.0 -49.4649302,-11.1832177996397,0.0 -49.4649524,-11.1832042996397,0.0 -49.465029,-11.1830252996397,0.0 -49.4651207,-11.1828702996397,0.0 -49.4651272,-11.1827760996397,0.0 -49.4651338,-11.1826819996397,0.0 -49.4651349,-11.1824726996397,0.0 -49.4651327,-11.1823111996397,0.0 -49.4651273,-11.1821974996397,0.0 -49.465167,-11.1821229996397,0.0 -49.4653702,-11.1820671996397,0.0 -49.4656188,-11.1820146996397,0.0 -49.4658603,-11.1819357996397,0.0 -49.4660248,-11.1819700996397,0.0 -49.4662573,-11.1819999996397,0.0 -49.4663835,-11.1819575996397,0.0 -49.4664376,-11.1817999996397,0.0 -49.4664388,-11.1815750996397,0.0 -49.4664492,-11.1814363996397,0.0 -49.466571,-11.1812982996397,0.0 -49.4667096,-11.1812057996397,0.0 -49.4668482,-11.1811131996397,0.0 -49.4670815,-11.1809803996397,0.0 -49.4673147,-11.1808476996397,0.0 -49.4674631,-11.1807407996398,0.0 -49.4676114,-11.1806338996398,0.0 -49.4677864,-11.1805294996398,0.0 -49.4679614,-11.1804251996398,0.0 -49.4681362,-11.1803494996398,0.0 -49.4683543,-11.1803458996398,0.0 -49.4685717,-11.1804665996398,0.0 -49.468692,-11.1806154996398,0.0 -49.4687348,-11.1807687996398,0.0 -49.4687484,-11.1809601996397,0.0 -49.4687425,-11.1811610996397,0.0 -49.4687466,-11.1812140996397,0.0 -49.4687561,-11.1813333996397,0.0 -49.4688668,-11.1814774996397,0.0 -49.4689881,-11.1814446996397,0.0 -49.4691873,-11.1813308996397,0.0 -49.4693387,-11.1811067996397,0.0 -49.4694194,-11.1809660996397,0.0 -49.4695001,-11.1808252996398,0.0 -49.4695323,-11.1806795996398,0.0 -49.4695646,-11.1805337996398,0.0 -49.4695619,-11.1805064996398,0.0 -49.4695462,-11.1803471996398,0.0 -49.469455,-11.1801887996398,0.0 -49.4693924,-11.1801023996398,0.0 -49.4693936,-11.1798774996398,0.0 -49.4693319,-11.1796379996398,0.0 -49.4692887,-11.1795564996398,0.0 -49.4693043,-11.1793603996398,0.0 -49.4693776,-11.1792411996398,0.0 -49.4696061,-11.1790891996398,0.0 -49.4698294,-11.1789994996398,0.0 -49.4700427,-11.1789957996398,0.0 -49.4701779,-11.1790777996398,0.0 -49.4702738,-11.1792648996398,0.0 -49.4703508,-11.1793704996398,0.0 -49.4704717,-11.1794093996398,0.0 -49.4706318,-11.1793719996398,0.0 -49.4708262,-11.1792676996398,0.0 -49.4709337,-11.1790864996398,0.0 -49.4710262,-11.1790007996398,0.0 -49.4711476,-11.1789535996398,0.0 -49.4713073,-11.1789830996398,0.0 -49.4714281,-11.1790602996398,0.0 -49.47151,-11.1791515996398,0.0 -49.4715915,-11.1793098996398,0.0 -49.4716731,-11.1794585996398,0.0 -49.4717455,-11.1795163996398,0.0 -49.4719052,-11.1795410996398,0.0 -49.4720897,-11.1794750996398,0.0 -49.4722184,-11.1794111996398,0.0 -49.4723472,-11.1793471996398,0.0 -49.4724856,-11.1792785996398,0.0 -49.4726241,-11.1792098996398,0.0 -49.4728375,-11.1791583996398,0.0 -49.4730896,-11.1791356996398,0.0 -49.4732577,-11.1791077996398,0.0 -49.4733127,-11.1790985996398,0.0 -49.4735355,-11.1790996996398,0.0 -49.4736418,-11.1791624996398,0.0 -49.473788,-11.1790053996398,0.0 -49.4737718,-11.1788640996398,0.0 -49.4737556,-11.1787228996398,0.0 -49.4736738,-11.1786028996398,0.0 -49.473495,-11.1785158996398,0.0 -49.4733549,-11.1784361996398,0.0 -49.4732148,-11.1783565996398,0.0 -49.4730916,-11.1782841996398,0.0 -49.4729684,-11.1782117996398,0.0 -49.4727988,-11.1781437996398,0.0 -49.4727509,-11.1781245996398,0.0 -49.4725722,-11.1780087996398,0.0 -49.4724181,-11.1778357996398,0.0 -49.472356,-11.1776632996399,0.0 -49.4722939,-11.1774906996399,0.0 -49.4722515,-11.1772608996399,0.0 -49.4723399,-11.1770364996399,0.0 -49.472486,-11.1768984996399,0.0 -49.4726123,-11.1768296996399,0.0 -49.4727386,-11.1767609996399,0.0 -49.4728578,-11.1766802996399,0.0 -49.4729769,-11.1765995996399,0.0 -49.4731518,-11.1764999996399,0.0 -49.473361,-11.1763383996399,0.0 -49.4734922,-11.1762720996399,0.0 -49.4736234,-11.1762057996399,0.0 -49.4738128,-11.1761062996399,0.0 -49.4740314,-11.1760116996399,0.0 -49.4741673,-11.1759549996399,0.0 -49.4743033,-11.1758982996399,0.0 -49.4745172,-11.1757653996399,0.0 -49.4746967,-11.1757256996399,0.0 -49.4748761,-11.1756858996399,0.0 -49.4750798,-11.1756534996399,0.0 -49.4752541,-11.1756734996399,0.0 -49.4753991,-11.1757555996399,0.0 -49.4754859,-11.1758324996399,0.0 -49.4755725,-11.1759429996399,0.0 -49.475654,-11.1761060996399,0.0 -49.475702,-11.1762067996399,0.0 -49.4757798,-11.1762844996399,0.0 -49.475808,-11.1763125996399,0.0 -49.4759967,-11.1763709996399,0.0 -49.4761812,-11.1762905996399,0.0 -49.4762885,-11.1761475996399,0.0 -49.4763765,-11.1759996996399,0.0 -49.4763581,-11.1758225996399,0.0 -49.476288,-11.1756762996399,0.0 -49.4762478,-11.1755923996399,0.0 -49.4760887,-11.1754528996399,0.0 -49.4758712,-11.1753464996399,0.0 -49.4758041,-11.1752121996399,0.0 -49.4758991,-11.1751050996399,0.0 -49.4759941,-11.1749978996399,0.0 -49.4761545,-11.1749125996399,0.0 -49.4762955,-11.1748223996399,0.0 -49.476422,-11.1747081996399,0.0 -49.4764807,-11.1746032996399,0.0 -49.4765586,-11.1745318996399,0.0 -49.4766123,-11.1744651996399,0.0 -49.4768353,-11.1744328996399,0.0 -49.4769904,-11.1744240996399,0.0 -49.4771212,-11.1744294996399,0.0 -49.4772955,-11.1744590996399,0.0 -49.4775279,-11.1744889996399,0.0 -49.4776585,-11.1745279996399,0.0 -49.4777551,-11.1745810996399,0.0 -49.4778758,-11.1746725996399,0.0 -49.4780014,-11.1747449996399,0.0 -49.4781607,-11.1748557996399,0.0 -49.4783543,-11.1748902996399,0.0 -49.4785236,-11.1749461996399,0.0 -49.4786929,-11.1750020996399,0.0 -49.4789494,-11.1750511996399,0.0 -49.4791723,-11.1750522996399,0.0 -49.4793759,-11.1750246996399,0.0 -49.4795506,-11.1749824996399,0.0 -49.4797254,-11.1749067996399,0.0 -49.4799727,-11.1748649996399,0.0 -49.4801807,-11.1749378996399,0.0 -49.4803741,-11.1750153996399,0.0 -49.4805166,-11.1750973996399,0.0 -49.4806591,-11.1751794996399,0.0 -49.4807599,-11.1753593996399,0.0 -49.4808607,-11.1755392996399,0.0 -49.4809617,-11.1756928996399,0.0 -49.4810728,-11.1757556996399,0.0 -49.4812303,-11.1757444996399,0.0 -49.4813879,-11.1757333996399,0.0 -49.4815238,-11.1756861996399,0.0 -49.4816619,-11.1756796996399,0.0 -49.4818,-11.1756732996399,0.0 -49.4820467,-11.1757557996399,0.0 -49.4822305,-11.1758141996399,0.0 -49.4823753,-11.1759201996399,0.0 -49.4824473,-11.1760544996399,0.0 -49.482524,-11.1762079996399,0.0 -49.4826299,-11.1763472996399,0.0 -49.482736,-11.1764482996399,0.0 -49.482876,-11.1765446996399,0.0 -49.4830161,-11.1766266996399,0.0 -49.4830927,-11.1767896996399,0.0 -49.4831405,-11.1769238996399,0.0 -49.4831545,-11.1770340996399,0.0 -49.4831633,-11.1771919996399,0.0 -49.4831288,-11.1773065996399,0.0 -49.4830649,-11.1774880996399,0.0 -49.4830203,-11.1776744996398,0.0 -49.4829807,-11.1778368996398,0.0 -49.4829566,-11.1779824996398,0.0 -49.4829507,-11.1780185996398,0.0 -49.4829549,-11.1781381996398,0.0 -49.4829735,-11.1782913996398,0.0 -49.4829915,-11.1785641996398,0.0 -49.4829907,-11.1787172996398,0.0 -49.4830481,-11.1788610996398,0.0 -49.4831105,-11.1789665996398,0.0 -49.4831781,-11.1790195996398,0.0 -49.4833068,-11.1790484996398,0.0 -49.4833087,-11.1790489996398,0.0 -49.4834202,-11.1790494996398,0.0 -49.4835561,-11.1789927996398,0.0 -49.4837502,-11.1789459996398,0.0 -49.4839175,-11.1789132996398,0.0 -49.4840848,-11.1788806996398,0.0 -49.4842788,-11.1788433996398,0.0 -49.4844484,-11.1788418996398,0.0 -49.484618,-11.1788402996398,0.0 -49.4848695,-11.1789276996398,0.0 -49.4850238,-11.1790767996398,0.0 -49.4850668,-11.1792013996398,0.0 -49.485066,-11.1793400996398,0.0 -49.4850167,-11.1795120996398,0.0 -49.4849481,-11.1796552996398,0.0 -49.4848795,-11.1797984996398,0.0 -49.4847574,-11.1799939996398,0.0 -49.4846449,-11.1801991996398,0.0 -49.4846425,-11.1802050996398,0.0 -49.4845762,-11.1803709996398,0.0 -49.4846238,-11.1805339996398,0.0 -49.4846671,-11.1805867996398,0.0 -49.4847392,-11.1806971996398,0.0 -49.4848694,-11.1808174996397,0.0 -49.4849804,-11.1808945996397,0.0 -49.4851011,-11.1809812996397,0.0 -49.4852317,-11.1810297996397,0.0 -49.4852476,-11.1810307996397,0.0 -49.4854012,-11.1810401996397,0.0 -49.4855904,-11.1809980996397,0.0 -49.4857606,-11.1808841996397,0.0 -49.4859551,-11.1807511996398,0.0 -49.4860382,-11.1806176996398,0.0 -49.4861212,-11.1804840996398,0.0 -49.4862001,-11.1802309996398,0.0 -49.486167,-11.1800632996398,0.0 -49.4860128,-11.1798998996398,0.0 -49.4858193,-11.1798414996398,0.0 -49.4856015,-11.1797925996398,0.0 -49.4854719,-11.1795622996398,0.0 -49.48556,-11.1793856996398,0.0 -49.4856962,-11.1792954996398,0.0 -49.4859433,-11.1792919996398,0.0 -49.4860736,-11.1793834996398,0.0 -49.4862474,-11.1795135996398,0.0 -49.4864118,-11.1795765996398,0.0 -49.4865959,-11.1795918996398,0.0 -49.4868045,-11.1795354996398,0.0 -49.4870128,-11.1795413996398,0.0 -49.4871967,-11.1795948996398,0.0 -49.487303,-11.1796432996398,0.0 -49.4874671,-11.1797588996398,0.0 -49.4876022,-11.1798791996398,0.0 -49.4877082,-11.1799849996398,0.0 -49.4877996,-11.1801193996398,0.0 -49.4879008,-11.1802299996398,0.0 -49.4879968,-11.1804074996398,0.0 -49.4879813,-11.1805795996398,0.0 -49.4879325,-11.1806558996398,0.0 -49.4877721,-11.1807459996398,0.0 -49.4876,-11.1807762996398,0.0 -49.4874278,-11.1808064996398,0.0 -49.4873065,-11.1808393996398,0.0 -49.4872719,-11.1808553996397,0.0 -49.4872045,-11.1808866996397,0.0 -49.4871314,-11.1809676996397,0.0 -49.4870914,-11.1812066996397,0.0 -49.4870952,-11.1814027996397,0.0 -49.4871308,-11.1815536996397,0.0 -49.4871663,-11.1817045996397,0.0 -49.4873301,-11.1818967996397,0.0 -49.4875043,-11.1819311996397,0.0 -49.4876883,-11.1819655996397,0.0 -49.4877558,-11.1820032996397,0.0 -49.4878091,-11.1820331996397,0.0 -49.4878663,-11.1822008996397,0.0 -49.4878658,-11.1822965996397,0.0 -49.4878512,-11.1823529996397,0.0 -49.4878362,-11.1824112996397,0.0 -49.487758,-11.1825399996397,0.0 -49.4877186,-11.1826593996397,0.0 -49.4877132,-11.1827693996397,0.0 -49.4877851,-11.1829085996397,0.0 -49.4878912,-11.1830047996397,0.0 -49.4880622,-11.1831259996397,0.0 -49.4882243,-11.1832408996397,0.0 -49.4883646,-11.1832965996397,0.0 -49.4885048,-11.1833522996397,0.0 -49.4886881,-11.1835063996397,0.0 -49.4888326,-11.1836744996397,0.0 -49.4890014,-11.1838188996397,0.0 -49.4891512,-11.1839057996397,0.0 -49.4893155,-11.1839974996397,0.0 -49.4894555,-11.1840914996397,0.0 -49.4895955,-11.1841854996396,0.0 -49.4897382,-11.1842459996396,0.0 -49.4898808,-11.1843065996396,0.0 -49.4901202,-11.1843794996396,0.0 -49.4903597,-11.1844524996396,0.0 -49.4905436,-11.1845012996396,0.0 -49.4907275,-11.1845499996396,0.0 -49.4909986,-11.1845991996396,0.0 -49.4910909,-11.1845926996396,0.0 -49.4912506,-11.1845813996396,0.0 -49.4913915,-11.1845031996396,0.0 -49.4915324,-11.1844248996396,0.0 -49.4916203,-11.1843057996396,0.0 -49.4917081,-11.1841865996396,0.0 -49.4917599,-11.1840193996397,0.0 -49.4918116,-11.1838521996397,0.0 -49.4918951,-11.1836301996397,0.0 -49.4919786,-11.1834080996397,0.0 -49.492084,-11.1831861996397,0.0 -49.4921893,-11.1829642996397,0.0 -49.4922989,-11.1828547996397,0.0 -49.4924085,-11.1827452996397,0.0 -49.4925567,-11.1826527996397,0.0 -49.492705,-11.1825601996397,0.0 -49.4928461,-11.1824340996397,0.0 -49.4929873,-11.1823080996397,0.0 -49.4930944,-11.1822176996397,0.0 -49.4932014,-11.1821273996397,0.0 -49.4933301,-11.1820681996397,0.0 -49.4934589,-11.1820089996397,0.0 -49.4936629,-11.1818999996397,0.0 -49.4939005,-11.1818676996397,0.0 -49.4941402,-11.1818976996397,0.0 -49.4943799,-11.1819275996397,0.0 -49.4945468,-11.1819714996397,0.0 -49.4947138,-11.1820153996397,0.0 -49.4948734,-11.1820735996397,0.0 -49.495033,-11.1821317996397,0.0 -49.4951731,-11.1822089996397,0.0 -49.4953276,-11.1823054996397,0.0 -49.4954653,-11.1823874996397,0.0 -49.495603,-11.1824694996397,0.0 -49.495801,-11.1825996996397,0.0 -49.4960136,-11.1827107996397,0.0 -49.4961659,-11.1827737996397,0.0 -49.4963182,-11.1828366996397,0.0 -49.4965501,-11.1829622996397,0.0 -49.496729,-11.1830492996397,0.0 -49.4969078,-11.1831362996397,0.0 -49.4970649,-11.1832064996397,0.0 -49.497222,-11.1832766996397,0.0 -49.4973647,-11.1833203996397,0.0 -49.4975074,-11.1833641996397,0.0 -49.4977104,-11.1834608996397,0.0 -49.4979038,-11.1835527996397,0.0 -49.4981069,-11.1836231996397,0.0 -49.4983101,-11.1836935996397,0.0 -49.498496,-11.1838068996397,0.0 -49.498682,-11.1839202996397,0.0 -49.4988341,-11.1840190996397,0.0 -49.4989862,-11.1841179996396,0.0 -49.4991432,-11.1842143996396,0.0 -49.4993002,-11.1843108996396,0.0 -49.4994866,-11.1844950996396,0.0 -49.4996729,-11.1846793996396,0.0 -49.4998401,-11.1848446996396,0.0 -49.5000009,-11.1849984996396,0.0 -49.5001993,-11.1851888996396,0.0 -49.5003978,-11.1853791996396,0.0 -49.5005962,-11.1855695996396,0.0 -49.5007947,-11.1857599996396,0.0 -49.5009931,-11.1859502996396,0.0 -49.5011995,-11.1861055996396,0.0 -49.5014058,-11.1862609996396,0.0 -49.5015943,-11.1863671996396,0.0 -49.5017827,-11.1864733996396,0.0 -49.5019711,-11.1865795996396,0.0 -49.5021572,-11.1866737996396,0.0 -49.5023432,-11.1867679996396,0.0 -49.5025293,-11.1868621996396,0.0 -49.5027397,-11.1869278996396,0.0 -49.5029502,-11.1869934996396,0.0 -49.5031065,-11.1869906996396,0.0 -49.5032627,-11.1869878996396,0.0 -49.5033917,-11.1869310996396,0.0 -49.5035206,-11.1868742996396,0.0 -49.5037023,-11.1868288996396,0.0 -49.5038841,-11.1867834996396,0.0 -49.5040298,-11.1867076996396,0.0 -49.5041006,-11.1866098996396,0.0 -49.5042058,-11.1864166996396,0.0 -49.5042599,-11.1862441996396,0.0 -49.5043455,-11.1860914996396,0.0 -49.5044964,-11.1859414996396,0.0 -49.5046929,-11.1857551996396,0.0 -49.5048894,-11.1855688996396,0.0 -49.5050669,-11.1854297996396,0.0 -49.5052445,-11.1852907996396,0.0 -49.5054221,-11.1851516996396,0.0 -49.5056148,-11.1849562996396,0.0 -49.5058075,-11.1847607996396,0.0 -49.5060002,-11.1845652996396,0.0 -49.5061929,-11.1843697996396,0.0 -49.5063281,-11.1842185996396,0.0 -49.5064633,-11.1840672996397,0.0 -49.5065986,-11.1839160996397,0.0 -49.5067616,-11.1837757996397,0.0 -49.5069247,-11.1836354996397,0.0 -49.5070877,-11.1834951996397,0.0 -49.5072736,-11.1833830996397,0.0 -49.5074595,-11.1832709996397,0.0 -49.5076292,-11.1831264996397,0.0 -49.507799,-11.1829819996397,0.0 -49.5079522,-11.1828589996397,0.0 -49.5081055,-11.1827359996397,0.0 -49.5082878,-11.1826124996397,0.0 -49.5084702,-11.1824889996397,0.0 -49.5086525,-11.1823654996397,0.0 -49.5088093,-11.1822603996397,0.0 -49.5089661,-11.1821553996397,0.0 -49.5090891,-11.1820922996397,0.0 -49.509212,-11.1820291996397,0.0 -49.509335,-11.1819660996397,0.0 -49.509458,-11.1819030996397,0.0 -49.5096391,-11.1817866996397,0.0 -49.5098201,-11.1816703996397,0.0 -49.5099587,-11.1815825996397,0.0 -49.5100972,-11.1814947996397,0.0 -49.5102552,-11.1813998996397,0.0 -49.5104131,-11.1813049996397,0.0 -49.5105639,-11.1811932996397,0.0 -49.5107147,-11.1810815996397,0.0 -49.5108971,-11.1809485996397,0.0 -49.5110795,-11.1808154996398,0.0 -49.5112061,-11.1806773996398,0.0 -49.5113328,-11.1805392996398,0.0 -49.5114303,-11.1804201996398,0.0 -49.5115279,-11.1803010996398,0.0 -49.5115601,-11.1801624996398,0.0 -49.5115923,-11.1800238996398,0.0 -49.5116322,-11.1797944996398,0.0 -49.5116378,-11.1796365996398,0.0 -49.51161,-11.1793972996398,0.0 -49.5116035,-11.1792369996398,0.0 -49.5115971,-11.1790766996398,0.0 -49.511613,-11.1788135996398,0.0 -49.5116772,-11.1785794996398,0.0 -49.5117219,-11.1783595996398,0.0 -49.5117666,-11.1781397996398,0.0 -49.5118402,-11.1779535996398,0.0 -49.5119139,-11.1777673996398,0.0 -49.5119996,-11.1775787996398,0.0 -49.5120854,-11.1773902996399,0.0 -49.512142,-11.1772158996399,0.0 -49.5121986,-11.1770415996399,0.0 -49.5122381,-11.1769053996399,0.0 -49.5122775,-11.1767692996399,0.0 -49.5123413,-11.1766236996399,0.0 -49.512405,-11.1764780996399,0.0 -49.5124686,-11.1763467996399,0.0 -49.5125323,-11.1762155996399,0.0 -49.5125816,-11.1760482996399,0.0 -49.5126501,-11.1759242996399,0.0 -49.5127863,-11.1758148996399,0.0 -49.5129562,-11.1757583996399,0.0 -49.5131696,-11.1757163996399,0.0 -49.5133341,-11.1757649996399,0.0 -49.5134113,-11.1758227996399,0.0 -49.5134399,-11.1759090996399,0.0 -49.5134193,-11.1761481996399,0.0 -49.5133844,-11.1763536996399,0.0 -49.5133395,-11.1765974996399,0.0 -49.5133121,-11.1767576996399,0.0 -49.5132846,-11.1769177996399,0.0 -49.5132741,-11.1770827996399,0.0 -49.5132635,-11.1772477996399,0.0 -49.5132796,-11.1774176996399,0.0 -49.5132957,-11.1775875996398,0.0 -49.5133479,-11.1777983996398,0.0 -49.5133842,-11.1778640996398,0.0 -49.5134248,-11.1779374996398,0.0 -49.5135598,-11.1780673996398,0.0 -49.5136339,-11.1781682996398,0.0 -49.5136656,-11.1782113996398,0.0 -49.5136867,-11.1783502996398,0.0 -49.5137078,-11.1784890996398,0.0 -49.5137308,-11.1787283996398,0.0 -49.513728,-11.1787520996398,0.0 -49.5137055,-11.1789387996398,0.0 -49.513656,-11.1791394996398,0.0 -49.5136408,-11.1792733996398,0.0 -49.5136402,-11.1793977996398,0.0 -49.5136592,-11.1794695996398,0.0 -49.5137071,-11.1795798996398,0.0 -49.5138087,-11.1796090996398,0.0 -49.5138659,-11.1796084996398,0.0 -49.5141043,-11.1796057996398,0.0 -49.5143468,-11.1795543996398,0.0 -49.5144758,-11.1794425996398,0.0 -49.5146048,-11.1793307996398,0.0 -49.5146685,-11.1791875996398,0.0 -49.5147322,-11.1790443996398,0.0 -49.5148832,-11.1788872996398,0.0 -49.5150242,-11.1788017996398,0.0 -49.5151553,-11.1787330996398,0.0 -49.5152865,-11.1786643996398,0.0 -49.5154177,-11.1785932996398,0.0 -49.5155536,-11.1785460996398,0.0 -49.51567,-11.1785179996398,0.0 -49.515825,-11.1785426996398,0.0 -49.5159699,-11.1786342996398,0.0 -49.5160758,-11.1787543996398,0.0 -49.5161862,-11.1789702996398,0.0 -49.5162482,-11.1791571996398,0.0 -49.5162313,-11.1792736996398,0.0 -49.5161945,-11.1793661996398,0.0 -49.5161488,-11.1794077996398,0.0 -49.5160636,-11.1794940996398,0.0 -49.5159782,-11.1796132996398,0.0 -49.5158289,-11.1798009996398,0.0 -49.5156497,-11.1799016996398,0.0 -49.5155917,-11.1799911996398,0.0 -49.5155852,-11.1800718996398,0.0 -49.5156116,-11.1801379996398,0.0 -49.5156271,-11.1801766996398,0.0 -49.5156964,-11.1802368996398,0.0 -49.5158222,-11.1802635996398,0.0 -49.515884,-11.1802766996398,0.0 -49.5160325,-11.1802549996398,0.0 -49.516181,-11.1802332996398,0.0 -49.5163197,-11.1801576996398,0.0 -49.5164585,-11.1800821996398,0.0 -49.5166389,-11.1799132996398,0.0 -49.5167134,-11.1797451996398,0.0 -49.5167178,-11.1796418996398,0.0 -49.5167146,-11.1795040996398,0.0 -49.5167385,-11.1793759996398,0.0 -49.5167373,-11.1792266996398,0.0 -49.5167075,-11.1789949996398,0.0 -49.5166609,-11.1788277996398,0.0 -49.5166404,-11.1786751996398,0.0 -49.5166502,-11.1785496996398,0.0 -49.5167023,-11.1784153996398,0.0 -49.5167851,-11.1782543996398,0.0 -49.5168772,-11.1780711996398,0.0 -49.5169495,-11.1779394996398,0.0 -49.5170102,-11.1778306996398,0.0 -49.5170475,-11.1777275996398,0.0 -49.5170619,-11.1775668996399,0.0 -49.5170914,-11.1774808996399,0.0 -49.5171655,-11.1774008996399,0.0 -49.5172839,-11.1773535996399,0.0 -49.5174505,-11.1773812996399,0.0 -49.5175469,-11.1774792996399,0.0 -49.5176066,-11.1775523996398,0.0 -49.5177241,-11.1776868996398,0.0 -49.5178321,-11.1778022996398,0.0 -49.5179557,-11.1778965996398,0.0 -49.5180792,-11.1779909996398,0.0 -49.51821,-11.1780565996398,0.0 -49.5184367,-11.1781324996398,0.0 -49.5186818,-11.1781785996398,0.0 -49.5188905,-11.1782243996398,0.0 -49.5190568,-11.1782670996398,0.0 -49.5191626,-11.1783154996398,0.0 -49.5192682,-11.1783847996398,0.0 -49.5193163,-11.1784537996398,0.0 -49.5193462,-11.1785376996398,0.0 -49.5193426,-11.1786362996398,0.0 -49.5193056,-11.1787826996398,0.0 -49.5192351,-11.1789347996398,0.0 -49.5191346,-11.1790478996398,0.0 -49.5190374,-11.1791131996398,0.0 -49.5189189,-11.1791783996398,0.0 -49.5187883,-11.1792704996398,0.0 -49.5187302,-11.1793778996398,0.0 -49.5186901,-11.1795151996398,0.0 -49.5186924,-11.1796676996398,0.0 -49.518707,-11.1797723996398,0.0 -49.518758,-11.1798593996398,0.0 -49.5188452,-11.1799853996398,0.0 -49.5189114,-11.1800634996398,0.0 -49.5189989,-11.1801236996398,0.0 -49.5190706,-11.1803243996398,0.0 -49.5190851,-11.1804590996398,0.0 -49.5191172,-11.1806923996398,0.0 -49.5191736,-11.1809139996398,0.0 -49.5191943,-11.1810097996397,0.0 -49.5192666,-11.1810788996397,0.0 -49.5193542,-11.1811241996397,0.0 -49.5194722,-11.1811516996397,0.0 -49.5195842,-11.1811611996397,0.0 -49.5197079,-11.1812514996397,0.0 -49.5198283,-11.1814045996397,0.0 -49.5198991,-11.1814381996397,0.0 -49.5199431,-11.1814589996397,0.0 -49.5200854,-11.1814641996397,0.0 -49.5202277,-11.1814693996397,0.0 -49.5204308,-11.1814255996397,0.0 -49.5206644,-11.1813459996397,0.0 -49.5207965,-11.1812688996397,0.0 -49.5209286,-11.1811917996397,0.0 -49.5211035,-11.1810580996397,0.0 -49.5212783,-11.1809243996397,0.0 -49.5214881,-11.1807489996398,0.0 -49.5216357,-11.1806166996398,0.0 -49.5217832,-11.1804843996398,0.0 -49.5219386,-11.1802907996398,0.0 -49.5220336,-11.1800729996398,0.0 -49.5220526,-11.1799025996398,0.0 -49.5220388,-11.1796513996398,0.0 -49.5220153,-11.1795061996398,0.0 -49.5219918,-11.1793610996398,0.0 -49.5219714,-11.1791994996398,0.0 -49.5219664,-11.1789961996398,0.0 -49.5220005,-11.1788378996398,0.0 -49.5220558,-11.1786855996398,0.0 -49.5221382,-11.1785514996398,0.0 -49.5222755,-11.1783547996398,0.0 -49.5222947,-11.1781425996398,0.0 -49.5222626,-11.1779091996398,0.0 -49.5222423,-11.1777296996398,0.0 -49.522237,-11.1775920996398,0.0 -49.5222711,-11.1774307996399,0.0 -49.5223595,-11.1773086996399,0.0 -49.5224993,-11.1772240996399,0.0 -49.522639,-11.1771395996399,0.0 -49.5227681,-11.1770564996399,0.0 -49.5228972,-11.1769733996399,0.0 -49.5231249,-11.1768638996399,0.0 -49.5233586,-11.1767678996399,0.0 -49.5235923,-11.1766718996399,0.0 -49.5237546,-11.1766008996399,0.0 -49.523917,-11.1765298996399,0.0 -49.5241172,-11.1764606996399,0.0 -49.5243175,-11.1763913996399,0.0 -49.5245495,-11.1763236996399,0.0 -49.5247815,-11.1762560996399,0.0 -49.5250119,-11.1762003996399,0.0 -49.5251831,-11.1761802996399,0.0 -49.5253543,-11.1761602996399,0.0 -49.5254922,-11.1761489996399,0.0 -49.52563,-11.1761376996399,0.0 -49.525866,-11.1761806996399,0.0 -49.5259975,-11.1762276996399,0.0 -49.526129,-11.1762746996399,0.0 -49.5263042,-11.1763622996399,0.0 -49.5264067,-11.1764524996399,0.0 -49.5265122,-11.1765486996399,0.0 -49.5265901,-11.1767224996399,0.0 -49.5266493,-11.1769739996399,0.0 -49.5266937,-11.1771954996399,0.0 -49.5267863,-11.1774350996399,0.0 -49.5268883,-11.1776239996399,0.0 -49.5269695,-11.1777499996398,0.0 -49.5270506,-11.1778759996398,0.0 -49.5271481,-11.1780513996398,0.0 -49.5272457,-11.1782267996398,0.0 -49.5273645,-11.1783783996398,0.0 -49.5274834,-11.1785299996398,0.0 -49.52762,-11.1787563996398,0.0 -49.5277567,-11.1789827996398,0.0 -49.5278255,-11.1791446996398,0.0 -49.5278943,-11.1793064996398,0.0 -49.5279558,-11.1794352996398,0.0 -49.5280172,-11.1795641996398,0.0 -49.5281497,-11.1797203996398,0.0 -49.5283007,-11.1797868996398,0.0 -49.5285341,-11.1797550996398,0.0 -49.5286709,-11.1796132996398,0.0 -49.5286863,-11.1795973996398,0.0 -49.5287931,-11.1794334996398,0.0 -49.5288818,-11.1792604996398,0.0 -49.5288982,-11.1790183996398,0.0 -49.528849,-11.1788595996398,0.0 -49.5287998,-11.1787008996398,0.0 -49.5287922,-11.1786835996398,0.0 -49.5287346,-11.1785528996398,0.0 -49.5286771,-11.1784221996398,0.0 -49.5285692,-11.1782003996398,0.0 -49.528528,-11.1779579996398,0.0 -49.5285381,-11.1777636996398,0.0 -49.5285513,-11.1775424996398,0.0 -49.5285645,-11.1773212996399,0.0 -49.5286016,-11.1771749996399,0.0 -49.5286387,-11.1770285996399,0.0 -49.5286787,-11.1768957996399,0.0 -49.5287188,-11.1767628996399,0.0 -49.5287862,-11.1766017996399,0.0 -49.528826,-11.1765092996399,0.0 -49.5289232,-11.1764558996399,0.0 -49.5290536,-11.1764176996399,0.0 -49.5291837,-11.1764421996399,0.0 -49.5294101,-11.1765838996399,0.0 -49.5295788,-11.1767700996399,0.0 -49.5296568,-11.1769049996399,0.0 -49.5297349,-11.1770399996399,0.0 -49.5298296,-11.1771779996399,0.0 -49.5299243,-11.1773159996399,0.0 -49.5300206,-11.1774405996399,0.0 -49.5301168,-11.1775650996398,0.0 -49.5302186,-11.1778048996398,0.0 -49.5302722,-11.1779904996398,0.0 -49.5302985,-11.1781700996398,0.0 -49.5303098,-11.1783345996398,0.0 -49.5303093,-11.1784391996398,0.0 -49.5303237,-11.1785738996398,0.0 -49.5303929,-11.1786668996398,0.0 -49.5304984,-11.1787720996398,0.0 -49.5306221,-11.1788623996398,0.0 -49.5307884,-11.1789199996398,0.0 -49.5309822,-11.1789149996398,0.0 -49.531149,-11.1788619996398,0.0 -49.5312673,-11.1788266996398,0.0 -49.531382,-11.1789019996398,0.0 -49.5313507,-11.1791021996398,0.0 -49.5312743,-11.1792452996398,0.0 -49.5311681,-11.1792925996398,0.0 -49.5309708,-11.1793783996398,0.0 -49.5308345,-11.1793836996398,0.0 -49.5308324,-11.1793840996398,0.0 -49.5306284,-11.1794245996398,0.0 -49.5304678,-11.1794446996398,0.0 -49.530304,-11.1794946996398,0.0 -49.5301459,-11.1796105996398,0.0 -49.5300632,-11.1797954996398,0.0 -49.5300655,-11.1799360996398,0.0 -49.5301283,-11.1800978996398,0.0 -49.5302149,-11.1802154996398,0.0 -49.5303016,-11.1803331996398,0.0 -49.5305043,-11.1804776996398,0.0 -49.5306178,-11.1805643996398,0.0 -49.5307312,-11.1806509996398,0.0 -49.5309778,-11.1807622996398,0.0 -49.5311303,-11.1808563996397,0.0 -49.531142,-11.1808635996397,0.0 -49.5313398,-11.1810271996397,0.0 -49.5314601,-11.1812047996397,0.0 -49.5315223,-11.1813581996397,0.0 -49.5315746,-11.1815545996397,0.0 -49.5315742,-11.1816358996397,0.0 -49.5315788,-11.1816789996397,0.0 -49.5316946,-11.1817752996397,0.0 -49.5319029,-11.1817810996397,0.0 -49.5320654,-11.1817531996397,0.0 -49.5322279,-11.1817252996397,0.0 -49.5324461,-11.1816832996397,0.0 -49.5326644,-11.1816412996397,0.0 -49.5329311,-11.1815994996397,0.0 -49.5331978,-11.1815577996397,0.0 -49.5334645,-11.1815159996397,0.0 -49.5336892,-11.1814756996397,0.0 -49.5339139,-11.1814352996397,0.0 -49.5341386,-11.1813949996397,0.0 -49.5343762,-11.1813721996397,0.0 -49.5346137,-11.1813493996397,0.0 -49.5348336,-11.1813105996397,0.0 -49.5350534,-11.1812718996397,0.0 -49.5352733,-11.1812330996397,0.0 -49.535489,-11.1812197996397,0.0 -49.5357046,-11.1812064996397,0.0 -49.5359615,-11.1812028996397,0.0 -49.5362183,-11.1811993996397,0.0 -49.5364137,-11.1812003996397,0.0 -49.5366092,-11.1812012996397,0.0 -49.5368046,-11.1812022996397,0.0 -49.5370452,-11.1812177996397,0.0 -49.5372857,-11.1812332996397,0.0 -49.5375263,-11.1812488996397,0.0 -49.537778,-11.1812954996397,0.0 -49.5380298,-11.1813421996397,0.0 -49.5381652,-11.1813835996397,0.0 -49.5383007,-11.1814248996397,0.0 -49.5384385,-11.1814924996397,0.0 -49.5385762,-11.1815601996397,0.0 -49.5387308,-11.1816613996397,0.0 -49.5389143,-11.1817723996397,0.0 -49.5390884,-11.1818544996397,0.0 -49.5392431,-11.1819174996397,0.0 -49.5394468,-11.1818849996397,0.0 -49.5396118,-11.1818235996397,0.0 -49.5397625,-11.1817309996397,0.0 -49.5399132,-11.1816384996397,0.0 -49.540013,-11.1815384996397,0.0 -49.5401128,-11.1814384996397,0.0 -49.5401912,-11.1812785996397,0.0 -49.5402695,-11.1811186996397,0.0 -49.5402753,-11.1809177996397,0.0 -49.5402763,-11.1807311996398,0.0 -49.5402722,-11.1805685996398,0.0 -49.5402682,-11.1804058996398,0.0 -49.5402374,-11.1802693996398,0.0 -49.5402066,-11.1801328996398,0.0 -49.5401588,-11.1800034996398,0.0 -49.5401691,-11.1798790996398,0.0 -49.5402131,-11.1798027996398,0.0 -49.5403733,-11.1797365996398,0.0 -49.5405235,-11.1797372996398,0.0 -49.5407313,-11.1798530996398,0.0 -49.5408611,-11.1800451996398,0.0 -49.5409043,-11.1801457996398,0.0 -49.5409373,-11.1803133996398,0.0 -49.5409025,-11.1804902996398,0.0 -49.540882,-11.1807245996398,0.0 -49.5408811,-11.1808920996398,0.0 -49.5409094,-11.1810452996397,0.0 -49.5409955,-11.1812801996397,0.0 -49.541087,-11.1813905996397,0.0 -49.5411833,-11.1815154996397,0.0 -49.5413185,-11.1815974996397,0.0 -49.5414493,-11.1816172996397,0.0 -49.5416093,-11.1815940996397,0.0 -49.541772,-11.1815100996397,0.0 -49.5417745,-11.1815087996397,0.0 -49.541911,-11.1813419996397,0.0 -49.5419699,-11.1811796996397,0.0 -49.5420289,-11.1810172996397,0.0 -49.5420636,-11.1808595996398,0.0 -49.5420983,-11.1807017996398,0.0 -49.5421186,-11.1805129996398,0.0 -49.5421389,-11.1803240996398,0.0 -49.5421302,-11.1801278996398,0.0 -49.5421121,-11.1798789996398,0.0 -49.5420504,-11.1796250996398,0.0 -49.5419784,-11.1794931996398,0.0 -49.5419063,-11.1793612996398,0.0 -49.5418392,-11.1792174996398,0.0 -49.5417721,-11.1790735996398,0.0 -49.5416613,-11.1789414996398,0.0 -49.5415505,-11.1788093996398,0.0 -49.5414254,-11.1786484996398,0.0 -49.5413002,-11.1784875996398,0.0 -49.5411797,-11.1783649996398,0.0 -49.5410591,-11.1782423996398,0.0 -49.5408659,-11.1781266996398,0.0 -49.5406727,-11.1780108996398,0.0 -49.5405666,-11.1779098996398,0.0 -49.5404605,-11.1778088996398,0.0 -49.5403305,-11.1776312996398,0.0 -49.5402153,-11.1774153996399,0.0 -49.5401001,-11.1771995996399,0.0 -49.5400236,-11.1769982996399,0.0 -49.54001,-11.1769443996399,0.0 -49.5399618,-11.1767539996399,0.0 -49.5399311,-11.1766102996399,0.0 -49.5399003,-11.1764665996399,0.0 -49.5399059,-11.1763182996399,0.0 -49.5399115,-11.1761699996399,0.0 -49.539932,-11.1759404996399,0.0 -49.5400009,-11.1757302996399,0.0 -49.5400622,-11.1755870996399,0.0 -49.5401234,-11.1754438996399,0.0 -49.5402118,-11.1752098996399,0.0 -49.5403144,-11.1750380996399,0.0 -49.5403777,-11.1749857996399,0.0 -49.5405477,-11.1748908996399,0.0 -49.5407711,-11.1748058996399,0.0 -49.5409674,-11.1747876996399,0.0 -49.5411637,-11.1747695996399,0.0 -49.5413864,-11.1748112996399,0.0 -49.5416091,-11.1748530996399,0.0 -49.5417954,-11.1748945996399,0.0 -49.5419817,-11.1749361996399,0.0 -49.5422384,-11.1749613996399,0.0 -49.5424951,-11.1749864996399,0.0 -49.5426379,-11.1750135996399,0.0 -49.5427807,-11.1750405996399,0.0 -49.54304,-11.1750178996399,0.0 -49.5432994,-11.1749951996399,0.0 -49.5434691,-11.1749601996399,0.0 -49.5436389,-11.1749250996399,0.0 -49.5438429,-11.1748232996399,0.0 -49.5440469,-11.1747213996399,0.0 -49.544205,-11.1746096996399,0.0 -49.544363,-11.1744980996399,0.0 -49.5445038,-11.1744341996399,0.0 -49.5446447,-11.1743702996399,0.0 -49.5448872,-11.17430449964,0.0 -49.5450884,-11.17428389964,0.0 -49.5452896,-11.17426339964,0.0 -49.545464,-11.1742641996399,0.0 -49.5456385,-11.17426509964,0.0 -49.5458421,-11.17424209964,0.0 -49.5459899,-11.17424519964,0.0 -49.5461376,-11.17424829964,0.0 -49.546399,-11.17429269964,0.0 -49.5465637,-11.1743173996399,0.0 -49.5467283,-11.1743420996399,0.0 -49.5469097,-11.1743931996399,0.0 -49.5470912,-11.1744442996399,0.0 -49.5472483,-11.1745048996399,0.0 -49.5474055,-11.1745654996399,0.0 -49.547541,-11.1746067996399,0.0 -49.5476764,-11.1746480996399,0.0 -49.547773,-11.1746650996399,0.0 -49.5479282,-11.1746923996399,0.0 -49.5480885,-11.1746117996399,0.0 -49.5482104,-11.1744640996399,0.0 -49.5482258,-11.17427279964,0.0 -49.5482413,-11.17408149964,0.0 -49.5482301,-11.17390679964,0.0 -49.5482188,-11.17373219964,0.0 -49.5482112,-11.17368539964,0.0 -49.5481718,-11.17344489964,0.0 -49.5481435,-11.17329879964,0.0 -49.5481151,-11.17315279964,0.0 -49.5480728,-11.17288459964,0.0 -49.5480303,-11.17267869964,0.0 -49.5480214,-11.17251119964,0.0 -49.5480124,-11.17238199964,0.0 -49.5480758,-11.17230099964,0.0 -49.5482117,-11.17224419964,0.0 -49.5483426,-11.17223049964,0.0 -49.5485945,-11.17224609964,0.0 -49.5487298,-11.17230649964,0.0 -49.5488652,-11.17236699964,0.0 -49.5490241,-11.17255909964,0.0 -49.5491035,-11.17267909964,0.0 -49.5491828,-11.17279909964,0.0 -49.5492621,-11.17294779964,0.0 -49.5493413,-11.17309649964,0.0 -49.549413,-11.17327869964,0.0 -49.5494848,-11.17346079964,0.0 -49.5495446,-11.17360939964,0.0 -49.5496045,-11.17375799964,0.0 -49.5497158,-11.17394039964,0.0 -49.5498605,-11.17407499964,0.0 -49.5500876,-11.17419569964,0.0 -49.5502955,-11.17430199964,0.0 -49.550482,-11.17430769964,0.0 -49.5506685,-11.1743133996399,0.0 -49.5508697,-11.1742975996399,0.0 -49.5510708,-11.1742817996399,0.0 -49.5512808,-11.17427169964,0.0 -49.5514908,-11.17426149964,0.0 -49.5517009,-11.17425139964,0.0 -49.5519012,-11.1742459996399,0.0 -49.5521015,-11.17424059964,0.0 -49.5523018,-11.17423519964,0.0 -49.5525369,-11.17420519964,0.0 -49.5527721,-11.17417519964,0.0 -49.5529419,-11.17412579964,0.0 -49.5531117,-11.17407639964,0.0 -49.5532767,-11.17402219964,0.0 -49.5534417,-11.17396799964,0.0 -49.5535924,-11.17386819964,0.0 -49.5537431,-11.17376849964,0.0 -49.5538697,-11.17364469964,0.0 -49.5539963,-11.17352089964,0.0 -49.5541021,-11.17338419964,0.0 -49.5542078,-11.17324739964,0.0 -49.5543025,-11.17308639964,0.0 -49.5545182,-11.17295289964,0.0 -49.5547186,-11.17285369964,0.0 -49.5549189,-11.17275449964,0.0 -49.555117,-11.17271559964,0.0 -49.555315,-11.17267669964,0.0 -49.555513,-11.17263779964,0.0 -49.5556585,-11.17260999964,0.0 -49.555804,-11.17258229964,0.0 -49.5559886,-11.17261009964,0.0 -49.556188,-11.17271879964,0.0 -49.5563295,-11.17287189964,0.0 -49.5564103,-11.17307569964,0.0 -49.5563971,-11.17328489964,0.0 -49.5563629,-11.17346709964,0.0 -49.5562498,-11.17368489964,0.0 -49.556143,-11.17384429964,0.0 -49.5560362,-11.17400379964,0.0 -49.5559493,-11.17414239964,0.0 -49.5558623,-11.17428109964,0.0 -49.5557463,-11.1744688996399,0.0 -49.5556603,-11.1747106996399,0.0 -49.5556319,-11.1749317996399,0.0 -49.5556885,-11.1751204996399,0.0 -49.5558145,-11.1753632996399,0.0 -49.5559593,-11.1754835996399,0.0 -49.5561736,-11.1756131996399,0.0 -49.5564123,-11.1757219996399,0.0 -49.5566574,-11.1757679996399,0.0 -49.5569025,-11.1758140996399,0.0 -49.5570751,-11.1758193996399,0.0 -49.5572477,-11.1758246996399,0.0 -49.5574037,-11.1758074996399,0.0 -49.5575598,-11.1757902996399,0.0 -49.5577068,-11.1757521996399,0.0 -49.5578539,-11.1757139996399,0.0 -49.5580434,-11.1756550996399,0.0 -49.558233,-11.1755961996399,0.0 -49.5584016,-11.1754909996399,0.0 -49.5585702,-11.1753857996399,0.0 -49.5587084,-11.1752995996399,0.0 -49.5588466,-11.1752133996399,0.0 -49.5589788,-11.1751243996399,0.0 -49.559111,-11.1750352996399,0.0 -49.5592147,-11.1748772996399,0.0 -49.5592975,-11.1746683996399,0.0 -49.5593102,-11.1745497996399,0.0 -49.5592976,-11.1744535996399,0.0 -49.5592798,-11.1742410996399,0.0 -49.5592324,-11.17412309964,0.0 -49.5591472,-11.17401079964,0.0 -49.5590616,-11.17396439964,0.0 -49.5589195,-11.17390629964,0.0 -49.5587706,-11.17387189964,0.0 -49.5586218,-11.17383749964,0.0 -49.5584267,-11.17379779964,0.0 -49.5581798,-11.17375589964,0.0 -49.5580213,-11.17372169964,0.0 -49.5578628,-11.17368739964,0.0 -49.5577387,-11.17362849964,0.0 -49.5575317,-11.17353029964,0.0 -49.5573774,-11.17338129964,0.0 -49.5572666,-11.17324319964,0.0 -49.5571558,-11.17310509964,0.0 -49.557077,-11.17288459964,0.0 -49.5570803,-11.17270279964,0.0 -49.5570836,-11.17252109964,0.0 -49.5571043,-11.17226759964,0.0 -49.5571961,-11.17205989964,0.0 -49.5573135,-11.17184519964,0.0 -49.5574886,-11.17170249964,0.0 -49.5576963,-11.17158869964,0.0 -49.5577913,-11.17149579964,0.0 -49.5578904,-11.17128819964,0.0 -49.5579602,-11.17113419964,0.0 -49.5580083,-11.1709621996401,0.0 -49.5580238,-11.1707720996401,0.0 -49.5579995,-11.1705279996401,0.0 -49.5579567,-11.1703698996401,0.0 -49.5579796,-11.1701618996401,0.0 -49.5579839,-11.1700075996401,0.0 -49.5580573,-11.1698644996401,0.0 -49.5581848,-11.1698040996401,0.0 -49.5584173,-11.1698159996401,0.0 -49.558599,-11.1698293996401,0.0 -49.5587806,-11.1698427996401,0.0 -49.558973,-11.1698771996401,0.0 -49.5591655,-11.1699116996401,0.0 -49.5593579,-11.1699460996401,0.0 -49.5595776,-11.1699775996401,0.0 -49.5597973,-11.1700091996401,0.0 -49.5600152,-11.1700335996401,0.0 -49.5602331,-11.1700578996401,0.0 -49.5603748,-11.1700675996401,0.0 -49.5605165,-11.1700771996401,0.0 -49.5607528,-11.1700639996401,0.0 -49.5609638,-11.1700147996401,0.0 -49.5611205,-11.1699186996401,0.0 -49.5612994,-11.1697579996401,0.0 -49.5614272,-11.1696294996401,0.0 -49.5615734,-11.1694471996401,0.0 -49.5616322,-11.1693200996401,0.0 -49.561691,-11.1691929996401,0.0 -49.5617153,-11.1690567996401,0.0 -49.5617396,-11.1689204996401,0.0 -49.5617532,-11.1687285996401,0.0 -49.5617669,-11.1685366996401,0.0 -49.5617695,-11.1683698996401,0.0 -49.5617722,-11.1682029996401,0.0 -49.5618024,-11.1679758996401,0.0 -49.5618325,-11.1677487996401,0.0 -49.5618627,-11.1675216996402,0.0 -49.5618981,-11.1673585996402,0.0 -49.5619334,-11.1671954996402,0.0 -49.5619613,-11.1670592996402,0.0 -49.5619892,-11.1669230996402,0.0 -49.5620378,-11.1666612996402,0.0 -49.5620863,-11.1663995996402,0.0 -49.5621296,-11.1662132996402,0.0 -49.5621729,-11.1660268996402,0.0 -49.5622162,-11.1658404996402,0.0 -49.5622778,-11.1656109996402,0.0 -49.5623421,-11.1653709996402,0.0 -49.5623774,-11.1652114996402,0.0 -49.5624127,-11.1650519996402,0.0 -49.5624189,-11.1648941996402,0.0 -49.5624252,-11.1647362996402,0.0 -49.5623987,-11.1645854996402,0.0 -49.5623721,-11.1644345996403,0.0 -49.5623201,-11.1642926996403,0.0 -49.5622682,-11.1641506996403,0.0 -49.5622015,-11.1640265996403,0.0 -49.5621349,-11.1639023996403,0.0 -49.5620013,-11.1637366996403,0.0 -49.561842,-11.1636211996403,0.0 -49.5617224,-11.1635433996403,0.0 -49.5616029,-11.1634656996403,0.0 -49.5613856,-11.1633067996403,0.0 -49.5611425,-11.1632373996403,0.0 -49.5609174,-11.1631968996403,0.0 -49.5606923,-11.1631562996403,0.0 -49.5605307,-11.1631429996403,0.0 -49.560369,-11.1631296996403,0.0 -49.5601182,-11.1631499996403,0.0 -49.5598673,-11.1631702996403,0.0 -49.5596636,-11.1632278996403,0.0 -49.5594598,-11.1632855996403,0.0 -49.559256,-11.1633431996403,0.0 -49.5591047,-11.1634518996403,0.0 -49.5589533,-11.1635605996403,0.0 -49.5588086,-11.1636854996403,0.0 -49.5586638,-11.1638103996403,0.0 -49.558519,-11.1639352996403,0.0 -49.558355,-11.1640313996403,0.0 -49.558191,-11.1641274996403,0.0 -49.5580218,-11.1641840996403,0.0 -49.5578525,-11.1642406996403,0.0 -49.5576779,-11.1642720996403,0.0 -49.5575034,-11.1643035996403,0.0 -49.5573181,-11.1642990996403,0.0 -49.5571328,-11.1642945996403,0.0 -49.5569405,-11.1642242996403,0.0 -49.5567483,-11.1641539996403,0.0 -49.556556,-11.1640836996403,0.0 -49.5563875,-11.1639985996403,0.0 -49.5562189,-11.1639134996403,0.0 -49.5560053,-11.1637509996403,0.0 -49.5558501,-11.1635420996403,0.0 -49.5557131,-11.1633099996403,0.0 -49.5555762,-11.1630778996403,0.0 -49.5554839,-11.1628824996403,0.0 -49.5553916,-11.1626870996403,0.0 -49.5552993,-11.1624916996403,0.0 -49.5552277,-11.1623333996403,0.0 -49.555156,-11.1621750996403,0.0 -49.5551447,-11.1621499996403,0.0 -49.5550896,-11.1618985996403,0.0 -49.5550346,-11.1616471996403,0.0 -49.5550173,-11.1614622996403,0.0 -49.555,-11.1612773996403,0.0 -49.555034,-11.1610335996404,0.0 -49.5550655,-11.1608991996404,0.0 -49.5550971,-11.1607647996404,0.0 -49.5551597,-11.1605927996404,0.0 -49.5552695,-11.1604246996404,0.0 -49.5553827,-11.1603211996404,0.0 -49.5555505,-11.1601820996404,0.0 -49.5557656,-11.1600538996404,0.0 -49.5559702,-11.1600001996404,0.0 -49.5561749,-11.1599464996404,0.0 -49.5564223,-11.1599334996404,0.0 -49.5565802,-11.1599418996404,0.0 -49.5567381,-11.1599503996404,0.0 -49.5569223,-11.1599435996404,0.0 -49.5571279,-11.1599100996404,0.0 -49.5572875,-11.1599370996404,0.0 -49.5574472,-11.1599640996404,0.0 -49.5575984,-11.1599886996404,0.0 -49.5578436,-11.1600077996404,0.0 -49.5580375,-11.1600027996404,0.0 -49.5582105,-11.1599168996404,0.0 -49.5583806,-11.1598040996404,0.0 -49.5585892,-11.1596566996404,0.0 -49.5586621,-11.1596360996404,0.0 -49.5588618,-11.1595819996404,0.0 -49.5590616,-11.1595279996404,0.0 -49.5592613,-11.1594738996404,0.0 -49.5595099,-11.1594140996404,0.0 -49.5597585,-11.1593542996404,0.0 -49.5600113,-11.1592577996404,0.0 -49.5602641,-11.1591613996404,0.0 -49.560517,-11.1590648996404,0.0 -49.560755,-11.1589427996404,0.0 -49.5608885,-11.1588931996404,0.0 -49.5610668,-11.1588426996404,0.0 -49.561257,-11.1588255996404,0.0 -49.5613453,-11.1588582996404,0.0 -49.5613994,-11.1589279996404,0.0 -49.5614887,-11.1589977996404,0.0 -49.5615949,-11.1590831996404,0.0 -49.5616696,-11.1591612996404,0.0 -49.5617981,-11.1593843996404,0.0 -49.5618786,-11.1595246996404,0.0 -49.56201,-11.1596876996404,0.0 -49.5620988,-11.1598960996404,0.0 -49.5621225,-11.1600098996404,0.0 -49.5622125,-11.1601717996404,0.0 -49.562339,-11.1603188996404,0.0 -49.5624326,-11.1603820996404,0.0 -49.5625112,-11.1604063996404,0.0 -49.562599,-11.1603978996404,0.0 -49.5627474,-11.1603985996404,0.0 -49.5628534,-11.1603930996404,0.0 -49.5629989,-11.1603578996404,0.0 -49.563142,-11.1602543996404,0.0 -49.563343,-11.1601682996404,0.0 -49.5635439,-11.1600821996404,0.0 -49.5637564,-11.1599826996404,0.0 -49.5639689,-11.1598832996404,0.0 -49.5641813,-11.1597837996404,0.0 -49.5643672,-11.1596662996404,0.0 -49.5645531,-11.1595487996404,0.0 -49.5646754,-11.1594308996404,0.0 -49.5647978,-11.1593130996404,0.0 -49.5649232,-11.1591737996404,0.0 -49.5650487,-11.1590343996404,0.0 -49.5651741,-11.1588950996404,0.0 -49.5653076,-11.1587252996404,0.0 -49.565441,-11.1585554996404,0.0 -49.5656001,-11.1583444996404,0.0 -49.5657592,-11.1581335996404,0.0 -49.5658836,-11.1579780996404,0.0 -49.5660079,-11.1578225996405,0.0 -49.566165,-11.1576510996405,0.0 -49.5663221,-11.1574795996405,0.0 -49.5664792,-11.1573080996405,0.0 -49.5666435,-11.1571312996405,0.0 -49.5668079,-11.1569544996405,0.0 -49.5669851,-11.1567615996405,0.0 -49.5671623,-11.1565685996405,0.0 -49.5673466,-11.1564026996405,0.0 -49.5675309,-11.1562366996405,0.0 -49.5676586,-11.1561493996405,0.0 -49.5677862,-11.1560620996405,0.0 -49.568014,-11.1559106996405,0.0 -49.5682419,-11.1557592996405,0.0 -49.5684365,-11.1555938996405,0.0 -49.5686311,-11.1554285996405,0.0 -49.5688257,-11.1552632996405,0.0 -49.5690408,-11.1551135996405,0.0 -49.569256,-11.1549638996405,0.0 -49.56936,-11.1548620996405,0.0 -49.5694641,-11.1547603996405,0.0 -49.5696684,-11.1545854996406,0.0 -49.5698303,-11.1545485996405,0.0 -49.5699922,-11.1545116996406,0.0 -49.570134,-11.1545015996406,0.0 -49.5702757,-11.1544914996406,0.0 -49.5705447,-11.1544891996406,0.0 -49.5707063,-11.1545025996406,0.0 -49.5708679,-11.1545158996406,0.0 -49.5710712,-11.1545706996406,0.0 -49.5712744,-11.1546254996406,0.0 -49.5714249,-11.1546835996405,0.0 -49.5715754,-11.1547416996405,0.0 -49.5717365,-11.1548716996405,0.0 -49.5718976,-11.1550015996405,0.0 -49.5720423,-11.1551332996405,0.0 -49.572187,-11.1552649996405,0.0 -49.5722936,-11.1553838996405,0.0 -49.5724002,-11.1555027996405,0.0 -49.5725301,-11.1556971996405,0.0 -49.572616,-11.1559558996405,0.0 -49.5726694,-11.1561893996405,0.0 -49.5726687,-11.1563329996405,0.0 -49.572668,-11.1564764996405,0.0 -49.5726412,-11.1567454996405,0.0 -49.5726167,-11.1569265996405,0.0 -49.5725922,-11.1571076996405,0.0 -49.5725586,-11.1572994996405,0.0 -49.5725249,-11.1574912996405,0.0 -49.5725001,-11.1577458996405,0.0 -49.5724752,-11.1580005996404,0.0 -49.5724833,-11.1582086996404,0.0 -49.5724914,-11.1584168996404,0.0 -49.5725122,-11.1586178996404,0.0 -49.572533,-11.1588189996404,0.0 -49.5725686,-11.1589590996404,0.0 -49.5726043,-11.1590991996404,0.0 -49.5726998,-11.1592718996404,0.0 -49.5727952,-11.1594445996404,0.0 -49.572889,-11.1595777996404,0.0 -49.5729829,-11.1597109996404,0.0 -49.5731344,-11.1599341996404,0.0 -49.5732536,-11.1600782996404,0.0 -49.5733439,-11.1601935996404,0.0 -49.5734526,-11.1602622996404,0.0 -49.5736053,-11.1602324996404,0.0 -49.5737581,-11.1602026996404,0.0 -49.573902,-11.1601226996404,0.0 -49.574046,-11.1600425996404,0.0 -49.5741574,-11.1599246996404,0.0 -49.5742688,-11.1598067996404,0.0 -49.5743567,-11.1596654996404,0.0 -49.5744446,-11.1595241996404,0.0 -49.5745293,-11.1592949996404,0.0 -49.5745887,-11.1590440996404,0.0 -49.5746082,-11.1587714996404,0.0 -49.574598,-11.1586242996404,0.0 -49.5745878,-11.1584770996404,0.0 -49.5745614,-11.1582975996404,0.0 -49.574535,-11.1581179996404,0.0 -49.5744995,-11.1579563996404,0.0 -49.5744639,-11.1577947996405,0.0 -49.574423,-11.1576204996405,0.0 -49.574382,-11.1574462996405,0.0 -49.5743538,-11.1572720996405,0.0 -49.5743256,-11.1570979996405,0.0 -49.5743574,-11.1569186996405,0.0 -49.5743891,-11.1567393996405,0.0 -49.5744282,-11.1565476996405,0.0 -49.5744673,-11.1563558996405,0.0 -49.5745266,-11.1561156996405,0.0 -49.5745859,-11.1558755996405,0.0 -49.5746613,-11.1556947996405,0.0 -49.5747367,-11.1555138996405,0.0 -49.5748468,-11.1552931996405,0.0 -49.5749569,-11.1550723996405,0.0 -49.575067,-11.1548515996405,0.0 -49.5752084,-11.1546537996405,0.0 -49.5753499,-11.1544558996406,0.0 -49.5754914,-11.1542579996406,0.0 -49.5756156,-11.1541114996406,0.0 -49.5757399,-11.1539649996406,0.0 -49.5758731,-11.1538453996406,0.0 -49.5760063,-11.1537257996406,0.0 -49.5761248,-11.1536509996406,0.0 -49.5762432,-11.1535761996406,0.0 -49.57646,-11.1534695996406,0.0 -49.5766767,-11.1533629996406,0.0 -49.5768824,-11.1532759996406,0.0 -49.5770882,-11.1531890996406,0.0 -49.5773102,-11.1531219996406,0.0 -49.5775321,-11.1530548996406,0.0 -49.5777469,-11.1529709996406,0.0 -49.5779617,-11.1528870996406,0.0 -49.5781765,-11.1528030996406,0.0 -49.5783606,-11.1526981996406,0.0 -49.5785446,-11.1525931996406,0.0 -49.5787686,-11.1524721996406,0.0 -49.5789927,-11.1523512996406,0.0 -49.579235,-11.1522268996406,0.0 -49.5794772,-11.1521023996406,0.0 -49.579669,-11.1520243996406,0.0 -49.5798607,-11.1519462996406,0.0 -49.5800525,-11.1518682996406,0.0 -49.5802235,-11.1518188996406,0.0 -49.5803945,-11.1517694996406,0.0 -49.5806274,-11.1517166996406,0.0 -49.5808986,-11.1517383996406,0.0 -49.581062,-11.1517600996406,0.0 -49.5812254,-11.1517817996406,0.0 -49.5814494,-11.1518066996406,0.0 -49.5817094,-11.1518856996406,0.0 -49.5818756,-11.1519492996406,0.0 -49.5820505,-11.1521115996406,0.0 -49.5822196,-11.1522050996406,0.0 -49.5824094,-11.1524003996406,0.0 -49.5824995,-11.1525652996406,0.0 -49.5825441,-11.1527238996406,0.0 -49.5825917,-11.1529125996406,0.0 -49.5826348,-11.1530652996406,0.0 -49.582678,-11.1532179996406,0.0 -49.5827225,-11.1534124996406,0.0 -49.5827387,-11.1536149996406,0.0 -49.5827548,-11.1538173996406,0.0 -49.582771,-11.1540197996406,0.0 -49.5827808,-11.1541962996406,0.0 -49.5827905,-11.1543726996406,0.0 -49.5827919,-11.1545663996406,0.0 -49.5827934,-11.1547601996405,0.0 -49.5827948,-11.1549538996405,0.0 -49.582796,-11.1551142996405,0.0 -49.5827909,-11.1553878996405,0.0 -49.5827858,-11.1556614996405,0.0 -49.5827807,-11.1559350996405,0.0 -49.5827755,-11.1562086996405,0.0 -49.5827733,-11.1563655996405,0.0 -49.582771,-11.1565225996405,0.0 -49.5827791,-11.1567154996405,0.0 -49.5827873,-11.1569083996405,0.0 -49.582797,-11.1570908996405,0.0 -49.5828067,-11.1572732996405,0.0 -49.5828543,-11.1574499996405,0.0 -49.5829019,-11.1576265996405,0.0 -49.582957,-11.1578152996405,0.0 -49.5830121,-11.1580038996405,0.0 -49.5830974,-11.1582076996404,0.0 -49.5831828,-11.1584113996404,0.0 -49.583287,-11.1585723996404,0.0 -49.5833912,-11.1587332996404,0.0 -49.5834954,-11.1588942996404,0.0 -49.5835232,-11.1589258996404,0.0 -49.5836946,-11.1591205996404,0.0 -49.583866,-11.1593151996404,0.0 -49.5840375,-11.1595098996404,0.0 -49.5842005,-11.1596102996404,0.0 -49.5843635,-11.1597107996404,0.0 -49.5845266,-11.1598111996404,0.0 -49.5847367,-11.1599437996404,0.0 -49.5849468,-11.1600762996404,0.0 -49.5851497,-11.1601968996404,0.0 -49.5853526,-11.1603174996404,0.0 -49.5855234,-11.1604091996404,0.0 -49.5856941,-11.1605008996404,0.0 -49.5858649,-11.1605925996404,0.0 -49.5860149,-11.1606387996404,0.0 -49.5861649,-11.1606848996404,0.0 -49.5863927,-11.1606572996404,0.0 -49.5865433,-11.1605813996404,0.0 -49.5866938,-11.1605055996404,0.0 -49.5868762,-11.1603676996404,0.0 -49.5870586,-11.1602297996404,0.0 -49.5871674,-11.1601435996404,0.0 -49.5872762,-11.1600573996404,0.0 -49.587385,-11.1599711996404,0.0 -49.5874939,-11.1598849996404,0.0 -49.5876027,-11.1597987996404,0.0 -49.5877115,-11.1597125996404,0.0 -49.5878204,-11.1596263996404,0.0 -49.5879292,-11.1595401996404,0.0 -49.5881161,-11.1593697996404,0.0 -49.5883029,-11.1591993996404,0.0 -49.5884898,-11.1590289996404,0.0 -49.5886767,-11.1588585996404,0.0 -49.5888636,-11.1586881996404,0.0 -49.5890261,-11.1585338996404,0.0 -49.5891887,-11.1583796996404,0.0 -49.5893513,-11.1582253996404,0.0 -49.5895139,-11.1580711996404,0.0 -49.5896764,-11.1579168996405,0.0 -49.5898516,-11.1577646996405,0.0 -49.5900268,-11.1576123996405,0.0 -49.5901848,-11.1574958996405,0.0 -49.5903428,-11.1573793996405,0.0 -49.5905809,-11.1572417996405,0.0 -49.590819,-11.1571041996405,0.0 -49.5910131,-11.1570404996405,0.0 -49.5912072,-11.1569767996405,0.0 -49.5914207,-11.1569131996405,0.0 -49.5916342,-11.1568496996405,0.0 -49.591825,-11.1567962996405,0.0 -49.5920158,-11.1567429996405,0.0 -49.5922067,-11.1566896996405,0.0 -49.5923413,-11.1566579996405,0.0 -49.5924759,-11.1566263996405,0.0 -49.5926105,-11.1565946996405,0.0 -49.5927451,-11.1565629996405,0.0 -49.5929538,-11.1564850996405,0.0 -49.5931625,-11.1564070996405,0.0 -49.5933133,-11.1562785996405,0.0 -49.5934641,-11.1561501996405,0.0 -49.5936003,-11.1560550996405,0.0 -49.5937364,-11.1559600996405,0.0 -49.5939448,-11.1559514996405,0.0 -49.5940777,-11.1560118996405,0.0 -49.5942107,-11.1560722996405,0.0 -49.5943844,-11.1562142996405,0.0 -49.5945582,-11.1563561996405,0.0 -49.594698,-11.1564860996405,0.0 -49.5948379,-11.1566158996405,0.0 -49.5949778,-11.1567456996405,0.0 -49.5951661,-11.1568853996405,0.0 -49.5953355,-11.1569291996405,0.0 -49.5954615,-11.1569249996405,0.0 -49.5956215,-11.1569018996405,0.0 -49.5957477,-11.1568497996405,0.0 -49.5959614,-11.1567359996405,0.0 -49.596095,-11.1566719996405,0.0 -49.5962285,-11.1566080996405,0.0 -49.5964419,-11.1565683996405,0.0 -49.5966553,-11.1565286996405,0.0 -49.5968638,-11.1564794996405,0.0 -49.5970724,-11.1564301996405,0.0 -49.5973008,-11.1563020996405,0.0 -49.5975195,-11.1561547996405,0.0 -49.597629,-11.1560500996405,0.0 -49.5977385,-11.1559452996405,0.0 -49.5978047,-11.1557852996405,0.0 -49.5978709,-11.1556253996405,0.0 -49.597954,-11.1554797996405,0.0 -49.598037,-11.1553342996405,0.0 -49.5981855,-11.1551866996405,0.0 -49.598334,-11.1550390996405,0.0 -49.5984411,-11.1549246996405,0.0 -49.5985483,-11.1548103996405,0.0 -49.5987086,-11.1547202996405,0.0 -49.5988253,-11.1546274996406,0.0 -49.598942,-11.1545347996406,0.0 -49.5989673,-11.1545034996406,0.0 -49.5990541,-11.1543964996406,0.0 -49.5991376,-11.1541719996406,0.0 -49.5991142,-11.1539996996406,0.0 -49.59911,-11.1539832996406,0.0 -49.5990476,-11.1537361996406,0.0 -49.598927,-11.1536208996406,0.0 -49.5987289,-11.1535241996406,0.0 -49.5985935,-11.1534661996406,0.0 -49.5984779,-11.1533220996406,0.0 -49.5984544,-11.1531688996406,0.0 -49.5984937,-11.1530542996406,0.0 -49.5986353,-11.1528348996406,0.0 -49.5987595,-11.1526870996406,0.0 -49.5988838,-11.1525393996406,0.0 -49.5989789,-11.1523986996406,0.0 -49.5990741,-11.1522579996406,0.0 -49.5991573,-11.1520717996406,0.0 -49.5991582,-11.1518851996406,0.0 -49.5991157,-11.1516552996406,0.0 -49.5990922,-11.1515140996406,0.0 -49.5990686,-11.1513727996406,0.0 -49.5990404,-11.1511908996407,0.0 -49.5990561,-11.1509612996407,0.0 -49.5991003,-11.1508275996407,0.0 -49.5992268,-11.1507132996407,0.0 -49.5993871,-11.1506231996407,0.0 -49.5995182,-11.1505806996407,0.0 -49.5996489,-11.1505956996407,0.0 -49.5998908,-11.1506637996407,0.0 -49.5999558,-11.1506832996407,0.0 -49.600107,-11.1506796996407,0.0 -49.6003485,-11.1506247996407,0.0 -49.6004905,-11.1505666996407,0.0 -49.6006325,-11.1505084996407,0.0 -49.6008073,-11.1504426996407,0.0 -49.600982,-11.1503769996407,0.0 -49.6011155,-11.1503177996407,0.0 -49.601249,-11.1502585996407,0.0 -49.601414,-11.1502019996407,0.0 -49.601574,-11.1501859996407,0.0 -49.601734,-11.1501699996407,0.0 -49.6019301,-11.1501995996407,0.0 -49.6021261,-11.1502291996407,0.0 -49.6023271,-11.1502420996407,0.0 -49.6025282,-11.1502549996407,0.0 -49.6026882,-11.1502246996407,0.0 -49.6028482,-11.1501942996407,0.0 -49.6030616,-11.1501474996407,0.0 -49.6032314,-11.1500955996407,0.0 -49.603418,-11.1500988996407,0.0 -49.6036045,-11.1501021996407,0.0 -49.6037835,-11.1501436996407,0.0 -49.6039626,-11.1501851996407,0.0 -49.6040883,-11.1502526996407,0.0 -49.6042139,-11.1503202996407,0.0 -49.6044315,-11.1504217996407,0.0 -49.6046732,-11.1505233996407,0.0 -49.6048062,-11.1505693996407,0.0 -49.6049393,-11.1506154996407,0.0 -49.6051329,-11.1506402996407,0.0 -49.6053364,-11.1506508996407,0.0 -49.6055789,-11.1505992996407,0.0 -49.605778,-11.1504949996407,0.0 -49.6059919,-11.1503476996407,0.0 -49.6060966,-11.1502356996407,0.0 -49.6062013,-11.1501237996407,0.0 -49.6063767,-11.1499236996407,0.0 -49.606496,-11.1498045996407,0.0 -49.6066152,-11.1496855996407,0.0 -49.6067297,-11.1495496996407,0.0 -49.6068442,-11.1494138996407,0.0 -49.6070437,-11.1492521996407,0.0 -49.6072219,-11.1491269996407,0.0 -49.6074002,-11.1490017996407,0.0 -49.6075784,-11.1488766996407,0.0 -49.6077365,-11.1487481996407,0.0 -49.6078946,-11.1486197996407,0.0 -49.6080187,-11.1485030996407,0.0 -49.6081428,-11.1483864996407,0.0 -49.6082939,-11.1481957996407,0.0 -49.608445,-11.1480050996408,0.0 -49.6085353,-11.1478619996408,0.0 -49.6086256,-11.1477188996408,0.0 -49.6087376,-11.1475902996408,0.0 -49.6088497,-11.1474615996408,0.0 -49.6089642,-11.1473137996408,0.0 -49.6090788,-11.1471659996408,0.0 -49.6091618,-11.1470323996408,0.0 -49.6092448,-11.1468988996408,0.0 -49.6094006,-11.1467464996408,0.0 -49.6095659,-11.1466180996408,0.0 -49.6097313,-11.1464896996408,0.0 -49.6099305,-11.1463685996408,0.0 -49.6101297,-11.1462474996408,0.0 -49.6102949,-11.1461549996408,0.0 -49.61046,-11.1460623996408,0.0 -49.610584,-11.1459672996408,0.0 -49.610708,-11.1458721996408,0.0 -49.6109316,-11.1457200996408,0.0 -49.6111453,-11.1456110996408,0.0 -49.6113031,-11.1455376996408,0.0 -49.6114609,-11.1454641996408,0.0 -49.6116117,-11.1453500996408,0.0 -49.6117238,-11.1452118996408,0.0 -49.611768,-11.1450828996408,0.0 -49.6118221,-11.1449108996408,0.0 -49.6118447,-11.1447458996409,0.0 -49.6118673,-11.1445809996409,0.0 -49.6118923,-11.1444111996409,0.0 -49.6119173,-11.1442414996409,0.0 -49.6119621,-11.1439928996409,0.0 -49.6119773,-11.1438589996409,0.0 -49.6119584,-11.1437488996409,0.0 -49.6119591,-11.1436053996409,0.0 -49.6120132,-11.1434237996409,0.0 -49.6120261,-11.1432779996409,0.0 -49.6120389,-11.1431320996409,0.0 -49.6120644,-11.1428642996409,0.0 -49.6121183,-11.1427161996409,0.0 -49.6121723,-11.1425680996409,0.0 -49.6122433,-11.1424248996409,0.0 -49.6123142,-11.1422816996409,0.0 -49.6123649,-11.1421910996409,0.0 -49.6124291,-11.1420627996409,0.0 -49.6125203,-11.1419883996409,0.0 -49.61265,-11.1418317996409,0.0 -49.6127913,-11.1416744996409,0.0 -49.6128888,-11.141538599641,0.0 -49.6129864,-11.141402699641,0.0 -49.6130841,-11.141218999641,0.0 -49.6131819,-11.141035199641,0.0 -49.6132237,-11.140901399641,0.0 -49.6132655,-11.140767699641,0.0 -49.6133345,-11.140533499641,0.0 -49.6133743,-11.140313599641,0.0 -49.6134187,-11.140136799641,0.0 -49.6134584,-11.139936099641,0.0 -49.6135124,-11.139802299641,0.0 -49.6135856,-11.139687899641,0.0 -49.6136975,-11.139578299641,0.0 -49.6138773,-11.139459599641,0.0 -49.6141201,-11.139341099641,0.0 -49.6142803,-11.139279599641,0.0 -49.6144405,-11.139218099641,0.0 -49.6146784,-11.139118799641,0.0 -49.6148143,-11.139054799641,0.0 -49.6149503,-11.138990799641,0.0 -49.615067,-11.138905299641,0.0 -49.6151836,-11.138819699641,0.0 -49.6153735,-11.138633999641,0.0 -49.615483,-11.138524399641,0.0 -49.6155925,-11.138414899641,0.0 -49.6156803,-11.138300499641,0.0 -49.615768,-11.1381859996411,0.0 -49.6158873,-11.1380693996411,0.0 -49.6160065,-11.1379526996411,0.0 -49.6161016,-11.1378263996411,0.0 -49.6161967,-11.1376999996411,0.0 -49.6163769,-11.1374950996411,0.0 -49.6164746,-11.1373208996411,0.0 -49.6165723,-11.1371466996411,0.0 -49.6166798,-11.1369653996411,0.0 -49.616753,-11.1368460996411,0.0 -49.6168262,-11.1367268996411,0.0 -49.616963,-11.1364978996411,0.0 -49.6171091,-11.1363405996411,0.0 -49.6172405,-11.1362120996411,0.0 -49.6173717,-11.1361336996411,0.0 -49.6175029,-11.1360553996411,0.0 -49.6177407,-11.1359607996411,0.0 -49.6179496,-11.1358420996411,0.0 -49.6180662,-11.1357612996411,0.0 -49.6181829,-11.1356804996411,0.0 -49.6183529,-11.1355903996411,0.0 -49.6185229,-11.1355002996411,0.0 -49.6187536,-11.1353864996411,0.0 -49.6189842,-11.1352727996411,0.0 -49.6191235,-11.1352180996411,0.0 -49.6192628,-11.1351633996411,0.0 -49.6193094,-11.1351450996411,0.0 -49.6194842,-11.1350740996411,0.0 -49.6196589,-11.1350030996412,0.0 -49.6198247,-11.1347885996412,0.0 -49.6198937,-11.1345257996412,0.0 -49.6199092,-11.1343296996412,0.0 -49.6199024,-11.1342351996412,0.0 -49.6198901,-11.1341117996412,0.0 -49.6198792,-11.1340017996412,0.0 -49.6198103,-11.1338549996412,0.0 -49.6196958,-11.1337347996412,0.0 -49.6195813,-11.1336146996412,0.0 -49.6194156,-11.1334404996412,0.0 -49.6192918,-11.1333531996412,0.0 -49.6191681,-11.1332658996412,0.0 -49.6190231,-11.1331949996412,0.0 -49.6188781,-11.1331240996412,0.0 -49.6187551,-11.1330772996412,0.0 -49.6186255,-11.1330279996412,0.0 -49.618496,-11.1329787996412,0.0 -49.618363,-11.1329302996412,0.0 -49.61823,-11.1328817996412,0.0 -49.6181333,-11.1328335996412,0.0 -49.6180131,-11.1326511996412,0.0 -49.6179801,-11.1324548996412,0.0 -49.6180395,-11.1321919996412,0.0 -49.6181155,-11.1319985996412,0.0 -49.6181915,-11.1318051996413,0.0 -49.6182963,-11.1316668996413,0.0 -49.6184011,-11.1315285996413,0.0 -49.618523,-11.1313664996413,0.0 -49.6186983,-11.1311711996413,0.0 -49.6188465,-11.1310928996413,0.0 -49.6189946,-11.1310145996413,0.0 -49.6191935,-11.1309652996413,0.0 -49.6193923,-11.1309159996413,0.0 -49.6196276,-11.1308548996413,0.0 -49.6198628,-11.1307937996413,0.0 -49.6200593,-11.1307395996413,0.0 -49.6202558,-11.1306854996413,0.0 -49.6204158,-11.1306598996413,0.0 -49.6205758,-11.1306343996413,0.0 -49.6207212,-11.1306254996413,0.0 -49.6208665,-11.1306165996413,0.0 -49.621046,-11.1305790996413,0.0 -49.6212259,-11.1304459996413,0.0 -49.6213784,-11.1302935996413,0.0 -49.6215309,-11.1301411996413,0.0 -49.6216834,-11.1299887996413,0.0 -49.6217844,-11.1298922996413,0.0 -49.6218854,-11.1297958996413,0.0 -49.6219864,-11.1296994996413,0.0 -49.6220873,-11.1296030996413,0.0 -49.6222259,-11.1295055996413,0.0 -49.6223644,-11.1294081996413,0.0 -49.6224933,-11.1293058996413,0.0 -49.6226221,-11.1292035996413,0.0 -49.6228166,-11.1290513996413,0.0 -49.6230302,-11.1289710996413,0.0 -49.6232121,-11.1289311996413,0.0 -49.6233939,-11.1288913996413,0.0 -49.6236384,-11.1289211996413,0.0 -49.623883,-11.1289509996413,0.0 -49.6240914,-11.1289280996413,0.0 -49.6242249,-11.1288760996413,0.0 -49.6243583,-11.1288239996413,0.0 -49.6244948,-11.1286619996413,0.0 -49.6245753,-11.1285403996414,0.0 -49.6246558,-11.1284186996413,0.0 -49.6247921,-11.1282757996414,0.0 -49.6250001,-11.1281259996414,0.0 -49.6251899,-11.1280120996414,0.0 -49.6253798,-11.1278980996414,0.0 -49.6255697,-11.1277841996414,0.0 -49.6257494,-11.1276892996414,0.0 -49.6259291,-11.1275943996414,0.0 -49.6261088,-11.1274995996414,0.0 -49.6261233,-11.1274995996414,0.0 -49.6263274,-11.1273713996414,0.0 -49.6265459,-11.1272718996414,0.0 -49.6267643,-11.1271723996414,0.0 -49.6269828,-11.1270728996414,0.0 -49.6272014,-11.1269590996414,0.0 -49.6274344,-11.1268596996414,0.0 -49.627551,-11.1267740996414,0.0 -49.6276677,-11.1266884996414,0.0 -49.6277155,-11.1266556996414,0.0 -49.6278794,-11.1265430996414,0.0 -49.6280433,-11.1264303996414,0.0 -49.6282072,-11.1263177996414,0.0 -49.6283968,-11.1261894996414,0.0 -49.6285863,-11.1260611996414,0.0 -49.628747,-11.1258752996414,0.0 -49.6289078,-11.1256894996414,0.0 -49.6290395,-11.1255034996414,0.0 -49.6291711,-11.1253174996414,0.0 -49.6292384,-11.1251591996415,0.0 -49.6293057,-11.1250008996415,0.0 -49.6294231,-11.1247757996415,0.0 -49.6295406,-11.1245506996415,0.0 -49.629658,-11.1243256996415,0.0 -49.6297752,-11.1241300996415,0.0 -49.6298924,-11.1239343996415,0.0 -49.6300095,-11.1237387996415,0.0 -49.6301267,-11.1235431996415,0.0 -49.6302146,-11.1233999996415,0.0 -49.6303025,-11.1232568996415,0.0 -49.6304582,-11.1231044996415,0.0 -49.6305942,-11.1230285996415,0.0 -49.6307688,-11.1229910996415,0.0 -49.6308851,-11.1229915996415,0.0 -49.6310786,-11.1230498996415,0.0 -49.6312915,-11.1231082996415,0.0 -49.6314657,-11.1231473996415,0.0 -49.6316399,-11.1231863996415,0.0 -49.6318045,-11.1232254996415,0.0 -49.631969,-11.1232644996415,0.0 -49.6321043,-11.1233415996415,0.0 -49.6321621,-11.1234184996415,0.0 -49.6322004,-11.1235142996415,0.0 -49.6321805,-11.1236290996415,0.0 -49.6321021,-11.1238009996415,0.0 -49.6320432,-11.1239728996415,0.0 -49.6320426,-11.1241068996415,0.0 -49.6320809,-11.1242027996415,0.0 -49.632158,-11.1242796996415,0.0 -49.6322457,-11.1243235996415,0.0 -49.632389,-11.1243693996415,0.0 -49.6325587,-11.1243201996415,0.0 -49.6327285,-11.1242710996415,0.0 -49.6329625,-11.1241862996415,0.0 -49.6331965,-11.1241014996415,0.0 -49.6334306,-11.1240166996415,0.0 -49.6335677,-11.1239786996415,0.0 -49.6336557,-11.1239726996415,0.0 -49.6337665,-11.1239827996415,0.0 -49.6339033,-11.1240075996415,0.0 -49.6340401,-11.1240323996415,0.0 -49.6342095,-11.1240717996415,0.0 -49.6343788,-11.1241111996415,0.0 -49.6345385,-11.1241150996415,0.0 -49.6346854,-11.1240803996415,0.0 -49.6348912,-11.1240039996415,0.0 -49.6350774,-11.1239178996415,0.0 -49.6352014,-11.1238786996415,0.0 -49.635368,-11.1238258996415,0.0 -49.6356006,-11.1238054996415,0.0 -49.6358332,-11.1237850996415,0.0 -49.6360659,-11.1237646996415,0.0 -49.636292,-11.1237431996415,0.0 -49.6365182,-11.1237216996415,0.0 -49.6367443,-11.1237000996415,0.0 -49.6369205,-11.1236751996415,0.0 -49.6370966,-11.1236501996415,0.0 -49.6373267,-11.1236013996415,0.0 -49.6375567,-11.1235524996415,0.0 -49.6377755,-11.1234793996415,0.0 -49.637906,-11.1234638996415,0.0 -49.6380787,-11.1234678996415,0.0 -49.6381633,-11.1235197996415,0.0 -49.6383322,-11.1236525996415,0.0 -49.6384864,-11.1237965996415,0.0 -49.6386405,-11.1239404996415,0.0 -49.6387964,-11.1240796996415,0.0 -49.638861,-11.1242022996415,0.0 -49.6388765,-11.1243762996415,0.0 -49.6388757,-11.1245532996415,0.0 -49.6388327,-11.1246915996415,0.0 -49.6387506,-11.1248199996415,0.0 -49.6386231,-11.1248869996415,0.0 -49.6384925,-11.1249250996415,0.0 -49.6383619,-11.1249630996415,0.0 -49.6382347,-11.1250024996415,0.0 -49.6381372,-11.1250638996415,0.0 -49.6380821,-11.1252371996415,0.0 -49.6380634,-11.1253446996414,0.0 -49.6380697,-11.1254031996414,0.0 -49.638075,-11.1254523996414,0.0 -49.6381291,-11.1255483996414,0.0 -49.6381772,-11.1256143996414,0.0 -49.6382376,-11.1256564996414,0.0 -49.6383343,-11.1256987996414,0.0 -49.6384494,-11.1256813996414,0.0 -49.6385586,-11.1256459996414,0.0 -49.6386436,-11.1255925996414,0.0 -49.6386777,-11.1255692996414,0.0 -49.6387044,-11.1255509996414,0.0 -49.6387772,-11.1255153996414,0.0 -49.6388622,-11.1254738996414,0.0 -49.6389289,-11.1254682996414,0.0 -49.6390995,-11.1254486996414,0.0 -49.6391651,-11.1254513996414,0.0 -49.6393647,-11.1255120996414,0.0 -49.6395219,-11.1255546996414,0.0 -49.6396126,-11.1255849996414,0.0 -49.6398297,-11.1257264996414,0.0 -49.639895,-11.1258110996414,0.0 -49.6400347,-11.1259815996414,0.0 -49.6401069,-11.1260835996414,0.0 -49.6401671,-11.1261615996414,0.0 -49.6403182,-11.1262220996414,0.0 -49.64053,-11.1262469996414,0.0 -49.6407726,-11.1261882996414,0.0 -49.6409303,-11.1261231996414,0.0 -49.6410154,-11.1260637996414,0.0 -49.6411247,-11.1259864996414,0.0 -49.6412462,-11.1259092996414,0.0 -49.6413009,-11.1258736996414,0.0 -49.6414162,-11.1258203996414,0.0 -49.6415829,-11.1257732996414,0.0 -49.6417497,-11.1257261996414,0.0 -49.6418286,-11.1256966996414,0.0 -49.641956,-11.1256433996414,0.0 -49.6420409,-11.1256078996414,0.0 -49.6421319,-11.1255843996414,0.0 -49.6422651,-11.1255789996414,0.0 -49.6423862,-11.1255795996414,0.0 -49.642562,-11.1255504996414,0.0 -49.6426288,-11.1255148996414,0.0 -49.6427622,-11.1254675996414,0.0 -49.6428955,-11.1254502996414,0.0 -49.6430892,-11.1254750996414,0.0 -49.64321,-11.1255413996414,0.0 -49.6433186,-11.1256375996414,0.0 -49.6433726,-11.1257514996414,0.0 -49.6434568,-11.1258714996414,0.0 -49.643541,-11.1259854996414,0.0 -49.6436073,-11.1260634996414,0.0 -49.6437401,-11.1261537996414,0.0 -49.6439342,-11.1261759996414,0.0 -49.6440306,-11.1261909996414,0.0 -49.644176,-11.1261856996414,0.0 -49.6442852,-11.1261442996414,0.0 -49.6443944,-11.1261089996414,0.0 -49.6445034,-11.1261093996414,0.0 -49.6445759,-11.1261276996414,0.0 -49.6446787,-11.1261759996414,0.0 -49.6447876,-11.1262003996414,0.0 -49.6449572,-11.1261772996414,0.0 -49.6450723,-11.1261837996414,0.0 -49.6451449,-11.1262019996414,0.0 -49.6452234,-11.1262442996414,0.0 -49.6452895,-11.1263461996414,0.0 -49.6453559,-11.1263943996414,0.0 -49.6454951,-11.1264248996414,0.0 -49.6456161,-11.1264493996414,0.0 -49.6457432,-11.1264618996414,0.0 -49.6458823,-11.1264983996414,0.0 -49.645979,-11.1265466996414,0.0 -49.6460332,-11.1266067996414,0.0 -49.6461386,-11.1266967996414,0.0 -49.6462021,-11.1267510996414,0.0 -49.6463048,-11.1268052996414,0.0 -49.6464862,-11.1268599996414,0.0 -49.6466861,-11.1268488996414,0.0 -49.6468497,-11.1268256996414,0.0 -49.6469648,-11.1268321996414,0.0 -49.6471282,-11.1268448996414,0.0 -49.6472987,-11.1268350996414,0.0 -49.6473753,-11.1268495996414,0.0 -49.6476078,-11.1268649996414,0.0 -49.6478402,-11.1268803996414,0.0 -49.6480726,-11.1269101996414,0.0 -49.6482149,-11.1269161996414,0.0 -49.6483572,-11.1269221996414,0.0 -49.6485573,-11.1268812996414,0.0 -49.648612,-11.1268336996414,0.0 -49.6486791,-11.1267322996414,0.0 -49.6487097,-11.1266486996414,0.0 -49.6487406,-11.1265172996414,0.0 -49.6487958,-11.1263739996414,0.0 -49.6488628,-11.1262905996414,0.0 -49.6490327,-11.1262194996414,0.0 -49.6492994,-11.1261549996414,0.0 -49.6493727,-11.1261203996414,0.0 -49.6495847,-11.1260246996414,0.0 -49.6496878,-11.1259832996414,0.0 -49.6497668,-11.1259237996414,0.0 -49.649899,-11.1257285996414,0.0 -49.6499862,-11.1256257996414,0.0 -49.6500655,-11.1255004996414,0.0 -49.6501326,-11.1253991996414,0.0 -49.6502117,-11.1253097996414,0.0 -49.6502785,-11.1252681996414,0.0 -49.6504179,-11.1252389996414,0.0 -49.6505332,-11.1252035996414,0.0 -49.6506606,-11.1251443996415,0.0 -49.6507214,-11.1250967996415,0.0 -49.6509055,-11.1250042996415,0.0 -49.6510753,-11.1248129996415,0.0 -49.6512452,-11.1246216996415,0.0 -49.651415,-11.1244304996415,0.0 -49.6514531,-11.1243875996415,0.0 -49.6516293,-11.1242686996415,0.0 -49.6518055,-11.1241498996415,0.0 -49.6520121,-11.1239952996415,0.0 -49.652182,-11.1239123996415,0.0 -49.6523517,-11.1238891996415,0.0 -49.6525937,-11.1239380996415,0.0 -49.6527327,-11.1240044996415,0.0 -49.6528717,-11.1240709996415,0.0 -49.65298,-11.1242209996415,0.0 -49.6530883,-11.1243709996415,0.0 -49.6532083,-11.1246106996415,0.0 -49.6534013,-11.1247909996415,0.0 -49.653468,-11.1249097996415,0.0 -49.6535212,-11.1250045996415,0.0 -49.653626,-11.1252300996414,0.0 -49.6537704,-11.1254316996414,0.0 -49.6538573,-11.1254894996414,0.0 -49.6540751,-11.1255335996414,0.0 -49.6542203,-11.1255772996414,0.0 -49.6543583,-11.1255993996414,0.0 -49.6544743,-11.1256501996414,0.0 -49.6545757,-11.1257223996414,0.0 -49.6546698,-11.1258088996414,0.0 -49.6547494,-11.1258810996414,0.0 -49.6548219,-11.1259243996414,0.0 -49.654887,-11.1259749996414,0.0 -49.6549521,-11.1260541996414,0.0 -49.6550097,-11.1261620996414,0.0 -49.655118,-11.1263233996414,0.0 -49.6552263,-11.1264845996414,0.0 -49.6552262,-11.1264989996414,0.0 -49.6553707,-11.1266861996414,0.0 -49.6555444,-11.1268448996414,0.0 -49.655718,-11.1270034996414,0.0 -49.6559209,-11.1271335996414,0.0 -49.6561093,-11.1272636996414,0.0 -49.6563122,-11.1273936996414,0.0 -49.6565298,-11.1274664996414,0.0 -49.6566774,-11.1275071996414,0.0 -49.656825,-11.1275478996414,0.0 -49.6569611,-11.1275784996414,0.0 -49.6570972,-11.1276089996414,0.0 -49.6573453,-11.1276638996414,0.0 -49.6575631,-11.1277126996414,0.0 -49.6577809,-11.1277614996414,0.0 -49.6580229,-11.1277984996414,0.0 -49.6580567,-11.1277997996414,0.0 -49.6582046,-11.1278052996414,0.0 -49.6584105,-11.1277906996414,0.0 -49.6585633,-11.1277625996414,0.0 -49.6586507,-11.1277127996414,0.0 -49.658753,-11.1275983996414,0.0 -49.6587826,-11.1274836996414,0.0 -49.6587758,-11.1273759996414,0.0 -49.6587256,-11.1272322996414,0.0 -49.6586608,-11.1271027996414,0.0 -49.6586031,-11.1270092996414,0.0 -49.6584512,-11.1268506996414,0.0 -49.658292,-11.1266920996414,0.0 -49.6581095,-11.1265778996414,0.0 -49.6579269,-11.1264636996414,0.0 -49.6578573,-11.1264101996414,0.0 -49.657669,-11.1262658996414,0.0 -49.6574953,-11.1261071996414,0.0 -49.6573216,-11.1259484996414,0.0 -49.6571772,-11.1257612996414,0.0 -49.6571201,-11.1255313996414,0.0 -49.6571211,-11.1253016996414,0.0 -49.6572238,-11.1250868996415,0.0 -49.6573733,-11.1250049996415,0.0 -49.6574647,-11.1248534996415,0.0 -49.657556,-11.1247018996415,0.0 -49.6575932,-11.1245106996415,0.0 -49.6576749,-11.1243116996415,0.0 -49.6577565,-11.1241126996415,0.0 -49.6578382,-11.1239137996415,0.0 -49.6578997,-11.1237146996415,0.0 -49.6579611,-11.1235155996415,0.0 -49.6580226,-11.1233164996415,0.0 -49.6580237,-11.1230772996415,0.0 -49.6580608,-11.1229159996415,0.0 -49.6580979,-11.1227546996415,0.0 -49.658153,-11.1225037996415,0.0 -49.6581538,-11.1223314996415,0.0 -49.6581157,-11.1221973996415,0.0 -49.6580775,-11.1220632996415,0.0 -49.6580005,-11.1219480996415,0.0 -49.6579819,-11.1217948996416,0.0 -49.6580019,-11.1216418996416,0.0 -49.6580413,-11.1215080996416,0.0 -49.6581387,-11.1213936996416,0.0 -49.6581715,-11.1213551996416,0.0 -49.6582361,-11.1212792996416,0.0 -49.6583823,-11.1211076996416,0.0 -49.6585284,-11.1209360996416,0.0 -49.6586745,-11.1207644996416,0.0 -49.6588206,-11.1205928996416,0.0 -49.6589761,-11.1204978996416,0.0 -49.6591701,-11.1204413996416,0.0 -49.6593638,-11.1204613996416,0.0 -49.6595571,-11.1205770996416,0.0 -49.659731,-11.1206926996416,0.0 -49.6599828,-11.1207129996416,0.0 -49.6601672,-11.1206563996416,0.0 -49.6603515,-11.1205997996416,0.0 -49.6604873,-11.1205620996416,0.0 -49.6606233,-11.1204861996416,0.0 -49.6607401,-11.1203717996416,0.0 -49.6608569,-11.1202574996416,0.0 -49.660935,-11.1201430996416,0.0 -49.6610136,-11.1198945996416,0.0 -49.661053,-11.1197607996416,0.0 -49.6610923,-11.1196269996416,0.0 -49.6611318,-11.1194740996416,0.0 -49.6611325,-11.1193209996416,0.0 -49.6611332,-11.1191678996416,0.0 -49.6611339,-11.1190147996416,0.0 -49.6611346,-11.1188616996416,0.0 -49.6611159,-11.1187084996416,0.0 -49.6610778,-11.1185743996417,0.0 -49.6610396,-11.1184401996417,0.0 -49.6610209,-11.1182869996417,0.0 -49.6609828,-11.1181528996417,0.0 -49.6609253,-11.1180186996417,0.0 -49.6608871,-11.1178844996417,0.0 -49.6608685,-11.1177312996417,0.0 -49.6608303,-11.1175971996417,0.0 -49.6607922,-11.1174630996417,0.0 -49.660754,-11.1173288996417,0.0 -49.6607159,-11.1171947996417,0.0 -49.660716,-11.1171756996417,0.0 -49.6606845,-11.1169904996417,0.0 -49.6606531,-11.1168053996417,0.0 -49.6606216,-11.1166201996417,0.0 -49.6605835,-11.1164860996417,0.0 -49.6605842,-11.1163329996417,0.0 -49.6605849,-11.1161798996417,0.0 -49.6606049,-11.1160268996417,0.0 -49.660683,-11.1159123996417,0.0 -49.660761,-11.1157978996417,0.0 -49.6608778,-11.1156835996417,0.0 -49.6609752,-11.1155691996417,0.0 -49.6610532,-11.1154546996417,0.0 -49.6610926,-11.1153208996418,0.0 -49.6611514,-11.1151871996418,0.0 -49.6612101,-11.1150534996418,0.0 -49.6612303,-11.1148813996418,0.0 -49.661231,-11.1147282996418,0.0 -49.6611928,-11.1145940996418,0.0 -49.6611741,-11.1144408996418,0.0 -49.6611748,-11.1142877996418,0.0 -49.6611755,-11.1141346996418,0.0 -49.6611762,-11.1139815996418,0.0 -49.661177,-11.1138093996418,0.0 -49.6611778,-11.1136371996418,0.0 -49.6611979,-11.1134840996418,0.0 -49.661218,-11.1133310996418,0.0 -49.661238,-11.1131780996418,0.0 -49.6612775,-11.1130251996418,0.0 -49.6613169,-11.1128913996418,0.0 -49.6613951,-11.1127385996418,0.0 -49.6614733,-11.1125858996418,0.0 -49.661532,-11.1124521996418,0.0 -49.6615908,-11.1122992996418,0.0 -49.6616689,-11.1121847996418,0.0 -49.6617276,-11.1120510996419,0.0 -49.661825,-11.1119366996419,0.0 -49.6619225,-11.1118222996419,0.0 -49.6620392,-11.1117271996419,0.0 -49.6621559,-11.1116319996419,0.0 -49.6622725,-11.1115559996419,0.0 -49.6623892,-11.1114607996419,0.0 -49.6625059,-11.1113655996419,0.0 -49.6626712,-11.1112227996419,0.0 -49.6628366,-11.1110799996419,0.0 -49.6629532,-11.1110039996419,0.0 -49.6630698,-11.1109278996419,0.0 -49.6631479,-11.1107942996419,0.0 -49.6631874,-11.1106413996419,0.0 -49.6631875,-11.1106222996419,0.0 -49.6631687,-11.1103955996419,0.0 -49.6631499,-11.1101689996419,0.0 -49.6631312,-11.1099423996419,0.0 -49.6631881,-11.1097738996419,0.0 -49.6633824,-11.1096598996419,0.0 -49.6635182,-11.1096413996419,0.0 -49.6637312,-11.1096614996419,0.0 -49.6639248,-11.1097005996419,0.0 -49.6641184,-11.1097396996419,0.0 -49.6643123,-11.1097214996419,0.0 -49.6644674,-11.1097029996419,0.0 -49.6646032,-11.1096652996419,0.0 -49.6647582,-11.1096659996419,0.0 -49.6648941,-11.1096091996419,0.0 -49.6650108,-11.1095139996419,0.0 -49.6650302,-11.1095140996419,0.0 -49.6651664,-11.1093998996419,0.0 -49.6653023,-11.1093430996419,0.0 -49.6654575,-11.1093054996419,0.0 -49.6656125,-11.1093061996419,0.0 -49.6657675,-11.1093068996419,0.0 -49.6659225,-11.1093075996419,0.0 -49.6660775,-11.1093273996419,0.0 -49.6662326,-11.1093088996419,0.0 -49.6663878,-11.1092712996419,0.0 -49.6665236,-11.1092336996419,0.0 -49.6666402,-11.1091575996419,0.0 -49.6667183,-11.1090239996419,0.0 -49.6667965,-11.1088712996419,0.0 -49.6667584,-11.108737099642,0.0 -49.6666425,-11.108640899642,0.0 -49.6665462,-11.108525699642,0.0 -49.6665276,-11.108353299642,0.0 -49.6666443,-11.108258199642,0.0 -49.6667802,-11.108201299642,0.0 -49.666916,-11.108163699642,0.0 -49.6669354,-11.108163799642,0.0 -49.6671812,-11.108088299642,0.0 -49.667427,-11.108012799642,0.0 -49.6676728,-11.107937399642,0.0 -49.6678278,-11.107937999642,0.0 -49.6679633,-11.107976899642,0.0 -49.6681182,-11.107996699642,0.0 -49.6682926,-11.107997499642,0.0 -49.6684476,-11.107998199642,0.0 -49.6685643,-11.107902999642,0.0 -49.6686037,-11.107769199642,0.0 -49.6686044,-11.107616099642,0.0 -49.6685665,-11.107424599642,0.0 -49.6685666,-11.107405399642,0.0 -49.6685866,-11.107252399642,0.0 -49.6686647,-11.107137899642,0.0 -49.6687815,-11.107004499642,0.0 -49.669053,-11.106967399642,0.0 -49.669208,-11.106968099642,0.0 -49.669363,-11.106968799642,0.0 -49.669518,-11.106969499642,0.0 -49.6696731,-11.106970199642,0.0 -49.6698281,-11.106970799642,0.0 -49.6699831,-11.106971499642,0.0 -49.6701574,-11.106991399642,0.0 -49.6703123,-11.107011299642,0.0 -49.6704673,-11.107031099642,0.0 -49.6706222,-11.107050899642,0.0 -49.6707964,-11.107089899642,0.0 -49.6709319,-11.107128799642,0.0 -49.6710672,-11.107205999642,0.0 -49.6711831,-11.107282999642,0.0 -49.671299,-11.107360099642,0.0 -49.6714149,-11.107456299642,0.0 -49.6715696,-11.107514399642,0.0 -49.671705,-11.107572399642,0.0 -49.6718404,-11.107630399642,0.0 -49.6719759,-11.107669299642,0.0 -49.6721113,-11.107708199642,0.0 -49.6722467,-11.107766199642,0.0 -49.6724017,-11.107766899642,0.0 -49.6725762,-11.107748499642,0.0 -49.6727506,-11.107749299642,0.0 -49.672925,-11.107749999642,0.0 -49.67308,-11.107750699642,0.0 -49.6732352,-11.107713099642,0.0 -49.6733905,-11.107656399642,0.0 -49.6735652,-11.107599799642,0.0 -49.6737205,-11.107523899642,0.0 -49.6738371,-11.107447799642,0.0 -49.6739734,-11.107314499642,0.0 -49.6740903,-11.107180999642,0.0 -49.6741877,-11.107066599642,0.0 -49.6742755,-11.106923499642,0.0 -49.6743634,-11.106780299642,0.0 -49.6744223,-11.106608299642,0.0 -49.6745197,-11.106493899642,0.0 -49.674559,-11.106360099642,0.0 -49.6746178,-11.106226399642,0.0 -49.6746572,-11.106073499642,0.0 -49.6746966,-11.105939699642,0.0 -49.674736,-11.105786799642,0.0 -49.6747754,-11.105652999642,0.0 -49.6748792,-11.1054261996421,0.0 -49.6749968,-11.1052126996421,0.0 -49.6750408,-11.1051498996421,0.0 -49.6751823,-11.1050476996421,0.0 -49.675418,-11.1049159996421,0.0 -49.6755257,-11.1048666996421,0.0 -49.6756025,-11.1048429996421,0.0 -49.6757171,-11.1048183996421,0.0 -49.6758529,-11.1047806996421,0.0 -49.676008,-11.1047621996421,0.0 -49.6761825,-11.1047438996421,0.0 -49.6763375,-11.1047445996421,0.0 -49.6764925,-11.1047451996421,0.0 -49.6766669,-11.1047650996421,0.0 -49.6768023,-11.1048039996421,0.0 -49.6769572,-11.1048429996421,0.0 -49.6771122,-11.1048435996421,0.0 -49.6772867,-11.1048252996421,0.0 -49.6774226,-11.1047684996421,0.0 -49.6775392,-11.1046923996421,0.0 -49.677656,-11.1045780996421,0.0 -49.677734,-11.1044635996421,0.0 -49.6778314,-11.1043491996421,0.0 -49.6779094,-11.1042346996421,0.0 -49.6779874,-11.1041201996421,0.0 -49.6781042,-11.1040058996421,0.0 -49.6782402,-11.1039299996421,0.0 -49.6783953,-11.1039114996421,0.0 -49.6785503,-11.1039121996421,0.0 -49.6787053,-11.1039319996421,0.0 -49.6788602,-11.1039517996421,0.0 -49.6790151,-11.1039715996421,0.0 -49.6791701,-11.1039722996421,0.0 -49.6793445,-11.1039921996421,0.0 -49.6794995,-11.1039928996421,0.0 -49.6796545,-11.1039935996421,0.0 -49.6798291,-11.1039560996421,0.0 -49.6798678,-11.1039561996421,0.0 -49.6800813,-11.1038901996421,0.0 -49.6802947,-11.1038240996421,0.0 -49.6804887,-11.1037675996421,0.0 -49.6806833,-11.1035961996421,0.0 -49.6808585,-11.1034246996421,0.0 -49.6810143,-11.1032339996421,0.0 -49.6811118,-11.1031099996421,0.0 -49.6812092,-11.1029860996421,0.0 -49.6812972,-11.1028045996421,0.0 -49.6813853,-11.1026231996421,0.0 -49.6814441,-11.1024703996421,0.0 -49.6815029,-11.1023174996422,0.0 -49.6815618,-11.1021358996422,0.0 -49.6816208,-11.1019543996422,0.0 -49.6816926,-11.1017824996422,0.0 -49.6817644,-11.1016104996422,0.0 -49.6818363,-11.1014385996422,0.0 -49.6819241,-11.1012858996422,0.0 -49.682012,-11.1011331996422,0.0 -49.6821872,-11.1009616996422,0.0 -49.6823328,-11.1008952996422,0.0 -49.6824784,-11.1008289996422,0.0 -49.6826528,-11.1008296996422,0.0 -49.6828853,-11.1008498996422,0.0 -49.6830406,-11.1007931996422,0.0 -49.6832156,-11.1006407996422,0.0 -49.6833326,-11.1004881996422,0.0 -49.6833724,-11.1002586996422,0.0 -49.6834891,-11.1001443996422,0.0 -49.6836541,-11.1000972996422,0.0 -49.683819,-11.1000501996422,0.0 -49.6839452,-11.0999932996422,0.0 -49.6840714,-11.0999363996422,0.0 -49.6841978,-11.0998412996422,0.0 -49.6843242,-11.0997461996422,0.0 -49.6845376,-11.0996896996422,0.0 -49.6847314,-11.0996713996422,0.0 -49.6849185,-11.0997168996422,0.0 -49.6851056,-11.0997622996422,0.0 -49.6852928,-11.0998077996422,0.0 -49.6854865,-11.0998086996422,0.0 -49.6856222,-11.0997900996422,0.0 -49.6857776,-11.0997141996422,0.0 -49.685933,-11.0996383996422,0.0 -49.6861205,-11.0995944996422,0.0 -49.686308,-11.0995506996422,0.0 -49.6864955,-11.0995067996422,0.0 -49.6866505,-11.0995074996422,0.0 -49.6868248,-11.0995273996422,0.0 -49.6870377,-11.0995857996422,0.0 -49.6871731,-11.0996437996422,0.0 -49.6873085,-11.0997017996422,0.0 -49.6874243,-11.0997979996422,0.0 -49.6875013,-11.0999130996422,0.0 -49.6876368,-11.0999519996422,0.0 -49.6877917,-11.0999717996422,0.0 -49.6879275,-11.0999340996422,0.0 -49.6880826,-11.0999156996422,0.0 -49.6882184,-11.0998779996422,0.0 -49.6883736,-11.0998403996422,0.0 -49.6885094,-11.0998026996422,0.0 -49.6886645,-11.0997841996422,0.0 -49.6888388,-11.0998040996422,0.0 -49.6889939,-11.0998047996422,0.0 -49.6891488,-11.0998245996422,0.0 -49.6891487,-11.0998436996422,0.0 -49.6893036,-11.0998635996422,0.0 -49.6894586,-11.0998833996422,0.0 -49.689594,-11.0999221996422,0.0 -49.6897294,-11.0999801996422,0.0 -49.6898844,-11.0999808996422,0.0 -49.6900199,-11.1000197996422,0.0 -49.6901748,-11.1000395996422,0.0 -49.6903102,-11.1000975996422,0.0 -49.6904652,-11.1000982996422,0.0 -49.6906203,-11.1000988996422,0.0 -49.6907753,-11.1000995996422,0.0 -49.6909304,-11.1000811996422,0.0 -49.6911049,-11.1000627996422,0.0 -49.69126,-11.1000442996422,0.0 -49.6914151,-11.1000257996422,0.0 -49.6915509,-11.0999881996422,0.0 -49.6915703,-11.0999690996422,0.0 -49.6917545,-11.0999411996422,0.0 -49.6919388,-11.0999132996422,0.0 -49.6920938,-11.0999139996422,0.0 -49.6922292,-11.0999527996422,0.0 -49.6923647,-11.0999916996422,0.0 -49.6924806,-11.1000686996422,0.0 -49.6926357,-11.1000502996422,0.0 -49.6927707,-11.1000341996422,0.0 -49.6927908,-11.1000317996422,0.0 -49.6929266,-11.0999940996422,0.0 -49.6930433,-11.0999180996422,0.0 -49.6931599,-11.0998419996422,0.0 -49.6932959,-11.0997468996422,0.0 -49.6933933,-11.0996324996422,0.0 -49.6934713,-11.0995179996422,0.0 -49.6935494,-11.0993843996422,0.0 -49.6936082,-11.0992506996422,0.0 -49.6936475,-11.0991168996422,0.0 -49.6936869,-11.0989830996422,0.0 -49.6937069,-11.0988300996423,0.0 -49.6937464,-11.0986770996423,0.0 -49.6937966,-11.0985626996423,0.0 -49.6938859,-11.0983406996423,0.0 -49.6939929,-11.0982358996423,0.0 -49.6940999,-11.0981310996423,0.0 -49.6942817,-11.0980066996423,0.0 -49.6944634,-11.0978822996423,0.0 -49.6946451,-11.0977578996423,0.0 -49.6948269,-11.0976334996423,0.0 -49.6949481,-11.0975456996423,0.0 -49.6950694,-11.0974579996423,0.0 -49.6952639,-11.0972961996423,0.0 -49.6954584,-11.0971342996423,0.0 -49.6955365,-11.0970006996423,0.0 -49.6956145,-11.0968861996423,0.0 -49.6956539,-11.0967523996423,0.0 -49.6956933,-11.0965994996423,0.0 -49.695752,-11.0964657996423,0.0 -49.6957915,-11.0963127996423,0.0 -49.6958502,-11.0961790996423,0.0 -49.6959284,-11.0960262996423,0.0 -49.6960065,-11.0958926996423,0.0 -49.6960845,-11.0957781996424,0.0 -49.6961017,-11.0957529996424,0.0 -49.6961625,-11.0956636996424,0.0 -49.6962019,-11.0955298996424,0.0 -49.6962412,-11.0953960996424,0.0 -49.6962614,-11.0952239996424,0.0 -49.6963008,-11.0950709996424,0.0 -49.6963015,-11.0949178996424,0.0 -49.6963022,-11.0947647996424,0.0 -49.6963028,-11.0946116996424,0.0 -49.6962647,-11.0944775996424,0.0 -49.6962072,-11.0943241996424,0.0 -49.6962073,-11.0943050996424,0.0 -49.6960824,-11.0940652996424,0.0 -49.6959575,-11.0938255996424,0.0 -49.6959001,-11.0936721996424,0.0 -49.6958425,-11.0935379996424,0.0 -49.6957655,-11.0934227996424,0.0 -49.6957276,-11.0932503996424,0.0 -49.6957282,-11.0930972996424,0.0 -49.6957483,-11.0929442996424,0.0 -49.6957876,-11.0928104996424,0.0 -49.695827,-11.0926766996424,0.0 -49.6958663,-11.0925428996424,0.0 -49.6959058,-11.0923898996425,0.0 -49.6959062,-11.0922913996425,0.0 -49.6959065,-11.0922176996425,0.0 -49.6959072,-11.0920645996425,0.0 -49.6958303,-11.0919302996425,0.0 -49.6957534,-11.0917959996425,0.0 -49.6956764,-11.0916807996425,0.0 -49.6956571,-11.0916615996425,0.0 -49.6955997,-11.0914890996425,0.0 -49.6955424,-11.0913165996425,0.0 -49.695553,-11.0911060996425,0.0 -49.6955636,-11.0908956996425,0.0 -49.695603,-11.0907522996425,0.0 -49.6956424,-11.0906088996425,0.0 -49.69575,-11.0903701996425,0.0 -49.6958576,-11.0901313996425,0.0 -49.6959459,-11.0899020996425,0.0 -49.6960341,-11.0896727996425,0.0 -49.6961221,-11.0894913996425,0.0 -49.6962101,-11.0893099996425,0.0 -49.696366,-11.0890936996426,0.0 -49.696522,-11.0888774996426,0.0 -49.696678,-11.0886612996426,0.0 -49.6967947,-11.0885660996426,0.0 -49.6969113,-11.0884899996426,0.0 -49.6970472,-11.0884140996426,0.0 -49.6971638,-11.0883379996426,0.0 -49.6972804,-11.0882619996426,0.0 -49.6974939,-11.0881862996426,0.0 -49.6976686,-11.0881104996426,0.0 -49.6978045,-11.0880728996426,0.0 -49.6979595,-11.0880543996426,0.0 -49.6979789,-11.0880544996426,0.0 -49.6982501,-11.0880747996426,0.0 -49.6985213,-11.0880950996426,0.0 -49.6986763,-11.0880957996426,0.0 -49.6988313,-11.0880963996426,0.0 -49.6989671,-11.0880586996426,0.0 -49.6991029,-11.0880209996426,0.0 -49.6992581,-11.0879833996426,0.0 -49.6993939,-11.0879456996426,0.0 -49.6995297,-11.0879080996426,0.0 -49.6996655,-11.0878703996426,0.0 -49.6997821,-11.0877942996426,0.0 -49.6999179,-11.0877565996426,0.0 -49.7000538,-11.0876997996426,0.0 -49.7001897,-11.0876429996426,0.0 -49.700345,-11.0875670996426,0.0 -49.7004616,-11.0874909996426,0.0 -49.7006167,-11.0874725996426,0.0 -49.7007333,-11.0873964996426,0.0 -49.7009078,-11.0873780996426,0.0 -49.7010628,-11.0873787996426,0.0 -49.7012177,-11.0874176996426,0.0 -49.701353,-11.0874756996426,0.0 -49.7014883,-11.0875528996426,0.0 -49.7016431,-11.0876108996426,0.0 -49.7017784,-11.0876880996426,0.0 -49.7018943,-11.0877650996426,0.0 -49.7020297,-11.0878230996426,0.0 -49.702204,-11.0878429996426,0.0 -49.7023395,-11.0878818996426,0.0 -49.7024945,-11.0878824996426,0.0 -49.7026495,-11.0878831996426,0.0 -49.7028045,-11.0878838996426,0.0 -49.7029595,-11.0878844996426,0.0 -49.7031146,-11.0878660996426,0.0 -49.7032312,-11.0877899996426,0.0 -49.7033479,-11.0876947996426,0.0 -49.7034259,-11.0875802996426,0.0 -49.7034846,-11.0874465996426,0.0 -49.703524,-11.0873127996426,0.0 -49.7035827,-11.0871790996426,0.0 -49.7036608,-11.0870454996426,0.0 -49.7037002,-11.0868924996426,0.0 -49.7037395,-11.0867586996426,0.0 -49.7037789,-11.0866248996426,0.0 -49.7037796,-11.0864717996426,0.0 -49.7037803,-11.0862995996426,0.0 -49.703781,-11.0861464996426,0.0 -49.7037817,-11.0859933996426,0.0 -49.7037823,-11.0858402996427,0.0 -49.7037637,-11.0856678996427,0.0 -49.7037639,-11.0856296996427,0.0 -49.7036484,-11.0854568996427,0.0 -49.7035329,-11.0852841996427,0.0 -49.7035336,-11.0851310996427,0.0 -49.703573,-11.0849780996427,0.0 -49.7036123,-11.0848442996427,0.0 -49.7036518,-11.0846722996427,0.0 -49.7036525,-11.0845191996427,0.0 -49.7036532,-11.0843659996427,0.0 -49.7036539,-11.0842128996427,0.0 -49.7036157,-11.0840787996427,0.0 -49.7035776,-11.0839254996427,0.0 -49.7035783,-11.0837723996427,0.0 -49.703579,-11.0836192996427,0.0 -49.7035991,-11.0834471996427,0.0 -49.7036192,-11.0832940996427,0.0 -49.7036973,-11.0831604996427,0.0 -49.703756,-11.0830267996427,0.0 -49.7038665,-11.0828549996427,0.0 -49.7039771,-11.0826831996427,0.0 -49.7040876,-11.0825114996428,0.0 -49.7042174,-11.0823716996428,0.0 -49.7043472,-11.0822318996428,0.0 -49.704477,-11.0820920996428,0.0 -49.7046384,-11.0819578996428,0.0 -49.7047998,-11.0818236996428,0.0 -49.7049612,-11.0816894996428,0.0 -49.7051187,-11.0815780996428,0.0 -49.7053128,-11.0815023996428,0.0 -49.7055841,-11.0815035996428,0.0 -49.7058456,-11.0815237996428,0.0 -49.706107,-11.0815440996428,0.0 -49.7063012,-11.0814491996428,0.0 -49.7064376,-11.0812775996428,0.0 -49.706632,-11.0811252996428,0.0 -49.7067679,-11.0810683996428,0.0 -49.7070007,-11.0810119996428,0.0 -49.7072338,-11.0808885996428,0.0 -49.7074668,-11.0807651996428,0.0 -49.7075834,-11.0806891996428,0.0 -49.7077,-11.0806130996428,0.0 -49.707836,-11.0805179996428,0.0 -49.7080494,-11.0804805996428,0.0 -49.7082433,-11.0804431996428,0.0 -49.7083985,-11.0803863996428,0.0 -49.7085151,-11.0803103996428,0.0 -49.708651,-11.0802535996428,0.0 -49.7087868,-11.0802158996428,0.0 -49.7089418,-11.0802164996428,0.0 -49.7090967,-11.0802362996428,0.0 -49.7092518,-11.0802369996428,0.0 -49.7094068,-11.0802375996428,0.0 -49.7095619,-11.0802191996428,0.0 -49.7097363,-11.0802007996428,0.0 -49.7098529,-11.0801246996428,0.0 -49.7099888,-11.0800678996428,0.0 -49.7100668,-11.0799533996428,0.0 -49.7101449,-11.0798197996428,0.0 -49.7101842,-11.0796859996428,0.0 -49.710243,-11.0795330996428,0.0 -49.7102824,-11.0793992996428,0.0 -49.710283,-11.0792461996429,0.0 -49.7102643,-11.0790929996429,0.0 -49.7102262,-11.0789588996429,0.0 -49.7101492,-11.0788436996429,0.0 -49.710111,-11.0787095996429,0.0 -49.7101311,-11.0785565996429,0.0 -49.7101511,-11.0784034996429,0.0 -49.7101904,-11.0782696996429,0.0 -49.7102684,-11.0781551996429,0.0 -49.7103464,-11.0780406996429,0.0 -49.7104245,-11.0779070996429,0.0 -49.7105026,-11.0777734996429,0.0 -49.7105806,-11.0776589996429,0.0 -49.71062,-11.0775251996429,0.0 -49.7106981,-11.0773914996429,0.0 -49.7107762,-11.0772578996429,0.0 -49.7108349,-11.0771241996429,0.0 -49.7108742,-11.0769903996429,0.0 -49.7109522,-11.0768758996429,0.0 -49.7110692,-11.0767040996429,0.0 -49.7111472,-11.0765895996429,0.0 -49.7112252,-11.0764750996429,0.0 -49.7113226,-11.0763606996429,0.0 -49.7114201,-11.0762271996429,0.0 -49.7115175,-11.0761126996429,0.0 -49.7116148,-11.075998299643,0.0 -49.7117314,-11.075922299643,0.0 -49.7118482,-11.075807899643,0.0 -49.7118676,-11.075788899643,0.0 -49.7120714,-11.075713199643,0.0 -49.7122752,-11.075637499643,0.0 -49.7124111,-11.075580699643,0.0 -49.712547,-11.075523799643,0.0 -49.7126635,-11.075447799643,0.0 -49.7127609,-11.075333399643,0.0 -49.7128584,-11.075199799643,0.0 -49.7128977,-11.075065999643,0.0 -49.7129178,-11.074912999643,0.0 -49.7129184,-11.074759899643,0.0 -49.7129191,-11.074606799643,0.0 -49.7130171,-11.074358399643,0.0 -49.7131148,-11.074157799643,0.0 -49.7132126,-11.073957299643,0.0 -49.71331,-11.073842899643,0.0 -49.713388,-11.073728399643,0.0 -49.7135046,-11.073633199643,0.0 -49.7135826,-11.073518699643,0.0 -49.7136993,-11.073423499643,0.0 -49.7137967,-11.073309099643,0.0 -49.7139523,-11.073175799643,0.0 -49.7141079,-11.073042499643,0.0 -49.7143021,-11.072937999643,0.0 -49.7144963,-11.072833599643,0.0 -49.7145937,-11.0727191996431,0.0 -49.7146717,-11.0726046996431,0.0 -49.7147304,-11.0724709996431,0.0 -49.7147311,-11.0723178996431,0.0 -49.7147124,-11.0721646996431,0.0 -49.7146743,-11.0720113996431,0.0 -49.7146559,-11.0717816996431,0.0 -49.7146762,-11.0715711996431,0.0 -49.714793,-11.0714376996431,0.0 -49.715026,-11.0713429996431,0.0 -49.7151521,-11.0712861996431,0.0 -49.7152783,-11.0712292996431,0.0 -49.7154725,-11.0711343996431,0.0 -49.7156085,-11.0710488996431,0.0 -49.7157445,-11.0709632996431,0.0 -49.7158613,-11.0708489996431,0.0 -49.7159393,-11.0707344996431,0.0 -49.7160173,-11.0706199996431,0.0 -49.7160373,-11.0704669996431,0.0 -49.7160574,-11.0702947996431,0.0 -49.7160968,-11.0701609996431,0.0 -49.7161555,-11.0700272996431,0.0 -49.7162722,-11.0699128996431,0.0 -49.7163889,-11.0698176996431,0.0 -49.7165852,-11.0696769996431,0.0 -49.7166744,-11.0695563996432,0.0 -49.7167635,-11.0694358996432,0.0 -49.7168784,-11.0692216996432,0.0 -49.7169736,-11.0690354996432,0.0 -49.7170903,-11.0689211996432,0.0 -49.7171877,-11.0688067996432,0.0 -49.7173237,-11.0687307996432,0.0 -49.717535,-11.0686804996432,0.0 -49.7177293,-11.0686395996432,0.0 -49.7179236,-11.0685986996432,0.0 -49.7180019,-11.0685265996432,0.0 -49.7180677,-11.0684658996432,0.0 -49.71817,-11.0682245996432,0.0 -49.718171,-11.0679910996432,0.0 -49.7181213,-11.0677907996432,0.0 -49.7180289,-11.0676778996432,0.0 -49.7179365,-11.0675648996432,0.0 -49.7177905,-11.0673658996432,0.0 -49.7176985,-11.0671821996432,0.0 -49.7176812,-11.0670767996432,0.0 -49.7176692,-11.0669383996432,0.0 -49.7176359,-11.0668215996432,0.0 -49.717614,-11.0667997996432,0.0 -49.7175603,-11.0667461996432,0.0 -49.7174844,-11.0667124996432,0.0 -49.7174084,-11.0667288996432,0.0 -49.7173491,-11.0667702996432,0.0 -49.7173069,-11.0667700996432,0.0 -49.7172733,-11.0667449996432,0.0 -49.7172568,-11.0666448996432,0.0 -49.7172572,-11.0665697996432,0.0 -49.7172829,-11.0664615996432,0.0 -49.7173538,-11.0662620996433,0.0 -49.7174515,-11.0660806996433,0.0 -49.7175491,-11.0658992996433,0.0 -49.7176563,-11.0657465996433,0.0 -49.7177636,-11.0655938996433,0.0 -49.7178808,-11.0653647996433,0.0 -49.7179398,-11.0651640996433,0.0 -49.7179988,-11.0649633996433,0.0 -49.7180577,-11.0647817996433,0.0 -49.7181167,-11.0646001996433,0.0 -49.7181949,-11.0644282996433,0.0 -49.7182732,-11.0642563996433,0.0 -49.7184095,-11.0640942996433,0.0 -49.7185458,-11.0639321996433,0.0 -49.7186423,-11.0638346996433,0.0 -49.7189108,-11.0638425996433,0.0 -49.7191725,-11.0638232996433,0.0 -49.7193383,-11.0637151996433,0.0 -49.7195056,-11.0635499996433,0.0 -49.7196729,-11.0633847996433,0.0 -49.7198403,-11.0632194996433,0.0 -49.7200076,-11.0630542996433,0.0 -49.7201749,-11.0628890996434,0.0 -49.720224,-11.0626851996434,0.0 -49.7201972,-11.0625082996434,0.0 -49.720191,-11.0623653996434,0.0 -49.720274,-11.0622637996434,0.0 -49.7203982,-11.0622030996434,0.0 -49.7206005,-11.0621313996434,0.0 -49.7208028,-11.0620596996434,0.0 -49.7210051,-11.0619879996434,0.0 -49.7212209,-11.0619436996434,0.0 -49.7214368,-11.0618993996434,0.0 -49.7216526,-11.0618549996434,0.0 -49.7217838,-11.0618280996434,0.0 -49.7219355,-11.0617606996434,0.0 -49.7220874,-11.0616661996434,0.0 -49.7222121,-11.0614898996434,0.0 -49.7222751,-11.0612588996434,0.0 -49.7222828,-11.0610548996434,0.0 -49.7221668,-11.0608163996434,0.0 -49.7219746,-11.0606863996434,0.0 -49.7219574,-11.0606776996434,0.0 -49.7218187,-11.0606082996434,0.0 -49.72168,-11.0605387996434,0.0 -49.721603,-11.0604235996434,0.0 -49.7215648,-11.0602894996434,0.0 -49.7215654,-11.0601363996434,0.0 -49.7216048,-11.0600025996434,0.0 -49.7217021,-11.0598881996434,0.0 -49.7217616,-11.0598396996434,0.0 -49.7218408,-11.0597948996434,0.0 -49.7219102,-11.0596522996435,0.0 -49.7219313,-11.0595639996435,0.0 -49.7219179,-11.0594686996435,0.0 -49.721891,-11.0593121996435,0.0 -49.7219331,-11.0591491996435,0.0 -49.7220025,-11.0590133996435,0.0 -49.7221167,-11.0588812996435,0.0 -49.7222308,-11.0587491996435,0.0 -49.7223966,-11.0586205996435,0.0 -49.7225483,-11.0585668996435,0.0 -49.7226959,-11.0585908996435,0.0 -49.7228313,-11.0586488996435,0.0 -49.7229472,-11.0587259996435,0.0 -49.7230631,-11.0588029996435,0.0 -49.7232371,-11.0588802996435,0.0 -49.7233724,-11.0589573996435,0.0 -49.7235078,-11.0590153996435,0.0 -49.7236431,-11.0590925996435,0.0 -49.7237786,-11.0591313996435,0.0 -49.7239333,-11.0591894996435,0.0 -49.7240688,-11.0592282996435,0.0 -49.7242431,-11.0592481996435,0.0 -49.7243788,-11.0592104996435,0.0 -49.7245149,-11.0591153996435,0.0 -49.7245929,-11.0590008996435,0.0 -49.7247095,-11.0589247996435,0.0 -49.7248454,-11.0588487996435,0.0 -49.7249813,-11.0587919996435,0.0 -49.7251167,-11.0588307996435,0.0 -49.7252326,-11.0589269996435,0.0 -49.7253485,-11.0590040996435,0.0 -49.7254644,-11.0590810996435,0.0 -49.7255999,-11.0591198996435,0.0 -49.7257352,-11.0591970996435,0.0 -49.7258706,-11.0592358996435,0.0 -49.7260059,-11.0593129996435,0.0 -49.7261413,-11.0593709996435,0.0 -49.7262767,-11.0594289996435,0.0 -49.7264121,-11.0594678996435,0.0 -49.7265476,-11.0595066996435,0.0 -49.726683,-11.0595455996435,0.0 -49.7268185,-11.0595843996435,0.0 -49.7269734,-11.0596041996435,0.0 -49.7271284,-11.0596048996435,0.0 -49.7272833,-11.0596245996435,0.0 -49.7274383,-11.0596252996435,0.0 -49.7274577,-11.0596253996435,0.0 -49.7276966,-11.0596263996435,0.0 -49.7279356,-11.0596273996435,0.0 -49.7281746,-11.0596283996435,0.0 -49.7284359,-11.0596677996435,0.0 -49.7286973,-11.0597070996435,0.0 -49.7288327,-11.0597650996435,0.0 -49.7289874,-11.0598422996434,0.0 -49.7291033,-11.0599193996434,0.0 -49.7292192,-11.0599963996434,0.0 -49.7293351,-11.0600925996434,0.0 -49.7294121,-11.0602077996434,0.0 -49.7295084,-11.0603229996434,0.0 -49.7295854,-11.0604381996434,0.0 -49.7297013,-11.0605342996434,0.0 -49.7298172,-11.0606113996434,0.0 -49.7299136,-11.0607265996434,0.0 -49.7300293,-11.0608418996434,0.0 -49.7301647,-11.0608998996434,0.0 -49.7303,-11.0609769996434,0.0 -49.7304159,-11.0610540996434,0.0 -49.7305514,-11.0610928996434,0.0 -49.7307064,-11.0610935996434,0.0 -49.730823,-11.0609983996434,0.0 -49.7309204,-11.0608838996434,0.0 -49.7309984,-11.0607693996434,0.0 -49.7309991,-11.0606162996434,0.0 -49.7309609,-11.0604821996434,0.0 -49.7308451,-11.0603859996434,0.0 -49.7308069,-11.0602518996434,0.0 -49.7308656,-11.0601181996434,0.0 -49.7309822,-11.0600420996434,0.0 -49.7311083,-11.0599851996434,0.0 -49.7312345,-11.0599282996434,0.0 -49.7312931,-11.0598328996434,0.0 -49.7313327,-11.0596224996435,0.0 -49.731314,-11.0594692996435,0.0 -49.7312953,-11.0593160996435,0.0 -49.7312959,-11.0591629996435,0.0 -49.7312966,-11.0590098996435,0.0 -49.7312973,-11.0588567996435,0.0 -49.7313465,-11.0586751996435,0.0 -49.7313957,-11.0584935996435,0.0 -49.7314932,-11.0583599996435,0.0 -49.7316679,-11.0582650996435,0.0 -49.7318233,-11.0581699996435,0.0 -49.7318427,-11.0581700996435,0.0 -49.7319695,-11.0579792996435,0.0 -49.7320962,-11.0577883996435,0.0 -49.7321936,-11.0576739996435,0.0 -49.7323296,-11.0575979996435,0.0 -49.7324655,-11.0575219996435,0.0 -49.7326015,-11.0574459996435,0.0 -49.7327181,-11.0573507996435,0.0 -49.7328348,-11.0572555996435,0.0 -49.7329321,-11.0571411996435,0.0 -49.7330102,-11.0570075996435,0.0 -49.7330882,-11.0568929996435,0.0 -49.7331469,-11.0567592996435,0.0 -49.7332056,-11.0566255996435,0.0 -49.7332836,-11.0565110996436,0.0 -49.7334003,-11.0564158996436,0.0 -49.7335168,-11.0563397996436,0.0 -49.7336528,-11.0562637996436,0.0 -49.7337694,-11.0561877996436,0.0 -49.7339053,-11.0561117996436,0.0 -49.7340219,-11.0560356996436,0.0 -49.7340802,-11.0559976996436,0.0 -49.7342938,-11.0558709996436,0.0 -49.7345075,-11.0557442996436,0.0 -49.7347212,-11.0556175996436,0.0 -49.7348377,-11.0555414996436,0.0 -49.7349544,-11.0554462996436,0.0 -49.7350711,-11.0553510996436,0.0 -49.7351878,-11.0552367996436,0.0 -49.7352852,-11.0551031996436,0.0 -49.7354212,-11.0550271996436,0.0 -49.7355379,-11.0549319996436,0.0 -49.7356546,-11.0548176996436,0.0 -49.7357712,-11.0547415996436,0.0 -49.7358878,-11.0546463996436,0.0 -49.7360045,-11.0545511996436,0.0 -49.7360825,-11.0544366996436,0.0 -49.7361799,-11.0543030996436,0.0 -49.7362579,-11.0541885996436,0.0 -49.7363553,-11.0540741996436,0.0 -49.7364526,-11.0539597996436,0.0 -49.7365694,-11.0538453996436,0.0 -49.7365988,-11.0538020996436,0.0 -49.7368052,-11.0536193996436,0.0 -49.7369604,-11.0535817996436,0.0 -49.737096,-11.0535822996436,0.0 -49.7372659,-11.0536370996436,0.0 -49.7374358,-11.0536918996436,0.0 -49.7374998,-11.0537344996436,0.0 -49.7376158,-11.0538114996436,0.0 -49.7377316,-11.0539076996436,0.0 -49.7378475,-11.0539846996436,0.0 -49.7378474,-11.0540038996436,0.0 -49.7379536,-11.0540999996436,0.0 -49.7380597,-11.0541960996436,0.0 -49.7381757,-11.0542731996436,0.0 -49.7383109,-11.0543502996436,0.0 -49.7384269,-11.0544272996436,0.0 -49.7385623,-11.0544661996436,0.0 -49.7386981,-11.0544284996436,0.0 -49.7388339,-11.0543906996436,0.0 -49.7389698,-11.0543338996436,0.0 -49.7390671,-11.0542194996436,0.0 -49.7391839,-11.0541050996436,0.0 -49.7392618,-11.0539905996436,0.0 -49.7393012,-11.0538567996436,0.0 -49.7393212,-11.0537037996436,0.0 -49.7393219,-11.0535506996436,0.0 -49.7393612,-11.0534168996436,0.0 -49.7394005,-11.0532830996437,0.0 -49.7394592,-11.0531492996436,0.0 -49.7395373,-11.0530156996437,0.0 -49.7396346,-11.0529012996437,0.0 -49.7397126,-11.0527866996437,0.0 -49.7398293,-11.0526914996437,0.0 -49.739946,-11.0525771996437,0.0 -49.7400626,-11.0525010996437,0.0 -49.7401791,-11.0524250996437,0.0 -49.7402765,-11.0523105996437,0.0 -49.7404125,-11.0522154996437,0.0 -49.7405293,-11.0521011996437,0.0 -49.7406073,-11.0519865996437,0.0 -49.7406626,-11.0518604996437,0.0 -49.740666,-11.0518528996437,0.0 -49.7406666,-11.0516997996437,0.0 -49.7406284,-11.0515656996437,0.0 -49.7405538,-11.0514912996437,0.0 -49.7403346,-11.0513412996437,0.0 -49.7402445,-11.0512796996437,0.0 -49.7400997,-11.0511641996437,0.0 -49.7399549,-11.0510487996437,0.0 -49.7398495,-11.0508066996437,0.0 -49.7397994,-11.0506052996437,0.0 -49.7398001,-11.0504521996437,0.0 -49.7398201,-11.0502991996437,0.0 -49.7398594,-11.0501652996437,0.0 -49.7398987,-11.0500314996437,0.0 -49.7399767,-11.0499169996438,0.0 -49.7400935,-11.0497834996438,0.0 -49.7402101,-11.0497074996438,0.0 -49.7403267,-11.0496313996438,0.0 -49.7404627,-11.0495362996438,0.0 -49.7405601,-11.0494217996438,0.0 -49.7406381,-11.0493072996438,0.0 -49.7406968,-11.0491735996438,0.0 -49.7407361,-11.0490397996438,0.0 -49.7407754,-11.0489059996438,0.0 -49.7407761,-11.0487528996438,0.0 -49.7407767,-11.0485997996438,0.0 -49.740758,-11.0484465996438,0.0 -49.74072,-11.0482741996438,0.0 -49.7407012,-11.0481209996438,0.0 -49.7406437,-11.0479867996438,0.0 -49.7406055,-11.0478526996438,0.0 -49.7405674,-11.0476993996438,0.0 -49.7405292,-11.0475652996438,0.0 -49.7405299,-11.0474120996438,0.0 -49.7405692,-11.0472782996438,0.0 -49.7406473,-11.0471446996438,0.0 -49.7407446,-11.0470302996438,0.0 -49.7408612,-11.0469541996438,0.0 -49.7409972,-11.0468781996438,0.0 -49.7411333,-11.0467638996438,0.0 -49.7411526,-11.0467639996438,0.0 -49.7412895,-11.0465669996439,0.0 -49.7414263,-11.0463699996439,0.0 -49.741484,-11.0462868996439,0.0 -49.7415427,-11.0461531996439,0.0 -49.7415628,-11.0460001996439,0.0 -49.741544,-11.0458469996439,0.0 -49.7415059,-11.0456936996439,0.0 -49.7414678,-11.0455595996439,0.0 -49.7413908,-11.0454443996439,0.0 -49.7413332,-11.0453101996439,0.0 -49.7413339,-11.0451570996439,0.0 -49.7413345,-11.0450039996439,0.0 -49.7412963,-11.0448698996439,0.0 -49.7412194,-11.0447355996439,0.0 -49.741123,-11.0446202996439,0.0 -49.7410073,-11.0445049996439,0.0 -49.7407947,-11.0443701996439,0.0 -49.7406303,-11.0443215996439,0.0 -49.7404658,-11.0442730996439,0.0 -49.7403109,-11.0442532996439,0.0 -49.7401561,-11.0442143996439,0.0 -49.7400206,-11.0441755996439,0.0 -49.7400012,-11.0441754996439,0.0 -49.739816,-11.0441288996439,0.0 -49.7396309,-11.0440823996439,0.0 -49.7394457,-11.0440357996439,0.0 -49.7392008,-11.0439885996439,0.0 -49.738956,-11.0439414996439,0.0 -49.7388207,-11.0438643996439,0.0 -49.7387147,-11.0437490996439,0.0 -49.7386086,-11.0436337996439,0.0 -49.7385317,-11.0434994996439,0.0 -49.7385306,-11.0434968996439,0.0 -49.7384741,-11.0433652996439,0.0 -49.7383972,-11.043230999644,0.0 -49.7383204,-11.043077599644,0.0 -49.7382822,-11.042943399644,0.0 -49.7382441,-11.042790199644,0.0 -49.7382254,-11.042636999644,0.0 -49.7382394,-11.042529599644,0.0 -49.7382454,-11.042483999644,0.0 -49.7382461,-11.042330899644,0.0 -49.7382855,-11.042177899644,0.0 -49.7383249,-11.042024999644,0.0 -49.7383249,-11.042005799644,0.0 -49.7383643,-11.041852899644,0.0 -49.7384037,-11.041699899644,0.0 -49.7384044,-11.041546799644,0.0 -49.738405,-11.041393699644,0.0 -49.738328,-11.041278599644,0.0 -49.7382122,-11.041182399644,0.0 -49.7380768,-11.041124399644,0.0 -49.7379416,-11.041047299644,0.0 -49.7378257,-11.040951099644,0.0 -49.7377487,-11.040835999644,0.0 -49.7376718,-11.040701699644,0.0 -49.7376142,-11.040567399644,0.0 -49.7375568,-11.040414099644,0.0 -49.7375186,-11.040279999644,0.0 -49.7374416,-11.040164799644,0.0 -49.7373257,-11.0400877996441,0.0 -49.7372099,-11.0399915996441,0.0 -49.7370745,-11.0399335996441,0.0 -49.7369587,-11.0398373996441,0.0 -49.7368429,-11.0397220996441,0.0 -49.7367465,-11.0396068996441,0.0 -49.7366501,-11.0394916996441,0.0 -49.7365731,-11.0393764996441,0.0 -49.736535,-11.0392423996441,0.0 -49.7364968,-11.0391081996441,0.0 -49.7364587,-11.0389549996441,0.0 -49.7364205,-11.0388207996441,0.0 -49.7363631,-11.0386674996441,0.0 -49.7363443,-11.0385142996441,0.0 -49.7363281,-11.0383815996441,0.0 -49.7363256,-11.0383610996441,0.0 -49.7363069,-11.0382078996441,0.0 -49.7362688,-11.0380546996441,0.0 -49.7362695,-11.0379014996441,0.0 -49.7362696,-11.0378632996441,0.0 -49.7362946,-11.0377026996441,0.0 -49.7363196,-11.0375421996441,0.0 -49.7363344,-11.0374472996441,0.0 -49.736335,-11.0372977996441,0.0 -49.7363659,-11.0371483996441,0.0 -49.7364272,-11.0369691996441,0.0 -49.7364884,-11.0368198996442,0.0 -49.7365193,-11.0366704996442,0.0 -49.7366108,-11.0365213996442,0.0 -49.7366417,-11.0363719996442,0.0 -49.7366954,-11.0362150996442,0.0 -49.736703,-11.0361927996442,0.0 -49.7367334,-11.0361629996442,0.0 -49.7368112,-11.0359143996442,0.0 -49.736889,-11.0356657996442,0.0 -49.7369668,-11.0354170996442,0.0 -49.7370446,-11.0351684996442,0.0 -49.7371224,-11.0349198996442,0.0 -49.7373275,-11.0348487996442,0.0 -49.7374554,-11.0347413996442,0.0 -49.7374923,-11.0346246996442,0.0 -49.7375021,-11.0344628996442,0.0 -49.7374984,-11.0342605996442,0.0 -49.737513,-11.0340492996442,0.0 -49.7375774,-11.0338921996442,0.0 -49.7377052,-11.0337848996442,0.0 -49.7378647,-11.0337472996442,0.0 -49.7380241,-11.0337097996442,0.0 -49.7381766,-11.0337035996442,0.0 -49.7383291,-11.0336974996442,0.0 -49.7385778,-11.0337215996442,0.0 -49.7388265,-11.0337456996442,0.0 -49.7389119,-11.0337539996442,0.0 -49.739057,-11.0337679996442,0.0 -49.7393144,-11.0337955996442,0.0 -49.7395719,-11.0338231996442,0.0 -49.7398294,-11.0338507996442,0.0 -49.7400868,-11.0338783996442,0.0 -49.7403443,-11.0339059996442,0.0 -49.7406018,-11.0339335996442,0.0 -49.7408593,-11.0339611996442,0.0 -49.7411167,-11.0339887996442,0.0 -49.7413742,-11.0340163996442,0.0 -49.7416317,-11.0340439996442,0.0 -49.7418606,-11.0340703996442,0.0 -49.7420896,-11.0340967996442,0.0 -49.7423185,-11.0341231996442,0.0 -49.7425383,-11.0341765996442,0.0 -49.742758,-11.0342299996442,0.0 -49.7429777,-11.0342832996442,0.0 -49.7432212,-11.0342820996442,0.0 -49.7434647,-11.0342808996442,0.0 -49.7436036,-11.0342521996442,0.0 -49.7437426,-11.0342235996442,0.0 -49.7438703,-11.0341521996442,0.0 -49.743998,-11.0340807996442,0.0 -49.7441624,-11.0339600996442,0.0 -49.7443267,-11.0338392996442,0.0 -49.7444911,-11.0337185996442,0.0 -49.7446484,-11.0336360996443,0.0 -49.7448058,-11.0335535996443,0.0 -49.7449447,-11.0335406996443,0.0 -49.7450835,-11.0335277996443,0.0 -49.7452972,-11.0335825996443,0.0 -49.7455187,-11.0336658996443,0.0 -49.7457402,-11.0337491996442,0.0 -49.7459821,-11.0338099996442,0.0 -49.746224,-11.0338707996442,0.0 -49.7464669,-11.0338617996442,0.0 -49.7466515,-11.0338561996442,0.0 -49.7468361,-11.0338506996442,0.0 -49.747049,-11.0338897996442,0.0 -49.7472087,-11.0339987996442,0.0 -49.7473684,-11.0341077996442,0.0 -49.7475302,-11.0342350996442,0.0 -49.7476931,-11.0343672996442,0.0 -49.747856,-11.0344995996442,0.0 -49.7480189,-11.0346317996442,0.0 -49.7481818,-11.0347640996442,0.0 -49.7483104,-11.0349081996442,0.0 -49.7484389,-11.0350521996442,0.0 -49.7485675,-11.0351962996442,0.0 -49.748704,-11.0353563996442,0.0 -49.7488406,-11.0355163996442,0.0 -49.7489771,-11.0356764996442,0.0 -49.7491946,-11.0357969996442,0.0 -49.749412,-11.0359174996442,0.0 -49.7495507,-11.0359912996442,0.0 -49.7496894,-11.0360650996442,0.0 -49.7498011,-11.0361582996442,0.0 -49.7499128,-11.0362513996442,0.0 -49.7499488,-11.0363376996442,0.0 -49.7499774,-11.0364489996442,0.0 -49.749977,-11.0365351996442,0.0 -49.7499767,-11.0366068996442,0.0 -49.7500006,-11.0367430996442,0.0 -49.7501406,-11.0368296996442,0.0 -49.7502805,-11.0369163996442,0.0 -49.7504043,-11.0368522996442,0.0 -49.7505281,-11.0367881996442,0.0 -49.7506157,-11.0366736996442,0.0 -49.7507034,-11.0365592996442,0.0 -49.7507621,-11.0364302996442,0.0 -49.7508353,-11.0363013996442,0.0 -49.750865,-11.0361436996442,0.0 -49.7507491,-11.0360570996442,0.0 -49.7506332,-11.0359704996442,0.0 -49.7504883,-11.0358836996442,0.0 -49.7504453,-11.0357543996442,0.0 -49.7505474,-11.0356542996442,0.0 -49.7506785,-11.0355686996442,0.0 -49.7508238,-11.0355692996442,0.0 -49.7509105,-11.0356844996442,0.0 -49.7510263,-11.0357854996442,0.0 -49.7510409,-11.0357854996442,0.0 -49.751201,-11.0357143996442,0.0 -49.7513321,-11.0356287996442,0.0 -49.7514343,-11.0355287996442,0.0 -49.751522,-11.0353855996442,0.0 -49.7516242,-11.0352711996442,0.0 -49.7516829,-11.0351422996442,0.0 -49.7517706,-11.0350277996442,0.0 -49.751916,-11.0349996996442,0.0 -49.7520758,-11.0350146996442,0.0 -49.7522211,-11.0350152996442,0.0 -49.7523377,-11.0349295996442,0.0 -49.7523963,-11.0348006996442,0.0 -49.7525416,-11.0348012996442,0.0 -49.7526869,-11.0348161996442,0.0 -49.7527882,-11.0349170996442,0.0 -49.7528166,-11.0350607996442,0.0 -49.7529472,-11.0351043996442,0.0 -49.7530494,-11.0349899996442,0.0 -49.7531081,-11.0348466996442,0.0 -49.7531523,-11.0347176996442,0.0 -49.7532109,-11.0345886996442,0.0 -49.7532696,-11.0344453996442,0.0 -49.7532993,-11.0343019996442,0.0 -49.7533144,-11.0341584996442,0.0 -49.753315,-11.0340149996442,0.0 -49.7533447,-11.0338715996442,0.0 -49.7534324,-11.0337570996442,0.0 -49.7534765,-11.0336280996442,0.0 -49.7535352,-11.0334990996443,0.0 -49.7535353,-11.0334703996443,0.0 -49.753594,-11.0333414996443,0.0 -49.7536526,-11.0332124996443,0.0 -49.7537113,-11.0330835996443,0.0 -49.7538135,-11.0329691996443,0.0 -49.7539301,-11.0328834996443,0.0 -49.7540612,-11.0327979996443,0.0 -49.7541778,-11.0327122996443,0.0 -49.7541784,-11.0325687996443,0.0 -49.7541208,-11.0324392996443,0.0 -49.7541063,-11.0324392996443,0.0 -49.7540055,-11.0322235996443,0.0 -49.7539625,-11.0320941996443,0.0 -49.753934,-11.0319504996443,0.0 -49.7539492,-11.0318070996443,0.0 -49.7540368,-11.0316925996443,0.0 -49.7540955,-11.0315635996443,0.0 -49.7541976,-11.0314635996443,0.0 -49.7542331,-11.0314442996443,0.0 -49.7543287,-11.0313922996443,0.0 -49.7544163,-11.0312778996443,0.0 -49.7544895,-11.0311489996443,0.0 -49.7545628,-11.0310056996443,0.0 -49.7546215,-11.0308767996443,0.0 -49.7546946,-11.0307478996443,0.0 -49.7547388,-11.0306044996443,0.0 -49.7547104,-11.0304608996443,0.0 -49.7545946,-11.0303598996444,0.0 -49.7544641,-11.0302875996444,0.0 -49.7543482,-11.0302009996444,0.0 -49.7542469,-11.0301000996444,0.0 -49.7542039,-11.0299707996444,0.0 -49.7541909,-11.0299271996444,0.0 -49.7541609,-11.0298269996444,0.0 -49.7541033,-11.0296975996444,0.0 -49.7540894,-11.0295539996444,0.0 -49.75409,-11.0294104996444,0.0 -49.7541052,-11.0292525996444,0.0 -49.7541349,-11.0290948996444,0.0 -49.7541791,-11.0289658996444,0.0 -49.7542812,-11.0288657996444,0.0 -49.7543376,-11.0287868996444,0.0 -49.7543835,-11.0287226996444,0.0 -49.7544856,-11.0286225996444,0.0 -49.7544862,-11.0284790996444,0.0 -49.7544869,-11.0283354996444,0.0 -49.7544875,-11.0281919996444,0.0 -49.7545026,-11.0280484996444,0.0 -49.7545027,-11.0280341996444,0.0 -49.7545472,-11.0278046996444,0.0 -49.7546204,-11.0276757996444,0.0 -49.7546791,-11.0275468996444,0.0 -49.7546797,-11.0274032996444,0.0 -49.7547819,-11.0272888996444,0.0 -49.7548405,-11.0271599996444,0.0 -49.7548702,-11.0270164996445,0.0 -49.7548998,-11.0268730996445,0.0 -49.754915,-11.0267295996445,0.0 -49.7549446,-11.0265861996445,0.0 -49.7549889,-11.0264284996445,0.0 -49.7550476,-11.0262851996445,0.0 -49.7550918,-11.0261417996445,0.0 -49.7551362,-11.0259553996445,0.0 -49.7551514,-11.0257975996445,0.0 -49.7551665,-11.0256540996445,0.0 -49.7551672,-11.0254961996445,0.0 -49.7551578,-11.0254437996445,0.0 -49.7551388,-11.0253381996445,0.0 -49.7550667,-11.0252086996445,0.0 -49.7549654,-11.0251077996445,0.0 -49.754966,-11.0249642996445,0.0 -49.7549666,-11.0248206996445,0.0 -49.7550253,-11.0246917996445,0.0 -49.755113,-11.0245629996445,0.0 -49.7551571,-11.0244339996445,0.0 -49.7552738,-11.0243339996445,0.0 -49.7554049,-11.0242483996445,0.0 -49.755536,-11.0241770996445,0.0 -49.7556814,-11.0241489996445,0.0 -49.755798,-11.0240633996445,0.0 -49.7557404,-11.0239339996445,0.0 -49.7556098,-11.0238903996446,0.0 -49.7555231,-11.0237751996446,0.0 -49.7555818,-11.0236461996446,0.0 -49.7555673,-11.0236461996446,0.0 -49.7556087,-11.0235870996446,0.0 -49.755728,-11.0234171996446,0.0 -49.7559023,-11.0234321996446,0.0 -49.7560622,-11.0234328996446,0.0 -49.7562075,-11.0234334996446,0.0 -49.7563673,-11.0234340996446,0.0 -49.7565128,-11.0233916996446,0.0 -49.7566438,-11.0233203996446,0.0 -49.7567748,-11.0232635996446,0.0 -49.7569058,-11.0232209996446,0.0 -49.7570658,-11.0231785996446,0.0 -49.7572111,-11.0231791996446,0.0 -49.7573563,-11.0231941996446,0.0 -49.757516,-11.0232234996446,0.0 -49.7576612,-11.0232527996446,0.0 -49.7577918,-11.0232963996446,0.0 -49.7579368,-11.0233543996446,0.0 -49.7580819,-11.0234123996446,0.0 -49.7582123,-11.0234847996446,0.0 -49.7583429,-11.0235426996446,0.0 -49.7584735,-11.0235862996446,0.0 -49.758604,-11.0236298996446,0.0 -49.7587346,-11.0236877996446,0.0 -49.758865,-11.0237601996446,0.0 -49.7589955,-11.0238180996445,0.0 -49.7591405,-11.0239047996445,0.0 -49.7592563,-11.0240057996445,0.0 -49.7593576,-11.0241066996445,0.0 -49.7594589,-11.0242075996445,0.0 -49.7595602,-11.0243084996445,0.0 -49.7596468,-11.0244235996445,0.0 -49.7597627,-11.0245101996445,0.0 -49.7597773,-11.0245102996445,0.0 -49.7599948,-11.0245972996445,0.0 -49.7601254,-11.0246552996445,0.0 -49.7601565,-11.0246615996445,0.0 -49.7602705,-11.0246845996445,0.0 -49.7604303,-11.0246995996445,0.0 -49.7605757,-11.0246857996445,0.0 -49.760721,-11.0246720996445,0.0 -49.760852,-11.0246294996445,0.0 -49.7609627,-11.0245692996445,0.0 -49.760983,-11.0245582996445,0.0 -49.7611141,-11.0244726996445,0.0 -49.7612453,-11.0243727996445,0.0 -49.7613908,-11.0243302996445,0.0 -49.7615361,-11.0243308996445,0.0 -49.7616813,-11.0243457996445,0.0 -49.7618118,-11.0244180996445,0.0 -49.7619183,-11.0244888996445,0.0 -49.7619422,-11.0245047996445,0.0 -49.7620727,-11.0245626996445,0.0 -49.7622179,-11.0245920996445,0.0 -49.7623633,-11.0245782996445,0.0 -49.7624222,-11.0243918996445,0.0 -49.7624664,-11.0242485996445,0.0 -49.762525,-11.0241195996445,0.0 -49.7625564,-11.0240505996445,0.0 -49.7625837,-11.0239906996445,0.0 -49.7626423,-11.0238616996445,0.0 -49.7626575,-11.0237181996446,0.0 -49.7626871,-11.0235747996446,0.0 -49.7627748,-11.0234459996446,0.0 -49.7628335,-11.0233169996446,0.0 -49.7628341,-11.0231734996446,0.0 -49.7628341,-11.0231603996446,0.0 -49.7628347,-11.0230299996446,0.0 -49.7628063,-11.0228718996446,0.0 -49.7627633,-11.0227281996446,0.0 -49.7626767,-11.0225986996446,0.0 -49.7626046,-11.0224691996446,0.0 -49.762547,-11.0223397996446,0.0 -49.7625039,-11.0222103996446,0.0 -49.7625045,-11.0220668996446,0.0 -49.7624906,-11.0219232996446,0.0 -49.7624767,-11.0217796996446,0.0 -49.7624773,-11.0216360996446,0.0 -49.7624778,-11.0215047996446,0.0 -49.7624779,-11.0214925996446,0.0 -49.762522,-11.0213635996446,0.0 -49.7626241,-11.0212634996446,0.0 -49.7627552,-11.0211922996446,0.0 -49.7629005,-11.0211928996446,0.0 -49.7630457,-11.0212077996446,0.0 -49.7632054,-11.0212371996446,0.0 -49.7633506,-11.0212664996446,0.0 -49.7634812,-11.0213100996446,0.0 -49.7636409,-11.0213393996446,0.0 -49.7637714,-11.0213973996446,0.0 -49.7639019,-11.0214696996446,0.0 -49.764047,-11.0215132996446,0.0 -49.7641775,-11.0215856996446,0.0 -49.7642933,-11.0216865996446,0.0 -49.7643946,-11.0217874996446,0.0 -49.7644958,-11.0218883996446,0.0 -49.764568,-11.0220178996446,0.0 -49.7646547,-11.0221330996446,0.0 -49.7647413,-11.0222481996446,0.0 -49.7647989,-11.0223919996446,0.0 -49.7648419,-11.0225213996446,0.0 -49.7648995,-11.0226507996446,0.0 -49.7649844,-11.0227635996446,0.0 -49.7649862,-11.0227659996446,0.0 -49.7651452,-11.0229675996446,0.0 -49.7651736,-11.0231112996446,0.0 -49.765173,-11.0232691996446,0.0 -49.7651433,-11.0234125996446,0.0 -49.7650877,-11.0234669996446,0.0 -49.7650992,-11.0235367996446,0.0 -49.7651592,-11.0236685996446,0.0 -49.7652799,-11.0237527996446,0.0 -49.7654129,-11.0238011996445,0.0 -49.7655581,-11.0238257996445,0.0 -49.7657155,-11.0238263996446,0.0 -49.7658608,-11.0238388996446,0.0 -49.7660305,-11.0237797996446,0.0 -49.7661675,-11.0237420996446,0.0 -49.7663045,-11.0237043996446,0.0 -49.7664356,-11.0236330996446,0.0 -49.7665521,-11.0235474996446,0.0 -49.766557,-11.0235402996446,0.0 -49.7666399,-11.0234186996446,0.0 -49.7666696,-11.0232608996446,0.0 -49.7666847,-11.0231173996446,0.0 -49.7666853,-11.0229738996446,0.0 -49.7666568,-11.0228301996446,0.0 -49.7666284,-11.0226864996446,0.0 -49.7665999,-11.0225428996446,0.0 -49.7664988,-11.0224132996446,0.0 -49.7664266,-11.0222837996446,0.0 -49.7663837,-11.0221400996446,0.0 -49.7663748,-11.0221201996446,0.0 -49.7663261,-11.0220106996446,0.0 -49.766254,-11.0218811996446,0.0 -49.7661819,-11.0217516996446,0.0 -49.7660806,-11.0216507996446,0.0 -49.7659502,-11.0215641996446,0.0 -49.7658781,-11.0214346996446,0.0 -49.7658205,-11.0213052996446,0.0 -49.7658067,-11.0211328996446,0.0 -49.7658076,-11.0209032996446,0.0 -49.7658228,-11.0207597996446,0.0 -49.765896,-11.0206165996446,0.0 -49.7659401,-11.0204874996447,0.0 -49.7660423,-11.0203730996447,0.0 -49.7661589,-11.0202874996447,0.0 -49.7662899,-11.0202305996447,0.0 -49.766421,-11.0201449996447,0.0 -49.7664942,-11.0200160996447,0.0 -49.7665674,-11.0198871996447,0.0 -49.7666261,-11.0197582996447,0.0 -49.7666867,-11.0196514996447,0.0 -49.7666992,-11.0196293996447,0.0 -49.7667576,-11.0195721996447,0.0 -49.7668455,-11.0194002996447,0.0 -49.7669334,-11.0192283996447,0.0 -49.7669775,-11.0190993996447,0.0 -49.7670362,-11.0189704996447,0.0 -49.7670513,-11.0188269996447,0.0 -49.7670809,-11.0186834996447,0.0 -49.7670671,-11.0185255996447,0.0 -49.7670095,-11.0183961996447,0.0 -49.7669664,-11.0182667996447,0.0 -49.7668652,-11.0181515996447,0.0 -49.7667348,-11.0180648996447,0.0 -49.7666043,-11.0179925996447,0.0 -49.7665031,-11.0178916996447,0.0 -49.7664511,-11.0178743996447,0.0 -49.7663725,-11.0178480996447,0.0 -49.7663619,-11.0178480996447,0.0 -49.7662272,-11.0178474996447,0.0 -49.7661578,-11.0178776996447,0.0 -49.7660962,-11.0179043996447,0.0 -49.7659508,-11.0179324996447,0.0 -49.7658056,-11.0179031996447,0.0 -49.7657626,-11.0177594996447,0.0 -49.7657632,-11.0176159996447,0.0 -49.7657783,-11.0174724996447,0.0 -49.7657935,-11.0173289996447,0.0 -49.7658254,-11.0172872996447,0.0 -49.7658811,-11.0172144996448,0.0 -49.7659543,-11.0170855996448,0.0 -49.7660854,-11.0170000996448,0.0 -49.766202,-11.0169143996448,0.0 -49.7663186,-11.0168287996448,0.0 -49.7664207,-11.0167286996448,0.0 -49.7665084,-11.0166141996448,0.0 -49.766625,-11.0165285996448,0.0 -49.7667561,-11.0164429996448,0.0 -49.7668872,-11.0163716996448,0.0 -49.7670038,-11.0162716996448,0.0 -49.7670076,-11.0162667996448,0.0 -49.7670915,-11.0161571996448,0.0 -49.7670915,-11.0161428996448,0.0 -49.7672383,-11.0160065996448,0.0 -49.7673686,-11.0158855996448,0.0 -49.7674418,-11.0157566996448,0.0 -49.767544,-11.0156566996448,0.0 -49.7675881,-11.0155276996448,0.0 -49.7675887,-11.0153697996448,0.0 -49.7675893,-11.0152261996448,0.0 -49.7675894,-11.0152118996448,0.0 -49.7675464,-11.0150609996448,0.0 -49.7675035,-11.0149100996448,0.0 -49.7674604,-11.0147806996448,0.0 -49.7673883,-11.0146511996448,0.0 -49.7673016,-11.0145360996448,0.0 -49.767215,-11.0144064996448,0.0 -49.7671674,-11.0142874996448,0.0 -49.7671575,-11.0142626996448,0.0 -49.7670999,-11.0141332996448,0.0 -49.7670714,-11.0139896996448,0.0 -49.7669848,-11.0138457996449,0.0 -49.7669854,-11.0137021996449,0.0 -49.7670006,-11.0135586996449,0.0 -49.7670738,-11.0134298996449,0.0 -49.7671324,-11.0133008996449,0.0 -49.7672201,-11.0131863996449,0.0 -49.7673078,-11.0130575996449,0.0 -49.767314,-11.0130394996449,0.0 -49.7673519,-11.0129285996449,0.0 -49.7674396,-11.0127997996449,0.0 -49.7675273,-11.0126852996449,0.0 -49.7677218,-11.0124898996449,0.0 -49.7679163,-11.0122944996449,0.0 -49.7681109,-11.0120990996449,0.0 -49.7683002,-11.0119850996449,0.0 -49.7684024,-11.0118705996449,0.0 -49.768519,-11.0117849996449,0.0 -49.7685906,-11.0117538996449,0.0 -49.76865,-11.0117280996449,0.0 -49.768781,-11.0116711996449,0.0 -49.7689265,-11.0116286996449,0.0 -49.7690721,-11.0115431996449,0.0 -49.7692031,-11.0114862996449,0.0 -49.7693197,-11.0114006996449,0.0 -49.7694218,-11.0113005996449,0.0 -49.7695095,-11.0111860996449,0.0 -49.7695971,-11.0110715996449,0.0 -49.7696412,-11.0109425996449,0.0 -49.7696855,-11.0107848996449,0.0 -49.7697587,-11.010641699645,0.0 -49.7698028,-11.010512699645,0.0 -49.769876,-11.010383799645,0.0 -49.7699782,-11.010269299645,0.0 -49.7700948,-11.010169299645,0.0 -49.7702115,-11.010069299645,0.0 -49.7703281,-11.009983699645,0.0 -49.7703331,-11.009980399645,0.0 -49.7704592,-11.009898099645,0.0 -49.7705758,-11.009812399645,0.0 -49.7706634,-11.009697899645,0.0 -49.770664,-11.009554399645,0.0 -49.7706646,-11.009410899645,0.0 -49.7706508,-11.009252899645,0.0 -49.7705786,-11.009123399645,0.0 -49.7705356,-11.008994099645,0.0 -49.7704925,-11.008864699645,0.0 -49.7704926,-11.008850399645,0.0 -49.7703981,-11.008671299645,0.0 -49.7703036,-11.008492299645,0.0 -49.7702091,-11.008313299645,0.0 -49.7701418,-11.008179099645,0.0 -49.7701176,-11.008122599645,0.0 -49.7700843,-11.008044899645,0.0 -49.7700461,-11.007910699645,0.0 -49.7700273,-11.007767099645,0.0 -49.7699989,-11.007604299645,0.0 -49.7699995,-11.0074607996451,0.0 -49.7700001,-11.0073171996451,0.0 -49.7700104,-11.0071736996451,0.0 -49.7700243,-11.0071265996451,0.0 -49.7700497,-11.0070398996451,0.0 -49.7701374,-11.0069253996451,0.0 -49.7702636,-11.0068493996451,0.0 -49.7703995,-11.0067829996451,0.0 -49.7705256,-11.0067259996451,0.0 -49.7706615,-11.0066691996451,0.0 -49.7707876,-11.0066122996451,0.0 -49.7709234,-11.0065649996451,0.0 -49.7710496,-11.0065080996451,0.0 -49.7711187,-11.0064839996451,0.0 -49.7711854,-11.0064607996451,0.0 -49.7712242,-11.0064321996451,0.0 -49.7714634,-11.0063711996451,0.0 -49.7717025,-11.0063100996451,0.0 -49.7719579,-11.0062472996451,0.0 -49.7722132,-11.0061845996451,0.0 -49.7724685,-11.0061217996451,0.0 -49.7726967,-11.0059743996451,0.0 -49.7728935,-11.0058232996451,0.0 -49.7730903,-11.0056721996451,0.0 -49.773287,-11.0055209996451,0.0 -49.7734838,-11.0053698996451,0.0 -49.773494,-11.0053674996451,0.0 -49.7736438,-11.0053322996451,0.0 -49.7738912,-11.0053293996451,0.0 -49.7741155,-11.0053267996451,0.0 -49.7743397,-11.0053241996451,0.0 -49.774564,-11.0053215996451,0.0 -49.774827,-11.0053308996451,0.0 -49.775024,-11.0053378996451,0.0 -49.775094,-11.0053663996451,0.0 -49.7752609,-11.0054344996451,0.0 -49.7754033,-11.0055474996451,0.0 -49.7755457,-11.0056604996451,0.0 -49.7756903,-11.0058428996451,0.0 -49.7757917,-11.0059150996451,0.0 -49.776045,-11.0059546996451,0.0 -49.7762838,-11.0059919996451,0.0 -49.7765225,-11.0060291996451,0.0 -49.7767613,-11.0060664996451,0.0 -49.777,-11.0061037996451,0.0 -49.7772388,-11.0061410996451,0.0 -49.7773866,-11.0061248996451,0.0 -49.7775343,-11.0061087996451,0.0 -49.7776698,-11.0061379996451,0.0 -49.7778053,-11.0061672996451,0.0 -49.7779989,-11.0063206996451,0.0 -49.7780177,-11.0063355996451,0.0 -49.7781379,-11.0065417996451,0.0 -49.7781858,-11.0066854996451,0.0 -49.7781462,-11.0068815996451,0.0 -49.7780776,-11.0070774996451,0.0 -49.7780771,-11.0071922996451,0.0 -49.7781588,-11.0073504996451,0.0 -49.7782795,-11.007451499645,0.0 -49.7784073,-11.007581199645,0.0 -49.7785774,-11.007714699645,0.0 -49.7787476,-11.007848099645,0.0 -49.7788851,-11.007970699645,0.0 -49.7789573,-11.008092999645,0.0 -49.7789493,-11.008250799645,0.0 -49.7789267,-11.008458899645,0.0 -49.778904,-11.008666899645,0.0 -49.7789346,-11.008889599645,0.0 -49.7789652,-11.009112199645,0.0 -49.7789957,-11.009334799645,0.0 -49.7791295,-11.009493199645,0.0 -49.7792632,-11.009651699645,0.0 -49.7793941,-11.009696999645,0.0 -49.779525,-11.009742399645,0.0 -49.7796404,-11.009782399645,0.0 -49.7797878,-11.009719899645,0.0 -49.7799352,-11.009657399645,0.0 -49.7800261,-11.009618799645,0.0 -49.7801753,-11.009565599645,0.0 -49.7803244,-11.009512399645,0.0 -49.7804916,-11.009487899645,0.0 -49.7806588,-11.009463499645,0.0 -49.7808509,-11.009426999645,0.0 -49.7810429,-11.009390499645,0.0 -49.7810659,-11.009386199645,0.0 -49.7811969,-11.009339999645,0.0 -49.7813278,-11.009293899645,0.0 -49.7814658,-11.009312399645,0.0 -49.7816037,-11.009330899645,0.0 -49.7817487,-11.009406799645,0.0 -49.7818937,-11.009482799645,0.0 -49.7819013,-11.009488299645,0.0 -49.7820569,-11.009600999645,0.0 -49.7822124,-11.009713699645,0.0 -49.7823385,-11.009770199645,0.0 -49.7824647,-11.009826699645,0.0 -49.7825909,-11.009883199645,0.0 -49.7827171,-11.009939699645,0.0 -49.7828432,-11.009996199645,0.0 -49.7829694,-11.010052699645,0.0 -49.7830956,-11.010109199645,0.0 -49.7832217,-11.010165599645,0.0 -49.7833479,-11.010222099645,0.0 -49.7834741,-11.010278599645,0.0 -49.7836661,-11.010412199645,0.0 -49.783858,-11.010545699645,0.0 -49.7840322,-11.010589499645,0.0 -49.7842064,-11.010633199645,0.0 -49.7844462,-11.010609099645,0.0 -49.784686,-11.010584899645,0.0 -49.7848606,-11.010531799645,0.0 -49.7850352,-11.010478699645,0.0 -49.7852461,-11.010412499645,0.0 -49.785457,-11.010346399645,0.0 -49.785668,-11.010280199645,0.0 -49.7858244,-11.010230599645,0.0 -49.7859808,-11.010180999645,0.0 -49.7861625,-11.010145799645,0.0 -49.7863443,-11.010110699645,0.0 -49.7865008,-11.010035899645,0.0 -49.7866573,-11.009961199645,0.0 -49.7868209,-11.009918799645,0.0 -49.7869845,-11.009876399645,0.0 -49.7871333,-11.009909299645,0.0 -49.7872821,-11.009942199645,0.0 -49.7874305,-11.010071999645,0.0 -49.7875789,-11.010201699645,0.0 -49.7876217,-11.010383699645,0.0 -49.7876646,-11.010565699645,0.0 -49.7877074,-11.010747699645,0.0 -49.7877138,-11.0109737996449,0.0 -49.7877201,-11.0111998996449,0.0 -49.7877847,-11.0114046996449,0.0 -49.7878492,-11.0116094996449,0.0 -49.7878797,-11.0118608996449,0.0 -49.7879101,-11.0121121996449,0.0 -49.7879406,-11.0123634996449,0.0 -49.7880488,-11.0125361996449,0.0 -49.7882406,-11.0127235996449,0.0 -49.7884323,-11.0129108996449,0.0 -49.7885982,-11.0130200996449,0.0 -49.788764,-11.0131291996449,0.0 -49.7889298,-11.0132382996449,0.0 -49.7890908,-11.0133505996449,0.0 -49.7892518,-11.0134628996449,0.0 -49.7894128,-11.0135751996449,0.0 -49.7895898,-11.0136954996449,0.0 -49.7897669,-11.0138157996449,0.0 -49.789944,-11.0139360996449,0.0 -49.7901889,-11.0140207996449,0.0 -49.7904337,-11.0141055996448,0.0 -49.7906785,-11.0141902996448,0.0 -49.7909234,-11.0142749996448,0.0 -49.7911732,-11.0143756996448,0.0 -49.791423,-11.0144762996448,0.0 -49.7916728,-11.0145769996448,0.0 -49.7918904,-11.0146675996448,0.0 -49.792108,-11.0147581996448,0.0 -49.792344,-11.0147650996448,0.0 -49.7925801,-11.0147719996448,0.0 -49.7927437,-11.0147367996448,0.0 -49.7929073,-11.0147014996448,0.0 -49.7930653,-11.0145525996448,0.0 -49.7932233,-11.0144036996448,0.0 -49.7933152,-11.0141588996448,0.0 -49.793407,-11.0139139996449,0.0 -49.793368,-11.0136445996449,0.0 -49.793329,-11.0133751996449,0.0 -49.79329,-11.0131056996449,0.0 -49.793251,-11.0128362996449,0.0 -49.793212,-11.0125668996449,0.0 -49.793199,-11.0124769996449,0.0 -49.7931723,-11.0122922996449,0.0 -49.7931455,-11.0121075996449,0.0 -49.7930884,-11.0118525996449,0.0 -49.7930314,-11.0115975996449,0.0 -49.7929743,-11.0113425996449,0.0 -49.7929172,-11.0110875996449,0.0 -49.7929424,-11.0108579996449,0.0 -49.7929675,-11.010628399645,0.0 -49.7929927,-11.010398799645,0.0 -49.7931533,-11.010193699645,0.0 -49.793314,-11.009988599645,0.0 -49.7934746,-11.009783499645,0.0 -49.7936187,-11.009598899645,0.0 -49.7937365,-11.009447899645,0.0 -49.7938544,-11.009296999645,0.0 -49.7938642,-11.009027199645,0.0 -49.793874,-11.008757299645,0.0 -49.7938838,-11.008487499645,0.0 -49.7938936,-11.008217699645,0.0 -49.7939034,-11.007947899645,0.0 -49.7938201,-11.007726499645,0.0 -49.7937367,-11.007505099645,0.0 -49.7936533,-11.0072836996451,0.0 -49.79357,-11.0070622996451,0.0 -49.7934866,-11.0068408996451,0.0 -49.7934745,-11.0065990996451,0.0 -49.7934624,-11.0063572996451,0.0 -49.7934502,-11.0061154996451,0.0 -49.7934381,-11.0058735996451,0.0 -49.793426,-11.0056317996451,0.0 -49.7934139,-11.0053899996451,0.0 -49.793406,-11.0052328996451,0.0 -49.7934076,-11.0052090996451,0.0 -49.7934258,-11.0049353996451,0.0 -49.7934441,-11.0046617996451,0.0 -49.7934623,-11.0043881996451,0.0 -49.7934806,-11.0041144996452,0.0 -49.7934988,-11.0038408996452,0.0 -49.7936934,-11.0036501996452,0.0 -49.793888,-11.0034594996452,0.0 -49.7939218,-11.0034262996452,0.0 -49.7941473,-11.0033625996452,0.0 -49.7943728,-11.0032988996452,0.0 -49.7945982,-11.0032351996452,0.0 -49.7948237,-11.0031714996452,0.0 -49.7950495,-11.0030144996452,0.0 -49.7952753,-11.0028574996452,0.0 -49.7953373,-11.0026366996452,0.0 -49.7953992,-11.0024158996452,0.0 -49.7954611,-11.0021950996452,0.0 -49.795523,-11.0019741996452,0.0 -49.7955849,-11.0017533996452,0.0 -49.7956022,-11.0015037996452,0.0 -49.7956195,-11.0012541996452,0.0 -49.7956367,-11.0010044996452,0.0 -49.795654,-11.0007548996453,0.0 -49.7956713,-11.0005051996453,0.0 -49.7956885,-11.0002555996453,0.0 -49.7957058,-11.0000059996453,0.0 -49.7957351,-10.9999773996453,0.0 -49.7958955,-10.9998208996453,0.0 -49.7960852,-10.9996356996453,0.0 -49.7962748,-10.9994505996453,0.0 -49.7964645,-10.9992654996453,0.0 -49.7966542,-10.9990803996453,0.0 -49.7968326,-10.9988817996453,0.0 -49.797011,-10.9986830996453,0.0 -49.7971002,-10.9985837996453,0.0 -49.7971893,-10.9984843996453,0.0 -49.7973677,-10.9982857996453,0.0 -49.7975461,-10.9980870996453,0.0 -49.7977245,-10.9978884996453,0.0 -49.7978293,-10.9976833996453,0.0 -49.7978343,-10.9976735996454,0.0 -49.7979442,-10.9974586996454,0.0 -49.798054,-10.9972437996454,0.0 -49.7981638,-10.9970288996454,0.0 -49.7982737,-10.9968139996454,0.0 -49.7983835,-10.9965991996454,0.0 -49.7984421,-10.9964064996454,0.0 -49.7985008,-10.9962137996454,0.0 -49.7985393,-10.9960871996454,0.0 -49.7985798,-10.9959539996454,0.0 -49.7985145,-10.9957311996454,0.0 -49.7984501,-10.9955115996454,0.0 -49.7984491,-10.9955082996454,0.0 -49.7983838,-10.9952854996454,0.0 -49.7983184,-10.9950626996454,0.0 -49.798253,-10.9948397996454,0.0 -49.7982216,-10.9947323996454,0.0 -49.7981688,-10.9946053996454,0.0 -49.798116,-10.9944783996454,0.0 -49.7980105,-10.9942243996455,0.0 -49.797905,-10.9939703996455,0.0 -49.7977995,-10.9937163996455,0.0 -49.797694,-10.9934623996455,0.0 -49.7976303,-10.9932387996455,0.0 -49.7975667,-10.9930152996455,0.0 -49.797503,-10.9927917996455,0.0 -49.797322,-10.9926354996455,0.0 -49.797141,-10.9924792996455,0.0 -49.7969601,-10.9923230996455,0.0 -49.7967791,-10.9921668996455,0.0 -49.796598,-10.9920524996455,0.0 -49.7964168,-10.9919381996455,0.0 -49.7962357,-10.9918237996455,0.0 -49.7960545,-10.9917093996455,0.0 -49.7958453,-10.9915570996455,0.0 -49.7956361,-10.9914046996455,0.0 -49.7954268,-10.9912523996455,0.0 -49.7952454,-10.9910444996456,0.0 -49.7950951,-10.9908723996456,0.0 -49.7949448,-10.9907001996456,0.0 -49.7948002,-10.9905321996456,0.0 -49.7946556,-10.9903640996456,0.0 -49.794511,-10.9901960996456,0.0 -49.7943909,-10.9899483996456,0.0 -49.7942709,-10.9897006996456,0.0 -49.7941508,-10.9894529996456,0.0 -49.7940873,-10.9891895996456,0.0 -49.7940238,-10.9889261996456,0.0 -49.7939603,-10.9886627996456,0.0 -49.7939533,-10.9883995996456,0.0 -49.7939463,-10.9881363996456,0.0 -49.7939393,-10.9878731996457,0.0 -49.7940247,-10.9877005996457,0.0 -49.7941102,-10.9875279996457,0.0 -49.79424,-10.9873530996457,0.0 -49.7943699,-10.9871780996457,0.0 -49.7944997,-10.9870031996457,0.0 -49.7947001,-10.9868544996457,0.0 -49.7949005,-10.9867056996457,0.0 -49.7949701,-10.9865318996457,0.0 -49.7950398,-10.9863580996457,0.0 -49.7951094,-10.9861843996457,0.0 -49.7951206,-10.9861563996457,0.0 -49.7951699,-10.9859411996457,0.0 -49.7952192,-10.9857260996457,0.0 -49.7952685,-10.9855109996457,0.0 -49.7951543,-10.9853190996457,0.0 -49.7950401,-10.9851272996457,0.0 -49.7948501,-10.9850060996457,0.0 -49.7946602,-10.9848848996457,0.0 -49.7944363,-10.9847420996457,0.0 -49.7942392,-10.9845817996458,0.0 -49.7940421,-10.9844215996458,0.0 -49.793845,-10.9842612996458,0.0 -49.7936973,-10.9841021996458,0.0 -49.7935497,-10.9839430996458,0.0 -49.793402,-10.9837840996458,0.0 -49.7932544,-10.9836249996458,0.0 -49.793122,-10.9834369996458,0.0 -49.7929895,-10.9832490996458,0.0 -49.7928571,-10.9830611996458,0.0 -49.7927308,-10.9828632996458,0.0 -49.7926045,-10.9826653996458,0.0 -49.7925873,-10.9824320996458,0.0 -49.7925701,-10.9821987996458,0.0 -49.7926375,-10.9819896996458,0.0 -49.792705,-10.9817805996458,0.0 -49.792869,-10.9816317996458,0.0 -49.793033,-10.9814828996458,0.0 -49.7932312,-10.9813719996459,0.0 -49.7934294,-10.9812611996459,0.0 -49.7936276,-10.9811502996459,0.0 -49.793831,-10.9810045996459,0.0 -49.7940344,-10.9808588996459,0.0 -49.7942377,-10.9807130996459,0.0 -49.7944411,-10.9805673996459,0.0 -49.7945991,-10.9804084996459,0.0 -49.7947572,-10.9802496996459,0.0 -49.7949152,-10.9800907996459,0.0 -49.7950734,-10.9798959996459,0.0 -49.7952315,-10.9797012996459,0.0 -49.7953897,-10.9795064996459,0.0 -49.7954794,-10.9792875996459,0.0 -49.7955691,-10.9790685996459,0.0 -49.7956587,-10.9788496996459,0.0 -49.7957163,-10.9785946996459,0.0 -49.7957738,-10.9783397996459,0.0 -49.7958313,-10.978084799646,0.0 -49.7958318,-10.978076799646,0.0 -49.7958446,-10.977864199646,0.0 -49.7958574,-10.977651599646,0.0 -49.7958702,-10.977438999646,0.0 -49.795847,-10.977193699646,0.0 -49.7958238,-10.976948399646,0.0 -49.795764,-10.976768699646,0.0 -49.7957042,-10.976588999646,0.0 -49.7956444,-10.976409399646,0.0 -49.7955321,-10.976249399646,0.0 -49.7954197,-10.976089499646,0.0 -49.7953074,-10.975929599646,0.0 -49.795187,-10.975749599646,0.0 -49.7950667,-10.975569699646,0.0 -49.7949625,-10.975397899646,0.0 -49.7948582,-10.975225999646,0.0 -49.794754,-10.975054099646,0.0 -49.7946424,-10.974969999646,0.0 -49.7945307,-10.974885799646,0.0 -49.7944191,-10.974801599646,0.0 -49.7943075,-10.9747173996461,0.0 -49.7941023,-10.9745550996461,0.0 -49.7938972,-10.9743927996461,0.0 -49.7937221,-10.9742784996461,0.0 -49.793547,-10.9741641996461,0.0 -49.7933414,-10.9741154996461,0.0 -49.7931358,-10.9740667996461,0.0 -49.7929179,-10.9740719996461,0.0 -49.7926999,-10.9740770996461,0.0 -49.7924701,-10.9740402996461,0.0 -49.7922402,-10.9740034996461,0.0 -49.7919923,-10.9739366996461,0.0 -49.7917444,-10.9738698996461,0.0 -49.7915026,-10.9737851996461,0.0 -49.7912608,-10.9737004996461,0.0 -49.791019,-10.9736157996461,0.0 -49.7908016,-10.9735112996461,0.0 -49.7905841,-10.9734067996461,0.0 -49.7903666,-10.9733021996461,0.0 -49.7901728,-10.9731974996461,0.0 -49.789979,-10.9730927996461,0.0 -49.7897853,-10.9729880996461,0.0 -49.7895915,-10.9728833996461,0.0 -49.7894968,-10.9728322996461,0.0 -49.7893199,-10.9726799996461,0.0 -49.789143,-10.9725277996461,0.0 -49.788966,-10.9723755996461,0.0 -49.7888397,-10.9721926996461,0.0 -49.7887133,-10.9720097996461,0.0 -49.7885869,-10.9718267996461,0.0 -49.7884606,-10.9716438996461,0.0 -49.7883239,-10.9714997996462,0.0 -49.7881873,-10.9713556996462,0.0 -49.7880507,-10.9712115996462,0.0 -49.7879064,-10.9709837996462,0.0 -49.787762,-10.9707558996462,0.0 -49.7877263,-10.9706181996462,0.0 -49.7876905,-10.9704804996462,0.0 -49.7877197,-10.9702533996462,0.0 -49.7877489,-10.9700261996462,0.0 -49.787778,-10.9697989996462,0.0 -49.7877909,-10.9695996996462,0.0 -49.7878039,-10.9694003996462,0.0 -49.7878168,-10.9692010996462,0.0 -49.7878258,-10.9689618996462,0.0 -49.7878349,-10.9687226996462,0.0 -49.7878439,-10.9684834996462,0.0 -49.7878448,-10.9682621996463,0.0 -49.7878457,-10.9680408996463,0.0 -49.7878748,-10.9678336996463,0.0 -49.7879039,-10.9676263996463,0.0 -49.787933,-10.9674191996463,0.0 -49.7879421,-10.9671680996463,0.0 -49.7879512,-10.9669168996463,0.0 -49.7879603,-10.9666656996463,0.0 -49.7879369,-10.9664562996463,0.0 -49.7879136,-10.9662468996463,0.0 -49.7878902,-10.9660373996463,0.0 -49.7878668,-10.9658279996463,0.0 -49.7877909,-10.9656941996463,0.0 -49.787715,-10.9655604996463,0.0 -49.7876106,-10.9653764996463,0.0 -49.7875063,-10.9651925996463,0.0 -49.7873405,-10.9650303996464,0.0 -49.7871747,-10.9648682996464,0.0 -49.7870089,-10.9647060996464,0.0 -49.7868431,-10.9645439996464,0.0 -49.7866694,-10.9643901996464,0.0 -49.7864957,-10.9642363996464,0.0 -49.786322,-10.9640825996464,0.0 -49.7861483,-10.9639287996464,0.0 -49.7859746,-10.9637749996464,0.0 -49.7857816,-10.9636066996464,0.0 -49.7855886,-10.9634384996464,0.0 -49.7853956,-10.9632702996464,0.0 -49.7852026,-10.9631019996464,0.0 -49.7850124,-10.9629379996464,0.0 -49.7848221,-10.9627740996464,0.0 -49.7846987,-10.9626675996464,0.0 -49.7845753,-10.9625611996464,0.0 -49.7843519,-10.9624107996464,0.0 -49.7841286,-10.9622603996464,0.0 -49.7839235,-10.9620980996464,0.0 -49.7837183,-10.9619357996464,0.0 -49.7836587,-10.9617122996465,0.0 -49.7835991,-10.9614886996465,0.0 -49.7835395,-10.9612651996465,0.0 -49.783489,-10.9610227996465,0.0 -49.7834386,-10.9607802996465,0.0 -49.7833881,-10.9605378996465,0.0 -49.7833377,-10.9602954996465,0.0 -49.7833294,-10.9602637996465,0.0 -49.7832725,-10.9600467996465,0.0 -49.7832157,-10.9598298996465,0.0 -49.7831589,-10.9596128996465,0.0 -49.7831073,-10.9593893996465,0.0 -49.7830558,-10.9591658996465,0.0 -49.7830042,-10.9589423996465,0.0 -49.7829323,-10.9587706996465,0.0 -49.7828604,-10.9585989996465,0.0 -49.7827884,-10.9584271996466,0.0 -49.7826802,-10.9582473996466,0.0 -49.782572,-10.9580674996466,0.0 -49.7824576,-10.9579114996466,0.0 -49.7823433,-10.9577555996466,0.0 -49.7822411,-10.9575756996466,0.0 -49.782139,-10.9573958996466,0.0 -49.782079,-10.9572640996466,0.0 -49.782019,-10.9571321996466,0.0 -49.7819652,-10.9569645996466,0.0 -49.7819114,-10.9567968996466,0.0 -49.7819851,-10.9565339996466,0.0 -49.782119,-10.9563670996466,0.0 -49.7822528,-10.9562000996466,0.0 -49.7824592,-10.9560513996466,0.0 -49.7826656,-10.9559026996466,0.0 -49.782842,-10.9557000996466,0.0 -49.7830183,-10.9554973996466,0.0 -49.7831704,-10.9553066996466,0.0 -49.7833225,-10.9551158996466,0.0 -49.7833657,-10.9549246996467,0.0 -49.7834088,-10.9547333996467,0.0 -49.7834039,-10.9544642996467,0.0 -49.7833989,-10.9541950996467,0.0 -49.7834039,-10.9539802996467,0.0 -49.7834087,-10.9537706996467,0.0 -49.7834136,-10.9535611996467,0.0 -49.783362,-10.9533535996467,0.0 -49.7833104,-10.9531460996467,0.0 -49.7832588,-10.9529384996467,0.0 -49.7831507,-10.9527227996467,0.0 -49.7830426,-10.9525069996467,0.0 -49.78288,-10.9523149996467,0.0 -49.7827174,-10.9521229996467,0.0 -49.7825728,-10.9519488996468,0.0 -49.7824283,-10.9517748996468,0.0 -49.7822837,-10.9516008996468,0.0 -49.7821392,-10.9514268996468,0.0 -49.7819156,-10.9513302996468,0.0 -49.781692,-10.9512336996468,0.0 -49.7815414,-10.9510595996468,0.0 -49.7813908,-10.9508855996468,0.0 -49.7812584,-10.9507115996468,0.0 -49.7811259,-10.9505375996468,0.0 -49.7810178,-10.9503457996468,0.0 -49.7809096,-10.9501539996468,0.0 -49.7807043,-10.9500334996468,0.0 -49.7805107,-10.9500207996468,0.0 -49.7803171,-10.9500080996468,0.0 -49.7800951,-10.9500270996468,0.0 -49.7798731,-10.9500461996468,0.0 -49.779651,-10.9500651996468,0.0 -49.7794533,-10.9500723996468,0.0 -49.7792556,-10.9500795996468,0.0 -49.7790578,-10.9500867996468,0.0 -49.7790291,-10.9500865996468,0.0 -49.7787953,-10.9500856996468,0.0 -49.7785615,-10.9500847996468,0.0 -49.7783618,-10.9500659996468,0.0 -49.7781622,-10.9500472996468,0.0 -49.7780292,-10.9500048996468,0.0 -49.7778962,-10.9499624996468,0.0 -49.7777715,-10.9498115996468,0.0 -49.7777276,-10.9497584996468,0.0 -49.7776438,-10.9495307996468,0.0 -49.7776406,-10.9493154996468,0.0 -49.7776375,-10.9491001996468,0.0 -49.7776343,-10.9488848996468,0.0 -49.7776533,-10.9486875996469,0.0 -49.7776723,-10.9484902996469,0.0 -49.7777337,-10.9482751996469,0.0 -49.7777951,-10.9480600996469,0.0 -49.7779408,-10.9479410996469,0.0 -49.7780746,-10.9477980996469,0.0 -49.7780994,-10.9476545996469,0.0 -49.7780394,-10.9475108996469,0.0 -49.777895,-10.9473068996469,0.0 -49.7777503,-10.9471806996469,0.0 -49.7776055,-10.9470545996469,0.0 -49.7775699,-10.9468749996469,0.0 -49.7775344,-10.9466953996469,0.0 -49.7775775,-10.9465041996469,0.0 -49.7776207,-10.9463129996469,0.0 -49.7776879,-10.9461576996469,0.0 -49.7777551,-10.9460024996469,0.0 -49.7778888,-10.9458773996469,0.0 -49.7780224,-10.9457523996469,0.0 -49.7781963,-10.9456732996469,0.0 -49.7783701,-10.9455942996469,0.0 -49.7785439,-10.9455151996469,0.0 -49.7787863,-10.945450399647,0.0 -49.7790286,-10.945385599647,0.0 -49.7791381,-10.945260399647,0.0 -49.7792476,-10.945135299647,0.0 -49.7793329,-10.944974099647,0.0 -49.7794183,-10.944812999647,0.0 -49.7794011,-10.944591599647,0.0 -49.7793838,-10.944370199647,0.0 -49.7793443,-10.944170699647,0.0 -49.7793048,-10.943971199647,0.0 -49.7792652,-10.943771699647,0.0 -49.7792256,-10.943588099647,0.0 -49.779186,-10.943404499647,0.0 -49.7791464,-10.943220899647,0.0 -49.7790827,-10.943025299647,0.0 -49.7790189,-10.942829699647,0.0 -49.7789552,-10.942633999647,0.0 -49.778859,-10.942466199647,0.0 -49.7787629,-10.942298299647,0.0 -49.7787697,-10.9421188996471,0.0 -49.7787764,-10.9419394996471,0.0 -49.7788075,-10.9417422996471,0.0 -49.7788386,-10.9415449996471,0.0 -49.7789479,-10.9414556996471,0.0 -49.7790572,-10.9413664996471,0.0 -49.7792025,-10.9413669996471,0.0 -49.7793837,-10.9414514996471,0.0 -49.7795162,-10.9416074996471,0.0 -49.779673,-10.9417516996471,0.0 -49.779939,-10.9418244996471,0.0 -49.7800843,-10.9418131996471,0.0 -49.7802296,-10.9418017996471,0.0 -49.7803449,-10.9417184996471,0.0 -49.7804603,-10.9416351996471,0.0 -49.7804977,-10.9413721996471,0.0 -49.7805955,-10.9411333996471,0.0 -49.7808257,-10.9410624996471,0.0 -49.7810376,-10.9410692996471,0.0 -49.7812494,-10.9410761996471,0.0 -49.7814128,-10.9410588996471,0.0 -49.7815763,-10.9410415996471,0.0 -49.7816618,-10.9408684996471,0.0 -49.7817472,-10.9406953996471,0.0 -49.7818691,-10.9404924996471,0.0 -49.781991,-10.9402895996471,0.0 -49.782125,-10.9400628996471,0.0 -49.782138,-10.9398655996471,0.0 -49.7821509,-10.9396681996471,0.0 -49.7821398,-10.9394169996471,0.0 -49.7823099,-10.9392501996471,0.0 -49.7824738,-10.9391431996471,0.0 -49.7826376,-10.9390361996471,0.0 -49.782729,-10.9388989996471,0.0 -49.7828203,-10.9387617996472,0.0 -49.7829237,-10.9386365996472,0.0 -49.7830271,-10.9385113996472,0.0 -49.7830399,-10.9383439996472,0.0 -49.7830527,-10.9381765996472,0.0 -49.7829927,-10.9380506996472,0.0 -49.7829327,-10.9379248996472,0.0 -49.7828851,-10.9377272996472,0.0 -49.7828375,-10.9375297996472,0.0 -49.7826663,-10.9373567996472,0.0 -49.7825115,-10.9373179996472,0.0 -49.7823567,-10.9372790996472,0.0 -49.7820954,-10.9372396996472,0.0 -49.7818439,-10.9371716996472,0.0 -49.7817183,-10.9370994996472,0.0 -49.7815927,-10.9370271996472,0.0 -49.7815449,-10.9368834996472,0.0 -49.7814971,-10.9367396996472,0.0 -49.7814736,-10.9365625996472,0.0 -49.7814501,-10.9363854996472,0.0 -49.7814317,-10.9361556996472,0.0 -49.7814132,-10.9359259996472,0.0 -49.781443,-10.9357442996472,0.0 -49.7814728,-10.9355625996473,0.0 -49.7816287,-10.9353430996473,0.0 -49.7817747,-10.9351618996473,0.0 -49.7818433,-10.9349419996473,0.0 -49.7818442,-10.9347218996473,0.0 -49.7818348,-10.9347086996473,0.0 -49.7817479,-10.9345875996473,0.0 -49.7815893,-10.9345329996473,0.0 -49.7814385,-10.9344810996473,0.0 -49.7812403,-10.9344084996473,0.0 -49.7810421,-10.9343358996473,0.0 -49.7809117,-10.9342348996473,0.0 -49.7807814,-10.9341338996473,0.0 -49.7806658,-10.9339898996473,0.0 -49.7805502,-10.9338458996473,0.0 -49.7805433,-10.9337840996473,0.0 -49.7805128,-10.9335107996473,0.0 -49.7804605,-10.9332952996473,0.0 -49.7804081,-10.9330797996473,0.0 -49.7803457,-10.9329311996473,0.0 -49.7802834,-10.9327825996473,0.0 -49.7800905,-10.9325999996473,0.0 -49.7799212,-10.9325562996473,0.0 -49.7797519,-10.9325125996473,0.0 -49.7796067,-10.9324928996473,0.0 -49.7794616,-10.9324730996473,0.0 -49.7792972,-10.9324197996474,0.0 -49.7791328,-10.9323665996474,0.0 -49.7789831,-10.9322702996474,0.0 -49.7788334,-10.9321739996474,0.0 -49.7786741,-10.9320345996474,0.0 -49.7785149,-10.9318951996474,0.0 -49.7783992,-10.9317941996474,0.0 -49.7782834,-10.9316932996474,0.0 -49.7780613,-10.9315392996474,0.0 -49.7778386,-10.9315192996474,0.0 -49.7776497,-10.9315375996474,0.0 -49.7774608,-10.9315559996474,0.0 -49.7772139,-10.9315454996474,0.0 -49.776967,-10.9315348996474,0.0 -49.7767253,-10.9314525996474,0.0 -49.7764835,-10.9313702996474,0.0 -49.7762838,-10.9312737996474,0.0 -49.7760841,-10.9311772996474,0.0 -49.7758844,-10.9310807996474,0.0 -49.7756768,-10.9309172996474,0.0 -49.7754693,-10.9307537996474,0.0 -49.775257,-10.9305854996474,0.0 -49.7750446,-10.9304170996474,0.0 -49.7748369,-10.9302966996474,0.0 -49.7746292,-10.9301761996474,0.0 -49.7744407,-10.9301084996474,0.0 -49.7742521,-10.9300407996474,0.0 -49.774073,-10.9300208996474,0.0 -49.773894,-10.9300009996474,0.0 -49.773779,-10.9299910996474,0.0 -49.7735455,-10.9299708996474,0.0 -49.773323,-10.9299173996474,0.0 -49.7731005,-10.9298638996474,0.0 -49.7729266,-10.9297722996474,0.0 -49.7727527,-10.9296806996474,0.0 -49.7726223,-10.9295987996474,0.0 -49.7724919,-10.9295168996474,0.0 -49.7723907,-10.9293872996474,0.0 -49.7722896,-10.9292576996474,0.0 -49.7721933,-10.9291328996474,0.0 -49.7720969,-10.9290081996475,0.0 -49.7719138,-10.9288064996475,0.0 -49.7717692,-10.9287321996475,0.0 -49.7716246,-10.9286579996475,0.0 -49.7715756,-10.9286327996475,0.0 -49.7714162,-10.9285316996475,0.0 -49.7712569,-10.9284305996475,0.0 -49.7710734,-10.9282958996475,0.0 -49.77089,-10.9281611996475,0.0 -49.770721,-10.9280599996475,0.0 -49.7705519,-10.9279588996475,0.0 -49.7704653,-10.9278388996475,0.0 -49.7703786,-10.9277188996475,0.0 -49.7703312,-10.9274603996475,0.0 -49.7703173,-10.9273119996475,0.0 -49.7703034,-10.9271635996475,0.0 -49.7703331,-10.9270057996475,0.0 -49.7703628,-10.9268479996475,0.0 -49.7704505,-10.9267287996475,0.0 -49.7705381,-10.9266094996475,0.0 -49.7707035,-10.9264187996475,0.0 -49.7708106,-10.9262756996475,0.0 -49.7709177,-10.9261324996475,0.0 -49.7710199,-10.9259989996475,0.0 -49.7711222,-10.9258653996475,0.0 -49.7711375,-10.9258187996475,0.0 -49.7712006,-10.9256264996476,0.0 -49.7712111,-10.9254255996476,0.0 -49.7711488,-10.9252721996476,0.0 -49.7710865,-10.9251187996476,0.0 -49.7709968,-10.9249525996476,0.0 -49.7709071,-10.9247863996476,0.0 -49.7708174,-10.9246200996476,0.0 -49.7706828,-10.9243946996476,0.0 -49.7705481,-10.9241692996476,0.0 -49.7704391,-10.9239901996476,0.0 -49.7703301,-10.9238111996476,0.0 -49.7702211,-10.9236320996476,0.0 -49.7701685,-10.9234739996476,0.0 -49.7701159,-10.9233158996476,0.0 -49.7700827,-10.9231529996476,0.0 -49.7700495,-10.9229901996476,0.0 -49.7699307,-10.9228365996476,0.0 -49.7698119,-10.9226830996476,0.0 -49.7696931,-10.9225294996477,0.0 -49.7695,-10.9223818996477,0.0 -49.769307,-10.9222343996477,0.0 -49.7691139,-10.9220868996477,0.0 -49.7689176,-10.9219553996477,0.0 -49.7687212,-10.9218237996477,0.0 -49.7685249,-10.9216921996477,0.0 -49.7683509,-10.9216117996477,0.0 -49.7681769,-10.9215312996477,0.0 -49.768003,-10.9214508996477,0.0 -49.7677901,-10.9214052996477,0.0 -49.7675773,-10.9213597996477,0.0 -49.7673644,-10.9213142996477,0.0 -49.7670934,-10.9212844996477,0.0 -49.7668224,-10.9212546996477,0.0 -49.7666094,-10.9212490996477,0.0 -49.7663964,-10.9212433996477,0.0 -49.7662367,-10.9212331996477,0.0 -49.766077,-10.9212229996477,0.0 -49.7658398,-10.9212076996477,0.0 -49.7656026,-10.9211923996477,0.0 -49.7654625,-10.9211295996477,0.0 -49.7653223,-10.9210667996477,0.0 -49.7650994,-10.9211137996477,0.0 -49.7649922,-10.9212759996477,0.0 -49.7649428,-10.9215246996477,0.0 -49.7648742,-10.9217157996477,0.0 -49.7646798,-10.9218967996477,0.0 -49.7645806,-10.9219249996477,0.0 -49.7644471,-10.9219628996477,0.0 -49.7642053,-10.9218948996477,0.0 -49.7640803,-10.9216838996477,0.0 -49.7639907,-10.9214920996477,0.0 -49.7639012,-10.9213002996477,0.0 -49.7638116,-10.9211085996477,0.0 -49.7637203,-10.9209407996477,0.0 -49.763629,-10.9207728996477,0.0 -49.7634976,-10.9205710996477,0.0 -49.7633853,-10.9203985996477,0.0 -49.763273,-10.9202259996477,0.0 -49.7631542,-10.9200659996477,0.0 -49.7630354,-10.9199060996477,0.0 -49.7629167,-10.9197460996477,0.0 -49.7627784,-10.9196178996477,0.0 -49.7626402,-10.9194897996477,0.0 -49.7625019,-10.9193615996477,0.0 -49.7623137,-10.9192125996478,0.0 -49.7621255,-10.9190634996478,0.0 -49.7619228,-10.9188999996478,0.0 -49.76172,-10.9187842996478,0.0 -49.7615171,-10.9186685996478,0.0 -49.761416,-10.9185198996478,0.0 -49.761315,-10.9183711996478,0.0 -49.7613119,-10.9182265996478,0.0 -49.7613088,-10.9180819996478,0.0 -49.7613038,-10.9178484996478,0.0 -49.7612987,-10.9176150996478,0.0 -49.761406,-10.9174384996478,0.0 -49.7615132,-10.9172618996478,0.0 -49.7616155,-10.9171282996478,0.0 -49.7617177,-10.9169947996478,0.0 -49.7617571,-10.9168322996478,0.0 -49.7617965,-10.9166696996478,0.0 -49.7617827,-10.9164830996478,0.0 -49.761769,-10.9162963996478,0.0 -49.7616922,-10.9161333996478,0.0 -49.7615478,-10.9159222996479,0.0 -49.7614416,-10.9158567996479,0.0 -49.7613544,-10.9158611996479,0.0 -49.761277,-10.9158608996479,0.0 -49.7612237,-10.9158558996479,0.0 -49.7611948,-10.9158270996479,0.0 -49.7611853,-10.9157887996479,0.0 -49.7611806,-10.9157456996479,0.0 -49.7612149,-10.9156596996479,0.0 -49.7613558,-10.9155406996479,0.0 -49.7615208,-10.9154264996479,0.0 -49.76171,-10.9153363996479,0.0 -49.7619138,-10.9152222996479,0.0 -49.7620095,-10.9150593996479,0.0 -49.7621052,-10.9148965996479,0.0 -49.7621603,-10.9147388996479,0.0 -49.7622155,-10.9145811996479,0.0 -49.7622998,-10.9143841996479,0.0 -49.7623841,-10.9141870996479,0.0 -49.7624722,-10.9139649996479,0.0 -49.7623858,-10.9137851996479,0.0 -49.7621684,-10.9136766996479,0.0 -49.7620452,-10.9136115996479,0.0 -49.761784,-10.9135530996479,0.0 -49.7616323,-10.9133658996479,0.0 -49.7616188,-10.9131146996479,0.0 -49.7616848,-10.9129569996479,0.0 -49.7617508,-10.9127993996479,0.0 -49.7618894,-10.912642099648,0.0 -49.7620281,-10.912484699648,0.0 -49.7621994,-10.912320299648,0.0 -49.7623707,-10.912155999648,0.0 -49.7624984,-10.912027299648,0.0 -49.762626,-10.911898599648,0.0 -49.762772,-10.911716199648,0.0 -49.762918,-10.911533699648,0.0 -49.763082,-10.911387299648,0.0 -49.763246,-10.911240799648,0.0 -49.7634027,-10.911105099648,0.0 -49.7635594,-10.910969299648,0.0 -49.7636435,-10.910826099648,0.0 -49.7637276,-10.910682899648,0.0 -49.763808,-10.910546899648,0.0 -49.7637404,-10.910503599648,0.0 -49.7636339,-10.910507899648,0.0 -49.7635419,-10.910502799648,0.0 -49.7635326,-10.910426199648,0.0 -49.7636151,-10.910364299648,0.0 -49.7637124,-10.910264199648,0.0 -49.7638703,-10.910118899648,0.0 -49.7640283,-10.909973599648,0.0 -49.7641184,-10.909839999648,0.0 -49.7642085,-10.909706399648,0.0 -49.7643421,-10.9095848996481,0.0 -49.7644758,-10.909463399648,0.0 -49.7645594,-10.9094278996481,0.0 -49.7646621,-10.909470199648,0.0 -49.7647041,-10.9095779996481,0.0 -49.7647399,-10.909697799648,0.0 -49.76477,-10.909739799648,0.0 -49.7648002,-10.909757799648,0.0 -49.7648546,-10.909763999648,0.0 -49.7649152,-10.909746299648,0.0 -49.7649759,-10.909704699648,0.0 -49.7650124,-10.909662999648,0.0 -49.7650247,-10.909609199648,0.0 -49.7650374,-10.9094656996481,0.0 -49.7650441,-10.9093101996481,0.0 -49.7649543,-10.9090765996481,0.0 -49.7649127,-10.9088820996481,0.0 -49.7648711,-10.9086874996481,0.0 -49.7648257,-10.9084595996481,0.0 -49.7647802,-10.9082317996481,0.0 -49.7647348,-10.9080038996481,0.0 -49.7647197,-10.9078158996481,0.0 -49.7647046,-10.9076279996481,0.0 -49.7646896,-10.9074399996481,0.0 -49.7646887,-10.9074295996481,0.0 -49.7646992,-10.9072429996481,0.0 -49.7647096,-10.9070563996481,0.0 -49.7647441,-10.9069177996481,0.0 -49.7647786,-10.9067791996481,0.0 -49.7647311,-10.9065492996481,0.0 -49.7646251,-10.9064244996481,0.0 -49.7645191,-10.9062996996481,0.0 -49.764326,-10.9061600996482,0.0 -49.764133,-10.9060205996482,0.0 -49.76394,-10.9058618996482,0.0 -49.763747,-10.9057031996482,0.0 -49.7636118,-10.9056069996482,0.0 -49.7634766,-10.9055107996482,0.0 -49.7633329,-10.9054512996482,0.0 -49.7631891,-10.9053917996482,0.0 -49.7630198,-10.9053455996482,0.0 -49.7628506,-10.9052994996482,0.0 -49.76273,-10.9051937996482,0.0 -49.7626094,-10.9050879996482,0.0 -49.7624794,-10.9049056996482,0.0 -49.7624172,-10.9046656996482,0.0 -49.7622051,-10.9045145996482,0.0 -49.762193,-10.9045144996482,0.0 -49.7620601,-10.9044421996482,0.0 -49.7619272,-10.9043818996482,0.0 -49.7617823,-10.9043094996482,0.0 -49.7616494,-10.9042491996482,0.0 -49.7615165,-10.9041887996482,0.0 -49.7613958,-10.9041165996482,0.0 -49.7612629,-10.9040681996482,0.0 -49.7611299,-10.9040317996482,0.0 -49.760997,-10.9039713996482,0.0 -49.7608763,-10.9038991996482,0.0 -49.7607677,-10.9038149996482,0.0 -49.7606591,-10.9037307996482,0.0 -49.760587,-10.9035988996482,0.0 -49.7605513,-10.9034671996482,0.0 -49.7605034,-10.9033353996482,0.0 -49.7604434,-10.9032035996482,0.0 -49.7603714,-10.9030716996482,0.0 -49.7602993,-10.9029398996483,0.0 -49.7602151,-10.9028198996483,0.0 -49.7601308,-10.9026998996483,0.0 -49.7600466,-10.9025799996483,0.0 -49.7599259,-10.9024957996483,0.0 -49.7598052,-10.9024114996483,0.0 -49.7596967,-10.9023273996483,0.0 -49.7595881,-10.9022431996483,0.0 -49.7594552,-10.9021708996483,0.0 -49.7593345,-10.9020985996483,0.0 -49.7592138,-10.9020263996483,0.0 -49.75907,-10.9019399996483,0.0 -49.7589262,-10.9018536996483,0.0 -49.758714,-10.9017489996483,0.0 -49.7585753,-10.9016347996483,0.0 -49.7584247,-10.9014606996483,0.0 -49.7583738,-10.9013258996483,0.0 -49.758323,-10.9011910996483,0.0 -49.7582656,-10.9010288996483,0.0 -49.7582082,-10.9008665996483,0.0 -49.7581091,-10.9009940996483,0.0 -49.75801,-10.9011216996483,0.0 -49.7578177,-10.9012783996483,0.0 -49.7576255,-10.9014350996483,0.0 -49.7574332,-10.9015918996483,0.0 -49.7573078,-10.9016540996483,0.0 -49.7571825,-10.9017163996483,0.0 -49.7570572,-10.9017786996483,0.0 -49.7569319,-10.9018409996483,0.0 -49.7568065,-10.9019032996483,0.0 -49.7566812,-10.9019655996483,0.0 -49.7564813,-10.9020245996483,0.0 -49.7562813,-10.9020835996483,0.0 -49.7560814,-10.9021425996483,0.0 -49.7558876,-10.9021816996483,0.0 -49.7556938,-10.9022207996483,0.0 -49.7554999,-10.9022598996483,0.0 -49.7552517,-10.9022916996483,0.0 -49.7550035,-10.9023235996483,0.0 -49.7547754,-10.9023445996483,0.0 -49.7545474,-10.9023655996483,0.0 -49.7543194,-10.9023865996483,0.0 -49.754171,-10.9024039996483,0.0 -49.7540227,-10.9024212996483,0.0 -49.7537744,-10.9024561996483,0.0 -49.7535944,-10.9024628996483,0.0 -49.7534143,-10.9024696996483,0.0 -49.7532572,-10.9024869996483,0.0 -49.7531001,-10.9025042996483,0.0 -49.7529889,-10.9025153996483,0.0 -49.7528527,-10.9025456996483,0.0 -49.7527896,-10.9025764996483,0.0 -49.7527339,-10.9026001996483,0.0 -49.7526369,-10.9026404996483,0.0 -49.7524235,-10.9027031996483,0.0 -49.7523593,-10.9027043996483,0.0 -49.7522951,-10.9027100996483,0.0 -49.7522151,-10.9027228996483,0.0 -49.752099,-10.9027510996483,0.0 -49.7519536,-10.9027743996483,0.0 -49.7518083,-10.9027857996483,0.0 -49.7516631,-10.9027851996483,0.0 -49.7515179,-10.9027845996483,0.0 -49.7515027,-10.9027844996483,0.0 -49.751317,-10.9027355996483,0.0 -49.7510676,-10.9026297996483,0.0 -49.7509256,-10.9025445996483,0.0 -49.7507544,-10.9025036996483,0.0 -49.7505108,-10.9024093996483,0.0 -49.7503382,-10.9023497996483,0.0 -49.7502004,-10.9023291996483,0.0 -49.7501104,-10.9023100996483,0.0 -49.7500005,-10.9022969996483,0.0 -49.7498307,-10.9022964996483,0.0 -49.7496141,-10.9022267996483,0.0 -49.7493975,-10.9021569996483,0.0 -49.7491656,-10.9020488996483,0.0 -49.749128,-10.9020412996483,0.0 -49.748992,-10.9020137996483,0.0 -49.748856,-10.9019862996483,0.0 -49.7486856,-10.9019702996483,0.0 -49.7485153,-10.9019542996483,0.0 -49.748337,-10.9019918996483,0.0 -49.7481587,-10.9020293996483,0.0 -49.7480191,-10.9020747996483,0.0 -49.7478794,-10.9021201996483,0.0 -49.7477474,-10.9021961996483,0.0 -49.7476154,-10.9022721996483,0.0 -49.747599,-10.9025017996483,0.0 -49.7475825,-10.9027313996483,0.0 -49.7473808,-10.9028147996483,0.0 -49.747179,-10.9028981996483,0.0 -49.7470546,-10.9030124996483,0.0 -49.7469302,-10.9031267996483,0.0 -49.7467748,-10.9032486996482,0.0 -49.7466194,-10.9033704996482,0.0 -49.7464719,-10.9034464996482,0.0 -49.7463244,-10.9035223996482,0.0 -49.7461265,-10.9035505996482,0.0 -49.7459286,-10.9035786996482,0.0 -49.7459058,-10.9035819996482,0.0 -49.745743,-10.9035361996482,0.0 -49.745519,-10.9034731996482,0.0 -49.7452715,-10.9033802996482,0.0 -49.7450906,-10.9034254996482,0.0 -49.7449096,-10.9034706996482,0.0 -49.7447287,-10.9035158996482,0.0 -49.7445271,-10.9035686996482,0.0 -49.7443255,-10.9036213996482,0.0 -49.7441853,-10.9037892996482,0.0 -49.7440298,-10.9039416996482,0.0 -49.7438742,-10.9040941996482,0.0 -49.7436621,-10.9041902996482,0.0 -49.74345,-10.9042863996482,0.0 -49.7432378,-10.9043824996482,0.0 -49.743075,-10.9044219996482,0.0 -49.7429122,-10.9044615996482,0.0 -49.7426796,-10.9045179996482,0.0 -49.742424,-10.9045016996482,0.0 -49.7421685,-10.9044852996482,0.0 -49.7419772,-10.9044253996482,0.0 -49.7417859,-10.9043653996482,0.0 -49.7416734,-10.9043301996482,0.0 -49.741418,-10.9042601996482,0.0 -49.7411627,-10.9041902996482,0.0 -49.7409538,-10.9041281996482,0.0 -49.740745,-10.9040660996482,0.0 -49.7405516,-10.9040039996482,0.0 -49.7403582,-10.9039419996482,0.0 -49.7401104,-10.9039102996482,0.0 -49.7398627,-10.9038786996482,0.0 -49.7396458,-10.9038777996482,0.0 -49.7394289,-10.9038768996482,0.0 -49.7391966,-10.9038759996482,0.0 -49.7389642,-10.9038749996482,0.0 -49.7387318,-10.9038740996482,0.0 -49.738581,-10.9038733996482,0.0 -49.7384301,-10.9038727996482,0.0 -49.738298,-10.9038722996482,0.0 -49.7381275,-10.9039097996482,0.0 -49.7379569,-10.9039473996482,0.0 -49.7378094,-10.9040233996482,0.0 -49.7376619,-10.9040992996482,0.0 -49.7374447,-10.9041825996482,0.0 -49.7372274,-10.9042658996482,0.0 -49.73701,-10.9043925996482,0.0 -49.7367926,-10.9045192996482,0.0 -49.7365752,-10.9046459996482,0.0 -49.7364042,-10.9047754996482,0.0 -49.7362332,-10.9049048996482,0.0 -49.7360315,-10.9049805996482,0.0 -49.7358298,-10.9050563996482,0.0 -49.7356281,-10.9051320996482,0.0 -49.7354264,-10.9052077996482,0.0 -49.7351988,-10.9052833996482,0.0 -49.7349713,-10.9053589996482,0.0 -49.7347438,-10.9054346996482,0.0 -49.7344956,-10.9055024996482,0.0 -49.7342474,-10.9055703996482,0.0 -49.7340042,-10.9056918996482,0.0 -49.733761,-10.9058133996482,0.0 -49.7335178,-10.9059348996482,0.0 -49.733393,-10.9061384996482,0.0 -49.7332682,-10.9063420996481,0.0 -49.7331434,-10.9065457996481,0.0 -49.7329802,-10.9066598996481,0.0 -49.7328171,-10.9067740996481,0.0 -49.7326385,-10.9068651996481,0.0 -49.73246,-10.9069562996481,0.0 -49.7323051,-10.9069403996481,0.0 -49.7321503,-10.9069243996481,0.0 -49.7319571,-10.9068164996481,0.0 -49.7317639,-10.9067084996481,0.0 -49.7315707,-10.9066081996481,0.0 -49.7313774,-10.9065077996481,0.0 -49.7312539,-10.9064154996481,0.0 -49.7311303,-10.9063230996481,0.0 -49.730983,-10.9063606996481,0.0 -49.7308357,-10.9063983996481,0.0 -49.7306805,-10.9064513996481,0.0 -49.7305254,-10.9065042996481,0.0 -49.7303158,-10.9066105996481,0.0 -49.7301062,-10.9067168996481,0.0 -49.7299202,-10.9067416996481,0.0 -49.7297342,-10.9067663996481,0.0 -49.7295482,-10.9067911996481,0.0 -49.7293851,-10.9068628996481,0.0 -49.7292377,-10.9069276996481,0.0 -49.7290745,-10.9070570996481,0.0 -49.7289113,-10.9071865996481,0.0 -49.728833,-10.9073776996481,0.0 -49.7287548,-10.9075686996481,0.0 -49.7287076,-10.9077292996481,0.0 -49.7286604,-10.9078898996481,0.0 -49.7287223,-10.9079979996481,0.0 -49.7288144,-10.9081587996481,0.0 -49.7289065,-10.9083195996481,0.0 -49.7289678,-10.9084805996481,0.0 -49.7290291,-10.9086416996481,0.0 -49.7290826,-10.9087949996481,0.0 -49.7291362,-10.9089482996481,0.0 -49.7290114,-10.9091621996481,0.0 -49.7288865,-10.9093759996481,0.0 -49.7288162,-10.9095211996481,0.0 -49.7287458,-10.909666299648,0.0 -49.7287452,-10.909827099648,0.0 -49.7287445,-10.909987899648,0.0 -49.7286507,-10.910186499648,0.0 -49.7285569,-10.910385199648,0.0 -49.728301,-10.910452999648,0.0 -49.7280451,-10.910520799648,0.0 -49.727882,-10.910611999648,0.0 -49.7277189,-10.910703199648,0.0 -49.7276094,-10.910952799648,0.0 -49.7274999,-10.911202499648,0.0 -49.7273904,-10.911452099648,0.0 -49.7273353,-10.911673899648,0.0 -49.7272801,-10.911895699648,0.0 -49.7272249,-10.912117399648,0.0 -49.7271697,-10.912339199648,0.0 -49.7272411,-10.912569199648,0.0 -49.7273124,-10.912799099648,0.0 -49.7273837,-10.9130290996479,0.0 -49.7274371,-10.9132130996479,0.0 -49.7274906,-10.9133969996479,0.0 -49.7274896,-10.9136189996479,0.0 -49.7274887,-10.9138409996479,0.0 -49.727431,-10.9140602996479,0.0 -49.7273732,-10.9142794996479,0.0 -49.7273155,-10.9144986996479,0.0 -49.7273095,-10.9146874996479,0.0 -49.7273035,-10.9148762996479,0.0 -49.7272976,-10.9150650996479,0.0 -49.7272348,-10.9152536996479,0.0 -49.727172,-10.9154422996479,0.0 -49.7271093,-10.9156308996479,0.0 -49.7269225,-10.9158214996479,0.0 -49.7267358,-10.9160120996478,0.0 -49.7265338,-10.9161643996478,0.0 -49.7263317,-10.9163165996478,0.0 -49.7260989,-10.9164074996478,0.0 -49.7258662,-10.9164983996478,0.0 -49.7256334,-10.9165892996478,0.0 -49.7254317,-10.9166573996478,0.0 -49.72523,-10.9167253996478,0.0 -49.7249975,-10.9167397996478,0.0 -49.7247651,-10.9167540996478,0.0 -49.7245326,-10.9167684996478,0.0 -49.7243077,-10.9168287996478,0.0 -49.7240828,-10.9168890996478,0.0 -49.7239118,-10.9170337996478,0.0 -49.7237408,-10.9171785996478,0.0 -49.7235162,-10.9171699996478,0.0 -49.7232916,-10.9171613996478,0.0 -49.7230848,-10.9171961996478,0.0 -49.7228781,-10.9172310996478,0.0 -49.7226714,-10.9172659996478,0.0 -49.7225007,-10.9173341996478,0.0 -49.72233,-10.9174022996478,0.0 -49.7221745,-10.9175241996478,0.0 -49.7220191,-10.9176459996478,0.0 -49.721902,-10.9178445996478,0.0 -49.721785,-10.9180430996478,0.0 -49.7216143,-10.9181189996478,0.0 -49.7214435,-10.9181947996478,0.0 -49.7213424,-10.9182900996478,0.0 -49.7212413,-10.9183853996478,0.0 -49.7211402,-10.9184805996478,0.0 -49.7210391,-10.9185758996478,0.0 -49.7208783,-10.9187384996478,0.0 -49.7207175,-10.9189011996478,0.0 -49.7205567,-10.9190637996478,0.0 -49.7203854,-10.9192697996478,0.0 -49.7202141,-10.9194757996477,0.0 -49.7200947,-10.9196334996477,0.0 -49.7199752,-10.9197911996477,0.0 -49.7198558,-10.9199488996477,0.0 -49.7197774,-10.9201629996477,0.0 -49.719699,-10.9203769996477,0.0 -49.7195689,-10.9206009996477,0.0 -49.7194389,-10.9208249996477,0.0 -49.7193088,-10.9210490996477,0.0 -49.719111,-10.9211581996477,0.0 -49.7189132,-10.9212673996477,0.0 -49.7187154,-10.9213765996477,0.0 -49.7187031,-10.9213833996477,0.0 -49.7184629,-10.9213976996477,0.0 -49.7182227,-10.9214119996477,0.0 -49.7180293,-10.9213498996477,0.0 -49.717836,-10.9212878996477,0.0 -49.7175737,-10.9212199996477,0.0 -49.7173115,-10.9211521996477,0.0 -49.7172943,-10.9211477996477,0.0 -49.7171241,-10.9210934996477,0.0 -49.7169539,-10.9210391996477,0.0 -49.7167374,-10.9209616996477,0.0 -49.7165208,-10.9208842996477,0.0 -49.7162811,-10.9207836996477,0.0 -49.7160414,-10.9206831996477,0.0 -49.7159595,-10.9205092996477,0.0 -49.7158776,-10.9203354996477,0.0 -49.7157957,-10.9201615996477,0.0 -49.7158997,-10.9200037996477,0.0 -49.7160037,-10.9198459996477,0.0 -49.7161076,-10.9196882996477,0.0 -49.7163507,-10.9196024996477,0.0 -49.7165938,-10.9195167996477,0.0 -49.7168369,-10.9194309996477,0.0 -49.7170885,-10.9193757996477,0.0 -49.7173402,-10.9193205996477,0.0 -49.7175918,-10.9192653996478,0.0 -49.7176588,-10.9192507996478,0.0 -49.7178813,-10.9191393996478,0.0 -49.7181039,-10.9190280996478,0.0 -49.7183264,-10.9189166996478,0.0 -49.7184281,-10.9186721996478,0.0 -49.7185299,-10.9184275996478,0.0 -49.7184842,-10.9182436996478,0.0 -49.7184385,-10.9180597996478,0.0 -49.7183928,-10.9178757996478,0.0 -49.7182491,-10.9176710996478,0.0 -49.7181054,-10.9174662996478,0.0 -49.7179617,-10.9172615996478,0.0 -49.7177764,-10.9171178996478,0.0 -49.7175911,-10.9169741996478,0.0 -49.7174058,-10.9168304996478,0.0 -49.7172309,-10.9166766996478,0.0 -49.7170559,-10.9165228996478,0.0 -49.716881,-10.9163689996478,0.0 -49.7166681,-10.9163451996478,0.0 -49.7164552,-10.9163212996478,0.0 -49.7162423,-10.9162973996478,0.0 -49.7160293,-10.9162735996478,0.0 -49.7157608,-10.9162672996478,0.0 -49.7154923,-10.9162610996478,0.0 -49.7152238,-10.9162548996478,0.0 -49.7149994,-10.9161926996478,0.0 -49.7147751,-10.9161304996478,0.0 -49.7146908,-10.9159081996479,0.0 -49.7146066,-10.9156857996479,0.0 -49.7144751,-10.9156239996479,0.0 -49.7143437,-10.9155621996479,0.0 -49.7141739,-10.9154236996479,0.0 -49.7140041,-10.9152851996479,0.0 -49.7137668,-10.9152279996479,0.0 -49.7135295,-10.9151708996479,0.0 -49.7132922,-10.9151137996479,0.0 -49.7130857,-10.9150873996479,0.0 -49.7128793,-10.9150609996479,0.0 -49.7126728,-10.9150345996479,0.0 -49.7124457,-10.9150029996479,0.0 -49.7122186,-10.9149713996479,0.0 -49.7119915,-10.9149398996479,0.0 -49.7117646,-10.9148827996479,0.0 -49.7115376,-10.9148256996479,0.0 -49.7113106,-10.9147685996479,0.0 -49.711221,-10.9147292996479,0.0 -49.7110396,-10.9146495996479,0.0 -49.7108581,-10.9145699996479,0.0 -49.7106766,-10.9144902996479,0.0 -49.7107498,-10.9142966996479,0.0 -49.7108229,-10.9141029996479,0.0 -49.710896,-10.9139093996479,0.0 -49.7110785,-10.9138067996479,0.0 -49.711261,-10.9137042996479,0.0 -49.7114435,-10.9136016996479,0.0 -49.7116259,-10.9134990996479,0.0 -49.7118509,-10.9134196996479,0.0 -49.7120759,-10.9133401996479,0.0 -49.7123009,-10.9132607996479,0.0 -49.7125259,-10.9131812996479,0.0 -49.7127665,-10.9130521996479,0.0 -49.7130072,-10.9129230996479,0.0 -49.7131173,-10.912693299648,0.0 -49.7132342,-10.912449099648,0.0 -49.7133512,-10.912204899648,0.0 -49.7135377,-10.912060199648,0.0 -49.7137242,-10.911915599648,0.0 -49.7139107,-10.911770899648,0.0 -49.7140973,-10.911626199648,0.0 -49.7142013,-10.911447999648,0.0 -49.7143054,-10.911269799648,0.0 -49.7144094,-10.911091599648,0.0 -49.7144259,-10.910867199648,0.0 -49.7144423,-10.910642699648,0.0 -49.7144588,-10.910418199648,0.0 -49.7144906,-10.910234599648,0.0 -49.7145223,-10.910050999648,0.0 -49.7145541,-10.909867399648,0.0 -49.7145549,-10.909673399648,0.0 -49.7145558,-10.9094794996481,0.0 -49.7145566,-10.9092855996481,0.0 -49.7144749,-10.9090708996481,0.0 -49.7143932,-10.9088561996481,0.0 -49.7143115,-10.9086414996481,0.0 -49.7141573,-10.9084672996481,0.0 -49.7140032,-10.9082930996481,0.0 -49.713849,-10.9081189996481,0.0 -49.7136424,-10.9081282996481,0.0 -49.7134358,-10.9081375996481,0.0 -49.7132292,-10.9081469996481,0.0 -49.7130935,-10.9081731996481,0.0 -49.7129578,-10.9081993996481,0.0 -49.7128222,-10.9082255996481,0.0 -49.7126865,-10.9082518996481,0.0 -49.7124769,-10.9083581996481,0.0 -49.7122673,-10.9084644996481,0.0 -49.7121347,-10.9086705996481,0.0 -49.7120022,-10.9088766996481,0.0 -49.7118621,-10.9090292996481,0.0 -49.711722,-10.9091817996481,0.0 -49.7114743,-10.9091500996481,0.0 -49.7114128,-10.9090196996481,0.0 -49.7113514,-10.9088892996481,0.0 -49.7113755,-10.9086979996481,0.0 -49.7113996,-10.9085066996481,0.0 -49.7112764,-10.9083326996481,0.0 -49.7111532,-10.9081586996481,0.0 -49.71103,-10.9079845996481,0.0 -49.7108911,-10.9078538996481,0.0 -49.7107523,-10.9077231996481,0.0 -49.7105433,-10.9076916996481,0.0 -49.7103343,-10.9076601996481,0.0 -49.7100712,-10.9075824996481,0.0 -49.7098082,-10.9075047996481,0.0 -49.7095452,-10.9074271996481,0.0 -49.7093358,-10.9074721996481,0.0 -49.7091265,-10.9075172996481,0.0 -49.7090172,-10.9077081996481,0.0 -49.708908,-10.9078990996481,0.0 -49.7087679,-10.9080362996481,0.0 -49.7086279,-10.9081734996481,0.0 -49.7084879,-10.9083107996481,0.0 -49.7083323,-10.9084580996481,0.0 -49.7081768,-10.9086054996481,0.0 -49.7080212,-10.9087527996481,0.0 -49.7078424,-10.9088974996481,0.0 -49.7076637,-10.9090421996481,0.0 -49.7075085,-10.9090950996481,0.0 -49.7073534,-10.9091480996481,0.0 -49.7072676,-10.9092778996481,0.0 -49.7071818,-10.9094075996481,0.0 -49.7070602,-10.9094734996481,0.0 -49.7069385,-10.9095392996481,0.0 -49.7068169,-10.909605099648,0.0 -49.7066953,-10.909670999648,0.0 -49.7065736,-10.909736799648,0.0 -49.706452,-10.909802599648,0.0 -49.7062814,-10.909840199648,0.0 -49.7061108,-10.909877799648,0.0 -49.7058631,-10.909842299648,0.0 -49.7056154,-10.909806799648,0.0 -49.7053677,-10.909771299648,0.0 -49.7051199,-10.909735799648,0.0 -49.704903,-10.909750199648,0.0 -49.704686,-10.909764599648,0.0 -49.7044691,-10.909778899648,0.0 -49.7042595,-10.909877599648,0.0 -49.7040499,-10.909976199648,0.0 -49.7039873,-10.910144399648,0.0 -49.7039246,-10.910312499648,0.0 -49.7039084,-10.910340299648,0.0 -49.7037784,-10.910564099648,0.0 -49.7036484,-10.910787899648,0.0 -49.7035814,-10.910846999648,0.0 -49.7034218,-10.911045299648,0.0 -49.7032621,-10.911243699648,0.0 -49.7031024,-10.911442099648,0.0 -49.7029428,-10.911640399648,0.0 -49.7027871,-10.911808199648,0.0 -49.7026315,-10.911975899648,0.0 -49.7024758,-10.912143699648,0.0 -49.7023979,-10.912258199648,0.0 -49.7023199,-10.912372699648,0.0 -49.702242,-10.912487199648,0.0 -49.702164,-10.912601699648,0.0 -49.702086,-10.912716199648,0.0 -49.7020081,-10.9128306996479,0.0 -49.7019296,-10.9130676996479,0.0 -49.7018511,-10.9133046996479,0.0 -49.7017726,-10.9135416996479,0.0 -49.7016941,-10.9137786996479,0.0 -49.7016219,-10.9139926996479,0.0 -49.7015497,-10.9142067996479,0.0 -49.7014775,-10.9144207996479,0.0 -49.7014054,-10.9146348996479,0.0 -49.7013332,-10.9148488996479,0.0 -49.7012937,-10.9150247996479,0.0 -49.7012542,-10.9152006996479,0.0 -49.7012339,-10.9153588996479,0.0 -49.701246,-10.9155747996479,0.0 -49.701258,-10.9157906996479,0.0 -49.7012701,-10.9160065996478,0.0 -49.7013739,-10.9161810996478,0.0 -49.7014426,-10.9163957996478,0.0 -49.7015114,-10.9166103996478,0.0 -49.7015195,-10.9167158996478,0.0 -49.7015301,-10.9168545996478,0.0 -49.7015407,-10.9169932996478,0.0 -49.7016177,-10.9171084996478,0.0 -49.7016947,-10.9172235996478,0.0 -49.7016163,-10.9174376996478,0.0 -49.7015379,-10.9176516996478,0.0 -49.7013205,-10.9177655996478,0.0 -49.7011031,-10.9178794996478,0.0 -49.7008804,-10.9180162996478,0.0 -49.7006578,-10.9181531996478,0.0 -49.7004351,-10.9182900996478,0.0 -49.7004206,-10.9182954996478,0.0 -49.7002237,-10.9183693996478,0.0 -49.7000268,-10.9184432996478,0.0 -49.6998299,-10.9185171996478,0.0 -49.6996592,-10.9186769996478,0.0 -49.6994885,-10.9188367996478,0.0 -49.6993092,-10.9190046996478,0.0 -49.6991299,-10.9191724996478,0.0 -49.6989382,-10.9193145996478,0.0 -49.6987465,-10.9194566996477,0.0 -49.6985548,-10.9195987996477,0.0 -49.6984148,-10.9197359996477,0.0 -49.6982748,-10.9198731996477,0.0 -49.6981347,-10.9200103996477,0.0 -49.6980977,-10.9202092996477,0.0 -49.6980607,-10.9204081996477,0.0 -49.6980237,-10.9206070996477,0.0 -49.6978065,-10.9206724996477,0.0 -49.6975893,-10.9207378996477,0.0 -49.6973722,-10.9208032996477,0.0 -49.6971394,-10.9208865996477,0.0 -49.6969066,-10.9209697996477,0.0 -49.696787,-10.9211733996477,0.0 -49.6966673,-10.9213769996477,0.0 -49.6965477,-10.9215806996477,0.0 -49.6963561,-10.9217432996477,0.0 -49.6961646,-10.9219058996477,0.0 -49.6960811,-10.9219767996477,0.0 -49.6959486,-10.9221752996477,0.0 -49.695816,-10.9223736996477,0.0 -49.6957369,-10.9225700996477,0.0 -49.6956577,-10.9227664996476,0.0 -49.6955785,-10.9229628996476,0.0 -49.6955093,-10.9231344996476,0.0 -49.6954401,-10.9233060996476,0.0 -49.6953593,-10.9233582996476,0.0 -49.6951583,-10.9234878996476,0.0 -49.6949574,-10.9236175996476,0.0 -49.6947565,-10.9237471996476,0.0 -49.6945459,-10.9239040996476,0.0 -49.6943353,-10.9240609996476,0.0 -49.6941246,-10.9242177996476,0.0 -49.6939894,-10.9244195996476,0.0 -49.6938542,-10.9246213996476,0.0 -49.693719,-10.9248231996476,0.0 -49.6935839,-10.9250249996476,0.0 -49.6934487,-10.9252267996476,0.0 -49.693231,-10.9253903996476,0.0 -49.6930134,-10.9255540996476,0.0 -49.6927958,-10.9257177996476,0.0 -49.6925782,-10.9258813996475,0.0 -49.692356,-10.9259008996475,0.0 -49.6921339,-10.9259202996475,0.0 -49.6919117,-10.9259397996475,0.0 -49.6916563,-10.9258965996475,0.0 -49.6914009,-10.9258533996476,0.0 -49.6911454,-10.9258101996476,0.0 -49.69089,-10.9257669996476,0.0 -49.6906217,-10.9257147996476,0.0 -49.6903533,-10.9256626996476,0.0 -49.690085,-10.9256104996476,0.0 -49.6899076,-10.9254335996476,0.0 -49.6897302,-10.9252567996476,0.0 -49.6896228,-10.9250304996476,0.0 -49.6895153,-10.9248041996476,0.0 -49.6894079,-10.9245778996476,0.0 -49.6893004,-10.9243515996476,0.0 -49.6892238,-10.9241675996476,0.0 -49.6891471,-10.9239834996476,0.0 -49.6890704,-10.9237993996476,0.0 -49.6889631,-10.9235501996476,0.0 -49.6888557,-10.9233008996476,0.0 -49.6887484,-10.9230515996476,0.0 -49.688641,-10.9228023996476,0.0 -49.688557,-10.9225610996477,0.0 -49.6884729,-10.9223198996477,0.0 -49.6883887,-10.9220780996477,0.0 -49.6883044,-10.9218363996477,0.0 -49.688267,-10.9216437996477,0.0 -49.6882295,-10.9214511996477,0.0 -49.6881921,-10.9212585996477,0.0 -49.6881573,-10.9210800996477,0.0 -49.6881226,-10.9209015996477,0.0 -49.6880837,-10.9206601996477,0.0 -49.6880447,-10.9204186996477,0.0 -49.6880057,-10.9201772996477,0.0 -49.6879718,-10.9199669996477,0.0 -49.68792,-10.9198608996477,0.0 -49.6878349,-10.9196865996477,0.0 -49.6877498,-10.9195122996477,0.0 -49.6876647,-10.9193378996478,0.0 -49.6876448,-10.9192864996478,0.0 -49.6875647,-10.9190786996478,0.0 -49.6874845,-10.9188708996478,0.0 -49.6874043,-10.9186630996478,0.0 -49.6872758,-10.9185196996478,0.0 -49.6871473,-10.9183761996478,0.0 -49.6870189,-10.9182327996478,0.0 -49.6868231,-10.9181298996478,0.0 -49.6866273,-10.9180269996478,0.0 -49.6864315,-10.9179240996478,0.0 -49.6861833,-10.9178748996478,0.0 -49.685935,-10.9178257996478,0.0 -49.6858178,-10.9178026996478,0.0 -49.6857195,-10.9177831996478,0.0 -49.6854602,-10.9177322996478,0.0 -49.6852009,-10.9176813996478,0.0 -49.6849417,-10.9176305996478,0.0 -49.6846824,-10.9175796996478,0.0 -49.6844343,-10.9176168996478,0.0 -49.6841863,-10.9176540996478,0.0 -49.6839383,-10.9176912996478,0.0 -49.6836902,-10.9177284996478,0.0 -49.6835293,-10.9179166996478,0.0 -49.6833684,-10.9181047996478,0.0 -49.6832075,-10.9182929996478,0.0 -49.6831702,-10.9185377996478,0.0 -49.683133,-10.9187825996478,0.0 -49.6830958,-10.9190273996478,0.0 -49.6829865,-10.9192106996478,0.0 -49.6828773,-10.9193938996477,0.0 -49.6826444,-10.9194949996477,0.0 -49.6824116,-10.9195960996477,0.0 -49.6821788,-10.9196970996477,0.0 -49.682053,-10.9197703996477,0.0 -49.6819272,-10.9198435996477,0.0 -49.6817268,-10.9199603996477,0.0 -49.6815264,-10.9200770996477,0.0 -49.6812781,-10.9201831996477,0.0 -49.6810297,-10.9202892996477,0.0 -49.6808074,-10.9203546996477,0.0 -49.680585,-10.9204200996477,0.0 -49.6803627,-10.9204854996477,0.0 -49.6801714,-10.9205305996477,0.0 -49.6799801,-10.9205756996477,0.0 -49.6797888,-10.9206207996477,0.0 -49.6796079,-10.9206710996477,0.0 -49.6794269,-10.9207212996477,0.0 -49.6792459,-10.9207715996477,0.0 -49.6790548,-10.9207757996477,0.0 -49.6788638,-10.9207800996477,0.0 -49.6786727,-10.9207843996477,0.0 -49.6785333,-10.9207786996477,0.0 -49.6783938,-10.9207729996477,0.0 -49.6782544,-10.9207672996477,0.0 -49.678115,-10.9207615996477,0.0 -49.6779756,-10.9207558996477,0.0 -49.6778362,-10.9207501996477,0.0 -49.6775939,-10.9206520996477,0.0 -49.6773516,-10.9205540996477,0.0 -49.6771094,-10.9204560996477,0.0 -49.6769147,-10.9203296996477,0.0 -49.6767201,-10.9202032996477,0.0 -49.6765254,-10.9200768996477,0.0 -49.6763308,-10.9199505996477,0.0 -49.6761361,-10.9198241996477,0.0 -49.6759302,-10.9196905996477,0.0 -49.6757242,-10.9195569996477,0.0 -49.6755182,-10.9194233996477,0.0 -49.6754002,-10.9192493996478,0.0 -49.6752822,-10.9190752996478,0.0 -49.6751642,-10.9189012996478,0.0 -49.6750177,-10.9187551996478,0.0 -49.6748711,-10.9186090996478,0.0 -49.6747016,-10.9184195996478,0.0 -49.674532,-10.9182299996478,0.0 -49.6743624,-10.9180403996478,0.0 -49.6742394,-10.9178293996478,0.0 -49.6741164,-10.9176182996478,0.0 -49.6739934,-10.9174072996478,0.0 -49.6738704,-10.9171961996478,0.0 -49.6736695,-10.9170727996478,0.0 -49.6734687,-10.9169494996478,0.0 -49.6732519,-10.9169178996478,0.0 -49.6730352,-10.9168863996478,0.0 -49.6728903,-10.9168991996478,0.0 -49.6727453,-10.9169119996478,0.0 -49.6725392,-10.9169301996478,0.0 -49.6723765,-10.9169447996478,0.0 -49.6722138,-10.9169593996478,0.0 -49.6720432,-10.9169968996478,0.0 -49.6718726,-10.9170343996478,0.0 -49.671632,-10.9171328996478,0.0 -49.6713915,-10.9172313996478,0.0 -49.671232,-10.9173760996478,0.0 -49.6710726,-10.9175208996478,0.0 -49.6709132,-10.9176656996478,0.0 -49.6707537,-10.9178103996478,0.0 -49.6705443,-10.9178783996478,0.0 -49.6703348,-10.9179463996478,0.0 -49.6701254,-10.9180143996478,0.0 -49.6699159,-10.9180823996478,0.0 -49.6696629,-10.9180710996478,0.0 -49.6694099,-10.9180597996478,0.0 -49.6691569,-10.9180484996478,0.0 -49.6689559,-10.9179709996478,0.0 -49.6687548,-10.9178935996478,0.0 -49.6685538,-10.9178161996478,0.0 -49.6684648,-10.9177463996478,0.0 -49.6682931,-10.9176118996478,0.0 -49.6681215,-10.9174774996478,0.0 -49.6679907,-10.9172701996478,0.0 -49.66786,-10.9170628996478,0.0 -49.6677578,-10.9168225996478,0.0 -49.6676556,-10.9165822996478,0.0 -49.6675533,-10.9163419996478,0.0 -49.667538,-10.9162367996478,0.0 -49.667508,-10.9160317996479,0.0 -49.6674781,-10.9158268996479,0.0 -49.6674481,-10.9156218996479,0.0 -49.6674261,-10.9153500996479,0.0 -49.6674041,-10.9150781996479,0.0 -49.667382,-10.9148062996479,0.0 -49.66736,-10.9145344996479,0.0 -49.667206,-10.9143347996479,0.0 -49.6670519,-10.9141350996479,0.0 -49.6668675,-10.9140678996479,0.0 -49.666683,-10.9140006996479,0.0 -49.6664986,-10.9139334996479,0.0 -49.6663714,-10.9138870996479,0.0 -49.6661182,-10.9139114996479,0.0 -49.6658651,-10.9139358996479,0.0 -49.665612,-10.9139603996479,0.0 -49.6653742,-10.9140052996479,0.0 -49.6651365,-10.9140501996479,0.0 -49.6648987,-10.9140950996479,0.0 -49.6646852,-10.9142165996479,0.0 -49.6644716,-10.9143381996479,0.0 -49.664258,-10.9144596996479,0.0 -49.6640445,-10.9145812996479,0.0 -49.6638549,-10.9146998996479,0.0 -49.6636654,-10.9148184996479,0.0 -49.6634759,-10.9149370996479,0.0 -49.6632863,-10.9150556996479,0.0 -49.6630968,-10.9151741996479,0.0 -49.6628485,-10.9152619996479,0.0 -49.6626003,-10.9153496996479,0.0 -49.662352,-10.9154373996479,0.0 -49.6621037,-10.9155250996479,0.0 -49.6618555,-10.9156127996479,0.0 -49.6616104,-10.9156698996479,0.0 -49.6613654,-10.9157270996479,0.0 -49.6611204,-10.9157841996479,0.0 -49.6608753,-10.9158412996479,0.0 -49.6606303,-10.9158983996479,0.0 -49.6605087,-10.9159641996478,0.0 -49.660387,-10.9160299996479,0.0 -49.6602654,-10.9160957996479,0.0 -49.6601437,-10.9161615996479,0.0 -49.6600221,-10.9162274996478,0.0 -49.6599004,-10.9162932996478,0.0 -49.6597695,-10.9164343996478,0.0 -49.6596055,-10.9166109996478,0.0 -49.6594416,-10.9167875996478,0.0 -49.6592777,-10.9169641996478,0.0 -49.6590511,-10.9170306996478,0.0 -49.6588526,-10.9170889996478,0.0 -49.658654,-10.9171472996478,0.0 -49.6584555,-10.9172055996478,0.0 -49.6582078,-10.9171776996478,0.0 -49.65796,-10.9171497996478,0.0 -49.6577123,-10.9171218996478,0.0 -49.6574645,-10.9170940996478,0.0 -49.6572583,-10.9171323996478,0.0 -49.6570522,-10.9171706996478,0.0 -49.656846,-10.9172090996478,0.0 -49.6566398,-10.9172473996478,0.0 -49.6564087,-10.9172903996478,0.0 -49.6561776,-10.9173333996478,0.0 -49.6560231,-10.9173640996478,0.0 -49.6558686,-10.9173947996478,0.0 -49.6556504,-10.9174381996478,0.0 -49.6555259,-10.9175677996478,0.0 -49.6554013,-10.9176973996478,0.0 -49.6551793,-10.9178236996478,0.0 -49.6549573,-10.9179499996478,0.0 -49.6547353,-10.9180761996478,0.0 -49.6547335,-10.9180772996478,0.0 -49.6545278,-10.9181643996478,0.0 -49.6543221,-10.9182514996478,0.0 -49.6541165,-10.9183386996478,0.0 -49.6539108,-10.9184257996478,0.0 -49.6537167,-10.9185282996478,0.0 -49.6535226,-10.9186307996478,0.0 -49.6533285,-10.9187332996478,0.0 -49.6531344,-10.9188357996478,0.0 -49.6529518,-10.9189420996478,0.0 -49.6527693,-10.9190484996478,0.0 -49.6525868,-10.9191548996478,0.0 -49.6524043,-10.9192611996478,0.0 -49.6522323,-10.9194459996477,0.0 -49.6520603,-10.9196307996477,0.0 -49.6519217,-10.9197796996477,0.0 -49.6517543,-10.9199587996477,0.0 -49.651587,-10.9201379996477,0.0 -49.6514196,-10.9203171996477,0.0 -49.6512523,-10.9204962996477,0.0 -49.6510727,-10.9206199996477,0.0 -49.6508931,-10.9207435996477,0.0 -49.6507134,-10.9208671996477,0.0 -49.6505338,-10.9209908996477,0.0 -49.6503958,-10.9210858996477,0.0 -49.6502577,-10.9211808996477,0.0 -49.6500609,-10.9213024996477,0.0 -49.6498641,-10.9214241996477,0.0 -49.6496673,-10.9215457996477,0.0 -49.6495156,-10.9216981996477,0.0 -49.6493638,-10.9218506996477,0.0 -49.6492121,-10.9220030996477,0.0 -49.6490604,-10.9221554996477,0.0 -49.6488603,-10.9222577996477,0.0 -49.6486602,-10.9223599996477,0.0 -49.6484601,-10.9224622996477,0.0 -49.6483771,-10.9225046996476,0.0 -49.648106,-10.9225110996477,0.0 -49.6478348,-10.9225175996477,0.0 -49.6476958,-10.9224173996477,0.0 -49.6475569,-10.9223172996477,0.0 -49.6474133,-10.9220818996477,0.0 -49.6472698,-10.9218464996477,0.0 -49.6471263,-10.9216110996477,0.0 -49.6470031,-10.9214318996477,0.0 -49.64688,-10.9212527996477,0.0 -49.6467569,-10.9210735996477,0.0 -49.6465638,-10.9209502996477,0.0 -49.6463707,-10.9208268996477,0.0 -49.6461776,-10.9207035996477,0.0 -49.6459845,-10.9205801996477,0.0 -49.645794,-10.9204619996477,0.0 -49.6456034,-10.9203437996477,0.0 -49.6454129,-10.9202255996477,0.0 -49.645155,-10.9201478996477,0.0 -49.6448972,-10.9200701996477,0.0 -49.6446393,-10.9199924996477,0.0 -49.6443861,-10.9200423996477,0.0 -49.6441328,-10.9200922996477,0.0 -49.6438795,-10.9201421996477,0.0 -49.6436545,-10.9202406996477,0.0 -49.6434294,-10.9203392996477,0.0 -49.6432429,-10.9204570996477,0.0 -49.6430565,-10.9205748996477,0.0 -49.64287,-10.9206927996477,0.0 -49.6426836,-10.9208105996477,0.0 -49.6424893,-10.9209436996477,0.0 -49.6422951,-10.9210767996477,0.0 -49.6421008,-10.9212098996477,0.0 -49.6419066,-10.9213429996477,0.0 -49.6417394,-10.9214838996477,0.0 -49.6415722,-10.9216247996477,0.0 -49.641405,-10.9217656996477,0.0 -49.6412378,-10.9219064996477,0.0 -49.6411129,-10.9221279996477,0.0 -49.6409879,-10.9223493996477,0.0 -49.6408784,-10.9225938996477,0.0 -49.6407688,-10.9228383996476,0.0 -49.6407058,-10.9230779996476,0.0 -49.6406427,-10.9233175996476,0.0 -49.6405796,-10.9235571996476,0.0 -49.6404396,-10.9236789996476,0.0 -49.6402997,-10.9238008996476,0.0 -49.6400927,-10.9238815996476,0.0 -49.6398858,-10.9239623996476,0.0 -49.6396789,-10.9240430996476,0.0 -49.6394151,-10.9241184996476,0.0 -49.6391514,-10.9241937996476,0.0 -49.6388877,-10.9242691996476,0.0 -49.638624,-10.9243445996476,0.0 -49.6384142,-10.9244890996476,0.0 -49.6382044,-10.9246335996476,0.0 -49.6380131,-10.9246735996476,0.0 -49.6378219,-10.9247135996476,0.0 -49.6376306,-10.9247535996476,0.0 -49.6375064,-10.9248218996476,0.0 -49.6373821,-10.9248902996476,0.0 -49.6371739,-10.9250430996476,0.0 -49.637009,-10.9251641996476,0.0 -49.6367971,-10.9252142996476,0.0 -49.6365851,-10.9252643996476,0.0 -49.6363732,-10.9253144996476,0.0 -49.6361404,-10.9254052996476,0.0 -49.6359076,-10.9254960996476,0.0 -49.6356747,-10.9255868996476,0.0 -49.6354627,-10.9256471996476,0.0 -49.6352507,-10.9257074996476,0.0 -49.6350387,-10.9257677996476,0.0 -49.6349066,-10.9258590996475,0.0 -49.6347745,-10.9259503996475,0.0 -49.6347245,-10.9261023996475,0.0 -49.6346488,-10.9263325996475,0.0 -49.6347445,-10.9265893996475,0.0 -49.6347589,-10.9268344996475,0.0 -49.6347497,-10.9268984996475,0.0 -49.6347491,-10.9269030996475,0.0 -49.6347349,-10.9270027996475,0.0 -49.63466,-10.9270052996475,0.0 -49.6345818,-10.9270077996475,0.0 -49.6345158,-10.9271768996475,0.0 -49.6344564,-10.9273287996475,0.0 -49.6343937,-10.9275045996475,0.0 -49.6343309,-10.9276803996475,0.0 -49.6342495,-10.9277180996475,0.0 -49.6340359,-10.9278168996475,0.0 -49.633845,-10.9277853996475,0.0 -49.633654,-10.9277538996475,0.0 -49.6334631,-10.9277223996475,0.0 -49.633267,-10.9276857996475,0.0 -49.633071,-10.9276491996475,0.0 -49.6328749,-10.9276125996475,0.0 -49.632617,-10.9275450996475,0.0 -49.6323591,-10.9274775996475,0.0 -49.6321012,-10.9274100996475,0.0 -49.6319698,-10.9273329996475,0.0 -49.6318385,-10.9272558996475,0.0 -49.631707,-10.9272092996475,0.0 -49.6315756,-10.9271627996475,0.0 -49.6314441,-10.9271162996475,0.0 -49.6313126,-10.9270697996475,0.0 -49.631127,-10.9270076996475,0.0 -49.6309414,-10.9269455996475,0.0 -49.6307557,-10.9268835996475,0.0 -49.6304925,-10.9268517996475,0.0 -49.6302293,-10.9268199996475,0.0 -49.6300515,-10.9267272996475,0.0 -49.6298738,-10.9266345996475,0.0 -49.6297843,-10.9266035996475,0.0 -49.629628,-10.9265492996475,0.0 -49.6294716,-10.9264950996475,0.0 -49.6293068,-10.9263972996475,0.0 -49.629142,-10.9262995996475,0.0 -49.6289772,-10.9262018996475,0.0 -49.6288538,-10.9260941996475,0.0 -49.6287303,-10.9259864996475,0.0 -49.628681,-10.9259069996475,0.0 -49.6286233,-10.9258137996476,0.0 -49.6285304,-10.9256640996476,0.0 -49.6285133,-10.9255915996476,0.0 -49.6284817,-10.9254575996476,0.0 -49.6284544,-10.9253421996476,0.0 -49.6284554,-10.9251201996476,0.0 -49.6284565,-10.9248981996476,0.0 -49.6284031,-10.9247065996476,0.0 -49.6283498,-10.9245149996476,0.0 -49.6282108,-10.9244071996476,0.0 -49.6280719,-10.9242993996476,0.0 -49.6279123,-10.9241965996476,0.0 -49.6277527,-10.9240937996476,0.0 -49.627593,-10.9239909996476,0.0 -49.6274948,-10.9238684996476,0.0 -49.6273966,-10.9237460996476,0.0 -49.627285,-10.9236068996476,0.0 -49.627315,-10.9233590996476,0.0 -49.6273333,-10.9232089996476,0.0 -49.6275277,-10.9230414996476,0.0 -49.6277221,-10.9228738996476,0.0 -49.6277693,-10.9227286996476,0.0 -49.6278164,-10.9225833996477,0.0 -49.6277631,-10.9223841996477,0.0 -49.6277098,-10.9221848996477,0.0 -49.6275661,-10.9219902996477,0.0 -49.6274224,-10.9217956996477,0.0 -49.6272787,-10.9216011996477,0.0 -49.6271286,-10.9213937996477,0.0 -49.6269785,-10.9211863996477,0.0 -49.6268284,-10.9209790996477,0.0 -49.6266783,-10.9207716996477,0.0 -49.6265625,-10.9206945996477,0.0 -49.6264466,-10.9206175996477,0.0 -49.6263308,-10.9205404996477,0.0 -49.626215,-10.9204633996477,0.0 -49.6259933,-10.9203705996477,0.0 -49.6257717,-10.9202776996477,0.0 -49.6255501,-10.9201847996477,0.0 -49.6253882,-10.9200156996477,0.0 -49.6252263,-10.9198464996477,0.0 -49.6251135,-10.9196613996477,0.0 -49.6250007,-10.9194761996477,0.0 -49.6249296,-10.9192171996478,0.0 -49.6248585,-10.9189580996478,0.0 -49.6247875,-10.9186989996478,0.0 -49.6247164,-10.9184399996478,0.0 -49.624698,-10.9182101996478,0.0 -49.6247185,-10.9179806996478,0.0 -49.6246421,-10.9177506996478,0.0 -49.6245268,-10.9175395996478,0.0 -49.6243338,-10.9174047996478,0.0 -49.6241018,-10.9173271996478,0.0 -49.6239088,-10.9171923996478,0.0 -49.6237741,-10.9170003996478,0.0 -49.6236395,-10.9167891996478,0.0 -49.6235244,-10.9165590996478,0.0 -49.6234285,-10.9163480996478,0.0 -49.6233521,-10.9161180996478,0.0 -49.6232757,-10.9158880996479,0.0 -49.6231799,-10.9156771996479,0.0 -49.6230647,-10.9154469996479,0.0 -49.6229684,-10.9153412996479,0.0 -49.6228721,-10.9152355996479,0.0 -49.6226987,-10.9150433996479,0.0 -49.6225445,-10.9148704996479,0.0 -49.6223516,-10.9147164996479,0.0 -49.622178,-10.9145625996479,0.0 -49.6219853,-10.9143703996479,0.0 -49.6218312,-10.9141782996479,0.0 -49.621716,-10.9139672996479,0.0 -49.621659,-10.9137373996479,0.0 -49.6216794,-10.9135077996479,0.0 -49.6217386,-10.9132592996479,0.0 -49.6218751,-10.9130684996479,0.0 -49.6219149,-10.9128389996479,0.0 -49.6218772,-10.912609199648,0.0 -49.6218202,-10.912379299648,0.0 -49.6218019,-10.912130399648,0.0 -49.6218224,-10.911900799648,0.0 -49.6218621,-10.911671399648,0.0 -49.62196,-10.911442199648,0.0 -49.6219998,-10.911212699648,0.0 -49.6220009,-10.910982999648,0.0 -49.6219245,-10.910752999648,0.0 -49.6218287,-10.910522899648,0.0 -49.6217516,-10.910445999648,0.0 -49.6216163,-10.910387999648,0.0 -49.621384,-10.910367799648,0.0 -49.6212388,-10.910367199648,0.0 -49.6210936,-10.910366499648,0.0 -49.6208225,-10.910365299648,0.0 -49.6205707,-10.910383299648,0.0 -49.6204253,-10.910401799648,0.0 -49.62028,-10.910420299648,0.0 -49.6200282,-10.910438299648,0.0 -49.6197956,-10.910494599648,0.0 -49.6195629,-10.910550999648,0.0 -49.6193108,-10.910626399648,0.0 -49.6190781,-10.910701899648,0.0 -49.6189328,-10.910720399648,0.0 -49.6187875,-10.910738899648,0.0 -49.6186422,-10.910738199648,0.0 -49.618497,-10.910737599648,0.0 -49.6183174,-10.910736799648,0.0 -49.6183156,-10.910736799648,0.0 -49.6182453,-10.910736399648,0.0 -49.6181807,-10.910736099648,0.0 -49.6180129,-10.910735399648,0.0 -49.6177805,-10.910734299648,0.0 -49.6175482,-10.910733299648,0.0 -49.6173159,-10.910713099648,0.0 -49.6170837,-10.910673799648,0.0 -49.6168515,-10.910634499648,0.0 -49.6166001,-10.910556799648,0.0 -49.6163876,-10.910440999648,0.0 -49.6162523,-10.910392499648,0.0 -49.616117,-10.910344099648,0.0 -49.6158849,-10.910285599648,0.0 -49.6156724,-10.910169799648,0.0 -49.6154599,-10.910053999648,0.0 -49.6152476,-10.909919099648,0.0 -49.6150741,-10.909746099648,0.0 -49.6148617,-10.909611099648,0.0 -49.6146687,-10.9094762996481,0.0 -49.6144756,-10.9093414996481,0.0 -49.6142634,-10.9091873996481,0.0 -49.6141094,-10.9089761996481,0.0 -49.6139358,-10.9088222996481,0.0 -49.6137818,-10.9086301996481,0.0 -49.6135694,-10.9085143996481,0.0 -49.6133176,-10.9085132996481,0.0 -49.6130851,-10.9085504996481,0.0 -49.6128331,-10.9086067996481,0.0 -49.6126194,-10.9087588996481,0.0 -49.6124636,-10.9089304996481,0.0 -49.6122887,-10.9090827996481,0.0 -49.6120944,-10.9092158996481,0.0 -49.6120169,-10.9092154996481,0.0 -49.6118426,-10.9092338996481,0.0 -49.6116291,-10.9093285996481,0.0 -49.6113968,-10.9093274996481,0.0 -49.6111644,-10.9093264996481,0.0 -49.6109317,-10.9094019996481,0.0 -49.6107182,-10.9094966996481,0.0 -49.6105046,-10.909629699648,0.0 -49.6102524,-10.909724199648,0.0 -49.6101574,-10.909748799648,0.0 -49.6099616,-10.909799499648,0.0 -49.6097095,-10.909874899648,0.0 -49.6094577,-10.909892899648,0.0 -49.6092251,-10.909949199648,0.0 -49.6089926,-10.909967299648,0.0 -49.60876,-10.910023699648,0.0 -49.6085276,-10.910022599648,0.0 -49.6083727,-10.910021899648,0.0 -49.6082178,-10.910021199648,0.0 -49.6080726,-10.910001399648,0.0 -49.6079275,-10.909981599648,0.0 -49.607715,-10.909865799648,0.0 -49.6074637,-10.909768999648,0.0 -49.6072124,-10.909691299648,0.0 -49.6069803,-10.909613699648,0.0 -49.6067479,-10.9096317996481,0.0 -49.6065152,-10.909707199648,0.0 -49.6062632,-10.909763499648,0.0 -49.6060307,-10.909781599648,0.0 -49.6057987,-10.909703999648,0.0 -49.6055862,-10.909588199648,0.0 -49.6053543,-10.9094913996481,0.0 -49.605122,-10.9094712996481,0.0 -49.6050832,-10.909490199648,0.0 -49.6049281,-10.909527799648,0.0 -49.604773,-10.909565399648,0.0 -49.6045402,-10.909659999648,0.0 -49.6043078,-10.909658899648,0.0 -49.6040758,-10.909581299648,0.0 -49.6038635,-10.9094463996481,0.0 -49.6036704,-10.9093114996481,0.0 -49.6035358,-10.9091194996481,0.0 -49.6034011,-10.9089274996481,0.0 -49.603247,-10.9087545996481,0.0 -49.6032084,-10.9087352996481,0.0 -49.6031318,-10.9085492996481,0.0 -49.6030552,-10.9083632996481,0.0 -49.60294,-10.9081522996481,0.0 -49.6028248,-10.9079411996481,0.0 -49.6026902,-10.9077491996481,0.0 -49.6024776,-10.9076525996481,0.0 -49.602226,-10.9076130996481,0.0 -49.6019939,-10.9075737996481,0.0 -49.6017618,-10.9075152996481,0.0 -49.6015298,-10.9074185996481,0.0 -49.6013758,-10.9072264996481,0.0 -49.6012412,-10.9070344996481,0.0 -49.6011066,-10.9068233996481,0.0 -49.600972,-10.9066313996481,0.0 -49.6007986,-10.9064391996481,0.0 -49.6006487,-10.9063062996482,0.0 -49.600625,-10.9062852996482,0.0 -49.6004321,-10.9061312996482,0.0 -49.6002392,-10.9059772996482,0.0 -49.6000268,-10.9058423996482,0.0 -49.5998922,-10.9056503996482,0.0 -49.5997575,-10.9054583996482,0.0 -49.599584,-10.9052853996482,0.0 -49.5994299,-10.9051123996482,0.0 -49.5992174,-10.9050157996482,0.0 -49.5989852,-10.9049763996482,0.0 -49.5987532,-10.9048987996482,0.0 -49.5986179,-10.9048407996482,0.0 -49.5984826,-10.9047827996482,0.0 -49.5982701,-10.9046860996482,0.0 -49.5981445,-10.9046184996482,0.0 -49.598019,-10.9045509996482,0.0 -49.5978066,-10.9044159996482,0.0 -49.5975941,-10.9043193996482,0.0 -49.5973621,-10.9042225996482,0.0 -49.5972366,-10.9041645996482,0.0 -49.597111,-10.9041066996482,0.0 -49.5968986,-10.9039716996482,0.0 -49.5967442,-10.9038657996482,0.0 -49.5965898,-10.9037597996482,0.0 -49.5965705,-10.9037405996482,0.0 -49.596416,-10.9036441996482,0.0 -49.5962616,-10.9035477996482,0.0 -49.5960492,-10.9034127996482,0.0 -49.5958562,-10.9032779996482,0.0 -49.5956244,-10.9031620996482,0.0 -49.5954508,-10.9030081996482,0.0 -49.5952967,-10.9028351996483,0.0 -49.5951621,-10.9026431996483,0.0 -49.5950275,-10.9024320996483,0.0 -49.5949317,-10.9022211996483,0.0 -49.5948165,-10.9020100996483,0.0 -49.5946819,-10.9017989996483,0.0 -49.5945474,-10.9015877996483,0.0 -49.5943933,-10.9014148996483,0.0 -49.5941615,-10.9012989996483,0.0 -49.593949,-10.9011831996483,0.0 -49.5937173,-10.9010481996483,0.0 -49.5934854,-10.9009513996483,0.0 -49.5932531,-10.9009311996483,0.0 -49.5930207,-10.9009300996483,0.0 -49.5927496,-10.9009479996483,0.0 -49.5925172,-10.9009469996483,0.0 -49.5923037,-10.9010416996483,0.0 -49.5920902,-10.9011554996483,0.0 -49.5918575,-10.9012309996483,0.0 -49.5918574,-10.9012500996483,0.0 -49.5916638,-10.9012492996483,0.0 -49.5914701,-10.9012483996483,0.0 -49.5912372,-10.9013620996483,0.0 -49.5910051,-10.9013227996483,0.0 -49.5907729,-10.9012833996483,0.0 -49.5905213,-10.9012439996483,0.0 -49.5902895,-10.9011280996483,0.0 -49.590164,-10.9010509996483,0.0 -49.5900385,-10.9009738996483,0.0 -49.5899033,-10.9008966996483,0.0 -49.5897681,-10.9008194996483,0.0 -49.5895752,-10.9006654996483,0.0 -49.5893435,-10.9005304996483,0.0 -49.5891505,-10.9003955996483,0.0 -49.5889381,-10.9002606996483,0.0 -49.5887256,-10.9001639996483,0.0 -49.5884938,-10.9000480996483,0.0 -49.5883682,-10.8999805996483,0.0 -49.5882427,-10.8999129996483,0.0 -49.5880108,-10.8998161996483,0.0 -49.5877593,-10.8997576996483,0.0 -49.5875077,-10.8997373996483,0.0 -49.5872753,-10.8997362996483,0.0 -49.5870236,-10.8997350996483,0.0 -49.5867722,-10.8996765996484,0.0 -49.58654,-10.8996371996484,0.0 -49.586308,-10.8995595996484,0.0 -49.586115,-10.8994247996484,0.0 -49.585961,-10.8992326996484,0.0 -49.5858459,-10.8990024996484,0.0 -49.5857695,-10.8987724996484,0.0 -49.5856737,-10.8985614996484,0.0 -49.5855585,-10.8983504996484,0.0 -49.5854045,-10.8981583996484,0.0 -49.5852699,-10.8979663996484,0.0 -49.585077,-10.8978123996484,0.0 -49.5848644,-10.8977156996484,0.0 -49.584652,-10.8975998996484,0.0 -49.5844979,-10.8974269996484,0.0 -49.5844786,-10.8974076996484,0.0 -49.5844212,-10.8972543996484,0.0 -49.5843254,-10.8970433996484,0.0 -49.5842491,-10.8968133996484,0.0 -49.5841728,-10.8965641996484,0.0 -49.5840964,-10.8963341996485,0.0 -49.5840201,-10.8961041996485,0.0 -49.5839631,-10.8958551996485,0.0 -49.5838673,-10.8956441996485,0.0 -49.5837132,-10.8954712996485,0.0 -49.5835976,-10.8953558996485,0.0 -49.583482,-10.8952404996485,0.0 -49.5833279,-10.8950675996485,0.0 -49.5832127,-10.8948564996485,0.0 -49.5830975,-10.8946454996485,0.0 -49.5830406,-10.8943963996485,0.0 -49.5829448,-10.8941854996485,0.0 -49.5828101,-10.8939934996485,0.0 -49.5826755,-10.8938014996485,0.0 -49.5824432,-10.8938003996485,0.0 -49.5822106,-10.8938375996485,0.0 -49.5819783,-10.8938364996485,0.0 -49.5819011,-10.8938234996485,0.0 -49.5817461,-10.8937971996485,0.0 -49.5817321,-10.8937924996485,0.0 -49.5815141,-10.8937195996485,0.0 -49.5813796,-10.8935083996485,0.0 -49.5813484,-10.8933826996485,0.0 -49.5813226,-10.8932784996485,0.0 -49.5812656,-10.8930485996486,0.0 -49.5812474,-10.8927996996486,0.0 -49.5812486,-10.8925508996486,0.0 -49.5812496,-10.8923212996486,0.0 -49.5812508,-10.8920724996486,0.0 -49.5811164,-10.8918421996486,0.0 -49.5809817,-10.8916501996486,0.0 -49.5807495,-10.8916299996486,0.0 -49.5805168,-10.8917054996486,0.0 -49.5802841,-10.8917617996486,0.0 -49.5800522,-10.8916841996486,0.0 -49.579937,-10.8914730996486,0.0 -49.5798606,-10.8912430996486,0.0 -49.5797649,-10.8910129996486,0.0 -49.5796108,-10.8908400996486,0.0 -49.5795914,-10.8908399996486,0.0 -49.5794273,-10.8907434996486,0.0 -49.5792632,-10.8906470996486,0.0 -49.5790507,-10.8905312996486,0.0 -49.5788772,-10.8903773996486,0.0 -49.578762,-10.8901662996486,0.0 -49.5786662,-10.8899553996486,0.0 -49.5785122,-10.8897632996487,0.0 -49.5783971,-10.8895330996487,0.0 -49.5783401,-10.8893031996487,0.0 -49.5783025,-10.8890732996487,0.0 -49.5783036,-10.8888436996487,0.0 -49.578266,-10.8886138996487,0.0 -49.578209,-10.8883647996487,0.0 -49.5780746,-10.8881344996487,0.0 -49.5779402,-10.8879042996487,0.0 -49.577825,-10.8876931996487,0.0 -49.5776904,-10.8875011996487,0.0 -49.5776232,-10.8873764996487,0.0 -49.577556,-10.8872517996487,0.0 -49.5774408,-10.8870406996487,0.0 -49.5773062,-10.8868486996487,0.0 -49.5772298,-10.8866186996488,0.0 -49.5771341,-10.8863885996488,0.0 -49.5770383,-10.8861776996488,0.0 -49.5769814,-10.8859285996488,0.0 -49.5769631,-10.8856988996488,0.0 -49.5769642,-10.8854691996488,0.0 -49.5769235,-10.8852542996488,0.0 -49.5768828,-10.8850393996488,0.0 -49.5768422,-10.8848244996488,0.0 -49.5768623,-10.8846618996488,0.0 -49.5768824,-10.8844993996488,0.0 -49.5769508,-10.8843752996488,0.0 -49.5770191,-10.8842511996488,0.0 -49.5771556,-10.8840604996488,0.0 -49.5772722,-10.8839748996488,0.0 -49.5773887,-10.8838892996488,0.0 -49.5774765,-10.8837556996488,0.0 -49.5775643,-10.8836221996488,0.0 -49.577755,-10.8834683996488,0.0 -49.5778947,-10.8833557996489,0.0 -49.5781081,-10.8832610996489,0.0 -49.5783116,-10.8832332996489,0.0 -49.578515,-10.8832055996489,0.0 -49.5784921,-10.8830010996489,0.0 -49.5782964,-10.8812516996489,0.0 -49.5781467,-10.879913299649,0.0 -49.5769857,-10.8695351996493,0.0 -49.5770393,-10.8694588996493,0.0 -49.5770686,-10.8694015996493,0.0 -49.5771102,-10.8693180996493,0.0 -49.5772744,-10.8691273996493,0.0 -49.577396,-10.8690203996493,0.0 -49.5774043,-10.8690163996493,0.0 -49.5775597,-10.8689433996493,0.0 -49.5775783,-10.8688417996493,0.0 -49.5775789,-10.8687161996493,0.0 -49.5775554,-10.8686571996493,0.0 -49.5775311,-10.8685963996493,0.0 -49.5774651,-10.8684823996493,0.0 -49.5774836,-10.8684106996493,0.0 -49.5775989,-10.8683394996493,0.0 -49.5776537,-10.8682559996493,0.0 -49.5776541,-10.8681722996493,0.0 -49.5776183,-10.8680584996493,0.0 -49.5775706,-10.8679266996493,0.0 -49.5774983,-10.8678426996493,0.0 -49.5774026,-10.8677713996493,0.0 -49.5773808,-10.8676608996493,0.0 -49.5774204,-10.8675533996493,0.0 -49.5774449,-10.8675026996493,0.0 -49.5774484,-10.8674039996493,0.0 -49.5774637,-10.8673592996493,0.0 -49.5774973,-10.8673055996493,0.0 -49.5775337,-10.8672728996493,0.0 -49.5775914,-10.8672312996493,0.0 -49.577643,-10.8671836996494,0.0 -49.5777156,-10.8670838996494,0.0 -49.5777187,-10.8670813996494,0.0 -49.5778225,-10.8669982996494,0.0 -49.5779101,-10.8668933996494,0.0 -49.5779881,-10.8667789996494,0.0 -49.5780082,-10.8666354996494,0.0 -49.5780096,-10.8666152996494,0.0 -49.5780698,-10.8665008996494,0.0 -49.5780885,-10.8663932996494,0.0 -49.5780889,-10.8663095996494,0.0 -49.5780592,-10.8661837996494,0.0 -49.5780503,-10.8661478996494,0.0 -49.5780264,-10.8660939996494,0.0 -49.5779933,-10.8660369996494,0.0 -49.5779634,-10.8659800996494,0.0 -49.5779147,-10.8659365996494,0.0 -49.5778572,-10.8658118996494,0.0 -49.5778094,-10.8656776996494,0.0 -49.5777228,-10.8655624996494,0.0 -49.5776362,-10.8654567996494,0.0 -49.5775977,-10.8653991996494,0.0 -49.5775593,-10.8653415996494,0.0 -49.5775593,-10.8653320996494,0.0 -49.5774534,-10.8652167996494,0.0 -49.5773765,-10.8651015996494,0.0 -49.5772802,-10.8649862996494,0.0 -49.577184,-10.8648709996494,0.0 -49.5770877,-10.8647557996494,0.0 -49.576972,-10.8646594996494,0.0 -49.5768563,-10.8645632996494,0.0 -49.5767406,-10.8644670996494,0.0 -49.5766444,-10.8643326996494,0.0 -49.5765675,-10.8642174996494,0.0 -49.5764517,-10.8641403996494,0.0 -49.5763748,-10.8640251996494,0.0 -49.5762786,-10.8639098996494,0.0 -49.5762017,-10.8637947996495,0.0 -49.5761605,-10.8637340996495,0.0 -49.5761215,-10.8636740996495,0.0 -49.5760884,-10.8636201996495,0.0 -49.5760524,-10.8635661996495,0.0 -49.5760163,-10.8635181996495,0.0 -49.5759652,-10.8634461996495,0.0 -49.5759292,-10.8633951996495,0.0 -49.5758961,-10.8633441996495,0.0 -49.5758631,-10.8632991996495,0.0 -49.575824,-10.8632451996495,0.0 -49.5757909,-10.8632000996495,0.0 -49.5757458,-10.8631550996495,0.0 -49.5757015,-10.8631034996495,0.0 -49.5756247,-10.8629691996495,0.0 -49.5755673,-10.8628348996495,0.0 -49.5754904,-10.8627196996495,0.0 -49.5754135,-10.8626045996495,0.0 -49.5753766,-10.8625184996495,0.0 -49.5753632,-10.8623853996495,0.0 -49.5753529,-10.8622561996495,0.0 -49.575346,-10.8621951996495,0.0 -49.5753245,-10.8621232996495,0.0 -49.5752886,-10.8620477996495,0.0 -49.5751946,-10.8619683996495,0.0 -49.5750751,-10.8619068996495,0.0 -49.5749757,-10.8618866996495,0.0 -49.57493,-10.8618774996495,0.0 -49.5748066,-10.8618660996495,0.0 -49.5747413,-10.8618693996495,0.0 -49.5746252,-10.8618401996495,0.0 -49.5744765,-10.8618071996495,0.0 -49.5744222,-10.8617745996495,0.0 -49.5742884,-10.8616806996495,0.0 -49.5742091,-10.8615547996495,0.0 -49.5741406,-10.8614467996495,0.0 -49.574065,-10.8613172996495,0.0 -49.5740184,-10.8611914996495,0.0 -49.5739609,-10.8610655996495,0.0 -49.5739467,-10.8610044996495,0.0 -49.5739256,-10.8608716996495,0.0 -49.573935,-10.8607817996495,0.0 -49.5738931,-10.8606836996495,0.0 -49.5738356,-10.8605494996496,0.0 -49.5738364,-10.8603963996496,0.0 -49.5738361,-10.8603943996496,0.0 -49.5738177,-10.8602431996496,0.0 -49.5737408,-10.8601279996496,0.0 -49.5736639,-10.8600127996496,0.0 -49.5736065,-10.8598785996496,0.0 -49.573549,-10.8597443996496,0.0 -49.5734916,-10.8596101996496,0.0 -49.5734341,-10.8594758996496,0.0 -49.5733961,-10.8593417996496,0.0 -49.573358,-10.8592075996496,0.0 -49.5733581,-10.8591884996496,0.0 -49.5733396,-10.8589969996496,0.0 -49.5733403,-10.8588438996496,0.0 -49.5733411,-10.8586907996496,0.0 -49.5733418,-10.8585376996496,0.0 -49.5733425,-10.8583845996496,0.0 -49.5733239,-10.8582314996496,0.0 -49.5732858,-10.8580972996496,0.0 -49.5732672,-10.8579440996496,0.0 -49.5732679,-10.8577909996496,0.0 -49.5732298,-10.8576568996496,0.0 -49.5731724,-10.8575226996496,0.0 -49.5730955,-10.8574074996496,0.0 -49.5730186,-10.8572922996497,0.0 -49.5729417,-10.8571770996497,0.0 -49.5728454,-10.8570617996497,0.0 -49.5727296,-10.8569846996497,0.0 -49.5725944,-10.8569266996497,0.0 -49.5724787,-10.8568304996497,0.0 -49.5723629,-10.8567533996497,0.0 -49.5722471,-10.8566762996497,0.0 -49.5721313,-10.8565991996497,0.0 -49.5719768,-10.8565218996497,0.0 -49.571861,-10.8564448996497,0.0 -49.5717452,-10.8563677996497,0.0 -49.5716294,-10.8562906996497,0.0 -49.571494,-10.8562517996497,0.0 -49.5713588,-10.8561936996497,0.0 -49.5712234,-10.8561547996497,0.0 -49.5710686,-10.8561349996497,0.0 -49.5709334,-10.8560768996497,0.0 -49.5707981,-10.8560188996497,0.0 -49.5706628,-10.8559799996497,0.0 -49.5705275,-10.8559410996497,0.0 -49.5704117,-10.8558639996497,0.0 -49.5703348,-10.8557487996497,0.0 -49.5702773,-10.8556145996497,0.0 -49.5702004,-10.8554993996497,0.0 -49.5701235,-10.8553841996497,0.0 -49.5700466,-10.8552689996497,0.0 -49.5699892,-10.8551347996497,0.0 -49.5699706,-10.8549815996497,0.0 -49.5699713,-10.8548284996497,0.0 -49.5699718,-10.8547137996497,0.0 -49.569972,-10.8546753996497,0.0 -49.5699727,-10.8545222996497,0.0 -49.5699928,-10.8543692996497,0.0 -49.5700516,-10.8542355996497,0.0 -49.5701103,-10.8541018996497,0.0 -49.570169,-10.8539681996498,0.0 -49.5702083,-10.8538343996498,0.0 -49.5702863,-10.8537199996498,0.0 -49.5703837,-10.8536055996498,0.0 -49.5704424,-10.8534718996498,0.0 -49.5705397,-10.8533574996498,0.0 -49.5706177,-10.8532430996498,0.0 -49.5707151,-10.8531286996498,0.0 -49.5707931,-10.8530141996498,0.0 -49.5709097,-10.8529190996498,0.0 -49.5710312,-10.8528853996498,0.0 -49.5710454,-10.8528813996498,0.0 -49.5712006,-10.8528055996498,0.0 -49.5713364,-10.8527487996498,0.0 -49.5714721,-10.8527111996498,0.0 -49.571608,-10.8526352996498,0.0 -49.5717246,-10.8525400996498,0.0 -49.5718411,-10.8524640996498,0.0 -49.5719191,-10.8523495996498,0.0 -49.5720165,-10.8522352996498,0.0 -49.5721138,-10.8521208996498,0.0 -49.5722112,-10.8520064996498,0.0 -49.5722505,-10.8518726996498,0.0 -49.5722512,-10.8517195996498,0.0 -49.5722132,-10.8515854996498,0.0 -49.5721945,-10.8514322996498,0.0 -49.5721176,-10.8513170996498,0.0 -49.5720407,-10.8512018996498,0.0 -49.5719638,-10.8510866996498,0.0 -49.5718481,-10.8509904996498,0.0 -49.5717323,-10.8509133996498,0.0 -49.5715971,-10.8508553996499,0.0 -49.5714618,-10.8507972996499,0.0 -49.5713266,-10.8507392996499,0.0 -49.5712108,-10.8506621996499,0.0 -49.571056,-10.8506423996499,0.0 -49.5710367,-10.8506422996499,0.0 -49.570824,-10.8505838996499,0.0 -49.5707082,-10.8505067996499,0.0 -49.5706119,-10.8503914996499,0.0 -49.5704961,-10.8503143996499,0.0 -49.5703803,-10.8502372996499,0.0 -49.5702646,-10.8501410996499,0.0 -49.5701877,-10.8500258996499,0.0 -49.5701108,-10.8499106996499,0.0 -49.5700534,-10.8497764996499,0.0 -49.5699765,-10.8496612996499,0.0 -49.5699191,-10.8495270996499,0.0 -49.5698422,-10.8494118996499,0.0 -49.5698041,-10.8492777996499,0.0 -49.5697466,-10.8491434996499,0.0 -49.5697086,-10.8490093996499,0.0 -49.5696511,-10.8488751996499,0.0 -49.5696518,-10.8487220996499,0.0 -49.5696526,-10.8485689996499,0.0 -49.5696339,-10.8484157996499,0.0 -49.5695765,-10.8482814996499,0.0 -49.5695191,-10.8481472996499,0.0 -49.569481,-10.8480131996499,0.0 -49.5694235,-10.8478788996499,0.0 -49.5693661,-10.8477446996499,0.0 -49.569328,-10.84761059965,0.0 -49.5692838,-10.84750729965,0.0 -49.5692706,-10.84747629965,0.0 -49.5691937,-10.84736109965,0.0 -49.5691168,-10.84724599965,0.0 -49.5690399,-10.84713079965,0.0 -49.5689436,-10.84701549965,0.0 -49.5688667,-10.84690029965,0.0 -49.5687898,-10.84678509965,0.0 -49.5686742,-10.84666979965,0.0 -49.568578,-10.84655449965,0.0 -49.5685011,-10.84643929965,0.0 -49.5684242,-10.84632409965,0.0 -49.5683085,-10.84622789965,0.0 -49.5681928,-10.84613169965,0.0 -49.568077,-10.84605459965,0.0 -49.5679807,-10.84593929965,0.0 -49.5678845,-10.84582399965,0.0 -49.5678076,-10.84570889965,0.0 -49.5677308,-10.84557449965,0.0 -49.5676539,-10.84545929965,0.0 -49.567577,-10.84534419965,0.0 -49.5675389,-10.84520999965,0.0 -49.5675397,-10.84505689965,0.0 -49.5675404,-10.84490379965,0.0 -49.5674635,-10.84478859965,0.0 -49.5673673,-10.84467339965,0.0 -49.5672516,-10.84455799965,0.0 -49.567136,-10.84444259965,0.0 -49.5670591,-10.8443274996501,0.0 -49.5669629,-10.8442121996501,0.0 -49.566886,-10.8440969996501,0.0 -49.5667704,-10.8439815996501,0.0 -49.5666546,-10.8439044996501,0.0 -49.5665389,-10.8438082996501,0.0 -49.5664231,-10.8437311996501,0.0 -49.5663073,-10.8436540996501,0.0 -49.5661915,-10.8435769996501,0.0 -49.5660562,-10.8435380996501,0.0 -49.5659013,-10.8435373996501,0.0 -49.5657464,-10.8435366996501,0.0 -49.5656107,-10.8435742996501,0.0 -49.565475,-10.8436119996501,0.0 -49.5653585,-10.8436879996501,0.0 -49.565242,-10.8437639996501,0.0 -49.5651255,-10.8438399996501,0.0 -49.565009,-10.8439159996501,0.0 -49.564931,-10.8440304996501,0.0 -49.5648336,-10.8441448996501,0.0 -49.5647363,-10.8442591996501,0.0 -49.5646198,-10.84433519965,0.0 -49.564484,-10.84439199965,0.0 -49.5643482,-10.84444879965,0.0 -49.5642124,-10.84450559965,0.0 -49.5640766,-10.84456239965,0.0 -49.5639408,-10.84461909965,0.0 -49.563805,-10.84467589965,0.0 -49.5636501,-10.84469429965,0.0 -49.5634951,-10.84471269965,0.0 -49.5633402,-10.84471199965,0.0 -49.5631854,-10.84469219965,0.0 -49.5630306,-10.84467229965,0.0 -49.5628759,-10.84465239965,0.0 -49.5627211,-10.84463259965,0.0 -49.5625857,-10.84459369965,0.0 -49.562431,-10.84457379965,0.0 -49.5622956,-10.84453489965,0.0 -49.5621604,-10.84447689965,0.0 -49.5620446,-10.84439979965,0.0 -49.5619289,-10.84430349965,0.0 -49.5618326,-10.8441882996501,0.0 -49.5617168,-10.8441111996501,0.0 -49.5616011,-10.8440340996501,0.0 -49.5614854,-10.8439378996501,0.0 -49.5614085,-10.8438226996501,0.0 -49.5613122,-10.8437073996501,0.0 -49.5612353,-10.8435921996501,0.0 -49.5611584,-10.8434769996501,0.0 -49.5610622,-10.8433616996501,0.0 -49.5609853,-10.8432465996501,0.0 -49.5609084,-10.8431313996501,0.0 -49.5607927,-10.8430350996501,0.0 -49.560677,-10.8429388996501,0.0 -49.5605418,-10.8428808996501,0.0 -49.5604843,-10.8427465996501,0.0 -49.5604269,-10.8426123996501,0.0 -49.5603695,-10.8424781996501,0.0 -49.560312,-10.8423438996501,0.0 -49.5602546,-10.8422096996501,0.0 -49.5602165,-10.8420755996501,0.0 -49.5601396,-10.8419603996501,0.0 -49.5600822,-10.8418260996501,0.0 -49.5600441,-10.8416919996501,0.0 -49.560006,-10.8415578996501,0.0 -49.5600023,-10.8415266996501,0.0 -49.5599874,-10.8414046996501,0.0 -49.5599493,-10.8412704996501,0.0 -49.5598919,-10.8411362996501,0.0 -49.5598926,-10.8409831996502,0.0 -49.5599127,-10.8408301996502,0.0 -49.5599521,-10.8406963996502,0.0 -49.5600301,-10.8405819996502,0.0 -49.5601081,-10.8404674996502,0.0 -49.560186,-10.8403529996502,0.0 -49.5603027,-10.8402578996502,0.0 -49.5604193,-10.8401626996502,0.0 -49.5605166,-10.8400483996502,0.0 -49.5606331,-10.8399723996502,0.0 -49.5607305,-10.8398579996502,0.0 -49.5608471,-10.8397627996502,0.0 -49.5609636,-10.8396867996502,0.0 -49.5610801,-10.8396107996502,0.0 -49.5611968,-10.8394965996502,0.0 -49.5612942,-10.8393821996502,0.0 -49.5613915,-10.8392677996502,0.0 -49.561489,-10.8391342996502,0.0 -49.5615669,-10.8390197996502,0.0 -49.5616449,-10.8389053996502,0.0 -49.5616743,-10.8388384996502,0.0 -49.5617036,-10.8387716996502,0.0 -49.5617624,-10.8386379996502,0.0 -49.5617909,-10.8385729996502,0.0 -49.5618211,-10.8385042996502,0.0 -49.5618798,-10.8383705996502,0.0 -49.5619385,-10.8382368996502,0.0 -49.5619586,-10.8380838996502,0.0 -49.5620173,-10.8379501996502,0.0 -49.562076,-10.8378164996503,0.0 -49.5621154,-10.8376827996503,0.0 -49.5621741,-10.8375490996503,0.0 -49.5622135,-10.8374152996503,0.0 -49.5622722,-10.8372815996503,0.0 -49.5623115,-10.8371477996503,0.0 -49.5623316,-10.8369947996503,0.0 -49.562371,-10.8368609996503,0.0 -49.5624103,-10.8367271996503,0.0 -49.5624304,-10.8365741996503,0.0 -49.5624505,-10.8364211996503,0.0 -49.5624899,-10.8362873996503,0.0 -49.56251,-10.8361343996503,0.0 -49.5625493,-10.8360006996503,0.0 -49.5625887,-10.8358668996503,0.0 -49.5625894,-10.8357137996503,0.0 -49.5626022,-10.8355654996503,0.0 -49.5626246,-10.8354292996503,0.0 -49.5626471,-10.8352929996503,0.0 -49.5626477,-10.8351566996503,0.0 -49.5626556,-10.8350202996503,0.0 -49.562649,-10.8348839996503,0.0 -49.5626405,-10.8348290996503,0.0 -49.5626279,-10.8347474996503,0.0 -49.5626214,-10.8345967996503,0.0 -49.562622,-10.8344603996504,0.0 -49.5626154,-10.8343239996504,0.0 -49.5625943,-10.8341875996504,0.0 -49.5625587,-10.8340366996504,0.0 -49.562566,-10.8340366996504,0.0 -49.5625233,-10.8338570996504,0.0 -49.5625021,-10.8337206996504,0.0 -49.5624665,-10.8335769996504,0.0 -49.5624236,-10.8334403996504,0.0 -49.5624025,-10.8333038996504,0.0 -49.5623741,-10.8331602996504,0.0 -49.5623457,-10.8330237996504,0.0 -49.5622955,-10.8328943996504,0.0 -49.5622381,-10.8327648996504,0.0 -49.5622381,-10.8327576996504,0.0 -49.5621752,-10.8326318996504,0.0 -49.5621032,-10.8325118996504,0.0 -49.5620433,-10.8323800996504,0.0 -49.562002,-10.8323269996504,0.0 -49.5619591,-10.8322719996504,0.0 -49.5618749,-10.8321639996504,0.0 -49.5618151,-10.8320320996504,0.0 -49.5617673,-10.8319002996504,0.0 -49.5616831,-10.8317922996504,0.0 -49.5616233,-10.8316603996504,0.0 -49.5615512,-10.8315404996504,0.0 -49.561467,-10.8314324996504,0.0 -49.5613829,-10.8313243996504,0.0 -49.5612987,-10.8312163996505,0.0 -49.5612145,-10.8311082996505,0.0 -49.5611425,-10.8309883996505,0.0 -49.5610705,-10.8308683996505,0.0 -49.5609863,-10.8307603996505,0.0 -49.5609578,-10.8307237996505,0.0 -49.5609021,-10.8306522996505,0.0 -49.5608058,-10.8305441996505,0.0 -49.5607339,-10.8304122996505,0.0 -49.5606618,-10.8302923996505,0.0 -49.5605777,-10.8301842996505,0.0 -49.5604692,-10.8301000996505,0.0 -49.5603607,-10.8300158996505,0.0 -49.5602401,-10.8299315996505,0.0 -49.5601383,-10.8298525996505,0.0 -49.5601316,-10.8298473996505,0.0 -49.5600231,-10.8297630996505,0.0 -49.5599147,-10.8296549996505,0.0 -49.5598305,-10.8295468996505,0.0 -49.5597464,-10.8294388996505,0.0 -49.5596623,-10.8293068996505,0.0 -49.5595781,-10.8291988996505,0.0 -49.5594939,-10.8290907996505,0.0 -49.5593977,-10.8289826996505,0.0 -49.5593135,-10.8288746996505,0.0 -49.5592294,-10.8287546996505,0.0 -49.5591452,-10.8286465996505,0.0 -49.5590732,-10.8285146996505,0.0 -49.5590012,-10.8283947996505,0.0 -49.5589891,-10.8283946996505,0.0 -49.558905,-10.8282686996505,0.0 -49.5588269,-10.8281546996505,0.0 -49.5587427,-10.8280466996505,0.0 -49.5586646,-10.8279326996506,0.0 -49.5585987,-10.8278127996506,0.0 -49.5585206,-10.8276927996506,0.0 -49.5584364,-10.8275787996506,0.0 -49.5583644,-10.8274587996506,0.0 -49.5583106,-10.8273329996506,0.0 -49.5582567,-10.8272071996506,0.0 -49.5581726,-10.8270930996506,0.0 -49.5580884,-10.8269850996506,0.0 -49.5580042,-10.8268769996506,0.0 -49.5579261,-10.8267630996506,0.0 -49.5578419,-10.8266549996506,0.0 -49.5577396,-10.8265528996506,0.0 -49.5576251,-10.8264685996506,0.0 -49.5575105,-10.8263842996506,0.0 -49.5573959,-10.8263060996506,0.0 -49.5572753,-10.8262396996506,0.0 -49.5571485,-10.8261852996506,0.0 -49.5570217,-10.8261308996506,0.0 -49.5568827,-10.8261122996506,0.0 -49.5567435,-10.8261175996506,0.0 -49.5566102,-10.8261528996506,0.0 -49.5564829,-10.8262120996506,0.0 -49.5563796,-10.8263072996506,0.0 -49.5563188,-10.8263787996506,0.0 -49.5562884,-10.8264144996506,0.0 -49.5562031,-10.8265217996506,0.0 -49.556142,-10.8266470996506,0.0 -49.5560629,-10.8267602996506,0.0 -49.5559453,-10.8268094996506,0.0 -49.5559271,-10.8269401996506,0.0 -49.5558974,-10.8270739996506,0.0 -49.5558774,-10.8272173996506,0.0 -49.5558722,-10.8272406996506,0.0 -49.5558477,-10.8273511996506,0.0 -49.5558276,-10.8274946996506,0.0 -49.555814,-10.8275924996506,0.0 -49.5558076,-10.8276380996506,0.0 -49.5557779,-10.8277718996506,0.0 -49.5557579,-10.8279153996506,0.0 -49.5557475,-10.8280588996505,0.0 -49.5557371,-10.8282023996505,0.0 -49.5557171,-10.8283457996505,0.0 -49.555668,-10.8284794996505,0.0 -49.555619,-10.8286132996505,0.0 -49.555628,-10.8287567996505,0.0 -49.5556377,-10.8287568996505,0.0 -49.5555885,-10.8289192996505,0.0 -49.5555588,-10.8290626996505,0.0 -49.5555097,-10.8291964996505,0.0 -49.5554607,-10.8293301996505,0.0 -49.555431,-10.8294639996505,0.0 -49.555411,-10.8296074996505,0.0 -49.5553812,-10.8297507996505,0.0 -49.5553516,-10.8298846996505,0.0 -49.5553218,-10.8300375996505,0.0 -49.5553017,-10.8301810996505,0.0 -49.5552721,-10.8303148996505,0.0 -49.555252,-10.8304582996505,0.0 -49.5552223,-10.8305921996505,0.0 -49.5551927,-10.8307259996505,0.0 -49.5551726,-10.8308693996505,0.0 -49.5551333,-10.8310031996505,0.0 -49.5551036,-10.8311369996505,0.0 -49.5550739,-10.8312708996504,0.0 -49.5550345,-10.8314045996504,0.0 -49.5549759,-10.8315287996504,0.0 -49.5549172,-10.8316528996504,0.0 -49.5548585,-10.8317865996504,0.0 -49.5547998,-10.8319106996504,0.0 -49.5547701,-10.8320444996504,0.0 -49.5547501,-10.8321878996504,0.0 -49.5546914,-10.8323215996504,0.0 -49.5546836,-10.8323768996504,0.0 -49.5546713,-10.8324650996504,0.0 -49.5546617,-10.8324554996504,0.0 -49.5545837,-10.8325698996504,0.0 -49.554554,-10.8327036996504,0.0 -49.5544953,-10.8328278996504,0.0 -49.5544463,-10.8329615996504,0.0 -49.5543876,-10.8330856996504,0.0 -49.5543193,-10.8332097996504,0.0 -49.5542606,-10.8333434996504,0.0 -49.5542212,-10.8334772996504,0.0 -49.5541528,-10.8336012996504,0.0 -49.5540749,-10.8337157996504,0.0 -49.5539872,-10.8338301996504,0.0 -49.5538995,-10.8339445996504,0.0 -49.5538119,-10.8340494996504,0.0 -49.5537243,-10.8341542996504,0.0 -49.5536463,-10.8342687996504,0.0 -49.5536113,-10.8342968996504,0.0 -49.5535394,-10.8343543996504,0.0 -49.5534229,-10.8344303996504,0.0 -49.553386,-10.8344544996504,0.0 -49.5533064,-10.8345063996504,0.0 -49.5531706,-10.8345535996503,0.0 -49.553035,-10.8345816996503,0.0 -49.5528897,-10.8345905996503,0.0 -49.5527446,-10.8345802996503,0.0 -49.5525994,-10.8345795996503,0.0 -49.5524542,-10.8345789996503,0.0 -49.5523286,-10.8345400996503,0.0 -49.5521834,-10.8345393996503,0.0 -49.5520382,-10.8345386996504,0.0 -49.5518931,-10.8345284996503,0.0 -49.551748,-10.8344894996504,0.0 -49.5516127,-10.8344601996504,0.0 -49.5514774,-10.8344116996504,0.0 -49.5513616,-10.8343345996504,0.0 -49.5512653,-10.8342288996504,0.0 -49.5511496,-10.8341421996504,0.0 -49.5510144,-10.8340745996504,0.0 -49.5508792,-10.8340165996504,0.0 -49.5507536,-10.8339489996504,0.0 -49.5506379,-10.8338718996504,0.0 -49.5505221,-10.8337947996504,0.0 -49.5503966,-10.8337271996504,0.0 -49.5502613,-10.8336786996504,0.0 -49.5501261,-10.8336206996504,0.0 -49.5499908,-10.8335625996504,0.0 -49.5498555,-10.8335141996504,0.0 -49.5497202,-10.8334847996504,0.0 -49.5495849,-10.8334362996504,0.0 -49.5494496,-10.8333973996504,0.0 -49.5493046,-10.8333488996504,0.0 -49.5491693,-10.8333099996504,0.0 -49.5490437,-10.8332519996504,0.0 -49.5489084,-10.8332034996504,0.0 -49.5487829,-10.8331454996504,0.0 -49.5486476,-10.8331065996504,0.0 -49.548522,-10.8330485996504,0.0 -49.5483914,-10.8330093996504,0.0 -49.5482682,-10.8329621996504,0.0 -49.5481739,-10.8329401996504,0.0 -49.5480834,-10.8328966996504,0.0 -49.5480001,-10.8328532996504,0.0 -49.5478987,-10.8328096996504,0.0 -49.5478081,-10.8327769996504,0.0 -49.5477357,-10.8327299996504,0.0 -49.5476344,-10.8326720996504,0.0 -49.5474932,-10.8325996996504,0.0 -49.5473484,-10.8325128996504,0.0 -49.5472507,-10.8324514996504,0.0 -49.5471638,-10.8324151996504,0.0 -49.5470638,-10.8323527996504,0.0 -49.5469383,-10.8322851996504,0.0 -49.546842,-10.8321794996504,0.0 -49.5467262,-10.8321023996504,0.0 -49.5466201,-10.8320157996504,0.0 -49.5465043,-10.8319386996504,0.0 -49.5464775,-10.8319166996504,0.0 -49.546379,-10.8318121996504,0.0 -49.5463176,-10.8317508996504,0.0 -49.5461621,-10.8316317996504,0.0 -49.5459883,-10.8315447996504,0.0 -49.5457817,-10.8314756996504,0.0 -49.5456149,-10.8314389996504,0.0 -49.545442,-10.8314360996504,0.0 -49.5452968,-10.8314353996504,0.0 -49.545142,-10.8314346996504,0.0 -49.5449872,-10.8314243996504,0.0 -49.5448421,-10.8314044996504,0.0 -49.5446969,-10.8314038996504,0.0 -49.544542,-10.8314030996504,0.0 -49.5443871,-10.8314023996504,0.0 -49.5442419,-10.8314112996504,0.0 -49.5440967,-10.8314201996504,0.0 -49.5439418,-10.8314193996504,0.0 -49.5437967,-10.8313995996504,0.0 -49.5436419,-10.8313892996504,0.0 -49.5434966,-10.8314077996504,0.0 -49.5433513,-10.8314261996504,0.0 -49.543206,-10.8314541996504,0.0 -49.5430607,-10.8314726996504,0.0 -49.5429154,-10.8314910996504,0.0 -49.5427701,-10.8315191996504,0.0 -49.5426055,-10.8315374996504,0.0 -49.5424698,-10.8315655996504,0.0 -49.5423245,-10.8315839996504,0.0 -49.5421792,-10.8316119996504,0.0 -49.5420436,-10.8316400996504,0.0 -49.5418983,-10.8316585996504,0.0 -49.5418886,-10.8316584996504,0.0 -49.5417336,-10.8316768996504,0.0 -49.5415883,-10.8317048996504,0.0 -49.541443,-10.8317233996504,0.0 -49.5413074,-10.8317514996504,0.0 -49.5411716,-10.8318081996504,0.0 -49.5410359,-10.8318458996504,0.0 -49.5408905,-10.8318833996504,0.0 -49.5407356,-10.8319018996504,0.0 -49.5405998,-10.8319490996504,0.0 -49.5404641,-10.8319866996504,0.0 -49.5403242,-10.8319752996504,0.0 -49.5402214,-10.8319628996504,0.0 -49.5401126,-10.8319563996504,0.0 -49.5399614,-10.8319496996504,0.0 -49.5398706,-10.8319492996504,0.0 -49.5396891,-10.8319603996504,0.0 -49.5395256,-10.8319834996504,0.0 -49.5393318,-10.8320363996504,0.0 -49.53915,-10.8321012996504,0.0 -49.5390105,-10.8321664996504,0.0 -49.5388771,-10.8322255996504,0.0 -49.5387922,-10.8322790996504,0.0 -49.5386497,-10.8323628996504,0.0 -49.5385262,-10.8324176996504,0.0 -49.5384096,-10.8325031996504,0.0 -49.5382738,-10.8325599996504,0.0 -49.5381284,-10.8326071996504,0.0 -49.5379927,-10.8326351996504,0.0 -49.5378475,-10.8326344996504,0.0 -49.537683,-10.8326337996504,0.0 -49.5375379,-10.8326234996504,0.0 -49.5374782,-10.8326082996504,0.0 -49.5373345,-10.8325718996504,0.0 -49.5371909,-10.8325354996504,0.0 -49.536995,-10.8325057996504,0.0 -49.5367772,-10.8325047996504,0.0 -49.5366465,-10.8325256996504,0.0 -49.5364938,-10.8325679996504,0.0 -49.5363623,-10.8326213996504,0.0 -49.5362309,-10.8326746996504,0.0 -49.5360951,-10.8327218996504,0.0 -49.5359786,-10.8327978996504,0.0 -49.5358524,-10.8328738996504,0.0 -49.5357929,-10.8329214996504,0.0 -49.5357455,-10.8329594996504,0.0 -49.5356578,-10.8330833996504,0.0 -49.5355032,-10.8332594996504,0.0 -49.5353428,-10.8333878996504,0.0 -49.5352407,-10.8334878996504,0.0 -49.5350875,-10.8336377996504,0.0 -49.5350291,-10.8337164996504,0.0 -49.5349412,-10.8338667996504,0.0 -49.5348898,-10.8339813996504,0.0 -49.5347875,-10.8341243996504,0.0 -49.5347141,-10.8342819996504,0.0 -49.5346777,-10.8343530996504,0.0 -49.5346702,-10.8343678996504,0.0 -49.5346263,-10.8344393996504,0.0 -49.5344876,-10.8345822996503,0.0 -49.5343783,-10.8346750996503,0.0 -49.5342254,-10.8347747996503,0.0 -49.5341199,-10.8348367996503,0.0 -49.5339747,-10.8348456996503,0.0 -49.5338381,-10.8348449996503,0.0 -49.5338295,-10.8348449996503,0.0 -49.5336843,-10.8348442996503,0.0 -49.5335391,-10.8348435996503,0.0 -49.5334038,-10.8348046996503,0.0 -49.5332587,-10.8347847996503,0.0 -49.5331233,-10.8347554996503,0.0 -49.5329782,-10.8347356996503,0.0 -49.5328429,-10.8347062996503,0.0 -49.5326978,-10.8346864996503,0.0 -49.5325624,-10.8346570996503,0.0 -49.5324172,-10.8346563996503,0.0 -49.532272,-10.8346557996503,0.0 -49.5321271,-10.8346444996503,0.0 -49.5320328,-10.8346296996503,0.0 -49.5319567,-10.8346220996503,0.0 -49.5318769,-10.8346073996503,0.0 -49.5317935,-10.8345925996504,0.0 -49.5317111,-10.8345573996503,0.0 -49.5315642,-10.8344969996504,0.0 -49.5313888,-10.8344990996504,0.0 -49.5312856,-10.8345643996503,0.0 -49.5312519,-10.8346598996503,0.0 -49.5312757,-10.8347407996503,0.0 -49.5313234,-10.8348785996503,0.0 -49.5313471,-10.8349282996503,0.0 -49.5314158,-10.8350482996503,0.0 -49.5315064,-10.8351444996503,0.0 -49.5315468,-10.8351962996503,0.0 -49.5315949,-10.8352577996503,0.0 -49.5316428,-10.8353613996503,0.0 -49.5316619,-10.8353936996503,0.0 -49.5317042,-10.8354649996503,0.0 -49.531758,-10.8355436996503,0.0 -49.5318542,-10.8356742996503,0.0 -49.5318599,-10.8356915996503,0.0 -49.5318965,-10.8357376996503,0.0 -49.5319368,-10.8358028996503,0.0 -49.5319385,-10.8358545996503,0.0 -49.5319383,-10.8358985996503,0.0 -49.5319342,-10.8359444996503,0.0 -49.5319243,-10.8359922996503,0.0 -49.5319167,-10.8360701996503,0.0 -49.5318754,-10.8361831996503,0.0 -49.5318582,-10.8362380996503,0.0 -49.5318362,-10.8362929996503,0.0 -49.5317754,-10.8363524996503,0.0 -49.5317146,-10.8364000996503,0.0 -49.5316541,-10.8364069996503,0.0 -49.5316178,-10.8364115996503,0.0 -49.5315669,-10.8364280996503,0.0 -49.5314917,-10.8364587996503,0.0 -49.5314237,-10.8365086996503,0.0 -49.5313751,-10.8365538996503,0.0 -49.531324,-10.8366158996503,0.0 -49.5312365,-10.8366991996503,0.0 -49.5311902,-10.8367563996503,0.0 -49.531156,-10.8368136996503,0.0 -49.5311316,-10.8368637996503,0.0 -49.5311142,-10.8369641996503,0.0 -49.5311064,-10.8370645996503,0.0 -49.5311303,-10.8371268996503,0.0 -49.5311615,-10.8371796996503,0.0 -49.5311661,-10.8372322996503,0.0 -49.5311561,-10.8372992996503,0.0 -49.5311414,-10.8373350996503,0.0 -49.5311049,-10.8373755996503,0.0 -49.5310661,-10.8374016996503,0.0 -49.5310293,-10.8374151996503,0.0 -49.5308841,-10.8374144996503,0.0 -49.5307389,-10.8374137996503,0.0 -49.530685,-10.8373982996503,0.0 -49.5306036,-10.8373748996503,0.0 -49.5304975,-10.8372882996503,0.0 -49.53044,-10.8371635996503,0.0 -49.5304407,-10.8370200996503,0.0 -49.5304164,-10.8370330996503,0.0 -49.530399,-10.8370386996503,0.0 -49.5303772,-10.8370457996503,0.0 -49.5303525,-10.8370556996503,0.0 -49.5303204,-10.8370684996503,0.0 -49.5302914,-10.8370726996503,0.0 -49.5302471,-10.8370762996503,0.0 -49.5301759,-10.8370773996503,0.0 -49.5300975,-10.8370711996503,0.0 -49.5300264,-10.8370651996503,0.0 -49.5299698,-10.8370734996503,0.0 -49.5299189,-10.8370890996503,0.0 -49.5298767,-10.8371074996503,0.0 -49.5298142,-10.8371215996503,0.0 -49.5297509,-10.8371054996503,0.0 -49.5297076,-10.8370430996503,0.0 -49.5296642,-10.8370141996503,0.0 -49.5296014,-10.8369851996503,0.0 -49.529531,-10.8369469996503,0.0 -49.5294677,-10.8369747996503,0.0 -49.529434,-10.8369895996503,0.0 -49.5293854,-10.8370276996503,0.0 -49.529332,-10.8370656996503,0.0 -49.5292979,-10.8371037996503,0.0 -49.5292735,-10.8371419996503,0.0 -49.5292492,-10.8372152996503,0.0 -49.529229,-10.8373522996503,0.0 -49.5292381,-10.8374575996503,0.0 -49.5292908,-10.8375773996503,0.0 -49.5293871,-10.8376735996503,0.0 -49.5294981,-10.8377410996503,0.0 -49.5295751,-10.8378275996503,0.0 -49.5296135,-10.8378994996502,0.0 -49.529618,-10.8379616996502,0.0 -49.5295935,-10.8380333996502,0.0 -49.5295854,-10.8381012996502,0.0 -49.5295619,-10.8381489996502,0.0 -49.5294647,-10.8382327996502,0.0 -49.5294432,-10.8382708996502,0.0 -49.5294121,-10.8383128996502,0.0 -49.529379,-10.8383432996502,0.0 -49.529313,-10.8383869996502,0.0 -49.5292722,-10.8384116996502,0.0 -49.5292236,-10.8384478996502,0.0 -49.5291866,-10.8384973996502,0.0 -49.5291147,-10.8385601996502,0.0 -49.5290389,-10.8386172996502,0.0 -49.5289845,-10.8386476996502,0.0 -49.5289129,-10.8386777996502,0.0 -49.5288253,-10.8387921996502,0.0 -49.5286893,-10.8388775996502,0.0 -49.5285442,-10.8388673996502,0.0 -49.528409,-10.8388092996502,0.0 -49.5283224,-10.8387035996502,0.0 -49.5282649,-10.8385789996502,0.0 -49.5282946,-10.8384451996502,0.0 -49.5283533,-10.8383209996502,0.0 -49.528383,-10.8381871996502,0.0 -49.5283449,-10.8380530996502,0.0 -49.5283207,-10.8379930996502,0.0 -49.5282921,-10.8379221996502,0.0 -49.5282488,-10.8378716996502,0.0 -49.5281619,-10.8378317996502,0.0 -49.5280348,-10.8378275996502,0.0 -49.5278315,-10.8378373996502,0.0 -49.5277479,-10.8378549996502,0.0 -49.5276352,-10.8378938996502,0.0 -49.5274916,-10.8379447996502,0.0 -49.527348,-10.8379956996502,0.0 -49.5272116,-10.8380287996502,0.0 -49.5270389,-10.8381062996502,0.0 -49.5268718,-10.8381413996502,0.0 -49.5267336,-10.8381837996502,0.0 -49.5265484,-10.8382115996502,0.0 -49.5263158,-10.8382571996502,0.0 -49.5261813,-10.8382959996502,0.0 -49.5261014,-10.8383135996502,0.0 -49.5259488,-10.8383382996502,0.0 -49.5258946,-10.8383379996502,0.0 -49.5257495,-10.8383181996502,0.0 -49.5256043,-10.8383078996502,0.0 -49.5254591,-10.8383071996502,0.0 -49.5253238,-10.8382777996502,0.0 -49.5252177,-10.8381911996502,0.0 -49.5251117,-10.8381045996502,0.0 -49.5250348,-10.8379893996502,0.0 -49.5250355,-10.8378458996502,0.0 -49.5250749,-10.8377120996503,0.0 -49.5250659,-10.8375684996503,0.0 -49.5250084,-10.8374438996503,0.0 -49.524951,-10.8373191996503,0.0 -49.5249032,-10.8371849996503,0.0 -49.5248458,-10.8370602996503,0.0 -49.5247689,-10.8369450996503,0.0 -49.5247405,-10.8368109996503,0.0 -49.5247702,-10.8366771996503,0.0 -49.5248192,-10.8365434996503,0.0 -49.5249358,-10.8364674996503,0.0 -49.5250523,-10.8363914996503,0.0 -49.5251785,-10.8363250996503,0.0 -49.525295,-10.8362490996503,0.0 -49.5254019,-10.8361634996503,0.0 -49.5254895,-10.8360586996503,0.0 -49.5255964,-10.8359730996503,0.0 -49.5256061,-10.8359730996503,0.0 -49.5256964,-10.8358132996503,0.0 -49.5257394,-10.8356818996503,0.0 -49.5257643,-10.8355444996503,0.0 -49.5257589,-10.8354068996503,0.0 -49.5256808,-10.8352928996503,0.0 -49.5255723,-10.8352086996503,0.0 -49.5254394,-10.8351721996503,0.0 -49.5253003,-10.8351714996503,0.0 -49.5251611,-10.8351707996503,0.0 -49.5250221,-10.8351521996503,0.0 -49.5248892,-10.8351036996503,0.0 -49.5247686,-10.8350253996503,0.0 -49.5246601,-10.8349411996503,0.0 -49.5245456,-10.8348568996503,0.0 -49.5244432,-10.8347546996503,0.0 -49.5243348,-10.8346704996503,0.0 -49.5242202,-10.8345861996503,0.0 -49.5241361,-10.8344781996504,0.0 -49.5240519,-10.8343640996504,0.0 -49.5239557,-10.8342559996504,0.0 -49.5238594,-10.8341538996504,0.0 -49.5237448,-10.8340695996504,0.0 -49.5236242,-10.8340032996504,0.0 -49.5234974,-10.8339487996504,0.0 -49.5233706,-10.8338943996504,0.0 -49.5232438,-10.8338399996504,0.0 -49.5232439,-10.8338339996504,0.0 -49.5230568,-10.8337313996504,0.0 -49.522924,-10.8336888996504,0.0 -49.522791,-10.8336523996504,0.0 -49.5226761,-10.8336328996504,0.0 -49.5226105,-10.8336571996504,0.0 -49.5225306,-10.8336783996504,0.0 -49.5224433,-10.8337113996504,0.0 -49.5223754,-10.8337445996504,0.0 -49.5223584,-10.8337468996504,0.0 -49.5223267,-10.8337945996504,0.0 -49.5222974,-10.8338494996504,0.0 -49.5222658,-10.8338923996504,0.0 -49.5222365,-10.8339472996504,0.0 -49.5222169,-10.8339806996504,0.0 -49.5221925,-10.8340355996504,0.0 -49.522156,-10.8340688996504,0.0 -49.5221156,-10.8341121996504,0.0 -49.5220989,-10.8341633996504,0.0 -49.5220619,-10.8342947996504,0.0 -49.522031,-10.8344321996504,0.0 -49.5219518,-10.8345453996503,0.0 -49.5218967,-10.8346707996503,0.0 -49.5218236,-10.8347899996503,0.0 -49.5217263,-10.8348911996503,0.0 -49.5216049,-10.8349743996503,0.0 -49.5214655,-10.8350155996503,0.0 -49.5213263,-10.8350387996503,0.0 -49.5211871,-10.8350381996503,0.0 -49.5210479,-10.8350673996503,0.0 -49.5209561,-10.8350807996503,0.0 -49.5208747,-10.8351109996503,0.0 -49.5207873,-10.8351602996503,0.0 -49.520696,-10.8352172996503,0.0 -49.5206164,-10.8352723996503,0.0 -49.5205146,-10.8353420996503,0.0 -49.5204171,-10.8353992996503,0.0 -49.5202838,-10.8354344996503,0.0 -49.5201447,-10.8354218996503,0.0 -49.5200119,-10.8353673996503,0.0 -49.5198729,-10.8353427996503,0.0 -49.51974,-10.8352943996503,0.0 -49.519601,-10.8352756996503,0.0 -49.5194618,-10.8352750996503,0.0 -49.5193225,-10.8353042996503,0.0 -49.5191833,-10.8353275996503,0.0 -49.51905,-10.8353687996503,0.0 -49.5189407,-10.8354519996503,0.0 -49.5188615,-10.8355651996503,0.0 -49.5187822,-10.8356844996503,0.0 -49.5187272,-10.8358157996503,0.0 -49.5186299,-10.8359169996503,0.0 -49.5184906,-10.8359341996503,0.0 -49.5184132,-10.8359304996503,0.0 -49.5183171,-10.8358807996503,0.0 -49.5181575,-10.8358751996503,0.0 -49.518017,-10.8358984996503,0.0 -49.5178619,-10.8359407996503,0.0 -49.5177359,-10.8359879996503,0.0 -49.5176582,-10.8360258996503,0.0 -49.5176193,-10.8360687996503,0.0 -49.5176026,-10.8361093996503,0.0 -49.5176054,-10.8361394996503,0.0 -49.5176227,-10.8361682996503,0.0 -49.51764,-10.8361870996503,0.0 -49.5176675,-10.8362014996503,0.0 -49.5177008,-10.8362231996503,0.0 -49.5177327,-10.8362420996503,0.0 -49.5177442,-10.8362559996503,0.0 -49.5177922,-10.8363374996503,0.0 -49.5178014,-10.8364284996503,0.0 -49.5177972,-10.8364579996503,0.0 -49.5177864,-10.8365336996503,0.0 -49.5177619,-10.8365957996503,0.0 -49.5176987,-10.8366575996503,0.0 -49.5175823,-10.8367048996503,0.0 -49.5174902,-10.8367283996503,0.0 -49.5173595,-10.8367420996503,0.0 -49.517277,-10.8367412996503,0.0 -49.5172436,-10.8366793996503,0.0 -49.5172052,-10.8366121996503,0.0 -49.5171764,-10.8365641996503,0.0 -49.5170897,-10.8364967996503,0.0 -49.5170602,-10.8364834996503,0.0 -49.5169211,-10.8364708996503,0.0 -49.5167821,-10.8364522996503,0.0 -49.5166429,-10.8364515996503,0.0 -49.5165039,-10.8364329996503,0.0 -49.5163647,-10.8364382996503,0.0 -49.5162255,-10.8364615996503,0.0 -49.5160862,-10.8364787996503,0.0 -49.5159589,-10.8365379996503,0.0 -49.5158496,-10.8366211996503,0.0 -49.5157343,-10.8366983996503,0.0 -49.5155918,-10.8367206996503,0.0 -49.5154974,-10.8367274996503,0.0 -49.5153739,-10.8367411996503,0.0 -49.5152688,-10.8367227996503,0.0 -49.5151672,-10.8367150996503,0.0 -49.5150837,-10.8367182996503,0.0 -49.5150218,-10.8367466996503,0.0 -49.5149344,-10.8368000996503,0.0 -49.5148689,-10.8368427996503,0.0 -49.5148251,-10.8368928996503,0.0 -49.5147958,-10.8369500996503,0.0 -49.5147482,-10.8370323996503,0.0 -49.5147152,-10.8371004996503,0.0 -49.5147111,-10.8371900996503,0.0 -49.5147036,-10.8372438996503,0.0 -49.5146959,-10.8373191996503,0.0 -49.5146957,-10.8373730996503,0.0 -49.5147026,-10.8374376996503,0.0 -49.5147168,-10.8375058996503,0.0 -49.5147274,-10.8375705996503,0.0 -49.5147308,-10.8376171996503,0.0 -49.5147378,-10.8376638996503,0.0 -49.5147387,-10.8376776996503,0.0 -49.5147412,-10.8377141996503,0.0 -49.5147372,-10.8377751996503,0.0 -49.5147296,-10.8378504996502,0.0 -49.5147184,-10.8379221996502,0.0 -49.5146926,-10.8380045996502,0.0 -49.5146633,-10.8380438996502,0.0 -49.5146159,-10.8380902996502,0.0 -49.5145468,-10.8381222996502,0.0 -49.5145031,-10.8381471996502,0.0 -49.5144254,-10.8381831996502,0.0 -49.514402,-10.8381870996502,0.0 -49.5142629,-10.8381804996502,0.0 -49.5141362,-10.8381259996502,0.0 -49.5140338,-10.8380298996502,0.0 -49.5139921,-10.8378980996502,0.0 -49.5139884,-10.8378531996502,0.0 -49.5139807,-10.8377604996503,0.0 -49.5140055,-10.8376229996503,0.0 -49.5140002,-10.8374854996503,0.0 -49.5139767,-10.8373477996503,0.0 -49.5139773,-10.8372102996503,0.0 -49.5139175,-10.8370843996503,0.0 -49.5138333,-10.8369762996503,0.0 -49.5137492,-10.8368622996503,0.0 -49.513665,-10.8367541996503,0.0 -49.5135809,-10.8366401996503,0.0 -49.5134846,-10.8365260996503,0.0 -49.5133762,-10.8364418996503,0.0 -49.5132677,-10.8363456996503,0.0 -49.5131654,-10.8362374996503,0.0 -49.5130692,-10.8361293996503,0.0 -49.5129607,-10.8360451996503,0.0 -49.5128522,-10.8359548996503,0.0 -49.512762,-10.8358467996503,0.0 -49.512756,-10.8358348996503,0.0 -49.5126839,-10.8357327996503,0.0 -49.5126362,-10.8356009996503,0.0 -49.5125824,-10.8354751996503,0.0 -49.5125164,-10.8353552996503,0.0 -49.5124687,-10.8352234996503,0.0 -49.5123906,-10.8351094996503,0.0 -49.5123246,-10.8349894996503,0.0 -49.5122466,-10.8348754996503,0.0 -49.5121624,-10.8347674996503,0.0 -49.5120103,-10.8346781996503,0.0 -49.5120066,-10.8346745996503,0.0 -49.5117961,-10.8346699996503,0.0 -49.5117889,-10.8346699996503,0.0 -49.511593,-10.8346474996503,0.0 -49.5115894,-10.8346474996503,0.0 -49.5114334,-10.8346179996503,0.0 -49.5114189,-10.8346179996503,0.0 -49.5112448,-10.8345955996503,0.0 -49.5112013,-10.8346072996503,0.0 -49.5110621,-10.8346185996503,0.0 -49.510923,-10.8346059996503,0.0 -49.5107962,-10.8345515996503,0.0 -49.5106756,-10.8344851996503,0.0 -49.5105914,-10.8343770996504,0.0 -49.5105642,-10.8343020996504,0.0 -49.5105437,-10.8342452996504,0.0 -49.5106108,-10.8341260996504,0.0 -49.5107321,-10.8340548996504,0.0 -49.5108535,-10.8339896996504,0.0 -49.5109387,-10.8338823996504,0.0 -49.5109938,-10.8337570996504,0.0 -49.5109763,-10.8336194996504,0.0 -49.5109285,-10.8334876996504,0.0 -49.5108444,-10.8333795996504,0.0 -49.5107052,-10.8333789996504,0.0 -49.5106562,-10.8335102996504,0.0 -49.5106192,-10.8336476996504,0.0 -49.5105642,-10.8337729996504,0.0 -49.5104548,-10.8338621996504,0.0 -49.5103157,-10.8338554996504,0.0 -49.5102072,-10.8337712996504,0.0 -49.5101292,-10.8336572996504,0.0 -49.5100996,-10.8335195996504,0.0 -49.5101003,-10.8333819996504,0.0 -49.5101009,-10.8332444996504,0.0 -49.5101016,-10.8331068996504,0.0 -49.510066,-10.8329751996504,0.0 -49.5100061,-10.8328492996504,0.0 -49.5098916,-10.8327709996504,0.0 -49.5097525,-10.8327463996504,0.0 -49.5096733,-10.8328596996504,0.0 -49.5096485,-10.8329970996504,0.0 -49.5095813,-10.8331163996504,0.0 -49.509472,-10.8332054996504,0.0 -49.5093327,-10.8332407996504,0.0 -49.5091935,-10.8332400996504,0.0 -49.5090544,-10.8332274996504,0.0 -49.5090006,-10.8331015996504,0.0 -49.5089347,-10.8329816996504,0.0 -49.508893,-10.8328498996504,0.0 -49.5089058,-10.8327123996504,0.0 -49.508997,-10.8326051996504,0.0 -49.5091363,-10.8325759996504,0.0 -49.5092637,-10.8325167996504,0.0 -49.509367,-10.8324215996504,0.0 -49.50941,-10.8322901996504,0.0 -49.5094288,-10.8321527996504,0.0 -49.5094718,-10.8320213996504,0.0 -49.509557,-10.8319141996504,0.0 -49.5096061,-10.8317828996504,0.0 -49.509637,-10.8316454996504,0.0 -49.5096013,-10.8315136996504,0.0 -49.5095778,-10.8313760996504,0.0 -49.5095422,-10.8312442996505,0.0 -49.509458,-10.8311362996505,0.0 -49.5093313,-10.8310757996505,0.0 -49.5091922,-10.8310631996505,0.0 -49.5090769,-10.8311403996505,0.0 -49.5089796,-10.8312415996505,0.0 -49.5088523,-10.8312947996504,0.0 -49.508719,-10.8313419996504,0.0 -49.5085799,-10.8313293996504,0.0 -49.5084409,-10.8313047996504,0.0 -49.508308,-10.8312562996505,0.0 -49.5081752,-10.8311957996504,0.0 -49.5080484,-10.8311413996505,0.0 -49.5079217,-10.8310809996505,0.0 -49.5077888,-10.8310444996505,0.0 -49.5076498,-10.8310078996505,0.0 -49.5075108,-10.8309772996505,0.0 -49.5073779,-10.8309407996505,0.0 -49.5072512,-10.8308863996505,0.0 -49.507233,-10.8308802996505,0.0 -49.5071122,-10.8308617996505,0.0 -49.5069793,-10.8308072996505,0.0 -49.5068403,-10.8307886996505,0.0 -49.5067074,-10.8307461996505,0.0 -49.5065806,-10.8306916996505,0.0 -49.5064539,-10.8306312996505,0.0 -49.5063393,-10.8305529996505,0.0 -49.5062309,-10.8304567996505,0.0 -49.5061589,-10.8303368996505,0.0 -49.5061354,-10.8301991996505,0.0 -49.5060998,-10.8300674996505,0.0 -49.5060399,-10.8299415996505,0.0 -49.5060399,-10.8299355996505,0.0 -49.5060104,-10.8297858996505,0.0 -49.505999,-10.8296482996505,0.0 -49.5060118,-10.8295107996505,0.0 -49.5060125,-10.8293732996505,0.0 -49.5060131,-10.8292357996505,0.0 -49.5060199,-10.8290981996505,0.0 -49.5060448,-10.8289607996505,0.0 -49.5060696,-10.8288233996505,0.0 -49.5060764,-10.8286858996505,0.0 -49.5060765,-10.8286618996505,0.0 -49.5060225,-10.8285599996505,0.0 -49.5059809,-10.8284281996505,0.0 -49.5059028,-10.8283082996505,0.0 -49.5058187,-10.8281941996505,0.0 -49.5057285,-10.8280860996505,0.0 -49.5056383,-10.8279780996506,0.0 -49.5055177,-10.8278996996506,0.0 -49.5053909,-10.8278452996506,0.0 -49.5052519,-10.8278146996506,0.0 -49.505119,-10.8277721996506,0.0 -49.5050227,-10.8276700996506,0.0 -49.5049265,-10.8275678996506,0.0 -49.504818,-10.8274836996506,0.0 -49.5046912,-10.8274291996506,0.0 -49.504552,-10.8274345996506,0.0 -49.5044427,-10.8275176996506,0.0 -49.5043937,-10.8276490996506,0.0 -49.5043749,-10.8277864996506,0.0 -49.5043439,-10.8279238996506,0.0 -49.504307,-10.8280552996506,0.0 -49.50427,-10.8281866996505,0.0 -49.5042331,-10.8283180996505,0.0 -49.5041961,-10.8284494996505,0.0 -49.5041627,-10.8285039996505,0.0 -49.504123,-10.8285686996505,0.0 -49.5040016,-10.8286338996505,0.0 -49.5038803,-10.8286990996505,0.0 -49.5037412,-10.8287043996505,0.0 -49.5036021,-10.8286917996505,0.0 -49.5034692,-10.8286432996505,0.0 -49.5033302,-10.8286306996505,0.0 -49.5033272,-10.8286290996505,0.0 -49.5032095,-10.8285642996505,0.0 -49.5031132,-10.8284621996505,0.0 -49.5030837,-10.8283244996505,0.0 -49.5031327,-10.8281931996505,0.0 -49.5032119,-10.8280798996506,0.0 -49.503267,-10.8279545996506,0.0 -49.5032979,-10.8278171996506,0.0 -49.5033228,-10.8276797996506,0.0 -49.5033416,-10.8275422996506,0.0 -49.5033605,-10.8274048996506,0.0 -49.5033853,-10.8272673996506,0.0 -49.5034102,-10.8271299996506,0.0 -49.5034593,-10.8269986996506,0.0 -49.5035023,-10.8268672996506,0.0 -49.5035029,-10.8267297996506,0.0 -49.5034794,-10.8265920996506,0.0 -49.5034795,-10.8265681996506,0.0 -49.503468,-10.8264544996506,0.0 -49.5034081,-10.8263285996506,0.0 -49.5033179,-10.8262204996506,0.0 -49.5031973,-10.8261541996506,0.0 -49.5030827,-10.8260758996506,0.0 -49.5029682,-10.8259975996506,0.0 -49.5028475,-10.8259251996506,0.0 -49.5027085,-10.8259125996506,0.0 -49.5025692,-10.8259417996506,0.0 -49.5024358,-10.8259949996506,0.0 -49.5023024,-10.8260660996506,0.0 -49.5021751,-10.8261192996506,0.0 -49.5020298,-10.8261364996506,0.0 -49.5018907,-10.8261298996506,0.0 -49.5017517,-10.8261052996506,0.0 -49.5016127,-10.8260806996506,0.0 -49.5014676,-10.8260560996506,0.0 -49.5013475,-10.8260347996506,0.0 -49.5013286,-10.8260314996506,0.0 -49.5011958,-10.8259829996506,0.0 -49.5010812,-10.8258986996506,0.0 -49.5010092,-10.8257786996506,0.0 -49.5009372,-10.8256587996506,0.0 -49.5008713,-10.8255387996506,0.0 -49.5008114,-10.8254129996506,0.0 -49.5007576,-10.8252870996506,0.0 -49.5006917,-10.8251671996506,0.0 -49.5006378,-10.8250412996506,0.0 -49.5005901,-10.8249094996506,0.0 -49.5005302,-10.8247836996507,0.0 -49.5004582,-10.8246636996507,0.0 -49.5003984,-10.8245377996507,0.0 -49.5003142,-10.8244297996507,0.0 -49.5002604,-10.8243038996507,0.0 -49.5002127,-10.8241720996507,0.0 -49.5002127,-10.8241660996507,0.0 -49.5001712,-10.8240044996507,0.0 -49.50019,-10.8238669996507,0.0 -49.5002209,-10.8237295996507,0.0 -49.5003061,-10.8236223996507,0.0 -49.5004034,-10.8235211996507,0.0 -49.5005188,-10.8234379996507,0.0 -49.5006341,-10.8233607996507,0.0 -49.5006523,-10.8233548996507,0.0 -49.5007314,-10.8232595996507,0.0 -49.5008467,-10.8231823996507,0.0 -49.5009508,-10.8231031996507,0.0 -49.500956,-10.8230991996507,0.0 -49.500993,-10.8229678996507,0.0 -49.5009634,-10.8228301996507,0.0 -49.5008914,-10.8227101996507,0.0 -49.5008255,-10.8225842996507,0.0 -49.5007778,-10.8224524996507,0.0 -49.500724,-10.8223206996507,0.0 -49.5007263,-10.8222957996507,0.0 -49.5006555,-10.8222196996507,0.0 -49.5005446,-10.8221353996507,0.0 -49.5004264,-10.8220630996507,0.0 -49.5002984,-10.8220098996507,0.0 -49.500296,-10.8220097996507,0.0 -49.5002284,-10.8219903996507,0.0 -49.5001776,-10.8219781996507,0.0 -49.5000517,-10.8220014996507,0.0 -49.5000225,-10.8220180996507,0.0 -49.5000009,-10.8220202996507,0.0 -49.4999442,-10.8220382996507,0.0 -49.4999151,-10.8220501996507,0.0 -49.4998831,-10.8220565996507,0.0 -49.499851,-10.8220599996507,0.0 -49.4998292,-10.8220598996507,0.0 -49.499799,-10.8220555996507,0.0 -49.4997748,-10.8220542996507,0.0 -49.4997397,-10.8220498996507,0.0 -49.4997155,-10.8220479996507,0.0 -49.499684,-10.8220423996507,0.0 -49.4996703,-10.8220427996507,0.0 -49.4995759,-10.8220494996507,0.0 -49.4994815,-10.8220526996507,0.0 -49.4993872,-10.8220521996507,0.0 -49.4992928,-10.8220517996507,0.0 -49.4991979,-10.8220475996507,0.0 -49.4991078,-10.8220220996507,0.0 -49.4990246,-10.8219822996507,0.0 -49.4989449,-10.8219351996507,0.0 -49.4988617,-10.8218917996507,0.0 -49.4987748,-10.8218518996507,0.0 -49.4986878,-10.8218155996507,0.0 -49.4985972,-10.8217899996507,0.0 -49.4984993,-10.8217823996507,0.0 -49.4984049,-10.8217818996507,0.0 -49.4983069,-10.8217849996507,0.0 -49.4982125,-10.8217880996507,0.0 -49.4981182,-10.8217804996507,0.0 -49.4980349,-10.8217405996507,0.0 -49.4979772,-10.8216649996507,0.0 -49.4979813,-10.8215716996507,0.0 -49.4979879,-10.8215607996507,0.0 -49.4980288,-10.8214929996507,0.0 -49.4980945,-10.8214286996508,0.0 -49.4980981,-10.8214323996508,0.0 -49.4981746,-10.8213824996508,0.0 -49.4982366,-10.8213145996508,0.0 -49.4982661,-10.8212285996508,0.0 -49.4982702,-10.8211353996508,0.0 -49.4982525,-10.8210455996508,0.0 -49.4981948,-10.8209734996508,0.0 -49.4981188,-10.8209192996508,0.0 -49.4980319,-10.8208829996508,0.0 -49.4979523,-10.8208359996508,0.0 -49.4978763,-10.8207853996508,0.0 -49.4978259,-10.8207097996508,0.0 -49.4978118,-10.8206199996508,0.0 -49.4978014,-10.8205230996508,0.0 -49.4977801,-10.8204332996508,0.0 -49.4977406,-10.8203469996508,0.0 -49.4976646,-10.8202927996508,0.0 -49.4975776,-10.8202635996508,0.0 -49.497487,-10.8202380996508,0.0 -49.4973927,-10.8202232996508,0.0 -49.4972984,-10.8202227996508,0.0 -49.4972712,-10.8202269996508,0.0 -49.4972076,-10.8202366996508,0.0 -49.4971203,-10.8202649996508,0.0 -49.4970438,-10.8203148996508,0.0 -49.4969782,-10.8203826996508,0.0 -49.4969632,-10.8204723996508,0.0 -49.496988,-10.8205944996508,0.0 -49.4969916,-10.8205944996508,0.0 -49.4970491,-10.8207203996508,0.0 -49.4970668,-10.8208101996508,0.0 -49.4970699,-10.8209070996508,0.0 -49.4970332,-10.8209929996508,0.0 -49.4969748,-10.8210644996508,0.0 -49.4968947,-10.8211106996508,0.0 -49.496811,-10.8211569996508,0.0 -49.4967237,-10.8211887996508,0.0 -49.4966328,-10.8212170996508,0.0 -49.496542,-10.8212345996508,0.0 -49.4964476,-10.8212412996508,0.0 -49.4963532,-10.8212479996508,0.0 -49.4962623,-10.8212726996508,0.0 -49.496175,-10.8213152996508,0.0 -49.4960913,-10.8213579996508,0.0 -49.4960913,-10.8213615996508,0.0 -49.4960256,-10.8214401996508,0.0 -49.4959816,-10.8215296996507,0.0 -49.495963,-10.8216192996507,0.0 -49.4959516,-10.8217160996507,0.0 -49.4959439,-10.8218093996507,0.0 -49.4959253,-10.8218989996507,0.0 -49.4958813,-10.8219812996507,0.0 -49.4958084,-10.8220419996507,0.0 -49.495732,-10.8220917996507,0.0 -49.4956447,-10.8221236996507,0.0 -49.4955501,-10.8221590996507,0.0 -49.4954447,-10.8221872996507,0.0 -49.4953539,-10.8222047996507,0.0 -49.4952595,-10.8222114996507,0.0 -49.4951652,-10.8222074996507,0.0 -49.4950636,-10.8221997996507,0.0 -49.4950599,-10.8221997996507,0.0 -49.4950184,-10.8221909996507,0.0 -49.4949729,-10.8221813996507,0.0 -49.4948823,-10.8221558996507,0.0 -49.494781,-10.8220979996507,0.0 -49.4947087,-10.8220401996507,0.0 -49.4946867,-10.8220057996507,0.0 -49.4946806,-10.8219961996507,0.0 -49.4946582,-10.8219609996507,0.0 -49.494626,-10.8218746996507,0.0 -49.4946228,-10.8217813996507,0.0 -49.4946342,-10.8216881996507,0.0 -49.4946528,-10.8215985996507,0.0 -49.4946823,-10.8215125996507,0.0 -49.4947117,-10.8214265996508,0.0 -49.4946868,-10.8213367996508,0.0 -49.4946291,-10.8212646996508,0.0 -49.4945347,-10.8212534996508,0.0 -49.4944439,-10.8212709996508,0.0 -49.4943638,-10.8213172996508,0.0 -49.494291,-10.8213742996508,0.0 -49.4942473,-10.8213902996508,0.0 -49.4942037,-10.8214061996508,0.0 -49.4941093,-10.8214092996508,0.0 -49.4940224,-10.8213765996508,0.0 -49.4939427,-10.8213295996508,0.0 -49.4939105,-10.8212432996508,0.0 -49.4939219,-10.8211500996508,0.0 -49.4939622,-10.8210676996508,0.0 -49.4940062,-10.8209853996508,0.0 -49.4940682,-10.8209174996508,0.0 -49.4940828,-10.8209103996508,0.0 -49.4941013,-10.8208315996508,0.0 -49.4940763,-10.8207417996508,0.0 -49.494015,-10.8206732996508,0.0 -49.4939609,-10.8205976996508,0.0 -49.493885,-10.8205398996508,0.0 -49.4938017,-10.8204999996508,0.0 -49.4937147,-10.8204672996508,0.0 -49.4936204,-10.8204667996508,0.0 -49.4935367,-10.8205058996508,0.0 -49.4934566,-10.8205520996508,0.0 -49.4933802,-10.8206019996508,0.0 -49.4932965,-10.8206410996508,0.0 -49.4932021,-10.8206441996508,0.0 -49.4931225,-10.8205971996508,0.0 -49.4930502,-10.8205357996508,0.0 -49.4929779,-10.8204744996508,0.0 -49.4929384,-10.8203916996508,0.0 -49.492928,-10.8202983996508,0.0 -49.4929357,-10.8202050996508,0.0 -49.4929652,-10.8201191996508,0.0 -49.4930055,-10.8200367996508,0.0 -49.4930458,-10.8199544996508,0.0 -49.493097,-10.8198757996508,0.0 -49.4931446,-10.8197970996508,0.0 -49.493185,-10.8197147996508,0.0 -49.4932361,-10.8196396996508,0.0 -49.4932946,-10.8195681996508,0.0 -49.4933313,-10.8194821996508,0.0 -49.4933245,-10.8193852996508,0.0 -49.493285,-10.8193025996508,0.0 -49.4932164,-10.8192412996508,0.0 -49.4931367,-10.8191941996508,0.0 -49.4930462,-10.8191614996508,0.0 -49.4929518,-10.8191609996508,0.0 -49.492861,-10.8191784996508,0.0 -49.4927701,-10.8192031996508,0.0 -49.4927451,-10.8192121996508,0.0 -49.4926719,-10.8192385996508,0.0 -49.4926719,-10.8192421996508,0.0 -49.4925954,-10.8193063996508,0.0 -49.4925442,-10.8193814996508,0.0 -49.4924966,-10.8194601996508,0.0 -49.4924454,-10.8195352996508,0.0 -49.4923942,-10.8196175996508,0.0 -49.492343,-10.8196926996508,0.0 -49.4922773,-10.8197605996508,0.0 -49.4922117,-10.8198247996508,0.0 -49.4921388,-10.8198818996508,0.0 -49.4920551,-10.8199316996508,0.0 -49.4919678,-10.8199707996508,0.0 -49.4918769,-10.8200061996508,0.0 -49.491786,-10.8200236996508,0.0 -49.4916917,-10.8200231996508,0.0 -49.4915973,-10.8200191996508,0.0 -49.491503,-10.8200043996508,0.0 -49.4914087,-10.8199859996508,0.0 -49.4913181,-10.8199675996508,0.0 -49.4912275,-10.8199383996508,0.0 -49.4911895,-10.8199130996508,0.0 -49.4911515,-10.8198877996508,0.0 -49.4910865,-10.8198192996508,0.0 -49.4910252,-10.8197508996508,0.0 -49.4909711,-10.8196751996508,0.0 -49.4909061,-10.8196102996508,0.0 -49.4908301,-10.8195596996508,0.0 -49.4907432,-10.8195233996508,0.0 -49.4907396,-10.8195233996508,0.0 -49.4906671,-10.8195050996508,0.0 -49.4904313,-10.8194787996508,0.0 -49.4902606,-10.8194923996508,0.0 -49.4900975,-10.8194592996508,0.0 -49.4899707,-10.8193975996508,0.0 -49.489855,-10.8193252996508,0.0 -49.4897756,-10.8192244996508,0.0 -49.4896962,-10.8191450996508,0.0 -49.4896058,-10.8190656996508,0.0 -49.4894829,-10.8189717996508,0.0 -49.4893091,-10.8188955996508,0.0 -49.4891785,-10.8188805996508,0.0 -49.4890692,-10.8189482996508,0.0 -49.4889599,-10.8190338996508,0.0 -49.4888071,-10.8191012996508,0.0 -49.4887019,-10.8190899996508,0.0 -49.4886441,-10.8190502996508,0.0 -49.4885542,-10.8188703996508,0.0 -49.4885367,-10.8187446996508,0.0 -49.4884905,-10.8185435996508,0.0 -49.4884586,-10.8184070996508,0.0 -49.4884444,-10.8183423996508,0.0 -49.488369,-10.8181625996509,0.0 -49.4882423,-10.8180973996509,0.0 -49.4881155,-10.8180644996509,0.0 -49.4880208,-10.8181214996509,0.0 -49.487944,-10.8182358996508,0.0 -49.4878599,-10.8183538996508,0.0 -49.4877278,-10.8184271996508,0.0 -49.4877253,-10.8184285996508,0.0 -49.4875475,-10.8184204996508,0.0 -49.4873844,-10.8183730996508,0.0 -49.4872977,-10.8182829996508,0.0 -49.4872729,-10.8181679996509,0.0 -49.4872733,-10.8180782996509,0.0 -49.4872709,-10.8178342996509,0.0 -49.4872723,-10.8178109996509,0.0 -49.4872828,-10.8176369996509,0.0 -49.4872548,-10.8174358996509,0.0 -49.4872263,-10.8173209996509,0.0 -49.4871397,-10.8172164996509,0.0 -49.4870493,-10.8171550996509,0.0 -49.4868355,-10.8170821996509,0.0 -49.4866215,-10.8170632996509,0.0 -49.4863638,-10.8170511996509,0.0 -49.4863038,-10.8170520996509,0.0 -49.486156,-10.8170543996509,0.0 -49.4860081,-10.8170566996509,0.0 -49.4859902,-10.8170600996509,0.0 -49.4857901,-10.8170985996509,0.0 -49.485536,-10.8171224996509,0.0 -49.4852965,-10.8171141996509,0.0 -49.4850969,-10.8170951996509,0.0 -49.4849411,-10.8170441996509,0.0 -49.4847709,-10.8169680996509,0.0 -49.4847097,-10.8168708996509,0.0 -49.484703,-10.8167595996509,0.0 -49.4846926,-10.8166554996509,0.0 -49.4846604,-10.8165727996509,0.0 -49.4845362,-10.8163604996509,0.0 -49.4844121,-10.8161481996509,0.0 -49.4844009,-10.8161291996509,0.0 -49.4842861,-10.8159340996509,0.0 -49.4841602,-10.8157198996509,0.0 -49.4840158,-10.8155648996509,0.0 -49.4837987,-10.8154238996509,0.0 -49.4835996,-10.8153224996509,0.0 -49.4834075,-10.8152712996509,0.0 -49.483208,-10.8152379996509,0.0 -49.4830683,-10.8152373996509,0.0 -49.4829285,-10.8152366996509,0.0 -49.4827106,-10.8152714996509,0.0 -49.4825506,-10.8153316996509,0.0 -49.4824631,-10.8154173996509,0.0 -49.4824262,-10.8155355996509,0.0 -49.4824001,-10.8156610996509,0.0 -49.4824103,-10.8158117996509,0.0 -49.4824856,-10.8159915996509,0.0 -49.4826267,-10.8160783996509,0.0 -49.48275,-10.8161004996509,0.0 -49.4828807,-10.8160939996509,0.0 -49.4830258,-10.8161054996509,0.0 -49.4832578,-10.8161604996509,0.0 -49.4835188,-10.8162370996509,0.0 -49.4836091,-10.8162906996509,0.0 -49.4836346,-10.8163057996509,0.0 -49.4836777,-10.8163849996509,0.0 -49.4836952,-10.8165106996509,0.0 -49.4836399,-10.8166861996509,0.0 -49.4835961,-10.8167400996509,0.0 -49.4835267,-10.8168255996509,0.0 -49.4833337,-10.8169573996509,0.0 -49.4831337,-10.8170245996509,0.0 -49.4829667,-10.8170434996509,0.0 -49.4827996,-10.8170623996509,0.0 -49.4827729,-10.8170594996509,0.0 -49.4826618,-10.8170473996509,0.0 -49.4825239,-10.8170323996509,0.0 -49.4823391,-10.8169704996509,0.0 -49.4822523,-10.8169089996509,0.0 -49.4822345,-10.8168443996509,0.0 -49.4822471,-10.8167748996509,0.0 -49.4822494,-10.8167618996509,0.0 -49.4822861,-10.8166795996509,0.0 -49.4823447,-10.8165757996509,0.0 -49.4824033,-10.8164719996509,0.0 -49.4824184,-10.8163500996509,0.0 -49.4823609,-10.8162421996509,0.0 -49.4822706,-10.8161591996509,0.0 -49.4821438,-10.8161046996509,0.0 -49.4820568,-10.8160935996509,0.0 -49.4818538,-10.8160422996509,0.0 -49.4816545,-10.8159767996509,0.0 -49.4814115,-10.8159503996509,0.0 -49.4812154,-10.8159566996509,0.0 -49.4809866,-10.8159841996509,0.0 -49.4807687,-10.8160261996509,0.0 -49.4805286,-10.8161254996509,0.0 -49.4803466,-10.8162393996509,0.0 -49.4801897,-10.8163893996509,0.0 -49.4800658,-10.8164891996509,0.0 -49.4799385,-10.8165441996509,0.0 -49.4798112,-10.8165991996509,0.0 -49.4796675,-10.8166576996509,0.0 -49.4795239,-10.8167161996509,0.0 -49.4793747,-10.8167871996509,0.0 -49.4792255,-10.8168582996509,0.0 -49.4790472,-10.8169649996509,0.0 -49.4788688,-10.8170717996509,0.0 -49.4787269,-10.8171428996509,0.0 -49.4785453,-10.8171670996509,0.0 -49.4783784,-10.8171482996509,0.0 -49.4782443,-10.8171117996509,0.0 -49.4780777,-10.8170319996509,0.0 -49.4778856,-10.8169879996509,0.0 -49.4776569,-10.8169940996509,0.0 -49.4774677,-10.8170935996509,0.0 -49.477333,-10.8171718996509,0.0 -49.4771877,-10.8171854996509,0.0 -49.4769701,-10.8171628996509,0.0 -49.4767924,-10.8171296996509,0.0 -49.4767277,-10.8171080996509,0.0 -49.4765641,-10.8170532996509,0.0 -49.4763579,-10.8169301996509,0.0 -49.4762208,-10.8167608996509,0.0 -49.4761707,-10.8166170996509,0.0 -49.4761642,-10.8164771996509,0.0 -49.4761717,-10.8164508996509,0.0 -49.4762011,-10.8163481996509,0.0 -49.4762528,-10.8161833996509,0.0 -49.4762752,-10.8160434996509,0.0 -49.4762507,-10.8158639996509,0.0 -49.4762259,-10.8157418996509,0.0 -49.4761902,-10.8156411996509,0.0 -49.4761036,-10.8155403996509,0.0 -49.4760388,-10.8154323996509,0.0 -49.4758655,-10.8152520996509,0.0 -49.475757,-10.8151690996509,0.0 -49.4756123,-10.8150785996509,0.0 -49.4753876,-10.815002199651,0.0 -49.4752208,-10.814974399651,0.0 -49.475054,-10.814946699651,0.0 -49.4747892,-10.814927499651,0.0 -49.4746258,-10.8149409996509,0.0 -49.4744802,-10.815011999651,0.0 -49.4743275,-10.815072299651,0.0 -49.4741494,-10.8151180996509,0.0 -49.4741168,-10.8151132996509,0.0 -49.4739463,-10.8150882996509,0.0 -49.4737832,-10.815033699651,0.0 -49.4737255,-10.814979599651,0.0 -49.4736716,-10.814871699651,0.0 -49.4736214,-10.814735099651,0.0 -49.4736158,-10.814722999651,0.0 -49.4735532,-10.814587599651,0.0 -49.4734271,-10.814407599651,0.0 -49.4732898,-10.814284899651,0.0 -49.473174,-10.814223399651,0.0 -49.4730145,-10.814179499651,0.0 -49.472855,-10.814135699651,0.0 -49.4726553,-10.814152599651,0.0 -49.4724155,-10.814201699651,0.0 -49.4722521,-10.814211599651,0.0 -49.4720128,-10.814178199651,0.0 -49.4718677,-10.814148699651,0.0 -49.4717227,-10.814112099651,0.0 -49.4715669,-10.814075499651,0.0 -49.4714034,-10.814099799651,0.0 -49.4712358,-10.814228099651,0.0 -49.4710685,-10.814306199651,0.0 -49.4709014,-10.814330499651,0.0 -49.47076,-10.814297499651,0.0 -49.47063,-10.814160499651,0.0 -49.4705581,-10.814034599651,0.0 -49.4704497,-10.813937199651,0.0 -49.4702214,-10.813857099651,0.0 -49.4700618,-10.813834799651,0.0 -49.4699023,-10.813812499651,0.0 -49.4697226,-10.813820499651,0.0 -49.4695429,-10.813828599651,0.0 -49.4693577,-10.813842099651,0.0 -49.4691725,-10.813855499651,0.0 -49.4690272,-10.813883499651,0.0 -49.4688819,-10.813911499651,0.0 -49.4686455,-10.814003599651,0.0 -49.468489,-10.814088899651,0.0 -49.4683427,-10.814317899651,0.0 -49.4683056,-10.814461199651,0.0 -49.4683266,-10.814611999651,0.0 -49.4683731,-10.814759299651,0.0 -49.4684517,-10.8149929996509,0.0 -49.468458,-10.8151974996509,0.0 -49.4684315,-10.8154054996509,0.0 -49.4683545,-10.8155611996509,0.0 -49.4682775,-10.8157168996509,0.0 -49.4682097,-10.8158385996509,0.0 -49.468142,-10.8159601996509,0.0 -49.4680108,-10.8160671996509,0.0 -49.4678363,-10.8161165996509,0.0 -49.4676693,-10.8161229996509,0.0 -49.4674772,-10.8160681996509,0.0 -49.4672601,-10.8159486996509,0.0 -49.4671082,-10.8158330996509,0.0 -49.467047,-10.8157358996509,0.0 -49.4669901,-10.8155131996509,0.0 -49.4669725,-10.8153874996509,0.0 -49.4668789,-10.8152434996509,0.0 -49.4667305,-10.8151745996509,0.0 -49.4665565,-10.8151198996509,0.0 -49.4663786,-10.8151297996509,0.0 -49.4661823,-10.8151897996509,0.0 -49.4660368,-10.8152572996509,0.0 -49.4658725,-10.8154537996509,0.0 -49.4657084,-10.8156000996509,0.0 -49.4655738,-10.8156675996509,0.0 -49.465367,-10.8156557996509,0.0 -49.4652113,-10.8155832996509,0.0 -49.4650922,-10.8154498996509,0.0 -49.4650458,-10.8152845996509,0.0 -49.4650029,-10.8151516996509,0.0 -49.4649566,-10.8149935996509,0.0 -49.4648447,-10.814867399651,0.0 -49.4646927,-10.814780499651,0.0 -49.4645147,-10.814819099651,0.0 -49.4644196,-10.8149477996509,0.0 -49.4642738,-10.8150834996509,0.0 -49.4641249,-10.8151006996509,0.0 -49.4639365,-10.8150350996509,0.0 -49.4637445,-10.814951599651,0.0 -49.4636143,-10.814861299651,0.0 -49.4635204,-10.814781899651,0.0 -49.463482,-10.814737099651,0.0 -49.4634554,-10.814706199651,0.0 -49.4634053,-10.814576799651,0.0 -49.4633839,-10.814497699651,0.0 -49.4633714,-10.814432699651,0.0 -49.4633591,-10.814368399651,0.0 -49.46332,-10.814210399651,0.0 -49.4632701,-10.814041499651,0.0 -49.4631661,-10.813786199651,0.0 -49.4630401,-10.813588199651,0.0 -49.4628815,-10.813372099651,0.0 -49.4627807,-10.813210199651,0.0 -49.4626073,-10.813058599651,0.0 -49.4624048,-10.812906899651,0.0 -49.4622546,-10.812827199651,0.0 -49.4621044,-10.812747499651,0.0 -49.4618835,-10.812599099651,0.0 -49.4617608,-10.812494599651,0.0 -49.4617142,-10.812383199651,0.0 -49.4617125,-10.812335699651,0.0 -49.461711,-10.812296999651,0.0 -49.4617188,-10.812192999651,0.0 -49.4617124,-10.812027899651,0.0 -49.4616657,-10.811937999651,0.0 -49.4616448,-10.811923799651,0.0 -49.4615644,-10.811869299651,0.0 -49.4613072,-10.8117746996511,0.0 -49.4611043,-10.811701999651,0.0 -49.4610033,-10.8115794996511,0.0 -49.4609677,-10.8114536996511,0.0 -49.4609829,-10.8113173996511,0.0 -49.4610377,-10.8112458996511,0.0 -49.461136,-10.8111853996511,0.0 -49.4612452,-10.8111249996511,0.0 -49.4613362,-10.8110787996511,0.0 -49.4614454,-10.8110110996511,0.0 -49.461522,-10.8109397996511,0.0 -49.4615767,-10.8108504996511,0.0 -49.46161,-10.8107535996511,0.0 -49.4616106,-10.8106423996511,0.0 -49.4616007,-10.8104521996511,0.0 -49.4615471,-10.8102796996511,0.0 -49.4614679,-10.8101500996511,0.0 -49.4613598,-10.8099952996511,0.0 -49.4612625,-10.8098583996511,0.0 -49.4611651,-10.8097538996511,0.0 -49.4609331,-10.8096880996511,0.0 -49.4607155,-10.8096583996511,0.0 -49.460534,-10.8096717996511,0.0 -49.4603635,-10.8096529996511,0.0 -49.460215,-10.8095840996511,0.0 -49.4601067,-10.8094794996511,0.0 -49.4600092,-10.8093713996511,0.0 -49.4599153,-10.8092811996511,0.0 -49.4598105,-10.8092088996511,0.0 -49.4596404,-10.8091147996511,0.0 -49.4595081,-10.8090692996511,0.0 -49.4593759,-10.8090236996511,0.0 -49.4592381,-10.8089889996511,0.0 -49.4591004,-10.8089541996511,0.0 -49.4588866,-10.8088884996511,0.0 -49.4587743,-10.8088484996511,0.0 -49.4586295,-10.8087759996511,0.0 -49.4584378,-10.8086422996511,0.0 -49.4582715,-10.8085194996511,0.0 -49.4581413,-10.8084254996512,0.0 -49.4579928,-10.8083673996512,0.0 -49.4578443,-10.8083091996512,0.0 -49.4576519,-10.8083118996512,0.0 -49.4575618,-10.8083069996512,0.0 -49.4575068,-10.8083039996512,0.0 -49.4573836,-10.8082566996512,0.0 -49.4572571,-10.8081663996512,0.0 -49.4571669,-10.8080618996512,0.0 -49.4571095,-10.8079287996512,0.0 -49.45707,-10.8078352996512,0.0 -49.4570307,-10.8077238996512,0.0 -49.4569698,-10.8076529996512,0.0 -49.4569441,-10.8076229996512,0.0 -49.4568828,-10.8075472996512,0.0 -49.4567641,-10.8073313996512,0.0 -49.4567014,-10.8071803996512,0.0 -49.4566386,-10.8070293996512,0.0 -49.4565704,-10.8068819996512,0.0 -49.456466,-10.8067127996512,0.0 -49.4563142,-10.8065935996512,0.0 -49.4561293,-10.8065495996512,0.0 -49.4559478,-10.8065630996512,0.0 -49.4557187,-10.8066444996512,0.0 -49.455504,-10.8067581996512,0.0 -49.4553908,-10.8068939996512,0.0 -49.455281,-10.8070835996512,0.0 -49.4552076,-10.8072374996512,0.0 -49.4551417,-10.8073448996512,0.0 -49.4550216,-10.8074195996512,0.0 -49.4548944,-10.8074404996512,0.0 -49.4548206,-10.8074417996512,0.0 -49.4547311,-10.8074432996512,0.0 -49.4545678,-10.8074460996512,0.0 -49.4544081,-10.8074434996512,0.0 -49.4542484,-10.8074408996512,0.0 -49.4541432,-10.8074259996512,0.0 -49.4540239,-10.8073428996512,0.0 -49.4539807,-10.8072708996512,0.0 -49.4539448,-10.8071845996512,0.0 -49.4539091,-10.8070767996512,0.0 -49.453906,-10.8069726996512,0.0 -49.4538884,-10.8068720996512,0.0 -49.4538561,-10.8068037996512,0.0 -49.4537948,-10.8067245996512,0.0 -49.4536398,-10.8065120996512,0.0 -49.4535931,-10.8064077996512,0.0 -49.4535863,-10.8063323996512,0.0 -49.4536084,-10.8062642996512,0.0 -49.4536741,-10.8062000996512,0.0 -49.4537686,-10.8061574996512,0.0 -49.4538922,-10.8061257996512,0.0 -49.4540085,-10.8060940996512,0.0 -49.4541213,-10.8060336996512,0.0 -49.4541979,-10.8059550996512,0.0 -49.4542602,-10.8058369996512,0.0 -49.4542462,-10.8057436996512,0.0 -49.4541488,-10.8056282996512,0.0 -49.4539937,-10.8054481996512,0.0 -49.4539397,-10.8053870996512,0.0 -49.4538313,-10.8052642996512,0.0 -49.4536759,-10.8051235996513,0.0 -49.4535822,-10.8050082996513,0.0 -49.4535137,-10.8049074996513,0.0 -49.4534524,-10.8048246996513,0.0 -49.4533766,-10.8047560996513,0.0 -49.4532064,-10.8046870996513,0.0 -49.4529998,-10.8046178996513,0.0 -49.4527535,-10.8045305996513,0.0 -49.4526157,-10.8044993996513,0.0 -49.452478,-10.8044681996513,0.0 -49.4523003,-10.8044349996513,0.0 -49.4521735,-10.8043876996513,0.0 -49.452076,-10.8043010996513,0.0 -49.4519933,-10.8041499996513,0.0 -49.4519177,-10.8040203996513,0.0 -49.4518492,-10.8039446996513,0.0 -49.4517659,-10.8038976996513,0.0 -49.4516898,-10.8038828996513,0.0 -49.4515697,-10.8039361996513,0.0 -49.4515257,-10.8040399996513,0.0 -49.4514577,-10.8041939996513,0.0 -49.4513898,-10.8043478996513,0.0 -49.4512692,-10.8045087996513,0.0 -49.4512447,-10.8045229996513,0.0 -49.4511345,-10.8045869996513,0.0 -49.4509892,-10.8046113996513,0.0 -49.4509382,-10.8045926996513,0.0 -49.4508407,-10.8045568996513,0.0 -49.4507504,-10.8044810996513,0.0 -49.450711,-10.8043767996513,0.0 -49.4507155,-10.8041937996513,0.0 -49.4507164,-10.8040179996513,0.0 -49.4506845,-10.8038814996513,0.0 -49.4505911,-10.8036836996513,0.0 -49.4505045,-10.8035863996513,0.0 -49.4503923,-10.8035283996513,0.0 -49.4502072,-10.8035274996513,0.0 -49.4500871,-10.8035949996513,0.0 -49.4499741,-10.8036841996513,0.0 -49.4499519,-10.8037737996513,0.0 -49.4499624,-10.8038598996513,0.0 -49.4500162,-10.8039713996513,0.0 -49.4500845,-10.8041116996513,0.0 -49.4500911,-10.8042337996513,0.0 -49.4500687,-10.8043591996513,0.0 -49.4500065,-10.8044449996513,0.0 -49.4498791,-10.8045196996513,0.0 -49.4498219,-10.8045410996513,0.0 -49.4497082,-10.8045834996513,0.0 -49.4495447,-10.8046220996513,0.0 -49.4493667,-10.8046462996513,0.0 -49.4491999,-10.8046167996513,0.0 -49.4490261,-10.8045369996513,0.0 -49.4489141,-10.8044394996513,0.0 -49.4488493,-10.8043494996513,0.0 -49.448817,-10.8042739996513,0.0 -49.4488154,-10.8042143996513,0.0 -49.448814,-10.8041591996513,0.0 -49.4488617,-10.8040445996513,0.0 -49.4489311,-10.8039695996513,0.0 -49.4490404,-10.8038839996513,0.0 -49.4491207,-10.8037982996513,0.0 -49.4491973,-10.8037089996513,0.0 -49.4492342,-10.8035942996513,0.0 -49.4492275,-10.8034902996513,0.0 -49.4491191,-10.8033963996513,0.0 -49.4489924,-10.8033239996513,0.0 -49.4487859,-10.8032619996513,0.0 -49.4485357,-10.8032212996513,0.0 -49.4483706,-10.8032114996513,0.0 -49.4482055,-10.8032016996513,0.0 -49.4479333,-10.8031984996513,0.0 -49.4476612,-10.8031952996513,0.0 -49.4474398,-10.8031870996513,0.0 -49.4472405,-10.8031375996513,0.0 -49.4470411,-10.8030881996513,0.0 -49.4468327,-10.8030314996513,0.0 -49.4466243,-10.8029747996513,0.0 -49.4464629,-10.8029488996513,0.0 -49.4463016,-10.8029229996513,0.0 -49.4460984,-10.8029093996513,0.0 -49.4458952,-10.8028957996513,0.0 -49.4456448,-10.8028873996513,0.0 -49.4453945,-10.8028789996513,0.0 -49.4451949,-10.8028743996513,0.0 -49.4449953,-10.8028697996513,0.0 -49.4447957,-10.8028651996513,0.0 -49.4446505,-10.8028661996513,0.0 -49.4445054,-10.8028672996513,0.0 -49.4443892,-10.8028666996513,0.0 -49.4442548,-10.8028947996513,0.0 -49.4441601,-10.8029516996513,0.0 -49.4440509,-10.8030120996513,0.0 -49.4439236,-10.8030688996513,0.0 -49.4438,-10.8031112996513,0.0 -49.4436111,-10.8031498996513,0.0 -49.443462,-10.8031992996513,0.0 -49.443371,-10.8032598996513,0.0 -49.4432655,-10.8033095996513,0.0 -49.4431023,-10.8032907996513,0.0 -49.4430767,-10.8032799996513,0.0 -49.4430424,-10.8032653996513,0.0 -49.4430081,-10.8032508996513,0.0 -49.4428778,-10.8031927996513,0.0 -49.4427291,-10.8031633996513,0.0 -49.4425841,-10.8031266996513,0.0 -49.4425119,-10.8030581996513,0.0 -49.4424885,-10.8030096996513,0.0 -49.4424652,-10.8029610996513,0.0 -49.4424258,-10.8028603996513,0.0 -49.4423828,-10.8027525996513,0.0 -49.442307,-10.8026731996513,0.0 -49.4421984,-10.8026152996513,0.0 -49.4420932,-10.8026039996513,0.0 -49.4420315,-10.8026143996513,0.0 -49.4419914,-10.8026428996513,0.0 -49.441962,-10.8027073996513,0.0 -49.441947,-10.8028077996513,0.0 -49.4419139,-10.8028972996513,0.0 -49.4418409,-10.8029650996513,0.0 -49.44175,-10.8030148996513,0.0 -49.4415718,-10.8030749996513,0.0 -49.4414449,-10.8030599996513,0.0 -49.4414105,-10.8030400996513,0.0 -49.4413761,-10.8030201996513,0.0 -49.4413474,-10.8029589996513,0.0 -49.4413079,-10.8028834996513,0.0 -49.4412428,-10.8028364996513,0.0 -49.4411451,-10.8027821996513,0.0 -49.4411034,-10.8027747996513,0.0 -49.4410617,-10.8027673996513,0.0 -49.4409781,-10.8027813996513,0.0 -49.4409089,-10.8028240996513,0.0 -49.440789,-10.8028664996513,0.0 -49.4407692,-10.8028718996513,0.0 -49.4406727,-10.8028981996513,0.0 -49.440571,-10.8029048996513,0.0 -49.4404768,-10.8028756996513,0.0 -49.4403828,-10.8028106996513,0.0 -49.4402489,-10.8027309996513,0.0 -49.4401839,-10.8026696996513,0.0 -49.4401338,-10.8025294996513,0.0 -49.4401705,-10.8024507996513,0.0 -49.4402362,-10.8023757996513,0.0 -49.4402837,-10.8023113996513,0.0 -49.4402987,-10.8022217996513,0.0 -49.440281,-10.8021355996513,0.0 -49.4401949,-10.8019341996514,0.0 -49.4401266,-10.8018082996514,0.0 -49.4400583,-10.8016822996514,0.0 -49.4400007,-10.8015854996514,0.0 -49.4399576,-10.8015131996514,0.0 -49.4398928,-10.8014015996514,0.0 -49.4397954,-10.8012934996514,0.0 -49.439629,-10.8011885996514,0.0 -49.4393972,-10.8010976996514,0.0 -49.439278,-10.8010687996514,0.0 -49.439216,-10.8010536996514,0.0 -49.4390711,-10.8009919996514,0.0 -49.438966,-10.8009555996514,0.0 -49.4388572,-10.8009478996514,0.0 -49.4386467,-10.8009431996514,0.0 -49.4384981,-10.8009101996514,0.0 -49.4383389,-10.8008124996514,0.0 -49.4382197,-10.8007006996514,0.0 -49.4381404,-10.8005961996514,0.0 -49.4380654,-10.8003769996514,0.0 -49.4380044,-10.8002294996514,0.0 -49.4379435,-10.8000820996514,0.0 -49.4379398,-10.8000688996514,0.0 -49.4378865,-10.7998772996514,0.0 -49.4378217,-10.7997656996514,0.0 -49.4377387,-10.7996755996514,0.0 -49.4376011,-10.7996210996514,0.0 -49.4374595,-10.7996310996514,0.0 -49.4373031,-10.7996984996514,0.0 -49.4372399,-10.7997240996514,0.0 -49.437154,-10.7997587996514,0.0 -49.4369834,-10.7997650996514,0.0 -49.4368601,-10.7997393996514,0.0 -49.4367661,-10.7996706996514,0.0 -49.4366324,-10.7995587996514,0.0 -49.4365278,-10.7994433996514,0.0 -49.4364668,-10.7992995996514,0.0 -49.4364386,-10.7991307996514,0.0 -49.4364466,-10.7989908996514,0.0 -49.4364619,-10.7988510996514,0.0 -49.4364988,-10.7987327996515,0.0 -49.4365835,-10.7984892996515,0.0 -49.4366934,-10.7982852996515,0.0 -49.4367778,-10.7981026996515,0.0 -49.4368657,-10.7979631996515,0.0 -49.4369534,-10.7978380996515,0.0 -49.4370808,-10.7977597996515,0.0 -49.4371862,-10.7977423996515,0.0 -49.4373131,-10.7977573996515,0.0 -49.4374398,-10.7978261996515,0.0 -49.4375752,-10.7979524996515,0.0 -49.4377107,-10.7980787996515,0.0 -49.4378443,-10.7982121996515,0.0 -49.4379202,-10.7982735996515,0.0 -49.4380108,-10.7982919996515,0.0 -49.4381271,-10.7982673996515,0.0 -49.4382145,-10.7981996996515,0.0 -49.4382621,-10.7981281996515,0.0 -49.4382627,-10.7980097996515,0.0 -49.4381909,-10.7978550996515,0.0 -49.4381118,-10.7977183996515,0.0 -49.4380072,-10.7975515996515,0.0 -49.4379786,-10.7975059996515,0.0 -49.4377835,-10.7973219996515,0.0 -49.4375447,-10.7971915996515,0.0 -49.4374143,-10.7971442996515,0.0 -49.4372839,-10.7970969996515,0.0 -49.4371535,-10.7970496996515,0.0 -49.4370231,-10.7970023996515,0.0 -49.4367802,-10.7969365996515,0.0 -49.4365682,-10.7968852996515,0.0 -49.4363562,-10.7968339996515,0.0 -49.4361061,-10.7967645996515,0.0 -49.4359139,-10.7967420996515,0.0 -49.4357142,-10.7967481996515,0.0 -49.4355036,-10.7967758996515,0.0 -49.4353003,-10.7967927996515,0.0 -49.4350605,-10.7968489996515,0.0 -49.4348606,-10.7968981996515,0.0 -49.4346752,-10.7969474996515,0.0 -49.4344792,-10.7969940996515,0.0 -49.4344536,-10.7970001996515,0.0 -49.4342557,-10.7970116996515,0.0 -49.4340579,-10.7970232996515,0.0 -49.4339237,-10.7970118996515,0.0 -49.4338441,-10.7969575996515,0.0 -49.4337864,-10.7968819996515,0.0 -49.4337253,-10.7967703996515,0.0 -49.4336537,-10.7965834996515,0.0 -49.4336437,-10.7964183996515,0.0 -49.4336303,-10.7962029996515,0.0 -49.433622,-10.7960468996515,0.0 -49.4336137,-10.7958907996515,0.0 -49.4336041,-10.7956538996515,0.0 -49.4335867,-10.7955102996515,0.0 -49.4335401,-10.7953880996516,0.0 -49.433481,-10.7952513996516,0.0 -49.4334218,-10.7951147996516,0.0 -49.4333574,-10.7949385996516,0.0 -49.4333435,-10.7948201996516,0.0 -49.433355,-10.7947017996516,0.0 -49.4333773,-10.7945942996516,0.0 -49.4334286,-10.7945083996516,0.0 -49.4334798,-10.7944153996516,0.0 -49.4336333,-10.7942223996516,0.0 -49.4337322,-10.7940434996516,0.0 -49.433807,-10.7939081996516,0.0 -49.4338311,-10.7938645996516,0.0 -49.433868,-10.7937534996516,0.0 -49.4338939,-10.7936567996516,0.0 -49.4338657,-10.7934807996516,0.0 -49.4338048,-10.7933441996516,0.0 -49.4336893,-10.7932107996516,0.0 -49.4335267,-10.7930807996516,0.0 -49.4334507,-10.7930373996516,0.0 -49.4332551,-10.7929610996516,0.0 -49.4330703,-10.7929080996516,0.0 -49.4328855,-10.7928550996516,0.0 -49.4327224,-10.7928111996516,0.0 -49.4325902,-10.7927756996516,0.0 -49.4325593,-10.7927673996516,0.0 -49.4323963,-10.7927054996516,0.0 -49.4322333,-10.7926436996516,0.0 -49.4321282,-10.7926251996516,0.0 -49.4319539,-10.7926458996516,0.0 -49.4317543,-10.7926376996516,0.0 -49.4315475,-10.7926258996516,0.0 -49.4313663,-10.7925818996516,0.0 -49.4311852,-10.7925127996516,0.0 -49.4310513,-10.7924403996516,0.0 -49.4309864,-10.7923610996516,0.0 -49.4309542,-10.7922747996516,0.0 -49.4309727,-10.7921887996516,0.0 -49.4309988,-10.7920668996517,0.0 -49.4310536,-10.7919882996517,0.0 -49.4311412,-10.7919061996517,0.0 -49.4312106,-10.7918024996517,0.0 -49.431317,-10.7915805996517,0.0 -49.4313277,-10.7915549996517,0.0 -49.4313869,-10.7914122996517,0.0 -49.4314093,-10.7912939996517,0.0 -49.4313807,-10.7912004996517,0.0 -49.4313302,-10.7911356996517,0.0 -49.4312903,-10.7911201996517,0.0 -49.431218,-10.7910920996517,0.0 -49.431109,-10.7911022996517,0.0 -49.4310106,-10.7911878996517,0.0 -49.4309267,-10.7912663996517,0.0 -49.4308069,-10.7912801996517,0.0 -49.430691,-10.7912328996517,0.0 -49.4306079,-10.7911678996517,0.0 -49.4305394,-10.7910778996517,0.0 -49.4303985,-10.7909586996517,0.0 -49.4303481,-10.7908759996517,0.0 -49.4303633,-10.7907432996517,0.0 -49.4304037,-10.7906465996517,0.0 -49.4304768,-10.7905428996517,0.0 -49.4305865,-10.7903999996517,0.0 -49.4306599,-10.7902423996517,0.0 -49.4306784,-10.7901599996517,0.0 -49.4306501,-10.7900306996517,0.0 -49.4305997,-10.7899370996517,0.0 -49.430477,-10.7898216996517,0.0 -49.4303102,-10.7897777996517,0.0 -49.4301361,-10.7897625996517,0.0 -49.4299476,-10.7897256996517,0.0 -49.429752,-10.7896601996517,0.0 -49.4296143,-10.7896055996517,0.0 -49.4294767,-10.7895510996517,0.0 -49.429314,-10.7894425996517,0.0 -49.4291512,-10.7893341996517,0.0 -49.4290212,-10.7892186996517,0.0 -49.4288911,-10.7891031996517,0.0 -49.4287611,-10.7889805996518,0.0 -49.4286311,-10.7888578996518,0.0 -49.4285482,-10.7887461996518,0.0 -49.4284653,-10.7886345996518,0.0 -49.4283645,-10.7884761996518,0.0 -49.4282637,-10.7883177996518,0.0 -49.428163,-10.7881593996518,0.0 -49.4280626,-10.7879220996518,0.0 -49.4279547,-10.7877349996518,0.0 -49.4278468,-10.7875477996518,0.0 -49.4277172,-10.7873497996518,0.0 -49.4275875,-10.7871517996518,0.0 -49.4274217,-10.7869392996518,0.0 -49.4272559,-10.7867266996518,0.0 -49.4271768,-10.7865791996518,0.0 -49.4270977,-10.7864316996518,0.0 -49.4270114,-10.7862805996518,0.0 -49.4269251,-10.7861293996518,0.0 -49.4268164,-10.7859024996518,0.0 -49.4267076,-10.7856755996518,0.0 -49.4265909,-10.7854357996519,0.0 -49.426498,-10.7852738996519,0.0 -49.4264382,-10.7851389996519,0.0 -49.4263966,-10.7850012996519,0.0 -49.4263495,-10.7847483996519,0.0 -49.4263031,-10.7844991996519,0.0 -49.4263024,-10.7844954996519,0.0 -49.426276,-10.7843487996519,0.0 -49.4262105,-10.7841480996519,0.0 -49.4261539,-10.7839923996519,0.0 -49.42607,-10.7838423996519,0.0 -49.4259378,-10.7836712996519,0.0 -49.4258205,-10.7835361996519,0.0 -49.4257033,-10.7834009996519,0.0 -49.4255996,-10.7832808996519,0.0 -49.4254959,-10.7831607996519,0.0 -49.4253967,-10.7830465996519,0.0 -49.425255,-10.7829531996519,0.0 -49.4251254,-10.7828777996519,0.0 -49.4249292,-10.7827960996519,0.0 -49.4247811,-10.7827803996519,0.0 -49.424633,-10.7827646996519,0.0 -49.424364,-10.7827453996519,0.0 -49.4241706,-10.7827144996519,0.0 -49.4240001,-10.7826432996519,0.0 -49.4238296,-10.7825721996519,0.0 -49.4236304,-10.7824933996519,0.0 -49.423422,-10.7824355996519,0.0 -49.4232681,-10.782386899652,0.0 -49.4230267,-10.782275099652,0.0 -49.4229151,-10.782226699652,0.0 -49.4227552,-10.782148099652,0.0 -49.4226646,-10.782117799652,0.0 -49.4225558,-10.782105199652,0.0 -49.4224225,-10.782149399652,0.0 -49.4222375,-10.782265099652,0.0 -49.4220949,-10.782354099652,0.0 -49.4218883,-10.7825204996519,0.0 -49.4216945,-10.7825851996519,0.0 -49.4215314,-10.7825335996519,0.0 -49.4214351,-10.7824463996519,0.0 -49.421354,-10.782332299652,0.0 -49.4212669,-10.782230199652,0.0 -49.4211794,-10.782181899652,0.0 -49.4210016,-10.782073399652,0.0 -49.4208841,-10.781983099652,0.0 -49.4208197,-10.781950799652,0.0 -49.4207996,-10.781940799652,0.0 -49.4206907,-10.781949199652,0.0 -49.4206209,-10.781990699652,0.0 -49.420557,-10.782071099652,0.0 -49.4204714,-10.782262099652,0.0 -49.4204026,-10.7823992996519,0.0 -49.4203338,-10.7825363996519,0.0 -49.4202726,-10.7826736996519,0.0 -49.420257,-10.7827782996519,0.0 -49.4202414,-10.7828648996519,0.0 -49.4202079,-10.7829065996519,0.0 -49.4201472,-10.7829420996519,0.0 -49.4200807,-10.7829507996519,0.0 -49.4199386,-10.7829320996519,0.0 -49.4198206,-10.7829404996519,0.0 -49.4197358,-10.7829728996519,0.0 -49.4196719,-10.7830473996519,0.0 -49.4195712,-10.7832232996519,0.0 -49.419495,-10.7833364996519,0.0 -49.4194342,-10.7833899996519,0.0 -49.4193797,-10.7834106996519,0.0 -49.4193193,-10.7833953996519,0.0 -49.4192681,-10.7833442996519,0.0 -49.419208,-10.7832811996519,0.0 -49.4191478,-10.7832240996519,0.0 -49.4190754,-10.7831907996519,0.0 -49.4190059,-10.7831814996519,0.0 -49.4189181,-10.7832049996519,0.0 -49.4188362,-10.7832403996519,0.0 -49.41876,-10.7833626996519,0.0 -49.4186656,-10.7834817996519,0.0 -49.418616,-10.7835083996519,0.0 -49.4186049,-10.7835143996519,0.0 -49.4185235,-10.7834780996519,0.0 -49.4184995,-10.7834360996519,0.0 -49.418491,-10.7833253996519,0.0 -49.4185339,-10.7832268996519,0.0 -49.4185368,-10.7832233996519,0.0 -49.4185826,-10.7831673996519,0.0 -49.4186767,-10.7830840996519,0.0 -49.4187283,-10.7830484996519,0.0 -49.4187256,-10.7829976996519,0.0 -49.4186924,-10.7829735996519,0.0 -49.418623,-10.7829582996519,0.0 -49.4185503,-10.7829668996519,0.0 -49.4184705,-10.7829848996519,0.0 -49.4184595,-10.7829873996519,0.0 -49.4183263,-10.7830105996519,0.0 -49.4181716,-10.7829990996519,0.0 -49.4180213,-10.7829372996519,0.0 -49.4179398,-10.7828949996519,0.0 -49.4178523,-10.7828646996519,0.0 -49.4177952,-10.7827925996519,0.0 -49.4178259,-10.7827000996519,0.0 -49.4178778,-10.7826225996519,0.0 -49.4179235,-10.7825420996519,0.0 -49.4179297,-10.7825151996519,0.0 -49.4179708,-10.7824853996519,0.0 -49.417985,-10.7824750996519,0.0 -49.4180362,-10.782396399652,0.0 -49.4180295,-10.782295899652,0.0 -49.4180009,-10.782209699652,0.0 -49.4179723,-10.782123399652,0.0 -49.4179437,-10.782037199652,0.0 -49.4179151,-10.781950899652,0.0 -49.4179593,-10.781829099652,0.0 -49.4180394,-10.781779299652,0.0 -49.4181196,-10.781715099652,0.0 -49.4181563,-10.781629199652,0.0 -49.4181496,-10.781535899652,0.0 -49.4180992,-10.781456699652,0.0 -49.4180488,-10.781377499652,0.0 -49.4179984,-10.781291099652,0.0 -49.4179041,-10.781290599652,0.0 -49.4178022,-10.781347499652,0.0 -49.4177293,-10.781404599652,0.0 -49.4176564,-10.781468799652,0.0 -49.4175691,-10.781496999652,0.0 -49.4174747,-10.781518099652,0.0 -49.4173874,-10.781553499652,0.0 -49.4173001,-10.781588899652,0.0 -49.41722,-10.781645899652,0.0 -49.4171398,-10.781702899652,0.0 -49.4170525,-10.781738399652,0.0 -49.4169581,-10.781752299652,0.0 -49.4168637,-10.781758899652,0.0 -49.4167915,-10.781701199652,0.0 -49.4167192,-10.781643399652,0.0 -49.4166469,-10.781578399652,0.0 -49.4165674,-10.781520599652,0.0 -49.4164878,-10.781469999652,0.0 -49.4164083,-10.781412199652,0.0 -49.4163142,-10.781361399652,0.0 -49.4162346,-10.781310799652,0.0 -49.4161404,-10.781288799652,0.0 -49.4160388,-10.781288299652,0.0 -49.4159371,-10.781294899652,0.0 -49.4158354,-10.781315899652,0.0 -49.4157553,-10.781365799652,0.0 -49.4156608,-10.781386799652,0.0 -49.4155739,-10.781357699652,0.0 -49.415509,-10.781285599652,0.0 -49.4154586,-10.781191999652,0.0 -49.4154083,-10.781098499652,0.0 -49.4153652,-10.781012099652,0.0 -49.4153149,-10.780925799652,0.0 -49.4152645,-10.780846599652,0.0 -49.4151922,-10.780788799652,0.0 -49.4151053,-10.780752499652,0.0 -49.415011,-10.780751999652,0.0 -49.4149166,-10.780758699652,0.0 -49.4148222,-10.780765399652,0.0 -49.4147353,-10.780728999652,0.0 -49.414641,-10.780714199652,0.0 -49.4146337,-10.780714199652,0.0 -49.4145271,-10.780682199652,0.0 -49.4144303,-10.780691299652,0.0 -49.4143335,-10.780690799652,0.0 -49.4142467,-10.780652099652,0.0 -49.4141793,-10.780575199652,0.0 -49.4141023,-10.780498199652,0.0 -49.414064,-10.780411899652,0.0 -49.4140355,-10.780325699652,0.0 -49.4140069,-10.780239399652,0.0 -49.4139686,-10.780153099652,0.0 -49.4138916,-10.780076099652,0.0 -49.4138047,-10.780046999652,0.0 -49.4137079,-10.780046499652,0.0 -49.4136111,-10.780045999652,0.0 -49.4135242,-10.780016899652,0.0 -49.4134373,-10.779968599652,0.0 -49.4133797,-10.779891699652,0.0 -49.4134092,-10.779805799652,0.0 -49.4134483,-10.779719799652,0.0 -49.4134778,-10.779633899652,0.0 -49.4135074,-10.779528799652,0.0 -49.413537,-10.779414099652,0.0 -49.4135665,-10.779328199652,0.0 -49.4135573,-10.779232399652,0.0 -49.4135385,-10.7791365996521,0.0 -49.4134809,-10.7790501996521,0.0 -49.4134135,-10.7789732996521,0.0 -49.4133266,-10.7789345996521,0.0 -49.41323,-10.7789053996521,0.0 -49.4131333,-10.7788857996521,0.0 -49.4130366,-10.7788756996521,0.0 -49.4129399,-10.7788751996521,0.0 -49.4128431,-10.7788746996521,0.0 -49.4127463,-10.7788837996521,0.0 -49.4126495,-10.7788832996521,0.0 -49.4125527,-10.7788827996521,0.0 -49.412456,-10.7788822996521,0.0 -49.4123592,-10.7788817996521,0.0 -49.4122625,-10.7788717996521,0.0 -49.4121756,-10.7788329996521,0.0 -49.4121082,-10.7787656996521,0.0 -49.4120506,-10.7786792996521,0.0 -49.411993,-10.7785928996521,0.0 -49.4119359,-10.7784107996521,0.0 -49.4118106,-10.7783144996521,0.0 -49.4117241,-10.7781895996521,0.0 -49.4115702,-10.7780165996521,0.0 -49.4114163,-10.7778435996521,0.0 -49.4112813,-10.7777471996521,0.0 -49.4111463,-10.7776508996521,0.0 -49.4110409,-10.7774541996521,0.0 -49.4109355,-10.7772574996521,0.0 -49.4108833,-10.7770610996521,0.0 -49.4108311,-10.7768645996521,0.0 -49.410619,-10.7767199996521,0.0 -49.4104991,-10.7765088996521,0.0 -49.4103792,-10.7762977996521,0.0 -49.4102639,-10.7761584996521,0.0 -49.4101485,-10.7760190996521,0.0 -49.409999,-10.7759130996522,0.0 -49.4098496,-10.7758070996522,0.0 -49.4096515,-10.7757534996522,0.0 -49.4094534,-10.7756997996522,0.0 -49.409231,-10.7756603996522,0.0 -49.4090087,-10.7756209996522,0.0 -49.4089078,-10.7754721996522,0.0 -49.408807,-10.7753232996522,0.0 -49.4087012,-10.7752031996522,0.0 -49.4085954,-10.7750829996522,0.0 -49.4084413,-10.7749386996522,0.0 -49.4082289,-10.7748514996522,0.0 -49.4080683,-10.7748634996522,0.0 -49.4079171,-10.7748686996522,0.0 -49.4077659,-10.7748738996522,0.0 -49.4075181,-10.7748217996522,0.0 -49.4072704,-10.7747696996522,0.0 -49.407052,-10.7749000996522,0.0 -49.4068767,-10.7748931996522,0.0 -49.4068595,-10.7747136996522,0.0 -49.4067699,-10.7744859996522,0.0 -49.4066192,-10.7743954996522,0.0 -49.4063832,-10.7744181996522,0.0 -49.4061468,-10.7745246996522,0.0 -49.405944,-10.7745504996522,0.0 -49.4057413,-10.7745763996522,0.0 -49.4055631,-10.7745335996522,0.0 -49.4053849,-10.7744907996522,0.0 -49.4051253,-10.7744057996522,0.0 -49.4049857,-10.7745007996522,0.0 -49.4049242,-10.7745998996522,0.0 -49.4048552,-10.7746067996522,0.0 -49.4047174,-10.7745880996522,0.0 -49.40458,-10.7744976996522,0.0 -49.404337,-10.7744641996522,0.0 -49.4041522,-10.7744093996522,0.0 -49.4039311,-10.7743723996522,0.0 -49.4038112,-10.7743932996522,0.0 -49.4037709,-10.7744780996522,0.0 -49.4038247,-10.7745762996522,0.0 -49.4038751,-10.7746662996522,0.0 -49.4038819,-10.7747524996522,0.0 -49.4038743,-10.7748097996522,0.0 -49.4038053,-10.7748201996522,0.0 -49.4036894,-10.7747801996522,0.0 -49.4035805,-10.7747939996522,0.0 -49.4034893,-10.7748687996522,0.0 -49.4034273,-10.7749438996522,0.0 -49.4033181,-10.7750006996522,0.0 -49.40318,-10.7750466996522,0.0 -49.4030675,-10.7750424996522,0.0 -49.4029551,-10.7750239996522,0.0 -49.4028464,-10.7749946996522,0.0 -49.4027684,-10.7749458996522,0.0 -49.4027596,-10.7749403996522,0.0 -49.4026801,-10.7748646996522,0.0 -49.4026442,-10.7747890996522,0.0 -49.402652,-10.7746958996522,0.0 -49.4026815,-10.7745991996522,0.0 -49.4027509,-10.7745241996522,0.0 -49.4028746,-10.7744637996522,0.0 -49.4029739,-10.7744210996522,0.0 -49.4029982,-10.7744105996522,0.0 -49.4030712,-10.7743463996522,0.0 -49.4030861,-10.7742603996522,0.0 -49.4030676,-10.7741820996522,0.0 -49.4030648,-10.7741705996522,0.0 -49.4029745,-10.7740982996522,0.0 -49.4028987,-10.7740189996522,0.0 -49.4028943,-10.7740117996522,0.0 -49.4028483,-10.7739361996522,0.0 -49.4028052,-10.7738570996522,0.0 -49.4027293,-10.7737884996522,0.0 -49.402675,-10.7737630996522,0.0 -49.4025915,-10.7737841996522,0.0 -49.4025367,-10.7738484996522,0.0 -49.4024565,-10.7739197996522,0.0 -49.4023875,-10.7739194996522,0.0 -49.4023368,-10.7739048996522,0.0 -49.40229,-10.7738435996522,0.0 -49.4022141,-10.7737857996522,0.0 -49.4021417,-10.7737531996522,0.0 -49.4020583,-10.7737239996522,0.0 -49.4019423,-10.7737162996522,0.0 -49.4018152,-10.7737263996522,0.0 -49.4016772,-10.7737471996522,0.0 -49.401558,-10.7737955996522,0.0 -49.4015463,-10.7738002996522,0.0 -49.4014153,-10.7738570996522,0.0 -49.4012629,-10.7738562996522,0.0 -49.4011181,-10.7738016996522,0.0 -49.4010386,-10.7737259996522,0.0 -49.4009811,-10.7736251996522,0.0 -49.4009454,-10.7735101996522,0.0 -49.4009353,-10.7733665996522,0.0 -49.4009467,-10.7732589996522,0.0 -49.4009654,-10.7731550996522,0.0 -49.4009878,-10.7730331996522,0.0 -49.4010323,-10.7728647996522,0.0 -49.4010691,-10.7727397996522,0.0 -49.4010766,-10.7727142996523,0.0 -49.4010592,-10.7725849996523,0.0 -49.4009943,-10.7724985996523,0.0 -49.4008747,-10.7724620996523,0.0 -49.400755,-10.7724650996523,0.0 -49.4006099,-10.7724499996523,0.0 -49.4004977,-10.7723847996523,0.0 -49.4004256,-10.7723090996523,0.0 -49.4003534,-10.7722261996523,0.0 -49.4002376,-10.7721717996523,0.0 -49.4001252,-10.7721531996523,0.0 -49.3999764,-10.7721596996523,0.0 -49.399762,-10.7722087996523,0.0 -49.3995986,-10.7722294996523,0.0 -49.399523,-10.7722176996523,0.0 -49.399479,-10.7722108996523,0.0 -49.3993704,-10.7721457996523,0.0 -49.3992657,-10.7720554996523,0.0 -49.3991683,-10.7719437996523,0.0 -49.3990891,-10.7718249996523,0.0 -49.3990427,-10.7716811996523,0.0 -49.3990467,-10.7715950996523,0.0 -49.3990579,-10.7715520996523,0.0 -49.3990762,-10.7715162996523,0.0 -49.3991492,-10.7714377996523,0.0 -49.3992367,-10.7713556996523,0.0 -49.3992843,-10.7712769996523,0.0 -49.3992846,-10.7712125996523,0.0 -49.3992849,-10.7711693996523,0.0 -49.3992819,-10.7710401996523,0.0 -49.3992646,-10.7708785996523,0.0 -49.3992001,-10.7707311996523,0.0 -49.3991337,-10.7705998996523,0.0 -49.3990672,-10.7704685996523,0.0 -49.3989591,-10.7703351996523,0.0 -49.3987855,-10.7702230996523,0.0 -49.3986369,-10.7701756996523,0.0 -49.3985027,-10.7701713996523,0.0 -49.3983611,-10.7701814996523,0.0 -49.3981648,-10.7702413996523,0.0 -49.3979612,-10.7703156996523,0.0 -49.3977576,-10.7703899996523,0.0 -49.3975868,-10.7704357996523,0.0 -49.397416,-10.7704815996523,0.0 -49.3973977,-10.7704829996523,0.0 -49.3971619,-10.7705017996523,0.0 -49.3969589,-10.7704683996523,0.0 -49.3968031,-10.7704245996523,0.0 -49.3967454,-10.7703488996523,0.0 -49.3967422,-10.7702627996523,0.0 -49.3967863,-10.7701553996523,0.0 -49.3968994,-10.7700410996523,0.0 -49.3969308,-10.7700094996523,0.0 -49.3970162,-10.7699232996523,0.0 -49.3970639,-10.7698158996523,0.0 -49.3970826,-10.7697191996523,0.0 -49.397072,-10.7696652996523,0.0 -49.3970434,-10.7695753996523,0.0 -49.3969823,-10.7694710996523,0.0 -49.3968742,-10.7693197996523,0.0 -49.3968022,-10.7692189996524,0.0 -49.3967447,-10.7691145996524,0.0 -49.396716,-10.7690390996524,0.0 -49.3966984,-10.7689385996524,0.0 -49.3966735,-10.7688450996524,0.0 -49.3966484,-10.7687911996524,0.0 -49.3966125,-10.7687155996524,0.0 -49.396515,-10.7686361996524,0.0 -49.3964126,-10.7685923996524,0.0 -49.3963716,-10.7685705996524,0.0 -49.3963113,-10.7685391996524,0.0 -49.3962074,-10.7685147996524,0.0 -49.396072,-10.7684972996524,0.0 -49.3958883,-10.7684652996524,0.0 -49.3957434,-10.7684118996524,0.0 -49.3955092,-10.7683364996524,0.0 -49.3952677,-10.7682467996524,0.0 -49.3951704,-10.7682100996524,0.0 -49.3950553,-10.7681666996524,0.0 -49.3949396,-10.7680895996524,0.0 -49.3948242,-10.7679526996524,0.0 -49.3947139,-10.7677582996524,0.0 -49.3946375,-10.7675689996524,0.0 -49.3945371,-10.7673411996524,0.0 -49.3945073,-10.7671897996524,0.0 -49.3945018,-10.7671615996524,0.0 -49.3944975,-10.7670610996524,0.0 -49.3945075,-10.7669965996524,0.0 -49.3945223,-10.7669416996524,0.0 -49.3945491,-10.7668962996524,0.0 -49.3945808,-10.7668486996524,0.0 -49.3946659,-10.7667772996524,0.0 -49.3947752,-10.7666941996524,0.0 -49.394915,-10.7665549996524,0.0 -49.3950549,-10.7664157996524,0.0 -49.3951401,-10.7663037996524,0.0 -49.3952254,-10.7661917996524,0.0 -49.3952694,-10.7661058996525,0.0 -49.3952721,-10.7660508996525,0.0 -49.3952482,-10.7660004996525,0.0 -49.3952072,-10.7659667996525,0.0 -49.3951058,-10.7659279996525,0.0 -49.3950284,-10.7659371996525,0.0 -49.3948828,-10.7660225996525,0.0 -49.3946693,-10.7661386996525,0.0 -49.3945092,-10.7662119996524,0.0 -49.3942763,-10.7663327996524,0.0 -49.3941964,-10.7663586996524,0.0 -49.3941068,-10.7663653996524,0.0 -49.3939981,-10.7663313996524,0.0 -49.3938679,-10.7662516996524,0.0 -49.3936824,-10.7661000996525,0.0 -49.3935163,-10.7659484996525,0.0 -49.3934081,-10.7658283996525,0.0 -49.3933626,-10.7657419996525,0.0 -49.393351,-10.7656557996525,0.0 -49.3933539,-10.7655625996525,0.0 -49.3933736,-10.7654884996525,0.0 -49.3934105,-10.7653833996525,0.0 -49.3934401,-10.7652711996525,0.0 -49.393443,-10.7651826996525,0.0 -49.3934336,-10.7651275996525,0.0 -49.3934,-10.7650747996525,0.0 -49.3933638,-10.7650482996525,0.0 -49.3933059,-10.7650264996525,0.0 -49.3932093,-10.7650044996525,0.0 -49.3931028,-10.7650014996525,0.0 -49.3929698,-10.7650031996525,0.0 -49.392815,-10.7649856996525,0.0 -49.39267,-10.7649561996525,0.0 -49.3924284,-10.7649046996525,0.0 -49.3921745,-10.7648746996525,0.0 -49.3920707,-10.7648382996525,0.0 -49.3919936,-10.7647852996525,0.0 -49.391907,-10.7646938996525,0.0 -49.3918735,-10.7646219996525,0.0 -49.391857,-10.7645381996525,0.0 -49.3918308,-10.7644542996525,0.0 -49.3918071,-10.7643704996525,0.0 -49.3917161,-10.7641857996525,0.0 -49.3916513,-10.7640849996525,0.0 -49.3915623,-10.7640055996525,0.0 -49.3914657,-10.7639643996525,0.0 -49.3913593,-10.7639614996525,0.0 -49.3913219,-10.7639846996525,0.0 -49.3912792,-10.7640112996525,0.0 -49.3912062,-10.7640946996525,0.0 -49.3911115,-10.7641467996525,0.0 -49.3910099,-10.7641462996525,0.0 -49.390911,-10.7641098996525,0.0 -49.3907927,-10.7640565996525,0.0 -49.390706,-10.7639795996525,0.0 -49.3906532,-10.7639099996525,0.0 -49.390639,-10.7638381996525,0.0 -49.3906228,-10.7636992996525,0.0 -49.390604,-10.7635939996525,0.0 -49.3905803,-10.7635101996525,0.0 -49.390518,-10.7633949996525,0.0 -49.3904244,-10.7632509996525,0.0 -49.3903693,-10.7631549996525,0.0 -49.3903384,-10.7630567996525,0.0 -49.3903291,-10.7629753996525,0.0 -49.3903368,-10.7628916996525,0.0 -49.3903662,-10.7628320996526,0.0 -49.3903932,-10.7627604996526,0.0 -49.3904443,-10.7626913996526,0.0 -49.3905563,-10.7625699996526,0.0 -49.3906533,-10.7625201996526,0.0 -49.39076,-10.7624728996526,0.0 -49.3908376,-10.7624374996526,0.0 -49.3909417,-10.7624164996526,0.0 -49.391036,-10.7624216996526,0.0 -49.391249,-10.7624084996526,0.0 -49.3913942,-10.7623924996526,0.0 -49.3914913,-10.7623355996526,0.0 -49.3915401,-10.7622520996526,0.0 -49.39156,-10.7621421996526,0.0 -49.3915437,-10.7620296996526,0.0 -49.3915103,-10.7619433996526,0.0 -49.3914046,-10.7617944996526,0.0 -49.3913229,-10.7617079996526,0.0 -49.3911253,-10.7615562996526,0.0 -49.3910049,-10.7614443996526,0.0 -49.3908846,-10.7613325996526,0.0 -49.3907811,-10.7612183996526,0.0 -49.3906777,-10.7611042996526,0.0 -49.3905719,-10.7609840996526,0.0 -49.3905457,-10.7609169996526,0.0 -49.3905435,-10.7608714996526,0.0 -49.3905264,-10.7608343996526,0.0 -49.3905004,-10.7607779996526,0.0 -49.390424,-10.7605991996526,0.0 -49.3903546,-10.7604612996526,0.0 -49.3902851,-10.7603233996526,0.0 -49.3902231,-10.7601651996526,0.0 -49.390161,-10.7600069996526,0.0 -49.3900984,-10.7599563996526,0.0 -49.3900187,-10.7599272996526,0.0 -49.3898518,-10.7599263996526,0.0 -49.3896825,-10.7599254996526,0.0 -49.3896028,-10.7598868996526,0.0 -49.3895475,-10.7598243996526,0.0 -49.3895212,-10.7597643996526,0.0 -49.3895121,-10.7596710996527,0.0 -49.389515,-10.7595706996527,0.0 -49.3895252,-10.7594773996527,0.0 -49.3895207,-10.7594079996527,0.0 -49.3894968,-10.7593624996527,0.0 -49.3894607,-10.7593167996527,0.0 -49.3894149,-10.7592806996527,0.0 -49.3892847,-10.7592129996527,0.0 -49.3891253,-10.7591619996527,0.0 -49.3889826,-10.7591492996527,0.0 -49.3888833,-10.7591678996527,0.0 -49.3888081,-10.7592200996527,0.0 -49.3887033,-10.7593678996527,0.0 -49.3886324,-10.7595050996527,0.0 -49.3885615,-10.7596422996527,0.0 -49.3884787,-10.7597398996526,0.0 -49.3884059,-10.7597873996526,0.0 -49.3882798,-10.7598368996526,0.0 -49.3881612,-10.7598625996526,0.0 -49.3880765,-10.7598573996526,0.0 -49.3879945,-10.7598186996526,0.0 -49.3879535,-10.7597825996526,0.0 -49.3879199,-10.7597417996526,0.0 -49.3879202,-10.7596771996526,0.0 -49.387923,-10.7596077996527,0.0 -49.3879329,-10.7595719996526,0.0 -49.3879549,-10.7595314996527,0.0 -49.3879938,-10.7594885996527,0.0 -49.3880667,-10.7594339996527,0.0 -49.3881468,-10.7593721996527,0.0 -49.3881689,-10.7593244996527,0.0 -49.3881958,-10.7592695996527,0.0 -49.3882033,-10.7592169996527,0.0 -49.3881988,-10.7591547996527,0.0 -49.3881411,-10.7590946996527,0.0 -49.3880929,-10.7590489996527,0.0 -49.3880254,-10.7590103996527,0.0 -49.3879192,-10.7589619996527,0.0 -49.3877091,-10.7588986996527,0.0 -49.3875954,-10.7588884996527,0.0 -49.3874985,-10.7589118996527,0.0 -49.3873361,-10.7589804996527,0.0 -49.3871446,-10.7590463996527,0.0 -49.3870407,-10.7590362996527,0.0 -49.3869465,-10.7590118996527,0.0 -49.3868838,-10.7589684996527,0.0 -49.3868334,-10.7588964996527,0.0 -49.3867854,-10.7588148996527,0.0 -49.3867689,-10.7587382996527,0.0 -49.3867598,-10.7586305996527,0.0 -49.3867579,-10.7585277996527,0.0 -49.3867558,-10.7584726996527,0.0 -49.386744,-10.7584247996527,0.0 -49.3867249,-10.7583648996527,0.0 -49.3866792,-10.7583120996527,0.0 -49.3866214,-10.7582710996527,0.0 -49.3865006,-10.7582369996527,0.0 -49.3864184,-10.7582388996527,0.0 -49.3863166,-10.7582718996527,0.0 -49.3862605,-10.7583504996527,0.0 -49.3862261,-10.7584460996527,0.0 -49.3861846,-10.7585199996527,0.0 -49.3860876,-10.7585624996527,0.0 -49.3859568,-10.7586000996527,0.0 -49.3859481,-10.7586009996527,0.0 -49.3857971,-10.7586159996527,0.0 -49.3856472,-10.7585936996527,0.0 -49.3854901,-10.7585617996527,0.0 -49.3852415,-10.7584671996527,0.0 -49.3850606,-10.7583538996527,0.0 -49.384962,-10.7582480996527,0.0 -49.3849091,-10.7581951996527,0.0 -49.3848805,-10.7581112996527,0.0 -49.3848737,-10.7580323996527,0.0 -49.3848573,-10.7579317996527,0.0 -49.3848359,-10.7578575996527,0.0 -49.3847927,-10.7577831996527,0.0 -49.3847305,-10.7576655996527,0.0 -49.384668,-10.7575767996527,0.0 -49.3846274,-10.7574977996527,0.0 -49.3846107,-10.7574377996527,0.0 -49.3845965,-10.7573778996527,0.0 -49.3845919,-10.7573347996527,0.0 -49.3845947,-10.7572725996527,0.0 -49.3846122,-10.7571578996527,0.0 -49.3846199,-10.7570693996527,0.0 -49.3846178,-10.7570215996527,0.0 -49.3846036,-10.7569640996527,0.0 -49.384582,-10.7569184996527,0.0 -49.384546,-10.7568752996527,0.0 -49.3845171,-10.7568440996527,0.0 -49.3844617,-10.7567982996527,0.0 -49.3843266,-10.7567401996527,0.0 -49.3842516,-10.7567373996527,0.0 -49.3841355,-10.7567319996527,0.0 -49.3839275,-10.7567141996527,0.0 -49.3838019,-10.7566871996527,0.0 -49.3837029,-10.7566436996527,0.0 -49.3836379,-10.7565930996527,0.0 -49.3835633,-10.7565185996527,0.0 -49.383484,-10.7564200996527,0.0 -49.3834215,-10.7563383996528,0.0 -49.383371,-10.7562878996528,0.0 -49.383306,-10.7562349996528,0.0 -49.3832192,-10.7561794996528,0.0 -49.3831541,-10.7561360996528,0.0 -49.3831011,-10.7560879996528,0.0 -49.3830434,-10.7560182996528,0.0 -49.3829617,-10.7559197996528,0.0 -49.3828248,-10.7557300996528,0.0 -49.3827793,-10.7556556996528,0.0 -49.3827458,-10.7555837996528,0.0 -49.3826954,-10.7555069996528,0.0 -49.3826184,-10.7554371996528,0.0 -49.3825653,-10.7554034996528,0.0 -49.3825001,-10.7553887996528,0.0 -49.3824202,-10.7553930996528,0.0 -49.3822822,-10.7554138996528,0.0 -49.3821853,-10.7554396996528,0.0 -49.3820932,-10.7554846996528,0.0 -49.3820009,-10.7555535996528,0.0 -49.3819397,-10.7556895996528,0.0 -49.3819437,-10.7558450996528,0.0 -49.3819453,-10.7559957996528,0.0 -49.3819037,-10.7560912996528,0.0 -49.381792,-10.7561624996528,0.0 -49.3816806,-10.7561857996528,0.0 -49.3815768,-10.7561493996528,0.0 -49.3815359,-10.7560965996528,0.0 -49.3815145,-10.7560318996528,0.0 -49.3815125,-10.7559552996528,0.0 -49.3815203,-10.7558452996528,0.0 -49.3815499,-10.7557425996528,0.0 -49.3815722,-10.7556446996528,0.0 -49.3815726,-10.7555728996528,0.0 -49.3815513,-10.7554914996528,0.0 -49.3815034,-10.7553882996528,0.0 -49.3814724,-10.7553187996528,0.0 -49.3814026,-10.7552394996528,0.0 -49.3813184,-10.7551553996528,0.0 -49.3812294,-10.7550543996528,0.0 -49.3811812,-10.7550206996528,0.0 -49.3811256,-10.7550251996528,0.0 -49.3810746,-10.7550535996528,0.0 -49.380992,-10.7551320996528,0.0 -49.3808893,-10.7553252996528,0.0 -49.3808184,-10.7554732996528,0.0 -49.3807308,-10.7555564996528,0.0 -49.3806484,-10.7556015996528,0.0 -49.3805805,-10.7556155996528,0.0 -49.3805178,-10.7555960996528,0.0 -49.3804744,-10.7555575996528,0.0 -49.3804481,-10.7555047996528,0.0 -49.3804388,-10.7554401996528,0.0 -49.3804489,-10.7553540996528,0.0 -49.3804542,-10.7552656996528,0.0 -49.3804426,-10.7551674996528,0.0 -49.380402,-10.7550787996528,0.0 -49.3803274,-10.7549946996528,0.0 -49.3802285,-10.7549486996528,0.0 -49.3801656,-10.7549411996528,0.0 -49.3801124,-10.7549456996528,0.0 -49.3800179,-10.7549810996528,0.0 -49.379911,-10.7550570996528,0.0 -49.379843,-10.7551165996528,0.0 -49.3798426,-10.7551810996528,0.0 -49.3798762,-10.7552386996528,0.0 -49.3799313,-10.7553394996528,0.0 -49.3799333,-10.7554088996528,0.0 -49.3799184,-10.7554804996528,0.0 -49.3798645,-10.7556213996528,0.0 -49.3798326,-10.7556953996528,0.0 -49.3798299,-10.7557479996528,0.0 -49.3798442,-10.7557982996528,0.0 -49.3798704,-10.7558629996528,0.0 -49.3798749,-10.7558954996528,0.0 -49.3798867,-10.7559826996528,0.0 -49.3798693,-10.7560782996528,0.0 -49.3798181,-10.7561521996528,0.0 -49.379738,-10.7562043996528,0.0 -49.3796458,-10.7562445996528,0.0 -49.3794934,-10.7562580996528,0.0 -49.3793798,-10.7562335996528,0.0 -49.3792687,-10.7561947996528,0.0 -49.3791406,-10.7561725996528,0.0 -49.3790876,-10.7561459996528,0.0 -49.3790563,-10.7561074996528,0.0 -49.3790591,-10.7560405996528,0.0 -49.3790789,-10.7559616996528,0.0 -49.3791203,-10.7559068996528,0.0 -49.3791885,-10.7558139996528,0.0 -49.3792179,-10.7557471996528,0.0 -49.3792327,-10.7556945996528,0.0 -49.379238,-10.7556082996528,0.0 -49.3792264,-10.7555175996528,0.0 -49.3792243,-10.7554553996528,0.0 -49.3791812,-10.7553642996528,0.0 -49.3791381,-10.7552970996528,0.0 -49.3790706,-10.7552488996528,0.0 -49.3789524,-10.7551884996528,0.0 -49.3787331,-10.7550246996528,0.0 -49.3785617,-10.7549591996528,0.0 -49.3783978,-10.7548482996528,0.0 -49.3781928,-10.7547227996528,0.0 -49.3780218,-10.7545855996528,0.0 -49.3778279,-10.7544666996528,0.0 -49.3776341,-10.7543476996528,0.0 -49.37754,-10.7543041996528,0.0 -49.3774133,-10.7542317996528,0.0 -49.3773193,-10.7541773996528,0.0 -49.3771128,-10.7541081996528,0.0 -49.3770297,-10.7540538996528,0.0 -49.3769611,-10.7539781996528,0.0 -49.3768854,-10.7538809996528,0.0 -49.3767643,-10.7536356996528,0.0 -49.3767104,-10.7535397996528,0.0 -49.3766441,-10.7534915996528,0.0 -49.3764872,-10.7534309996528,0.0 -49.3763787,-10.7533585996528,0.0 -49.3763793,-10.7532569996528,0.0 -49.3764101,-10.7531374996528,0.0 -49.3764653,-10.7530062996528,0.0 -49.3764599,-10.7528865996529,0.0 -49.376303,-10.7528139996529,0.0 -49.3760552,-10.7527828996529,0.0 -49.375789,-10.7528113996529,0.0 -49.3755706,-10.7529417996529,0.0 -49.3755163,-10.7530113996529,0.0 -49.3754823,-10.7530548996529,0.0 -49.375394,-10.7531680996528,0.0 -49.3752311,-10.7532409996528,0.0 -49.3750001,-10.7532865996528,0.0 -49.3749287,-10.7532288996528,0.0 -49.3748336,-10.7531308996528,0.0 -49.3747325,-10.7530370996529,0.0 -49.3746934,-10.7529880996529,0.0 -49.374646,-10.7529289996529,0.0 -49.3745157,-10.7528780996529,0.0 -49.3743847,-10.7529419996529,0.0 -49.3742538,-10.7529986996529,0.0 -49.3741156,-10.7530481996529,0.0 -49.3740422,-10.7530768996529,0.0 -49.3739695,-10.7531003996528,0.0 -49.3738725,-10.7531381996528,0.0 -49.373824,-10.7531713996528,0.0 -49.3737947,-10.7532047996528,0.0 -49.3737558,-10.7532523996528,0.0 -49.3737458,-10.7533097996528,0.0 -49.3737309,-10.7533909996528,0.0 -49.373711,-10.7534817996528,0.0 -49.3737136,-10.7535842996528,0.0 -49.3736115,-10.7536769996528,0.0 -49.3734737,-10.7536690996528,0.0 -49.3733506,-10.7536038996528,0.0 -49.373235,-10.7535171996528,0.0 -49.3731193,-10.7534304996528,0.0 -49.3729892,-10.7533436996528,0.0 -49.3728515,-10.7533070996528,0.0 -49.3727137,-10.7532919996528,0.0 -49.372662,-10.7533136996528,0.0 -49.372604,-10.7533085996528,0.0 -49.372546,-10.7532986996528,0.0 -49.3724493,-10.7532933996528,0.0 -49.3724108,-10.7532596996528,0.0 -49.372382,-10.7532164996528,0.0 -49.3723677,-10.7531733996528,0.0 -49.3723631,-10.7531302996529,0.0 -49.3723634,-10.7530728996529,0.0 -49.3723589,-10.7530010996529,0.0 -49.3723592,-10.7529484996529,0.0 -49.3723822,-10.7528524996529,0.0 -49.372383,-10.7527089996529,0.0 -49.3723329,-10.7525795996529,0.0 -49.3721951,-10.7525500996529,0.0 -49.3720786,-10.7526284996529,0.0 -49.3719982,-10.7527428996529,0.0 -49.3719249,-10.7528644996529,0.0 -49.371859,-10.7529860996529,0.0 -49.371793,-10.7531077996529,0.0 -49.3717778,-10.7532439996528,0.0 -49.3716901,-10.7533511996528,0.0 -49.3716097,-10.7534655996528,0.0 -49.371522,-10.7535727996528,0.0 -49.3714416,-10.7536871996528,0.0 -49.371325,-10.7537654996528,0.0 -49.371187,-10.7537934996528,0.0 -49.3710491,-10.7537855996528,0.0 -49.3709699,-10.7536703996528,0.0 -49.3708322,-10.7536480996528,0.0 -49.3707013,-10.7536904996528,0.0 -49.3705848,-10.7537687996528,0.0 -49.3704899,-10.7538687996528,0.0 -49.3704239,-10.7539903996528,0.0 -49.3704595,-10.7541269996528,0.0 -49.3705751,-10.7542136996528,0.0 -49.3706252,-10.7543430996528,0.0 -49.3706608,-10.7544795996528,0.0 -49.3707546,-10.7545805996528,0.0 -49.370863,-10.7546672996528,0.0 -49.3709714,-10.7547539996528,0.0 -49.3709923,-10.7547843996528,0.0 -49.3710506,-10.7548691996528,0.0 -49.3711298,-10.7549843996528,0.0 -49.3711944,-10.7551067996528,0.0 -49.3712736,-10.7552363996528,0.0 -49.3713601,-10.7553515996528,0.0 -49.3713448,-10.7554878996528,0.0 -49.3712716,-10.7556094996528,0.0 -49.3711767,-10.7557094996528,0.0 -49.3710674,-10.7557949996528,0.0 -49.3709295,-10.7557870996528,0.0 -49.3708065,-10.7557218996528,0.0 -49.3706762,-10.7556637996528,0.0 -49.3705678,-10.7555770996528,0.0 -49.3704813,-10.7554617996528,0.0 -49.3703908,-10.7553642996528,0.0 -49.3703875,-10.7553608996528,0.0 -49.3702646,-10.7552884996528,0.0 -49.3701266,-10.7552948996528,0.0 -49.370039,-10.7554020996528,0.0 -49.370031,-10.7555383996528,0.0 -49.370062,-10.7556082996528,0.0 -49.3700913,-10.7556529996528,0.0 -49.3701045,-10.7556730996528,0.0 -49.3701284,-10.7557306996528,0.0 -49.3701619,-10.7558025996528,0.0 -49.3701663,-10.7558791996528,0.0 -49.3701657,-10.7559987996528,0.0 -49.3701224,-10.7560770996528,0.0 -49.3701072,-10.7562133996528,0.0 -49.3700881,-10.7562690996528,0.0 -49.3700629,-10.7563422996528,0.0 -49.3700042,-10.7564782996527,0.0 -49.3699454,-10.7566071996527,0.0 -49.3698361,-10.7566926996527,0.0 -49.3696982,-10.7566919996527,0.0 -49.3695603,-10.7566984996527,0.0 -49.3694224,-10.7566976996527,0.0 -49.3692845,-10.7567041996527,0.0 -49.3691465,-10.7567249996527,0.0 -49.3690156,-10.7567744996527,0.0 -49.3688918,-10.7568527996527,0.0 -49.3687752,-10.7569382996527,0.0 -49.3686731,-10.7570310996527,0.0 -49.3686071,-10.7571526996527,0.0 -49.3685484,-10.7572815996527,0.0 -49.3684824,-10.7574031996527,0.0 -49.3684744,-10.7575394996527,0.0 -49.3685173,-10.7576688996527,0.0 -49.3686403,-10.7577341996527,0.0 -49.368778,-10.7577635996527,0.0 -49.3689158,-10.7577857996527,0.0 -49.3690535,-10.7578223996527,0.0 -49.3691912,-10.7578589996527,0.0 -49.369329,-10.7578740996527,0.0 -49.3694669,-10.7578676996527,0.0 -49.3696049,-10.7578539996527,0.0 -49.3697427,-10.7578618996527,0.0 -49.3698731,-10.7579056996527,0.0 -49.3699043,-10.7579346996527,0.0 -49.3699742,-10.7579994996527,0.0 -49.3700389,-10.7581217996527,0.0 -49.3700381,-10.7582581996527,0.0 -49.3700302,-10.7583944996527,0.0 -49.3700145,-10.7584659996527,0.0 -49.3699973,-10.7585238996527,0.0 -49.369963,-10.7585953996527,0.0 -49.3699612,-10.7585994996527,0.0 -49.3699239,-10.7586813996527,0.0 -49.3698946,-10.7587289996527,0.0 -49.3698262,-10.7588434996527,0.0 -49.3697049,-10.7589097996527,0.0 -49.3695981,-10.7589857996527,0.0 -49.369535,-10.7590237996527,0.0 -49.369467,-10.7590664996527,0.0 -49.3693459,-10.7590944996527,0.0 -49.3692831,-10.7590797996527,0.0 -49.3692445,-10.7590508996527,0.0 -49.3692162,-10.7589311996527,0.0 -49.3692071,-10.7588210996527,0.0 -49.3691932,-10.7587109996527,0.0 -49.3691743,-10.7586247996527,0.0 -49.3691313,-10.7585192996527,0.0 -49.3690883,-10.7584233996527,0.0 -49.3690404,-10.7583274996527,0.0 -49.3689878,-10.7582075996527,0.0 -49.3689301,-10.7581402996527,0.0 -49.3688625,-10.7581112996527,0.0 -49.368785,-10.7581395996527,0.0 -49.3687509,-10.7581728996527,0.0 -49.3687175,-10.7582224996527,0.0 -49.3686154,-10.7583152996527,0.0 -49.3685277,-10.7584295996527,0.0 -49.3684112,-10.7585079996527,0.0 -49.3682803,-10.7585574996527,0.0 -49.3681565,-10.7586357996527,0.0 -49.3680544,-10.7587284996527,0.0 -49.3679739,-10.7588428996527,0.0 -49.3678718,-10.7589356996527,0.0 -49.3677481,-10.7589995996527,0.0 -49.3676173,-10.7590419996527,0.0 -49.3674794,-10.7590412996527,0.0 -49.3673491,-10.7589831996527,0.0 -49.3673716,-10.7588468996527,0.0 -49.3674375,-10.7587252996527,0.0 -49.3674528,-10.7585889996527,0.0 -49.3674317,-10.7584525996527,0.0 -49.3673306,-10.7583587996527,0.0 -49.3671997,-10.7584082996527,0.0 -49.3671529,-10.7584177996527,0.0 -49.3670617,-10.7584362996527,0.0 -49.3669166,-10.7584282996527,0.0 -49.3668241,-10.7584018996527,0.0 -49.3668,-10.7583874996527,0.0 -49.366781,-10.7583298996527,0.0 -49.3667908,-10.7582916996527,0.0 -49.3668493,-10.7582250996527,0.0 -49.3668882,-10.7581821996527,0.0 -49.3669322,-10.7580914996527,0.0 -49.3669509,-10.7580450996527,0.0 -49.3669764,-10.7579816996527,0.0 -49.3669817,-10.7578860996527,0.0 -49.3669677,-10.7577854996527,0.0 -49.3669439,-10.7577231996527,0.0 -49.3669055,-10.7576655996527,0.0 -49.3668671,-10.7576127996527,0.0 -49.3668001,-10.7574784996527,0.0 -49.3668244,-10.7574402996527,0.0 -49.3668393,-10.7573781996527,0.0 -49.3668251,-10.7573383996527,0.0 -49.3668155,-10.7573110996527,0.0 -49.3667867,-10.7572630996527,0.0 -49.3667579,-10.7572103996527,0.0 -49.3666614,-10.7571619996527,0.0 -49.3665504,-10.7571135996527,0.0 -49.3664781,-10.7570653996527,0.0 -49.3663477,-10.7570215996527,0.0 -49.366256,-10.7569828996527,0.0 -49.3661933,-10.7569442996527,0.0 -49.3661307,-10.7568912996527,0.0 -49.366131,-10.7568401996527,0.0 -49.366131,-10.7568338996527,0.0 -49.3661554,-10.7567957996527,0.0 -49.366233,-10.7567578996527,0.0 -49.3663204,-10.7567056996527,0.0 -49.3663884,-10.7566629996527,0.0 -49.3664854,-10.7566156996527,0.0 -49.3666018,-10.7565588996527,0.0 -49.3667568,-10.7565166996527,0.0 -49.3668732,-10.7564645996527,0.0 -49.3669799,-10.7564316996527,0.0 -49.3671058,-10.7564036996528,0.0 -49.3671497,-10.7563464996528,0.0 -49.3671548,-10.7562842996528,0.0 -49.3671165,-10.7562075996528,0.0 -49.3670831,-10.7561356996528,0.0 -49.3670593,-10.7560493996528,0.0 -49.3670549,-10.7559775996528,0.0 -49.3670553,-10.7559058996528,0.0 -49.3670362,-10.7558530996528,0.0 -49.3669963,-10.7557520996528,0.0 -49.3668806,-10.7556724996528,0.0 -49.3667722,-10.7555858996528,0.0 -49.3666344,-10.7555850996528,0.0 -49.3665467,-10.7556922996528,0.0 -49.366423,-10.7557561996528,0.0 -49.3662851,-10.7557626996528,0.0 -49.3661472,-10.7557619996528,0.0 -49.366009,-10.7558114996528,0.0 -49.3658997,-10.7558969996528,0.0 -49.3657903,-10.7559896996528,0.0 -49.3656594,-10.7560535996528,0.0 -49.3655212,-10.7561102996528,0.0 -49.3653902,-10.7561669996528,0.0 -49.3652449,-10.7562020996528,0.0 -49.365114,-10.7562516996528,0.0 -49.364976,-10.7562796996528,0.0 -49.3648381,-10.7562717996528,0.0 -49.3647078,-10.7562136996528,0.0 -49.3646067,-10.7561197996528,0.0 -49.3645776,-10.7560318996528,0.0 -49.3645639,-10.7559903996528,0.0 -49.3645356,-10.7558538996528,0.0 -49.3644637,-10.7557315996528,0.0 -49.3643772,-10.7556234996528,0.0 -49.3642907,-10.7555081996528,0.0 -49.3642115,-10.7553929996528,0.0 -49.3641104,-10.7552919996528,0.0 -49.3639948,-10.7552123996528,0.0 -49.3638865,-10.7550969996528,0.0 -49.3638,-10.7549888996528,0.0 -49.3637956,-10.7549841996528,0.0 -49.3637062,-10.7548879996528,0.0 -49.363627,-10.7547726996528,0.0 -49.363526,-10.7546716996528,0.0 -49.3634249,-10.7545707996528,0.0 -49.3633597,-10.7544892996528,0.0 -49.3633408,-10.7544648996528,0.0 -49.3633235,-10.7544379996528,0.0 -49.3632871,-10.7543860996528,0.0 -49.3632371,-10.7543207996528,0.0 -49.363191,-10.7542612996528,0.0 -49.3631275,-10.7541900996528,0.0 -49.3630775,-10.7541304996528,0.0 -49.3630409,-10.7540920996528,0.0 -49.3630275,-10.7540613996528,0.0 -49.3630064,-10.7540286996528,0.0 -49.3629815,-10.7539845996528,0.0 -49.3629566,-10.7539327996528,0.0 -49.3629531,-10.7538772996528,0.0 -49.3629592,-10.7538102996528,0.0 -49.3629691,-10.7537682996528,0.0 -49.3629888,-10.7537185996528,0.0 -49.3630103,-10.7536689996528,0.0 -49.3630493,-10.7536136996528,0.0 -49.3630806,-10.7535468996528,0.0 -49.3630963,-10.7535086996528,0.0 -49.3631159,-10.7534704996528,0.0 -49.3631122,-10.7534360996528,0.0 -49.3630988,-10.7534015996528,0.0 -49.3630542,-10.7533539996528,0.0 -49.3630065,-10.7533015996528,0.0 -49.362941,-10.7532494996528,0.0 -49.3629026,-10.7531823996528,0.0 -49.36287,-10.7531266996528,0.0 -49.3628357,-10.7530403996529,0.0 -49.3628185,-10.7529943996529,0.0 -49.362811,-10.7529464996529,0.0 -49.3627939,-10.7528851996529,0.0 -49.3627807,-10.7528276996529,0.0 -49.3627635,-10.7527816996529,0.0 -49.362756,-10.7527337996529,0.0 -49.3627524,-10.7526935996529,0.0 -49.3627546,-10.7526476996529,0.0 -49.3627548,-10.7526093996529,0.0 -49.362755,-10.7525615996529,0.0 -49.3627591,-10.7525328996529,0.0 -49.3627748,-10.7524831996529,0.0 -49.3627924,-10.7524488996529,0.0 -49.3628119,-10.7524240996529,0.0 -49.3628546,-10.7524013996529,0.0 -49.3628953,-10.7523900996529,0.0 -49.3629611,-10.7523865996529,0.0 -49.3630017,-10.7523982996529,0.0 -49.3630389,-10.7524005996529,0.0 -49.3630713,-10.7524024996529,0.0 -49.3631527,-10.7523856996529,0.0 -49.3632089,-10.7523610996529,0.0 -49.3632652,-10.7523345996529,0.0 -49.3633021,-10.7523137996529,0.0 -49.3633371,-10.7522890996529,0.0 -49.3633624,-10.7522623996529,0.0 -49.3633838,-10.7522318996529,0.0 -49.3633995,-10.7521994996529,0.0 -49.3634055,-10.7521669996529,0.0 -49.3634076,-10.7521267996529,0.0 -49.3634001,-10.7520903996529,0.0 -49.3633925,-10.7520596996529,0.0 -49.363383,-10.7520271996529,0.0 -49.3633813,-10.7519888996529,0.0 -49.3633912,-10.7519410996529,0.0 -49.3633856,-10.7518970996529,0.0 -49.3633762,-10.7518548996529,0.0 -49.3633628,-10.7518222996529,0.0 -49.3633358,-10.7517991996529,0.0 -49.363302,-10.7517843996529,0.0 -49.3632517,-10.7517065996529,0.0 -49.363187,-10.7515842996529,0.0 -49.3630932,-10.7514832996529,0.0 -49.3629986,-10.7514075996529,0.0 -49.3629664,-10.7513967996529,0.0 -49.3629085,-10.7513701996529,0.0 -49.3628614,-10.7513423996529,0.0 -49.3628096,-10.7513181996529,0.0 -49.3627504,-10.7512999996529,0.0 -49.3627106,-10.7512841996529,0.0 -49.3626829,-10.7512648996529,0.0 -49.3626382,-10.7512503996529,0.0 -49.3625621,-10.7512247996529,0.0 -49.362521,-10.7512150996529,0.0 -49.3624715,-10.7512039996529,0.0 -49.3624208,-10.7511857996529,0.0 -49.3623616,-10.7511723996529,0.0 -49.3623133,-10.7511541996529,0.0 -49.3622699,-10.7511443996529,0.0 -49.36223,-10.7511285996529,0.0 -49.3621841,-10.7511199996529,0.0 -49.3621394,-10.7511149996529,0.0 -49.3621007,-10.7511099996529,0.0 -49.3620438,-10.7511120996529,0.0 -49.3619822,-10.7511045996529,0.0 -49.3619242,-10.7511006996529,0.0 -49.3618383,-10.7510929996529,0.0 -49.3617513,-10.7510913996529,0.0 -49.361692,-10.7510886996529,0.0 -49.3616497,-10.7510836996529,0.0 -49.3616219,-10.7510775996529,0.0 -49.3615966,-10.7510570996529,0.0 -49.3615653,-10.7510281996529,0.0 -49.3615196,-10.7509812996529,0.0 -49.3614763,-10.7509439996529,0.0 -49.3613896,-10.7508753996529,0.0 -49.3613401,-10.7508439996529,0.0 -49.3613053,-10.7507983996529,0.0 -49.3612741,-10.7507611996529,0.0 -49.3612524,-10.7507394996529,0.0 -49.3612308,-10.7507118996529,0.0 -49.3612092,-10.7506722996529,0.0 -49.3611913,-10.7506327996529,0.0 -49.361177,-10.7505955996529,0.0 -49.3611663,-10.7505667996529,0.0 -49.3611592,-10.7505308996529,0.0 -49.3611485,-10.7504889996529,0.0 -49.3611317,-10.7504661996529,0.0 -49.3611102,-10.7504134996529,0.0 -49.3610973,-10.7503427996529,0.0 -49.3610988,-10.7503021996529,0.0 -49.3611111,-10.7502639996529,0.0 -49.3611257,-10.7502316996529,0.0 -49.3611404,-10.7502018996529,0.0 -49.3611563,-10.7501684996529,0.0 -49.3611625,-10.7501374996529,0.0 -49.3611627,-10.7501087996529,0.0 -49.3611616,-10.7500859996529,0.0 -49.3611605,-10.7500572996529,0.0 -49.3611442,-10.7500254996529,0.0 -49.3611427,-10.750002499653,0.0 -49.3611074,-10.7499721996529,0.0 -49.361082,-10.749961299653,0.0 -49.3610494,-10.7499646996529,0.0 -49.361024,-10.7499645996529,0.0 -49.3609948,-10.7499823996529,0.0 -49.360967,-10.7500024996529,0.0 -49.3609535,-10.7500991996529,0.0 -49.3609301,-10.7501362996529,0.0 -49.3608689,-10.7501790996529,0.0 -49.3608136,-10.7502074996529,0.0 -49.3607526,-10.7502114996529,0.0 -49.3606815,-10.7502010996529,0.0 -49.3606792,-10.7502005996529,0.0 -49.360609,-10.7501862996529,0.0 -49.3605656,-10.7501716996529,0.0 -49.3605265,-10.7501585996529,0.0 -49.3604961,-10.7501440996529,0.0 -49.3604614,-10.7501209996529,0.0 -49.3604301,-10.7500913996529,0.0 -49.3603795,-10.7500480996529,0.0 -49.3603136,-10.7500025996529,0.0 -49.3602854,-10.7498299996529,0.0 -49.3602825,-10.749784599653,0.0 -49.3602765,-10.749691199653,0.0 -49.3603111,-10.749557399653,0.0 -49.3603698,-10.749433399653,0.0 -49.3603747,-10.749433399653,0.0 -49.3603313,-10.749276899653,0.0 -49.3602691,-10.749152199653,0.0 -49.3601874,-10.749041699653,0.0 -49.3601107,-10.748926499653,0.0 -49.360063,-10.748797099653,0.0 -49.3599862,-10.748681799653,0.0 -49.3598948,-10.748576099653,0.0 -49.359784,-10.748494199653,0.0 -49.3596683,-10.748412299653,0.0 -49.3595575,-10.748330299653,0.0 -49.359432,-10.748272299653,0.0 -49.3592918,-10.748257199653,0.0 -49.3591514,-10.748275599653,0.0 -49.3590205,-10.748332299653,0.0 -49.3588751,-10.748374599653,0.0 -49.3587347,-10.748397799653,0.0 -49.3586038,-10.748444899653,0.0 -49.3584681,-10.748496799653,0.0 -49.358342,-10.748553599653,0.0 -49.3582062,-10.748605499653,0.0 -49.3580754,-10.748647799653,0.0 -49.3579685,-10.748733399653,0.0 -49.3579097,-10.748862199653,0.0 -49.3577979,-10.748957299653,0.0 -49.3576623,-10.748990099653,0.0 -49.3575466,-10.748908199653,0.0 -49.3574892,-10.748783499653,0.0 -49.3573979,-10.748677699653,0.0 -49.3572675,-10.748633999653,0.0 -49.3571272,-10.748633199653,0.0 -49.3569869,-10.748632499653,0.0 -49.3568465,-10.748650899653,0.0 -49.3567061,-10.748664499653,0.0 -49.3565609,-10.748682899653,0.0 -49.3564206,-10.748686899653,0.0 -49.3562754,-10.748690899653,0.0 -49.3561349,-10.748718899653,0.0 -49.3559899,-10.748703799653,0.0 -49.3558546,-10.748679099653,0.0 -49.3557242,-10.748630599653,0.0 -49.3555744,-10.748591499653,0.0 -49.3554294,-10.748562099653,0.0 -49.3552941,-10.748532599653,0.0 -49.3552895,-10.748530899653,0.0 -49.3551638,-10.748484099653,0.0 -49.3550578,-10.748392699653,0.0 -49.3549713,-10.748286999653,0.0 -49.3548945,-10.748171699653,0.0 -49.354883,-10.748154399653,0.0 -49.3548178,-10.748056499653,0.0 -49.3547312,-10.747950799653,0.0 -49.3546204,-10.747864099653,0.0 -49.3545388,-10.747753599653,0.0 -49.3545153,-10.747619599653,0.0 -49.3545548,-10.747485799653,0.0 -49.3545797,-10.747351999653,0.0 -49.3546046,-10.747218199653,0.0 -49.3546585,-10.747089299653,0.0 -49.3546641,-10.746950599653,0.0 -49.3546213,-10.746821199653,0.0 -49.3544809,-10.746825199653,0.0 -49.3543981,-10.746939599653,0.0 -49.35432,-10.747058799653,0.0 -49.3542227,-10.747158699653,0.0 -49.3540919,-10.747201099653,0.0 -49.3539468,-10.747185999653,0.0 -49.3538166,-10.747113499653,0.0 -49.3537622,-10.747014699653,0.0 -49.3537203,-10.746924799653,0.0 -49.3537026,-10.746840899653,0.0 -49.3536489,-10.746715099653,0.0 -49.3535407,-10.7465888996531,0.0 -49.353369,-10.7464683996531,0.0 -49.3531973,-10.7463478996531,0.0 -49.3529679,-10.7462748996531,0.0 -49.3527019,-10.7462555996531,0.0 -49.3525564,-10.7463265996531,0.0 -49.352453,-10.7464276996531,0.0 -49.3523815,-10.7464730996531,0.0 -49.3523317,-10.7465047996531,0.0 -49.3521802,-10.746563799653,0.0 -49.3520167,-10.746592799653,0.0 -49.3518359,-10.7464901996531,0.0 -49.3518059,-10.7464301996531,0.0 -49.3517531,-10.7462655996531,0.0 -49.3517405,-10.7462265996531,0.0 -49.3517169,-10.7461187996531,0.0 -49.3517176,-10.7459991996531,0.0 -49.3516759,-10.7458853996531,0.0 -49.351568,-10.7457113996531,0.0 -49.3515081,-10.7456033996531,0.0 -49.3513693,-10.7455368996531,0.0 -49.3512547,-10.7454943996531,0.0 -49.3510973,-10.7455174996531,0.0 -49.3510245,-10.7455529996531,0.0 -49.3509795,-10.7457062996531,0.0 -49.3508918,-10.7458206996531,0.0 -49.3507606,-10.7459204996531,0.0 -49.3507443,-10.7459323996531,0.0 -49.350644,-10.7460058996531,0.0 -49.3505275,-10.7460913996531,0.0 -49.3503965,-10.7461481996531,0.0 -49.3502513,-10.7461616996531,0.0 -49.3501063,-10.7461465996531,0.0 -49.3500052,-10.7460455996531,0.0 -49.3499188,-10.7459302996531,0.0 -49.3498614,-10.7458008996531,0.0 -49.3498641,-10.7457756996531,0.0 -49.3498767,-10.7456573996531,0.0 -49.3499789,-10.7455430996531,0.0 -49.3500522,-10.7454143996531,0.0 -49.3500385,-10.7452707996531,0.0 -49.3499374,-10.7451697996531,0.0 -49.3497922,-10.7451833996531,0.0 -49.3496613,-10.7452400996531,0.0 -49.3495446,-10.7453398996531,0.0 -49.3494135,-10.7454252996531,0.0 -49.3492827,-10.7454676996531,0.0 -49.3491517,-10.7455243996531,0.0 -49.3490209,-10.7455667996531,0.0 -49.34889,-10.7456090996531,0.0 -49.3487591,-10.7456657996531,0.0 -49.3486282,-10.7457081996531,0.0 -49.348483,-10.7457217996531,0.0 -49.3483232,-10.7457495996531,0.0 -49.3481779,-10.7457775996531,0.0 -49.3480327,-10.7457910996531,0.0 -49.3478874,-10.7458190996531,0.0 -49.3477422,-10.7458326996531,0.0 -49.3475969,-10.7458605996531,0.0 -49.3474858,-10.7458709996531,0.0 -49.3474517,-10.7458741996531,0.0 -49.3473541,-10.7458639996531,0.0 -49.3473067,-10.7458589996531,0.0 -49.3471616,-10.7458438996531,0.0 -49.3470031,-10.7457585996531,0.0 -49.3468945,-10.7457077996531,0.0 -49.346786,-10.7456497996531,0.0 -49.3467212,-10.7455633996531,0.0 -49.3466419,-10.7454552996531,0.0 -49.3465627,-10.7453400996531,0.0 -49.3464984,-10.7451602996531,0.0 -49.3464991,-10.7450239996531,0.0 -49.3465071,-10.7448948996531,0.0 -49.3465081,-10.7447154996531,0.0 -49.3465086,-10.7446077996531,0.0 -49.346466,-10.7444496996531,0.0 -49.3464232,-10.7443059996531,0.0 -49.3463295,-10.7441834996531,0.0 -49.3462215,-10.7440321996531,0.0 -49.3462078,-10.7440184996531,0.0 -49.3461349,-10.7439455996531,0.0 -49.3459684,-10.7438729996531,0.0 -49.3459229,-10.7438704996531,0.0 -49.3458233,-10.7438650996531,0.0 -49.3457504,-10.7439220996531,0.0 -49.3456919,-10.7438841996531,0.0 -49.3455468,-10.7438690996531,0.0 -49.3454018,-10.7438395996531,0.0 -49.3452862,-10.7437528996531,0.0 -49.345156,-10.7436803996531,0.0 -49.3450549,-10.7435793996531,0.0 -49.3449591,-10.7434835996531,0.0 -49.3449539,-10.7434783996531,0.0 -49.344882,-10.7433488996532,0.0 -49.3447956,-10.7432335996532,0.0 -49.3447091,-10.7431182996532,0.0 -49.3446737,-10.7430838996532,0.0 -49.344674,-10.7430264996532,0.0 -49.3446744,-10.7429547996532,0.0 -49.3446675,-10.7428900996532,0.0 -49.3446389,-10.7428038996532,0.0 -49.3445816,-10.7426743996532,0.0 -49.3445097,-10.7425447996532,0.0 -49.3444301,-10.7425013996532,0.0 -49.3442996,-10.7424934996532,0.0 -49.3441472,-10.7424926996532,0.0 -49.3440092,-10.7425062996532,0.0 -49.3438857,-10.7425342996532,0.0 -49.3437912,-10.7425624996532,0.0 -49.3436606,-10.7425618996532,0.0 -49.3435737,-10.7425326996532,0.0 -49.3434869,-10.7424675996532,0.0 -49.3433204,-10.7423949996532,0.0 -49.3432117,-10.7423728996532,0.0 -49.3430519,-10.7423935996532,0.0 -49.3430081,-10.7424578996532,0.0 -49.3428978,-10.7425919996532,0.0 -49.3427956,-10.7426918996532,0.0 -49.3425419,-10.7427711996532,0.0 -49.3424258,-10.7427704996532,0.0 -49.3422662,-10.7427624996532,0.0 -49.3421502,-10.7427403996532,0.0 -49.3419979,-10.7427251996532,0.0 -49.3418239,-10.7426955996532,0.0 -49.3417006,-10.7426805996532,0.0 -49.3415702,-10.7426367996532,0.0 -49.3414836,-10.7425573996532,0.0 -49.3414332,-10.7424781996532,0.0 -49.3413684,-10.7423845996532,0.0 -49.3412964,-10.7422908996532,0.0 -49.3411734,-10.7422184996532,0.0 -49.3410571,-10.7421228996532,0.0 -49.340912,-10.7421220996532,0.0 -49.3407669,-10.7421213996532,0.0 -49.3406216,-10.7421492996532,0.0 -49.3404762,-10.7421915996532,0.0 -49.3403309,-10.7422194996532,0.0 -49.3401715,-10.7422472996532,0.0 -49.3400158,-10.7422505996532,0.0 -49.339913,-10.7422440996532,0.0 -49.3397076,-10.7422070996532,0.0 -49.3395839,-10.7421585996532,0.0 -49.3395477,-10.7421344996532,0.0 -49.3394634,-10.7420681996532,0.0 -49.3393915,-10.7419541996532,0.0 -49.3393345,-10.7418641996532,0.0 -49.3392898,-10.7417562996532,0.0 -49.339206,-10.7415913996532,0.0 -49.3390952,-10.7413904996532,0.0 -49.3390115,-10.7412255996532,0.0 -49.3389274,-10.7411174996532,0.0 -49.3388914,-10.7410694996532,0.0 -49.3388584,-10.7410124996532,0.0 -49.3388528,-10.7409896996532,0.0 -49.3388347,-10.7409166996532,0.0 -49.3388084,-10.7407670996532,0.0 -49.3388003,-10.7405845996532,0.0 -49.3388038,-10.7404919996532,0.0 -49.3387982,-10.7404051996532,0.0 -49.3387742,-10.7402592996532,0.0 -49.3386731,-10.7401582996532,0.0 -49.3385427,-10.7401145996532,0.0 -49.3384124,-10.7400707996532,0.0 -49.3382821,-10.7400126996533,0.0 -49.3381517,-10.7399689996533,0.0 -49.3380068,-10.7399250996533,0.0 -49.3378617,-10.7399099996533,0.0 -49.3377168,-10.7398804996533,0.0 -49.3375717,-10.7398653996533,0.0 -49.3374266,-10.7398645996533,0.0 -49.3372814,-10.7398781996533,0.0 -49.3371361,-10.7399060996533,0.0 -49.3369908,-10.7399339996533,0.0 -49.3368456,-10.7399475996533,0.0 -49.3367003,-10.7399754996533,0.0 -49.3365552,-10.7399747996533,0.0 -49.3364101,-10.7399595996533,0.0 -49.3362651,-10.7399444996533,0.0 -49.3361199,-10.7399436996533,0.0 -49.3359748,-10.7399429996533,0.0 -49.3358297,-10.7399421996533,0.0 -49.3356845,-10.7399557996533,0.0 -49.3355393,-10.7399549996533,0.0 -49.3353942,-10.7399541996533,0.0 -49.3352491,-10.7399533996533,0.0 -49.3351039,-10.7399669996533,0.0 -49.3349586,-10.7399948996533,0.0 -49.3348709,-10.7401092996532,0.0 -49.3348645,-10.7401856996532,0.0 -49.3348883,-10.7402575996532,0.0 -49.3349074,-10.7403150996532,0.0 -49.3349695,-10.7404589996532,0.0 -49.3349828,-10.7406647996532,0.0 -49.3349678,-10.7407603996532,0.0 -49.3348949,-10.7408173996532,0.0 -49.3348078,-10.7408168996532,0.0 -49.3347306,-10.7407877996532,0.0 -49.3346534,-10.7407490996532,0.0 -49.334615,-10.7406962996532,0.0 -49.334567,-10.7406242996532,0.0 -49.3345141,-10.7405665996532,0.0 -49.3344709,-10.7404993996532,0.0 -49.3344327,-10.7404225996532,0.0 -49.334385,-10.7402979996532,0.0 -49.334337,-10.7402163996532,0.0 -49.3342744,-10.7401681996533,0.0 -49.3341778,-10.7401389996532,0.0 -49.3341016,-10.7401194996532,0.0 -49.3340424,-10.7401238996532,0.0 -49.3339698,-10.7401330996532,0.0 -49.3338874,-10.7401612996532,0.0 -49.3338244,-10.7401848996532,0.0 -49.3337469,-10.7402083996532,0.0 -49.3336886,-10.7402415996532,0.0 -49.3336159,-10.7402650996532,0.0 -49.3335335,-10.7402981996532,0.0 -49.3334608,-10.7403216996532,0.0 -49.3334074,-10.7403596996532,0.0 -49.3333104,-10.7404021996532,0.0 -49.333171,-10.7404445996532,0.0 -49.3330399,-10.7405156996532,0.0 -49.3329089,-10.7405866996532,0.0 -49.3327924,-10.7406721996532,0.0 -49.3326758,-10.7407576996532,0.0 -49.3325592,-10.7408431996532,0.0 -49.3324426,-10.7409286996532,0.0 -49.3323881,-10.7409665996532,0.0 -49.3323251,-10.7409853996532,0.0 -49.3322621,-10.7410089996532,0.0 -49.3321749,-10.7410323996532,0.0 -49.3321121,-10.7410176996532,0.0 -49.3320445,-10.7409838996532,0.0 -49.3319818,-10.7409547996532,0.0 -49.3318899,-10.7409447996532,0.0 -49.3318078,-10.7409299996532,0.0 -49.3317305,-10.7409008996532,0.0 -49.3316629,-10.7408765996532,0.0 -49.3316051,-10.7408283996532,0.0 -49.3315843,-10.7407488996532,0.0 -49.3315151,-10.7406796996532,0.0 -49.3314141,-10.7405786996532,0.0 -49.3313276,-10.7404633996532,0.0 -49.331212,-10.7403766996532,0.0 -49.3310964,-10.7402899996532,0.0 -49.3309661,-10.7402317996532,0.0 -49.330821,-10.7402310996532,0.0 -49.3306901,-10.7402733996532,0.0 -49.3305735,-10.7403588996532,0.0 -49.3304425,-10.7404299996532,0.0 -49.3302969,-10.7405152996532,0.0 -49.330166,-10.7405719996532,0.0 -49.3300206,-10.7406142996532,0.0 -49.3298896,-10.7406852996532,0.0 -49.3297586,-10.7407563996532,0.0 -49.329642,-10.7408418996532,0.0 -49.3294965,-10.7409127996532,0.0 -49.3293656,-10.7409551996532,0.0 -49.3292347,-10.7410118996532,0.0 -49.3291039,-10.7410541996532,0.0 -49.3289585,-10.7410964996532,0.0 -49.3288132,-10.7411243996532,0.0 -49.3286679,-10.7411523996532,0.0 -49.3285228,-10.7411515996532,0.0 -49.3283777,-10.7411364996532,0.0 -49.3282327,-10.7411212996532,0.0 -49.3280875,-10.7411204996532,0.0 -49.3279423,-10.7411484996532,0.0 -49.3278114,-10.7411907996532,0.0 -49.3276805,-10.7412474996532,0.0 -49.3275352,-10.7412753996532,0.0 -49.3273901,-10.7412746996532,0.0 -49.3272451,-10.7412451996532,0.0 -49.3271148,-10.7411870996532,0.0 -49.3269845,-10.7411289996532,0.0 -49.3268394,-10.7411137996532,0.0 -49.3266943,-10.7411129996532,0.0 -49.326549,-10.7411409996532,0.0 -49.3264182,-10.7411832996532,0.0 -49.3262729,-10.7411968996532,0.0 -49.3261279,-10.7411817996532,0.0 -49.3259975,-10.7411379996532,0.0 -49.3258819,-10.7410512996532,0.0 -49.32581,-10.7409216996532,0.0 -49.3257623,-10.7408998996532,0.0 -49.325714,-10.7408780996532,0.0 -49.3256682,-10.7408610996532,0.0 -49.32554,-10.7408555996532,0.0 -49.3254553,-10.7408718996532,0.0 -49.3253752,-10.7409049996532,0.0 -49.3253146,-10.7409452996532,0.0 -49.3252636,-10.7409712996532,0.0 -49.3251569,-10.7410185996532,0.0 -49.3250624,-10.7410443996532,0.0 -49.3250214,-10.7410584996532,0.0 -49.3248976,-10.7411008996532,0.0 -49.3248081,-10.7411147996532,0.0 -49.3246725,-10.7411355996532,0.0 -49.3246145,-10.7411304996532,0.0 -49.3245492,-10.7411300996532,0.0 -49.3244595,-10.7411654996532,0.0 -49.3243554,-10.7411792996532,0.0 -49.3242805,-10.7411573996532,0.0 -49.3242105,-10.7411258996532,0.0 -49.3241333,-10.7411039996532,0.0 -49.3240754,-10.7410725996532,0.0 -49.3240442,-10.7410221996532,0.0 -49.3239816,-10.7409739996532,0.0 -49.3239141,-10.7409376996532,0.0 -49.3238563,-10.7408751996532,0.0 -49.3238204,-10.7408152996532,0.0 -49.3237606,-10.7406881996532,0.0 -49.3237344,-10.7406138996532,0.0 -49.3237178,-10.7405610996532,0.0 -49.3237111,-10.7404653996532,0.0 -49.3237261,-10.7403650996532,0.0 -49.3237314,-10.7402860996532,0.0 -49.3237269,-10.7402167996532,0.0 -49.3237419,-10.7401330996532,0.0 -49.3237668,-10.7400112996533,0.0 -49.3238013,-10.7398870996533,0.0 -49.3238166,-10.7397483996533,0.0 -49.323822,-10.7396550996533,0.0 -49.3238294,-10.7396168996533,0.0 -49.3238685,-10.7395405996533,0.0 -49.3239123,-10.7395048996533,0.0 -49.3239536,-10.7394620996533,0.0 -49.3239854,-10.7393976996533,0.0 -49.3240318,-10.7393165996533,0.0 -49.324127,-10.7391663996533,0.0 -49.3242003,-10.7390256996533,0.0 -49.3242542,-10.7389015996533,0.0 -49.3243273,-10.7388086996533,0.0 -49.3243956,-10.7387181996533,0.0 -49.3244298,-10.7386465996533,0.0 -49.3244447,-10.7386197996533,0.0 -49.3244616,-10.7385893996533,0.0 -49.3245102,-10.7385489996533,0.0 -49.3245902,-10.7385158996533,0.0 -49.3246919,-10.7384877996533,0.0 -49.3248156,-10.7384261996533,0.0 -49.3249055,-10.7383644996533,0.0 -49.3249542,-10.7383049996533,0.0 -49.3249908,-10.7382333996533,0.0 -49.3250155,-10.7381569996533,0.0 -49.3250352,-10.7380805996533,0.0 -49.3250356,-10.7380087996533,0.0 -49.325036,-10.7379322996533,0.0 -49.3250388,-10.7378652996533,0.0 -49.3250392,-10.7378054996533,0.0 -49.3250299,-10.7377384996533,0.0 -49.3249942,-10.7376330996533,0.0 -49.3249799,-10.7375922996533,0.0 -49.3249535,-10.7375419996533,0.0 -49.3249272,-10.7374891996533,0.0 -49.3248961,-10.7374387996533,0.0 -49.3248528,-10.7373882996533,0.0 -49.324812,-10.7373282996533,0.0 -49.3247784,-10.7372730996533,0.0 -49.3247473,-10.7372250996533,0.0 -49.3247355,-10.7371723996533,0.0 -49.3247262,-10.7370885996533,0.0 -49.3247075,-10.7369736996533,0.0 -49.3247104,-10.7368947996533,0.0 -49.3247276,-10.7368374996534,0.0 -49.3247399,-10.7367968996534,0.0 -49.3247474,-10.7367586996534,0.0 -49.3247799,-10.7366839996534,0.0 -49.324847,-10.7365965996534,0.0 -49.3249063,-10.7365302996534,0.0 -49.3249448,-10.7364965996534,0.0 -49.3249764,-10.7364680996534,0.0 -49.3250008,-10.7364251996534,0.0 -49.3250156,-10.7363773996534,0.0 -49.3250497,-10.7363320996534,0.0 -49.3251227,-10.7362535996534,0.0 -49.3251399,-10.7361962996534,0.0 -49.3251669,-10.7361269996534,0.0 -49.3251746,-10.7360576996534,0.0 -49.3251895,-10.7359907996534,0.0 -49.3251874,-10.7359333996534,0.0 -49.3251804,-10.7358830996534,0.0 -49.3251419,-10.7358493996534,0.0 -49.3250814,-10.7358490996534,0.0 -49.3250209,-10.7358511996534,0.0 -49.3249724,-10.7358700996534,0.0 -49.324919,-10.7359008996534,0.0 -49.3248753,-10.7359340996534,0.0 -49.3248147,-10.7359624996534,0.0 -49.324759,-10.7359669996534,0.0 -49.3246986,-10.7359618996534,0.0 -49.3246474,-10.7359352996534,0.0 -49.3246335,-10.7359136996534,0.0 -49.3246168,-10.7358728996534,0.0 -49.3245856,-10.7358272996534,0.0 -49.3245448,-10.7357839996534,0.0 -49.3245159,-10.7357479996534,0.0 -49.3244606,-10.7356878996534,0.0 -49.3244077,-10.7356445996534,0.0 -49.3243305,-10.7356034996534,0.0 -49.3242726,-10.7355648996534,0.0 -49.3242148,-10.7355238996534,0.0 -49.3241134,-10.7354898996534,0.0 -49.3240652,-10.7354632996534,0.0 -49.3240189,-10.7354782996534,0.0 -49.3239161,-10.7354914996534,0.0 -49.3238236,-10.7355961996534,0.0 -49.3237119,-10.7356768996534,0.0 -49.3236242,-10.7357816996534,0.0 -49.3235655,-10.7359057996534,0.0 -49.3234634,-10.7360008996534,0.0 -49.3233757,-10.7361151996534,0.0 -49.3232928,-10.7362295996534,0.0 -49.32321,-10.7363391996534,0.0 -49.3231031,-10.7364246996534,0.0 -49.3230202,-10.7365438996534,0.0 -49.3229662,-10.7366774996534,0.0 -49.3228593,-10.7367630996534,0.0 -49.3227189,-10.7367766996534,0.0 -49.3225785,-10.7367997996533,0.0 -49.3224476,-10.7368564996533,0.0 -49.3223647,-10.7369708996533,0.0 -49.3222819,-10.7370804996533,0.0 -49.3221509,-10.7371371996533,0.0 -49.3220201,-10.7371794996533,0.0 -49.3219861,-10.7371984996533,0.0 -49.3218988,-10.7372458996533,0.0 -49.3217631,-10.7372833996533,0.0 -49.321618,-10.7372873996533,0.0 -49.3215551,-10.7372784996533,0.0 -49.3214778,-10.7372674996533,0.0 -49.3213424,-10.7372427996533,0.0 -49.3211974,-10.7372276996533,0.0 -49.3210622,-10.7371743996533,0.0 -49.3209221,-10.7371400996533,0.0 -49.3207818,-10.7371393996533,0.0 -49.3206413,-10.7371768996533,0.0 -49.3205104,-10.7372287996533,0.0 -49.3204903,-10.7372335996533,0.0 -49.3203748,-10.7372614996533,0.0 -49.3202346,-10.7372368996533,0.0 -49.3201724,-10.7371120996533,0.0 -49.3201732,-10.7369733996533,0.0 -49.3201885,-10.7368347996534,0.0 -49.3201118,-10.7367099996534,0.0 -49.3199912,-10.7366375996534,0.0 -49.319856,-10.7365985996534,0.0 -49.3197305,-10.7365404996534,0.0 -49.3196246,-10.7364537996534,0.0 -49.3194893,-10.7364147996534,0.0 -49.3193537,-10.7364522996534,0.0 -49.3192134,-10.7364515996534,0.0 -49.3191305,-10.7365610996534,0.0 -49.3191346,-10.7366998996534,0.0 -49.3191338,-10.7368385996533,0.0 -49.3190317,-10.7369337996533,0.0 -49.3188961,-10.7369616996533,0.0 -49.3187558,-10.7369704996533,0.0 -49.3186155,-10.7369649996533,0.0 -49.3184704,-10.7369641996533,0.0 -49.31833,-10.7369777996533,0.0 -49.3181991,-10.7370296996533,0.0 -49.3180874,-10.7371151996533,0.0 -49.3180825,-10.7371151996533,0.0 -49.3179756,-10.7371958996533,0.0 -49.3178591,-10.7372718996533,0.0 -49.3177521,-10.7373764996533,0.0 -49.3176548,-10.7374764996533,0.0 -49.3175431,-10.7375619996533,0.0 -49.3174121,-10.7376186996533,0.0 -49.3172765,-10.7376418996533,0.0 -49.3171456,-10.7376937996533,0.0 -49.3170243,-10.7377648996533,0.0 -49.3168982,-10.7378215996533,0.0 -49.3167816,-10.7379118996533,0.0 -49.3166795,-10.7380117996533,0.0 -49.3165581,-10.7380876996533,0.0 -49.3164416,-10.7381635996533,0.0 -49.3164181,-10.7382372996533,0.0 -49.3163831,-10.7383477996533,0.0 -49.3163243,-10.7384765996533,0.0 -49.3162583,-10.7385981996533,0.0 -49.3161634,-10.7386981996533,0.0 -49.3160757,-10.7388052996533,0.0 -49.3159809,-10.7389052996533,0.0 -49.3159076,-10.7390268996533,0.0 -49.3159069,-10.7391631996533,0.0 -49.3159133,-10.7393067996533,0.0 -49.3159198,-10.7394431996533,0.0 -49.3159481,-10.7395796996533,0.0 -49.3159909,-10.7397090996533,0.0 -49.3160119,-10.7398454996533,0.0 -49.316062,-10.7399748996533,0.0 -49.3161266,-10.7400972996533,0.0 -49.3162058,-10.7402124996532,0.0 -49.3162487,-10.7403418996532,0.0 -49.3162624,-10.7404782996532,0.0 -49.3163052,-10.7406076996532,0.0 -49.3163626,-10.7407371996532,0.0 -49.3163546,-10.7408734996532,0.0 -49.3162669,-10.7409806996532,0.0 -49.3162081,-10.7411094996532,0.0 -49.3161639,-10.7412384996532,0.0 -49.3160979,-10.7413600996532,0.0 -49.3160174,-10.7414744996532,0.0 -49.3159587,-10.7416032996532,0.0 -49.3159071,-10.7417393996532,0.0 -49.3159063,-10.7418756996532,0.0 -49.3159419,-10.7420122996532,0.0 -49.3160209,-10.7421489996532,0.0 -49.3160783,-10.7422784996532,0.0 -49.3160775,-10.7424147996532,0.0 -49.316055,-10.7425510996532,0.0 -49.3160252,-10.7426871996532,0.0 -49.3159664,-10.7428232996532,0.0 -49.3158715,-10.7429303996532,0.0 -49.3158707,-10.7430666996532,0.0 -49.3158845,-10.7432030996532,0.0 -49.3158837,-10.7433394996531,0.0 -49.3158612,-10.7434756996531,0.0 -49.3158097,-10.7436045996531,0.0 -49.315722,-10.7437117996531,0.0 -49.315722,-10.7437188996531,0.0 -49.3155155,-10.7438768996531,0.0 -49.315309,-10.7440347996531,0.0 -49.3151829,-10.7440914996531,0.0 -49.3150472,-10.7441385996531,0.0 -49.3149018,-10.7441760996531,0.0 -49.3147373,-10.7441943996531,0.0 -49.3145921,-10.7441935996531,0.0 -49.3144373,-10.7441926996531,0.0 -49.3142921,-10.7442014996531,0.0 -49.3141372,-10.7442197996531,0.0 -49.3140016,-10.7442573996531,0.0 -49.3138658,-10.7443044996531,0.0 -49.3137493,-10.7443803996531,0.0 -49.3136423,-10.7444849996531,0.0 -49.3135546,-10.7445993996531,0.0 -49.3134669,-10.7447136996531,0.0 -49.3133792,-10.7448184996531,0.0 -49.3132626,-10.7449039996531,0.0 -49.3131269,-10.7449510996531,0.0 -49.3130008,-10.7450077996531,0.0 -49.3128747,-10.7450644996531,0.0 -49.3127294,-10.7450923996531,0.0 -49.312584,-10.7451489996531,0.0 -49.3124482,-10.7452056996531,0.0 -49.3123124,-10.7452623996531,0.0 -49.3121672,-10.7452806996531,0.0 -49.3120315,-10.7453277996531,0.0 -49.3118859,-10.7453939996531,0.0 -49.3117502,-10.7454410996531,0.0 -49.3116241,-10.7455073996531,0.0 -49.3114786,-10.7455639996531,0.0 -49.3113335,-10.7455631996531,0.0 -49.3111885,-10.7455336996531,0.0 -49.3110728,-10.7454565996531,0.0 -49.3109474,-10.7453984996531,0.0 -49.3108023,-10.7453880996531,0.0 -49.3106954,-10.7454736996531,0.0 -49.3105789,-10.7455495996531,0.0 -49.3104528,-10.7456062996531,0.0 -49.3103362,-10.7456821996531,0.0 -49.3103258,-10.7458256996531,0.0 -49.3102477,-10.7459399996531,0.0 -49.3101124,-10.7459105996531,0.0 -49.3099674,-10.7458906996531,0.0 -49.3098224,-10.7458707996531,0.0 -49.3096775,-10.7458220996531,0.0 -49.3095716,-10.7457353996531,0.0 -49.3094559,-10.7456582996531,0.0 -49.3093403,-10.7455714996531,0.0 -49.3092246,-10.7454847996531,0.0 -49.3091381,-10.7453790996531,0.0 -49.3090127,-10.7453113996531,0.0 -49.3088873,-10.7452437996531,0.0 -49.3087716,-10.7451665996531,0.0 -49.3086657,-10.7450798996531,0.0 -49.3085792,-10.7449741996531,0.0 -49.3085024,-10.7448588996531,0.0 -49.3084063,-10.7447531996531,0.0 -49.3083003,-10.7446664996531,0.0 -49.308175,-10.7445892996531,0.0 -49.3080397,-10.7445597996531,0.0 -49.3078945,-10.7445589996531,0.0 -49.3077494,-10.7445581996531,0.0 -49.3076138,-10.7445957996531,0.0 -49.3074589,-10.7446044996531,0.0 -49.3073232,-10.7446419996531,0.0 -49.307178,-10.7446603996531,0.0 -49.3071683,-10.7446698996531,0.0 -49.3070421,-10.7447456996531,0.0 -49.3069064,-10.7447832996531,0.0 -49.3067899,-10.7448591996531,0.0 -49.3066925,-10.7449638996531,0.0 -49.3065951,-10.7450877996531,0.0 -49.306517,-10.7452020996531,0.0 -49.3064197,-10.7453068996531,0.0 -49.3063127,-10.7454019996531,0.0 -49.3061961,-10.7454873996531,0.0 -49.30607,-10.7455536996531,0.0 -49.3059151,-10.7455623996531,0.0 -49.3057604,-10.7455519996531,0.0 -49.3056152,-10.7455511996531,0.0 -49.3054795,-10.7455982996531,0.0 -49.3053533,-10.7456741996531,0.0 -49.3052464,-10.7457596996531,0.0 -49.3051587,-10.7458644996531,0.0 -49.3050999,-10.7459980996531,0.0 -49.3050411,-10.7461316996531,0.0 -49.3050017,-10.7462654996531,0.0 -49.3049622,-10.7464087996531,0.0 -49.3048841,-10.7465231996531,0.0 -49.3048254,-10.7466471996531,0.0 -49.3047089,-10.746723099653,0.0 -49.304573,-10.746789399653,0.0 -49.3044469,-10.746846099653,0.0 -49.3043113,-10.746883599653,0.0 -49.3041756,-10.746911599653,0.0 -49.3040207,-10.746929899653,0.0 -49.3038851,-10.746967399653,0.0 -49.3037685,-10.747052899653,0.0 -49.3037387,-10.747186699653,0.0 -49.303767,-10.747320799653,0.0 -49.3038146,-10.747454999653,0.0 -49.3038914,-10.747570199653,0.0 -49.3039293,-10.747704399653,0.0 -49.3038319,-10.747818599653,0.0 -49.3037828,-10.747952299653,0.0 -49.3037241,-10.748076399653,0.0 -49.3036267,-10.748181099653,0.0 -49.3035006,-10.748247399653,0.0 -49.3033552,-10.748294399653,0.0 -49.3032195,-10.748331999653,0.0 -49.3030839,-10.748359899653,0.0 -49.3029388,-10.748359099653,0.0 -49.3028222,-10.748434999653,0.0 -49.3027332,-10.748568499653,0.0 -49.3026441,-10.748701999653,0.0 -49.3025204,-10.748765899653,0.0 -49.3024255,-10.748865799653,0.0 -49.3023813,-10.748994699653,0.0 -49.3023515,-10.749130899653,0.0 -49.3024452,-10.749231899653,0.0 -49.3024808,-10.749368399653,0.0 -49.3024727,-10.749504699653,0.0 -49.3023706,-10.749597499653,0.0 -49.3022469,-10.749668499653,0.0 -49.302116,-10.749710899653,0.0 -49.3018472,-10.749766799653,0.0 -49.3017594,-10.7499026996529,0.0 -49.3016932,-10.7500060996529,0.0 -49.3016541,-10.7501659996529,0.0 -49.3016231,-10.7503033996529,0.0 -49.3015078,-10.7503804996529,0.0 -49.3013805,-10.7504335996529,0.0 -49.3012532,-10.7504866996529,0.0 -49.3011439,-10.7505698996529,0.0 -49.3010405,-10.7506649996529,0.0 -49.3009312,-10.7507480996529,0.0 -49.3008098,-10.7508251996529,0.0 -49.3006825,-10.7508782996529,0.0 -49.3005435,-10.7508595996529,0.0 -49.300423,-10.7507871996529,0.0 -49.3003085,-10.7507087996529,0.0 -49.3001693,-10.7507319996529,0.0 -49.3000841,-10.7508390996529,0.0 -49.3000169,-10.7509583996529,0.0 -49.2999678,-10.7510896996529,0.0 -49.2998885,-10.7512027996529,0.0 -49.2998334,-10.7513280996529,0.0 -49.2996942,-10.7513392996529,0.0 -49.2995798,-10.7512608996529,0.0 -49.2994714,-10.7511765996529,0.0 -49.2993447,-10.7511220996529,0.0 -49.2992119,-10.7510794996529,0.0 -49.2991278,-10.7509713996529,0.0 -49.2990499,-10.7508573996529,0.0 -49.2989658,-10.7507492996529,0.0 -49.2989121,-10.7506233996529,0.0 -49.2988341,-10.7505093996529,0.0 -49.2987925,-10.7503775996529,0.0 -49.2987267,-10.7502575996529,0.0 -49.2986426,-10.7501494996529,0.0 -49.2985098,-10.7501009996529,0.0 -49.2983825,-10.7501600996529,0.0 -49.2982852,-10.7502671996529,0.0 -49.298218,-10.7503863996529,0.0 -49.2981628,-10.7505116996529,0.0 -49.2980475,-10.7505947996529,0.0 -49.2979083,-10.7506059996529,0.0 -49.2977755,-10.7505573996529,0.0 -49.2977218,-10.7504314996529,0.0 -49.2976681,-10.7503056996529,0.0 -49.2975962,-10.7501856996529,0.0 -49.2974634,-10.7501370996529,0.0 -49.2972158,-10.7500878996529,0.0 -49.2971311,-10.7500814996529,0.0 -49.2970749,-10.7500058996529,0.0 -49.2970576,-10.7499882996529,0.0 -49.2970119,-10.749859899653,0.0 -49.2968744,-10.749878199653,0.0 -49.296737,-10.749864099653,0.0 -49.2966518,-10.749929499653,0.0 -49.2966282,-10.7499476996529,0.0 -49.2964907,-10.7499621996529,0.0 -49.2963533,-10.7499633996529,0.0 -49.2962952,-10.7498416996529,0.0 -49.2962943,-10.749839599653,0.0 -49.2961859,-10.749749399653,0.0 -49.2960592,-10.749694799653,0.0 -49.2959631,-10.749592699653,0.0 -49.2959215,-10.749460899653,0.0 -49.2959404,-10.749323399653,0.0 -49.2959411,-10.749185899653,0.0 -49.2959298,-10.749048299653,0.0 -49.295864,-10.748928399653,0.0 -49.2957434,-10.748855899653,0.0 -49.2956044,-10.748849199653,0.0 -49.2955245,-10.748852199653,0.0 -49.2954653,-10.748854399653,0.0 -49.295332,-10.748901499653,0.0 -49.2952046,-10.748960599653,0.0 -49.2950939,-10.749010099653,0.0 -49.2950835,-10.749025399653,0.0 -49.295066,-10.749042499653,0.0 -49.2950349,-10.749057699653,0.0 -49.2950001,-10.749065099653,0.0 -49.294973,-10.749063099653,0.0 -49.2949479,-10.749051499653,0.0 -49.2949073,-10.749039699653,0.0 -49.2948667,-10.749035699653,0.0 -49.2948126,-10.749020099653,0.0 -49.2947624,-10.749008299653,0.0 -49.2947083,-10.748988899653,0.0 -49.2946504,-10.748963699653,0.0 -49.2946002,-10.748934699653,0.0 -49.2945307,-10.748899899653,0.0 -49.2944671,-10.748868899653,0.0 -49.2944227,-10.748849599653,0.0 -49.2943569,-10.748839599653,0.0 -49.2942834,-10.748844999653,0.0 -49.2942138,-10.748833099653,0.0 -49.2941597,-10.748807899653,0.0 -49.2941405,-10.748777199653,0.0 -49.2941251,-10.748738499653,0.0 -49.2940823,-10.748722799653,0.0 -49.2939495,-10.748674299653,0.0 -49.2938045,-10.748661499653,0.0 -49.2936595,-10.748636799653,0.0 -49.2935267,-10.748588199653,0.0 -49.2933939,-10.748539599653,0.0 -49.2932612,-10.748479099653,0.0 -49.2931407,-10.748406699653,0.0 -49.2930079,-10.748358099653,0.0 -49.2928508,-10.748333399653,0.0 -49.292718,-10.748296699653,0.0 -49.292573,-10.748271999653,0.0 -49.2924279,-10.748271199653,0.0 -49.2922946,-10.748306399653,0.0 -49.2921613,-10.748353499653,0.0 -49.292028,-10.748412499653,0.0 -49.2918946,-10.748471599653,0.0 -49.2917853,-10.748554699653,0.0 -49.2916639,-10.748637799653,0.0 -49.2915304,-10.748708799653,0.0 -49.2913971,-10.748755899653,0.0 -49.2912639,-10.748791099653,0.0 -49.2911186,-10.748814199653,0.0 -49.2909733,-10.748849299653,0.0 -49.290828,-10.748872399653,0.0 -49.2906827,-10.748907499653,0.0 -49.2905254,-10.748918499653,0.0 -49.2903921,-10.748953699653,0.0 -49.290247,-10.748952899653,0.0 -49.2900899,-10.748940099653,0.0 -49.2899447,-10.748939299653,0.0 -49.2898114,-10.748981599653,0.0 -49.2896711,-10.748985599653,0.0 -49.2895354,-10.749027899653,0.0 -49.2894045,-10.749074999653,0.0 -49.2892803,-10.749140399653,0.0 -49.289158,-10.749208599653,0.0 -49.2890395,-10.749286399653,0.0 -49.2889288,-10.749367999653,0.0 -49.2888372,-10.749476599653,0.0 -49.2887438,-10.749579399653,0.0 -49.2886484,-10.749682199653,0.0 -49.28858,-10.749800499653,0.0 -49.2884707,-10.7499605996529,0.0 -49.2884533,-10.7499624996529,0.0 -49.288426,-10.7499966996529,0.0 -49.288426,-10.7500053996529,0.0 -49.2883767,-10.7500941996529,0.0 -49.2883662,-10.7502328996529,0.0 -49.2883654,-10.7503763996529,0.0 -49.2883356,-10.7505197996529,0.0 -49.2882768,-10.7506485996529,0.0 -49.2881891,-10.7507628996529,0.0 -49.2881158,-10.7508916996529,0.0 -49.2880715,-10.7510205996529,0.0 -49.2880562,-10.7511640996529,0.0 -49.2880263,-10.7513073996529,0.0 -49.2879676,-10.7514361996529,0.0 -49.2878943,-10.7515649996529,0.0 -49.2877921,-10.7516648996529,0.0 -49.2877623,-10.7518082996529,0.0 -49.2877615,-10.7519517996529,0.0 -49.2877316,-10.7520950996529,0.0 -49.2877162,-10.7522528996529,0.0 -49.2876719,-10.7523817996529,0.0 -49.2876132,-10.7525106996529,0.0 -49.2875544,-10.7526394996529,0.0 -49.2875101,-10.7527683996529,0.0 -49.2874658,-10.7528972996529,0.0 -49.2873636,-10.7530115996529,0.0 -49.2872759,-10.7531258996528,0.0 -49.2871593,-10.7532113996528,0.0 -49.2870283,-10.7532823996528,0.0 -49.2868974,-10.7533247996528,0.0 -49.2867665,-10.7533813996528,0.0 -49.2866355,-10.7534380996528,0.0 -49.2865047,-10.7534804996528,0.0 -49.2863737,-10.7535370996528,0.0 -49.2862571,-10.7536225996528,0.0 -49.2862128,-10.7537514996528,0.0 -49.2861541,-10.7538803996528,0.0 -49.2860953,-10.7540091996528,0.0 -49.2860076,-10.7541234996528,0.0 -49.2859198,-10.7542378996528,0.0 -49.2857888,-10.7543088996528,0.0 -49.2856579,-10.7543511996528,0.0 -49.285527,-10.7544078996528,0.0 -49.2854393,-10.7545221996528,0.0 -49.2853515,-10.7546365996528,0.0 -49.2852638,-10.7547508996528,0.0 -49.285234,-10.7548942996528,0.0 -49.2852041,-10.7550375996528,0.0 -49.2851743,-10.7551809996528,0.0 -49.28513,-10.7553098996528,0.0 -49.2850858,-10.7554387996528,0.0 -49.2850559,-10.7555820996528,0.0 -49.2850116,-10.7557110996528,0.0 -49.2849674,-10.7558399996528,0.0 -49.2849521,-10.7559833996528,0.0 -49.2848933,-10.7561122996528,0.0 -49.2847911,-10.7562121996528,0.0 -49.2846889,-10.7563119996528,0.0 -49.2846161,-10.7563690996528,0.0 -49.2845606,-10.7564928996527,0.0 -49.2843991,-10.7565082996527,0.0 -49.2842904,-10.7564789996527,0.0 -49.2841454,-10.7564494996528,0.0 -49.2840007,-10.7563840996528,0.0 -49.2838199,-10.7562610996528,0.0 -49.2837743,-10.7562117996528,0.0 -49.2837443,-10.7561607996528,0.0 -49.2837054,-10.7560917996528,0.0 -49.2836666,-10.7560048996528,0.0 -49.2836368,-10.7559239996528,0.0 -49.2836128,-10.7558909996528,0.0 -49.2836039,-10.7558520996528,0.0 -49.2835861,-10.7558040996528,0.0 -49.2835499,-10.7557799996528,0.0 -49.2835319,-10.7557619996528,0.0 -49.2834567,-10.7556867996528,0.0 -49.2834631,-10.7556359996528,0.0 -49.2834577,-10.7555043996528,0.0 -49.2834282,-10.7553816996528,0.0 -49.2833986,-10.7552708996528,0.0 -49.2833935,-10.7551147996528,0.0 -49.2833314,-10.7550383996528,0.0 -49.2831523,-10.7549059996528,0.0 -49.2830154,-10.7547658996528,0.0 -49.2829194,-10.7546591996528,0.0 -49.2828233,-10.7545524996528,0.0 -49.2825919,-10.7544076996528,0.0 -49.2824333,-10.7542298996528,0.0 -49.2822887,-10.7541285996528,0.0 -49.282154,-10.7539890996528,0.0 -49.2819469,-10.7538252996528,0.0 -49.2817344,-10.7537571996528,0.0 -49.2815267,-10.7537033996528,0.0 -49.2812947,-10.7536685996528,0.0 -49.2811305,-10.7536198996528,0.0 -49.2809393,-10.7536331996528,0.0 -49.280776,-10.7536358996528,0.0 -49.2806127,-10.7536384996528,0.0 -49.2804532,-10.7536160996528,0.0 -49.2802647,-10.7535935996528,0.0 -49.2801557,-10.7536072996528,0.0 -49.2800684,-10.7536498996528,0.0 -49.2799953,-10.7537427996528,0.0 -49.2799152,-10.7537924996528,0.0 -49.2798132,-10.7538708996528,0.0 -49.2796748,-10.7539562996528,0.0 -49.2795945,-10.7540346996528,0.0 -49.2795434,-10.7540989996528,0.0 -49.2794556,-10.7542133996528,0.0 -49.2793676,-10.7542635996528,0.0 -49.2792318,-10.7543201996528,0.0 -49.279096,-10.7543768996528,0.0 -49.2789795,-10.7544527996528,0.0 -49.2788629,-10.7545286996528,0.0 -49.2787463,-10.7546236996528,0.0 -49.2786297,-10.7546995996528,0.0 -49.2785132,-10.7547754996528,0.0 -49.2783964,-10.7548896996528,0.0 -49.2783963,-10.7549087996528,0.0 -49.2782994,-10.7549464996528,0.0 -49.2781635,-10.7550222996528,0.0 -49.2780469,-10.7550981996528,0.0 -49.2779111,-10.7551548996528,0.0 -49.2777754,-10.7552114996528,0.0 -49.2776396,-10.7552681996528,0.0 -49.2775038,-10.7553247996528,0.0 -49.2773679,-10.7554005996528,0.0 -49.2772321,-10.7554572996528,0.0 -49.2770963,-10.7555138996528,0.0 -49.2769798,-10.7555897996528,0.0 -49.2768633,-10.7556656996528,0.0 -49.2767466,-10.7557606996528,0.0 -49.2765915,-10.7558172996528,0.0 -49.2764557,-10.7558738996528,0.0 -49.2763199,-10.7559305996528,0.0 -49.2762034,-10.7560064996528,0.0 -49.2760676,-10.7560630996528,0.0 -49.275951,-10.7561389996528,0.0 -49.2759317,-10.7561388996528,0.0 -49.2757715,-10.7562384996528,0.0 -49.2756357,-10.7562950996528,0.0 -49.275519,-10.7563901996527,0.0 -49.2754025,-10.7564660996527,0.0 -49.2752858,-10.7565610996527,0.0 -49.2751883,-10.7566944996527,0.0 -49.2751103,-10.7568088996527,0.0 -49.2750129,-10.7569230996527,0.0 -49.2749393,-10.7569830996527,0.0 -49.2748962,-10.7570181996527,0.0 -49.2747605,-10.7570556996527,0.0 -49.2746248,-10.7571122996527,0.0 -49.2745082,-10.7571881996527,0.0 -49.2743724,-10.7572448996527,0.0 -49.2742367,-10.7572823996527,0.0 -49.2740818,-10.7573006996527,0.0 -49.2739269,-10.7573188996527,0.0 -49.2737721,-10.7573180996527,0.0 -49.2736174,-10.7572980996527,0.0 -49.2734627,-10.7572780996527,0.0 -49.2733275,-10.7572390996527,0.0 -49.2731922,-10.7571999996527,0.0 -49.2730571,-10.7571418996527,0.0 -49.2729218,-10.7571028996527,0.0 -49.2727867,-10.7570446996527,0.0 -49.2726516,-10.7569864996527,0.0 -49.2725163,-10.7569474996527,0.0 -49.2723812,-10.7568893996527,0.0 -49.2722461,-10.7568311996527,0.0 -49.272111,-10.7567729996527,0.0 -49.2719953,-10.7566958996527,0.0 -49.2718992,-10.7565804996527,0.0 -49.2717836,-10.7564841996527,0.0 -49.271668,-10.7564069996527,0.0 -49.2715523,-10.7563297996528,0.0 -49.2714367,-10.7562334996528,0.0 -49.271321,-10.7561562996528,0.0 -49.2712054,-10.7560790996528,0.0 -49.2710898,-10.7559827996528,0.0 -49.2709741,-10.7559055996528,0.0 -49.2708585,-10.7558283996528,0.0 -49.2707232,-10.7557893996528,0.0 -49.2705685,-10.7557693996528,0.0 -49.2704435,-10.7558452996528,0.0 -49.2702922,-10.7558742996528,0.0 -49.2701408,-10.7559033996528,0.0 -49.2699893,-10.7559622996528,0.0 -49.2698378,-10.7560212996528,0.0 -49.2697163,-10.7561102996528,0.0 -49.2695648,-10.7561692996528,0.0 -49.2694133,-10.7562281996528,0.0 -49.2692616,-10.7563170996528,0.0 -49.2691101,-10.7563759996528,0.0 -49.2689586,-10.7564349996527,0.0 -49.268807,-10.7564938996528,0.0 -49.2686555,-10.7565528996527,0.0 -49.2685042,-10.7565818996527,0.0 -49.268353,-10.7565810996527,0.0 -49.2682018,-10.7565801996527,0.0 -49.2680506,-10.7565793996527,0.0 -49.2678994,-10.7565785996527,0.0 -49.2677483,-10.7565776996527,0.0 -49.2675973,-10.7565469996527,0.0 -49.2674462,-10.7565161996527,0.0 -49.2672952,-10.7564854996527,0.0 -49.2671441,-10.7564845996527,0.0 -49.2669929,-10.7564837996527,0.0 -49.2668417,-10.7564828996527,0.0 -49.2666905,-10.7564820996527,0.0 -49.2665393,-10.7564812996527,0.0 -49.2663882,-10.7564803996527,0.0 -49.266237,-10.7564795996527,0.0 -49.2660858,-10.7564786996527,0.0 -49.2659346,-10.7564778996527,0.0 -49.2657834,-10.7564769996527,0.0 -49.2656323,-10.7564761996527,0.0 -49.2654813,-10.7564453996527,0.0 -49.2653301,-10.7564445996527,0.0 -49.2651791,-10.7564138996527,0.0 -49.2650279,-10.7564129996527,0.0 -49.2648767,-10.7564121996527,0.0 -49.2647255,-10.7564112996528,0.0 -49.2645743,-10.7564104996527,0.0 -49.2644232,-10.7564095996528,0.0 -49.264272,-10.7564087996527,0.0 -49.2641208,-10.7564078996527,0.0 -49.2639696,-10.7564070996527,0.0 -49.2638184,-10.7564062996527,0.0 -49.2636673,-10.7564053996527,0.0 -49.2635161,-10.7564045996527,0.0 -49.2633347,-10.7564034996527,0.0 -49.2631835,-10.7564026996527,0.0 -49.2630323,-10.7564018996527,0.0 -49.2628811,-10.7564009996528,0.0 -49.26273,-10.7564001996527,0.0 -49.2625788,-10.7563992996527,0.0 -49.2624276,-10.7563984996527,0.0 -49.2622766,-10.7563676996528,0.0 -49.2621254,-10.7563668996528,0.0 -49.2619746,-10.7563061996528,0.0 -49.2618234,-10.7563053996528,0.0 -49.2616724,-10.7562745996528,0.0 -49.2615214,-10.7562438996528,0.0 -49.2613702,-10.7562430996528,0.0 -49.2612195,-10.7561524996528,0.0 -49.2610687,-10.7560918996528,0.0 -49.2609179,-10.7560311996528,0.0 -49.2607668,-10.7560004996528,0.0 -49.260616,-10.7559397996528,0.0 -49.2604648,-10.7559389996528,0.0 -49.2603138,-10.7559081996528,0.0 -49.2601628,-10.7558774996528,0.0 -49.2600116,-10.7558766996528,0.0 -49.2598608,-10.7558159996528,0.0 -49.2597098,-10.7557852996528,0.0 -49.2595588,-10.7557544996528,0.0 -49.2594076,-10.7557536996528,0.0 -49.2592566,-10.7557228996528,0.0 -49.2591056,-10.7556921996528,0.0 -49.2589244,-10.7556612996528,0.0 -49.2587733,-10.7556304996528,0.0 -49.2586222,-10.7556296996528,0.0 -49.2585017,-10.7555392996528,0.0 -49.2583207,-10.7554784996528,0.0 -49.2581698,-10.7554285996528,0.0 -49.2580346,-10.7553703996528,0.0 -49.2578996,-10.7552930996528,0.0 -49.257784,-10.7552159996528,0.0 -49.2576684,-10.7551195996528,0.0 -49.2575527,-10.7550423996528,0.0 -49.2574177,-10.7549650996528,0.0 -49.2572826,-10.7549069996528,0.0 -49.2571476,-10.7548296996528,0.0 -49.2569931,-10.7547713996528,0.0 -49.256858,-10.7547131996528,0.0 -49.2567227,-10.7546741996528,0.0 -49.2565876,-10.7546159996528,0.0 -49.2564524,-10.7545769996528,0.0 -49.2563173,-10.7545188996528,0.0 -49.256182,-10.7544797996528,0.0 -49.2561382,-10.7544671996528,0.0 -49.2561093,-10.7544587996528,0.0 -49.2560418,-10.7544840996528,0.0 -49.2559324,-10.7545695996528,0.0 -49.2558809,-10.7546984996528,0.0 -49.2558004,-10.7548128996528,0.0 -49.2557344,-10.7549416996528,0.0 -49.2556539,-10.7550559996528,0.0 -49.2555301,-10.7551270996528,0.0 -49.2553992,-10.7551693996528,0.0 -49.2553043,-10.7552692996528,0.0 -49.2551877,-10.7553547996528,0.0 -49.2550783,-10.7554473996528,0.0 -49.2549834,-10.7555473996528,0.0 -49.2548957,-10.7556616996528,0.0 -49.2547791,-10.7557399996528,0.0 -49.2546482,-10.7557894996528,0.0 -49.2546409,-10.7557965996528,0.0 -49.254561,-10.7558176996528,0.0 -49.2544301,-10.7558671996528,0.0 -49.2542992,-10.7559094996528,0.0 -49.2541541,-10.7559014996528,0.0 -49.2540164,-10.7558791996528,0.0 -49.2538785,-10.7558711996528,0.0 -49.2537407,-10.7558704996528,0.0 -49.2536027,-10.7558768996528,0.0 -49.2534648,-10.7558903996528,0.0 -49.2533269,-10.7558967996528,0.0 -49.2531817,-10.7559103996528,0.0 -49.2530438,-10.7559095996528,0.0 -49.2529059,-10.7559159996528,0.0 -49.252768,-10.7559151996528,0.0 -49.2526301,-10.7559143996528,0.0 -49.2524921,-10.7559351996528,0.0 -49.2523541,-10.7559558996528,0.0 -49.2522161,-10.7559766996528,0.0 -49.2520852,-10.7560333996528,0.0 -49.2519902,-10.7561404996528,0.0 -49.2518809,-10.7562259996528,0.0 -49.2517499,-10.7562825996528,0.0 -49.2516117,-10.7563391996528,0.0 -49.2514808,-10.7563958996527,0.0 -49.2513498,-10.7564525996527,0.0 -49.2512188,-10.7565235996527,0.0 -49.2510879,-10.7565730996527,0.0 -49.250957,-10.7566225996527,0.0 -49.250826,-10.7566792996527,0.0 -49.2507022,-10.7567502996527,0.0 -49.2505856,-10.7568357996527,0.0 -49.2504691,-10.7569139996527,0.0 -49.2503381,-10.7569706996527,0.0 -49.2502144,-10.7570417996527,0.0 -49.2501047,-10.7571198996527,0.0 -49.2500001,-10.7571514996527,0.0 -49.2497933,-10.7571056996527,0.0 -49.2497299,-10.7571143996527,0.0 -49.2495243,-10.7571132996527,0.0 -49.2494038,-10.7570347996527,0.0 -49.2492833,-10.7569563996527,0.0 -49.2491752,-10.7568242996527,0.0 -49.2491034,-10.7567042996527,0.0 -49.2490315,-10.7565842996527,0.0 -49.2488997,-10.7563681996527,0.0 -49.2487315,-10.7561639996528,0.0 -49.2485265,-10.7560671996528,0.0 -49.2483631,-10.7560900996528,0.0 -49.2481997,-10.7561130996528,0.0 -49.2479646,-10.7561817996528,0.0 -49.2477296,-10.7562503996528,0.0 -49.2475696,-10.7563068996528,0.0 -49.2474097,-10.7563633996527,0.0 -49.2471777,-10.7563190996528,0.0 -49.2470329,-10.7562679996528,0.0 -49.246888,-10.7562169996528,0.0 -49.2467356,-10.7562232996528,0.0 -49.2465832,-10.7562295996528,0.0 -49.2464161,-10.7562644996528,0.0 -49.2462489,-10.7562994996528,0.0 -49.2460312,-10.7563053996528,0.0 -49.2458135,-10.7563113996528,0.0 -49.2456177,-10.7562743996528,0.0 -49.245422,-10.7562373996528,0.0 -49.2452557,-10.7561359996528,0.0 -49.2450894,-10.7560345996528,0.0 -49.2449888,-10.7558617996528,0.0 -49.2448882,-10.7556889996528,0.0 -49.2448094,-10.7555163996528,0.0 -49.2447305,-10.7553436996528,0.0 -49.2446443,-10.7551996996528,0.0 -49.2445581,-10.7550556996528,0.0 -49.2445011,-10.7548687996528,0.0 -49.2443711,-10.7547532996528,0.0 -49.2441543,-10.7546084996528,0.0 -49.2440167,-10.7545502996528,0.0 -49.2438792,-10.7544920996528,0.0 -49.2436689,-10.7544622996528,0.0 -49.2434586,-10.7544323996528,0.0 -49.2432338,-10.7544166996528,0.0 -49.2430089,-10.7544010996528,0.0 -49.2427625,-10.7543422996528,0.0 -49.2425161,-10.7542834996528,0.0 -49.2422837,-10.7543180996528,0.0 -49.2420513,-10.7543525996528,0.0 -49.2418112,-10.7544588996528,0.0 -49.2415711,-10.7545651996528,0.0 -49.241477,-10.7547047996528,0.0 -49.2413829,-10.7548442996528,0.0 -49.2414399,-10.7550263996528,0.0 -49.2413954,-10.7551840996528,0.0 -49.2413509,-10.7553416996528,0.0 -49.2411756,-10.7555511996528,0.0 -49.241011,-10.7555693996528,0.0 -49.2408464,-10.7555875996528,0.0 -49.2406716,-10.7557013996528,0.0 -49.2405645,-10.7558107996528,0.0 -49.2404574,-10.7559201996528,0.0 -49.2403264,-10.7559959996528,0.0 -49.2401953,-10.7560717996528,0.0 -49.2400334,-10.7561760996528,0.0 -49.2398716,-10.7562804996528,0.0 -49.2397097,-10.7563847996527,0.0 -49.2395717,-10.7564006996528,0.0 -49.2394338,-10.7564166996527,0.0 -49.2392958,-10.7564326996527,0.0 -49.2391578,-10.7564485996527,0.0 -49.2388872,-10.7563992996527,0.0 -49.2386548,-10.7564265996527,0.0 -49.2384224,-10.7564539996527,0.0 -49.2382349,-10.7565390996527,0.0 -49.2380473,-10.7566240996527,0.0 -49.2378598,-10.7567091996527,0.0 -49.2377429,-10.7568471996527,0.0 -49.237626,-10.7569852996527,0.0 -49.2375573,-10.7571427996527,0.0 -49.2374887,-10.7573001996527,0.0 -49.2374975,-10.7574533996527,0.0 -49.2375062,-10.7576064996527,0.0 -49.2376598,-10.7578273996527,0.0 -49.2377746,-10.7580480996527,0.0 -49.2377251,-10.7582391996527,0.0 -49.2376373,-10.7583630996527,0.0 -49.2375495,-10.7584868996527,0.0 -49.2374512,-10.7587446996527,0.0 -49.23746,-10.7589025996527,0.0 -49.2374688,-10.7590604996527,0.0 -49.237477,-10.7592997996527,0.0 -49.2372902,-10.7594329996527,0.0 -49.237043,-10.7595032996526,0.0 -49.2368102,-10.7596167996526,0.0 -49.2366789,-10.7597236996526,0.0 -49.2365477,-10.7598305996526,0.0 -49.2363873,-10.7599587996526,0.0 -49.236227,-10.7600726996526,0.0 -49.2360662,-10.7602583996526,0.0 -49.2358914,-10.7603721996526,0.0 -49.2357462,-10.7603856996526,0.0 -49.2355723,-10.7603416996526,0.0 -49.2353984,-10.7602975996526,0.0 -49.2352607,-10.7602681996526,0.0 -49.235123,-10.7602386996526,0.0 -49.2349779,-10.7602234996526,0.0 -49.2348033,-10.7603085996526,0.0 -49.2346867,-10.7603796996526,0.0 -49.2345259,-10.7605796996526,0.0 -49.234337,-10.7606216996526,0.0 -49.2341191,-10.7606490996526,0.0 -49.2339809,-10.7607057996526,0.0 -49.2338427,-10.7607623996526,0.0 -49.2336966,-10.7609265996526,0.0 -49.2335505,-10.7610907996526,0.0 -49.2334194,-10.7611761996526,0.0 -49.2332668,-10.7612182996526,0.0 -49.2331141,-10.7612604996526,0.0 -49.2328678,-10.7611873996526,0.0 -49.2327013,-10.7611146996526,0.0 -49.2325349,-10.7610419996526,0.0 -49.2323462,-10.7610408996526,0.0 -49.2322152,-10.7611046996526,0.0 -49.2320842,-10.7611685996526,0.0 -49.2319245,-10.7611675996526,0.0 -49.2317649,-10.7611666996526,0.0 -49.2316124,-10.7611801996526,0.0 -49.23146,-10.7611936996526,0.0 -49.2312854,-10.7612572996526,0.0 -49.2311109,-10.7613208996526,0.0 -49.2309647,-10.7614921996526,0.0 -49.2308118,-10.7615846996526,0.0 -49.2306589,-10.7616770996526,0.0 -49.230535,-10.7617695996526,0.0 -49.2304111,-10.7618621996526,0.0 -49.2302219,-10.7619472996526,0.0 -49.2300843,-10.7619033996526,0.0 -49.2299466,-10.7618595996526,0.0 -49.2298383,-10.7617656996526,0.0 -49.22973,-10.7616717996526,0.0 -49.2296146,-10.7615634996526,0.0 -49.2294991,-10.7614551996526,0.0 -49.2293404,-10.7612963996526,0.0 -49.2292107,-10.7611377996526,0.0 -49.229073,-10.7611010996526,0.0 -49.2289353,-10.7610644996526,0.0 -49.2287684,-10.7610706996526,0.0 -49.2286014,-10.7610768996526,0.0 -49.2283545,-10.7611041996526,0.0 -49.2281221,-10.7611459996526,0.0 -49.227875,-10.7612018996526,0.0 -49.227672,-10.7611720996526,0.0 -49.2275199,-10.7611209996526,0.0 -49.2273678,-10.7610698996526,0.0 -49.2271218,-10.7609536996526,0.0 -49.2269623,-10.7609240996526,0.0 -49.2268028,-10.7608943996526,0.0 -49.2265857,-10.7607926996526,0.0 -49.2263505,-10.7607996996526,0.0 -49.2261154,-10.7608066996526,0.0 -49.2260472,-10.7610479996526,0.0 -49.2259737,-10.7612053996526,0.0 -49.2258064,-10.7612833996526,0.0 -49.225639,-10.7613613996526,0.0 -49.2255081,-10.7614108996526,0.0 -49.2253772,-10.7614602996526,0.0 -49.2252391,-10.7614881996526,0.0 -49.2251011,-10.7615161996526,0.0 -49.2250145,-10.7614295996526,0.0 -49.2249718,-10.7612857996526,0.0 -49.2248267,-10.7612849996526,0.0 -49.2246445,-10.7614202996526,0.0 -49.2244622,-10.7615555996526,0.0 -49.2243961,-10.7616914996526,0.0 -49.22433,-10.7618274996526,0.0 -49.2242996,-10.7620712996526,0.0 -49.2242988,-10.7622003996526,0.0 -49.2242106,-10.7623864996526,0.0 -49.2242097,-10.7625442996526,0.0 -49.224194,-10.7627451996526,0.0 -49.2240043,-10.7629305996526,0.0 -49.2238145,-10.7631160996525,0.0 -49.2237216,-10.7632781996525,0.0 -49.2236288,-10.7634403996525,0.0 -49.2235359,-10.7636024996525,0.0 -49.2235276,-10.7637817996525,0.0 -49.2235193,-10.7639611996525,0.0 -49.2235475,-10.7641047996525,0.0 -49.2235757,-10.7642484996525,0.0 -49.2236907,-10.7644213996525,0.0 -49.223668,-10.7645934996525,0.0 -49.2236452,-10.7647654996525,0.0 -49.2234702,-10.7649079996525,0.0 -49.2232952,-10.7650505996525,0.0 -49.2230984,-10.7651928996525,0.0 -49.2229016,-10.7653352996525,0.0 -49.2227633,-10.7654205996525,0.0 -49.2226249,-10.7655059996525,0.0 -49.2224068,-10.7655764996525,0.0 -49.2221886,-10.7656469996525,0.0 -49.2220574,-10.7657537996525,0.0 -49.2219261,-10.7658606996525,0.0 -49.2218165,-10.7659892996525,0.0 -49.2217069,-10.7661177996525,0.0 -49.2216623,-10.7662589996524,0.0 -49.2215529,-10.7663443996524,0.0 -49.2214435,-10.7664298996524,0.0 -49.2213486,-10.7665369996524,0.0 -49.2212536,-10.7666440996524,0.0 -49.2211297,-10.7667437996524,0.0 -49.2210057,-10.7668435996524,0.0 -49.2208668,-10.7670149996524,0.0 -49.2207279,-10.7671863996524,0.0 -49.220589,-10.7673649996524,0.0 -49.2204501,-10.7675435996524,0.0 -49.2203623,-10.7676506996524,0.0 -49.2202746,-10.7677578996524,0.0 -49.2202157,-10.7679081996524,0.0 -49.2201568,-10.7680585996524,0.0 -49.2201556,-10.7682594996524,0.0 -49.2201251,-10.7685032996524,0.0 -49.2200012,-10.7685957996524,0.0 -49.2198773,-10.7686883996524,0.0 -49.219717,-10.7688022996524,0.0 -49.2195566,-10.7689161996524,0.0 -49.21944,-10.7690159996524,0.0 -49.2193233,-10.7691157996524,0.0 -49.2191336,-10.7692868996524,0.0 -49.2189439,-10.7694579996523,0.0 -49.2188561,-10.7695794996523,0.0 -49.2187683,-10.7697009996523,0.0 -49.2186877,-10.7698296996523,0.0 -49.2186071,-10.7699583996523,0.0 -49.2184751,-10.7701943996523,0.0 -49.2183431,-10.7704303996523,0.0 -49.2182694,-10.7706212996523,0.0 -49.2181957,-10.7708122996523,0.0 -49.218122,-10.7710031996523,0.0 -49.2179687,-10.7711529996523,0.0 -49.2178154,-10.7713027996523,0.0 -49.217691,-10.7714814996523,0.0 -49.2175666,-10.7716601996523,0.0 -49.2174568,-10.7718173996523,0.0 -49.217347,-10.7719745996523,0.0 -49.2172588,-10.7721677996523,0.0 -49.2171706,-10.7723610996523,0.0 -49.2169529,-10.7723597996523,0.0 -49.2169013,-10.7724958996523,0.0 -49.2168497,-10.7726318996523,0.0 -49.2168195,-10.7728325996522,0.0 -49.2167679,-10.7729686996522,0.0 -49.2167163,-10.7731046996522,0.0 -49.216628,-10.7733050996522,0.0 -49.2165758,-10.7735415996522,0.0 -49.2165236,-10.7737780996522,0.0 -49.2163772,-10.7740068996522,0.0 -49.2162386,-10.7741280996522,0.0 -49.2161,-10.7742492996522,0.0 -49.2159687,-10.7743560996522,0.0 -49.2158374,-10.7744629996522,0.0 -49.2156918,-10.7745482996522,0.0 -49.2155462,-10.7746335996522,0.0 -49.2154009,-10.7746470996522,0.0 -49.215241,-10.7746891996522,0.0 -49.2150811,-10.7747312996522,0.0 -49.2148481,-10.7748734996522,0.0 -49.2146949,-10.7749945996522,0.0 -49.2145418,-10.7751156996522,0.0 -49.2143523,-10.7752580996522,0.0 -49.2141852,-10.7752929996522,0.0 -49.2140181,-10.7753279996522,0.0 -49.2137905,-10.7753648996522,0.0 -49.2135628,-10.7754018996522,0.0 -49.2133352,-10.7754387996522,0.0 -49.2131094,-10.7755809996522,0.0 -49.2128836,-10.7757231996522,0.0 -49.2127593,-10.7758803996521,0.0 -49.212635,-10.7760374996521,0.0 -49.2125613,-10.7762307996521,0.0 -49.2124876,-10.7764241996521,0.0 -49.2124722,-10.7765818996521,0.0 -49.2124567,-10.7767396996521,0.0 -49.2124629,-10.7769190996521,0.0 -49.2124691,-10.7770984996521,0.0 -49.2125118,-10.7772350996521,0.0 -49.2125546,-10.7773716996521,0.0 -49.2126773,-10.7774871996521,0.0 -49.2128,-10.7776026996521,0.0 -49.2129543,-10.7777064996521,0.0 -49.2131087,-10.7778102996521,0.0 -49.2132528,-10.7779904996521,0.0 -49.2133968,-10.7781706996521,0.0 -49.2134586,-10.7783719996521,0.0 -49.2135203,-10.7785732996521,0.0 -49.213582,-10.7787744996521,0.0 -49.2135902,-10.7790232996521,0.0 -49.2135984,-10.779272099652,0.0 -49.2136066,-10.779520899652,0.0 -49.213523,-10.779754899652,0.0 -49.2134393,-10.779988799652,0.0 -49.2133557,-10.780222699652,0.0 -49.2131852,-10.780427399652,0.0 -49.2130146,-10.780632099652,0.0 -49.2128441,-10.780836799652,0.0 -49.2127196,-10.781029899652,0.0 -49.2125951,-10.781222899652,0.0 -49.2124705,-10.781423099652,0.0 -49.2123459,-10.781623299652,0.0 -49.2123303,-10.781809799652,0.0 -49.2123147,-10.781996199652,0.0 -49.2122991,-10.782182699652,0.0 -49.2123707,-10.782340999652,0.0 -49.2124424,-10.7824991996519,0.0 -49.2124461,-10.7826905996519,0.0 -49.2124498,-10.7828819996519,0.0 -49.2124535,-10.7830733996519,0.0 -49.2123024,-10.7832589996519,0.0 -49.2121513,-10.7834446996519,0.0 -49.2120003,-10.7836303996519,0.0 -49.2119337,-10.7838452996519,0.0 -49.2118671,-10.7840601996519,0.0 -49.2118005,-10.7842750996519,0.0 -49.2117339,-10.7844899996519,0.0 -49.2118053,-10.7846984996519,0.0 -49.2118766,-10.7849069996519,0.0 -49.211999,-10.7850654996519,0.0 -49.2121215,-10.7852240996519,0.0 -49.2121787,-10.7853678996519,0.0 -49.2122359,-10.7855117996519,0.0 -49.2121618,-10.7857696996518,0.0 -49.2120877,-10.7860275996518,0.0 -49.212004,-10.7862402996518,0.0 -49.2119202,-10.7864530996518,0.0 -49.2118365,-10.7866658996518,0.0 -49.2117528,-10.7868786996518,0.0 -49.2117046,-10.7870011996518,0.0 -49.2116132,-10.7871046996518,0.0 -49.2115219,-10.7872081996518,0.0 -49.2114306,-10.7873117996518,0.0 -49.2113392,-10.7874152996518,0.0 -49.2111932,-10.7875579996518,0.0 -49.2110473,-10.7877005996518,0.0 -49.2109013,-10.7878432996518,0.0 -49.2108056,-10.7880651996518,0.0 -49.2107099,-10.7882870996518,0.0 -49.2106797,-10.7884949996518,0.0 -49.2106494,-10.7887028996518,0.0 -49.2105977,-10.7888604996518,0.0 -49.210546,-10.7890179996517,0.0 -49.2104433,-10.7891895996517,0.0 -49.2103407,-10.7893612996517,0.0 -49.2102381,-10.7895328996517,0.0 -49.2101161,-10.7897043996517,0.0 -49.2099942,-10.7898758996517,0.0 -49.2098722,-10.7900473996517,0.0 -49.2097696,-10.7902046996517,0.0 -49.2096671,-10.7903618996517,0.0 -49.2095211,-10.7904997996517,0.0 -49.2093752,-10.7906376996517,0.0 -49.2092292,-10.7907755996517,0.0 -49.2090398,-10.7908988996517,0.0 -49.2088504,-10.7910220996517,0.0 -49.2086609,-10.7911453996517,0.0 -49.2084788,-10.7912591996517,0.0 -49.2082967,-10.7913728996517,0.0 -49.2081146,-10.7914866996517,0.0 -49.2079325,-10.7916003996517,0.0 -49.2077673,-10.7917190996517,0.0 -49.2076021,-10.7918376996517,0.0 -49.2074369,-10.7919562996517,0.0 -49.2072379,-10.7920603996517,0.0 -49.2070389,-10.7921644996516,0.0 -49.2068399,-10.7922685996516,0.0 -49.2067446,-10.7924258996516,0.0 -49.2066494,-10.7925831996516,0.0 -49.2065319,-10.7928120996516,0.0 -49.2064144,-10.7930410996516,0.0 -49.2063358,-10.7932367996516,0.0 -49.2062572,-10.7934323996516,0.0 -49.2061787,-10.7936280996516,0.0 -49.206025,-10.7938496996516,0.0 -49.2058712,-10.7940711996516,0.0 -49.2057684,-10.7942786996516,0.0 -49.2056656,-10.7944861996516,0.0 -49.2056934,-10.7946800996516,0.0 -49.2057213,-10.7948739996516,0.0 -49.2057998,-10.7950968996516,0.0 -49.2058783,-10.7953197996516,0.0 -49.2059786,-10.7955499996515,0.0 -49.2060788,-10.7957801996515,0.0 -49.2061212,-10.7959812996515,0.0 -49.2061635,-10.7961824996515,0.0 -49.206148,-10.7963473996515,0.0 -49.2061325,-10.7965123996515,0.0 -49.205948,-10.7966212996515,0.0 -49.2057635,-10.7967302996515,0.0 -49.205579,-10.7968391996515,0.0 -49.2054181,-10.7970535996515,0.0 -49.2052571,-10.7972678996515,0.0 -49.2051112,-10.7973913996515,0.0 -49.2049654,-10.7975149996515,0.0 -49.2048195,-10.7976384996515,0.0 -49.2046252,-10.7977664996515,0.0 -49.2044309,-10.7978945996515,0.0 -49.2042366,-10.7980225996515,0.0 -49.2040223,-10.7980607996515,0.0 -49.2038079,-10.7980989996515,0.0 -49.2035936,-10.7981371996515,0.0 -49.2033793,-10.7981754996515,0.0 -49.2032837,-10.7983829996515,0.0 -49.2031881,-10.7985904996515,0.0 -49.2030925,-10.7987980996514,0.0 -49.2029969,-10.7990055996514,0.0 -49.2030465,-10.7992130996514,0.0 -49.2031102,-10.7994797996514,0.0 -49.2031456,-10.7996306996514,0.0 -49.203181,-10.7997815996514,0.0 -49.2030202,-10.7999815996514,0.0 -49.2028406,-10.8000761996514,0.0 -49.202661,-10.8001708996514,0.0 -49.2024814,-10.8002654996514,0.0 -49.2022591,-10.8002306996514,0.0 -49.2020367,-10.8001958996514,0.0 -49.2018143,-10.8001611996514,0.0 -49.2017297,-10.8000425996514,0.0 -49.2016451,-10.7999239996514,0.0 -49.2015984,-10.7998584996514,0.0 -49.2014394,-10.7997499996514,0.0 -49.2012804,-10.7996413996514,0.0 -49.2010484,-10.7995969996514,0.0 -49.2008164,-10.7995525996514,0.0 -49.2005844,-10.7995081996514,0.0 -49.2003601,-10.7993920996514,0.0 -49.2001358,-10.7992759996514,0.0 -49.1999181,-10.7992746996514,0.0 -49.1997004,-10.7992733996514,0.0 -49.1994827,-10.7992721996514,0.0 -49.199221,-10.7993280996514,0.0 -49.1989594,-10.7993838996514,0.0 -49.1987705,-10.7994162996514,0.0 -49.1985817,-10.7994486996514,0.0 -49.1983928,-10.7994810996514,0.0 -49.19819,-10.7994033996514,0.0 -49.1979873,-10.7993256996514,0.0 -49.1977845,-10.7992478996514,0.0 -49.1975815,-10.7992179996514,0.0 -49.1973784,-10.7991881996514,0.0 -49.1971754,-10.7991582996514,0.0 -49.1969429,-10.7991951996514,0.0 -49.1967105,-10.7992320996514,0.0 -49.196478,-10.7992689996514,0.0 -49.1963251,-10.7993470996514,0.0 -49.1961723,-10.7994250996514,0.0 -49.1961929,-10.7996117996514,0.0 -49.1962136,-10.7997984996514,0.0 -49.1962562,-10.7999565996514,0.0 -49.1962988,-10.8001146996514,0.0 -49.1963556,-10.8003158996514,0.0 -49.1963254,-10.8005118996514,0.0 -49.1962952,-10.8007077996514,0.0 -49.196265,-10.8009037996514,0.0 -49.1961961,-10.8011090996514,0.0 -49.1961271,-10.8013143996514,0.0 -49.1960581,-10.8015196996514,0.0 -49.1959555,-10.8016912996514,0.0 -49.1958529,-10.8018628996514,0.0 -49.1957502,-10.8020344996513,0.0 -49.1955943,-10.8021359996513,0.0 -49.1953663,-10.8022843996513,0.0 -49.1951382,-10.8024326996513,0.0 -49.1949339,-10.8026108996513,0.0 -49.1947297,-10.8027890996513,0.0 -49.1945309,-10.8028596996513,0.0 -49.1943321,-10.8029302996513,0.0 -49.1941333,-10.8030008996513,0.0 -49.1939296,-10.8030821996513,0.0 -49.1937259,-10.8031635996513,0.0 -49.1935222,-10.8032448996513,0.0 -49.1933185,-10.8033261996513,0.0 -49.1931436,-10.8034351996513,0.0 -49.1929688,-10.8035441996513,0.0 -49.1927939,-10.8036531996513,0.0 -49.19267,-10.8037385996513,0.0 -49.1925462,-10.8038239996513,0.0 -49.1922774,-10.8038582996513,0.0 -49.1920087,-10.8038925996513,0.0 -49.1918061,-10.8037909996513,0.0 -49.1916035,-10.8036892996513,0.0 -49.1914663,-10.8035736996513,0.0 -49.1913291,-10.8034580996513,0.0 -49.1911916,-10.8033854996513,0.0 -49.1910541,-10.8033129996513,0.0 -49.1909092,-10.8032762996513,0.0 -49.1907643,-10.8032394996513,0.0 -49.1905799,-10.8030515996513,0.0 -49.1903836,-10.8031221996513,0.0 -49.1901872,-10.8031927996513,0.0 -49.1899789,-10.8032250996513,0.0 -49.1897707,-10.8032572996513,0.0 -49.1895624,-10.8032895996513,0.0 -49.1893157,-10.8032880996513,0.0 -49.1890758,-10.8033584996513,0.0 -49.1888358,-10.8034287996513,0.0 -49.188668,-10.8035856996513,0.0 -49.1885001,-10.8037425996513,0.0 -49.188333,-10.8037702996513,0.0 -49.1881659,-10.8037979996513,0.0 -49.1879624,-10.8038541996513,0.0 -49.1877588,-10.8039104996513,0.0 -49.1875124,-10.8038587996513,0.0 -49.1872659,-10.8038070996513,0.0 -49.187099,-10.8037989996513,0.0 -49.1869321,-10.8037907996513,0.0 -49.186685,-10.8038538996513,0.0 -49.1864379,-10.8039170996513,0.0 -49.1862636,-10.8039231996513,0.0 -49.1860894,-10.8039293996513,0.0 -49.185952,-10.8038567996513,0.0 -49.1858145,-10.8037841996513,0.0 -49.1856112,-10.8038021996513,0.0 -49.1854079,-10.8038200996513,0.0 -49.1852045,-10.8038380996513,0.0 -49.1850157,-10.8038656996513,0.0 -49.1848268,-10.8038932996513,0.0 -49.1847977,-10.8038785996513,0.0 -49.1845662,-10.8037624996513,0.0 -49.1843348,-10.8036463996513,0.0 -49.1841819,-10.8034495996513,0.0 -49.1840323,-10.8032570996513,0.0 -49.1839169,-10.8031272996513,0.0 -49.1838016,-10.8029974996513,0.0 -49.183577,-10.8029387996513,0.0 -49.1833523,-10.8028799996513,0.0 -49.1831209,-10.8027351996513,0.0 -49.182904,-10.8026046996513,0.0 -49.1827592,-10.8025392996513,0.0 -49.1826145,-10.8024738996513,0.0 -49.1824415,-10.8022718996513,0.0 -49.1823549,-10.8021852996513,0.0 -49.182145,-10.8021015996513,0.0 -49.181935,-10.8020177996513,0.0 -49.181725,-10.8019340996514,0.0 -49.1815151,-10.8018502996514,0.0 -49.1812836,-10.8017197996514,0.0 -49.1810814,-10.8015535996514,0.0 -49.1808792,-10.8013873996514,0.0 -49.1807345,-10.8013146996514,0.0 -49.1805898,-10.8012420996514,0.0 -49.1804572,-10.8011780996514,0.0 -49.1803247,-10.8011139996514,0.0 -49.180199,-10.8010532996514,0.0 -49.1801053,-10.8009450996514,0.0 -49.1800116,-10.8008368996514,0.0 -49.1799183,-10.8006641996514,0.0 -49.179825,-10.8004913996514,0.0 -49.1797606,-10.8003259996514,0.0 -49.1796963,-10.8001605996514,0.0 -49.1796974,-10.7999883996514,0.0 -49.1796984,-10.7998161996514,0.0 -49.1796953,-10.7996494996514,0.0 -49.1796922,-10.7994827996514,0.0 -49.1796874,-10.7992276996514,0.0 -49.1795941,-10.7990549996514,0.0 -49.1795008,-10.7988821996514,0.0 -49.1794564,-10.7988336996514,0.0 -49.17932,-10.7986847996515,0.0 -49.1791836,-10.7985358996515,0.0 -49.179068,-10.7984490996515,0.0 -49.1789524,-10.7983622996515,0.0 -49.1788222,-10.7982897996515,0.0 -49.1787723,-10.7981316996515,0.0 -49.1787225,-10.7979734996515,0.0 -49.1786854,-10.7977747996515,0.0 -49.1786662,-10.7976717996515,0.0 -49.1785946,-10.7975134996515,0.0 -49.1784308,-10.7973929996515,0.0 -49.1782671,-10.7972723996515,0.0 -49.1781033,-10.7971518996515,0.0 -49.1778571,-10.7970499996515,0.0 -49.177632,-10.7970701996515,0.0 -49.1774069,-10.7970903996515,0.0 -49.1772688,-10.7971253996515,0.0 -49.1771307,-10.7971604996515,0.0 -49.1769122,-10.7972883996515,0.0 -49.1767649,-10.7973728996515,0.0 -49.1766175,-10.7974574996515,0.0 -49.1765005,-10.7976098996515,0.0 -49.1763834,-10.7977622996515,0.0 -49.1763632,-10.7979055996515,0.0 -49.176343,-10.7980489996515,0.0 -49.1761293,-10.7981816996515,0.0 -49.1759156,-10.7983143996515,0.0 -49.1756751,-10.7983892996515,0.0 -49.1755239,-10.7984362996515,0.0 -49.1753727,-10.7984833996515,0.0 -49.1751019,-10.7984626996515,0.0 -49.1751027,-10.7983191996515,0.0 -49.1751036,-10.7981756996515,0.0 -49.1750952,-10.7981013996515,0.0 -49.1750669,-10.7978501996515,0.0 -49.1749614,-10.7976868996515,0.0 -49.174856,-10.7975235996515,0.0 -49.1746634,-10.7973693996515,0.0 -49.1744708,-10.7972151996515,0.0 -49.1743061,-10.7972428996515,0.0 -49.1741414,-10.7972706996515,0.0 -49.1739795,-10.7973780996515,0.0 -49.1738176,-10.7974855996515,0.0 -49.1736556,-10.7975930996515,0.0 -49.1735099,-10.7976878996515,0.0 -49.1733642,-10.7977826996515,0.0 -49.1732663,-10.7979606996515,0.0 -49.1731685,-10.7981386996515,0.0 -49.1730707,-10.7983166996515,0.0 -49.172982,-10.7985744996515,0.0 -49.1728934,-10.7988322996514,0.0 -49.1728469,-10.7990488996514,0.0 -49.1728004,-10.7992654996514,0.0 -49.172754,-10.7994820996514,0.0 -49.1725597,-10.7996052996514,0.0 -49.1723654,-10.7997284996514,0.0 -49.1721714,-10.7998038996514,0.0 -49.1719005,-10.7998022996514,0.0 -49.1716295,-10.7998006996514,0.0 -49.1715129,-10.7998764996514,0.0 -49.1713964,-10.7999523996514,0.0 -49.1712893,-10.8000569996514,0.0 -49.1711822,-10.8001615996514,0.0 -49.1710559,-10.8002469996514,0.0 -49.1709296,-10.8003322996514,0.0 -49.1707064,-10.8004266996514,0.0 -49.1704833,-10.8005209996514,0.0 -49.1703183,-10.8005965996514,0.0 -49.1701534,-10.8006720996514,0.0 -49.1699892,-10.8006137996514,0.0 -49.1698251,-10.8005553996514,0.0 -49.1696905,-10.8004078996514,0.0 -49.1695559,-10.8002603996514,0.0 -49.1694213,-10.8001128996514,0.0 -49.1693548,-10.7999211996514,0.0 -49.1692882,-10.7997293996514,0.0 -49.1691826,-10.7995948996514,0.0 -49.1690769,-10.7994602996514,0.0 -49.1688839,-10.7993730996514,0.0 -49.1686909,-10.7992857996514,0.0 -49.168478,-10.7992844996514,0.0 -49.1682357,-10.7993500996514,0.0 -49.1679934,-10.7994155996514,0.0 -49.1677223,-10.7994426996514,0.0 -49.1674512,-10.7994697996514,0.0 -49.167277,-10.7994687996514,0.0 -49.1671028,-10.7994676996514,0.0 -49.1669029,-10.7994665996514,0.0 -49.1667029,-10.7994653996514,0.0 -49.1665029,-10.7994641996514,0.0 -49.1663767,-10.7995303996514,0.0 -49.1662505,-10.7995965996514,0.0 -49.1661916,-10.7997301996514,0.0 -49.1661328,-10.7998637996514,0.0 -49.1659005,-10.7998623996514,0.0 -49.1656683,-10.7998610996514,0.0 -49.1654751,-10.7998024996514,0.0 -49.1652819,-10.7997439996514,0.0 -49.1650981,-10.7997428996514,0.0 -49.1649142,-10.7997417996514,0.0 -49.1647395,-10.7998267996514,0.0 -49.1645648,-10.7999118996514,0.0 -49.1643899,-10.8000351996514,0.0 -49.164215,-10.8001585996514,0.0 -49.1640598,-10.8002150996514,0.0 -49.1639046,-10.8002714996514,0.0 -49.1636728,-10.8002127996514,0.0 -49.1635578,-10.8000206996514,0.0 -49.1635004,-10.7999055996514,0.0 -49.1633368,-10.7997706996514,0.0 -49.1631731,-10.7996357996514,0.0 -49.1630092,-10.7995295996514,0.0 -49.1628454,-10.7994232996514,0.0 -49.162642,-10.7994412996514,0.0 -49.1624387,-10.7994591996514,0.0 -49.1623801,-10.7995544996514,0.0 -49.1621861,-10.7996298996514,0.0 -49.1621834,-10.7996338996514,0.0 -49.1620578,-10.7998224996514,0.0 -49.1619322,-10.8000110996514,0.0 -49.1617003,-10.7999522996514,0.0 -49.161585,-10.7998176996514,0.0 -49.1616188,-10.7995563996514,0.0 -49.1616527,-10.7992950996514,0.0 -49.1616865,-10.7990337996514,0.0 -49.1615326,-10.7988797996514,0.0 -49.1613788,-10.7987257996514,0.0 -49.1612249,-10.7985717996515,0.0 -49.1611876,-10.7983419996515,0.0 -49.1611502,-10.7981120996515,0.0 -49.1610416,-10.7979392996515,0.0 -49.160933,-10.7977663996515,0.0 -49.1608244,-10.7975935996515,0.0 -49.160758,-10.7973730996515,0.0 -49.1606916,-10.7971526996515,0.0 -49.160693,-10.7969230996515,0.0 -49.1608007,-10.7967227996515,0.0 -49.1609083,-10.7965225996515,0.0 -49.1608513,-10.7963595996515,0.0 -49.1607942,-10.7961965996515,0.0 -49.1606212,-10.7960041996515,0.0 -49.1604482,-10.7958118996515,0.0 -49.160343,-10.7956007996515,0.0 -49.1602379,-10.7953896996516,0.0 -49.1601031,-10.7952097996516,0.0 -49.1600075,-10.7950820996516,0.0 -49.1598531,-10.7950046996516,0.0 -49.1596534,-10.7949587996516,0.0 -49.1594537,-10.7949129996516,0.0 -49.159254,-10.7948671996516,0.0 -49.1590422,-10.7946936996516,0.0 -49.1589658,-10.7945305996516,0.0 -49.1588894,-10.7943674996516,0.0 -49.1587159,-10.7942516996516,0.0 -49.1585424,-10.7941357996516,0.0 -49.1582815,-10.7940864996516,0.0 -49.1580205,-10.7940370996516,0.0 -49.1577882,-10.7940420996516,0.0 -49.157556,-10.7940470996516,0.0 -49.1573237,-10.7940519996516,0.0 -49.1570919,-10.7939868996516,0.0 -49.15686,-10.7939216996516,0.0 -49.1566282,-10.7938565996516,0.0 -49.1564108,-10.7938025996516,0.0 -49.1561934,-10.7937486996516,0.0 -49.155976,-10.7936947996516,0.0 -49.1557586,-10.7936408996516,0.0 -49.1556529,-10.7935158996516,0.0 -49.1555473,-10.7933908996516,0.0 -49.1556837,-10.7932385996516,0.0 -49.155646,-10.7930661996516,0.0 -49.1556083,-10.7928937996516,0.0 -49.1554537,-10.7928641996516,0.0 -49.1552991,-10.7928344996516,0.0 -49.155067,-10.7928139996516,0.0 -49.1548348,-10.7927934996516,0.0 -49.1546027,-10.7927824996516,0.0 -49.1543705,-10.7927715996516,0.0 -49.1541838,-10.7927193996516,0.0 -49.153997,-10.7926672996516,0.0 -49.1538102,-10.7926151996516,0.0 -49.1535879,-10.7925755996516,0.0 -49.1533656,-10.7925359996516,0.0 -49.153185,-10.7925554996516,0.0 -49.1530044,-10.7925749996516,0.0 -49.153058,-10.7927567996516,0.0 -49.1532366,-10.7928248996516,0.0 -49.1534152,-10.7928928996516,0.0 -49.1535938,-10.7929609996516,0.0 -49.1537231,-10.7931769996516,0.0 -49.1537217,-10.7934065996516,0.0 -49.1537135,-10.7935571996516,0.0 -49.1537053,-10.7937078996516,0.0 -49.1536095,-10.7939511996516,0.0 -49.1535137,-10.7941945996516,0.0 -49.1533964,-10.7943804996516,0.0 -49.1532572,-10.7946020996516,0.0 -49.1531179,-10.7948236996516,0.0 -49.1529504,-10.7949230996516,0.0 -49.1527829,-10.7950225996516,0.0 -49.1525943,-10.7950070996516,0.0 -49.1524058,-10.7949772996516,0.0 -49.1522677,-10.7949979996516,0.0 -49.1521297,-10.7950186996516,0.0 -49.1518826,-10.7950745996516,0.0 -49.1517733,-10.7951600996516,0.0 -49.1516639,-10.7952454996516,0.0 -49.1515464,-10.7954743996515,0.0 -49.151502,-10.7956104996515,0.0 -49.1514576,-10.7957465996515,0.0 -49.1513334,-10.7958820996515,0.0 -49.1512092,-10.7960176996515,0.0 -49.1511281,-10.7962181996515,0.0 -49.1510471,-10.7964185996515,0.0 -49.15093,-10.7965756996515,0.0 -49.1508129,-10.7967328996515,0.0 -49.1506958,-10.7968900996515,0.0 -49.1505494,-10.7970972996515,0.0 -49.150403,-10.7973044996515,0.0 -49.1503389,-10.7975097996515,0.0 -49.1502747,-10.7977150996515,0.0 -49.1502105,-10.7979203996515,0.0 -49.1503689,-10.7981365996515,0.0 -49.1504916,-10.7982377996515,0.0 -49.1506144,-10.7983389996515,0.0 -49.1508171,-10.7984190996515,0.0 -49.1510198,-10.7984992996515,0.0 -49.1512813,-10.7985113996515,0.0 -49.1515061,-10.7985217996515,0.0 -49.1517309,-10.7985321996515,0.0 -49.1519338,-10.7985692996515,0.0 -49.1521368,-10.7986063996515,0.0 -49.15231,-10.7987652996514,0.0 -49.1522946,-10.7989158996514,0.0 -49.1522792,-10.7990664996514,0.0 -49.1522021,-10.7992413996514,0.0 -49.1521908,-10.7992667996514,0.0 -49.1520595,-10.7993808996514,0.0 -49.1518218,-10.7994798996514,0.0 -49.1515842,-10.7995788996514,0.0 -49.1513465,-10.7996779996514,0.0 -49.1512008,-10.7997631996514,0.0 -49.1510551,-10.7998483996514,0.0 -49.150815,-10.7999545996514,0.0 -49.1505748,-10.8000607996514,0.0 -49.1503496,-10.8001096996514,0.0 -49.1501243,-10.8001585996514,0.0 -49.1499136,-10.8001859996514,0.0 -49.149703,-10.8002133996514,0.0 -49.1495142,-10.8002337996514,0.0 -49.1493254,-10.8002541996514,0.0 -49.1491222,-10.8002529996514,0.0 -49.148919,-10.8002517996514,0.0 -49.1487012,-10.8002576996514,0.0 -49.1484834,-10.8002634996514,0.0 -49.1483237,-10.8002697996514,0.0 -49.148164,-10.8002759996514,0.0 -49.1479893,-10.8003609996514,0.0 -49.1478577,-10.8005180996514,0.0 -49.147712,-10.8006176996514,0.0 -49.1475662,-10.8007172996514,0.0 -49.1473773,-10.8007495996514,0.0 -49.1471884,-10.8007819996514,0.0 -49.1469995,-10.8008142996514,0.0 -49.1467741,-10.8008918996514,0.0 -49.1465486,-10.8009694996514,0.0 -49.1464607,-10.8011124996514,0.0 -49.146467,-10.8012631996514,0.0 -49.1464733,-10.8014138996514,0.0 -49.1465374,-10.8016079996514,0.0 -49.1466016,-10.8018020996514,0.0 -49.1466734,-10.8019316996513,0.0 -49.1467451,-10.8020612996513,0.0 -49.1467948,-10.8022472996513,0.0 -49.1468445,-10.8024332996513,0.0 -49.1469883,-10.8026493996513,0.0 -49.1470309,-10.8027931996513,0.0 -49.1469937,-10.8029507996513,0.0 -49.1469564,-10.8031084996513,0.0 -49.1469262,-10.8033091996513,0.0 -49.1469103,-10.8035338996513,0.0 -49.1468944,-10.8037585996513,0.0 -49.1468785,-10.8039833996513,0.0 -49.1468426,-10.8040963996513,0.0 -49.1468193,-10.8041695996513,0.0 -49.1466738,-10.8042260996513,0.0 -49.1465283,-10.8042825996513,0.0 -49.1464592,-10.8043162996513,0.0 -49.1463245,-10.8043818996513,0.0 -49.1461784,-10.8045388996513,0.0 -49.1461557,-10.8046821996513,0.0 -49.1461331,-10.8048255996513,0.0 -49.146117,-10.8050694996513,0.0 -49.1459859,-10.8051475996513,0.0 -49.1458548,-10.8052256996512,0.0 -49.1456806,-10.8052318996513,0.0 -49.1455064,-10.8052379996512,0.0 -49.1453318,-10.8052942996512,0.0 -49.1452433,-10.8055233996512,0.0 -49.1452859,-10.8056886996512,0.0 -49.1453284,-10.8058539996512,0.0 -49.1454222,-10.8060313996512,0.0 -49.1455161,-10.8062086996512,0.0 -49.1456099,-10.8063860996512,0.0 -49.1457344,-10.8066020996512,0.0 -49.1458588,-10.8068180996512,0.0 -49.1459833,-10.8070340996512,0.0 -49.1460799,-10.8072534996512,0.0 -49.1461766,-10.8074728996512,0.0 -49.1462732,-10.8076923996512,0.0 -49.1463698,-10.8079117996512,0.0 -49.1464799,-10.8081133996512,0.0 -49.1465899,-10.8083148996512,0.0 -49.1467,-10.8085164996511,0.0 -49.1467721,-10.8087062996511,0.0 -49.1468441,-10.8088960996511,0.0 -49.1468857,-10.8090054996511,0.0 -49.1469133,-10.8092280996511,0.0 -49.146941,-10.8094506996511,0.0 -49.1468241,-10.8095719996511,0.0 -49.1467073,-10.8096932996511,0.0 -49.1465114,-10.8096848996511,0.0 -49.1463155,-10.8096765996511,0.0 -49.1461845,-10.8096421996511,0.0 -49.1459413,-10.8095782996511,0.0 -49.1459242,-10.8095737996511,0.0 -49.145772,-10.8095369996511,0.0 -49.1456198,-10.8095001996511,0.0 -49.1454677,-10.8094490996511,0.0 -49.1453156,-10.8093978996511,0.0 -49.1451518,-10.8092916996511,0.0 -49.1449879,-10.8091854996511,0.0 -49.144824,-10.8090792996511,0.0 -49.1447321,-10.8089452996511,0.0 -49.1446658,-10.8088486996511,0.0 -49.1446304,-10.8086977996511,0.0 -49.1445951,-10.8085468996511,0.0 -49.1445964,-10.8083387996512,0.0 -49.1445976,-10.8081307996512,0.0 -49.1444392,-10.8079288996512,0.0 -49.1442361,-10.8079132996512,0.0 -49.144033,-10.8078977996512,0.0 -49.1438868,-10.8080546996512,0.0 -49.1438133,-10.8082120996512,0.0 -49.1437398,-10.8083695996512,0.0 -49.1436227,-10.8085266996511,0.0 -49.1434917,-10.8085761996511,0.0 -49.1433608,-10.8086255996511,0.0 -49.1432306,-10.8085530996511,0.0 -49.143137,-10.8084232996511,0.0 -49.1430435,-10.8082935996512,0.0 -49.1428852,-10.8080773996512,0.0 -49.1427844,-10.8079332996512,0.0 -49.1425232,-10.8079316996512,0.0 -49.1422903,-10.8080307996512,0.0 -49.1421736,-10.8081233996512,0.0 -49.1420569,-10.8082158996512,0.0 -49.1419215,-10.8084016996512,0.0 -49.1417861,-10.8085873996511,0.0 -49.1416507,-10.8087731996511,0.0 -49.1415153,-10.8089588996511,0.0 -49.1414492,-10.8090804996511,0.0 -49.1413832,-10.8092020996511,0.0 -49.1413171,-10.8093236996511,0.0 -49.141251,-10.8094451996511,0.0 -49.141185,-10.8095667996511,0.0 -49.1411189,-10.8096883996511,0.0 -49.1410016,-10.8098813996511,0.0 -49.1408843,-10.8100744996511,0.0 -49.1407669,-10.8102674996511,0.0 -49.1406496,-10.8104604996511,0.0 -49.1405949,-10.8107136996511,0.0 -49.1405401,-10.8109668996511,0.0 -49.1404853,-10.8112200996511,0.0 -49.1403052,-10.8113863996511,0.0 -49.1401252,-10.8115527996511,0.0 -49.1399451,-10.8117190996511,0.0 -49.1397807,-10.811911799651,0.0 -49.1396162,-10.812104599651,0.0 -49.1394517,-10.812297299651,0.0 -49.1392872,-10.812490099651,0.0 -49.139286,-10.812681699651,0.0 -49.1390583,-10.812637999651,0.0 -49.1388631,-10.812600599651,0.0 -49.138668,-10.812563199651,0.0 -49.1384362,-10.812485299651,0.0 -49.1382044,-10.812407299651,0.0 -49.1380307,-10.812339299651,0.0 -49.1378569,-10.812271299651,0.0 -49.1377997,-10.812127499651,0.0 -49.1377426,-10.811983599651,0.0 -49.1377149,-10.8117633996511,0.0 -49.1376872,-10.8115431996511,0.0 -49.137616,-10.8113518996511,0.0 -49.137573,-10.8112363996511,0.0 -49.1375746,-10.8109684996511,0.0 -49.1375182,-10.8107002996511,0.0 -49.1373258,-10.8105268996511,0.0 -49.1371807,-10.8105068996511,0.0 -49.1370357,-10.8104868996511,0.0 -49.1369379,-10.8105138996511,0.0 -49.1367643,-10.8105617996511,0.0 -49.1365614,-10.8105031996511,0.0 -49.1363586,-10.8104444996511,0.0 -49.1361849,-10.8103669996511,0.0 -49.1360112,-10.8102893996511,0.0 -49.1358868,-10.8100589996511,0.0 -49.1357624,-10.8098286996511,0.0 -49.1357055,-10.8096496996511,0.0 -49.1356485,-10.8094707996511,0.0 -49.1355915,-10.8092918996511,0.0 -49.1354866,-10.8090520996511,0.0 -49.1353816,-10.8088122996511,0.0 -49.1353326,-10.8085749996512,0.0 -49.1353065,-10.8084482996512,0.0 -49.1352303,-10.8082372996512,0.0 -49.1351542,-10.8080263996512,0.0 -49.1349678,-10.8079231996512,0.0 -49.1347813,-10.8078199996512,0.0 -49.1345949,-10.8077168996512,0.0 -49.13442,-10.8078305996512,0.0 -49.1342451,-10.8079443996512,0.0 -49.1340702,-10.8080580996512,0.0 -49.1339531,-10.8082199996512,0.0 -49.133836,-10.8083819996512,0.0 -49.1337127,-10.8084744996512,0.0 -49.1335895,-10.8085670996511,0.0 -49.1335832,-10.8085717996511,0.0 -49.1333986,-10.8086949996511,0.0 -49.133214,-10.8088182996511,0.0 -49.133083,-10.8087174996511,0.0 -49.1329636,-10.8086253996511,0.0 -49.132868,-10.8084334996511,0.0 -49.1327724,-10.8082415996512,0.0 -49.1327155,-10.8080498996512,0.0 -49.1326586,-10.8078581996512,0.0 -49.1326312,-10.8075997996512,0.0 -49.1326038,-10.8073412996512,0.0 -49.1324981,-10.8072258996512,0.0 -49.1323923,-10.8071103996512,0.0 -49.1321599,-10.8071472996512,0.0 -49.1319655,-10.8072799996512,0.0 -49.1318677,-10.8074516996512,0.0 -49.1318855,-10.8077004996512,0.0 -49.1320001,-10.8079498996512,0.0 -49.1321146,-10.8081993996512,0.0 -49.1320555,-10.8083711996512,0.0 -49.1319964,-10.8085430996511,0.0 -49.131841,-10.8086377996511,0.0 -49.1316856,-10.8087324996511,0.0 -49.1314915,-10.8088126996511,0.0 -49.1312975,-10.8088927996511,0.0 -49.1311035,-10.8089729996511,0.0 -49.1309094,-10.8090530996511,0.0 -49.1307668,-10.8091733996511,0.0 -49.1306241,-10.8092936996511,0.0 -49.1304814,-10.8094140996511,0.0 -49.1303742,-10.8095377996511,0.0 -49.130267,-10.8096614996511,0.0 -49.1302564,-10.8098048996511,0.0 -49.1302459,-10.8099483996511,0.0 -49.1303901,-10.8100927996511,0.0 -49.1305344,-10.8102370996511,0.0 -49.130611,-10.8103714996511,0.0 -49.1306875,-10.8105058996511,0.0 -49.1307348,-10.8106879996511,0.0 -49.1307821,-10.8108700996511,0.0 -49.1307135,-10.8110035996511,0.0 -49.1306449,-10.8111370996511,0.0 -49.1303832,-10.8112119996511,0.0 -49.1301214,-10.8112869996511,0.0 -49.1298703,-10.8112088996511,0.0 -49.1296192,-10.8111308996511,0.0 -49.1294311,-10.8110388996511,0.0 -49.129243,-10.8109467996511,0.0 -49.1290548,-10.8108547996511,0.0 -49.1288667,-10.8107627996511,0.0 -49.1287224,-10.8106279996511,0.0 -49.1285781,-10.8104931996511,0.0 -49.1284342,-10.8102913996511,0.0 -49.1282903,-10.8100895996511,0.0 -49.1281748,-10.8099836996511,0.0 -49.1280593,-10.8098776996511,0.0 -49.1278589,-10.8099530996511,0.0 -49.1276584,-10.8100283996511,0.0 -49.127458,-10.8101036996511,0.0 -49.1273701,-10.8102274996511,0.0 -49.1272822,-10.8103513996511,0.0 -49.1272875,-10.8105490996511,0.0 -49.1272927,-10.8107468996511,0.0 -49.1272979,-10.8109445996511,0.0 -49.1273547,-10.8111458996511,0.0 -49.1274115,-10.8113470996511,0.0 -49.1274874,-10.8116058996511,0.0 -49.1275632,-10.811864699651,0.0 -49.127523,-10.812093999651,0.0 -49.1273679,-10.812140899651,0.0 -49.1272128,-10.812187799651,0.0 -49.1270895,-10.812271099651,0.0 -49.1269662,-10.812354399651,0.0 -49.1269601,-10.812358499651,0.0 -49.1267154,-10.812299599651,0.0 -49.1264706,-10.812240699651,0.0 -49.1262258,-10.812181799651,0.0 -49.1260331,-10.812037099651,0.0 -49.1258405,-10.811892499651,0.0 -49.1258251,-10.811864099651,0.0 -49.125718,-10.8116670996511,0.0 -49.1256109,-10.8114700996511,0.0 -49.1255052,-10.8113450996511,0.0 -49.1253995,-10.8112200996511,0.0 -49.1252003,-10.8111015996511,0.0 -49.1250006,-10.8109827996511,0.0 -49.1247994,-10.8108929996511,0.0 -49.1245977,-10.8108028996511,0.0 -49.1244093,-10.8107443996511,0.0 -49.1241771,-10.8107429996511,0.0 -49.1239737,-10.8107703996511,0.0 -49.1238134,-10.8108698996511,0.0 -49.1237255,-10.8110128996511,0.0 -49.1236882,-10.8111632996511,0.0 -49.123651,-10.8113137996511,0.0 -49.1235771,-10.8115285996511,0.0 -49.1235032,-10.811743399651,0.0 -49.1234222,-10.811922299651,0.0 -49.1233413,-10.812101199651,0.0 -49.1232517,-10.812281599651,0.0 -49.1231552,-10.812409399651,0.0 -49.1230588,-10.812537099651,0.0 -49.1228643,-10.812688999651,0.0 -49.1226698,-10.812840899651,0.0 -49.1223989,-10.812839299651,0.0 -49.1221477,-10.812780299651,0.0 -49.1218964,-10.812721399651,0.0 -49.1217162,-10.812662899651,0.0 -49.1215359,-10.812604399651,0.0 -49.1213556,-10.812545899651,0.0 -49.1211718,-10.812544799651,0.0 -49.1209879,-10.812543699651,0.0 -49.1207743,-10.812657199651,0.0 -49.1206672,-10.812761799651,0.0 -49.1205601,-10.812866299651,0.0 -49.1204433,-10.812970899651,0.0 -49.1203266,-10.813075399651,0.0 -49.1202288,-10.813227899651,0.0 -49.1200697,-10.813375299651,0.0 -49.1199105,-10.813522799651,0.0 -49.1197513,-10.813670199651,0.0 -49.1196627,-10.813913599651,0.0 -49.1195741,-10.814157099651,0.0 -49.1194497,-10.814321299651,0.0 -49.1193253,-10.814485599651,0.0 -49.1191533,-10.814688799651,0.0 -49.1190474,-10.814813999651,0.0 -49.1188292,-10.814898699651,0.0 -49.1186121,-10.814796999651,0.0 -49.1184311,-10.814724099651,0.0 -49.1182501,-10.814651299651,0.0 -49.1180471,-10.814621299651,0.0 -49.1179899,-10.814477499651,0.0 -49.1180061,-10.814411399651,0.0 -49.1180495,-10.814233899651,0.0 -49.1181087,-10.814047699651,0.0 -49.1180958,-10.813789299651,0.0 -49.1180245,-10.813587999651,0.0 -49.1179382,-10.813458299651,0.0 -49.1177718,-10.813378299651,0.0 -49.1176053,-10.813298399651,0.0 -49.1173732,-10.813282599651,0.0 -49.1171839,-10.813381899651,0.0 -49.1171393,-10.813539499651,0.0 -49.1170656,-10.813725599651,0.0 -49.1169053,-10.813825099651,0.0 -49.1167166,-10.813823899651,0.0 -49.1165717,-10.813787199651,0.0 -49.1164268,-10.813750399651,0.0 -49.1161801,-10.813734599651,0.0 -49.116049,-10.813805499651,0.0 -49.115961,-10.813948499651,0.0 -49.115873,-10.814091399651,0.0 -49.1157277,-10.814119299651,0.0 -49.1155689,-10.813989099651,0.0 -49.115526,-10.813859299651,0.0 -49.1153818,-10.813680299651,0.0 -49.1153133,-10.813608099651,0.0 -49.1152482,-10.813571799651,0.0 -49.1151974,-10.813571499651,0.0 -49.1151428,-10.813596299651,0.0 -49.1151099,-10.813649899651,0.0 -49.1150805,-10.813707099651,0.0 -49.1150511,-10.813753599651,0.0 -49.1150255,-10.813785699651,0.0 -49.1149597,-10.813864199651,0.0 -49.1149448,-10.813928699651,0.0 -49.1149803,-10.814050899651,0.0 -49.1150381,-10.814105099651,0.0 -49.1151319,-10.814184599651,0.0 -49.1151789,-10.814220699651,0.0 -49.1152043,-10.814259599651,0.0 -49.1152176,-10.814446199651,0.0 -49.1151438,-10.814646699651,0.0 -49.1149729,-10.814802399651,0.0 -49.1149248,-10.814846199651,0.0 -49.1148079,-10.814974699651,0.0 -49.114738,-10.8151173996509,0.0 -49.1146478,-10.8153014996509,0.0 -49.1145577,-10.8154854996509,0.0 -49.1145492,-10.8155078996509,0.0 -49.1144636,-10.8157333996509,0.0 -49.1144199,-10.8158481996509,0.0 -49.1143025,-10.8160579996509,0.0 -49.1141182,-10.8161333996509,0.0 -49.1139338,-10.8162087996509,0.0 -49.1137467,-10.8162203996509,0.0 -49.1135595,-10.8162319996509,0.0 -49.1133724,-10.8162435996509,0.0 -49.1132275,-10.8161948996509,0.0 -49.1130827,-10.8161461996509,0.0 -49.1129287,-10.8160112996509,0.0 -49.1128015,-10.8158521996509,0.0 -49.1126982,-10.8157228996509,0.0 -49.1125054,-10.8156068996509,0.0 -49.1122477,-10.8155478996509,0.0 -49.1119901,-10.8154889996509,0.0 -49.1117324,-10.8154299996509,0.0 -49.111501,-10.8152945996509,0.0 -49.1112696,-10.8151592996509,0.0 -49.1110382,-10.8150238996509,0.0 -49.1108838,-10.814946399651,0.0 -49.1107295,-10.814868999651,0.0 -49.1105464,-10.814743499651,0.0 -49.1103633,-10.814617999651,0.0 -49.1102187,-10.814540599651,0.0 -49.110074,-10.814463099651,0.0 -49.109929,-10.814433599651,0.0 -49.1097841,-10.814403999651,0.0 -49.1095328,-10.814344999651,0.0 -49.109392,-10.814274299651,0.0 -49.1092512,-10.814203699651,0.0 -49.1092241,-10.814190099651,0.0 -49.1092046,-10.814120899651,0.0 -49.1091863,-10.814055899651,0.0 -49.1092066,-10.813902999651,0.0 -49.1092269,-10.813749999651,0.0 -49.1093055,-10.813559199651,0.0 -49.1093065,-10.813406099651,0.0 -49.1091811,-10.813338399651,0.0 -49.1090557,-10.813270599651,0.0 -49.1088955,-10.813269599651,0.0 -49.1088235,-10.813269199651,0.0 -49.1086203,-10.813258399651,0.0 -49.1084172,-10.813247599651,0.0 -49.1082628,-10.813170099651,0.0 -49.1081476,-10.813035499651,0.0 -49.1080323,-10.812900799651,0.0 -49.1079393,-10.812674599651,0.0 -49.1078463,-10.812448299651,0.0 -49.1077533,-10.812222099651,0.0 -49.1076603,-10.811995799651,0.0 -49.1075556,-10.811801899651,0.0 -49.1074118,-10.8115905996511,0.0 -49.1072679,-10.8113791996511,0.0 -49.1071142,-10.8112060996511,0.0 -49.1069605,-10.8110329996511,0.0 -49.1068519,-10.8108536996511,0.0 -49.1067434,-10.8106744996511,0.0 -49.1066348,-10.8104951996511,0.0 -49.1065586,-10.8103129996511,0.0 -49.1064823,-10.8101306996511,0.0 -49.1063385,-10.8099193996511,0.0 -49.1061946,-10.8097079996511,0.0 -49.1060792,-10.8095924996511,0.0 -49.1059638,-10.8094769996511,0.0 -49.1058096,-10.8093803996511,0.0 -49.1056554,-10.8092837996511,0.0 -49.1054526,-10.8092155996511,0.0 -49.1052498,-10.8091473996511,0.0 -49.1050178,-10.8091076996511,0.0 -49.1047858,-10.8090679996511,0.0 -49.1046409,-10.8090287996511,0.0 -49.104496,-10.8089896996511,0.0 -49.1043615,-10.8088357996511,0.0 -49.1043822,-10.8086253996511,0.0 -49.1044995,-10.8084347996512,0.0 -49.1046012,-10.8082946996512,0.0 -49.1047029,-10.8081545996512,0.0 -49.1047072,-10.8081485996512,0.0 -49.1048222,-10.8079896996512,0.0 -49.1049372,-10.8078307996512,0.0 -49.1050543,-10.8076592996512,0.0 -49.1051715,-10.8074877996512,0.0 -49.105269,-10.8073831996512,0.0 -49.1053664,-10.8072785996512,0.0 -49.1054061,-10.8071161996512,0.0 -49.1054458,-10.8069537996512,0.0 -49.1054179,-10.8067813996512,0.0 -49.1053899,-10.8066089996512,0.0 -49.1052167,-10.8064548996512,0.0 -49.1050328,-10.8064632996512,0.0 -49.1048489,-10.8064717996512,0.0 -49.104713,-10.8065378996512,0.0 -49.1045771,-10.8066039996512,0.0 -49.1043634,-10.8067366996512,0.0 -49.1042373,-10.8067932996512,0.0 -49.1041111,-10.8068498996512,0.0 -49.1038981,-10.8068740996512,0.0 -49.103685,-10.8068982996512,0.0 -49.103472,-10.8069224996512,0.0 -49.1033353,-10.8071129996512,0.0 -49.1032957,-10.8072658996512,0.0 -49.1032367,-10.8074185996512,0.0 -49.1030818,-10.8074271996512,0.0 -49.1029269,-10.8074357996512,0.0 -49.1027147,-10.8073196996512,0.0 -49.1025797,-10.8072518996512,0.0 -49.1024446,-10.8071840996512,0.0 -49.1022611,-10.8071350996512,0.0 -49.1020775,-10.8070861996512,0.0 -49.1019236,-10.8069416996512,0.0 -49.1017697,-10.8067972996512,0.0 -49.1016743,-10.8065861996512,0.0 -49.1016172,-10.8064231996512,0.0 -49.1015602,-10.8062602996512,0.0 -49.1014349,-10.8061829996512,0.0 -49.1013096,-10.8061055996512,0.0 -49.1010871,-10.8060946996512,0.0 -49.1008646,-10.8060837996512,0.0 -49.1006705,-10.8061686996512,0.0 -49.1004765,-10.8062535996512,0.0 -49.1003397,-10.8064536996512,0.0 -49.100203,-10.8066536996512,0.0 -49.1000856,-10.8068519996512,0.0 -49.0999683,-10.8070502996512,0.0 -49.0998509,-10.8072484996512,0.0 -49.0997335,-10.8074467996512,0.0 -49.0996162,-10.8076450996512,0.0 -49.0995183,-10.8078261996512,0.0 -49.0994204,-10.8080073996512,0.0 -49.0992449,-10.8082167996512,0.0 -49.0990694,-10.8084261996511,0.0 -49.098865,-10.8086066996511,0.0 -49.0986607,-10.8087871996511,0.0 -49.0985245,-10.8089011996511,0.0 -49.0983883,-10.8090150996511,0.0 -49.0982139,-10.8090522996511,0.0 -49.0980395,-10.8090894996511,0.0 -49.0978268,-10.8090498996511,0.0 -49.0976142,-10.8090102996511,0.0 -49.0973533,-10.8089417996511,0.0 -49.0970925,-10.8088731996511,0.0 -49.0968992,-10.8088336996511,0.0 -49.0967059,-10.8087942996511,0.0 -49.0964546,-10.8087607996511,0.0 -49.0962032,-10.8087273996511,0.0 -49.0959518,-10.8086939996511,0.0 -49.0958592,-10.8086933996511,0.0 -49.0956228,-10.8086918996511,0.0 -49.0954881,-10.8085762996511,0.0 -49.0954741,-10.8085498996511,0.0 -49.095395,-10.8083999996512,0.0 -49.0953159,-10.8082499996512,0.0 -49.09522,-10.8081249996512,0.0 -49.095124,-10.8080000996512,0.0 -49.0949709,-10.8079383996512,0.0 -49.0948344,-10.8078834996512,0.0 -49.0946796,-10.8078824996512,0.0 -49.0945248,-10.8078815996512,0.0 -49.09436,-10.8079283996512,0.0 -49.0941952,-10.8079751996512,0.0 -49.0941073,-10.8080989996512,0.0 -49.0940194,-10.8082228996512,0.0 -49.0939221,-10.8083178996512,0.0 -49.0937475,-10.8083741996511,0.0 -49.093573,-10.8084305996511,0.0 -49.0934587,-10.8084899996512,0.0 -49.0932818,-10.8085817996511,0.0 -49.0931274,-10.8086644996511,0.0 -49.0928934,-10.8087898996511,0.0 -49.0926516,-10.8087692996511,0.0 -49.0924098,-10.8087486996511,0.0 -49.0922364,-10.8087017996511,0.0 -49.09212,-10.8086702996511,0.0 -49.0920244,-10.8084783996512,0.0 -49.0919679,-10.8082388996512,0.0 -49.0919114,-10.8079993996512,0.0 -49.0917577,-10.8078070996512,0.0 -49.0915549,-10.8077483996512,0.0 -49.0913521,-10.8076897996512,0.0 -49.0911399,-10.8075736996512,0.0 -49.091025,-10.8073815996512,0.0 -49.0909101,-10.8071895996512,0.0 -49.0908262,-10.8069677996512,0.0 -49.0907578,-10.8067867996512,0.0 -49.0906407,-10.8066509996512,0.0 -49.0905168,-10.8065072996512,0.0 -49.0903928,-10.8063635996512,0.0 -49.090229,-10.8062573996512,0.0 -49.0900651,-10.8061510996512,0.0 -49.0898041,-10.8061207996512,0.0 -49.089543,-10.8060904996512,0.0 -49.0892719,-10.8061174996512,0.0 -49.0890008,-10.8061445996512,0.0 -49.0887678,-10.8062578996512,0.0 -49.0886186,-10.8063972996512,0.0 -49.0884693,-10.8065366996512,0.0 -49.08832,-10.8066760996512,0.0 -49.0882896,-10.8068958996512,0.0 -49.0882592,-10.8071157996512,0.0 -49.0882901,-10.8073263996512,0.0 -49.088321,-10.8075370996512,0.0 -49.088352,-10.8077477996512,0.0 -49.0883122,-10.8079101996512,0.0 -49.0882725,-10.8080724996512,0.0 -49.0881554,-10.8082343996512,0.0 -49.0880382,-10.8083963996512,0.0 -49.0879081,-10.8085740996511,0.0 -49.0877779,-10.8087518996511,0.0 -49.0876478,-10.8089296996511,0.0 -49.0876078,-10.8091334996511,0.0 -49.0875678,-10.8093373996511,0.0 -49.0875278,-10.8095411996511,0.0 -49.0874688,-10.8096842996511,0.0 -49.0874098,-10.8098274996511,0.0 -49.0872863,-10.8099797996511,0.0 -49.0871628,-10.8101320996511,0.0 -49.0870392,-10.8102843996511,0.0 -49.0868833,-10.8104555996511,0.0 -49.0867274,-10.8106268996511,0.0 -49.0865715,-10.8107980996511,0.0 -49.0863578,-10.8109242996511,0.0 -49.0861441,-10.8110505996511,0.0 -49.0859304,-10.8111767996511,0.0 -49.0857171,-10.8112423996511,0.0 -49.0855038,-10.8113080996511,0.0 -49.0852709,-10.8114213996511,0.0 -49.0850379,-10.8115347996511,0.0 -49.0848916,-10.8117155996511,0.0 -49.0847453,-10.811896499651,0.0 -49.0846566,-10.812154299651,0.0 -49.0845679,-10.812411999651,0.0 -49.0844799,-10.812554999651,0.0 -49.0843919,-10.812697899651,0.0 -49.084204,-10.812824299651,0.0 -49.0840161,-10.812950699651,0.0 -49.0838282,-10.813077099651,0.0 -49.0835864,-10.813065999651,0.0 -49.0833445,-10.813054999651,0.0 -49.0832098,-10.812939299651,0.0 -49.083075,-10.812823699651,0.0 -49.0829695,-10.812679499651,0.0 -49.082864,-10.812535399651,0.0 -49.0826804,-10.812486399651,0.0 -49.0824969,-10.812437399651,0.0 -49.0822647,-10.812425599651,0.0 -49.0820326,-10.812413799651,0.0 -49.0819156,-10.812522999651,0.0 -49.0817986,-10.812632299651,0.0 -49.0816917,-10.812732099651,0.0 -49.0815848,-10.812831999651,0.0 -49.0814961,-10.813080199651,0.0 -49.0814074,-10.813328299651,0.0 -49.0813187,-10.813586099651,0.0 -49.08123,-10.813843799651,0.0 -49.0811318,-10.814072799651,0.0 -49.0810335,-10.814301799651,0.0 -49.0808442,-10.814396299651,0.0 -49.0806549,-10.814490799651,0.0 -49.0804656,-10.814585299651,0.0 -49.0802764,-10.814679799651,0.0 -49.0801383,-10.814730599651,0.0 -49.0800003,-10.814781299651,0.0 -49.079857,-10.814833999651,0.0 -49.0797138,-10.814886699651,0.0 -49.079507,-10.8149364996509,0.0 -49.0793003,-10.8149861996509,0.0 -49.0790935,-10.8150359996509,0.0 -49.0789194,-10.8150252996509,0.0 -49.0787453,-10.8150145996509,0.0 -49.0785521,-10.814965599651,0.0 -49.0783589,-10.8149165996509,0.0 -49.078156,-10.814857899651,0.0 -49.0779532,-10.814799299651,0.0 -49.0777403,-10.814797899651,0.0 -49.0775274,-10.814796599651,0.0 -49.0773016,-10.814807999651,0.0 -49.0770757,-10.814819299651,0.0 -49.0768498,-10.814830599651,0.0 -49.0765904,-10.814840499651,0.0 -49.076331,-10.814850399651,0.0 -49.0760716,-10.814860199651,0.0 -49.0758122,-10.814870099651,0.0 -49.0755528,-10.814879999651,0.0 -49.0752991,-10.814868899651,0.0 -49.0750454,-10.814857899651,0.0 -49.0747916,-10.814846799651,0.0 -49.0745274,-10.814835299651,0.0 -49.0742823,-10.814827399651,0.0 -49.0740372,-10.814819499651,0.0 -49.0737921,-10.814811599651,0.0 -49.0735607,-10.814676199651,0.0 -49.0733293,-10.814540799651,0.0 -49.0731086,-10.814449099651,0.0 -49.0728878,-10.814357299651,0.0 -49.0726671,-10.814265599651,0.0 -49.0724415,-10.814171799651,0.0 -49.072268,-10.814055899651,0.0 -49.0720946,-10.813939999651,0.0 -49.0719211,-10.813824099651,0.0 -49.0717221,-10.813682599651,0.0 -49.071523,-10.813540999651,0.0 -49.0713239,-10.813399499651,0.0 -49.0712023,-10.813239199651,0.0 -49.0710808,-10.813078999651,0.0 -49.0709592,-10.812918799651,0.0 -49.0709317,-10.812689099651,0.0 -49.0709041,-10.812459299651,0.0 -49.0708476,-10.812222999651,0.0 -49.070791,-10.811986599651,0.0 -49.0707345,-10.811750299651,0.0 -49.0707296,-10.8115014996511,0.0 -49.0707248,-10.8112527996511,0.0 -49.0707199,-10.8110039996511,0.0 -49.0707135,-10.8108788996511,0.0 -49.0706995,-10.8106064996511,0.0 -49.0706855,-10.8103340996511,0.0 -49.0706476,-10.8101999996511,0.0 -49.0706098,-10.8100657996511,0.0 -49.0704657,-10.8098926996511,0.0 -49.0703217,-10.8097195996511,0.0 -49.0701287,-10.8096418996511,0.0 -49.0699542,-10.8096789996511,0.0 -49.0698375,-10.8097834996511,0.0 -49.0697207,-10.8098879996511,0.0 -49.0696033,-10.8100785996511,0.0 -49.069486,-10.8102691996511,0.0 -49.0693398,-10.8104309996511,0.0 -49.0691936,-10.8105926996511,0.0 -49.0689607,-10.8107059996511,0.0 -49.0687277,-10.8108193996511,0.0 -49.0685014,-10.8108944996511,0.0 -49.0682752,-10.8109695996511,0.0 -49.0680489,-10.8110446996511,0.0 -49.0678359,-10.8110560996511,0.0 -49.067623,-10.8110675996511,0.0 -49.06741,-10.8110789996511,0.0 -49.0672422,-10.8110778996511,0.0 -49.0670746,-10.8110768996511,0.0 -49.0669069,-10.8110757996511,0.0 -49.066736,-10.8109899996511,0.0 -49.0665651,-10.8109041996511,0.0 -49.0663281,-10.8107851996511,0.0 -49.0661644,-10.8106597996511,0.0 -49.0660007,-10.8105343996511,0.0 -49.0657694,-10.8103990996511,0.0 -49.065538,-10.8102636996511,0.0 -49.065277,-10.8102237996511,0.0 -49.065016,-10.8101838996511,0.0 -49.0647886,-10.8101824996511,0.0 -49.0645612,-10.8101809996511,0.0 -49.0643338,-10.8101795996511,0.0 -49.0641064,-10.8101781996511,0.0 -49.0638742,-10.8101718996511,0.0 -49.063642,-10.8101656996511,0.0 -49.0634098,-10.8101594996511,0.0 -49.0631776,-10.8101531996511,0.0 -49.0629216,-10.8100893996511,0.0 -49.0626656,-10.8100255996511,0.0 -49.0624096,-10.8099618996511,0.0 -49.0621536,-10.8098980996511,0.0 -49.0620255,-10.8097441996511,0.0 -49.0618975,-10.8095902996511,0.0 -49.0617695,-10.8094364996511,0.0 -49.0616254,-10.8092728996511,0.0 -49.0614813,-10.8091093996511,0.0 -49.0614469,-10.8090989996511,0.0 -49.061271,-10.8090455996511,0.0 -49.061095,-10.8089921996511,0.0 -49.060882,-10.8090099996511,0.0 -49.060669,-10.8090277996511,0.0 -49.0604461,-10.8090741996511,0.0 -49.0602233,-10.8091205996511,0.0 -49.060006,-10.8090965996511,0.0 -49.0598558,-10.8090800996511,0.0 -49.0597218,-10.8088495996511,0.0 -49.0597166,-10.8086645996511,0.0 -49.0597113,-10.8084795996512,0.0 -49.059706,-10.8082946996512,0.0 -49.0596975,-10.8081127996512,0.0 -49.059689,-10.8079309996512,0.0 -49.0596389,-10.8077074996512,0.0 -49.0595887,-10.8074838996512,0.0 -49.0595385,-10.8072603996512,0.0 -49.0595494,-10.8070786996512,0.0 -49.0595602,-10.8068969996512,0.0 -49.0595308,-10.8067602996512,0.0 -49.0595015,-10.8066234996512,0.0 -49.0594346,-10.8064986996512,0.0 -49.0593676,-10.8063738996512,0.0 -49.0593012,-10.8061725996512,0.0 -49.0592347,-10.8059712996512,0.0 -49.0592171,-10.8057009996512,0.0 -49.0591995,-10.8054305996512,0.0 -49.0591812,-10.8052677996512,0.0 -49.0591629,-10.8051050996513,0.0 -49.0591056,-10.8049898996513,0.0 -49.0589316,-10.8049600996513,0.0 -49.0587576,-10.8049302996513,0.0 -49.0585643,-10.8048908996513,0.0 -49.0584782,-10.8047467996513,0.0 -49.058392,-10.8046027996513,0.0 -49.0583543,-10.8044494996513,0.0 -49.0583166,-10.8042961996513,0.0 -49.0581819,-10.8041804996513,0.0 -49.0580471,-10.8040648996513,0.0 -49.0578828,-10.8040351996513,0.0 -49.0577185,-10.8040053996513,0.0 -49.057506,-10.8039466996513,0.0 -49.0573714,-10.8038118996513,0.0 -49.057315,-10.8035627996513,0.0 -49.0572772,-10.8034094996513,0.0 -49.0572395,-10.8032561996513,0.0 -49.0571926,-10.8030262996513,0.0 -49.0571457,-10.8027963996513,0.0 -49.0570886,-10.8026429996513,0.0 -49.0570316,-10.8024895996513,0.0 -49.0570522,-10.8022983996513,0.0 -49.0571977,-10.8022322996513,0.0 -49.0573433,-10.8021662996513,0.0 -49.0574023,-10.8020135996513,0.0 -49.0573067,-10.8018407996514,0.0 -49.0571722,-10.8016868996514,0.0 -49.0570375,-10.8015711996514,0.0 -49.0567767,-10.8014930996514,0.0 -49.056516,-10.8014148996514,0.0 -49.0563907,-10.8013279996514,0.0 -49.0562655,-10.8012410996514,0.0 -49.0561699,-10.8010682996514,0.0 -49.0561706,-10.8009534996514,0.0 -49.0561713,-10.8008386996514,0.0 -49.0561924,-10.8005709996514,0.0 -49.0561938,-10.8003604996514,0.0 -49.0560793,-10.8001110996514,0.0 -49.0559541,-10.8000050996514,0.0 -49.055829,-10.7998990996514,0.0 -49.055558,-10.7999164996514,0.0 -49.0554609,-10.7999732996514,0.0 -49.055228,-10.8000674996514,0.0 -49.0550929,-10.8000091996514,0.0 -49.0549578,-10.7999509996514,0.0 -49.0549104,-10.7998071996514,0.0 -49.0548629,-10.7996633996514,0.0 -49.0548353,-10.7994431996514,0.0 -49.0548077,-10.7992229996514,0.0 -49.0547702,-10.7990409996514,0.0 -49.0547327,-10.7988589996514,0.0 -49.0547319,-10.7988332996514,0.0 -49.0547244,-10.7985686996515,0.0 -49.0547169,-10.7983039996515,0.0 -49.0546696,-10.7981314996515,0.0 -49.0546223,-10.7979589996515,0.0 -49.0543909,-10.7978427996515,0.0 -49.054134,-10.7978128996515,0.0 -49.0538771,-10.7977830996515,0.0 -49.0538687,-10.7977820996515,0.0 -49.0537234,-10.7978098996515,0.0 -49.0535781,-10.7978376996515,0.0 -49.0533264,-10.7978551996515,0.0 -49.0531718,-10.7978159996515,0.0 -49.0530173,-10.7977766996515,0.0 -49.0529212,-10.7976708996515,0.0 -49.0528251,-10.7975650996515,0.0 -49.0527685,-10.7973350996515,0.0 -49.052712,-10.7971050996515,0.0 -49.052752,-10.7968948996515,0.0 -49.0528694,-10.7967042996515,0.0 -49.052948,-10.7965134996515,0.0 -49.0528717,-10.7963407996515,0.0 -49.0527367,-10.7962633996515,0.0 -49.0526018,-10.7961860996515,0.0 -49.0523505,-10.7961461996515,0.0 -49.0520991,-10.7961063996515,0.0 -49.0518673,-10.7960474996515,0.0 -49.0517424,-10.7959127996515,0.0 -49.0516175,-10.7957780996515,0.0 -49.0514928,-10.7956050996515,0.0 -49.0513681,-10.7954320996516,0.0 -49.0512922,-10.7951924996516,0.0 -49.0512164,-10.7949527996516,0.0 -49.0512181,-10.7946849996516,0.0 -49.0511036,-10.7944354996516,0.0 -49.0509302,-10.7943195996516,0.0 -49.0507433,-10.7942992996516,0.0 -49.0505563,-10.7942789996516,0.0 -49.0503694,-10.7942586996516,0.0 -49.0502053,-10.7941906996516,0.0 -49.0500413,-10.7941226996516,0.0 -49.0499842,-10.7939692996516,0.0 -49.0499001,-10.7937717996516,0.0 -49.0498126,-10.7935663996516,0.0 -49.0495714,-10.7934691996516,0.0 -49.0493301,-10.7933719996516,0.0 -49.0491563,-10.7933134996516,0.0 -49.0489825,-10.7932549996516,0.0 -49.0488572,-10.7931872996516,0.0 -49.0487318,-10.7931194996516,0.0 -49.048578,-10.7929654996516,0.0 -49.048443,-10.7928880996516,0.0 -49.0482783,-10.7929252996516,0.0 -49.0481136,-10.7929624996516,0.0 -49.0479392,-10.7929996996516,0.0 -49.0477648,-10.7930368996516,0.0 -49.0475806,-10.7930930996516,0.0 -49.0473964,-10.7931493996516,0.0 -49.0472408,-10.7932631996516,0.0 -49.0470853,-10.7933769996516,0.0 -49.0469297,-10.7934907996516,0.0 -49.0468309,-10.7935872996516,0.0 -49.0467321,-10.7936836996516,0.0 -49.0465402,-10.7938709996516,0.0 -49.0463365,-10.7939461996516,0.0 -49.0461329,-10.7940214996516,0.0 -49.0459005,-10.7940391996516,0.0 -49.0456682,-10.7940567996516,0.0 -49.0455227,-10.7941036996516,0.0 -49.0453773,-10.7941506996516,0.0 -49.0451772,-10.7941684996516,0.0 -49.0449771,-10.7941863996516,0.0 -49.0447771,-10.7942042996516,0.0 -49.0446325,-10.7941076996516,0.0 -49.044488,-10.7940110996516,0.0 -49.0443727,-10.7938859996516,0.0 -49.0442574,-10.7937608996516,0.0 -49.0440836,-10.7937119996516,0.0 -49.0439097,-10.7936629996516,0.0 -49.0437456,-10.7936045996516,0.0 -49.0435815,-10.7935461996516,0.0 -49.0434264,-10.7935929996516,0.0 -49.0432713,-10.7936398996516,0.0 -49.0430293,-10.7936478996516,0.0 -49.0427874,-10.7936558996516,0.0 -49.0425977,-10.7935884996516,0.0 -49.0424081,-10.7935209996516,0.0 -49.0423196,-10.7934764996516,0.0 -49.042167,-10.7933998996516,0.0 -49.0420588,-10.7932974996516,0.0 -49.0419506,-10.7931951996516,0.0 -49.0417705,-10.7929907996516,0.0 -49.0416261,-10.7928702996516,0.0 -49.0414816,-10.7927736996516,0.0 -49.0412886,-10.7927006996516,0.0 -49.0411768,-10.7926739996516,0.0 -49.0410532,-10.7926172996516,0.0 -49.0410326,-10.7925907996516,0.0 -49.0410029,-10.7925523996516,0.0 -49.0409746,-10.7924410996516,0.0 -49.0409537,-10.7922973996516,0.0 -49.0409544,-10.7921897996517,0.0 -49.0409007,-10.7920853996517,0.0 -49.0408467,-10.7920097996517,0.0 -49.0407782,-10.7919518996517,0.0 -49.0407024,-10.7918868996517,0.0 -49.040612,-10.7918396996517,0.0 -49.0404814,-10.7918316996517,0.0 -49.0404414,-10.7918528996517,0.0 -49.0403976,-10.7918848996517,0.0 -49.0403281,-10.7919813996517,0.0 -49.0402658,-10.7920706996517,0.0 -49.0402109,-10.7921491996517,0.0 -49.0401562,-10.7921882996516,0.0 -49.0400689,-10.7922164996516,0.0 -49.0399853,-10.7922338996516,0.0 -49.0399201,-10.7922190996517,0.0 -49.0398515,-10.7921720996517,0.0 -49.0398046,-10.7921286996517,0.0 -49.039667,-10.7920883996517,0.0 -49.0396392,-10.7920841996517,0.0 -49.0393761,-10.7920815996517,0.0 -49.039113,-10.7920790996517,0.0 -49.0388879,-10.7921054996517,0.0 -49.0386172,-10.7921371996517,0.0 -49.038462,-10.7922030996517,0.0 -49.0383068,-10.7922690996516,0.0 -49.0381068,-10.7922678996516,0.0 -49.0379068,-10.7922665996516,0.0 -49.0377069,-10.7922652996516,0.0 -49.0374555,-10.7922445996516,0.0 -49.0373109,-10.7921479996516,0.0 -49.0371664,-10.7920513996517,0.0 -49.0370416,-10.7918975996517,0.0 -49.0369169,-10.7917436996517,0.0 -49.0368184,-10.7916097996517,0.0 -49.03672,-10.7914759996517,0.0 -49.0366483,-10.7913784996517,0.0 -49.0365917,-10.7911484996517,0.0 -49.0364859,-10.7910521996517,0.0 -49.0363801,-10.7909558996517,0.0 -49.0362071,-10.7907825996517,0.0 -49.0360341,-10.7906092996517,0.0 -49.0359062,-10.7904298996517,0.0 -49.0357784,-10.7902504996517,0.0 -49.0356505,-10.7900710996517,0.0 -49.0355382,-10.7899045996517,0.0 -49.0354287,-10.7897423996517,0.0 -49.0353192,-10.7895800996517,0.0 -49.0352097,-10.7894177996517,0.0 -49.0351569,-10.7891954996517,0.0 -49.0351042,-10.7889731996517,0.0 -49.0350515,-10.7887509996518,0.0 -49.0349987,-10.7885286996518,0.0 -49.034946,-10.7883063996518,0.0 -49.0349475,-10.7880767996518,0.0 -49.034949,-10.7878471996518,0.0 -49.0349505,-10.7876176996518,0.0 -49.034923,-10.7873830996518,0.0 -49.0348955,-10.7871485996518,0.0 -49.0348679,-10.7869139996518,0.0 -49.0348404,-10.7866794996518,0.0 -49.0348221,-10.7865262996518,0.0 -49.0348037,-10.7863730996518,0.0 -49.0347539,-10.7861048996518,0.0 -49.034704,-10.7858366996518,0.0 -49.0346541,-10.7855685996519,0.0 -49.034623,-10.7853663996519,0.0 -49.0345918,-10.7851641996519,0.0 -49.0345606,-10.7849619996519,0.0 -49.0343629,-10.7847777996519,0.0 -49.0341651,-10.7845935996519,0.0 -49.0339674,-10.7844093996519,0.0 -49.0338327,-10.7842584996519,0.0 -49.0336979,-10.7841075996519,0.0 -49.0335631,-10.7839567996519,0.0 -49.0334928,-10.7837193996519,0.0 -49.0334224,-10.7834820996519,0.0 -49.0333399,-10.7832802996519,0.0 -49.0332574,-10.7830783996519,0.0 -49.033067,-10.7828797996519,0.0 -49.0328767,-10.7826811996519,0.0 -49.0326863,-10.7824825996519,0.0 -49.0325796,-10.782316099652,0.0 -49.0324728,-10.782149699652,0.0 -49.0323986,-10.781913799652,0.0 -49.0323244,-10.781677899652,0.0 -49.0323085,-10.781627499652,0.0 -49.03225,-10.781413999652,0.0 -49.0321915,-10.781200399652,0.0 -49.0321445,-10.781069799652,0.0 -49.0320974,-10.780939299652,0.0 -49.0319551,-10.780725199652,0.0 -49.0163586,-10.7768830996521,0.0 -49.0146666,-10.7764661996521,0.0 -49.0145779,-10.7767273996521,0.0 -49.0144892,-10.7769885996521,0.0 -49.0144005,-10.7772497996521,0.0 -49.0143119,-10.7775109996521,0.0 -49.0142232,-10.7777721996521,0.0 -49.0141345,-10.7780332996521,0.0 -49.0140458,-10.7782944996521,0.0 -49.0139571,-10.7785556996521,0.0 -49.0138685,-10.7788168996521,0.0 -49.0137798,-10.7790780996521,0.0 -49.0136911,-10.779339299652,0.0 -49.0136024,-10.779600399652,0.0 -49.0135137,-10.779861599652,0.0 -49.013425,-10.780122799652,0.0 -49.0133364,-10.780383999652,0.0 -49.0132477,-10.780645199652,0.0 -49.013159,-10.780906299652,0.0 -49.0130703,-10.781167499652,0.0 -49.0129816,-10.781428699652,0.0 -49.012893,-10.781689899652,0.0 -49.0128043,-10.781951099652,0.0 -49.0127156,-10.782212299652,0.0 -49.0126713,-10.782342899652,0.0 -49.0126269,-10.782473399652,0.0 -49.0125382,-10.7827345996519,0.0 -49.0124496,-10.7829957996519,0.0 -49.0123609,-10.7832569996519,0.0 -49.0122722,-10.7835181996519,0.0 -49.0121835,-10.7837793996519,0.0 -49.0120948,-10.7840404996519,0.0 -49.0120062,-10.7843016996519,0.0 -49.0119175,-10.7845628996519,0.0 -49.0118288,-10.7848240996519,0.0 -49.0117401,-10.7850852996519,0.0 -49.0116514,-10.7853464996519,0.0 -49.0115628,-10.7856075996519,0.0 -49.0114741,-10.7858687996518,0.0 -49.0113854,-10.7861299996518,0.0 -49.0112967,-10.7863911996518,0.0 -49.011208,-10.7866523996518,0.0 -49.0111194,-10.7869135996518,0.0 -49.0110307,-10.7871746996518,0.0 -49.010942,-10.7874358996518,0.0 -49.0108533,-10.7876970996518,0.0 -49.0107646,-10.7879582996518,0.0 -49.010676,-10.7882194996518,0.0 -49.0105873,-10.7884805996518,0.0 -49.0104986,-10.7887417996518,0.0 -49.0104099,-10.7890029996517,0.0 -49.0103212,-10.7892641996517,0.0 -49.0102326,-10.7895253996517,0.0 -49.0101439,-10.7897865996517,0.0 -49.0100552,-10.7900476996517,0.0 -49.0099665,-10.7903088996517,0.0 -49.0098778,-10.7905700996517,0.0 -49.0097891,-10.7908312996517,0.0 -49.0097005,-10.7910924996517,0.0 -49.0096118,-10.7913536996517,0.0 -49.0095231,-10.7916147996517,0.0 -49.0094344,-10.7918759996517,0.0 -49.0093457,-10.7921371996517,0.0 -49.0092571,-10.7923983996516,0.0 -49.0091684,-10.7926595996516,0.0 -49.0090797,-10.7929207996516,0.0 -49.008991,-10.7931818996516,0.0 -49.0089078,-10.7934270996516,0.0 -49.0088245,-10.7936722996516,0.0 -49.0087413,-10.7939173996516,0.0 -49.008658,-10.7941625996516,0.0 -49.0085748,-10.7944077996516,0.0 -49.0084915,-10.7946528996516,0.0 -49.0083814,-10.7948959996516,0.0 -49.0082713,-10.7951389996516,0.0 -49.0081612,-10.7953819996516,0.0 -49.0080511,-10.7956249996515,0.0 -49.0079409,-10.7958680996515,0.0 -49.0078308,-10.7961110996515,0.0 -49.0077207,-10.7963540996515,0.0 -49.0076106,-10.7965970996515,0.0 -49.0075005,-10.7968401996515,0.0 -49.0073903,-10.7970831996515,0.0 -49.0072802,-10.7973261996515,0.0 -49.0071701,-10.7975691996515,0.0 -49.00706,-10.7978122996515,0.0 -49.0069499,-10.7980552996515,0.0 -49.0068397,-10.7982982996515,0.0 -49.0067296,-10.7985412996515,0.0 -49.0066275,-10.7987667996514,0.0 -49.0065253,-10.7989922996514,0.0 -49.0064231,-10.7992177996514,0.0 -49.006321,-10.7994431996514,0.0 -49.0062141,-10.7996952996514,0.0 -49.0061073,-10.7999472996514,0.0 -49.0060005,-10.8001993996514,0.0 -49.0058936,-10.8004513996514,0.0 -49.0057868,-10.8007033996514,0.0 -49.00568,-10.8009554996514,0.0 -49.0055731,-10.8012074996514,0.0 -49.0054663,-10.8014594996514,0.0 -49.0053595,-10.8017115996514,0.0 -49.0053645,-10.8019772996514,0.0 -49.0053695,-10.8022429996513,0.0 -49.0053745,-10.8025085996513,0.0 -49.0053795,-10.8027742996513,0.0 -49.0053845,-10.8030399996513,0.0 -49.0053895,-10.8033056996513,0.0 -49.0053945,-10.8035713996513,0.0 -49.0053995,-10.8038370996513,0.0 -49.0054045,-10.8041027996513,0.0 -49.0054754,-10.8043602996513,0.0 -49.0055463,-10.8046178996513,0.0 -49.0056172,-10.8048753996513,0.0 -49.005688,-10.8051329996513,0.0 -49.0057589,-10.8053904996512,0.0 -49.0058298,-10.8056480996512,0.0 -49.0059006,-10.8059055996512,0.0 -49.0059715,-10.8061631996512,0.0 -49.0059861,-10.8063944996512,0.0 -49.0060007,-10.8066256996512,0.0 -49.0060153,-10.8068569996512,0.0 -49.0060299,-10.8070882996512,0.0 -49.0060445,-10.8073195996512,0.0 -49.0060591,-10.8075508996512,0.0 -49.0059688,-10.8077973996512,0.0 -49.0058784,-10.8080439996512,0.0 -49.0057881,-10.8082904996512,0.0 -49.0056978,-10.8085369996511,0.0 -49.0056075,-10.8087835996511,0.0 -49.0055171,-10.8090300996511,0.0 -49.0053757,-10.8092461996511,0.0 -49.0052342,-10.8094623996511,0.0 -49.0050927,-10.8096784996511,0.0 -49.0049512,-10.8098945996511,0.0 -49.0048097,-10.8101106996511,0.0 -49.0046683,-10.8103267996511,0.0 -49.0045268,-10.8105428996511,0.0 -49.0043853,-10.8107589996511,0.0 -49.0042438,-10.8109750996511,0.0 -49.0041023,-10.8111911996511,0.0 -49.0039609,-10.8114072996511,0.0 -49.0038194,-10.8116233996511,0.0 -49.0038422,-10.811880599651,0.0 -49.003865,-10.812137899651,0.0 -49.0038878,-10.812395099651,0.0 -49.0039106,-10.812652299651,0.0 -49.0039334,-10.812909499651,0.0 -49.0039562,-10.813166799651,0.0 -49.003979,-10.813423999651,0.0 -49.0040018,-10.813681199651,0.0 -49.0040246,-10.813938399651,0.0 -49.0040474,-10.814195599651,0.0 -49.0040205,-10.814449299651,0.0 -49.0039935,-10.814702899651,0.0 -49.0039666,-10.814956499651,0.0 -49.0039397,-10.8152101996509,0.0 -49.0039127,-10.8154637996509,0.0 -49.0038858,-10.8157174996509,0.0 -49.0038589,-10.8159710996509,0.0 -49.0038319,-10.8162246996509,0.0 -49.003805,-10.8164783996509,0.0 -49.003778,-10.8167319996509,0.0 -49.0037511,-10.8169855996509,0.0 -49.0037278,-10.8172050996509,0.0 -49.0037045,-10.8174245996509,0.0 -49.0036812,-10.8176440996509,0.0 -49.003596,-10.8178909996509,0.0 -49.0035108,-10.8181377996509,0.0 -49.0034256,-10.8183846996508,0.0 -49.0033404,-10.8186314996508,0.0 -49.0032552,-10.8188782996508,0.0 -49.00317,-10.8191251996508,0.0 -49.0030848,-10.8193719996508,0.0 -49.0029996,-10.8196188996508,0.0 -49.0029144,-10.8198656996508,0.0 -49.0028292,-10.8201125996508,0.0 -49.002744,-10.8203593996508,0.0 -49.0026588,-10.8206061996508,0.0 -49.0025532,-10.8208590996508,0.0 -49.0024475,-10.8211118996508,0.0 -49.0023418,-10.8213647996508,0.0 -49.0022362,-10.8216175996507,0.0 -49.0021305,-10.8218704996507,0.0 -49.0020248,-10.8221232996507,0.0 -49.0019192,-10.8223761996507,0.0 -49.0018135,-10.8226289996507,0.0 -49.0017078,-10.8228817996507,0.0 -49.0016022,-10.8231346996507,0.0 -49.0014965,-10.8233874996507,0.0 -49.0013908,-10.8236403996507,0.0 -49.0012852,-10.8238931996507,0.0 -49.0011795,-10.8241460996507,0.0 -49.0010738,-10.8243988996507,0.0 -49.0009682,-10.8246517996507,0.0 -49.0008625,-10.8249045996506,0.0 -49.0007568,-10.8251573996506,0.0 -49.0006512,-10.8254102996506,0.0 -49.0005455,-10.8256630996506,0.0 -49.0004398,-10.8259159996506,0.0 -49.0003341,-10.8261687996506,0.0 -49.0002285,-10.8264216996506,0.0 -49.0001228,-10.8266744996506,0.0 -49.0000171,-10.8269273996506,0.0 -49.0000011,-10.8269656996506,0.0 -48.9999542,-10.8270778996506,0.0 -48.9998012,-10.8272902996506,0.0 -48.9996483,-10.8275026996506,0.0 -48.9994953,-10.8277150996506,0.0 -48.9993423,-10.8279275996506,0.0 -48.9991893,-10.8281399996505,0.0 -48.9990363,-10.8283523996505,0.0 -48.9988833,-10.8285647996505,0.0 -48.9987303,-10.8287771996505,0.0 -48.9985728,-10.8414099996501,0.0 -48.9833256,-10.8417447996501,0.0</coordinates>
</LinearRing>
</outerBoundaryIs>
</Polygon>
</MultiGeometry>
</Placemark>
</Folder>
</Document></kml>
