<?xml version='1.0' encoding='UTF-8'?>
<kml xmlns:xsd="http://www.w3.org/2001/XMLSchema" xmlns:gx="http://www.google.com/kml/ext/2.2" xmlns:atom="http://www.w3.org/2005/Atom" xmlns="http://www.opengis.net/kml/2.2">
<Document>
<name>itinga_do_maranhao_2105427_localidades_2022</name>
<visibility>1</visibility>
<Schema name="Agrovilas do PA" id="kml_schema_ft_Agrovilas_do_PA">
<SimpleField type="xsd:string" name="CD_UF">
<displayName>CD_UF</displayName>
</SimpleField>
<SimpleField type="xsd:string" name="NM_UF">
<displayName>NM_UF</displayName>
</SimpleField>
<SimpleField type="xsd:string" name="SIGLA_UF">
<displayName>SIGLA_UF</displayName>
</SimpleField>
<SimpleField type="xsd:string" name="CD_MUN">
<displayName>CD_MUN</displayName>
</SimpleField>
<SimpleField type="xsd:string" name="NM_MUN">
<displayName>NM_MUN</displayName>
</SimpleField>
<SimpleField type="xsd:string" name="CD_RGINT">
<displayName>CD_RGINT</displayName>
</SimpleField>
<SimpleField type="xsd:string" name="NM_RGINT">
<displayName>NM_RGINT</displayName>
</SimpleField>
<SimpleField type="xsd:string" name="CD_RGI">
<displayName>CD_RGI</displayName>
</SimpleField>
<SimpleField type="xsd:string" name="NM_RGI">
<displayName>NM_RGI</displayName>
</SimpleField>
<SimpleField type="xsd:string" name="CT_LOCALIDADE">
<displayName>CT_LOCALIDADE</displayName>
</SimpleField>
<SimpleField type="xsd:string" name="CD_LOCALIDADE">
<displayName>CD_LOCALIDADE</displayName>
</SimpleField>
<SimpleField type="xsd:string" name="NM_LOCALIDADE">
<displayName>NM_LOCALIDADE</displayName>
</SimpleField>
<SimpleField type="xsd:string" name="LAT_LOCALIDADE">
<displayName>LAT_LOCALIDADE</displayName>
</SimpleField>
<SimpleField type="xsd:string" name="LONG_LOCALIDADE">
<displayName>LONG_LOCALIDADE</displayName>
</SimpleField>
</Schema>
<Schema name="Povoados" id="kml_schema_ft_Povoados">
<SimpleField type="xsd:string" name="CD_UF">
<displayName>CD_UF</displayName>
</SimpleField>
<SimpleField type="xsd:string" name="NM_UF">
<displayName>NM_UF</displayName>
</SimpleField>
<SimpleField type="xsd:string" name="SIGLA_UF">
<displayName>SIGLA_UF</displayName>
</SimpleField>
<SimpleField type="xsd:string" name="CD_MUN">
<displayName>CD_MUN</displayName>
</SimpleField>
<SimpleField type="xsd:string" name="NM_MUN">
<displayName>NM_MUN</displayName>
</SimpleField>
<SimpleField type="xsd:string" name="CD_RGINT">
<displayName>CD_RGINT</displayName>
</SimpleField>
<SimpleField type="xsd:string" name="NM_RGINT">
<displayName>NM_RGINT</displayName>
</SimpleField>
<SimpleField type="xsd:string" name="CD_RGI">
<displayName>CD_RGI</displayName>
</SimpleField>
<SimpleField type="xsd:string" name="NM_RGI">
<displayName>NM_RGI</displayName>
</SimpleField>
<SimpleField type="xsd:string" name="CT_LOCALIDADE">
<displayName>CT_LOCALIDADE</displayName>
</SimpleField>
<SimpleField type="xsd:string" name="CD_LOCALIDADE">
<displayName>CD_LOCALIDADE</displayName>
</SimpleField>
<SimpleField type="xsd:string" name="NM_LOCALIDADE">
<displayName>NM_LOCALIDADE</displayName>
</SimpleField>
<SimpleField type="xsd:string" name="LAT_LOCALIDADE">
<displayName>LAT_LOCALIDADE</displayName>
</SimpleField>
<SimpleField type="xsd:string" name="LONG_LOCALIDADE">
<displayName>LONG_LOCALIDADE</displayName>
</SimpleField>
</Schema>
<Schema name="Lugarejos" id="kml_schema_ft_Lugarejos">
<SimpleField type="xsd:string" name="CD_UF">
<displayName>CD_UF</displayName>
</SimpleField>
<SimpleField type="xsd:string" name="NM_UF">
<displayName>NM_UF</displayName>
</SimpleField>
<SimpleField type="xsd:string" name="SIGLA_UF">
<displayName>SIGLA_UF</displayName>
</SimpleField>
<SimpleField type="xsd:string" name="CD_MUN">
<displayName>CD_MUN</displayName>
</SimpleField>
<SimpleField type="xsd:string" name="NM_MUN">
<displayName>NM_MUN</displayName>
</SimpleField>
<SimpleField type="xsd:string" name="CD_RGINT">
<displayName>CD_RGINT</displayName>
</SimpleField>
<SimpleField type="xsd:string" name="NM_RGINT">
<displayName>NM_RGINT</displayName>
</SimpleField>
<SimpleField type="xsd:string" name="CD_RGI">
<displayName>CD_RGI</displayName>
</SimpleField>
<SimpleField type="xsd:string" name="NM_RGI">
<displayName>NM_RGI</displayName>
</SimpleField>
<SimpleField type="xsd:string" name="CT_LOCALIDADE">
<displayName>CT_LOCALIDADE</displayName>
</SimpleField>
<SimpleField type="xsd:string" name="CD_LOCALIDADE">
<displayName>CD_LOCALIDADE</displayName>
</SimpleField>
<SimpleField type="xsd:string" name="NM_LOCALIDADE">
<displayName>NM_LOCALIDADE</displayName>
</SimpleField>
<SimpleField type="xsd:string" name="LAT_LOCALIDADE">
<displayName>LAT_LOCALIDADE</displayName>
</SimpleField>
<SimpleField type="xsd:string" name="LONG_LOCALIDADE">
<displayName>LONG_LOCALIDADE</displayName>
</SimpleField>
</Schema>
<Schema name="Localidades" id="kml_schema_ft_Localidades">
<SimpleField type="xsd:string" name="CD_UF">
<displayName>CD_UF</displayName>
</SimpleField>
<SimpleField type="xsd:string" name="NM_UF">
<displayName>NM_UF</displayName>
</SimpleField>
<SimpleField type="xsd:string" name="SIGLA_UF">
<displayName>SIGLA_UF</displayName>
</SimpleField>
<SimpleField type="xsd:string" name="CD_MUN">
<displayName>CD_MUN</displayName>
</SimpleField>
<SimpleField type="xsd:string" name="NM_MUN">
<displayName>NM_MUN</displayName>
</SimpleField>
<SimpleField type="xsd:string" name="CD_RGINT">
<displayName>CD_RGINT</displayName>
</SimpleField>
<SimpleField type="xsd:string" name="NM_RGINT">
<displayName>NM_RGINT</displayName>
</SimpleField>
<SimpleField type="xsd:string" name="CD_RGI">
<displayName>CD_RGI</displayName>
</SimpleField>
<SimpleField type="xsd:string" name="NM_RGI">
<displayName>NM_RGI</displayName>
</SimpleField>
<SimpleField type="xsd:string" name="CT_LOCALIDADE">
<displayName>CT_LOCALIDADE</displayName>
</SimpleField>
<SimpleField type="xsd:string" name="SCT_LOCALIDADE">
<displayName>SCT_LOCALIDADE</displayName>
</SimpleField>
<SimpleField type="xsd:string" name="CD_LOCALIDADE">
<displayName>CD_LOCALIDADE</displayName>
</SimpleField>
<SimpleField type="xsd:string" name="NM_LOCALIDADE">
<displayName>NM_LOCALIDADE</displayName>
</SimpleField>
</Schema>
<Schema name="01. Cidade" id="kml_schema_ft_01._Cidade">
<SimpleField type="xsd:string" name="CD_UF">
<displayName>CD_UF</displayName>
</SimpleField>
<SimpleField type="xsd:string" name="NM_UF">
<displayName>NM_UF</displayName>
</SimpleField>
<SimpleField type="xsd:string" name="SIGLA_UF">
<displayName>SIGLA_UF</displayName>
</SimpleField>
<SimpleField type="xsd:string" name="CD_MUN">
<displayName>CD_MUN</displayName>
</SimpleField>
<SimpleField type="xsd:string" name="NM_MUN">
<displayName>NM_MUN</displayName>
</SimpleField>
<SimpleField type="xsd:string" name="CD_RGINT">
<displayName>CD_RGINT</displayName>
</SimpleField>
<SimpleField type="xsd:string" name="NM_RGINT">
<displayName>NM_RGINT</displayName>
</SimpleField>
<SimpleField type="xsd:string" name="CD_RGI">
<displayName>CD_RGI</displayName>
</SimpleField>
<SimpleField type="xsd:string" name="NM_RGI">
<displayName>NM_RGI</displayName>
</SimpleField>
<SimpleField type="xsd:string" name="CT_LOCALIDADE">
<displayName>CT_LOCALIDADE</displayName>
</SimpleField>
<SimpleField type="xsd:string" name="SCT_LOCALIDADE">
<displayName>SCT_LOCALIDADE</displayName>
</SimpleField>
<SimpleField type="xsd:string" name="CD_LOCALIDADE">
<displayName>CD_LOCALIDADE</displayName>
</SimpleField>
<SimpleField type="xsd:string" name="NM_LOCALIDADE">
<displayName>NM_LOCALIDADE</displayName>
</SimpleField>
<SimpleField type="xsd:string" name="LAT_LOCALIDADE">
<displayName>LAT_LOCALIDADE</displayName>
</SimpleField>
<SimpleField type="xsd:string" name="LONG_LOCALIDADE">
<displayName>LONG_LOCALIDADE</displayName>
</SimpleField>
</Schema>
<Schema name="Município" id="kml_schema_ft_Município">
<SimpleField type="xsd:string" name="CD_UF">
<displayName>CD_UF</displayName>
</SimpleField>
<SimpleField type="xsd:string" name="NM_UF">
<displayName>NM_UF</displayName>
</SimpleField>
<SimpleField type="xsd:string" name="CD_MUN">
<displayName>CD_MUN</displayName>
</SimpleField>
<SimpleField type="xsd:string" name="NM_MUN">
<displayName>NM_MUN</displayName>
</SimpleField>
<SimpleField type="xsd:string" name="CD_RGINT">
<displayName>CD_RGINT</displayName>
</SimpleField>
<SimpleField type="xsd:string" name="NM_RGINT">
<displayName>NM_RGINT</displayName>
</SimpleField>
<SimpleField type="xsd:string" name="CD_RGI">
<displayName>CD_RGI</displayName>
</SimpleField>
<SimpleField type="xsd:string" name="NM_RGI">
<displayName>NM_RGI</displayName>
</SimpleField>
</Schema>
<Folder id="01. Cidade">
<name>01. Cidade</name>
<Folder id="01.03. Sede Municipal">
<name>01.03. Sede Municipal</name>
<Placemark id="01.03. Sede Municipal">
<name>Itinga do Maranhão [2105427]</name>
<visibility>1</visibility>
<snippet> </snippet>
<description>&lt;center&gt;&lt;table&gt;&lt;tr&gt;&lt;th colspan='2' align='center'&gt;&lt;em&gt;Atributos&lt;/em&gt;&lt;/th&gt;&lt;/tr&gt;&lt;tr bgcolor="#E3E3F3"&gt;
&lt;th&gt;CD_UF&lt;/th&gt;
&lt;td&gt;21&lt;/td&gt;
&lt;/tr&gt;&lt;tr bgcolor=""&gt;
&lt;th&gt;NM_UF&lt;/th&gt;
&lt;td&gt;Maranhão&lt;/td&gt;
&lt;/tr&gt;&lt;tr bgcolor="#E3E3F3"&gt;
&lt;th&gt;SIGLA_UF&lt;/th&gt;
&lt;td&gt;MA&lt;/td&gt;
&lt;/tr&gt;&lt;tr bgcolor=""&gt;
&lt;th&gt;CD_MUN&lt;/th&gt;
&lt;td&gt;2105427&lt;/td&gt;
&lt;/tr&gt;&lt;tr bgcolor="#E3E3F3"&gt;
&lt;th&gt;NM_MUN&lt;/th&gt;
&lt;td&gt;Itinga do Maranhão&lt;/td&gt;
&lt;/tr&gt;&lt;tr bgcolor=""&gt;
&lt;th&gt;CD_RGINT&lt;/th&gt;
&lt;td&gt;2105&lt;/td&gt;
&lt;/tr&gt;&lt;tr bgcolor="#E3E3F3"&gt;
&lt;th&gt;NM_RGINT&lt;/th&gt;
&lt;td&gt;Imperatriz&lt;/td&gt;
&lt;/tr&gt;&lt;tr bgcolor=""&gt;
&lt;th&gt;CD_RGI&lt;/th&gt;
&lt;td&gt;210021&lt;/td&gt;
&lt;/tr&gt;&lt;tr bgcolor="#E3E3F3"&gt;
&lt;th&gt;NM_RGI&lt;/th&gt;
&lt;td&gt;Açailândia&lt;/td&gt;
&lt;/tr&gt;&lt;tr bgcolor=""&gt;
&lt;th&gt;CT_LOCALIDADE&lt;/th&gt;
&lt;td&gt;Cidade&lt;/td&gt;
&lt;/tr&gt;&lt;tr bgcolor="#E3E3F3"&gt;
&lt;th&gt;SCT_LOCALIDADE&lt;/th&gt;
&lt;td&gt;Sede Municipal&lt;/td&gt;
&lt;/tr&gt;&lt;tr bgcolor=""&gt;
&lt;th&gt;CD_LOCALIDADE&lt;/th&gt;
&lt;td&gt;2105427&lt;/td&gt;
&lt;/tr&gt;&lt;tr bgcolor="#E3E3F3"&gt;
&lt;th&gt;NM_LOCALIDADE&lt;/th&gt;
&lt;td&gt;Itinga do Maranhão&lt;/td&gt;
&lt;/tr&gt;&lt;tr bgcolor=""&gt;
&lt;th&gt;LAT_LOCALIDADE&lt;/th&gt;
&lt;td&gt;-4.4508&lt;/td&gt;
&lt;/tr&gt;&lt;tr bgcolor="#E3E3F3"&gt;
&lt;th&gt;LONG_LOCALIDADE&lt;/th&gt;
&lt;td&gt;-47.528&lt;/td&gt;
&lt;/tr&gt;&lt;/table&gt;&lt;/center&gt;</description>
<Style>
<IconStyle>
<color>ff00aaff</color>
<scale>1.0</scale>
<Icon>
<href>http://maps.google.com/mapfiles/kml/shapes/placemark_circle.png</href>
</Icon>
</IconStyle>
<LabelStyle>
<scale>1.0</scale>
</LabelStyle>
<LineStyle>
<color>ffffffff</color>
<width>3</width>
<gx:labelVisibility>1</gx:labelVisibility>
</LineStyle>
<PolyStyle>
<color>00ffffff</color>
</PolyStyle>
</Style>
<ExtendedData>
<SchemaData schemaUrl="#kml_schema_ft_01._Cidade">
<SimpleData name="CD_UF">21</SimpleData>
<SimpleData name="NM_UF">Maranhão</SimpleData>
<SimpleData name="SIGLA_UF">MA</SimpleData>
<SimpleData name="CD_MUN">2105427</SimpleData>
<SimpleData name="NM_MUN">Itinga do Maranhão</SimpleData>
<SimpleData name="CD_RGINT">2105</SimpleData>
<SimpleData name="NM_RGINT">Imperatriz</SimpleData>
<SimpleData name="CD_RGI">210021</SimpleData>
<SimpleData name="NM_RGI">Açailândia</SimpleData>
<SimpleData name="CT_LOCALIDADE">Cidade</SimpleData>
<SimpleData name="SCT_LOCALIDADE">Sede Municipal</SimpleData>
<SimpleData name="CD_LOCALIDADE">2105427</SimpleData>
<SimpleData name="NM_LOCALIDADE">Itinga do Maranhão</SimpleData>
<SimpleData name="LAT_LOCALIDADE">-4.4508</SimpleData>
<SimpleData name="LONG_LOCALIDADE">-47.528</SimpleData>
</SchemaData>
</ExtendedData>
<Point>
<extrude>0</extrude>
<coordinates>-47.528039,-4.45077799985341,0.0</coordinates>
</Point>
</Placemark>
</Folder>
</Folder>
<Folder id="06. Povoados">
<name>06. Povoados</name>
<Placemark id="06. Povoados">
<name>Agrovila do PA Cajuapara [210542700001]</name>
<visibility>1</visibility>
<snippet> </snippet>
<description>&lt;center&gt;&lt;table&gt;&lt;tr&gt;&lt;th colspan='2' align='center'&gt;&lt;em&gt;Atributos&lt;/em&gt;&lt;/th&gt;&lt;/tr&gt;&lt;tr bgcolor="#E3E3F3"&gt;
&lt;th&gt;CD_UF&lt;/th&gt;
&lt;td&gt;21&lt;/td&gt;
&lt;/tr&gt;&lt;tr bgcolor=""&gt;
&lt;th&gt;NM_UF&lt;/th&gt;
&lt;td&gt;Maranhão&lt;/td&gt;
&lt;/tr&gt;&lt;tr bgcolor="#E3E3F3"&gt;
&lt;th&gt;SIGLA_UF&lt;/th&gt;
&lt;td&gt;MA&lt;/td&gt;
&lt;/tr&gt;&lt;tr bgcolor=""&gt;
&lt;th&gt;CD_MUN&lt;/th&gt;
&lt;td&gt;2105427&lt;/td&gt;
&lt;/tr&gt;&lt;tr bgcolor="#E3E3F3"&gt;
&lt;th&gt;NM_MUN&lt;/th&gt;
&lt;td&gt;Itinga do Maranhão&lt;/td&gt;
&lt;/tr&gt;&lt;tr bgcolor=""&gt;
&lt;th&gt;CD_RGINT&lt;/th&gt;
&lt;td&gt;2105&lt;/td&gt;
&lt;/tr&gt;&lt;tr bgcolor="#E3E3F3"&gt;
&lt;th&gt;NM_RGINT&lt;/th&gt;
&lt;td&gt;Imperatriz&lt;/td&gt;
&lt;/tr&gt;&lt;tr bgcolor=""&gt;
&lt;th&gt;CD_RGI&lt;/th&gt;
&lt;td&gt;210021&lt;/td&gt;
&lt;/tr&gt;&lt;tr bgcolor="#E3E3F3"&gt;
&lt;th&gt;NM_RGI&lt;/th&gt;
&lt;td&gt;Açailândia&lt;/td&gt;
&lt;/tr&gt;&lt;tr bgcolor=""&gt;
&lt;th&gt;CT_LOCALIDADE&lt;/th&gt;
&lt;td&gt;Povoado&lt;/td&gt;
&lt;/tr&gt;&lt;tr bgcolor="#E3E3F3"&gt;
&lt;th&gt;CD_LOCALIDADE&lt;/th&gt;
&lt;td&gt;210542700001&lt;/td&gt;
&lt;/tr&gt;&lt;tr bgcolor=""&gt;
&lt;th&gt;NM_LOCALIDADE&lt;/th&gt;
&lt;td&gt;Agrovila do PA Cajuapara&lt;/td&gt;
&lt;/tr&gt;&lt;tr bgcolor="#E3E3F3"&gt;
&lt;th&gt;LAT_LOCALIDADE&lt;/th&gt;
&lt;td&gt;-4.5637&lt;/td&gt;
&lt;/tr&gt;&lt;tr bgcolor=""&gt;
&lt;th&gt;LONG_LOCALIDADE&lt;/th&gt;
&lt;td&gt;-47.4906&lt;/td&gt;
&lt;/tr&gt;&lt;/table&gt;&lt;/center&gt;</description>
<Style>
<IconStyle>
<color>ff00ff54</color>
<scale>0.8</scale>
<Icon>
<href>http://maps.google.com/mapfiles/kml/shapes/placemark_circle.png</href>
</Icon>
</IconStyle>
<LabelStyle>
<scale>0.8</scale>
</LabelStyle>
<LineStyle>
<color>72ff54ff</color>
<width>1.0</width>
<gx:labelVisibility>1</gx:labelVisibility>
</LineStyle>
<PolyStyle>
<color>66ff54ff</color>
</PolyStyle>
</Style>
<ExtendedData>
<SchemaData schemaUrl="#kml_schema_ft_Povoados">
<SimpleData name="CD_UF">21</SimpleData>
<SimpleData name="NM_UF">Maranhão</SimpleData>
<SimpleData name="SIGLA_UF">MA</SimpleData>
<SimpleData name="CD_MUN">2105427</SimpleData>
<SimpleData name="NM_MUN">Itinga do Maranhão</SimpleData>
<SimpleData name="CD_RGINT">2105</SimpleData>
<SimpleData name="NM_RGINT">Imperatriz</SimpleData>
<SimpleData name="CD_RGI">210021</SimpleData>
<SimpleData name="NM_RGI">Açailândia</SimpleData>
<SimpleData name="CT_LOCALIDADE">Povoado</SimpleData>
<SimpleData name="CD_LOCALIDADE">210542700001</SimpleData>
<SimpleData name="NM_LOCALIDADE">Agrovila do PA Cajuapara</SimpleData>
<SimpleData name="LAT_LOCALIDADE">-4.5637</SimpleData>
<SimpleData name="LONG_LOCALIDADE">-47.4906</SimpleData>
</SchemaData>
</ExtendedData>
<Point>
<extrude>0</extrude>
<coordinates>-47.4905975235457,-4.56367957879708,0.0</coordinates>
</Point>
</Placemark>
<Placemark id="06. Povoados">
<name>Paulistão [210542700002]</name>
<visibility>1</visibility>
<snippet> </snippet>
<description>&lt;center&gt;&lt;table&gt;&lt;tr&gt;&lt;th colspan='2' align='center'&gt;&lt;em&gt;Atributos&lt;/em&gt;&lt;/th&gt;&lt;/tr&gt;&lt;tr bgcolor="#E3E3F3"&gt;
&lt;th&gt;CD_UF&lt;/th&gt;
&lt;td&gt;21&lt;/td&gt;
&lt;/tr&gt;&lt;tr bgcolor=""&gt;
&lt;th&gt;NM_UF&lt;/th&gt;
&lt;td&gt;Maranhão&lt;/td&gt;
&lt;/tr&gt;&lt;tr bgcolor="#E3E3F3"&gt;
&lt;th&gt;SIGLA_UF&lt;/th&gt;
&lt;td&gt;MA&lt;/td&gt;
&lt;/tr&gt;&lt;tr bgcolor=""&gt;
&lt;th&gt;CD_MUN&lt;/th&gt;
&lt;td&gt;2105427&lt;/td&gt;
&lt;/tr&gt;&lt;tr bgcolor="#E3E3F3"&gt;
&lt;th&gt;NM_MUN&lt;/th&gt;
&lt;td&gt;Itinga do Maranhão&lt;/td&gt;
&lt;/tr&gt;&lt;tr bgcolor=""&gt;
&lt;th&gt;CD_RGINT&lt;/th&gt;
&lt;td&gt;2105&lt;/td&gt;
&lt;/tr&gt;&lt;tr bgcolor="#E3E3F3"&gt;
&lt;th&gt;NM_RGINT&lt;/th&gt;
&lt;td&gt;Imperatriz&lt;/td&gt;
&lt;/tr&gt;&lt;tr bgcolor=""&gt;
&lt;th&gt;CD_RGI&lt;/th&gt;
&lt;td&gt;210021&lt;/td&gt;
&lt;/tr&gt;&lt;tr bgcolor="#E3E3F3"&gt;
&lt;th&gt;NM_RGI&lt;/th&gt;
&lt;td&gt;Açailândia&lt;/td&gt;
&lt;/tr&gt;&lt;tr bgcolor=""&gt;
&lt;th&gt;CT_LOCALIDADE&lt;/th&gt;
&lt;td&gt;Povoado&lt;/td&gt;
&lt;/tr&gt;&lt;tr bgcolor="#E3E3F3"&gt;
&lt;th&gt;CD_LOCALIDADE&lt;/th&gt;
&lt;td&gt;210542700002&lt;/td&gt;
&lt;/tr&gt;&lt;tr bgcolor=""&gt;
&lt;th&gt;NM_LOCALIDADE&lt;/th&gt;
&lt;td&gt;Paulistão&lt;/td&gt;
&lt;/tr&gt;&lt;tr bgcolor="#E3E3F3"&gt;
&lt;th&gt;LAT_LOCALIDADE&lt;/th&gt;
&lt;td&gt;-4.4896&lt;/td&gt;
&lt;/tr&gt;&lt;tr bgcolor=""&gt;
&lt;th&gt;LONG_LOCALIDADE&lt;/th&gt;
&lt;td&gt;-47.5063&lt;/td&gt;
&lt;/tr&gt;&lt;/table&gt;&lt;/center&gt;</description>
<Style>
<IconStyle>
<color>ff00ff54</color>
<scale>0.8</scale>
<Icon>
<href>http://maps.google.com/mapfiles/kml/shapes/placemark_circle.png</href>
</Icon>
</IconStyle>
<LabelStyle>
<scale>0.8</scale>
</LabelStyle>
<LineStyle>
<color>72ff54ff</color>
<width>1.0</width>
<gx:labelVisibility>1</gx:labelVisibility>
</LineStyle>
<PolyStyle>
<color>66ff54ff</color>
</PolyStyle>
</Style>
<ExtendedData>
<SchemaData schemaUrl="#kml_schema_ft_Povoados">
<SimpleData name="CD_UF">21</SimpleData>
<SimpleData name="NM_UF">Maranhão</SimpleData>
<SimpleData name="SIGLA_UF">MA</SimpleData>
<SimpleData name="CD_MUN">2105427</SimpleData>
<SimpleData name="NM_MUN">Itinga do Maranhão</SimpleData>
<SimpleData name="CD_RGINT">2105</SimpleData>
<SimpleData name="NM_RGINT">Imperatriz</SimpleData>
<SimpleData name="CD_RGI">210021</SimpleData>
<SimpleData name="NM_RGI">Açailândia</SimpleData>
<SimpleData name="CT_LOCALIDADE">Povoado</SimpleData>
<SimpleData name="CD_LOCALIDADE">210542700002</SimpleData>
<SimpleData name="NM_LOCALIDADE">Paulistão</SimpleData>
<SimpleData name="LAT_LOCALIDADE">-4.4896</SimpleData>
<SimpleData name="LONG_LOCALIDADE">-47.5063</SimpleData>
</SchemaData>
</ExtendedData>
<Point>
<extrude>0</extrude>
<coordinates>-47.5063392035087,-4.48963116476442,0.0</coordinates>
</Point>
</Placemark>
<Placemark id="06. Povoados">
<name>Agrovila do PA Vila Bandeirante [210542700003]</name>
<visibility>1</visibility>
<snippet> </snippet>
<description>&lt;center&gt;&lt;table&gt;&lt;tr&gt;&lt;th colspan='2' align='center'&gt;&lt;em&gt;Atributos&lt;/em&gt;&lt;/th&gt;&lt;/tr&gt;&lt;tr bgcolor="#E3E3F3"&gt;
&lt;th&gt;CD_UF&lt;/th&gt;
&lt;td&gt;21&lt;/td&gt;
&lt;/tr&gt;&lt;tr bgcolor=""&gt;
&lt;th&gt;NM_UF&lt;/th&gt;
&lt;td&gt;Maranhão&lt;/td&gt;
&lt;/tr&gt;&lt;tr bgcolor="#E3E3F3"&gt;
&lt;th&gt;SIGLA_UF&lt;/th&gt;
&lt;td&gt;MA&lt;/td&gt;
&lt;/tr&gt;&lt;tr bgcolor=""&gt;
&lt;th&gt;CD_MUN&lt;/th&gt;
&lt;td&gt;2105427&lt;/td&gt;
&lt;/tr&gt;&lt;tr bgcolor="#E3E3F3"&gt;
&lt;th&gt;NM_MUN&lt;/th&gt;
&lt;td&gt;Itinga do Maranhão&lt;/td&gt;
&lt;/tr&gt;&lt;tr bgcolor=""&gt;
&lt;th&gt;CD_RGINT&lt;/th&gt;
&lt;td&gt;2105&lt;/td&gt;
&lt;/tr&gt;&lt;tr bgcolor="#E3E3F3"&gt;
&lt;th&gt;NM_RGINT&lt;/th&gt;
&lt;td&gt;Imperatriz&lt;/td&gt;
&lt;/tr&gt;&lt;tr bgcolor=""&gt;
&lt;th&gt;CD_RGI&lt;/th&gt;
&lt;td&gt;210021&lt;/td&gt;
&lt;/tr&gt;&lt;tr bgcolor="#E3E3F3"&gt;
&lt;th&gt;NM_RGI&lt;/th&gt;
&lt;td&gt;Açailândia&lt;/td&gt;
&lt;/tr&gt;&lt;tr bgcolor=""&gt;
&lt;th&gt;CT_LOCALIDADE&lt;/th&gt;
&lt;td&gt;Povoado&lt;/td&gt;
&lt;/tr&gt;&lt;tr bgcolor="#E3E3F3"&gt;
&lt;th&gt;CD_LOCALIDADE&lt;/th&gt;
&lt;td&gt;210542700003&lt;/td&gt;
&lt;/tr&gt;&lt;tr bgcolor=""&gt;
&lt;th&gt;NM_LOCALIDADE&lt;/th&gt;
&lt;td&gt;Agrovila do PA Vila Bandeirante&lt;/td&gt;
&lt;/tr&gt;&lt;tr bgcolor="#E3E3F3"&gt;
&lt;th&gt;LAT_LOCALIDADE&lt;/th&gt;
&lt;td&gt;-4.0922&lt;/td&gt;
&lt;/tr&gt;&lt;tr bgcolor=""&gt;
&lt;th&gt;LONG_LOCALIDADE&lt;/th&gt;
&lt;td&gt;-47.2849&lt;/td&gt;
&lt;/tr&gt;&lt;/table&gt;&lt;/center&gt;</description>
<Style>
<IconStyle>
<color>ff00ff54</color>
<scale>0.8</scale>
<Icon>
<href>http://maps.google.com/mapfiles/kml/shapes/placemark_circle.png</href>
</Icon>
</IconStyle>
<LabelStyle>
<scale>0.8</scale>
</LabelStyle>
<LineStyle>
<color>72ff54ff</color>
<width>1.0</width>
<gx:labelVisibility>1</gx:labelVisibility>
</LineStyle>
<PolyStyle>
<color>66ff54ff</color>
</PolyStyle>
</Style>
<ExtendedData>
<SchemaData schemaUrl="#kml_schema_ft_Povoados">
<SimpleData name="CD_UF">21</SimpleData>
<SimpleData name="NM_UF">Maranhão</SimpleData>
<SimpleData name="SIGLA_UF">MA</SimpleData>
<SimpleData name="CD_MUN">2105427</SimpleData>
<SimpleData name="NM_MUN">Itinga do Maranhão</SimpleData>
<SimpleData name="CD_RGINT">2105</SimpleData>
<SimpleData name="NM_RGINT">Imperatriz</SimpleData>
<SimpleData name="CD_RGI">210021</SimpleData>
<SimpleData name="NM_RGI">Açailândia</SimpleData>
<SimpleData name="CT_LOCALIDADE">Povoado</SimpleData>
<SimpleData name="CD_LOCALIDADE">210542700003</SimpleData>
<SimpleData name="NM_LOCALIDADE">Agrovila do PA Vila Bandeirante</SimpleData>
<SimpleData name="LAT_LOCALIDADE">-4.0922</SimpleData>
<SimpleData name="LONG_LOCALIDADE">-47.2849</SimpleData>
</SchemaData>
</ExtendedData>
<Point>
<extrude>0</extrude>
<coordinates>-47.2848658815789,-4.09224388144407,0.0</coordinates>
</Point>
</Placemark>
<Placemark id="06. Povoados">
<name>Agrovila do PA Água Fria [210542700004]</name>
<visibility>1</visibility>
<snippet> </snippet>
<description>&lt;center&gt;&lt;table&gt;&lt;tr&gt;&lt;th colspan='2' align='center'&gt;&lt;em&gt;Atributos&lt;/em&gt;&lt;/th&gt;&lt;/tr&gt;&lt;tr bgcolor="#E3E3F3"&gt;
&lt;th&gt;CD_UF&lt;/th&gt;
&lt;td&gt;21&lt;/td&gt;
&lt;/tr&gt;&lt;tr bgcolor=""&gt;
&lt;th&gt;NM_UF&lt;/th&gt;
&lt;td&gt;Maranhão&lt;/td&gt;
&lt;/tr&gt;&lt;tr bgcolor="#E3E3F3"&gt;
&lt;th&gt;SIGLA_UF&lt;/th&gt;
&lt;td&gt;MA&lt;/td&gt;
&lt;/tr&gt;&lt;tr bgcolor=""&gt;
&lt;th&gt;CD_MUN&lt;/th&gt;
&lt;td&gt;2105427&lt;/td&gt;
&lt;/tr&gt;&lt;tr bgcolor="#E3E3F3"&gt;
&lt;th&gt;NM_MUN&lt;/th&gt;
&lt;td&gt;Itinga do Maranhão&lt;/td&gt;
&lt;/tr&gt;&lt;tr bgcolor=""&gt;
&lt;th&gt;CD_RGINT&lt;/th&gt;
&lt;td&gt;2105&lt;/td&gt;
&lt;/tr&gt;&lt;tr bgcolor="#E3E3F3"&gt;
&lt;th&gt;NM_RGINT&lt;/th&gt;
&lt;td&gt;Imperatriz&lt;/td&gt;
&lt;/tr&gt;&lt;tr bgcolor=""&gt;
&lt;th&gt;CD_RGI&lt;/th&gt;
&lt;td&gt;210021&lt;/td&gt;
&lt;/tr&gt;&lt;tr bgcolor="#E3E3F3"&gt;
&lt;th&gt;NM_RGI&lt;/th&gt;
&lt;td&gt;Açailândia&lt;/td&gt;
&lt;/tr&gt;&lt;tr bgcolor=""&gt;
&lt;th&gt;CT_LOCALIDADE&lt;/th&gt;
&lt;td&gt;Povoado&lt;/td&gt;
&lt;/tr&gt;&lt;tr bgcolor="#E3E3F3"&gt;
&lt;th&gt;CD_LOCALIDADE&lt;/th&gt;
&lt;td&gt;210542700004&lt;/td&gt;
&lt;/tr&gt;&lt;tr bgcolor=""&gt;
&lt;th&gt;NM_LOCALIDADE&lt;/th&gt;
&lt;td&gt;Agrovila do PA Água Fria&lt;/td&gt;
&lt;/tr&gt;&lt;tr bgcolor="#E3E3F3"&gt;
&lt;th&gt;LAT_LOCALIDADE&lt;/th&gt;
&lt;td&gt;-4.0852&lt;/td&gt;
&lt;/tr&gt;&lt;tr bgcolor=""&gt;
&lt;th&gt;LONG_LOCALIDADE&lt;/th&gt;
&lt;td&gt;-47.2468&lt;/td&gt;
&lt;/tr&gt;&lt;/table&gt;&lt;/center&gt;</description>
<Style>
<IconStyle>
<color>ff00ff54</color>
<scale>0.8</scale>
<Icon>
<href>http://maps.google.com/mapfiles/kml/shapes/placemark_circle.png</href>
</Icon>
</IconStyle>
<LabelStyle>
<scale>0.8</scale>
</LabelStyle>
<LineStyle>
<color>72ff54ff</color>
<width>1.0</width>
<gx:labelVisibility>1</gx:labelVisibility>
</LineStyle>
<PolyStyle>
<color>66ff54ff</color>
</PolyStyle>
</Style>
<ExtendedData>
<SchemaData schemaUrl="#kml_schema_ft_Povoados">
<SimpleData name="CD_UF">21</SimpleData>
<SimpleData name="NM_UF">Maranhão</SimpleData>
<SimpleData name="SIGLA_UF">MA</SimpleData>
<SimpleData name="CD_MUN">2105427</SimpleData>
<SimpleData name="NM_MUN">Itinga do Maranhão</SimpleData>
<SimpleData name="CD_RGINT">2105</SimpleData>
<SimpleData name="NM_RGINT">Imperatriz</SimpleData>
<SimpleData name="CD_RGI">210021</SimpleData>
<SimpleData name="NM_RGI">Açailândia</SimpleData>
<SimpleData name="CT_LOCALIDADE">Povoado</SimpleData>
<SimpleData name="CD_LOCALIDADE">210542700004</SimpleData>
<SimpleData name="NM_LOCALIDADE">Agrovila do PA Água Fria</SimpleData>
<SimpleData name="LAT_LOCALIDADE">-4.0852</SimpleData>
<SimpleData name="LONG_LOCALIDADE">-47.2468</SimpleData>
</SchemaData>
</ExtendedData>
<Point>
<extrude>0</extrude>
<coordinates>-47.2468493896104,-4.0852140388264,0.0</coordinates>
</Point>
</Placemark>
<Placemark id="06. Povoados">
<name>Agrovila do PA Santa Izabel [210542700005]</name>
<visibility>1</visibility>
<snippet> </snippet>
<description>&lt;center&gt;&lt;table&gt;&lt;tr&gt;&lt;th colspan='2' align='center'&gt;&lt;em&gt;Atributos&lt;/em&gt;&lt;/th&gt;&lt;/tr&gt;&lt;tr bgcolor="#E3E3F3"&gt;
&lt;th&gt;CD_UF&lt;/th&gt;
&lt;td&gt;21&lt;/td&gt;
&lt;/tr&gt;&lt;tr bgcolor=""&gt;
&lt;th&gt;NM_UF&lt;/th&gt;
&lt;td&gt;Maranhão&lt;/td&gt;
&lt;/tr&gt;&lt;tr bgcolor="#E3E3F3"&gt;
&lt;th&gt;SIGLA_UF&lt;/th&gt;
&lt;td&gt;MA&lt;/td&gt;
&lt;/tr&gt;&lt;tr bgcolor=""&gt;
&lt;th&gt;CD_MUN&lt;/th&gt;
&lt;td&gt;2105427&lt;/td&gt;
&lt;/tr&gt;&lt;tr bgcolor="#E3E3F3"&gt;
&lt;th&gt;NM_MUN&lt;/th&gt;
&lt;td&gt;Itinga do Maranhão&lt;/td&gt;
&lt;/tr&gt;&lt;tr bgcolor=""&gt;
&lt;th&gt;CD_RGINT&lt;/th&gt;
&lt;td&gt;2105&lt;/td&gt;
&lt;/tr&gt;&lt;tr bgcolor="#E3E3F3"&gt;
&lt;th&gt;NM_RGINT&lt;/th&gt;
&lt;td&gt;Imperatriz&lt;/td&gt;
&lt;/tr&gt;&lt;tr bgcolor=""&gt;
&lt;th&gt;CD_RGI&lt;/th&gt;
&lt;td&gt;210021&lt;/td&gt;
&lt;/tr&gt;&lt;tr bgcolor="#E3E3F3"&gt;
&lt;th&gt;NM_RGI&lt;/th&gt;
&lt;td&gt;Açailândia&lt;/td&gt;
&lt;/tr&gt;&lt;tr bgcolor=""&gt;
&lt;th&gt;CT_LOCALIDADE&lt;/th&gt;
&lt;td&gt;Povoado&lt;/td&gt;
&lt;/tr&gt;&lt;tr bgcolor="#E3E3F3"&gt;
&lt;th&gt;CD_LOCALIDADE&lt;/th&gt;
&lt;td&gt;210542700005&lt;/td&gt;
&lt;/tr&gt;&lt;tr bgcolor=""&gt;
&lt;th&gt;NM_LOCALIDADE&lt;/th&gt;
&lt;td&gt;Agrovila do PA Santa Izabel&lt;/td&gt;
&lt;/tr&gt;&lt;tr bgcolor="#E3E3F3"&gt;
&lt;th&gt;LAT_LOCALIDADE&lt;/th&gt;
&lt;td&gt;-4.0331&lt;/td&gt;
&lt;/tr&gt;&lt;tr bgcolor=""&gt;
&lt;th&gt;LONG_LOCALIDADE&lt;/th&gt;
&lt;td&gt;-47.1945&lt;/td&gt;
&lt;/tr&gt;&lt;/table&gt;&lt;/center&gt;</description>
<Style>
<IconStyle>
<color>ff00ff54</color>
<scale>0.8</scale>
<Icon>
<href>http://maps.google.com/mapfiles/kml/shapes/placemark_circle.png</href>
</Icon>
</IconStyle>
<LabelStyle>
<scale>0.8</scale>
</LabelStyle>
<LineStyle>
<color>72ff54ff</color>
<width>1.0</width>
<gx:labelVisibility>1</gx:labelVisibility>
</LineStyle>
<PolyStyle>
<color>66ff54ff</color>
</PolyStyle>
</Style>
<ExtendedData>
<SchemaData schemaUrl="#kml_schema_ft_Povoados">
<SimpleData name="CD_UF">21</SimpleData>
<SimpleData name="NM_UF">Maranhão</SimpleData>
<SimpleData name="SIGLA_UF">MA</SimpleData>
<SimpleData name="CD_MUN">2105427</SimpleData>
<SimpleData name="NM_MUN">Itinga do Maranhão</SimpleData>
<SimpleData name="CD_RGINT">2105</SimpleData>
<SimpleData name="NM_RGINT">Imperatriz</SimpleData>
<SimpleData name="CD_RGI">210021</SimpleData>
<SimpleData name="NM_RGI">Açailândia</SimpleData>
<SimpleData name="CT_LOCALIDADE">Povoado</SimpleData>
<SimpleData name="CD_LOCALIDADE">210542700005</SimpleData>
<SimpleData name="NM_LOCALIDADE">Agrovila do PA Santa Izabel</SimpleData>
<SimpleData name="LAT_LOCALIDADE">-4.0331</SimpleData>
<SimpleData name="LONG_LOCALIDADE">-47.1945</SimpleData>
</SchemaData>
</ExtendedData>
<Point>
<extrude>0</extrude>
<coordinates>-47.1945186826923,-4.03313621140553,0.0</coordinates>
</Point>
</Placemark>
<Placemark id="06. Povoados">
<name>Agrovila do PA Vila Ipanema [210542700006]</name>
<visibility>1</visibility>
<snippet> </snippet>
<description>&lt;center&gt;&lt;table&gt;&lt;tr&gt;&lt;th colspan='2' align='center'&gt;&lt;em&gt;Atributos&lt;/em&gt;&lt;/th&gt;&lt;/tr&gt;&lt;tr bgcolor="#E3E3F3"&gt;
&lt;th&gt;CD_UF&lt;/th&gt;
&lt;td&gt;21&lt;/td&gt;
&lt;/tr&gt;&lt;tr bgcolor=""&gt;
&lt;th&gt;NM_UF&lt;/th&gt;
&lt;td&gt;Maranhão&lt;/td&gt;
&lt;/tr&gt;&lt;tr bgcolor="#E3E3F3"&gt;
&lt;th&gt;SIGLA_UF&lt;/th&gt;
&lt;td&gt;MA&lt;/td&gt;
&lt;/tr&gt;&lt;tr bgcolor=""&gt;
&lt;th&gt;CD_MUN&lt;/th&gt;
&lt;td&gt;2105427&lt;/td&gt;
&lt;/tr&gt;&lt;tr bgcolor="#E3E3F3"&gt;
&lt;th&gt;NM_MUN&lt;/th&gt;
&lt;td&gt;Itinga do Maranhão&lt;/td&gt;
&lt;/tr&gt;&lt;tr bgcolor=""&gt;
&lt;th&gt;CD_RGINT&lt;/th&gt;
&lt;td&gt;2105&lt;/td&gt;
&lt;/tr&gt;&lt;tr bgcolor="#E3E3F3"&gt;
&lt;th&gt;NM_RGINT&lt;/th&gt;
&lt;td&gt;Imperatriz&lt;/td&gt;
&lt;/tr&gt;&lt;tr bgcolor=""&gt;
&lt;th&gt;CD_RGI&lt;/th&gt;
&lt;td&gt;210021&lt;/td&gt;
&lt;/tr&gt;&lt;tr bgcolor="#E3E3F3"&gt;
&lt;th&gt;NM_RGI&lt;/th&gt;
&lt;td&gt;Açailândia&lt;/td&gt;
&lt;/tr&gt;&lt;tr bgcolor=""&gt;
&lt;th&gt;CT_LOCALIDADE&lt;/th&gt;
&lt;td&gt;Povoado&lt;/td&gt;
&lt;/tr&gt;&lt;tr bgcolor="#E3E3F3"&gt;
&lt;th&gt;CD_LOCALIDADE&lt;/th&gt;
&lt;td&gt;210542700006&lt;/td&gt;
&lt;/tr&gt;&lt;tr bgcolor=""&gt;
&lt;th&gt;NM_LOCALIDADE&lt;/th&gt;
&lt;td&gt;Agrovila do PA Vila Ipanema&lt;/td&gt;
&lt;/tr&gt;&lt;tr bgcolor="#E3E3F3"&gt;
&lt;th&gt;LAT_LOCALIDADE&lt;/th&gt;
&lt;td&gt;-3.9635&lt;/td&gt;
&lt;/tr&gt;&lt;tr bgcolor=""&gt;
&lt;th&gt;LONG_LOCALIDADE&lt;/th&gt;
&lt;td&gt;-47.009&lt;/td&gt;
&lt;/tr&gt;&lt;/table&gt;&lt;/center&gt;</description>
<Style>
<IconStyle>
<color>ff00ff54</color>
<scale>0.8</scale>
<Icon>
<href>http://maps.google.com/mapfiles/kml/shapes/placemark_circle.png</href>
</Icon>
</IconStyle>
<LabelStyle>
<scale>0.8</scale>
</LabelStyle>
<LineStyle>
<color>72ff54ff</color>
<width>1.0</width>
<gx:labelVisibility>1</gx:labelVisibility>
</LineStyle>
<PolyStyle>
<color>66ff54ff</color>
</PolyStyle>
</Style>
<ExtendedData>
<SchemaData schemaUrl="#kml_schema_ft_Povoados">
<SimpleData name="CD_UF">21</SimpleData>
<SimpleData name="NM_UF">Maranhão</SimpleData>
<SimpleData name="SIGLA_UF">MA</SimpleData>
<SimpleData name="CD_MUN">2105427</SimpleData>
<SimpleData name="NM_MUN">Itinga do Maranhão</SimpleData>
<SimpleData name="CD_RGINT">2105</SimpleData>
<SimpleData name="NM_RGINT">Imperatriz</SimpleData>
<SimpleData name="CD_RGI">210021</SimpleData>
<SimpleData name="NM_RGI">Açailândia</SimpleData>
<SimpleData name="CT_LOCALIDADE">Povoado</SimpleData>
<SimpleData name="CD_LOCALIDADE">210542700006</SimpleData>
<SimpleData name="NM_LOCALIDADE">Agrovila do PA Vila Ipanema</SimpleData>
<SimpleData name="LAT_LOCALIDADE">-3.9635</SimpleData>
<SimpleData name="LONG_LOCALIDADE">-47.009</SimpleData>
</SchemaData>
</ExtendedData>
<Point>
<extrude>0</extrude>
<coordinates>-47.0089513235294,-3.96353642633992,0.0</coordinates>
</Point>
</Placemark>
<Placemark id="06. Povoados">
<name>Agrovila do PA Vavalândia [210542700007]</name>
<visibility>1</visibility>
<snippet> </snippet>
<description>&lt;center&gt;&lt;table&gt;&lt;tr&gt;&lt;th colspan='2' align='center'&gt;&lt;em&gt;Atributos&lt;/em&gt;&lt;/th&gt;&lt;/tr&gt;&lt;tr bgcolor="#E3E3F3"&gt;
&lt;th&gt;CD_UF&lt;/th&gt;
&lt;td&gt;21&lt;/td&gt;
&lt;/tr&gt;&lt;tr bgcolor=""&gt;
&lt;th&gt;NM_UF&lt;/th&gt;
&lt;td&gt;Maranhão&lt;/td&gt;
&lt;/tr&gt;&lt;tr bgcolor="#E3E3F3"&gt;
&lt;th&gt;SIGLA_UF&lt;/th&gt;
&lt;td&gt;MA&lt;/td&gt;
&lt;/tr&gt;&lt;tr bgcolor=""&gt;
&lt;th&gt;CD_MUN&lt;/th&gt;
&lt;td&gt;2105427&lt;/td&gt;
&lt;/tr&gt;&lt;tr bgcolor="#E3E3F3"&gt;
&lt;th&gt;NM_MUN&lt;/th&gt;
&lt;td&gt;Itinga do Maranhão&lt;/td&gt;
&lt;/tr&gt;&lt;tr bgcolor=""&gt;
&lt;th&gt;CD_RGINT&lt;/th&gt;
&lt;td&gt;2105&lt;/td&gt;
&lt;/tr&gt;&lt;tr bgcolor="#E3E3F3"&gt;
&lt;th&gt;NM_RGINT&lt;/th&gt;
&lt;td&gt;Imperatriz&lt;/td&gt;
&lt;/tr&gt;&lt;tr bgcolor=""&gt;
&lt;th&gt;CD_RGI&lt;/th&gt;
&lt;td&gt;210021&lt;/td&gt;
&lt;/tr&gt;&lt;tr bgcolor="#E3E3F3"&gt;
&lt;th&gt;NM_RGI&lt;/th&gt;
&lt;td&gt;Açailândia&lt;/td&gt;
&lt;/tr&gt;&lt;tr bgcolor=""&gt;
&lt;th&gt;CT_LOCALIDADE&lt;/th&gt;
&lt;td&gt;Povoado&lt;/td&gt;
&lt;/tr&gt;&lt;tr bgcolor="#E3E3F3"&gt;
&lt;th&gt;CD_LOCALIDADE&lt;/th&gt;
&lt;td&gt;210542700007&lt;/td&gt;
&lt;/tr&gt;&lt;tr bgcolor=""&gt;
&lt;th&gt;NM_LOCALIDADE&lt;/th&gt;
&lt;td&gt;Agrovila do PA Vavalândia&lt;/td&gt;
&lt;/tr&gt;&lt;tr bgcolor="#E3E3F3"&gt;
&lt;th&gt;LAT_LOCALIDADE&lt;/th&gt;
&lt;td&gt;-3.8778&lt;/td&gt;
&lt;/tr&gt;&lt;tr bgcolor=""&gt;
&lt;th&gt;LONG_LOCALIDADE&lt;/th&gt;
&lt;td&gt;-47.1017&lt;/td&gt;
&lt;/tr&gt;&lt;/table&gt;&lt;/center&gt;</description>
<Style>
<IconStyle>
<color>ff00ff54</color>
<scale>0.8</scale>
<Icon>
<href>http://maps.google.com/mapfiles/kml/shapes/placemark_circle.png</href>
</Icon>
</IconStyle>
<LabelStyle>
<scale>0.8</scale>
</LabelStyle>
<LineStyle>
<color>72ff54ff</color>
<width>1.0</width>
<gx:labelVisibility>1</gx:labelVisibility>
</LineStyle>
<PolyStyle>
<color>66ff54ff</color>
</PolyStyle>
</Style>
<ExtendedData>
<SchemaData schemaUrl="#kml_schema_ft_Povoados">
<SimpleData name="CD_UF">21</SimpleData>
<SimpleData name="NM_UF">Maranhão</SimpleData>
<SimpleData name="SIGLA_UF">MA</SimpleData>
<SimpleData name="CD_MUN">2105427</SimpleData>
<SimpleData name="NM_MUN">Itinga do Maranhão</SimpleData>
<SimpleData name="CD_RGINT">2105</SimpleData>
<SimpleData name="NM_RGINT">Imperatriz</SimpleData>
<SimpleData name="CD_RGI">210021</SimpleData>
<SimpleData name="NM_RGI">Açailândia</SimpleData>
<SimpleData name="CT_LOCALIDADE">Povoado</SimpleData>
<SimpleData name="CD_LOCALIDADE">210542700007</SimpleData>
<SimpleData name="NM_LOCALIDADE">Agrovila do PA Vavalândia</SimpleData>
<SimpleData name="LAT_LOCALIDADE">-3.8778</SimpleData>
<SimpleData name="LONG_LOCALIDADE">-47.1017</SimpleData>
</SchemaData>
</ExtendedData>
<Point>
<extrude>0</extrude>
<coordinates>-47.1017473009708,-3.87780901281714,0.0</coordinates>
</Point>
</Placemark>
<Placemark id="06. Povoados">
<name>Agrovila do PA Casa Branca [210542700008]</name>
<visibility>1</visibility>
<snippet> </snippet>
<description>&lt;center&gt;&lt;table&gt;&lt;tr&gt;&lt;th colspan='2' align='center'&gt;&lt;em&gt;Atributos&lt;/em&gt;&lt;/th&gt;&lt;/tr&gt;&lt;tr bgcolor="#E3E3F3"&gt;
&lt;th&gt;CD_UF&lt;/th&gt;
&lt;td&gt;21&lt;/td&gt;
&lt;/tr&gt;&lt;tr bgcolor=""&gt;
&lt;th&gt;NM_UF&lt;/th&gt;
&lt;td&gt;Maranhão&lt;/td&gt;
&lt;/tr&gt;&lt;tr bgcolor="#E3E3F3"&gt;
&lt;th&gt;SIGLA_UF&lt;/th&gt;
&lt;td&gt;MA&lt;/td&gt;
&lt;/tr&gt;&lt;tr bgcolor=""&gt;
&lt;th&gt;CD_MUN&lt;/th&gt;
&lt;td&gt;2105427&lt;/td&gt;
&lt;/tr&gt;&lt;tr bgcolor="#E3E3F3"&gt;
&lt;th&gt;NM_MUN&lt;/th&gt;
&lt;td&gt;Itinga do Maranhão&lt;/td&gt;
&lt;/tr&gt;&lt;tr bgcolor=""&gt;
&lt;th&gt;CD_RGINT&lt;/th&gt;
&lt;td&gt;2105&lt;/td&gt;
&lt;/tr&gt;&lt;tr bgcolor="#E3E3F3"&gt;
&lt;th&gt;NM_RGINT&lt;/th&gt;
&lt;td&gt;Imperatriz&lt;/td&gt;
&lt;/tr&gt;&lt;tr bgcolor=""&gt;
&lt;th&gt;CD_RGI&lt;/th&gt;
&lt;td&gt;210021&lt;/td&gt;
&lt;/tr&gt;&lt;tr bgcolor="#E3E3F3"&gt;
&lt;th&gt;NM_RGI&lt;/th&gt;
&lt;td&gt;Açailândia&lt;/td&gt;
&lt;/tr&gt;&lt;tr bgcolor=""&gt;
&lt;th&gt;CT_LOCALIDADE&lt;/th&gt;
&lt;td&gt;Povoado&lt;/td&gt;
&lt;/tr&gt;&lt;tr bgcolor="#E3E3F3"&gt;
&lt;th&gt;CD_LOCALIDADE&lt;/th&gt;
&lt;td&gt;210542700008&lt;/td&gt;
&lt;/tr&gt;&lt;tr bgcolor=""&gt;
&lt;th&gt;NM_LOCALIDADE&lt;/th&gt;
&lt;td&gt;Agrovila do PA Casa Branca&lt;/td&gt;
&lt;/tr&gt;&lt;tr bgcolor="#E3E3F3"&gt;
&lt;th&gt;LAT_LOCALIDADE&lt;/th&gt;
&lt;td&gt;-4.1433&lt;/td&gt;
&lt;/tr&gt;&lt;tr bgcolor=""&gt;
&lt;th&gt;LONG_LOCALIDADE&lt;/th&gt;
&lt;td&gt;-47.1691&lt;/td&gt;
&lt;/tr&gt;&lt;/table&gt;&lt;/center&gt;</description>
<Style>
<IconStyle>
<color>ff00ff54</color>
<scale>0.8</scale>
<Icon>
<href>http://maps.google.com/mapfiles/kml/shapes/placemark_circle.png</href>
</Icon>
</IconStyle>
<LabelStyle>
<scale>0.8</scale>
</LabelStyle>
<LineStyle>
<color>72ff54ff</color>
<width>1.0</width>
<gx:labelVisibility>1</gx:labelVisibility>
</LineStyle>
<PolyStyle>
<color>66ff54ff</color>
</PolyStyle>
</Style>
<ExtendedData>
<SchemaData schemaUrl="#kml_schema_ft_Povoados">
<SimpleData name="CD_UF">21</SimpleData>
<SimpleData name="NM_UF">Maranhão</SimpleData>
<SimpleData name="SIGLA_UF">MA</SimpleData>
<SimpleData name="CD_MUN">2105427</SimpleData>
<SimpleData name="NM_MUN">Itinga do Maranhão</SimpleData>
<SimpleData name="CD_RGINT">2105</SimpleData>
<SimpleData name="NM_RGINT">Imperatriz</SimpleData>
<SimpleData name="CD_RGI">210021</SimpleData>
<SimpleData name="NM_RGI">Açailândia</SimpleData>
<SimpleData name="CT_LOCALIDADE">Povoado</SimpleData>
<SimpleData name="CD_LOCALIDADE">210542700008</SimpleData>
<SimpleData name="NM_LOCALIDADE">Agrovila do PA Casa Branca</SimpleData>
<SimpleData name="LAT_LOCALIDADE">-4.1433</SimpleData>
<SimpleData name="LONG_LOCALIDADE">-47.1691</SimpleData>
</SchemaData>
</ExtendedData>
<Point>
<extrude>0</extrude>
<coordinates>-47.169065675,-4.14326537486346,0.0</coordinates>
</Point>
</Placemark>
<Placemark id="06. Povoados">
<name>Agrovila do PA Açaizal [210542700009]</name>
<visibility>1</visibility>
<snippet> </snippet>
<description>&lt;center&gt;&lt;table&gt;&lt;tr&gt;&lt;th colspan='2' align='center'&gt;&lt;em&gt;Atributos&lt;/em&gt;&lt;/th&gt;&lt;/tr&gt;&lt;tr bgcolor="#E3E3F3"&gt;
&lt;th&gt;CD_UF&lt;/th&gt;
&lt;td&gt;21&lt;/td&gt;
&lt;/tr&gt;&lt;tr bgcolor=""&gt;
&lt;th&gt;NM_UF&lt;/th&gt;
&lt;td&gt;Maranhão&lt;/td&gt;
&lt;/tr&gt;&lt;tr bgcolor="#E3E3F3"&gt;
&lt;th&gt;SIGLA_UF&lt;/th&gt;
&lt;td&gt;MA&lt;/td&gt;
&lt;/tr&gt;&lt;tr bgcolor=""&gt;
&lt;th&gt;CD_MUN&lt;/th&gt;
&lt;td&gt;2105427&lt;/td&gt;
&lt;/tr&gt;&lt;tr bgcolor="#E3E3F3"&gt;
&lt;th&gt;NM_MUN&lt;/th&gt;
&lt;td&gt;Itinga do Maranhão&lt;/td&gt;
&lt;/tr&gt;&lt;tr bgcolor=""&gt;
&lt;th&gt;CD_RGINT&lt;/th&gt;
&lt;td&gt;2105&lt;/td&gt;
&lt;/tr&gt;&lt;tr bgcolor="#E3E3F3"&gt;
&lt;th&gt;NM_RGINT&lt;/th&gt;
&lt;td&gt;Imperatriz&lt;/td&gt;
&lt;/tr&gt;&lt;tr bgcolor=""&gt;
&lt;th&gt;CD_RGI&lt;/th&gt;
&lt;td&gt;210021&lt;/td&gt;
&lt;/tr&gt;&lt;tr bgcolor="#E3E3F3"&gt;
&lt;th&gt;NM_RGI&lt;/th&gt;
&lt;td&gt;Açailândia&lt;/td&gt;
&lt;/tr&gt;&lt;tr bgcolor=""&gt;
&lt;th&gt;CT_LOCALIDADE&lt;/th&gt;
&lt;td&gt;Povoado&lt;/td&gt;
&lt;/tr&gt;&lt;tr bgcolor="#E3E3F3"&gt;
&lt;th&gt;CD_LOCALIDADE&lt;/th&gt;
&lt;td&gt;210542700009&lt;/td&gt;
&lt;/tr&gt;&lt;tr bgcolor=""&gt;
&lt;th&gt;NM_LOCALIDADE&lt;/th&gt;
&lt;td&gt;Agrovila do PA Açaizal&lt;/td&gt;
&lt;/tr&gt;&lt;tr bgcolor="#E3E3F3"&gt;
&lt;th&gt;LAT_LOCALIDADE&lt;/th&gt;
&lt;td&gt;-3.9306&lt;/td&gt;
&lt;/tr&gt;&lt;tr bgcolor=""&gt;
&lt;th&gt;LONG_LOCALIDADE&lt;/th&gt;
&lt;td&gt;-47.0811&lt;/td&gt;
&lt;/tr&gt;&lt;/table&gt;&lt;/center&gt;</description>
<Style>
<IconStyle>
<color>ff00ff54</color>
<scale>0.8</scale>
<Icon>
<href>http://maps.google.com/mapfiles/kml/shapes/placemark_circle.png</href>
</Icon>
</IconStyle>
<LabelStyle>
<scale>0.8</scale>
</LabelStyle>
<LineStyle>
<color>72ff54ff</color>
<width>1.0</width>
<gx:labelVisibility>1</gx:labelVisibility>
</LineStyle>
<PolyStyle>
<color>66ff54ff</color>
</PolyStyle>
</Style>
<ExtendedData>
<SchemaData schemaUrl="#kml_schema_ft_Povoados">
<SimpleData name="CD_UF">21</SimpleData>
<SimpleData name="NM_UF">Maranhão</SimpleData>
<SimpleData name="SIGLA_UF">MA</SimpleData>
<SimpleData name="CD_MUN">2105427</SimpleData>
<SimpleData name="NM_MUN">Itinga do Maranhão</SimpleData>
<SimpleData name="CD_RGINT">2105</SimpleData>
<SimpleData name="NM_RGINT">Imperatriz</SimpleData>
<SimpleData name="CD_RGI">210021</SimpleData>
<SimpleData name="NM_RGI">Açailândia</SimpleData>
<SimpleData name="CT_LOCALIDADE">Povoado</SimpleData>
<SimpleData name="CD_LOCALIDADE">210542700009</SimpleData>
<SimpleData name="NM_LOCALIDADE">Agrovila do PA Açaizal</SimpleData>
<SimpleData name="LAT_LOCALIDADE">-3.9306</SimpleData>
<SimpleData name="LONG_LOCALIDADE">-47.0811</SimpleData>
</SchemaData>
</ExtendedData>
<Point>
<extrude>0</extrude>
<coordinates>-47.0811440566037,-3.93061016968174,0.0</coordinates>
</Point>
</Placemark>
<Placemark id="06. Povoados">
<name>Agrovila do PA União Boa Vista [210542700027]</name>
<visibility>1</visibility>
<snippet> </snippet>
<description>&lt;center&gt;&lt;table&gt;&lt;tr&gt;&lt;th colspan='2' align='center'&gt;&lt;em&gt;Atributos&lt;/em&gt;&lt;/th&gt;&lt;/tr&gt;&lt;tr bgcolor="#E3E3F3"&gt;
&lt;th&gt;CD_UF&lt;/th&gt;
&lt;td&gt;21&lt;/td&gt;
&lt;/tr&gt;&lt;tr bgcolor=""&gt;
&lt;th&gt;NM_UF&lt;/th&gt;
&lt;td&gt;Maranhão&lt;/td&gt;
&lt;/tr&gt;&lt;tr bgcolor="#E3E3F3"&gt;
&lt;th&gt;SIGLA_UF&lt;/th&gt;
&lt;td&gt;MA&lt;/td&gt;
&lt;/tr&gt;&lt;tr bgcolor=""&gt;
&lt;th&gt;CD_MUN&lt;/th&gt;
&lt;td&gt;2105427&lt;/td&gt;
&lt;/tr&gt;&lt;tr bgcolor="#E3E3F3"&gt;
&lt;th&gt;NM_MUN&lt;/th&gt;
&lt;td&gt;Itinga do Maranhão&lt;/td&gt;
&lt;/tr&gt;&lt;tr bgcolor=""&gt;
&lt;th&gt;CD_RGINT&lt;/th&gt;
&lt;td&gt;2105&lt;/td&gt;
&lt;/tr&gt;&lt;tr bgcolor="#E3E3F3"&gt;
&lt;th&gt;NM_RGINT&lt;/th&gt;
&lt;td&gt;Imperatriz&lt;/td&gt;
&lt;/tr&gt;&lt;tr bgcolor=""&gt;
&lt;th&gt;CD_RGI&lt;/th&gt;
&lt;td&gt;210021&lt;/td&gt;
&lt;/tr&gt;&lt;tr bgcolor="#E3E3F3"&gt;
&lt;th&gt;NM_RGI&lt;/th&gt;
&lt;td&gt;Açailândia&lt;/td&gt;
&lt;/tr&gt;&lt;tr bgcolor=""&gt;
&lt;th&gt;CT_LOCALIDADE&lt;/th&gt;
&lt;td&gt;Povoado&lt;/td&gt;
&lt;/tr&gt;&lt;tr bgcolor="#E3E3F3"&gt;
&lt;th&gt;CD_LOCALIDADE&lt;/th&gt;
&lt;td&gt;210542700027&lt;/td&gt;
&lt;/tr&gt;&lt;tr bgcolor=""&gt;
&lt;th&gt;NM_LOCALIDADE&lt;/th&gt;
&lt;td&gt;Agrovila do PA União Boa Vista&lt;/td&gt;
&lt;/tr&gt;&lt;tr bgcolor="#E3E3F3"&gt;
&lt;th&gt;LAT_LOCALIDADE&lt;/th&gt;
&lt;td&gt;-4.1414&lt;/td&gt;
&lt;/tr&gt;&lt;tr bgcolor=""&gt;
&lt;th&gt;LONG_LOCALIDADE&lt;/th&gt;
&lt;td&gt;-47.3315&lt;/td&gt;
&lt;/tr&gt;&lt;/table&gt;&lt;/center&gt;</description>
<Style>
<IconStyle>
<color>ff00ff54</color>
<scale>0.8</scale>
<Icon>
<href>http://maps.google.com/mapfiles/kml/shapes/placemark_circle.png</href>
</Icon>
</IconStyle>
<LabelStyle>
<scale>0.8</scale>
</LabelStyle>
<LineStyle>
<color>72ff54ff</color>
<width>1.0</width>
<gx:labelVisibility>1</gx:labelVisibility>
</LineStyle>
<PolyStyle>
<color>66ff54ff</color>
</PolyStyle>
</Style>
<ExtendedData>
<SchemaData schemaUrl="#kml_schema_ft_Povoados">
<SimpleData name="CD_UF">21</SimpleData>
<SimpleData name="NM_UF">Maranhão</SimpleData>
<SimpleData name="SIGLA_UF">MA</SimpleData>
<SimpleData name="CD_MUN">2105427</SimpleData>
<SimpleData name="NM_MUN">Itinga do Maranhão</SimpleData>
<SimpleData name="CD_RGINT">2105</SimpleData>
<SimpleData name="NM_RGINT">Imperatriz</SimpleData>
<SimpleData name="CD_RGI">210021</SimpleData>
<SimpleData name="NM_RGI">Açailândia</SimpleData>
<SimpleData name="CT_LOCALIDADE">Povoado</SimpleData>
<SimpleData name="CD_LOCALIDADE">210542700027</SimpleData>
<SimpleData name="NM_LOCALIDADE">Agrovila do PA União Boa Vista</SimpleData>
<SimpleData name="LAT_LOCALIDADE">-4.1414</SimpleData>
<SimpleData name="LONG_LOCALIDADE">-47.3315</SimpleData>
</SchemaData>
</ExtendedData>
<Point>
<extrude>0</extrude>
<coordinates>-47.3314858727272,-4.14144752713624,0.0</coordinates>
</Point>
</Placemark>
</Folder>
<Folder id="08. Lugarejos">
<name>08. Lugarejos</name>
<Placemark id="localidades">
<name>Agrovila do PA Vila João Paulo [210542700010]</name>
<visibility>1</visibility>
<snippet> </snippet>
<description>&lt;center&gt;&lt;table&gt;&lt;tr&gt;&lt;th colspan='2' align='center'&gt;&lt;em&gt;Attributes&lt;/em&gt;&lt;/th&gt;&lt;/tr&gt;&lt;tr bgcolor="#E3E3F3"&gt;
&lt;th&gt;CD_UF&lt;/th&gt;
&lt;td&gt;21&lt;/td&gt;
&lt;/tr&gt;&lt;tr bgcolor=""&gt;
&lt;th&gt;NM_UF&lt;/th&gt;
&lt;td&gt;Maranhão&lt;/td&gt;
&lt;/tr&gt;&lt;tr bgcolor="#E3E3F3"&gt;
&lt;th&gt;SIGLA_UF&lt;/th&gt;
&lt;td&gt;MA&lt;/td&gt;
&lt;/tr&gt;&lt;tr bgcolor=""&gt;
&lt;th&gt;CD_MUN&lt;/th&gt;
&lt;td&gt;2105427&lt;/td&gt;
&lt;/tr&gt;&lt;tr bgcolor="#E3E3F3"&gt;
&lt;th&gt;NM_MUN&lt;/th&gt;
&lt;td&gt;Itinga do Maranhão&lt;/td&gt;
&lt;/tr&gt;&lt;tr bgcolor=""&gt;
&lt;th&gt;CD_RGINT&lt;/th&gt;
&lt;td&gt;2105&lt;/td&gt;
&lt;/tr&gt;&lt;tr bgcolor="#E3E3F3"&gt;
&lt;th&gt;NM_RGINT&lt;/th&gt;
&lt;td&gt;Imperatriz&lt;/td&gt;
&lt;/tr&gt;&lt;tr bgcolor=""&gt;
&lt;th&gt;CD_RGI&lt;/th&gt;
&lt;td&gt;210021&lt;/td&gt;
&lt;/tr&gt;&lt;tr bgcolor="#E3E3F3"&gt;
&lt;th&gt;NM_RGI&lt;/th&gt;
&lt;td&gt;Açailândia&lt;/td&gt;
&lt;/tr&gt;&lt;tr bgcolor=""&gt;
&lt;th&gt;CT_LOCALIDADE&lt;/th&gt;
&lt;td&gt;Lugarejo&lt;/td&gt;
&lt;/tr&gt;&lt;tr bgcolor="#E3E3F3"&gt;
&lt;th&gt;CD_LOCALIDADE&lt;/th&gt;
&lt;td&gt;210542700010&lt;/td&gt;
&lt;/tr&gt;&lt;tr bgcolor=""&gt;
&lt;th&gt;NM_LOCALIDADE&lt;/th&gt;
&lt;td&gt;Agrovila do PA Vila João Paulo&lt;/td&gt;
&lt;/tr&gt;&lt;tr bgcolor="#E3E3F3"&gt;
&lt;th&gt;LAT_LOCALIDADE&lt;/th&gt;
&lt;td&gt;-3.8646&lt;/td&gt;
&lt;/tr&gt;&lt;tr bgcolor=""&gt;
&lt;th&gt;LONG_LOCALIDADE&lt;/th&gt;
&lt;td&gt;-47.0976&lt;/td&gt;
&lt;/tr&gt;&lt;/table&gt;&lt;/center&gt;</description>
<Style>
<IconStyle>
<color>ffffff00</color>
<scale>0.8</scale>
<Icon>
<href>http://maps.google.com/mapfiles/kml/shapes/placemark_circle.png</href>
</Icon>
</IconStyle>
<LabelStyle>
<scale>0.8</scale>
</LabelStyle>
<LineStyle>
<color>72ff54ff</color>
<width>1.0</width>
<gx:labelVisibility>1</gx:labelVisibility>
</LineStyle>
<PolyStyle>
<color>66ff54ff</color>
</PolyStyle>
</Style>
<ExtendedData>
<SchemaData schemaUrl="#kml_schema_ft_Lugarejos">
<SimpleData name="CD_UF">21</SimpleData>
<SimpleData name="NM_UF">Maranhão</SimpleData>
<SimpleData name="SIGLA_UF">MA</SimpleData>
<SimpleData name="CD_MUN">2105427</SimpleData>
<SimpleData name="NM_MUN">Itinga do Maranhão</SimpleData>
<SimpleData name="CD_RGINT">2105</SimpleData>
<SimpleData name="NM_RGINT">Imperatriz</SimpleData>
<SimpleData name="CD_RGI">210021</SimpleData>
<SimpleData name="NM_RGI">Açailândia</SimpleData>
<SimpleData name="CT_LOCALIDADE">Lugarejo</SimpleData>
<SimpleData name="CD_LOCALIDADE">210542700010</SimpleData>
<SimpleData name="NM_LOCALIDADE">Agrovila do PA Vila João Paulo</SimpleData>
<SimpleData name="LAT_LOCALIDADE">-3.8646</SimpleData>
<SimpleData name="LONG_LOCALIDADE">-47.0976</SimpleData>
</SchemaData>
</ExtendedData>
<Point>
<extrude>0</extrude>
<coordinates>-47.0976263928571,-3.8645624641583,0.0</coordinates>
</Point>
</Placemark>
<Placemark id="localidades">
<name>Loteamento Tunel [210542700026]</name>
<visibility>1</visibility>
<snippet> </snippet>
<description>&lt;center&gt;&lt;table&gt;&lt;tr&gt;&lt;th colspan='2' align='center'&gt;&lt;em&gt;Attributes&lt;/em&gt;&lt;/th&gt;&lt;/tr&gt;&lt;tr bgcolor="#E3E3F3"&gt;
&lt;th&gt;CD_UF&lt;/th&gt;
&lt;td&gt;21&lt;/td&gt;
&lt;/tr&gt;&lt;tr bgcolor=""&gt;
&lt;th&gt;NM_UF&lt;/th&gt;
&lt;td&gt;Maranhão&lt;/td&gt;
&lt;/tr&gt;&lt;tr bgcolor="#E3E3F3"&gt;
&lt;th&gt;SIGLA_UF&lt;/th&gt;
&lt;td&gt;MA&lt;/td&gt;
&lt;/tr&gt;&lt;tr bgcolor=""&gt;
&lt;th&gt;CD_MUN&lt;/th&gt;
&lt;td&gt;2105427&lt;/td&gt;
&lt;/tr&gt;&lt;tr bgcolor="#E3E3F3"&gt;
&lt;th&gt;NM_MUN&lt;/th&gt;
&lt;td&gt;Itinga do Maranhão&lt;/td&gt;
&lt;/tr&gt;&lt;tr bgcolor=""&gt;
&lt;th&gt;CD_RGINT&lt;/th&gt;
&lt;td&gt;2105&lt;/td&gt;
&lt;/tr&gt;&lt;tr bgcolor="#E3E3F3"&gt;
&lt;th&gt;NM_RGINT&lt;/th&gt;
&lt;td&gt;Imperatriz&lt;/td&gt;
&lt;/tr&gt;&lt;tr bgcolor=""&gt;
&lt;th&gt;CD_RGI&lt;/th&gt;
&lt;td&gt;210021&lt;/td&gt;
&lt;/tr&gt;&lt;tr bgcolor="#E3E3F3"&gt;
&lt;th&gt;NM_RGI&lt;/th&gt;
&lt;td&gt;Açailândia&lt;/td&gt;
&lt;/tr&gt;&lt;tr bgcolor=""&gt;
&lt;th&gt;CT_LOCALIDADE&lt;/th&gt;
&lt;td&gt;Lugarejo&lt;/td&gt;
&lt;/tr&gt;&lt;tr bgcolor="#E3E3F3"&gt;
&lt;th&gt;CD_LOCALIDADE&lt;/th&gt;
&lt;td&gt;210542700026&lt;/td&gt;
&lt;/tr&gt;&lt;tr bgcolor=""&gt;
&lt;th&gt;NM_LOCALIDADE&lt;/th&gt;
&lt;td&gt;Loteamento Tunel&lt;/td&gt;
&lt;/tr&gt;&lt;tr bgcolor="#E3E3F3"&gt;
&lt;th&gt;LAT_LOCALIDADE&lt;/th&gt;
&lt;td&gt;-4.5511&lt;/td&gt;
&lt;/tr&gt;&lt;tr bgcolor=""&gt;
&lt;th&gt;LONG_LOCALIDADE&lt;/th&gt;
&lt;td&gt;-47.4921&lt;/td&gt;
&lt;/tr&gt;&lt;/table&gt;&lt;/center&gt;</description>
<Style>
<IconStyle>
<color>ffffff00</color>
<scale>0.8</scale>
<Icon>
<href>http://maps.google.com/mapfiles/kml/shapes/placemark_circle.png</href>
</Icon>
</IconStyle>
<LabelStyle>
<scale>0.8</scale>
</LabelStyle>
<LineStyle>
<color>72ff54ff</color>
<width>1.0</width>
<gx:labelVisibility>1</gx:labelVisibility>
</LineStyle>
<PolyStyle>
<color>66ff54ff</color>
</PolyStyle>
</Style>
<ExtendedData>
<SchemaData schemaUrl="#kml_schema_ft_Lugarejos">
<SimpleData name="CD_UF">21</SimpleData>
<SimpleData name="NM_UF">Maranhão</SimpleData>
<SimpleData name="SIGLA_UF">MA</SimpleData>
<SimpleData name="CD_MUN">2105427</SimpleData>
<SimpleData name="NM_MUN">Itinga do Maranhão</SimpleData>
<SimpleData name="CD_RGINT">2105</SimpleData>
<SimpleData name="NM_RGINT">Imperatriz</SimpleData>
<SimpleData name="CD_RGI">210021</SimpleData>
<SimpleData name="NM_RGI">Açailândia</SimpleData>
<SimpleData name="CT_LOCALIDADE">Lugarejo</SimpleData>
<SimpleData name="CD_LOCALIDADE">210542700026</SimpleData>
<SimpleData name="NM_LOCALIDADE">Loteamento Tunel</SimpleData>
<SimpleData name="LAT_LOCALIDADE">-4.5511</SimpleData>
<SimpleData name="LONG_LOCALIDADE">-47.4921</SimpleData>
</SchemaData>
</ExtendedData>
<Point>
<extrude>0</extrude>
<coordinates>-47.4921342307692,-4.55108190754243,0.0</coordinates>
</Point>
</Placemark>
</Folder>
<Folder id="11. Agrovilas do PA">
<name>11. Agrovilas do PA</name>
<Placemark id="localidades">
<name>Agrovila do PA Cajuapara [210542700001]</name>
<visibility>1</visibility>
<snippet> </snippet>
<description>&lt;center&gt;&lt;table&gt;&lt;tr&gt;&lt;th colspan='2' align='center'&gt;&lt;em&gt;Attributes&lt;/em&gt;&lt;/th&gt;&lt;/tr&gt;&lt;tr bgcolor="#E3E3F3"&gt;
&lt;th&gt;CD_UF&lt;/th&gt;
&lt;td&gt;21&lt;/td&gt;
&lt;/tr&gt;&lt;tr bgcolor=""&gt;
&lt;th&gt;NM_UF&lt;/th&gt;
&lt;td&gt;Maranhão&lt;/td&gt;
&lt;/tr&gt;&lt;tr bgcolor="#E3E3F3"&gt;
&lt;th&gt;SIGLA_UF&lt;/th&gt;
&lt;td&gt;MA&lt;/td&gt;
&lt;/tr&gt;&lt;tr bgcolor=""&gt;
&lt;th&gt;CD_MUN&lt;/th&gt;
&lt;td&gt;2105427&lt;/td&gt;
&lt;/tr&gt;&lt;tr bgcolor="#E3E3F3"&gt;
&lt;th&gt;NM_MUN&lt;/th&gt;
&lt;td&gt;Itinga do Maranhão&lt;/td&gt;
&lt;/tr&gt;&lt;tr bgcolor=""&gt;
&lt;th&gt;CD_RGINT&lt;/th&gt;
&lt;td&gt;2105&lt;/td&gt;
&lt;/tr&gt;&lt;tr bgcolor="#E3E3F3"&gt;
&lt;th&gt;NM_RGINT&lt;/th&gt;
&lt;td&gt;Imperatriz&lt;/td&gt;
&lt;/tr&gt;&lt;tr bgcolor=""&gt;
&lt;th&gt;CD_RGI&lt;/th&gt;
&lt;td&gt;210021&lt;/td&gt;
&lt;/tr&gt;&lt;tr bgcolor="#E3E3F3"&gt;
&lt;th&gt;NM_RGI&lt;/th&gt;
&lt;td&gt;Açailândia&lt;/td&gt;
&lt;/tr&gt;&lt;tr bgcolor=""&gt;
&lt;th&gt;CT_LOCALIDADE&lt;/th&gt;
&lt;td&gt;Agrovila do PA&lt;/td&gt;
&lt;/tr&gt;&lt;tr bgcolor="#E3E3F3"&gt;
&lt;th&gt;CD_LOCALIDADE&lt;/th&gt;
&lt;td&gt;210542700001&lt;/td&gt;
&lt;/tr&gt;&lt;tr bgcolor=""&gt;
&lt;th&gt;NM_LOCALIDADE&lt;/th&gt;
&lt;td&gt;Agrovila do PA Cajuapara&lt;/td&gt;
&lt;/tr&gt;&lt;tr bgcolor="#E3E3F3"&gt;
&lt;th&gt;LAT_LOCALIDADE&lt;/th&gt;
&lt;td&gt;-4.5637&lt;/td&gt;
&lt;/tr&gt;&lt;tr bgcolor=""&gt;
&lt;th&gt;LONG_LOCALIDADE&lt;/th&gt;
&lt;td&gt;-47.4906&lt;/td&gt;
&lt;/tr&gt;&lt;/table&gt;&lt;/center&gt;</description>
<Style>
<IconStyle>
<color>ff00aaff</color>
<scale>0.8</scale>
<Icon>
<href>http://maps.google.com/mapfiles/kml/shapes/placemark_circle.png</href>
</Icon>
</IconStyle>
<LabelStyle>
<scale>0.8</scale>
</LabelStyle>
<LineStyle>
<color>7200ffff</color>
<width>1.0</width>
<gx:labelVisibility>1</gx:labelVisibility>
</LineStyle>
<PolyStyle>
<color>6600ffff</color>
</PolyStyle>
</Style>
<ExtendedData>
<SchemaData schemaUrl="#kml_schema_ft_Agrovilas_do_PA">
<SimpleData name="CD_UF">21</SimpleData>
<SimpleData name="NM_UF">Maranhão</SimpleData>
<SimpleData name="SIGLA_UF">MA</SimpleData>
<SimpleData name="CD_MUN">2105427</SimpleData>
<SimpleData name="NM_MUN">Itinga do Maranhão</SimpleData>
<SimpleData name="CD_RGINT">2105</SimpleData>
<SimpleData name="NM_RGINT">Imperatriz</SimpleData>
<SimpleData name="CD_RGI">210021</SimpleData>
<SimpleData name="NM_RGI">Açailândia</SimpleData>
<SimpleData name="CT_LOCALIDADE">Agrovila do PA</SimpleData>
<SimpleData name="CD_LOCALIDADE">210542700001</SimpleData>
<SimpleData name="NM_LOCALIDADE">Agrovila do PA Cajuapara</SimpleData>
<SimpleData name="LAT_LOCALIDADE">-4.5637</SimpleData>
<SimpleData name="LONG_LOCALIDADE">-47.4906</SimpleData>
</SchemaData>
</ExtendedData>
<Point>
<extrude>0</extrude>
<coordinates>-47.4905975235457,-4.56367957879708,0.0</coordinates>
</Point>
</Placemark>
<Placemark id="localidades">
<name>Agrovila do PA Vila Bandeirante [210542700003]</name>
<visibility>1</visibility>
<snippet> </snippet>
<description>&lt;center&gt;&lt;table&gt;&lt;tr&gt;&lt;th colspan='2' align='center'&gt;&lt;em&gt;Attributes&lt;/em&gt;&lt;/th&gt;&lt;/tr&gt;&lt;tr bgcolor="#E3E3F3"&gt;
&lt;th&gt;CD_UF&lt;/th&gt;
&lt;td&gt;21&lt;/td&gt;
&lt;/tr&gt;&lt;tr bgcolor=""&gt;
&lt;th&gt;NM_UF&lt;/th&gt;
&lt;td&gt;Maranhão&lt;/td&gt;
&lt;/tr&gt;&lt;tr bgcolor="#E3E3F3"&gt;
&lt;th&gt;SIGLA_UF&lt;/th&gt;
&lt;td&gt;MA&lt;/td&gt;
&lt;/tr&gt;&lt;tr bgcolor=""&gt;
&lt;th&gt;CD_MUN&lt;/th&gt;
&lt;td&gt;2105427&lt;/td&gt;
&lt;/tr&gt;&lt;tr bgcolor="#E3E3F3"&gt;
&lt;th&gt;NM_MUN&lt;/th&gt;
&lt;td&gt;Itinga do Maranhão&lt;/td&gt;
&lt;/tr&gt;&lt;tr bgcolor=""&gt;
&lt;th&gt;CD_RGINT&lt;/th&gt;
&lt;td&gt;2105&lt;/td&gt;
&lt;/tr&gt;&lt;tr bgcolor="#E3E3F3"&gt;
&lt;th&gt;NM_RGINT&lt;/th&gt;
&lt;td&gt;Imperatriz&lt;/td&gt;
&lt;/tr&gt;&lt;tr bgcolor=""&gt;
&lt;th&gt;CD_RGI&lt;/th&gt;
&lt;td&gt;210021&lt;/td&gt;
&lt;/tr&gt;&lt;tr bgcolor="#E3E3F3"&gt;
&lt;th&gt;NM_RGI&lt;/th&gt;
&lt;td&gt;Açailândia&lt;/td&gt;
&lt;/tr&gt;&lt;tr bgcolor=""&gt;
&lt;th&gt;CT_LOCALIDADE&lt;/th&gt;
&lt;td&gt;Agrovila do PA&lt;/td&gt;
&lt;/tr&gt;&lt;tr bgcolor="#E3E3F3"&gt;
&lt;th&gt;CD_LOCALIDADE&lt;/th&gt;
&lt;td&gt;210542700003&lt;/td&gt;
&lt;/tr&gt;&lt;tr bgcolor=""&gt;
&lt;th&gt;NM_LOCALIDADE&lt;/th&gt;
&lt;td&gt;Agrovila do PA Vila Bandeirante&lt;/td&gt;
&lt;/tr&gt;&lt;tr bgcolor="#E3E3F3"&gt;
&lt;th&gt;LAT_LOCALIDADE&lt;/th&gt;
&lt;td&gt;-4.0922&lt;/td&gt;
&lt;/tr&gt;&lt;tr bgcolor=""&gt;
&lt;th&gt;LONG_LOCALIDADE&lt;/th&gt;
&lt;td&gt;-47.2849&lt;/td&gt;
&lt;/tr&gt;&lt;/table&gt;&lt;/center&gt;</description>
<Style>
<IconStyle>
<color>ff00aaff</color>
<scale>0.8</scale>
<Icon>
<href>http://maps.google.com/mapfiles/kml/shapes/placemark_circle.png</href>
</Icon>
</IconStyle>
<LabelStyle>
<scale>0.8</scale>
</LabelStyle>
<LineStyle>
<color>7200ffff</color>
<width>1.0</width>
<gx:labelVisibility>1</gx:labelVisibility>
</LineStyle>
<PolyStyle>
<color>6600ffff</color>
</PolyStyle>
</Style>
<ExtendedData>
<SchemaData schemaUrl="#kml_schema_ft_Agrovilas_do_PA">
<SimpleData name="CD_UF">21</SimpleData>
<SimpleData name="NM_UF">Maranhão</SimpleData>
<SimpleData name="SIGLA_UF">MA</SimpleData>
<SimpleData name="CD_MUN">2105427</SimpleData>
<SimpleData name="NM_MUN">Itinga do Maranhão</SimpleData>
<SimpleData name="CD_RGINT">2105</SimpleData>
<SimpleData name="NM_RGINT">Imperatriz</SimpleData>
<SimpleData name="CD_RGI">210021</SimpleData>
<SimpleData name="NM_RGI">Açailândia</SimpleData>
<SimpleData name="CT_LOCALIDADE">Agrovila do PA</SimpleData>
<SimpleData name="CD_LOCALIDADE">210542700003</SimpleData>
<SimpleData name="NM_LOCALIDADE">Agrovila do PA Vila Bandeirante</SimpleData>
<SimpleData name="LAT_LOCALIDADE">-4.0922</SimpleData>
<SimpleData name="LONG_LOCALIDADE">-47.2849</SimpleData>
</SchemaData>
</ExtendedData>
<Point>
<extrude>0</extrude>
<coordinates>-47.2848658815789,-4.09224388144407,0.0</coordinates>
</Point>
</Placemark>
<Placemark id="localidades">
<name>Agrovila do PA Água Fria [210542700004]</name>
<visibility>1</visibility>
<snippet> </snippet>
<description>&lt;center&gt;&lt;table&gt;&lt;tr&gt;&lt;th colspan='2' align='center'&gt;&lt;em&gt;Attributes&lt;/em&gt;&lt;/th&gt;&lt;/tr&gt;&lt;tr bgcolor="#E3E3F3"&gt;
&lt;th&gt;CD_UF&lt;/th&gt;
&lt;td&gt;21&lt;/td&gt;
&lt;/tr&gt;&lt;tr bgcolor=""&gt;
&lt;th&gt;NM_UF&lt;/th&gt;
&lt;td&gt;Maranhão&lt;/td&gt;
&lt;/tr&gt;&lt;tr bgcolor="#E3E3F3"&gt;
&lt;th&gt;SIGLA_UF&lt;/th&gt;
&lt;td&gt;MA&lt;/td&gt;
&lt;/tr&gt;&lt;tr bgcolor=""&gt;
&lt;th&gt;CD_MUN&lt;/th&gt;
&lt;td&gt;2105427&lt;/td&gt;
&lt;/tr&gt;&lt;tr bgcolor="#E3E3F3"&gt;
&lt;th&gt;NM_MUN&lt;/th&gt;
&lt;td&gt;Itinga do Maranhão&lt;/td&gt;
&lt;/tr&gt;&lt;tr bgcolor=""&gt;
&lt;th&gt;CD_RGINT&lt;/th&gt;
&lt;td&gt;2105&lt;/td&gt;
&lt;/tr&gt;&lt;tr bgcolor="#E3E3F3"&gt;
&lt;th&gt;NM_RGINT&lt;/th&gt;
&lt;td&gt;Imperatriz&lt;/td&gt;
&lt;/tr&gt;&lt;tr bgcolor=""&gt;
&lt;th&gt;CD_RGI&lt;/th&gt;
&lt;td&gt;210021&lt;/td&gt;
&lt;/tr&gt;&lt;tr bgcolor="#E3E3F3"&gt;
&lt;th&gt;NM_RGI&lt;/th&gt;
&lt;td&gt;Açailândia&lt;/td&gt;
&lt;/tr&gt;&lt;tr bgcolor=""&gt;
&lt;th&gt;CT_LOCALIDADE&lt;/th&gt;
&lt;td&gt;Agrovila do PA&lt;/td&gt;
&lt;/tr&gt;&lt;tr bgcolor="#E3E3F3"&gt;
&lt;th&gt;CD_LOCALIDADE&lt;/th&gt;
&lt;td&gt;210542700004&lt;/td&gt;
&lt;/tr&gt;&lt;tr bgcolor=""&gt;
&lt;th&gt;NM_LOCALIDADE&lt;/th&gt;
&lt;td&gt;Agrovila do PA Água Fria&lt;/td&gt;
&lt;/tr&gt;&lt;tr bgcolor="#E3E3F3"&gt;
&lt;th&gt;LAT_LOCALIDADE&lt;/th&gt;
&lt;td&gt;-4.0852&lt;/td&gt;
&lt;/tr&gt;&lt;tr bgcolor=""&gt;
&lt;th&gt;LONG_LOCALIDADE&lt;/th&gt;
&lt;td&gt;-47.2468&lt;/td&gt;
&lt;/tr&gt;&lt;/table&gt;&lt;/center&gt;</description>
<Style>
<IconStyle>
<color>ff00aaff</color>
<scale>0.8</scale>
<Icon>
<href>http://maps.google.com/mapfiles/kml/shapes/placemark_circle.png</href>
</Icon>
</IconStyle>
<LabelStyle>
<scale>0.8</scale>
</LabelStyle>
<LineStyle>
<color>7200ffff</color>
<width>1.0</width>
<gx:labelVisibility>1</gx:labelVisibility>
</LineStyle>
<PolyStyle>
<color>6600ffff</color>
</PolyStyle>
</Style>
<ExtendedData>
<SchemaData schemaUrl="#kml_schema_ft_Agrovilas_do_PA">
<SimpleData name="CD_UF">21</SimpleData>
<SimpleData name="NM_UF">Maranhão</SimpleData>
<SimpleData name="SIGLA_UF">MA</SimpleData>
<SimpleData name="CD_MUN">2105427</SimpleData>
<SimpleData name="NM_MUN">Itinga do Maranhão</SimpleData>
<SimpleData name="CD_RGINT">2105</SimpleData>
<SimpleData name="NM_RGINT">Imperatriz</SimpleData>
<SimpleData name="CD_RGI">210021</SimpleData>
<SimpleData name="NM_RGI">Açailândia</SimpleData>
<SimpleData name="CT_LOCALIDADE">Agrovila do PA</SimpleData>
<SimpleData name="CD_LOCALIDADE">210542700004</SimpleData>
<SimpleData name="NM_LOCALIDADE">Agrovila do PA Água Fria</SimpleData>
<SimpleData name="LAT_LOCALIDADE">-4.0852</SimpleData>
<SimpleData name="LONG_LOCALIDADE">-47.2468</SimpleData>
</SchemaData>
</ExtendedData>
<Point>
<extrude>0</extrude>
<coordinates>-47.2468493896104,-4.0852140388264,0.0</coordinates>
</Point>
</Placemark>
<Placemark id="localidades">
<name>Agrovila do PA Santa Izabel [210542700005]</name>
<visibility>1</visibility>
<snippet> </snippet>
<description>&lt;center&gt;&lt;table&gt;&lt;tr&gt;&lt;th colspan='2' align='center'&gt;&lt;em&gt;Attributes&lt;/em&gt;&lt;/th&gt;&lt;/tr&gt;&lt;tr bgcolor="#E3E3F3"&gt;
&lt;th&gt;CD_UF&lt;/th&gt;
&lt;td&gt;21&lt;/td&gt;
&lt;/tr&gt;&lt;tr bgcolor=""&gt;
&lt;th&gt;NM_UF&lt;/th&gt;
&lt;td&gt;Maranhão&lt;/td&gt;
&lt;/tr&gt;&lt;tr bgcolor="#E3E3F3"&gt;
&lt;th&gt;SIGLA_UF&lt;/th&gt;
&lt;td&gt;MA&lt;/td&gt;
&lt;/tr&gt;&lt;tr bgcolor=""&gt;
&lt;th&gt;CD_MUN&lt;/th&gt;
&lt;td&gt;2105427&lt;/td&gt;
&lt;/tr&gt;&lt;tr bgcolor="#E3E3F3"&gt;
&lt;th&gt;NM_MUN&lt;/th&gt;
&lt;td&gt;Itinga do Maranhão&lt;/td&gt;
&lt;/tr&gt;&lt;tr bgcolor=""&gt;
&lt;th&gt;CD_RGINT&lt;/th&gt;
&lt;td&gt;2105&lt;/td&gt;
&lt;/tr&gt;&lt;tr bgcolor="#E3E3F3"&gt;
&lt;th&gt;NM_RGINT&lt;/th&gt;
&lt;td&gt;Imperatriz&lt;/td&gt;
&lt;/tr&gt;&lt;tr bgcolor=""&gt;
&lt;th&gt;CD_RGI&lt;/th&gt;
&lt;td&gt;210021&lt;/td&gt;
&lt;/tr&gt;&lt;tr bgcolor="#E3E3F3"&gt;
&lt;th&gt;NM_RGI&lt;/th&gt;
&lt;td&gt;Açailândia&lt;/td&gt;
&lt;/tr&gt;&lt;tr bgcolor=""&gt;
&lt;th&gt;CT_LOCALIDADE&lt;/th&gt;
&lt;td&gt;Agrovila do PA&lt;/td&gt;
&lt;/tr&gt;&lt;tr bgcolor="#E3E3F3"&gt;
&lt;th&gt;CD_LOCALIDADE&lt;/th&gt;
&lt;td&gt;210542700005&lt;/td&gt;
&lt;/tr&gt;&lt;tr bgcolor=""&gt;
&lt;th&gt;NM_LOCALIDADE&lt;/th&gt;
&lt;td&gt;Agrovila do PA Santa Izabel&lt;/td&gt;
&lt;/tr&gt;&lt;tr bgcolor="#E3E3F3"&gt;
&lt;th&gt;LAT_LOCALIDADE&lt;/th&gt;
&lt;td&gt;-4.0331&lt;/td&gt;
&lt;/tr&gt;&lt;tr bgcolor=""&gt;
&lt;th&gt;LONG_LOCALIDADE&lt;/th&gt;
&lt;td&gt;-47.1945&lt;/td&gt;
&lt;/tr&gt;&lt;/table&gt;&lt;/center&gt;</description>
<Style>
<IconStyle>
<color>ff00aaff</color>
<scale>0.8</scale>
<Icon>
<href>http://maps.google.com/mapfiles/kml/shapes/placemark_circle.png</href>
</Icon>
</IconStyle>
<LabelStyle>
<scale>0.8</scale>
</LabelStyle>
<LineStyle>
<color>7200ffff</color>
<width>1.0</width>
<gx:labelVisibility>1</gx:labelVisibility>
</LineStyle>
<PolyStyle>
<color>6600ffff</color>
</PolyStyle>
</Style>
<ExtendedData>
<SchemaData schemaUrl="#kml_schema_ft_Agrovilas_do_PA">
<SimpleData name="CD_UF">21</SimpleData>
<SimpleData name="NM_UF">Maranhão</SimpleData>
<SimpleData name="SIGLA_UF">MA</SimpleData>
<SimpleData name="CD_MUN">2105427</SimpleData>
<SimpleData name="NM_MUN">Itinga do Maranhão</SimpleData>
<SimpleData name="CD_RGINT">2105</SimpleData>
<SimpleData name="NM_RGINT">Imperatriz</SimpleData>
<SimpleData name="CD_RGI">210021</SimpleData>
<SimpleData name="NM_RGI">Açailândia</SimpleData>
<SimpleData name="CT_LOCALIDADE">Agrovila do PA</SimpleData>
<SimpleData name="CD_LOCALIDADE">210542700005</SimpleData>
<SimpleData name="NM_LOCALIDADE">Agrovila do PA Santa Izabel</SimpleData>
<SimpleData name="LAT_LOCALIDADE">-4.0331</SimpleData>
<SimpleData name="LONG_LOCALIDADE">-47.1945</SimpleData>
</SchemaData>
</ExtendedData>
<Point>
<extrude>0</extrude>
<coordinates>-47.1945186826923,-4.03313621140553,0.0</coordinates>
</Point>
</Placemark>
<Placemark id="localidades">
<name>Agrovila do PA Vila Ipanema [210542700006]</name>
<visibility>1</visibility>
<snippet> </snippet>
<description>&lt;center&gt;&lt;table&gt;&lt;tr&gt;&lt;th colspan='2' align='center'&gt;&lt;em&gt;Attributes&lt;/em&gt;&lt;/th&gt;&lt;/tr&gt;&lt;tr bgcolor="#E3E3F3"&gt;
&lt;th&gt;CD_UF&lt;/th&gt;
&lt;td&gt;21&lt;/td&gt;
&lt;/tr&gt;&lt;tr bgcolor=""&gt;
&lt;th&gt;NM_UF&lt;/th&gt;
&lt;td&gt;Maranhão&lt;/td&gt;
&lt;/tr&gt;&lt;tr bgcolor="#E3E3F3"&gt;
&lt;th&gt;SIGLA_UF&lt;/th&gt;
&lt;td&gt;MA&lt;/td&gt;
&lt;/tr&gt;&lt;tr bgcolor=""&gt;
&lt;th&gt;CD_MUN&lt;/th&gt;
&lt;td&gt;2105427&lt;/td&gt;
&lt;/tr&gt;&lt;tr bgcolor="#E3E3F3"&gt;
&lt;th&gt;NM_MUN&lt;/th&gt;
&lt;td&gt;Itinga do Maranhão&lt;/td&gt;
&lt;/tr&gt;&lt;tr bgcolor=""&gt;
&lt;th&gt;CD_RGINT&lt;/th&gt;
&lt;td&gt;2105&lt;/td&gt;
&lt;/tr&gt;&lt;tr bgcolor="#E3E3F3"&gt;
&lt;th&gt;NM_RGINT&lt;/th&gt;
&lt;td&gt;Imperatriz&lt;/td&gt;
&lt;/tr&gt;&lt;tr bgcolor=""&gt;
&lt;th&gt;CD_RGI&lt;/th&gt;
&lt;td&gt;210021&lt;/td&gt;
&lt;/tr&gt;&lt;tr bgcolor="#E3E3F3"&gt;
&lt;th&gt;NM_RGI&lt;/th&gt;
&lt;td&gt;Açailândia&lt;/td&gt;
&lt;/tr&gt;&lt;tr bgcolor=""&gt;
&lt;th&gt;CT_LOCALIDADE&lt;/th&gt;
&lt;td&gt;Agrovila do PA&lt;/td&gt;
&lt;/tr&gt;&lt;tr bgcolor="#E3E3F3"&gt;
&lt;th&gt;CD_LOCALIDADE&lt;/th&gt;
&lt;td&gt;210542700006&lt;/td&gt;
&lt;/tr&gt;&lt;tr bgcolor=""&gt;
&lt;th&gt;NM_LOCALIDADE&lt;/th&gt;
&lt;td&gt;Agrovila do PA Vila Ipanema&lt;/td&gt;
&lt;/tr&gt;&lt;tr bgcolor="#E3E3F3"&gt;
&lt;th&gt;LAT_LOCALIDADE&lt;/th&gt;
&lt;td&gt;-3.9635&lt;/td&gt;
&lt;/tr&gt;&lt;tr bgcolor=""&gt;
&lt;th&gt;LONG_LOCALIDADE&lt;/th&gt;
&lt;td&gt;-47.009&lt;/td&gt;
&lt;/tr&gt;&lt;/table&gt;&lt;/center&gt;</description>
<Style>
<IconStyle>
<color>ff00aaff</color>
<scale>0.8</scale>
<Icon>
<href>http://maps.google.com/mapfiles/kml/shapes/placemark_circle.png</href>
</Icon>
</IconStyle>
<LabelStyle>
<scale>0.8</scale>
</LabelStyle>
<LineStyle>
<color>7200ffff</color>
<width>1.0</width>
<gx:labelVisibility>1</gx:labelVisibility>
</LineStyle>
<PolyStyle>
<color>6600ffff</color>
</PolyStyle>
</Style>
<ExtendedData>
<SchemaData schemaUrl="#kml_schema_ft_Agrovilas_do_PA">
<SimpleData name="CD_UF">21</SimpleData>
<SimpleData name="NM_UF">Maranhão</SimpleData>
<SimpleData name="SIGLA_UF">MA</SimpleData>
<SimpleData name="CD_MUN">2105427</SimpleData>
<SimpleData name="NM_MUN">Itinga do Maranhão</SimpleData>
<SimpleData name="CD_RGINT">2105</SimpleData>
<SimpleData name="NM_RGINT">Imperatriz</SimpleData>
<SimpleData name="CD_RGI">210021</SimpleData>
<SimpleData name="NM_RGI">Açailândia</SimpleData>
<SimpleData name="CT_LOCALIDADE">Agrovila do PA</SimpleData>
<SimpleData name="CD_LOCALIDADE">210542700006</SimpleData>
<SimpleData name="NM_LOCALIDADE">Agrovila do PA Vila Ipanema</SimpleData>
<SimpleData name="LAT_LOCALIDADE">-3.9635</SimpleData>
<SimpleData name="LONG_LOCALIDADE">-47.009</SimpleData>
</SchemaData>
</ExtendedData>
<Point>
<extrude>0</extrude>
<coordinates>-47.0089513235294,-3.96353642633992,0.0</coordinates>
</Point>
</Placemark>
<Placemark id="localidades">
<name>Agrovila do PA Vavalândia [210542700007]</name>
<visibility>1</visibility>
<snippet> </snippet>
<description>&lt;center&gt;&lt;table&gt;&lt;tr&gt;&lt;th colspan='2' align='center'&gt;&lt;em&gt;Attributes&lt;/em&gt;&lt;/th&gt;&lt;/tr&gt;&lt;tr bgcolor="#E3E3F3"&gt;
&lt;th&gt;CD_UF&lt;/th&gt;
&lt;td&gt;21&lt;/td&gt;
&lt;/tr&gt;&lt;tr bgcolor=""&gt;
&lt;th&gt;NM_UF&lt;/th&gt;
&lt;td&gt;Maranhão&lt;/td&gt;
&lt;/tr&gt;&lt;tr bgcolor="#E3E3F3"&gt;
&lt;th&gt;SIGLA_UF&lt;/th&gt;
&lt;td&gt;MA&lt;/td&gt;
&lt;/tr&gt;&lt;tr bgcolor=""&gt;
&lt;th&gt;CD_MUN&lt;/th&gt;
&lt;td&gt;2105427&lt;/td&gt;
&lt;/tr&gt;&lt;tr bgcolor="#E3E3F3"&gt;
&lt;th&gt;NM_MUN&lt;/th&gt;
&lt;td&gt;Itinga do Maranhão&lt;/td&gt;
&lt;/tr&gt;&lt;tr bgcolor=""&gt;
&lt;th&gt;CD_RGINT&lt;/th&gt;
&lt;td&gt;2105&lt;/td&gt;
&lt;/tr&gt;&lt;tr bgcolor="#E3E3F3"&gt;
&lt;th&gt;NM_RGINT&lt;/th&gt;
&lt;td&gt;Imperatriz&lt;/td&gt;
&lt;/tr&gt;&lt;tr bgcolor=""&gt;
&lt;th&gt;CD_RGI&lt;/th&gt;
&lt;td&gt;210021&lt;/td&gt;
&lt;/tr&gt;&lt;tr bgcolor="#E3E3F3"&gt;
&lt;th&gt;NM_RGI&lt;/th&gt;
&lt;td&gt;Açailândia&lt;/td&gt;
&lt;/tr&gt;&lt;tr bgcolor=""&gt;
&lt;th&gt;CT_LOCALIDADE&lt;/th&gt;
&lt;td&gt;Agrovila do PA&lt;/td&gt;
&lt;/tr&gt;&lt;tr bgcolor="#E3E3F3"&gt;
&lt;th&gt;CD_LOCALIDADE&lt;/th&gt;
&lt;td&gt;210542700007&lt;/td&gt;
&lt;/tr&gt;&lt;tr bgcolor=""&gt;
&lt;th&gt;NM_LOCALIDADE&lt;/th&gt;
&lt;td&gt;Agrovila do PA Vavalândia&lt;/td&gt;
&lt;/tr&gt;&lt;tr bgcolor="#E3E3F3"&gt;
&lt;th&gt;LAT_LOCALIDADE&lt;/th&gt;
&lt;td&gt;-3.8778&lt;/td&gt;
&lt;/tr&gt;&lt;tr bgcolor=""&gt;
&lt;th&gt;LONG_LOCALIDADE&lt;/th&gt;
&lt;td&gt;-47.1017&lt;/td&gt;
&lt;/tr&gt;&lt;/table&gt;&lt;/center&gt;</description>
<Style>
<IconStyle>
<color>ff00aaff</color>
<scale>0.8</scale>
<Icon>
<href>http://maps.google.com/mapfiles/kml/shapes/placemark_circle.png</href>
</Icon>
</IconStyle>
<LabelStyle>
<scale>0.8</scale>
</LabelStyle>
<LineStyle>
<color>7200ffff</color>
<width>1.0</width>
<gx:labelVisibility>1</gx:labelVisibility>
</LineStyle>
<PolyStyle>
<color>6600ffff</color>
</PolyStyle>
</Style>
<ExtendedData>
<SchemaData schemaUrl="#kml_schema_ft_Agrovilas_do_PA">
<SimpleData name="CD_UF">21</SimpleData>
<SimpleData name="NM_UF">Maranhão</SimpleData>
<SimpleData name="SIGLA_UF">MA</SimpleData>
<SimpleData name="CD_MUN">2105427</SimpleData>
<SimpleData name="NM_MUN">Itinga do Maranhão</SimpleData>
<SimpleData name="CD_RGINT">2105</SimpleData>
<SimpleData name="NM_RGINT">Imperatriz</SimpleData>
<SimpleData name="CD_RGI">210021</SimpleData>
<SimpleData name="NM_RGI">Açailândia</SimpleData>
<SimpleData name="CT_LOCALIDADE">Agrovila do PA</SimpleData>
<SimpleData name="CD_LOCALIDADE">210542700007</SimpleData>
<SimpleData name="NM_LOCALIDADE">Agrovila do PA Vavalândia</SimpleData>
<SimpleData name="LAT_LOCALIDADE">-3.8778</SimpleData>
<SimpleData name="LONG_LOCALIDADE">-47.1017</SimpleData>
</SchemaData>
</ExtendedData>
<Point>
<extrude>0</extrude>
<coordinates>-47.1017473009708,-3.87780901281714,0.0</coordinates>
</Point>
</Placemark>
<Placemark id="localidades">
<name>Agrovila do PA Casa Branca [210542700008]</name>
<visibility>1</visibility>
<snippet> </snippet>
<description>&lt;center&gt;&lt;table&gt;&lt;tr&gt;&lt;th colspan='2' align='center'&gt;&lt;em&gt;Attributes&lt;/em&gt;&lt;/th&gt;&lt;/tr&gt;&lt;tr bgcolor="#E3E3F3"&gt;
&lt;th&gt;CD_UF&lt;/th&gt;
&lt;td&gt;21&lt;/td&gt;
&lt;/tr&gt;&lt;tr bgcolor=""&gt;
&lt;th&gt;NM_UF&lt;/th&gt;
&lt;td&gt;Maranhão&lt;/td&gt;
&lt;/tr&gt;&lt;tr bgcolor="#E3E3F3"&gt;
&lt;th&gt;SIGLA_UF&lt;/th&gt;
&lt;td&gt;MA&lt;/td&gt;
&lt;/tr&gt;&lt;tr bgcolor=""&gt;
&lt;th&gt;CD_MUN&lt;/th&gt;
&lt;td&gt;2105427&lt;/td&gt;
&lt;/tr&gt;&lt;tr bgcolor="#E3E3F3"&gt;
&lt;th&gt;NM_MUN&lt;/th&gt;
&lt;td&gt;Itinga do Maranhão&lt;/td&gt;
&lt;/tr&gt;&lt;tr bgcolor=""&gt;
&lt;th&gt;CD_RGINT&lt;/th&gt;
&lt;td&gt;2105&lt;/td&gt;
&lt;/tr&gt;&lt;tr bgcolor="#E3E3F3"&gt;
&lt;th&gt;NM_RGINT&lt;/th&gt;
&lt;td&gt;Imperatriz&lt;/td&gt;
&lt;/tr&gt;&lt;tr bgcolor=""&gt;
&lt;th&gt;CD_RGI&lt;/th&gt;
&lt;td&gt;210021&lt;/td&gt;
&lt;/tr&gt;&lt;tr bgcolor="#E3E3F3"&gt;
&lt;th&gt;NM_RGI&lt;/th&gt;
&lt;td&gt;Açailândia&lt;/td&gt;
&lt;/tr&gt;&lt;tr bgcolor=""&gt;
&lt;th&gt;CT_LOCALIDADE&lt;/th&gt;
&lt;td&gt;Agrovila do PA&lt;/td&gt;
&lt;/tr&gt;&lt;tr bgcolor="#E3E3F3"&gt;
&lt;th&gt;CD_LOCALIDADE&lt;/th&gt;
&lt;td&gt;210542700008&lt;/td&gt;
&lt;/tr&gt;&lt;tr bgcolor=""&gt;
&lt;th&gt;NM_LOCALIDADE&lt;/th&gt;
&lt;td&gt;Agrovila do PA Casa Branca&lt;/td&gt;
&lt;/tr&gt;&lt;tr bgcolor="#E3E3F3"&gt;
&lt;th&gt;LAT_LOCALIDADE&lt;/th&gt;
&lt;td&gt;-4.1433&lt;/td&gt;
&lt;/tr&gt;&lt;tr bgcolor=""&gt;
&lt;th&gt;LONG_LOCALIDADE&lt;/th&gt;
&lt;td&gt;-47.1691&lt;/td&gt;
&lt;/tr&gt;&lt;/table&gt;&lt;/center&gt;</description>
<Style>
<IconStyle>
<color>ff00aaff</color>
<scale>0.8</scale>
<Icon>
<href>http://maps.google.com/mapfiles/kml/shapes/placemark_circle.png</href>
</Icon>
</IconStyle>
<LabelStyle>
<scale>0.8</scale>
</LabelStyle>
<LineStyle>
<color>7200ffff</color>
<width>1.0</width>
<gx:labelVisibility>1</gx:labelVisibility>
</LineStyle>
<PolyStyle>
<color>6600ffff</color>
</PolyStyle>
</Style>
<ExtendedData>
<SchemaData schemaUrl="#kml_schema_ft_Agrovilas_do_PA">
<SimpleData name="CD_UF">21</SimpleData>
<SimpleData name="NM_UF">Maranhão</SimpleData>
<SimpleData name="SIGLA_UF">MA</SimpleData>
<SimpleData name="CD_MUN">2105427</SimpleData>
<SimpleData name="NM_MUN">Itinga do Maranhão</SimpleData>
<SimpleData name="CD_RGINT">2105</SimpleData>
<SimpleData name="NM_RGINT">Imperatriz</SimpleData>
<SimpleData name="CD_RGI">210021</SimpleData>
<SimpleData name="NM_RGI">Açailândia</SimpleData>
<SimpleData name="CT_LOCALIDADE">Agrovila do PA</SimpleData>
<SimpleData name="CD_LOCALIDADE">210542700008</SimpleData>
<SimpleData name="NM_LOCALIDADE">Agrovila do PA Casa Branca</SimpleData>
<SimpleData name="LAT_LOCALIDADE">-4.1433</SimpleData>
<SimpleData name="LONG_LOCALIDADE">-47.1691</SimpleData>
</SchemaData>
</ExtendedData>
<Point>
<extrude>0</extrude>
<coordinates>-47.169065675,-4.14326537486346,0.0</coordinates>
</Point>
</Placemark>
<Placemark id="localidades">
<name>Agrovila do PA Açaizal [210542700009]</name>
<visibility>1</visibility>
<snippet> </snippet>
<description>&lt;center&gt;&lt;table&gt;&lt;tr&gt;&lt;th colspan='2' align='center'&gt;&lt;em&gt;Attributes&lt;/em&gt;&lt;/th&gt;&lt;/tr&gt;&lt;tr bgcolor="#E3E3F3"&gt;
&lt;th&gt;CD_UF&lt;/th&gt;
&lt;td&gt;21&lt;/td&gt;
&lt;/tr&gt;&lt;tr bgcolor=""&gt;
&lt;th&gt;NM_UF&lt;/th&gt;
&lt;td&gt;Maranhão&lt;/td&gt;
&lt;/tr&gt;&lt;tr bgcolor="#E3E3F3"&gt;
&lt;th&gt;SIGLA_UF&lt;/th&gt;
&lt;td&gt;MA&lt;/td&gt;
&lt;/tr&gt;&lt;tr bgcolor=""&gt;
&lt;th&gt;CD_MUN&lt;/th&gt;
&lt;td&gt;2105427&lt;/td&gt;
&lt;/tr&gt;&lt;tr bgcolor="#E3E3F3"&gt;
&lt;th&gt;NM_MUN&lt;/th&gt;
&lt;td&gt;Itinga do Maranhão&lt;/td&gt;
&lt;/tr&gt;&lt;tr bgcolor=""&gt;
&lt;th&gt;CD_RGINT&lt;/th&gt;
&lt;td&gt;2105&lt;/td&gt;
&lt;/tr&gt;&lt;tr bgcolor="#E3E3F3"&gt;
&lt;th&gt;NM_RGINT&lt;/th&gt;
&lt;td&gt;Imperatriz&lt;/td&gt;
&lt;/tr&gt;&lt;tr bgcolor=""&gt;
&lt;th&gt;CD_RGI&lt;/th&gt;
&lt;td&gt;210021&lt;/td&gt;
&lt;/tr&gt;&lt;tr bgcolor="#E3E3F3"&gt;
&lt;th&gt;NM_RGI&lt;/th&gt;
&lt;td&gt;Açailândia&lt;/td&gt;
&lt;/tr&gt;&lt;tr bgcolor=""&gt;
&lt;th&gt;CT_LOCALIDADE&lt;/th&gt;
&lt;td&gt;Agrovila do PA&lt;/td&gt;
&lt;/tr&gt;&lt;tr bgcolor="#E3E3F3"&gt;
&lt;th&gt;CD_LOCALIDADE&lt;/th&gt;
&lt;td&gt;210542700009&lt;/td&gt;
&lt;/tr&gt;&lt;tr bgcolor=""&gt;
&lt;th&gt;NM_LOCALIDADE&lt;/th&gt;
&lt;td&gt;Agrovila do PA Açaizal&lt;/td&gt;
&lt;/tr&gt;&lt;tr bgcolor="#E3E3F3"&gt;
&lt;th&gt;LAT_LOCALIDADE&lt;/th&gt;
&lt;td&gt;-3.9306&lt;/td&gt;
&lt;/tr&gt;&lt;tr bgcolor=""&gt;
&lt;th&gt;LONG_LOCALIDADE&lt;/th&gt;
&lt;td&gt;-47.0811&lt;/td&gt;
&lt;/tr&gt;&lt;/table&gt;&lt;/center&gt;</description>
<Style>
<IconStyle>
<color>ff00aaff</color>
<scale>0.8</scale>
<Icon>
<href>http://maps.google.com/mapfiles/kml/shapes/placemark_circle.png</href>
</Icon>
</IconStyle>
<LabelStyle>
<scale>0.8</scale>
</LabelStyle>
<LineStyle>
<color>7200ffff</color>
<width>1.0</width>
<gx:labelVisibility>1</gx:labelVisibility>
</LineStyle>
<PolyStyle>
<color>6600ffff</color>
</PolyStyle>
</Style>
<ExtendedData>
<SchemaData schemaUrl="#kml_schema_ft_Agrovilas_do_PA">
<SimpleData name="CD_UF">21</SimpleData>
<SimpleData name="NM_UF">Maranhão</SimpleData>
<SimpleData name="SIGLA_UF">MA</SimpleData>
<SimpleData name="CD_MUN">2105427</SimpleData>
<SimpleData name="NM_MUN">Itinga do Maranhão</SimpleData>
<SimpleData name="CD_RGINT">2105</SimpleData>
<SimpleData name="NM_RGINT">Imperatriz</SimpleData>
<SimpleData name="CD_RGI">210021</SimpleData>
<SimpleData name="NM_RGI">Açailândia</SimpleData>
<SimpleData name="CT_LOCALIDADE">Agrovila do PA</SimpleData>
<SimpleData name="CD_LOCALIDADE">210542700009</SimpleData>
<SimpleData name="NM_LOCALIDADE">Agrovila do PA Açaizal</SimpleData>
<SimpleData name="LAT_LOCALIDADE">-3.9306</SimpleData>
<SimpleData name="LONG_LOCALIDADE">-47.0811</SimpleData>
</SchemaData>
</ExtendedData>
<Point>
<extrude>0</extrude>
<coordinates>-47.0811440566037,-3.93061016968174,0.0</coordinates>
</Point>
</Placemark>
<Placemark id="localidades">
<name>Agrovila do PA Vila João Paulo [210542700010]</name>
<visibility>1</visibility>
<snippet> </snippet>
<description>&lt;center&gt;&lt;table&gt;&lt;tr&gt;&lt;th colspan='2' align='center'&gt;&lt;em&gt;Attributes&lt;/em&gt;&lt;/th&gt;&lt;/tr&gt;&lt;tr bgcolor="#E3E3F3"&gt;
&lt;th&gt;CD_UF&lt;/th&gt;
&lt;td&gt;21&lt;/td&gt;
&lt;/tr&gt;&lt;tr bgcolor=""&gt;
&lt;th&gt;NM_UF&lt;/th&gt;
&lt;td&gt;Maranhão&lt;/td&gt;
&lt;/tr&gt;&lt;tr bgcolor="#E3E3F3"&gt;
&lt;th&gt;SIGLA_UF&lt;/th&gt;
&lt;td&gt;MA&lt;/td&gt;
&lt;/tr&gt;&lt;tr bgcolor=""&gt;
&lt;th&gt;CD_MUN&lt;/th&gt;
&lt;td&gt;2105427&lt;/td&gt;
&lt;/tr&gt;&lt;tr bgcolor="#E3E3F3"&gt;
&lt;th&gt;NM_MUN&lt;/th&gt;
&lt;td&gt;Itinga do Maranhão&lt;/td&gt;
&lt;/tr&gt;&lt;tr bgcolor=""&gt;
&lt;th&gt;CD_RGINT&lt;/th&gt;
&lt;td&gt;2105&lt;/td&gt;
&lt;/tr&gt;&lt;tr bgcolor="#E3E3F3"&gt;
&lt;th&gt;NM_RGINT&lt;/th&gt;
&lt;td&gt;Imperatriz&lt;/td&gt;
&lt;/tr&gt;&lt;tr bgcolor=""&gt;
&lt;th&gt;CD_RGI&lt;/th&gt;
&lt;td&gt;210021&lt;/td&gt;
&lt;/tr&gt;&lt;tr bgcolor="#E3E3F3"&gt;
&lt;th&gt;NM_RGI&lt;/th&gt;
&lt;td&gt;Açailândia&lt;/td&gt;
&lt;/tr&gt;&lt;tr bgcolor=""&gt;
&lt;th&gt;CT_LOCALIDADE&lt;/th&gt;
&lt;td&gt;Agrovila do PA&lt;/td&gt;
&lt;/tr&gt;&lt;tr bgcolor="#E3E3F3"&gt;
&lt;th&gt;CD_LOCALIDADE&lt;/th&gt;
&lt;td&gt;210542700010&lt;/td&gt;
&lt;/tr&gt;&lt;tr bgcolor=""&gt;
&lt;th&gt;NM_LOCALIDADE&lt;/th&gt;
&lt;td&gt;Agrovila do PA Vila João Paulo&lt;/td&gt;
&lt;/tr&gt;&lt;tr bgcolor="#E3E3F3"&gt;
&lt;th&gt;LAT_LOCALIDADE&lt;/th&gt;
&lt;td&gt;-3.8646&lt;/td&gt;
&lt;/tr&gt;&lt;tr bgcolor=""&gt;
&lt;th&gt;LONG_LOCALIDADE&lt;/th&gt;
&lt;td&gt;-47.0976&lt;/td&gt;
&lt;/tr&gt;&lt;/table&gt;&lt;/center&gt;</description>
<Style>
<IconStyle>
<color>ff00aaff</color>
<scale>0.8</scale>
<Icon>
<href>http://maps.google.com/mapfiles/kml/shapes/placemark_circle.png</href>
</Icon>
</IconStyle>
<LabelStyle>
<scale>0.8</scale>
</LabelStyle>
<LineStyle>
<color>7200ffff</color>
<width>1.0</width>
<gx:labelVisibility>1</gx:labelVisibility>
</LineStyle>
<PolyStyle>
<color>6600ffff</color>
</PolyStyle>
</Style>
<ExtendedData>
<SchemaData schemaUrl="#kml_schema_ft_Agrovilas_do_PA">
<SimpleData name="CD_UF">21</SimpleData>
<SimpleData name="NM_UF">Maranhão</SimpleData>
<SimpleData name="SIGLA_UF">MA</SimpleData>
<SimpleData name="CD_MUN">2105427</SimpleData>
<SimpleData name="NM_MUN">Itinga do Maranhão</SimpleData>
<SimpleData name="CD_RGINT">2105</SimpleData>
<SimpleData name="NM_RGINT">Imperatriz</SimpleData>
<SimpleData name="CD_RGI">210021</SimpleData>
<SimpleData name="NM_RGI">Açailândia</SimpleData>
<SimpleData name="CT_LOCALIDADE">Agrovila do PA</SimpleData>
<SimpleData name="CD_LOCALIDADE">210542700010</SimpleData>
<SimpleData name="NM_LOCALIDADE">Agrovila do PA Vila João Paulo</SimpleData>
<SimpleData name="LAT_LOCALIDADE">-3.8646</SimpleData>
<SimpleData name="LONG_LOCALIDADE">-47.0976</SimpleData>
</SchemaData>
</ExtendedData>
<Point>
<extrude>0</extrude>
<coordinates>-47.0976263928571,-3.8645624641583,0.0</coordinates>
</Point>
</Placemark>
<Placemark id="localidades">
<name>Agrovila do PA União Boa Vista [210542700027]</name>
<visibility>1</visibility>
<snippet> </snippet>
<description>&lt;center&gt;&lt;table&gt;&lt;tr&gt;&lt;th colspan='2' align='center'&gt;&lt;em&gt;Attributes&lt;/em&gt;&lt;/th&gt;&lt;/tr&gt;&lt;tr bgcolor="#E3E3F3"&gt;
&lt;th&gt;CD_UF&lt;/th&gt;
&lt;td&gt;21&lt;/td&gt;
&lt;/tr&gt;&lt;tr bgcolor=""&gt;
&lt;th&gt;NM_UF&lt;/th&gt;
&lt;td&gt;Maranhão&lt;/td&gt;
&lt;/tr&gt;&lt;tr bgcolor="#E3E3F3"&gt;
&lt;th&gt;SIGLA_UF&lt;/th&gt;
&lt;td&gt;MA&lt;/td&gt;
&lt;/tr&gt;&lt;tr bgcolor=""&gt;
&lt;th&gt;CD_MUN&lt;/th&gt;
&lt;td&gt;2105427&lt;/td&gt;
&lt;/tr&gt;&lt;tr bgcolor="#E3E3F3"&gt;
&lt;th&gt;NM_MUN&lt;/th&gt;
&lt;td&gt;Itinga do Maranhão&lt;/td&gt;
&lt;/tr&gt;&lt;tr bgcolor=""&gt;
&lt;th&gt;CD_RGINT&lt;/th&gt;
&lt;td&gt;2105&lt;/td&gt;
&lt;/tr&gt;&lt;tr bgcolor="#E3E3F3"&gt;
&lt;th&gt;NM_RGINT&lt;/th&gt;
&lt;td&gt;Imperatriz&lt;/td&gt;
&lt;/tr&gt;&lt;tr bgcolor=""&gt;
&lt;th&gt;CD_RGI&lt;/th&gt;
&lt;td&gt;210021&lt;/td&gt;
&lt;/tr&gt;&lt;tr bgcolor="#E3E3F3"&gt;
&lt;th&gt;NM_RGI&lt;/th&gt;
&lt;td&gt;Açailândia&lt;/td&gt;
&lt;/tr&gt;&lt;tr bgcolor=""&gt;
&lt;th&gt;CT_LOCALIDADE&lt;/th&gt;
&lt;td&gt;Agrovila do PA&lt;/td&gt;
&lt;/tr&gt;&lt;tr bgcolor="#E3E3F3"&gt;
&lt;th&gt;CD_LOCALIDADE&lt;/th&gt;
&lt;td&gt;210542700027&lt;/td&gt;
&lt;/tr&gt;&lt;tr bgcolor=""&gt;
&lt;th&gt;NM_LOCALIDADE&lt;/th&gt;
&lt;td&gt;Agrovila do PA União Boa Vista&lt;/td&gt;
&lt;/tr&gt;&lt;tr bgcolor="#E3E3F3"&gt;
&lt;th&gt;LAT_LOCALIDADE&lt;/th&gt;
&lt;td&gt;-4.1414&lt;/td&gt;
&lt;/tr&gt;&lt;tr bgcolor=""&gt;
&lt;th&gt;LONG_LOCALIDADE&lt;/th&gt;
&lt;td&gt;-47.3315&lt;/td&gt;
&lt;/tr&gt;&lt;/table&gt;&lt;/center&gt;</description>
<Style>
<IconStyle>
<color>ff00aaff</color>
<scale>0.8</scale>
<Icon>
<href>http://maps.google.com/mapfiles/kml/shapes/placemark_circle.png</href>
</Icon>
</IconStyle>
<LabelStyle>
<scale>0.8</scale>
</LabelStyle>
<LineStyle>
<color>7200ffff</color>
<width>1.0</width>
<gx:labelVisibility>1</gx:labelVisibility>
</LineStyle>
<PolyStyle>
<color>6600ffff</color>
</PolyStyle>
</Style>
<ExtendedData>
<SchemaData schemaUrl="#kml_schema_ft_Agrovilas_do_PA">
<SimpleData name="CD_UF">21</SimpleData>
<SimpleData name="NM_UF">Maranhão</SimpleData>
<SimpleData name="SIGLA_UF">MA</SimpleData>
<SimpleData name="CD_MUN">2105427</SimpleData>
<SimpleData name="NM_MUN">Itinga do Maranhão</SimpleData>
<SimpleData name="CD_RGINT">2105</SimpleData>
<SimpleData name="NM_RGINT">Imperatriz</SimpleData>
<SimpleData name="CD_RGI">210021</SimpleData>
<SimpleData name="NM_RGI">Açailândia</SimpleData>
<SimpleData name="CT_LOCALIDADE">Agrovila do PA</SimpleData>
<SimpleData name="CD_LOCALIDADE">210542700027</SimpleData>
<SimpleData name="NM_LOCALIDADE">Agrovila do PA União Boa Vista</SimpleData>
<SimpleData name="LAT_LOCALIDADE">-4.1414</SimpleData>
<SimpleData name="LONG_LOCALIDADE">-47.3315</SimpleData>
</SchemaData>
</ExtendedData>
<Point>
<extrude>0</extrude>
<coordinates>-47.3314858727272,-4.14144752713624,0.0</coordinates>
</Point>
</Placemark>
</Folder>
<Folder id="12. Outras Localidades">
<name>12. Outras Localidades</name>
<Placemark id="12. Outras Localidades">
<name>Vila Bom Sossego [210542700024]</name>
<visibility>1</visibility>
<snippet> </snippet>
<description>&lt;center&gt;&lt;table&gt;&lt;tr&gt;&lt;th colspan='2' align='center'&gt;&lt;em&gt;Attributes&lt;/em&gt;&lt;/th&gt;&lt;/tr&gt;&lt;tr bgcolor="#E3E3F3"&gt;
&lt;th&gt;CD_UF&lt;/th&gt;
&lt;td&gt;21&lt;/td&gt;
&lt;/tr&gt;&lt;tr bgcolor=""&gt;
&lt;th&gt;NM_UF&lt;/th&gt;
&lt;td&gt;Maranhão&lt;/td&gt;
&lt;/tr&gt;&lt;tr bgcolor="#E3E3F3"&gt;
&lt;th&gt;SIGLA_UF&lt;/th&gt;
&lt;td&gt;MA&lt;/td&gt;
&lt;/tr&gt;&lt;tr bgcolor=""&gt;
&lt;th&gt;CD_MUN&lt;/th&gt;
&lt;td&gt;2105427&lt;/td&gt;
&lt;/tr&gt;&lt;tr bgcolor="#E3E3F3"&gt;
&lt;th&gt;NM_MUN&lt;/th&gt;
&lt;td&gt;Itinga do Maranhão&lt;/td&gt;
&lt;/tr&gt;&lt;tr bgcolor=""&gt;
&lt;th&gt;CD_RGINT&lt;/th&gt;
&lt;td&gt;2105&lt;/td&gt;
&lt;/tr&gt;&lt;tr bgcolor="#E3E3F3"&gt;
&lt;th&gt;NM_RGINT&lt;/th&gt;
&lt;td&gt;Imperatriz&lt;/td&gt;
&lt;/tr&gt;&lt;tr bgcolor=""&gt;
&lt;th&gt;CD_RGI&lt;/th&gt;
&lt;td&gt;210021&lt;/td&gt;
&lt;/tr&gt;&lt;tr bgcolor="#E3E3F3"&gt;
&lt;th&gt;NM_RGI&lt;/th&gt;
&lt;td&gt;Açailândia&lt;/td&gt;
&lt;/tr&gt;&lt;tr bgcolor=""&gt;
&lt;th&gt;CT_LOCALIDADE&lt;/th&gt;
&lt;td&gt;Outras Localidades&lt;/td&gt;
&lt;/tr&gt;&lt;tr bgcolor="#E3E3F3"&gt;
&lt;th&gt;SCT_LOCALIDADE&lt;/th&gt;
&lt;td&gt;&lt;/td&gt;
&lt;/tr&gt;&lt;tr bgcolor=""&gt;
&lt;th&gt;CD_LOCALIDADE&lt;/th&gt;
&lt;td&gt;210542700024&lt;/td&gt;
&lt;/tr&gt;&lt;tr bgcolor="#E3E3F3"&gt;
&lt;th&gt;NM_LOCALIDADE&lt;/th&gt;
&lt;td&gt;Vila Bom Sossego&lt;/td&gt;
&lt;/tr&gt;&lt;/table&gt;&lt;/center&gt;</description>
<Style>
<IconStyle>
<color>ff0069d3</color>
<scale>0.6</scale>
<Icon>
<href>http://maps.google.com/mapfiles/kml/shapes/placemark_circle.png</href>
</Icon>
</IconStyle>
<LabelStyle>
<scale>0.6</scale>
</LabelStyle>
<LineStyle>
<width>1.0</width>
<gx:labelVisibility>1</gx:labelVisibility>
</LineStyle>
</Style>
<ExtendedData>
<SchemaData schemaUrl="#kml_schema_ft_Localidades">
<SimpleData name="CD_UF">21</SimpleData>
<SimpleData name="NM_UF">Maranhão</SimpleData>
<SimpleData name="SIGLA_UF">MA</SimpleData>
<SimpleData name="CD_MUN">2105427</SimpleData>
<SimpleData name="NM_MUN">Itinga do Maranhão</SimpleData>
<SimpleData name="CD_RGINT">2105</SimpleData>
<SimpleData name="NM_RGINT">Imperatriz</SimpleData>
<SimpleData name="CD_RGI">210021</SimpleData>
<SimpleData name="NM_RGI">Açailândia</SimpleData>
<SimpleData name="CT_LOCALIDADE">Outras Localidades</SimpleData>
<SimpleData name="CD_LOCALIDADE">210542700024</SimpleData>
<SimpleData name="NM_LOCALIDADE">Vila Bom Sossego</SimpleData>
</SchemaData>
</ExtendedData>
<Point>
<extrude>0</extrude>
<coordinates>-46.9894151,-3.99999639986815,0.0</coordinates>
</Point>
</Placemark>
<Placemark id="12. Outras Localidades">
<name>Entre Cajuapara e Posto Chapado [210542700029]</name>
<visibility>1</visibility>
<snippet> </snippet>
<description>&lt;center&gt;&lt;table&gt;&lt;tr&gt;&lt;th colspan='2' align='center'&gt;&lt;em&gt;Attributes&lt;/em&gt;&lt;/th&gt;&lt;/tr&gt;&lt;tr bgcolor="#E3E3F3"&gt;
&lt;th&gt;CD_UF&lt;/th&gt;
&lt;td&gt;21&lt;/td&gt;
&lt;/tr&gt;&lt;tr bgcolor=""&gt;
&lt;th&gt;NM_UF&lt;/th&gt;
&lt;td&gt;Maranhão&lt;/td&gt;
&lt;/tr&gt;&lt;tr bgcolor="#E3E3F3"&gt;
&lt;th&gt;SIGLA_UF&lt;/th&gt;
&lt;td&gt;MA&lt;/td&gt;
&lt;/tr&gt;&lt;tr bgcolor=""&gt;
&lt;th&gt;CD_MUN&lt;/th&gt;
&lt;td&gt;2105427&lt;/td&gt;
&lt;/tr&gt;&lt;tr bgcolor="#E3E3F3"&gt;
&lt;th&gt;NM_MUN&lt;/th&gt;
&lt;td&gt;Itinga do Maranhão&lt;/td&gt;
&lt;/tr&gt;&lt;tr bgcolor=""&gt;
&lt;th&gt;CD_RGINT&lt;/th&gt;
&lt;td&gt;2105&lt;/td&gt;
&lt;/tr&gt;&lt;tr bgcolor="#E3E3F3"&gt;
&lt;th&gt;NM_RGINT&lt;/th&gt;
&lt;td&gt;Imperatriz&lt;/td&gt;
&lt;/tr&gt;&lt;tr bgcolor=""&gt;
&lt;th&gt;CD_RGI&lt;/th&gt;
&lt;td&gt;210021&lt;/td&gt;
&lt;/tr&gt;&lt;tr bgcolor="#E3E3F3"&gt;
&lt;th&gt;NM_RGI&lt;/th&gt;
&lt;td&gt;Açailândia&lt;/td&gt;
&lt;/tr&gt;&lt;tr bgcolor=""&gt;
&lt;th&gt;CT_LOCALIDADE&lt;/th&gt;
&lt;td&gt;Outras Localidades&lt;/td&gt;
&lt;/tr&gt;&lt;tr bgcolor="#E3E3F3"&gt;
&lt;th&gt;SCT_LOCALIDADE&lt;/th&gt;
&lt;td&gt;&lt;/td&gt;
&lt;/tr&gt;&lt;tr bgcolor=""&gt;
&lt;th&gt;CD_LOCALIDADE&lt;/th&gt;
&lt;td&gt;210542700029&lt;/td&gt;
&lt;/tr&gt;&lt;tr bgcolor="#E3E3F3"&gt;
&lt;th&gt;NM_LOCALIDADE&lt;/th&gt;
&lt;td&gt;Entre Cajuapara e Posto Chapado&lt;/td&gt;
&lt;/tr&gt;&lt;/table&gt;&lt;/center&gt;</description>
<Style>
<IconStyle>
<color>ff0069d3</color>
<scale>0.6</scale>
<Icon>
<href>http://maps.google.com/mapfiles/kml/shapes/placemark_circle.png</href>
</Icon>
</IconStyle>
<LabelStyle>
<scale>0.6</scale>
</LabelStyle>
<LineStyle>
<width>1.0</width>
<gx:labelVisibility>1</gx:labelVisibility>
</LineStyle>
</Style>
<ExtendedData>
<SchemaData schemaUrl="#kml_schema_ft_Localidades">
<SimpleData name="CD_UF">21</SimpleData>
<SimpleData name="NM_UF">Maranhão</SimpleData>
<SimpleData name="SIGLA_UF">MA</SimpleData>
<SimpleData name="CD_MUN">2105427</SimpleData>
<SimpleData name="NM_MUN">Itinga do Maranhão</SimpleData>
<SimpleData name="CD_RGINT">2105</SimpleData>
<SimpleData name="NM_RGINT">Imperatriz</SimpleData>
<SimpleData name="CD_RGI">210021</SimpleData>
<SimpleData name="NM_RGI">Açailândia</SimpleData>
<SimpleData name="CT_LOCALIDADE">Outras Localidades</SimpleData>
<SimpleData name="CD_LOCALIDADE">210542700029</SimpleData>
<SimpleData name="NM_LOCALIDADE">Entre Cajuapara e Posto Chapado</SimpleData>
</SchemaData>
</ExtendedData>
<Point>
<extrude>0</extrude>
<coordinates>-47.5108113,-4.63841449984728,0.0</coordinates>
</Point>
</Placemark>
<Placemark id="12. Outras Localidades">
<name>Vila Santa Luzia [210542700030]</name>
<visibility>1</visibility>
<snippet> </snippet>
<description>&lt;center&gt;&lt;table&gt;&lt;tr&gt;&lt;th colspan='2' align='center'&gt;&lt;em&gt;Attributes&lt;/em&gt;&lt;/th&gt;&lt;/tr&gt;&lt;tr bgcolor="#E3E3F3"&gt;
&lt;th&gt;CD_UF&lt;/th&gt;
&lt;td&gt;21&lt;/td&gt;
&lt;/tr&gt;&lt;tr bgcolor=""&gt;
&lt;th&gt;NM_UF&lt;/th&gt;
&lt;td&gt;Maranhão&lt;/td&gt;
&lt;/tr&gt;&lt;tr bgcolor="#E3E3F3"&gt;
&lt;th&gt;SIGLA_UF&lt;/th&gt;
&lt;td&gt;MA&lt;/td&gt;
&lt;/tr&gt;&lt;tr bgcolor=""&gt;
&lt;th&gt;CD_MUN&lt;/th&gt;
&lt;td&gt;2105427&lt;/td&gt;
&lt;/tr&gt;&lt;tr bgcolor="#E3E3F3"&gt;
&lt;th&gt;NM_MUN&lt;/th&gt;
&lt;td&gt;Itinga do Maranhão&lt;/td&gt;
&lt;/tr&gt;&lt;tr bgcolor=""&gt;
&lt;th&gt;CD_RGINT&lt;/th&gt;
&lt;td&gt;2105&lt;/td&gt;
&lt;/tr&gt;&lt;tr bgcolor="#E3E3F3"&gt;
&lt;th&gt;NM_RGINT&lt;/th&gt;
&lt;td&gt;Imperatriz&lt;/td&gt;
&lt;/tr&gt;&lt;tr bgcolor=""&gt;
&lt;th&gt;CD_RGI&lt;/th&gt;
&lt;td&gt;210021&lt;/td&gt;
&lt;/tr&gt;&lt;tr bgcolor="#E3E3F3"&gt;
&lt;th&gt;NM_RGI&lt;/th&gt;
&lt;td&gt;Açailândia&lt;/td&gt;
&lt;/tr&gt;&lt;tr bgcolor=""&gt;
&lt;th&gt;CT_LOCALIDADE&lt;/th&gt;
&lt;td&gt;Outras Localidades&lt;/td&gt;
&lt;/tr&gt;&lt;tr bgcolor="#E3E3F3"&gt;
&lt;th&gt;SCT_LOCALIDADE&lt;/th&gt;
&lt;td&gt;&lt;/td&gt;
&lt;/tr&gt;&lt;tr bgcolor=""&gt;
&lt;th&gt;CD_LOCALIDADE&lt;/th&gt;
&lt;td&gt;210542700030&lt;/td&gt;
&lt;/tr&gt;&lt;tr bgcolor="#E3E3F3"&gt;
&lt;th&gt;NM_LOCALIDADE&lt;/th&gt;
&lt;td&gt;Vila Santa Luzia&lt;/td&gt;
&lt;/tr&gt;&lt;/table&gt;&lt;/center&gt;</description>
<Style>
<IconStyle>
<color>ff0069d3</color>
<scale>0.6</scale>
<Icon>
<href>http://maps.google.com/mapfiles/kml/shapes/placemark_circle.png</href>
</Icon>
</IconStyle>
<LabelStyle>
<scale>0.6</scale>
</LabelStyle>
<LineStyle>
<width>1.0</width>
<gx:labelVisibility>1</gx:labelVisibility>
</LineStyle>
</Style>
<ExtendedData>
<SchemaData schemaUrl="#kml_schema_ft_Localidades">
<SimpleData name="CD_UF">21</SimpleData>
<SimpleData name="NM_UF">Maranhão</SimpleData>
<SimpleData name="SIGLA_UF">MA</SimpleData>
<SimpleData name="CD_MUN">2105427</SimpleData>
<SimpleData name="NM_MUN">Itinga do Maranhão</SimpleData>
<SimpleData name="CD_RGINT">2105</SimpleData>
<SimpleData name="NM_RGINT">Imperatriz</SimpleData>
<SimpleData name="CD_RGI">210021</SimpleData>
<SimpleData name="NM_RGI">Açailândia</SimpleData>
<SimpleData name="CT_LOCALIDADE">Outras Localidades</SimpleData>
<SimpleData name="CD_LOCALIDADE">210542700030</SimpleData>
<SimpleData name="NM_LOCALIDADE">Vila Santa Luzia</SimpleData>
</SchemaData>
</ExtendedData>
<Point>
<extrude>0</extrude>
<coordinates>-47.0918898,-3.96642449986925,0.0</coordinates>
</Point>
</Placemark>
<Placemark id="12. Outras Localidades">
<name>Assentamento Monte Alegre [210542700031]</name>
<visibility>1</visibility>
<snippet> </snippet>
<description>&lt;center&gt;&lt;table&gt;&lt;tr&gt;&lt;th colspan='2' align='center'&gt;&lt;em&gt;Attributes&lt;/em&gt;&lt;/th&gt;&lt;/tr&gt;&lt;tr bgcolor="#E3E3F3"&gt;
&lt;th&gt;CD_UF&lt;/th&gt;
&lt;td&gt;21&lt;/td&gt;
&lt;/tr&gt;&lt;tr bgcolor=""&gt;
&lt;th&gt;NM_UF&lt;/th&gt;
&lt;td&gt;Maranhão&lt;/td&gt;
&lt;/tr&gt;&lt;tr bgcolor="#E3E3F3"&gt;
&lt;th&gt;SIGLA_UF&lt;/th&gt;
&lt;td&gt;MA&lt;/td&gt;
&lt;/tr&gt;&lt;tr bgcolor=""&gt;
&lt;th&gt;CD_MUN&lt;/th&gt;
&lt;td&gt;2105427&lt;/td&gt;
&lt;/tr&gt;&lt;tr bgcolor="#E3E3F3"&gt;
&lt;th&gt;NM_MUN&lt;/th&gt;
&lt;td&gt;Itinga do Maranhão&lt;/td&gt;
&lt;/tr&gt;&lt;tr bgcolor=""&gt;
&lt;th&gt;CD_RGINT&lt;/th&gt;
&lt;td&gt;2105&lt;/td&gt;
&lt;/tr&gt;&lt;tr bgcolor="#E3E3F3"&gt;
&lt;th&gt;NM_RGINT&lt;/th&gt;
&lt;td&gt;Imperatriz&lt;/td&gt;
&lt;/tr&gt;&lt;tr bgcolor=""&gt;
&lt;th&gt;CD_RGI&lt;/th&gt;
&lt;td&gt;210021&lt;/td&gt;
&lt;/tr&gt;&lt;tr bgcolor="#E3E3F3"&gt;
&lt;th&gt;NM_RGI&lt;/th&gt;
&lt;td&gt;Açailândia&lt;/td&gt;
&lt;/tr&gt;&lt;tr bgcolor=""&gt;
&lt;th&gt;CT_LOCALIDADE&lt;/th&gt;
&lt;td&gt;Outras Localidades&lt;/td&gt;
&lt;/tr&gt;&lt;tr bgcolor="#E3E3F3"&gt;
&lt;th&gt;SCT_LOCALIDADE&lt;/th&gt;
&lt;td&gt;&lt;/td&gt;
&lt;/tr&gt;&lt;tr bgcolor=""&gt;
&lt;th&gt;CD_LOCALIDADE&lt;/th&gt;
&lt;td&gt;210542700031&lt;/td&gt;
&lt;/tr&gt;&lt;tr bgcolor="#E3E3F3"&gt;
&lt;th&gt;NM_LOCALIDADE&lt;/th&gt;
&lt;td&gt;Assentamento Monte Alegre&lt;/td&gt;
&lt;/tr&gt;&lt;/table&gt;&lt;/center&gt;</description>
<Style>
<IconStyle>
<color>ff0069d3</color>
<scale>0.6</scale>
<Icon>
<href>http://maps.google.com/mapfiles/kml/shapes/placemark_circle.png</href>
</Icon>
</IconStyle>
<LabelStyle>
<scale>0.6</scale>
</LabelStyle>
<LineStyle>
<width>1.0</width>
<gx:labelVisibility>1</gx:labelVisibility>
</LineStyle>
</Style>
<ExtendedData>
<SchemaData schemaUrl="#kml_schema_ft_Localidades">
<SimpleData name="CD_UF">21</SimpleData>
<SimpleData name="NM_UF">Maranhão</SimpleData>
<SimpleData name="SIGLA_UF">MA</SimpleData>
<SimpleData name="CD_MUN">2105427</SimpleData>
<SimpleData name="NM_MUN">Itinga do Maranhão</SimpleData>
<SimpleData name="CD_RGINT">2105</SimpleData>
<SimpleData name="NM_RGINT">Imperatriz</SimpleData>
<SimpleData name="CD_RGI">210021</SimpleData>
<SimpleData name="NM_RGI">Açailândia</SimpleData>
<SimpleData name="CT_LOCALIDADE">Outras Localidades</SimpleData>
<SimpleData name="CD_LOCALIDADE">210542700031</SimpleData>
<SimpleData name="NM_LOCALIDADE">Assentamento Monte Alegre</SimpleData>
</SchemaData>
</ExtendedData>
<Point>
<extrude>0</extrude>
<coordinates>-47.076902,-4.05156529986646,0.0</coordinates>
</Point>
</Placemark>
<Placemark id="12. Outras Localidades">
<name>Vila Nova Vitória [210542700032]</name>
<visibility>1</visibility>
<snippet> </snippet>
<description>&lt;center&gt;&lt;table&gt;&lt;tr&gt;&lt;th colspan='2' align='center'&gt;&lt;em&gt;Attributes&lt;/em&gt;&lt;/th&gt;&lt;/tr&gt;&lt;tr bgcolor="#E3E3F3"&gt;
&lt;th&gt;CD_UF&lt;/th&gt;
&lt;td&gt;21&lt;/td&gt;
&lt;/tr&gt;&lt;tr bgcolor=""&gt;
&lt;th&gt;NM_UF&lt;/th&gt;
&lt;td&gt;Maranhão&lt;/td&gt;
&lt;/tr&gt;&lt;tr bgcolor="#E3E3F3"&gt;
&lt;th&gt;SIGLA_UF&lt;/th&gt;
&lt;td&gt;MA&lt;/td&gt;
&lt;/tr&gt;&lt;tr bgcolor=""&gt;
&lt;th&gt;CD_MUN&lt;/th&gt;
&lt;td&gt;2105427&lt;/td&gt;
&lt;/tr&gt;&lt;tr bgcolor="#E3E3F3"&gt;
&lt;th&gt;NM_MUN&lt;/th&gt;
&lt;td&gt;Itinga do Maranhão&lt;/td&gt;
&lt;/tr&gt;&lt;tr bgcolor=""&gt;
&lt;th&gt;CD_RGINT&lt;/th&gt;
&lt;td&gt;2105&lt;/td&gt;
&lt;/tr&gt;&lt;tr bgcolor="#E3E3F3"&gt;
&lt;th&gt;NM_RGINT&lt;/th&gt;
&lt;td&gt;Imperatriz&lt;/td&gt;
&lt;/tr&gt;&lt;tr bgcolor=""&gt;
&lt;th&gt;CD_RGI&lt;/th&gt;
&lt;td&gt;210021&lt;/td&gt;
&lt;/tr&gt;&lt;tr bgcolor="#E3E3F3"&gt;
&lt;th&gt;NM_RGI&lt;/th&gt;
&lt;td&gt;Açailândia&lt;/td&gt;
&lt;/tr&gt;&lt;tr bgcolor=""&gt;
&lt;th&gt;CT_LOCALIDADE&lt;/th&gt;
&lt;td&gt;Outras Localidades&lt;/td&gt;
&lt;/tr&gt;&lt;tr bgcolor="#E3E3F3"&gt;
&lt;th&gt;SCT_LOCALIDADE&lt;/th&gt;
&lt;td&gt;&lt;/td&gt;
&lt;/tr&gt;&lt;tr bgcolor=""&gt;
&lt;th&gt;CD_LOCALIDADE&lt;/th&gt;
&lt;td&gt;210542700032&lt;/td&gt;
&lt;/tr&gt;&lt;tr bgcolor="#E3E3F3"&gt;
&lt;th&gt;NM_LOCALIDADE&lt;/th&gt;
&lt;td&gt;Vila Nova Vitória&lt;/td&gt;
&lt;/tr&gt;&lt;/table&gt;&lt;/center&gt;</description>
<Style>
<IconStyle>
<color>ff0069d3</color>
<scale>0.6</scale>
<Icon>
<href>http://maps.google.com/mapfiles/kml/shapes/placemark_circle.png</href>
</Icon>
</IconStyle>
<LabelStyle>
<scale>0.6</scale>
</LabelStyle>
<LineStyle>
<width>1.0</width>
<gx:labelVisibility>1</gx:labelVisibility>
</LineStyle>
</Style>
<ExtendedData>
<SchemaData schemaUrl="#kml_schema_ft_Localidades">
<SimpleData name="CD_UF">21</SimpleData>
<SimpleData name="NM_UF">Maranhão</SimpleData>
<SimpleData name="SIGLA_UF">MA</SimpleData>
<SimpleData name="CD_MUN">2105427</SimpleData>
<SimpleData name="NM_MUN">Itinga do Maranhão</SimpleData>
<SimpleData name="CD_RGINT">2105</SimpleData>
<SimpleData name="NM_RGINT">Imperatriz</SimpleData>
<SimpleData name="CD_RGI">210021</SimpleData>
<SimpleData name="NM_RGI">Açailândia</SimpleData>
<SimpleData name="CT_LOCALIDADE">Outras Localidades</SimpleData>
<SimpleData name="CD_LOCALIDADE">210542700032</SimpleData>
<SimpleData name="NM_LOCALIDADE">Vila Nova Vitória</SimpleData>
</SchemaData>
</ExtendedData>
<Point>
<extrude>0</extrude>
<coordinates>-47.1866078,-4.07742789986561,0.0</coordinates>
</Point>
</Placemark>
<Placemark id="12. Outras Localidades">
<name>Vila Chapadão [210542700033]</name>
<visibility>1</visibility>
<snippet> </snippet>
<description>&lt;center&gt;&lt;table&gt;&lt;tr&gt;&lt;th colspan='2' align='center'&gt;&lt;em&gt;Attributes&lt;/em&gt;&lt;/th&gt;&lt;/tr&gt;&lt;tr bgcolor="#E3E3F3"&gt;
&lt;th&gt;CD_UF&lt;/th&gt;
&lt;td&gt;21&lt;/td&gt;
&lt;/tr&gt;&lt;tr bgcolor=""&gt;
&lt;th&gt;NM_UF&lt;/th&gt;
&lt;td&gt;Maranhão&lt;/td&gt;
&lt;/tr&gt;&lt;tr bgcolor="#E3E3F3"&gt;
&lt;th&gt;SIGLA_UF&lt;/th&gt;
&lt;td&gt;MA&lt;/td&gt;
&lt;/tr&gt;&lt;tr bgcolor=""&gt;
&lt;th&gt;CD_MUN&lt;/th&gt;
&lt;td&gt;2105427&lt;/td&gt;
&lt;/tr&gt;&lt;tr bgcolor="#E3E3F3"&gt;
&lt;th&gt;NM_MUN&lt;/th&gt;
&lt;td&gt;Itinga do Maranhão&lt;/td&gt;
&lt;/tr&gt;&lt;tr bgcolor=""&gt;
&lt;th&gt;CD_RGINT&lt;/th&gt;
&lt;td&gt;2105&lt;/td&gt;
&lt;/tr&gt;&lt;tr bgcolor="#E3E3F3"&gt;
&lt;th&gt;NM_RGINT&lt;/th&gt;
&lt;td&gt;Imperatriz&lt;/td&gt;
&lt;/tr&gt;&lt;tr bgcolor=""&gt;
&lt;th&gt;CD_RGI&lt;/th&gt;
&lt;td&gt;210021&lt;/td&gt;
&lt;/tr&gt;&lt;tr bgcolor="#E3E3F3"&gt;
&lt;th&gt;NM_RGI&lt;/th&gt;
&lt;td&gt;Açailândia&lt;/td&gt;
&lt;/tr&gt;&lt;tr bgcolor=""&gt;
&lt;th&gt;CT_LOCALIDADE&lt;/th&gt;
&lt;td&gt;Outras Localidades&lt;/td&gt;
&lt;/tr&gt;&lt;tr bgcolor="#E3E3F3"&gt;
&lt;th&gt;SCT_LOCALIDADE&lt;/th&gt;
&lt;td&gt;&lt;/td&gt;
&lt;/tr&gt;&lt;tr bgcolor=""&gt;
&lt;th&gt;CD_LOCALIDADE&lt;/th&gt;
&lt;td&gt;210542700033&lt;/td&gt;
&lt;/tr&gt;&lt;tr bgcolor="#E3E3F3"&gt;
&lt;th&gt;NM_LOCALIDADE&lt;/th&gt;
&lt;td&gt;Vila Chapadão&lt;/td&gt;
&lt;/tr&gt;&lt;/table&gt;&lt;/center&gt;</description>
<Style>
<IconStyle>
<color>ff0069d3</color>
<scale>0.6</scale>
<Icon>
<href>http://maps.google.com/mapfiles/kml/shapes/placemark_circle.png</href>
</Icon>
</IconStyle>
<LabelStyle>
<scale>0.6</scale>
</LabelStyle>
<LineStyle>
<width>1.0</width>
<gx:labelVisibility>1</gx:labelVisibility>
</LineStyle>
</Style>
<ExtendedData>
<SchemaData schemaUrl="#kml_schema_ft_Localidades">
<SimpleData name="CD_UF">21</SimpleData>
<SimpleData name="NM_UF">Maranhão</SimpleData>
<SimpleData name="SIGLA_UF">MA</SimpleData>
<SimpleData name="CD_MUN">2105427</SimpleData>
<SimpleData name="NM_MUN">Itinga do Maranhão</SimpleData>
<SimpleData name="CD_RGINT">2105</SimpleData>
<SimpleData name="NM_RGINT">Imperatriz</SimpleData>
<SimpleData name="CD_RGI">210021</SimpleData>
<SimpleData name="NM_RGI">Açailândia</SimpleData>
<SimpleData name="CT_LOCALIDADE">Outras Localidades</SimpleData>
<SimpleData name="CD_LOCALIDADE">210542700033</SimpleData>
<SimpleData name="NM_LOCALIDADE">Vila Chapadão</SimpleData>
</SchemaData>
</ExtendedData>
<Point>
<extrude>0</extrude>
<coordinates>-47.2237164,-4.11075639986452,0.0</coordinates>
</Point>
</Placemark>
<Placemark id="12. Outras Localidades">
<name>Assentamento Marielle [210542700034]</name>
<visibility>1</visibility>
<snippet> </snippet>
<description>&lt;center&gt;&lt;table&gt;&lt;tr&gt;&lt;th colspan='2' align='center'&gt;&lt;em&gt;Attributes&lt;/em&gt;&lt;/th&gt;&lt;/tr&gt;&lt;tr bgcolor="#E3E3F3"&gt;
&lt;th&gt;CD_UF&lt;/th&gt;
&lt;td&gt;21&lt;/td&gt;
&lt;/tr&gt;&lt;tr bgcolor=""&gt;
&lt;th&gt;NM_UF&lt;/th&gt;
&lt;td&gt;Maranhão&lt;/td&gt;
&lt;/tr&gt;&lt;tr bgcolor="#E3E3F3"&gt;
&lt;th&gt;SIGLA_UF&lt;/th&gt;
&lt;td&gt;MA&lt;/td&gt;
&lt;/tr&gt;&lt;tr bgcolor=""&gt;
&lt;th&gt;CD_MUN&lt;/th&gt;
&lt;td&gt;2105427&lt;/td&gt;
&lt;/tr&gt;&lt;tr bgcolor="#E3E3F3"&gt;
&lt;th&gt;NM_MUN&lt;/th&gt;
&lt;td&gt;Itinga do Maranhão&lt;/td&gt;
&lt;/tr&gt;&lt;tr bgcolor=""&gt;
&lt;th&gt;CD_RGINT&lt;/th&gt;
&lt;td&gt;2105&lt;/td&gt;
&lt;/tr&gt;&lt;tr bgcolor="#E3E3F3"&gt;
&lt;th&gt;NM_RGINT&lt;/th&gt;
&lt;td&gt;Imperatriz&lt;/td&gt;
&lt;/tr&gt;&lt;tr bgcolor=""&gt;
&lt;th&gt;CD_RGI&lt;/th&gt;
&lt;td&gt;210021&lt;/td&gt;
&lt;/tr&gt;&lt;tr bgcolor="#E3E3F3"&gt;
&lt;th&gt;NM_RGI&lt;/th&gt;
&lt;td&gt;Açailândia&lt;/td&gt;
&lt;/tr&gt;&lt;tr bgcolor=""&gt;
&lt;th&gt;CT_LOCALIDADE&lt;/th&gt;
&lt;td&gt;Outras Localidades&lt;/td&gt;
&lt;/tr&gt;&lt;tr bgcolor="#E3E3F3"&gt;
&lt;th&gt;SCT_LOCALIDADE&lt;/th&gt;
&lt;td&gt;&lt;/td&gt;
&lt;/tr&gt;&lt;tr bgcolor=""&gt;
&lt;th&gt;CD_LOCALIDADE&lt;/th&gt;
&lt;td&gt;210542700034&lt;/td&gt;
&lt;/tr&gt;&lt;tr bgcolor="#E3E3F3"&gt;
&lt;th&gt;NM_LOCALIDADE&lt;/th&gt;
&lt;td&gt;Assentamento Marielle&lt;/td&gt;
&lt;/tr&gt;&lt;/table&gt;&lt;/center&gt;</description>
<Style>
<IconStyle>
<color>ff0069d3</color>
<scale>0.6</scale>
<Icon>
<href>http://maps.google.com/mapfiles/kml/shapes/placemark_circle.png</href>
</Icon>
</IconStyle>
<LabelStyle>
<scale>0.6</scale>
</LabelStyle>
<LineStyle>
<width>1.0</width>
<gx:labelVisibility>1</gx:labelVisibility>
</LineStyle>
</Style>
<ExtendedData>
<SchemaData schemaUrl="#kml_schema_ft_Localidades">
<SimpleData name="CD_UF">21</SimpleData>
<SimpleData name="NM_UF">Maranhão</SimpleData>
<SimpleData name="SIGLA_UF">MA</SimpleData>
<SimpleData name="CD_MUN">2105427</SimpleData>
<SimpleData name="NM_MUN">Itinga do Maranhão</SimpleData>
<SimpleData name="CD_RGINT">2105</SimpleData>
<SimpleData name="NM_RGINT">Imperatriz</SimpleData>
<SimpleData name="CD_RGI">210021</SimpleData>
<SimpleData name="NM_RGI">Açailândia</SimpleData>
<SimpleData name="CT_LOCALIDADE">Outras Localidades</SimpleData>
<SimpleData name="CD_LOCALIDADE">210542700034</SimpleData>
<SimpleData name="NM_LOCALIDADE">Assentamento Marielle</SimpleData>
</SchemaData>
</ExtendedData>
<Point>
<extrude>0</extrude>
<coordinates>-47.2410956,-4.36248989985629,0.0</coordinates>
</Point>
</Placemark>
<Placemark id="12. Outras Localidades">
<name>Vila Arara Azul [210542700035]</name>
<visibility>1</visibility>
<snippet> </snippet>
<description>&lt;center&gt;&lt;table&gt;&lt;tr&gt;&lt;th colspan='2' align='center'&gt;&lt;em&gt;Attributes&lt;/em&gt;&lt;/th&gt;&lt;/tr&gt;&lt;tr bgcolor="#E3E3F3"&gt;
&lt;th&gt;CD_UF&lt;/th&gt;
&lt;td&gt;21&lt;/td&gt;
&lt;/tr&gt;&lt;tr bgcolor=""&gt;
&lt;th&gt;NM_UF&lt;/th&gt;
&lt;td&gt;Maranhão&lt;/td&gt;
&lt;/tr&gt;&lt;tr bgcolor="#E3E3F3"&gt;
&lt;th&gt;SIGLA_UF&lt;/th&gt;
&lt;td&gt;MA&lt;/td&gt;
&lt;/tr&gt;&lt;tr bgcolor=""&gt;
&lt;th&gt;CD_MUN&lt;/th&gt;
&lt;td&gt;2105427&lt;/td&gt;
&lt;/tr&gt;&lt;tr bgcolor="#E3E3F3"&gt;
&lt;th&gt;NM_MUN&lt;/th&gt;
&lt;td&gt;Itinga do Maranhão&lt;/td&gt;
&lt;/tr&gt;&lt;tr bgcolor=""&gt;
&lt;th&gt;CD_RGINT&lt;/th&gt;
&lt;td&gt;2105&lt;/td&gt;
&lt;/tr&gt;&lt;tr bgcolor="#E3E3F3"&gt;
&lt;th&gt;NM_RGINT&lt;/th&gt;
&lt;td&gt;Imperatriz&lt;/td&gt;
&lt;/tr&gt;&lt;tr bgcolor=""&gt;
&lt;th&gt;CD_RGI&lt;/th&gt;
&lt;td&gt;210021&lt;/td&gt;
&lt;/tr&gt;&lt;tr bgcolor="#E3E3F3"&gt;
&lt;th&gt;NM_RGI&lt;/th&gt;
&lt;td&gt;Açailândia&lt;/td&gt;
&lt;/tr&gt;&lt;tr bgcolor=""&gt;
&lt;th&gt;CT_LOCALIDADE&lt;/th&gt;
&lt;td&gt;Outras Localidades&lt;/td&gt;
&lt;/tr&gt;&lt;tr bgcolor="#E3E3F3"&gt;
&lt;th&gt;SCT_LOCALIDADE&lt;/th&gt;
&lt;td&gt;&lt;/td&gt;
&lt;/tr&gt;&lt;tr bgcolor=""&gt;
&lt;th&gt;CD_LOCALIDADE&lt;/th&gt;
&lt;td&gt;210542700035&lt;/td&gt;
&lt;/tr&gt;&lt;tr bgcolor="#E3E3F3"&gt;
&lt;th&gt;NM_LOCALIDADE&lt;/th&gt;
&lt;td&gt;Vila Arara Azul&lt;/td&gt;
&lt;/tr&gt;&lt;/table&gt;&lt;/center&gt;</description>
<Style>
<IconStyle>
<color>ff0069d3</color>
<scale>0.6</scale>
<Icon>
<href>http://maps.google.com/mapfiles/kml/shapes/placemark_circle.png</href>
</Icon>
</IconStyle>
<LabelStyle>
<scale>0.6</scale>
</LabelStyle>
<LineStyle>
<width>1.0</width>
<gx:labelVisibility>1</gx:labelVisibility>
</LineStyle>
</Style>
<ExtendedData>
<SchemaData schemaUrl="#kml_schema_ft_Localidades">
<SimpleData name="CD_UF">21</SimpleData>
<SimpleData name="NM_UF">Maranhão</SimpleData>
<SimpleData name="SIGLA_UF">MA</SimpleData>
<SimpleData name="CD_MUN">2105427</SimpleData>
<SimpleData name="NM_MUN">Itinga do Maranhão</SimpleData>
<SimpleData name="CD_RGINT">2105</SimpleData>
<SimpleData name="NM_RGINT">Imperatriz</SimpleData>
<SimpleData name="CD_RGI">210021</SimpleData>
<SimpleData name="NM_RGI">Açailândia</SimpleData>
<SimpleData name="CT_LOCALIDADE">Outras Localidades</SimpleData>
<SimpleData name="CD_LOCALIDADE">210542700035</SimpleData>
<SimpleData name="NM_LOCALIDADE">Vila Arara Azul</SimpleData>
</SchemaData>
</ExtendedData>
<Point>
<extrude>0</extrude>
<coordinates>-47.1251433,-3.95386019986966,0.0</coordinates>
</Point>
</Placemark>
</Folder>
<Folder id="13. Referência">
<name>13. Referência</name>
<Placemark id="13. Referência">
<name>Itinga do Maranhão [2105427]</name>
<visibility>1</visibility>
<snippet> </snippet>
<description>&lt;center&gt;&lt;table&gt;&lt;tr&gt;&lt;th colspan='2' align='center'&gt;&lt;em&gt;Attributes&lt;/em&gt;&lt;/th&gt;&lt;/tr&gt;&lt;tr bgcolor="#E3E3F3"&gt;
&lt;th&gt;CD_UF&lt;/th&gt;
&lt;td&gt;21&lt;/td&gt;
&lt;/tr&gt;&lt;tr bgcolor=""&gt;
&lt;th&gt;NM_UF&lt;/th&gt;
&lt;td&gt;Maranhão&lt;/td&gt;
&lt;/tr&gt;&lt;tr bgcolor="#E3E3F3"&gt;
&lt;th&gt;CD_MUN&lt;/th&gt;
&lt;td&gt;2105427&lt;/td&gt;
&lt;/tr&gt;&lt;tr bgcolor=""&gt;
&lt;th&gt;NM_MUN&lt;/th&gt;
&lt;td&gt;Itinga do Maranhão&lt;/td&gt;
&lt;/tr&gt;&lt;tr bgcolor="#E3E3F3"&gt;
&lt;th&gt;CD_RGINT&lt;/th&gt;
&lt;td&gt;2105&lt;/td&gt;
&lt;/tr&gt;&lt;tr bgcolor=""&gt;
&lt;th&gt;NM_RGINT&lt;/th&gt;
&lt;td&gt;Imperatriz&lt;/td&gt;
&lt;/tr&gt;&lt;tr bgcolor="#E3E3F3"&gt;
&lt;th&gt;CD_RGI&lt;/th&gt;
&lt;td&gt;210021&lt;/td&gt;
&lt;/tr&gt;&lt;tr bgcolor=""&gt;
&lt;th&gt;NM_RGI&lt;/th&gt;
&lt;td&gt;Açailândia&lt;/td&gt;
&lt;/tr&gt;&lt;/table&gt;&lt;/center&gt;</description>
<Style>
<IconStyle>
<scale>0.7</scale>
</IconStyle>
<LabelStyle>
<scale>0.7</scale>
</LabelStyle>
<LineStyle>
<color>ffffffff</color>
<width>3</width>
<gx:labelVisibility>1</gx:labelVisibility>
</LineStyle>
<PolyStyle>
<color>00ffffff</color>
</PolyStyle>
</Style>
<ExtendedData>
<SchemaData schemaUrl="#kml_schema_ft_Município">
<SimpleData name="CD_UF">21</SimpleData>
<SimpleData name="NM_UF">Maranhão</SimpleData>
<SimpleData name="CD_MUN">2105427</SimpleData>
<SimpleData name="NM_MUN">Itinga do Maranhão</SimpleData>
<SimpleData name="CD_RGINT">2105</SimpleData>
<SimpleData name="NM_RGINT">Imperatriz</SimpleData>
<SimpleData name="CD_RGI">210021</SimpleData>
<SimpleData name="NM_RGI">Açailândia</SimpleData>
</SchemaData>
</ExtendedData>
<MultiGeometry>
<Polygon>
<extrude>0</extrude>
<tessellate>1</tessellate>
<outerBoundaryIs>
<LinearRing>
<coordinates>-47.3437338,-4.16804129986265,0.0 -47.3432636,-4.16722069986268,0.0 -47.3437102,-4.16691909986269,0.0 -47.344456,-4.16691729986269,0.0 -47.3446044,-4.1666166998627,0.0 -47.3446039,-4.1664666998627,0.0 -47.3435589,-4.16617039986271,0.0 -47.3434081,-4.16557179986273,0.0 -47.3434054,-4.16482169986275,0.0 -47.3441484,-4.16377069986279,0.0 -47.344744,-4.1633192998628,0.0 -47.3463779,-4.16106669986288,0.0 -47.3468222,-4.15986669986292,0.0 -47.345849,-4.15874559986295,0.0 -47.3461458,-4.15814529986297,0.0 -47.34689,-4.15769339986299,0.0 -47.3471874,-4.157243199863,0.0 -47.3470356,-4.15634449986303,0.0 -47.3461374,-4.15529769986307,0.0 -47.3452381,-4.15395169986311,0.0 -47.3440429,-4.15320589986314,0.0 -47.343742,-4.15245779986316,0.0 -47.3438899,-4.15200719986317,0.0 -47.3434412,-4.15170879986318,0.0 -47.3429944,-4.15171049986318,0.0 -47.3425457,-4.15141209986319,0.0 -47.3425446,-4.1511119998632,0.0 -47.3428431,-4.15096179986321,0.0 -47.3428409,-4.15036269986323,0.0 -47.3426907,-4.14991319986324,0.0 -47.3426874,-4.14901389986327,0.0 -47.3429859,-4.14886279986328,0.0 -47.343283,-4.14856259986329,0.0 -47.3425365,-4.1481152998633,0.0 -47.3431293,-4.14691479986334,0.0 -47.3443193,-4.14571199986338,0.0 -47.3465529,-4.14465639986341,0.0 -47.3483419,-4.14420159986343,0.0 -47.3491598,-4.14322479986346,0.0 -47.3497521,-4.14187419986351,0.0 -47.3494459,-4.13917759986359,0.0 -47.3486978,-4.13828119986362,0.0 -47.3480982,-4.13738329986365,0.0 -47.3467551,-4.13708819986366,0.0 -47.3460082,-4.13678999986367,0.0 -47.3460055,-4.1360407998637,0.0 -47.3458547,-4.13544219986372,0.0 -47.3449592,-4.13514459986373,0.0 -47.3443608,-4.13454759986375,0.0 -47.345102,-4.13304639986379,0.0 -47.3462895,-4.13094539986386,0.0 -47.3458373,-4.12944779986391,0.0 -47.3441917,-4.12795359986396,0.0 -47.3434466,-4.12765729986397,0.0 -47.3432916,-4.12615859986402,0.0 -47.3442574,-4.12473199986407,0.0 -47.3452994,-4.12397899986409,0.0 -47.3502036,-4.11782069986429,0.0 -47.3506436,-4.11527139986438,0.0 -47.3497435,-4.11347629986444,0.0 -47.3479506,-4.11258199986446,0.0 -47.3476484,-4.11123379986451,0.0 -47.3482227,-4.10875039986459,0.0 -47.3482379,-4.10868479986459,0.0 -47.3471571,-4.10868849986459,0.0 -47.3470445,-4.10868839986459,0.0 -47.3461446,-4.10719249986464,0.0 -47.3456169,-4.10502049986471,0.0 -47.3460601,-4.10382049986475,0.0 -47.3465017,-4.10172129986482,0.0 -47.3456021,-4.10007529986487,0.0 -47.3436581,-4.09828239986493,0.0 -47.3430574,-4.09708539986497,0.0 -47.3426102,-4.09693709986498,0.0 -47.3390252,-4.09514949986503,0.0 -47.3369366,-4.09515549986503,0.0 -47.3364859,-4.09410799986507,0.0 -47.3354391,-4.0930618998651,0.0 -47.3340949,-4.09246589986512,0.0 -47.3330505,-4.09231899986513,0.0 -47.331407,-4.09142509986516,0.0 -47.3308808,-4.0901523998652,0.0 -47.3307262,-4.08805539986527,0.0 -47.3338406,-4.08175199986547,0.0 -47.3341333,-4.07980249986554,0.0 -47.3332259,-4.07560909986568,0.0 -47.3318707,-4.07111739986582,0.0 -47.3312692,-4.06947039986587,0.0 -47.3305221,-4.0688731998659,0.0 -47.3290309,-4.06917709986589,0.0 -47.3258239,-4.06896199986589,0.0 -47.3252254,-4.06836419986591,0.0 -47.3247704,-4.065667499866,0.0 -47.3246136,-4.06327059986608,0.0 -47.3244128,-4.06283059986609,0.0 -47.3238635,-4.06162419986613,0.0 -47.323711,-4.06057559986617,0.0 -47.3244542,-4.0596744998662,0.0 -47.3245993,-4.05802559986625,0.0 -47.3244479,-4.05727609986627,0.0 -47.322954,-4.0563816998663,0.0 -47.3211616,-4.05563759986633,0.0 -47.320409,-4.05309209986641,0.0 -47.3201006,-4.04964569986652,0.0 -47.3194243,-4.04777449986659,0.0 -47.3186781,-4.04762649986659,0.0 -47.3173375,-4.04822979986657,0.0 -47.3156991,-4.04913349986654,0.0 -47.3143555,-4.04868769986656,0.0 -47.3139093,-4.04928849986654,0.0 -47.3136135,-4.04988879986652,0.0 -47.3133175,-4.05093909986648,0.0 -47.3118261,-4.05094299986648,0.0 -47.3100402,-4.05214719986644,0.0 -47.3091489,-4.05364889986639,0.0 -47.3098982,-4.05484519986635,0.0 -47.3107959,-4.05574189986632,0.0 -47.3103507,-4.05664269986629,0.0 -47.3082681,-4.05844709986624,0.0 -47.306331,-4.05920179986621,0.0 -47.3050624,-4.05883029986622,0.0 -47.3046129,-4.05808289986625,0.0 -47.3041579,-4.05538629986634,0.0 -47.3034069,-4.05373989986639,0.0 -47.3022122,-4.05314449986641,0.0 -47.3004205,-4.05254949986643,0.0 -47.2984807,-4.05210589986644,0.0 -47.2968403,-4.05226039986644,0.0 -47.2947543,-4.05316559986641,0.0 -47.2931109,-4.05227089986644,0.0 -47.2926587,-4.0503234998665,0.0 -47.2923542,-4.04837639986657,0.0 -47.2934656,-4.04575029986665,0.0 -47.2937616,-4.04470089986668,0.0 -47.2939063,-4.04320119986673,0.0 -47.2928592,-4.04230519986677,0.0 -47.2912186,-4.04215969986677,0.0 -47.2898777,-4.04291299986674,0.0 -47.2877962,-4.04501729986668,0.0 -47.2867538,-4.04561949986666,0.0 -47.2861559,-4.04517179986667,0.0 -47.2860051,-4.04457229986669,0.0 -47.2858346,-4.03708009986694,0.0 -47.2853845,-4.03618179986696,0.0 -47.2830699,-4.035214299867,0.0 -47.2814241,-4.03342059986705,0.0 -47.2800811,-4.03312479986707,0.0 -47.2779955,-4.03388009986704,0.0 -47.2771008,-4.03403169986704,0.0 -47.276503,-4.03358399986705,0.0 -47.2767972,-4.0320846998671,0.0 -47.2772401,-4.03058479986715,0.0 -47.2763441,-4.03013729986716,0.0 -47.2742598,-4.03149259986712,0.0 -47.2712834,-4.03389849986704,0.0 -47.2700912,-4.03420209986703,0.0 -47.2674047,-4.03345959986705,0.0 -47.2662812,-4.03188939986711,0.0 -47.2658286,-4.03009209986716,0.0 -47.2664202,-4.02814259986723,0.0 -47.2673087,-4.0258919998673,0.0 -47.2667089,-4.02469429986734,0.0 -47.2608816,-4.02096399986746,0.0 -47.2589394,-4.01962059986751,0.0 -47.2562539,-4.01962809986751,0.0 -47.2546134,-4.01948259986751,0.0 -47.2537169,-4.01888519986753,0.0 -47.2532643,-4.01708789986759,0.0 -47.2527411,-4.0168652998676,0.0 -47.2518463,-4.0167178998676,0.0 -47.2505036,-4.0167211998676,0.0 -47.2488556,-4.0138785998677,0.0 -47.2479585,-4.01313119986772,0.0 -47.2458701,-4.01313729986772,0.0 -47.2446744,-4.01224109986775,0.0 -47.244969,-4.0105918998678,0.0 -47.2443633,-4.0075961998679,0.0 -47.2422652,-4.00385539986802,0.0 -47.2405407,-4.00036379986814,0.0 -47.2389286,-3.99863079986819,0.0 -47.2364382,-3.99803099986821,0.0 -47.2342643,-3.99945189986817,0.0 -47.2322985,-4.00097239986812,0.0 -47.228153,-4.00189389986809,0.0 -47.2263883,-4.00119139986811,0.0 -47.2226556,-4.00130169986811,0.0 -47.2215131,-4.00039599986814,0.0 -47.220555,-3.99612599986828,0.0 -47.220516,-3.99595229986828,0.0 -47.2207136,-3.99251619986839,0.0 -47.2212262,-3.99008929986847,0.0 -47.2199759,-3.98817249986854,0.0 -47.215309,-3.98778119986855,0.0 -47.2099188,-3.98830089986853,0.0 -47.206498,-3.98881519986851,0.0 -47.2044741,-3.98831539986853,0.0 -47.203433,-3.98680269986858,0.0 -47.202381,-3.98104479986877,0.0 -47.2034101,-3.97811129986887,0.0 -47.2041321,-3.97649269986892,0.0 -47.2038886,-3.97619799986893,0.0 -47.2032993,-3.97548459986895,0.0 -47.2024686,-3.97477909986898,0.0 -47.2017392,-3.97356889986902,0.0 -47.1994581,-3.97347389986902,0.0 -47.1977998,-3.974084399869,0.0 -47.196511,-3.97661429986892,0.0 -47.1958935,-3.97833429986886,0.0 -47.1958949,-3.97904109986884,0.0 -47.1965172,-3.97903989986884,0.0 -47.1974476,-3.97792589986887,0.0 -47.1985874,-3.97761919986888,0.0 -47.199004,-3.97842629986886,0.0 -47.1990076,-3.97974009986881,0.0 -47.1997359,-3.98074919986878,0.0 -47.199844,-3.98216359986873,0.0 -47.1986006,-3.98257089986872,0.0 -47.197255,-3.98348389986869,0.0 -47.1973609,-3.98439359986866,0.0 -47.1973634,-3.98540389986863,0.0 -47.1964317,-3.98601229986861,0.0 -47.1951869,-3.98561229986862,0.0 -47.1927443,-3.98369829986868,0.0 -47.1912914,-3.9831968998687,0.0 -47.1902562,-3.98370469986868,0.0 -47.1885929,-3.98229459986873,0.0 -47.1875492,-3.97956869986882,0.0 -47.1886844,-3.97764549986888,0.0 -47.1934484,-3.97530859986896,0.0 -47.1939598,-3.97247769986905,0.0 -47.1928091,-3.96884299986917,0.0 -47.1899533,-3.96713229986923,0.0 -47.1858056,-3.96714399986922,0.0 -47.1836283,-3.96735159986922,0.0 -47.1815542,-3.96705349986923,0.0 -47.1800956,-3.96473369986931,0.0 -47.178427,-3.96089729986943,0.0 -47.1785256,-3.9588766998695,0.0 -47.1802806,-3.95614329986959,0.0 -47.1814728,-3.95603899986959,0.0 -47.1823033,-3.95644089986958,0.0 -47.181273,-3.9588686998695,0.0 -47.181379,-3.95967689986947,0.0 -47.182621,-3.9587647998695,0.0 -47.1835514,-3.95764989986954,0.0 -47.1835428,-3.95441619986964,0.0 -47.1833297,-3.95229519986971,0.0 -47.1825978,-3.95007389986978,0.0 -47.1835269,-3.94855579986983,0.0 -47.1837325,-3.94764509986986,0.0 -47.1809805,-3.94623789986991,0.0 -47.179626,-3.94351309987,0.0 -47.1796211,-3.94179529987005,0.0 -47.1787908,-3.94159449987006,0.0 -47.1777592,-3.94341709987,0.0 -47.175067,-3.94504109986995,0.0 -47.1724756,-3.94524979986994,0.0 -47.1721615,-3.94423969986997,0.0 -47.1715392,-3.94414029986998,0.0 -47.1698816,-3.94444819986997,0.0 -47.1692559,-3.94343919987,0.0 -47.1687307,-3.9406107998701,0.0 -47.1690886,-3.93858879987016,0.0 -47.1703283,-3.93696819987021,0.0 -47.1727088,-3.93524469987027,0.0 -47.1736401,-3.9343327998703,0.0 -47.1737399,-3.93291749987034,0.0 -47.1743584,-3.93150099987039,0.0 -47.1756005,-3.93068949987042,0.0 -47.1758061,-3.92988029987045,0.0 -47.1740418,-3.92958129987045,0.0 -47.1726949,-3.92988819987045,0.0 -47.1708293,-3.93009569987044,0.0 -47.1701011,-3.92918729987047,0.0 -47.1698915,-3.9282785998705,0.0 -47.1706658,-3.92696309987054,0.0 -47.1724252,-3.92564489987058,0.0 -47.173459,-3.92442929987062,0.0 -47.1731461,-3.92382339987064,0.0 -47.1715909,-3.92382779987064,0.0 -47.1710724,-3.92393039987064,0.0 -47.1694136,-3.92383339987064,0.0 -47.16941,-3.92262109987068,0.0 -47.1678526,-3.92191789987071,0.0 -47.1661938,-3.92171949987071,0.0 -47.1627721,-3.92182989987071,0.0 -47.1614191,-3.92001399987077,0.0 -47.1606881,-3.91779279987084,0.0 -47.1594934,-3.91688609987087,0.0 -47.1578327,-3.91648639987088,0.0 -47.1571056,-3.9158815998709,0.0 -47.1569022,-3.91729689987086,0.0 -47.1570083,-3.91830789987082,0.0 -47.1562826,-3.91841069987082,0.0 -47.1549332,-3.91770649987084,0.0 -47.1532698,-3.9160936998709,0.0 -47.1529555,-3.91488249987094,0.0 -47.1520216,-3.91468279987094,0.0 -47.1506749,-3.91519079987093,0.0 -47.1497421,-3.91529459987092,0.0 -47.1484961,-3.91448979987095,0.0 -47.1483863,-3.91206449987103,0.0 -47.1479634,-3.90893269987113,0.0 -47.1480082,-3.90620419987122,0.0 -47.1493485,-3.90326989987132,0.0 -47.149347,-3.90256229987134,0.0 -47.1497599,-3.90195509987136,0.0 -47.1497573,-3.90094399987139,0.0 -47.1485114,-3.90013919987142,0.0 -47.1470563,-3.89903109987146,0.0 -47.1469512,-3.89822299987148,0.0 -47.1476758,-3.8978166998715,0.0 -47.1486086,-3.8978143998715,0.0 -47.1487118,-3.89741029987151,0.0 -47.1487106,-3.89690469987152,0.0 -47.1474647,-3.89620049987155,0.0 -47.1469461,-3.89620169987155,0.0 -47.1456008,-3.89741829987151,0.0 -47.1435309,-3.89873669987147,0.0 -47.1396454,-3.89985809987143,0.0 -47.1389188,-3.89986029987143,0.0 -47.1383003,-3.90127659987138,0.0 -47.1389278,-3.90339719987131,0.0 -47.1389302,-3.90430679987128,0.0 -47.1381009,-3.90430899987128,0.0 -47.1351917,-3.90199209987136,0.0 -47.1338399,-3.90047979987141,0.0 -47.1339395,-3.89886259987146,0.0 -47.1334208,-3.89886379987146,0.0 -47.1331114,-3.89926889987145,0.0 -47.1330091,-3.89977449987143,0.0 -47.1324381,-3.89957319987144,0.0 -47.1327471,-3.89866349987147,0.0 -47.1336762,-3.89724609987152,0.0 -47.1335713,-3.89663999987153,0.0 -47.1328445,-3.89644019987154,0.0 -47.1316001,-3.89644269987154,0.0 -47.1309778,-3.89634329987154,0.0 -47.1309764,-3.89563579987157,0.0 -47.132838,-3.89381199987163,0.0 -47.1325237,-3.89259999987167,0.0 -47.1325221,-3.8916903998717,0.0 -47.1333501,-3.89118349987171,0.0 -47.1338663,-3.89027269987174,0.0 -47.1333449,-3.88916229987178,0.0 -47.1335479,-3.88734299987184,0.0 -47.1347897,-3.88632859987187,0.0 -47.1355156,-3.88652929987187,0.0 -47.1357201,-3.8855180998719,0.0 -47.1367062,-3.88571729987189,0.0 -47.1370168,-3.8856156998719,0.0 -47.1370153,-3.88490809987192,0.0 -47.135873,-3.88420389987194,0.0 -47.1350425,-3.88380209987196,0.0 -47.1348306,-3.882286499872,0.0 -47.1348293,-3.88168049987202,0.0 -47.1337918,-3.88148079987203,0.0 -47.1330672,-3.88178559987202,0.0 -47.1328538,-3.8794618998721,0.0 -47.1325407,-3.87865399987212,0.0 -47.1312964,-3.87875799987212,0.0 -47.1306779,-3.88007379987208,0.0 -47.1299537,-3.88078259987205,0.0 -47.129436,-3.88088529987205,0.0 -47.1292265,-3.88007729987208,0.0 -47.1292251,-3.8794711998721,0.0 -47.129635,-3.87744889987216,0.0 -47.1295301,-3.87694339987218,0.0 -47.128751,-3.87664259987219,0.0 -47.1275067,-3.87664599987219,0.0 -47.1246063,-3.87766319987216,0.0 -47.1236736,-3.87776699987215,0.0 -47.1220155,-3.87837759987213,0.0 -47.1220206,-3.88029729987207,0.0 -47.123058,-3.88049689987206,0.0 -47.1239909,-3.88049459987206,0.0 -47.1246156,-3.88140289987203,0.0 -47.124411,-3.882312599872,0.0 -47.123168,-3.88292209987198,0.0 -47.1221308,-3.88302589987198,0.0 -47.1209908,-3.88292779987198,0.0 -47.1194333,-3.88212319987201,0.0 -47.1175602,-3.87950059987209,0.0 -47.1163643,-3.87818989987214,0.0 -47.1137707,-3.87769039987215,0.0 -47.1123203,-3.87789679987215,0.0 -47.1110767,-3.87884399987212,0.0 -47.1104576,-3.8793155998721,0.0 -47.1082845,-3.88114029987204,0.0 -47.1079948,-3.88121189987204,0.0 -47.1078694,-3.88124289987204,0.0 -47.1066248,-3.88094279987205,0.0 -47.1059987,-3.8793269998721,0.0 -47.1063027,-3.87649669987219,0.0 -47.105882,-3.87397129987228,0.0 -47.1054902,-3.87380879987228,0.0 -47.1037023,-3.87306739987231,0.0 -47.103337,-3.87225909987233,0.0 -47.1033305,-3.86963199987242,0.0 -47.1021895,-3.86943239987243,0.0 -47.1020858,-3.86923039987243,0.0 -47.1020846,-3.86882639987245,0.0 -47.1028063,-3.8671065998725,0.0 -47.1028789,-3.86607599987254,0.0 -47.102906,-3.86569149987255,0.0 -47.1026937,-3.86367049987262,0.0 -47.1013458,-3.86367399987261,0.0 -47.1010341,-3.86347299987262,0.0 -47.1010329,-3.86306899987263,0.0 -47.1018605,-3.86215719987266,0.0 -47.101859,-3.86134819987269,0.0 -47.1010275,-3.86084499987271,0.0 -47.1001982,-3.86074669987271,0.0 -47.0921108,-3.86076659987271,0.0 -47.0920051,-3.86081059987271,0.0 -47.0904015,-3.86147819987269,0.0 -47.0896759,-3.86158099987268,0.0 -47.0887431,-3.86158329987268,0.0 -47.0877017,-3.85986809987274,0.0 -47.0852051,-3.85663999987285,0.0 -47.0849941,-3.85512459987289,0.0 -47.0849912,-3.85370959987294,0.0 -47.0844687,-3.85219529987299,0.0 -47.084154,-3.85047789987305,0.0 -47.0843544,-3.84774839987314,0.0 -47.0839379,-3.84714259987316,0.0 -47.0827971,-3.84714599987316,0.0 -47.0810875,-3.84745359987315,0.0 -47.0794253,-3.84614379987319,0.0 -47.0794199,-3.84391989987326,0.0 -47.0816951,-3.84169099987333,0.0 -47.0828357,-3.84148659987334,0.0 -47.083974,-3.84057369987337,0.0 -47.084076,-3.83986609987339,0.0 -47.08397,-3.83905819987342,0.0 -47.0827243,-3.83845469987344,0.0 -47.0821006,-3.83764789987347,0.0 -47.0825132,-3.83683779987349,0.0 -47.0820977,-3.83633349987351,0.0 -47.0818897,-3.83633449987351,0.0 -47.0811655,-3.83704329987349,0.0 -47.0802328,-3.83714719987348,0.0 -47.0802316,-3.8367421998735,0.0 -47.0803858,-3.83603509987352,0.0 -47.0815252,-3.83542569987354,0.0 -47.0820384,-3.83320059987361,0.0 -47.0823448,-3.83138139987367,0.0 -47.0839992,-3.82975979987373,0.0 -47.0857591,-3.82834109987377,0.0 -47.0867952,-3.82813659987378,0.0 -47.0867937,-3.8274290998738,0.0 -47.086274,-3.82712689987381,0.0 -47.086376,-3.82641929987383,0.0 -47.0867885,-3.82550869987386,0.0 -47.0866835,-3.82490269987388,0.0 -47.085853,-3.8243994998739,0.0 -47.0835715,-3.8244045998739,0.0 -47.0823294,-3.82491349987389,0.0 -47.0798449,-3.82653649987383,0.0 -47.0789638,-3.82694239987382,0.0 -47.0774047,-3.82522859987387,0.0 -47.0768833,-3.82401689987391,0.0 -47.0768817,-3.82320799987394,0.0 -47.0777109,-3.82320649987394,0.0 -47.0786463,-3.82411359987391,0.0 -47.0788531,-3.82380999987392,0.0 -47.0788504,-3.82279909987395,0.0 -47.078017,-3.82108299987401,0.0 -47.0760443,-3.81997639987405,0.0 -47.0726175,-3.81786239987412,0.0 -47.0730311,-3.81715379987414,0.0 -47.0751095,-3.81475359987422,0.0 -47.0759255,-3.81381209987425,0.0 -47.0760231,-3.81374829987425,0.0 -47.0774787,-3.81279739987428,0.0 -47.0782538,-3.81168409987432,0.0 -47.0778357,-3.81027029987436,0.0 -47.0770026,-3.80895829987441,0.0 -47.0755513,-3.80896189987441,0.0 -47.0744078,-3.80785299987445,0.0 -47.0745082,-3.80633649987449,0.0 -47.0749194,-3.80502179987454,0.0 -47.0757479,-3.80431199987456,0.0 -47.0757468,-3.80400949987457,0.0 -47.0752279,-3.80370729987458,0.0 -47.0735697,-3.80391309987457,0.0 -47.0700441,-3.80412369987457,0.0 -47.0680726,-3.80331959987459,0.0 -47.0670322,-3.80170519987464,0.0 -47.0664583,-3.80029199987469,0.0 -47.0664556,-3.79928109987472,0.0 -47.0654192,-3.79908159987473,0.0 -47.0640705,-3.79908519987473,0.0 -47.0632411,-3.79888459987474,0.0 -47.063136,-3.79817809987476,0.0 -47.0640658,-3.7968612998748,0.0 -47.064583,-3.79635469987482,0.0 -47.0645815,-3.79564719987484,0.0 -47.063751,-3.79524549987486,0.0 -47.0634381,-3.79463969987488,0.0 -47.0641621,-3.7938294998749,0.0 -47.0641605,-3.79302059987493,0.0 -47.0636417,-3.79281979987494,0.0 -47.0635356,-3.79191039987497,0.0 -47.0640503,-3.79059569987501,0.0 -47.0629048,-3.78827389987509,0.0 -47.0617596,-3.78635609987515,0.0 -47.0604102,-3.78555089987518,0.0 -47.0592154,-3.78444249987521,0.0 -47.0593149,-3.78302749987526,0.0 -47.0602474,-3.78272159987527,0.0 -47.0638705,-3.78008499987535,0.0 -47.0645921,-3.7785680998754,0.0 -47.0646939,-3.77775919987543,0.0 -47.0643807,-3.77684989987546,0.0 -47.0640699,-3.77664899987547,0.0 -47.0630325,-3.77644959987547,0.0 -47.0621003,-3.77695659987546,0.0 -47.0616867,-3.77756379987544,0.0 -47.0608574,-3.77746469987544,0.0 -47.0606474,-3.77615139987548,0.0 -47.0600227,-3.77534469987551,0.0 -47.0591934,-3.77524569987551,0.0 -47.0586749,-3.77534749987551,0.0 -47.0583116,-3.77484359987553,0.0 -47.0583102,-3.77423669987555,0.0 -47.0561325,-3.77444389987554,0.0 -47.0557157,-3.77353559987557,0.0 -47.0559211,-3.7726259998756,0.0 -47.0570605,-3.77221849987561,0.0 -47.0578905,-3.77211559987561,0.0 -47.0582009,-3.77191249987562,0.0 -47.0587166,-3.77079979987566,0.0 -47.0591306,-3.77069799987566,0.0 -47.0596477,-3.76998929987568,0.0 -47.0596461,-3.76928189987571,0.0 -47.0580917,-3.76968969987569,0.0 -47.0563289,-3.76969359987569,0.0 -47.0552912,-3.76909019987571,0.0 -47.0552895,-3.76828129987574,0.0 -47.056014,-3.76807779987575,0.0 -47.0575698,-3.76807399987575,0.0 -47.057982,-3.76706199987578,0.0 -47.0583946,-3.7663532998758,0.0 -47.0620704,-3.76432389987587,0.0 -47.0620672,-3.76290899987592,0.0 -47.0632064,-3.76229949987594,0.0 -47.0650684,-3.76057699987599,0.0 -47.0652734,-3.75936399987603,0.0 -47.0642334,-3.75835559987607,0.0 -47.0620535,-3.75704739987611,0.0 -47.0599773,-3.75604159987614,0.0 -47.0596607,-3.75351549987623,0.0 -47.0584136,-3.75240679987626,0.0 -47.0572198,-3.75149959987629,0.0 -47.0574251,-3.75058999987632,0.0 -47.0571118,-3.74968079987635,0.0 -47.0555559,-3.74938119987636,0.0 -47.055346,-3.74837139987639,0.0 -47.0551387,-3.7481695998764,0.0 -47.0544119,-3.74786849987641,0.0 -47.0535827,-3.74776939987641,0.0 -47.0533717,-3.74655669987645,0.0 -47.0540968,-3.74604979987647,0.0 -47.0572028,-3.74422319987653,0.0 -47.0592743,-3.74330849987656,0.0 -47.059373,-3.74118609987663,0.0 -47.0587494,-3.74058149987665,0.0 -47.0582309,-3.74058279987665,0.0 -47.0578187,-3.74169549987661,0.0 -47.0574574,-3.74230219987659,0.0 -47.0567318,-3.74230449987659,0.0 -47.0565206,-3.74088979987664,0.0 -47.0560019,-3.74068909987665,0.0 -47.0546557,-3.74129889987662,0.0 -47.0544486,-3.74129899987663,0.0 -47.0541367,-3.74089529987664,0.0 -47.0541335,-3.73948039987669,0.0 -47.0530932,-3.73806809987673,0.0 -47.0532972,-3.73685509987677,0.0 -47.0542278,-3.73563969987681,0.0 -47.0562991,-3.73452299987685,0.0 -47.057232,-3.73472339987684,0.0 -47.0584731,-3.73350769987688,0.0 -47.0603343,-3.73117829987696,0.0 -47.0608495,-3.729762999877,0.0 -47.0603771,-3.72733799987708,0.0 -47.0573619,-3.72360569987721,0.0 -47.05736,-3.72259479987724,0.0 -47.0571502,-3.72168639987727,0.0 -47.055906,-3.72168919987727,0.0 -47.0549736,-3.72189289987726,0.0 -47.0547652,-3.72148999987728,0.0 -47.0544515,-3.72027729987731,0.0 -47.0528938,-3.71906839987735,0.0 -47.0521669,-3.71876649987736,0.0 -47.0509226,-3.71856729987737,0.0 -47.048124,-3.71887749987736,0.0 -47.0485883,-3.7177643998774,0.0 -47.0496223,-3.71654969987744,0.0 -47.0505534,-3.71594119987746,0.0 -47.0505504,-3.7147282998775,0.0 -47.0495126,-3.71402259987752,0.0 -47.0490971,-3.71361989987753,0.0 -47.0487855,-3.71351959987754,0.0 -47.0493039,-3.71331629987754,0.0 -47.0501298,-3.71200039987759,0.0 -47.0499164,-3.70937279987767,0.0 -47.0483586,-3.70816389987771,0.0 -47.0465955,-3.70776409987773,0.0 -47.0462808,-3.70645099987777,0.0 -47.0462789,-3.7054400998778,0.0 -47.0476229,-3.70371889987786,0.0 -47.0485554,-3.70361569987786,0.0 -47.0493313,-3.70270429987789,0.0 -47.0492249,-3.70169349987792,0.0 -47.0493267,-3.70088459987795,0.0 -47.0502588,-3.70037739987797,0.0 -47.050774,-3.69896119987801,0.0 -47.0502472,-3.69552599987813,0.0 -47.0494162,-3.69461809987816,0.0 -47.0491013,-3.69310299987821,0.0 -47.0498246,-3.69188859987824,0.0 -47.0498232,-3.69138319987826,0.0 -47.0490944,-3.6900712998783,0.0 -47.0487808,-3.68896009987834,0.0 -47.0495047,-3.68825119987836,0.0 -47.0504397,-3.68875399987835,0.0 -47.0505403,-3.68774389987838,0.0 -47.0511602,-3.68663019987842,0.0 -47.0523505,-3.68602089987844,0.0 -47.0538032,-3.68662469987842,0.0 -47.0545252,-3.68500539987847,0.0 -47.0532739,-3.68177449987858,0.0 -47.052341,-3.68157429987858,0.0 -47.0517172,-3.68076769987861,0.0 -47.0517141,-3.67965539987865,0.0 -47.0514021,-3.67915109987866,0.0 -47.0508836,-3.67915249987866,0.0 -47.0508855,-3.68006189987863,0.0 -47.0505752,-3.68026419987862,0.0 -47.0494344,-3.68006499987863,0.0 -47.0496397,-3.67935739987866,0.0 -47.0496344,-3.67703219987873,0.0 -47.0491157,-3.67683159987874,0.0 -47.0489087,-3.67693319987874,0.0 -47.0489105,-3.67774209987871,0.0 -47.0483932,-3.6779454998787,0.0 -47.0480252,-3.67572249987878,0.0 -47.0470917,-3.67572419987878,0.0 -47.0464726,-3.67673659987874,0.0 -47.0454355,-3.67673929987874,0.0 -47.0435656,-3.6749238998788,0.0 -47.0416995,-3.6749282998788,0.0 -47.0407653,-3.67432409987882,0.0 -47.0392062,-3.67281189987887,0.0 -47.0383734,-3.67109529987893,0.0 -47.037643,-3.66917749987899,0.0 -47.0370187,-3.66796609987903,0.0 -47.0375357,-3.66745929987905,0.0 -47.0382629,-3.66806369987903,0.0 -47.0390428,-3.66917389987899,0.0 -47.0400803,-3.66957609987898,0.0 -47.0417393,-3.66957189987898,0.0 -47.042151,-3.66825719987902,0.0 -47.0427696,-3.66684089987907,0.0 -47.0438054,-3.66653559987908,0.0 -47.0447389,-3.66653299987908,0.0 -47.0473345,-3.66834579987902,0.0 -47.0488903,-3.66864609987901,0.0 -47.0495105,-3.66783569987903,0.0 -47.0503357,-3.66601519987909,0.0 -47.0514733,-3.66500149987913,0.0 -47.0527135,-3.66317969987919,0.0 -47.052139,-3.66146319987924,0.0 -47.049233,-3.6597511998793,0.0 -47.046743,-3.65894829987933,0.0 -47.0459106,-3.65763649987937,0.0 -47.0466325,-3.65601809987942,0.0 -47.0491166,-3.65419329987948,0.0 -47.0508765,-3.65338009987951,0.0 -47.0527428,-3.6535784998795,0.0 -47.0547155,-3.65468539987947,0.0 -47.0561686,-3.65569309987943,0.0 -47.0566341,-3.65498469987945,0.0 -47.0570477,-3.65457939987947,0.0 -47.0563191,-3.6534686998795,0.0 -47.0544473,-3.65094689987959,0.0 -47.0537194,-3.64973559987963,0.0 -47.0535095,-3.64882629987966,0.0 -47.0540276,-3.64852239987967,0.0 -47.0551668,-3.64811549987968,0.0 -47.0555799,-3.64730619987971,0.0 -47.0555782,-3.64669929987973,0.0 -47.0545409,-3.64639869987974,0.0 -47.0525712,-3.64630189987974,0.0 -47.0506031,-3.64681189987972,0.0 -47.0498785,-3.6476223998797,0.0 -47.0474949,-3.6476273998797,0.0 -47.0426657,-3.64400019987982,0.0 -47.0400751,-3.64410679987981,0.0 -47.039658,-3.64309719987985,0.0 -47.0396559,-3.64208639987988,0.0 -47.0406885,-3.64066969987992,0.0 -47.0460742,-3.63843349988,0.0 -47.0465891,-3.63691669988005,0.0 -47.0459652,-3.63610929988007,0.0 -47.0442005,-3.63500149988011,0.0 -47.0440952,-3.63429499988013,0.0 -47.0447674,-3.63338359988016,0.0 -47.0460098,-3.63277459988018,0.0 -47.0469434,-3.63287329988018,0.0 -47.0483963,-3.63367809988015,0.0 -47.0503686,-3.63518969988011,0.0 -47.0514058,-3.6353897998801,0.0 -47.0523393,-3.6353870998801,0.0 -47.0524409,-3.63457899988012,0.0 -47.0519185,-3.63286209988018,0.0 -47.0496331,-3.63074479988025,0.0 -47.0467258,-3.62862899988032,0.0 -47.0452682,-3.62549909988042,0.0 -47.0453679,-3.62388209988048,0.0 -47.0468694,-3.6231709998805,0.0 -47.0475946,-3.62296729988051,0.0 -47.048628,-3.62154959988055,0.0 -47.0486239,-3.61962929988061,0.0 -47.0467534,-3.61751169988068,0.0 -47.0449886,-3.61640379988072,0.0 -47.0427078,-3.61651029988072,0.0 -47.041153,-3.61631169988072,0.0 -47.0404246,-3.61540389988075,0.0 -47.0396965,-3.6140912998808,0.0 -47.0401055,-3.61146229988088,0.0 -47.039163,-3.60711909988103,0.0 -47.0381744,-3.60550379988108,0.0 -47.0377595,-3.60550509988108,0.0 -47.0373462,-3.60611239988106,0.0 -47.0363092,-3.60611439988106,0.0 -47.035893,-3.60510489988109,0.0 -47.0352694,-3.60460099988111,0.0 -47.0342334,-3.60460299988111,0.0 -47.0329913,-3.60541489988108,0.0 -47.0317474,-3.60541799988108,0.0 -47.0305906,-3.60461109988111,0.0 -47.029431,-3.60413439988112,0.0 -47.0290318,-3.60404609988113,0.0 -47.0289065,-3.60413189988112,0.0 -47.0288133,-3.60423719988112,0.0 -47.0275125,-3.60628229988105,0.0 -47.0269676,-3.60713579988102,0.0 -47.0269361,-3.60726029988102,0.0 -47.0269346,-3.60738469988102,0.0 -47.0269497,-3.60748869988101,0.0 -47.0270059,-3.60762449988101,0.0 -47.0270919,-3.607848399881,0.0 -47.0271056,-3.607953399881,0.0 -47.027158,-3.60807659988099,0.0 -47.0272426,-3.60813419988099,0.0 -47.0273266,-3.60816649988099,0.0 -47.02771,-3.60805419988099,0.0 -47.0278546,-3.60815309988099,0.0 -47.0279587,-3.60817899988099,0.0 -47.0280576,-3.60813729988099,0.0 -47.0281714,-3.60805329988099,0.0 -47.0282558,-3.608023299881,0.0 -47.0283175,-3.608025199881,0.0 -47.0283541,-3.60809489988099,0.0 -47.0283515,-3.60824169988099,0.0 -47.0283389,-3.60854579988098,0.0 -47.0283153,-3.60911689988096,0.0 -47.0280879,-3.60924969988096,0.0 -47.028018,-3.60932749988095,0.0 -47.0279637,-3.60943239988095,0.0 -47.0279518,-3.60950009988095,0.0 -47.027954,-3.60956609988095,0.0 -47.0279822,-3.60964039988094,0.0 -47.0280475,-3.60970909988094,0.0 -47.0281918,-3.60979639988094,0.0 -47.0283373,-3.60993709988093,0.0 -47.028565,-3.61003859988093,0.0 -47.0287462,-3.61009339988093,0.0 -47.028956,-3.61008049988093,0.0 -47.0290947,-3.61008139988093,0.0 -47.0300698,-3.60974959988094,0.0 -47.0302154,-3.60976889988094,0.0 -47.0303599,-3.60985089988094,0.0 -47.0304366,-3.60996609988093,0.0 -47.0304467,-3.61013439988093,0.0 -47.0303826,-3.61028499988092,0.0 -47.0303666,-3.61042209988092,0.0 -47.0304346,-3.61056569988091,0.0 -47.0304449,-3.6107821998809,0.0 -47.03036,-3.6109793998809,0.0 -47.0296361,-3.61158699988088,0.0 -47.0290077,-3.61213669988086,0.0 -47.0275887,-3.61289279988084,0.0 -47.025597,-3.61361729988081,0.0 -47.0250998,-3.6138479998808,0.0 -47.0246592,-3.61426899988079,0.0 -47.0244555,-3.61473739988078,0.0 -47.0245057,-3.61575359988074,0.0 -47.0247303,-3.61645279988072,0.0 -47.0246735,-3.6169836998807,0.0 -47.0246542,-3.61824059988066,0.0 -47.02475,-3.61883109988064,0.0 -47.0247046,-3.61913169988063,0.0 -47.0246386,-3.61923649988063,0.0 -47.024682,-3.61932309988062,0.0 -47.0247415,-3.61937779988062,0.0 -47.0248047,-3.61940899988062,0.0 -47.0248993,-3.61937839988062,0.0 -47.0250276,-3.61936249988062,0.0 -47.0252434,-3.61939249988062,0.0 -47.0256095,-3.61938679988062,0.0 -47.0261175,-3.61927149988063,0.0 -47.0265893,-3.61931379988063,0.0 -47.0267833,-3.61932709988062,0.0 -47.0268716,-3.61936459988062,0.0 -47.0269387,-3.61943189988062,0.0 -47.0269862,-3.61955099988062,0.0 -47.0270067,-3.61960289988062,0.0 -47.0270753,-3.61966189988061,0.0 -47.0271274,-3.61968959988061,0.0 -47.0271967,-3.61973609988061,0.0 -47.0273603,-3.61993089988061,0.0 -47.0275912,-3.62055409988058,0.0 -47.0276123,-3.62071359988058,0.0 -47.0275806,-3.62081159988058,0.0 -47.0275313,-3.62088169988057,0.0 -47.0275378,-3.62098229988057,0.0 -47.0275608,-3.62104279988057,0.0 -47.0276253,-3.62110739988057,0.0 -47.0276645,-3.62119979988056,0.0 -47.0277191,-3.62136139988056,0.0 -47.0278293,-3.62151619988055,0.0 -47.0279274,-3.62170629988055,0.0 -47.0280375,-3.62186969988054,0.0 -47.0281684,-3.62211049988053,0.0 -47.0283033,-3.62230079988053,0.0 -47.028428,-3.62244259988052,0.0 -47.0284679,-3.62249849988052,0.0 -47.0284732,-3.62255729988052,0.0 -47.0284534,-3.62262599988052,0.0 -47.0283973,-3.62269569988051,0.0 -47.028312,-3.62277819988051,0.0 -47.0282723,-3.62286389988051,0.0 -47.0282508,-3.6230150998805,0.0 -47.0281701,-3.62333819988049,0.0 -47.0281248,-3.62347279988049,0.0 -47.0280964,-3.62355739988049,0.0 -47.0280342,-3.62363159988048,0.0 -47.0279533,-3.62370159988048,0.0 -47.0278768,-3.62372299988048,0.0 -47.0277013,-3.62379769988048,0.0 -47.0274937,-3.62386769988048,0.0 -47.026965,-3.62414239988047,0.0 -47.0265354,-3.62439559988046,0.0 -47.0265036,-3.62448409988046,0.0 -47.0262966,-3.62483569988044,0.0 -47.0260034,-3.62527259988043,0.0 -47.025835,-3.62540579988042,0.0 -47.0254334,-3.62553749988042,0.0 -47.025039,-3.62555669988042,0.0 -47.024724,-3.62554649988042,0.0 -47.0246731,-3.62554649988042,0.0 -47.0246257,-3.62554999988042,0.0 -47.0245915,-3.62556399988042,0.0 -47.0245735,-3.62560689988042,0.0 -47.0245542,-3.62562529988042,0.0 -47.0245217,-3.62563229988042,0.0 -47.0244313,-3.62566559988042,0.0 -47.0243418,-3.62571819988042,0.0 -47.0242733,-3.62576719988041,0.0 -47.0242505,-3.62579879988041,0.0 -47.0241926,-3.62581799988041,0.0 -47.0241575,-3.62583379988041,0.0 -47.0241031,-3.62584779988041,0.0 -47.0240416,-3.62584609988041,0.0 -47.0239943,-3.62583029988041,0.0 -47.0239065,-3.62580749988041,0.0 -47.0238451,-3.62575499988041,0.0 -47.0238187,-3.62570419988042,0.0 -47.0237784,-3.62566209988042,0.0 -47.0237397,-3.62563409988042,0.0 -47.0236695,-3.62560079988042,0.0 -47.0236099,-3.62562359988042,0.0 -47.0235783,-3.62567789988042,0.0 -47.0235958,-3.62576549988041,0.0 -47.0236081,-3.62584779988041,0.0 -47.0236116,-3.62589689988041,0.0 -47.0235958,-3.62599849988041,0.0 -47.0235432,-3.6261350998804,0.0 -47.0235309,-3.6262278998804,0.0 -47.0235484,-3.62631199988039,0.0 -47.0235702,-3.62640189988039,0.0 -47.0237282,-3.62683039988038,0.0 -47.0241508,-3.62724399988036,0.0 -47.0242631,-3.62730279988036,0.0 -47.0243115,-3.62735999988036,0.0 -47.0243416,-3.62749699988036,0.0 -47.024394,-3.62756469988036,0.0 -47.0245085,-3.62760279988035,0.0 -47.0249028,-3.62760369988035,0.0 -47.0250351,-3.62756639988036,0.0 -47.0253373,-3.62760759988035,0.0 -47.0255839,-3.62772569988035,0.0 -47.0256402,-3.62778249988035,0.0 -47.025631,-3.62785899988035,0.0 -47.0255943,-3.62792319988034,0.0 -47.0255326,-3.62796789988034,0.0 -47.0254545,-3.62803969988034,0.0 -47.0254073,-3.62810359988034,0.0 -47.0253879,-3.62815569988034,0.0 -47.0253886,-3.62822719988033,0.0 -47.0254379,-3.62829429988033,0.0 -47.0255312,-3.62835719988033,0.0 -47.0256372,-3.62838709988033,0.0 -47.0258929,-3.62846749988033,0.0 -47.026221,-3.62849809988032,0.0 -47.0268464,-3.62857139988032,0.0 -47.0275189,-3.62861809988032,0.0 -47.0276735,-3.62864549988032,0.0 -47.027751,-3.62878299988031,0.0 -47.0277717,-3.62885949988031,0.0 -47.0277436,-3.62890599988031,0.0 -47.0276949,-3.62892169988031,0.0 -47.0275882,-3.62903269988031,0.0 -47.0274663,-3.6291508998803,0.0 -47.0272876,-3.6293595998803,0.0 -47.027194,-3.62942389988029,0.0 -47.0270863,-3.62946989988029,0.0 -47.0269607,-3.62947769988029,0.0 -47.0268827,-3.62948559988029,0.0 -47.0266958,-3.62959739988029,0.0 -47.0264814,-3.62978129988028,0.0 -47.0263288,-3.62991179988028,0.0 -47.026239,-3.63009529988027,0.0 -47.0262461,-3.63037999988026,0.0 -47.0262323,-3.63065359988025,0.0 -47.0262058,-3.63084979988025,0.0 -47.02616,-3.63096429988024,0.0 -47.0260036,-3.63099709988024,0.0 -47.0258643,-3.63104539988024,0.0 -47.0257088,-3.63107469988024,0.0 -47.0255867,-3.63115919988024,0.0 -47.0255421,-3.63125239988023,0.0 -47.0255598,-3.63138419988023,0.0 -47.0255452,-3.63147819988023,0.0 -47.0255754,-3.63166879988022,0.0 -47.025526,-3.63175389988022,0.0 -47.0254616,-3.63177409988022,0.0 -47.0254597,-3.63189399988021,0.0 -47.0255047,-3.63202469988021,0.0 -47.025602,-3.6321561998802,0.0 -47.025701,-3.6324190998802,0.0 -47.0257416,-3.63263459988019,0.0 -47.0257401,-3.63287939988018,0.0 -47.0256968,-3.63311999988017,0.0 -47.0256173,-3.63352929988016,0.0 -47.0255401,-3.63423589988014,0.0 -47.0256354,-3.63462119988012,0.0 -47.0256968,-3.63461069988012,0.0 -47.025746,-3.63459319988012,0.0 -47.0257881,-3.63460899988012,0.0 -47.0258021,-3.63464749988012,0.0 -47.0257863,-3.63473859988012,0.0 -47.0257723,-3.63482089988012,0.0 -47.02576,-3.63495059988011,0.0 -47.0257583,-3.63507139988011,0.0 -47.0257319,-3.63511169988011,0.0 -47.0257056,-3.6351974998801,0.0 -47.0256793,-3.6352517998801,0.0 -47.0256793,-3.6352990998801,0.0 -47.0257074,-3.6353516998801,0.0 -47.0257653,-3.6353586998801,0.0 -47.0258478,-3.6353866998801,0.0 -47.0258917,-3.6354322998801,0.0 -47.0259443,-3.63554959988009,0.0 -47.0259566,-3.63561969988009,0.0 -47.0259636,-3.63568279988009,0.0 -47.0259759,-3.63579659988008,0.0 -47.025997,-3.63587899988008,0.0 -47.0260409,-3.63593849988008,0.0 -47.0260584,-3.63599109988008,0.0 -47.0260637,-3.63604539988008,0.0 -47.0260812,-3.63613999988007,0.0 -47.0260602,-3.63616799988007,0.0 -47.0260198,-3.63617849988007,0.0 -47.0259847,-3.63621529988007,0.0 -47.0259689,-3.63625209988007,0.0 -47.0259548,-3.63630289988007,0.0 -47.0259566,-3.63634669988007,0.0 -47.0259794,-3.63638169988007,0.0 -47.0260602,-3.63639569988006,0.0 -47.0261216,-3.63642199988007,0.0 -47.026169,-3.63644829988006,0.0 -47.0261778,-3.63648329988006,0.0 -47.026183,-3.63653229988006,0.0 -47.0261497,-3.63656039988006,0.0 -47.0261023,-3.63658839988006,0.0 -47.0260812,-3.63661469988006,0.0 -47.0260672,-3.63665319988006,0.0 -47.0260672,-3.63669869988006,0.0 -47.0261198,-3.63677579988005,0.0 -47.0261339,-3.63679679988005,0.0 -47.0261427,-3.63684059988005,0.0 -47.0261374,-3.63697199988005,0.0 -47.0261444,-3.63703159988004,0.0 -47.0262216,-3.63709289988004,0.0 -47.0262146,-3.63715589988004,0.0 -47.0260566,-3.63728029988004,0.0 -47.0259584,-3.63740989988003,0.0 -47.0258706,-3.63751149988003,0.0 -47.0258566,-3.63758159988003,0.0 -47.0258952,-3.63765519988002,0.0 -47.0259864,-3.63768319988002,0.0 -47.0260531,-3.63775329988002,0.0 -47.0261058,-3.63783379988002,0.0 -47.0261971,-3.63783379988002,0.0 -47.0262954,-3.63783379988002,0.0 -47.0264393,-3.63781279988002,0.0 -47.0267096,-3.63786539988002,0.0 -47.026836,-3.63793889988001,0.0 -47.0268816,-3.63804049988001,0.0 -47.0269237,-3.63832429988,0.0 -47.0268974,-3.63848899988,0.0 -47.0267693,-3.63862559987999,0.0 -47.026678,-3.63870619987999,0.0 -47.0265299,-3.63876589987999,0.0 -47.0263761,-3.63876049987999,0.0 -47.026083,-3.63877799987999,0.0 -47.0259777,-3.63878849987999,0.0 -47.0258881,-3.63880249987999,0.0 -47.0257618,-3.63882179987999,0.0 -47.0255363,-3.63886249987999,0.0 -47.0254564,-3.63891109987998,0.0 -47.0253019,-3.63898469987998,0.0 -47.0251843,-3.63906179987998,0.0 -47.0251246,-3.63918089987997,0.0 -47.0251387,-3.63930879987997,0.0 -47.0252038,-3.63937899987997,0.0 -47.0254599,-3.63964679987996,0.0 -47.025581,-3.63983949987995,0.0 -47.0257056,-3.63994109987995,0.0 -47.0258829,-3.64005149987995,0.0 -47.0260479,-3.64013379987994,0.0 -47.0261918,-3.64012159987994,0.0 -47.0264137,-3.64008519987994,0.0 -47.0268061,-3.63987109987995,0.0 -47.0268921,-3.63983599987995,0.0 -47.0271045,-3.63979399987995,0.0 -47.0277275,-3.63958689987996,0.0 -47.0287658,-3.63988839987995,0.0 -47.0292866,-3.64109989987991,0.0 -47.0292895,-3.64200929987988,0.0 -47.0304305,-3.64241119987987,0.0 -47.0314675,-3.64240849987987,0.0 -47.0330241,-3.64341599987984,0.0 -47.0327196,-3.64624499987974,0.0 -47.0308663,-3.65100019987959,0.0 -47.0269839,-3.65424319987948,0.0 -47.0263642,-3.65545749987944,0.0 -47.0265393,-3.65719909987938,0.0 -47.0262027,-3.65851459987934,0.0 -47.0254721,-3.66024209987928,0.0 -47.0252266,-3.66067729987927,0.0 -47.0251549,-3.66121559987925,0.0 -47.0252819,-3.66137819987925,0.0 -47.0254548,-3.66147199987924,0.0 -47.0259774,-3.66146419987924,0.0 -47.0263782,-3.66142099987924,0.0 -47.0267555,-3.66120609987925,0.0 -47.027108,-3.66116539987925,0.0 -47.0276099,-3.66140439987924,0.0 -47.0279712,-3.66160199987924,0.0 -47.0282795,-3.66178869987923,0.0 -47.0283233,-3.66191389987923,0.0 -47.0282635,-3.66200819987923,0.0 -47.0281672,-3.66219199987922,0.0 -47.0280627,-3.66229439987921,0.0 -47.0279271,-3.66236409987921,0.0 -47.0275006,-3.66245279987921,0.0 -47.0269549,-3.66242469987921,0.0 -47.026409,-3.66217119987922,0.0 -47.0260497,-3.66213589987922,0.0 -47.0255286,-3.66226609987922,0.0 -47.0254064,-3.66232009987921,0.0 -47.0254787,-3.66253959987921,0.0 -47.0257617,-3.6628262998792,0.0 -47.026161,-3.66311199987919,0.0 -47.0283101,-3.66374779987917,0.0 -47.028667,-3.66399529987916,0.0 -47.0287308,-3.66413659987916,0.0 -47.0287485,-3.66442079987914,0.0 -47.028749,-3.66560669987911,0.0 -47.028575,-3.66676199987907,0.0 -47.0285465,-3.66694319987906,0.0 -47.0284595,-3.66701609987906,0.0 -47.0283474,-3.66705829987906,0.0 -47.0282473,-3.66706629987906,0.0 -47.0278041,-3.66715929987906,0.0 -47.0275892,-3.66735469987905,0.0 -47.0274958,-3.66751679987904,0.0 -47.026741,-3.66850859987901,0.0 -47.0257753,-3.66930999987899,0.0 -47.0251218,-3.66992079987897,0.0 -47.024724,-3.67019119987896,0.0 -47.0245189,-3.67033249987895,0.0 -47.0243514,-3.67049929987895,0.0 -47.024275,-3.67069449987894,0.0 -47.0242342,-3.67085289987893,0.0 -47.0242665,-3.67102729987893,0.0 -47.024302,-3.67120179987892,0.0 -47.0244095,-3.67145069987891,0.0 -47.0247048,-3.6717594998789,0.0 -47.024989,-3.6719593998789,0.0 -47.0255301,-3.67221379987889,0.0 -47.026367,-3.67242649987888,0.0 -47.0266091,-3.67261039987888,0.0 -47.0268864,-3.67277509987887,0.0 -47.0269637,-3.67282059987887,0.0 -47.0270128,-3.67289769987887,0.0 -47.0270233,-3.67296069987887,0.0 -47.0270339,-3.67304129987886,0.0 -47.0270479,-3.67313589987886,0.0 -47.027076,-3.67320949987886,0.0 -47.0271357,-3.67327249987885,0.0 -47.0271813,-3.67330759987885,0.0 -47.0272831,-3.67338459987885,0.0 -47.0274235,-3.67345819987885,0.0 -47.0275324,-3.67348619987885,0.0 -47.0276868,-3.67353529987885,0.0 -47.0277605,-3.67356329987885,0.0 -47.0278588,-3.67361929987884,0.0 -47.0279115,-3.67366839987884,0.0 -47.0279922,-3.67374549987884,0.0 -47.0280326,-3.67379629987884,0.0 -47.0280572,-3.67383829987884,0.0 -47.0280765,-3.67392059987883,0.0 -47.0280695,-3.67395389987883,0.0 -47.0280221,-3.67398189987883,0.0 -47.0279905,-3.67399939987883,0.0 -47.0279606,-3.67400819987883,0.0 -47.0278685,-3.67399329987883,0.0 -47.0278272,-3.67400469987883,0.0 -47.0278053,-3.67402219987883,0.0 -47.027793,-3.67403449987883,0.0 -47.0277684,-3.67405899987883,0.0 -47.0277456,-3.67408969987883,0.0 -47.0277083,-3.67412639987883,0.0 -47.0276939,-3.67416299987883,0.0 -47.0276802,-3.67419559987883,0.0 -47.0276741,-3.67422719987883,0.0 -47.0276601,-3.67425079987882,0.0 -47.0276381,-3.67428319987882,0.0 -47.0276214,-3.67432259987882,0.0 -47.0276013,-3.67435239987882,0.0 -47.0275609,-3.67438039987882,0.0 -47.0275117,-3.67439619987882,0.0 -47.0274907,-3.67440139987882,0.0 -47.0274345,-3.67440669987882,0.0 -47.0274082,-3.67440669987882,0.0 -47.0273871,-3.67440489987882,0.0 -47.0273744,-3.67440099987882,0.0 -47.0273661,-3.67439659987882,0.0 -47.0273582,-3.67439049987882,0.0 -47.0273518,-3.67438569987882,0.0 -47.0273432,-3.67437669987882,0.0 -47.027336,-3.67435149987882,0.0 -47.0273202,-3.67432789987882,0.0 -47.0273013,-3.67430639987882,0.0 -47.0272798,-3.67429809987882,0.0 -47.0272465,-3.67429419987882,0.0 -47.0272215,-3.67429279987882,0.0 -47.0271916,-3.67429769987882,0.0 -47.0271456,-3.67430469987882,0.0 -47.0271096,-3.67430469987882,0.0 -47.0270402,-3.67431169987882,0.0 -47.0269463,-3.67431339987882,0.0 -47.0269086,-3.67431959987882,0.0 -47.0268752,-3.67437299987882,0.0 -47.0268445,-3.67441329987882,0.0 -47.0268094,-3.67444919987882,0.0 -47.0267971,-3.67447809987882,0.0 -47.0267884,-3.67456219987881,0.0 -47.0268094,-3.67463049987881,0.0 -47.0268217,-3.67470579987881,0.0 -47.0268515,-3.67477149987881,0.0 -47.0269016,-3.6748388998788,0.0 -47.0270367,-3.6749211998788,0.0 -47.0270718,-3.6749702998788,0.0 -47.027142,-3.6750508998788,0.0 -47.0271771,-3.6751068998788,0.0 -47.0272122,-3.67518749987879,0.0 -47.0272684,-3.67531359987879,0.0 -47.0273281,-3.67540119987879,0.0 -47.0273681,-3.67547249987878,0.0 -47.0275141,-3.67557979987878,0.0 -47.0275879,-3.67561489987878,0.0 -47.0277002,-3.67563239987878,0.0 -47.0277985,-3.67563589987878,0.0 -47.0280056,-3.67562889987878,0.0 -47.0281846,-3.67562189987878,0.0 -47.0283672,-3.67562189987878,0.0 -47.0285181,-3.67562189987878,0.0 -47.0286445,-3.67561139987878,0.0 -47.0287569,-3.67556229987878,0.0 -47.0288551,-3.67549229987878,0.0 -47.0289885,-3.67542919987879,0.0 -47.029136,-3.67539069987879,0.0 -47.0292448,-3.67536259987879,0.0 -47.0293396,-3.67536259987879,0.0 -47.0295151,-3.67542919987879,0.0 -47.0295151,-3.67546769987878,0.0 -47.0295151,-3.67563589987878,0.0 -47.0295151,-3.67574799987877,0.0 -47.0295151,-3.67588459987877,0.0 -47.0294765,-3.67595469987877,0.0 -47.0293642,-3.67602129987877,0.0 -47.0292202,-3.67616489987876,0.0 -47.0291009,-3.67622789987876,0.0 -47.0290482,-3.67629449987876,0.0 -47.0289815,-3.67642409987875,0.0 -47.0288867,-3.67658179987875,0.0 -47.0287814,-3.67663429987875,0.0 -47.028634,-3.67665179987874,0.0 -47.0285603,-3.67670089987874,0.0 -47.0284971,-3.67678149987874,0.0 -47.028455,-3.67684449987874,0.0 -47.0284479,-3.67691459987874,0.0 -47.0284374,-3.67698459987873,0.0 -47.0284374,-3.67704419987873,0.0 -47.0284374,-3.67712129987873,0.0 -47.0284374,-3.67721239987873,0.0 -47.0284269,-3.67725789987873,0.0 -47.0284058,-3.67727889987873,0.0 -47.0283602,-3.67727889987873,0.0 -47.0283251,-3.67727189987873,0.0 -47.0282549,-3.67724389987873,0.0 -47.0281882,-3.67724389987873,0.0 -47.0281495,-3.67727539987873,0.0 -47.028132,-3.67732099987872,0.0 -47.0281109,-3.67738399987872,0.0 -47.0280969,-3.67745059987872,0.0 -47.0281109,-3.67751709987872,0.0 -47.028139,-3.67755219987872,0.0 -47.0281706,-3.67757839987871,0.0 -47.028218,-3.67757839987871,0.0 -47.0282689,-3.67754339987872,0.0 -47.0283268,-3.67746809987872,0.0 -47.0283725,-3.67745929987872,0.0 -47.0284374,-3.67748739987872,0.0 -47.028483,-3.67750309987872,0.0 -47.0285392,-3.67753819987872,0.0 -47.0285726,-3.67757489987871,0.0 -47.0286164,-3.67761699987871,0.0 -47.0286199,-3.67762569987871,0.0 -47.028648,-3.67766599987871,0.0 -47.0286831,-3.67775709987871,0.0 -47.0287095,-3.67784119987871,0.0 -47.0287235,-3.6778919998787,0.0 -47.0287604,-3.6779970998787,0.0 -47.0287744,-3.6780776998787,0.0 -47.0287762,-3.67816349987869,0.0 -47.0287797,-3.67825279987869,0.0 -47.028792,-3.67834389987869,0.0 -47.0287972,-3.67841919987869,0.0 -47.0287779,-3.67874679987868,0.0 -47.0287744,-3.67884489987867,0.0 -47.0287551,-3.67890269987867,0.0 -47.0286796,-3.67907259987867,0.0 -47.0286726,-3.67920569987866,0.0 -47.0286586,-3.67923719987866,0.0 -47.028655,-3.67932829987866,0.0 -47.0286533,-3.67942109987865,0.0 -47.0286533,-3.67946839987865,0.0 -47.0286533,-3.67949819987865,0.0 -47.0286463,-3.67954549987865,0.0 -47.0286182,-3.67962959987865,0.0 -47.0286094,-3.67976449987864,0.0 -47.0286112,-3.67982929987864,0.0 -47.0286077,-3.67998869987864,0.0 -47.0286077,-3.68012529987863,0.0 -47.0285971,-3.68026889987863,0.0 -47.0286463,-3.68038099987862,0.0 -47.0287024,-3.68048259987862,0.0 -47.0287937,-3.68054219987862,0.0 -47.0288499,-3.68063329987861,0.0 -47.0288323,-3.68070329987861,0.0 -47.0287797,-3.68077689987861,0.0 -47.0287972,-3.68093099987861,0.0 -47.0288183,-3.6810045998786,0.0 -47.0288411,-3.6810693998786,0.0 -47.0289125,-3.68122559987859,0.0 -47.0290135,-3.68133329987859,0.0 -47.0292398,-3.68157449987858,0.0 -47.029491,-3.68184619987857,0.0 -47.0294911,-3.68216289987856,0.0 -47.0293315,-3.68235209987856,0.0 -47.0288374,-3.68267209987855,0.0 -47.0281095,-3.68275969987854,0.0 -47.0275239,-3.68286559987854,0.0 -47.0270509,-3.68318929987853,0.0 -47.0265388,-3.68372469987851,0.0 -47.0262721,-3.6840541998785,0.0 -47.0262287,-3.68443189987849,0.0 -47.0266402,-3.68517639987847,0.0 -47.0266537,-3.68566239987845,0.0 -47.0263945,-3.68588559987844,0.0 -47.0260894,-3.68592559987844,0.0 -47.0255935,-3.68575619987845,0.0 -47.0248328,-3.68460419987848,0.0 -47.0244607,-3.68455159987849,0.0 -47.0242928,-3.68486369987848,0.0 -47.0242806,-3.68526539987846,0.0 -47.0228899,-3.68910169987834,0.0 -47.0228635,-3.69054269987829,0.0 -47.0226421,-3.69117109987827,0.0 -47.022026,-3.69146479987826,0.0 -47.0215739,-3.69155769987826,0.0 -47.0209621,-3.69123369987827,0.0 -47.0203544,-3.6902849998783,0.0 -47.0193901,-3.68941629987833,0.0 -47.0188746,-3.68931869987833,0.0 -47.0182795,-3.68975549987832,0.0 -47.0178407,-3.6903044998783,0.0 -47.0176105,-3.69090579987828,0.0 -47.0177107,-3.69151719987826,0.0 -47.0172504,-3.69190989987824,0.0 -47.0167073,-3.69194889987824,0.0 -47.0165555,-3.69209459987824,0.0 -47.016386,-3.69262399987822,0.0 -47.0159075,-3.69313889987821,0.0 -47.0155602,-3.6931596998782,0.0 -47.015227,-3.69279349987822,0.0 -47.0148646,-3.69262709987822,0.0 -47.0144821,-3.69277029987822,0.0 -47.0140519,-3.69307929987821,0.0 -47.0126064,-3.69465039987815,0.0 -47.0118721,-3.69553879987813,0.0 -47.0112972,-3.69566289987812,0.0 -47.0105598,-3.69529399987813,0.0 -47.0098661,-3.69532949987813,0.0 -47.0092198,-3.69571319987812,0.0 -47.0089942,-3.6962611998781,0.0 -47.0086633,-3.69708219987807,0.0 -47.0088225,-3.69804649987804,0.0 -47.0086383,-3.69886359987802,0.0 -47.0085003,-3.699475899878,0.0 -47.0081187,-3.69998579987798,0.0 -47.0079137,-3.70014169987797,0.0 -47.007586,-3.70027979987797,0.0 -47.0072064,-3.70037899987797,0.0 -47.0068488,-3.70036489987797,0.0 -47.0065461,-3.70044539987797,0.0 -47.0063045,-3.70056039987796,0.0 -47.0062002,-3.70078369987795,0.0 -47.0060183,-3.70107699987794,0.0 -47.0058269,-3.70131319987794,0.0 -47.0059092,-3.70166059987793,0.0 -47.0061647,-3.70206949987791,0.0 -47.0064273,-3.70268609987789,0.0 -47.0067934,-3.70358319987786,0.0 -47.0066308,-3.70396369987785,0.0 -47.0063202,-3.70400779987785,0.0 -47.0060434,-3.70379919987786,0.0 -47.005613,-3.70340539987787,0.0 -47.0022417,-3.70275249987789,0.0 -47.0018584,-3.7024680998779,0.0 -47.0016442,-3.70219709987791,0.0 -47.0013009,-3.7022908998779,0.0 -47.0010435,-3.7025123998779,0.0 -47.0009639,-3.70276839987789,0.0 -47.0010633,-3.70309849987788,0.0 -47.0007366,-3.70481129987782,0.0 -47.0004653,-3.70523489987781,0.0 -47.000333,-3.7055999998778,0.0 -46.9998473,-3.70578679987779,0.0 -46.9990686,-3.70585829987779,0.0 -46.9982534,-3.70589429987779,0.0 -46.9976286,-3.70594249987778,0.0 -46.9971832,-3.70572269987779,0.0 -46.9970119,-3.7054019998778,0.0 -46.996769,-3.7053429998778,0.0 -46.9965825,-3.70567729987779,0.0 -46.9965513,-3.70626409987777,0.0 -46.9966688,-3.70679559987776,0.0 -46.996985,-3.70706449987775,0.0 -46.9976941,-3.70790309987772,0.0 -46.997977,-3.70825499987771,0.0 -46.9980074,-3.7085401998777,0.0 -46.9977476,-3.70867339987769,0.0 -46.997258,-3.70876509987769,0.0 -46.9966602,-3.70891809987769,0.0 -46.995894,-3.70903749987768,0.0 -46.995706,-3.70948979987767,0.0 -46.9955032,-3.70984789987766,0.0 -46.9953924,-3.71033519987764,0.0 -46.9955323,-3.71094599987762,0.0 -46.9960258,-3.71250589987757,0.0 -46.9965221,-3.71350349987754,0.0 -46.9974545,-3.71427009987751,0.0 -46.9980565,-3.71496799987749,0.0 -46.998105,-3.71574999987746,0.0 -46.996774,-3.71797699987739,0.0 -46.9964161,-3.71812439987738,0.0 -46.9961173,-3.71796159987739,0.0 -46.9960147,-3.7176314998774,0.0 -46.9957889,-3.71659819987744,0.0 -46.9955689,-3.71520509987748,0.0 -46.9950335,-3.71439829987751,0.0 -46.9942587,-3.71398059987752,0.0 -46.9936538,-3.71366839987753,0.0 -46.9932837,-3.71336819987754,0.0 -46.9929071,-3.71328009987754,0.0 -46.9926434,-3.71345199987754,0.0 -46.9924317,-3.71381709987753,0.0 -46.993137,-3.71424969987751,0.0 -46.9932374,-3.71441959987751,0.0 -46.9933723,-3.7145488998775,0.0 -46.9935728,-3.7146544998775,0.0 -46.9937175,-3.7146056998775,0.0 -46.9938087,-3.7147125998775,0.0 -46.9938353,-3.71482849987749,0.0 -46.9937384,-3.71493669987749,0.0 -46.9935843,-3.71493709987749,0.0 -46.993405,-3.71497319987749,0.0 -46.9928385,-3.71486509987749,0.0 -46.9920794,-3.71552159987747,0.0 -46.9912702,-3.71637899987744,0.0 -46.9911066,-3.71684869987743,0.0 -46.991385,-3.71738409987741,0.0 -46.9914366,-3.71787729987739,0.0 -46.990998,-3.71879799987736,0.0 -46.9905122,-3.71918529987735,0.0 -46.9892698,-3.72042299987731,0.0 -46.9886022,-3.72152379987727,0.0 -46.9881989,-3.72219459987725,0.0 -46.9879884,-3.72302179987722,0.0 -46.9875531,-3.7236506998772,0.0 -46.9861817,-3.72440859987718,0.0 -46.9838822,-3.72575249987714,0.0 -46.983614,-3.72614039987712,0.0 -46.9837463,-3.7266723998771,0.0 -46.9840139,-3.72707589987709,0.0 -46.9838768,-3.72752439987708,0.0 -46.9836249,-3.72808829987706,0.0 -46.983253,-3.73309399987689,0.0 -46.9830607,-3.73394299987687,0.0 -46.9824865,-3.73438169987685,0.0 -46.9820165,-3.73441179987685,0.0 -46.9816975,-3.73418199987686,0.0 -46.9805143,-3.73382139987687,0.0 -46.978401,-3.73343599987688,0.0 -46.9779497,-3.73340289987688,0.0 -46.9775361,-3.73369199987687,0.0 -46.9770704,-3.73417449987686,0.0 -46.9770244,-3.73465829987684,0.0 -46.977242,-3.73579199987681,0.0 -46.9771614,-3.73668889987678,0.0 -46.9771886,-3.73691139987677,0.0 -46.9773994,-3.73702889987677,0.0 -46.9776958,-3.73737189987675,0.0 -46.9777724,-3.73763859987674,0.0 -46.9774588,-3.73815299987673,0.0 -46.9770636,-3.73836899987672,0.0 -46.9764855,-3.73835419987672,0.0 -46.9765102,-3.73870349987671,0.0 -46.97686,-3.73878899987671,0.0 -46.9780684,-3.73842169987672,0.0 -46.9789478,-3.73838849987672,0.0 -46.9793953,-3.73861779987671,0.0 -46.9797956,-3.7390153998767,0.0 -46.9800085,-3.73938179987669,0.0 -46.9801353,-3.73982939987667,0.0 -46.9795565,-3.74024379987666,0.0 -46.9788097,-3.74084589987664,0.0 -46.9780758,-3.74125539987663,0.0 -46.9773319,-3.74127439987663,0.0 -46.9767757,-3.74139669987662,0.0 -46.9761877,-3.7420861998766,0.0 -46.9758313,-3.74316729987656,0.0 -46.9757772,-3.74352889987655,0.0 -46.9759978,-3.74362979987655,0.0 -46.9762731,-3.74356769987655,0.0 -46.976497,-3.74309459987657,0.0 -46.9771428,-3.74245729987659,0.0 -46.9784727,-3.74190739987661,0.0 -46.9790114,-3.7421815998766,0.0 -46.9791309,-3.74298959987657,0.0 -46.978878,-3.74435599987652,0.0 -46.9788574,-3.74469089987651,0.0 -46.9787782,-3.74488749987651,0.0 -46.9785139,-3.7452235998765,0.0 -46.9783697,-3.74554069987648,0.0 -46.9785684,-3.74575619987648,0.0 -46.9792905,-3.74567999987648,0.0 -46.980022,-3.74580719987648,0.0 -46.9802369,-3.74596449987647,0.0 -46.9803975,-3.74617549987647,0.0 -46.9803335,-3.74632339987646,0.0 -46.9799246,-3.74650959987645,0.0 -46.979697,-3.74662359987645,0.0 -46.9791058,-3.74696119987644,0.0 -46.9780869,-3.74710669987644,0.0 -46.9772317,-3.74730459987643,0.0 -46.9770202,-3.74753609987642,0.0 -46.9769643,-3.7480542998764,0.0 -46.9770851,-3.7482019998764,0.0 -46.9773827,-3.7482696998764,0.0 -46.9777169,-3.7481539998764,0.0 -46.9777069,-3.7482518998764,0.0 -46.9775287,-3.74842519987639,0.0 -46.977318,-3.74862429987639,0.0 -46.9771988,-3.74905549987637,0.0 -46.9768031,-3.74981759987635,0.0 -46.9762333,-3.75046989987632,0.0 -46.9755044,-3.75069589987632,0.0 -46.9748313,-3.75054599987632,0.0 -46.9739153,-3.74976059987635,0.0 -46.9735181,-3.74985809987635,0.0 -46.9733202,-3.75006599987634,0.0 -46.9732086,-3.75030879987633,0.0 -46.9732248,-3.75054359987632,0.0 -46.9740067,-3.7511877998763,0.0 -46.9744149,-3.75215959987627,0.0 -46.9744615,-3.75292529987624,0.0 -46.9739122,-3.75329779987623,0.0 -46.9731267,-3.75320539987623,0.0 -46.9725208,-3.75335759987623,0.0 -46.9722673,-3.75364189987622,0.0 -46.9722048,-3.75395249987621,0.0 -46.9720751,-3.75637809987613,0.0 -46.9717153,-3.75765829987609,0.0 -46.9714514,-3.75802959987608,0.0 -46.9711963,-3.75824279987607,0.0 -46.9709462,-3.75863529987606,0.0 -46.9709498,-3.75893039987605,0.0 -46.9710483,-3.75913959987604,0.0 -46.9714583,-3.75927599987604,0.0 -46.9723787,-3.75942709987603,0.0 -46.9729876,-3.75961459987603,0.0 -46.973317,-3.76003329987601,0.0 -46.9736685,-3.76111229987598,0.0 -46.9735723,-3.76232239987594,0.0 -46.9733206,-3.76289899987592,0.0 -46.9711179,-3.76369789987589,0.0 -46.9708571,-3.76380749987589,0.0 -46.9707059,-3.76395569987588,0.0 -46.9706516,-3.76409329987588,0.0 -46.9707162,-3.76426419987587,0.0 -46.9708341,-3.76437699987587,0.0 -46.9710321,-3.76446929987587,0.0 -46.9722379,-3.76489689987585,0.0 -46.9724959,-3.76506749987585,0.0 -46.9726394,-3.76527339987584,0.0 -46.9726472,-3.76556659987583,0.0 -46.9720638,-3.76728749987577,0.0 -46.9717097,-3.76778549987576,0.0 -46.967973,-3.76880799987572,0.0 -46.9673438,-3.76909369987571,0.0 -46.9669833,-3.7696375998757,0.0 -46.9667261,-3.77028779987568,0.0 -46.9666227,-3.77116409987565,0.0 -46.966642,-3.77189199987562,0.0 -46.9665396,-3.77287099987559,0.0 -46.9664794,-3.77344609987557,0.0 -46.9663948,-3.77379729987556,0.0 -46.9660442,-3.77466779987553,0.0 -46.9655252,-3.77517469987552,0.0 -46.964675,-3.77524449987551,0.0 -46.9641607,-3.77545189987551,0.0 -46.9637338,-3.77589689987549,0.0 -46.9634061,-3.77658159987547,0.0 -46.9634333,-3.77753249987544,0.0 -46.9635624,-3.77931459987538,0.0 -46.9630542,-3.77959189987537,0.0 -46.9627608,-3.78001829987535,0.0 -46.9626048,-3.78052719987534,0.0 -46.9625609,-3.78087219987533,0.0 -46.9626457,-3.78137379987531,0.0 -46.9629195,-3.78189399987529,0.0 -46.9628865,-3.78278189987526,0.0 -46.9626476,-3.78385339987523,0.0 -46.96204,-3.78456839987521,0.0 -46.9614992,-3.7848807998752,0.0 -46.9610624,-3.78499229987519,0.0 -46.9602818,-3.78521849987519,0.0 -46.9596612,-3.78520409987519,0.0 -46.9593132,-3.78501649987519,0.0 -46.9589879,-3.7849072998752,0.0 -46.9584247,-3.78494769987519,0.0 -46.9582549,-3.78504079987519,0.0 -46.9581889,-3.78520259987519,0.0 -46.9584688,-3.78556129987517,0.0 -46.958845,-3.78584769987516,0.0 -46.9593608,-3.78643139987515,0.0 -46.95951,-3.78696229987513,0.0 -46.9593942,-3.78752579987511,0.0 -46.9589214,-3.78725799987512,0.0 -46.9586634,-3.78723789987512,0.0 -46.9585097,-3.78734509987512,0.0 -46.9584502,-3.78746279987511,0.0 -46.9584214,-3.78850599987508,0.0 -46.9584114,-3.78912459987506,0.0 -46.957654,-3.78963999987504,0.0 -46.9574163,-3.78998359987503,0.0 -46.95722,-3.79103689987499,0.0 -46.9568169,-3.79147949987498,0.0 -46.9563317,-3.79220769987496,0.0 -46.9562842,-3.79295049987493,0.0 -46.9559227,-3.79349759987491,0.0 -46.9551098,-3.79411469987489,0.0 -46.9547306,-3.79438339987489,0.0 -46.9550034,-3.79477199987487,0.0 -46.9556432,-3.79524519987486,0.0 -46.9556959,-3.79545349987485,0.0 -46.9556317,-3.79558819987485,0.0 -46.9554306,-3.79558449987485,0.0 -46.9551515,-3.79552389987485,0.0 -46.9545634,-3.79536019987485,0.0 -46.9541183,-3.79536979987485,0.0 -46.9538785,-3.79545799987485,0.0 -46.953555,-3.79548989987485,0.0 -46.9529228,-3.79581689987484,0.0 -46.9527381,-3.79612389987483,0.0 -46.9529469,-3.79638719987482,0.0 -46.9539647,-3.79729889987479,0.0 -46.9542856,-3.79787249987477,0.0 -46.9542695,-3.79820599987476,0.0 -46.9540346,-3.79834339987475,0.0 -46.9536939,-3.79814959987476,0.0 -46.9526585,-3.79754449987478,0.0 -46.9523321,-3.79743129987479,0.0 -46.952049,-3.79760349987478,0.0 -46.9511685,-3.79887999987474,0.0 -46.9510416,-3.79922599987473,0.0 -46.9511466,-3.79948739987472,0.0 -46.9534377,-3.80064469987468,0.0 -46.9536045,-3.80088669987467,0.0 -46.953565,-3.80108299987467,0.0 -46.9534193,-3.80122479987466,0.0 -46.9529893,-3.80139039987466,0.0 -46.9525853,-3.80188419987464,0.0 -46.9527563,-3.80230859987462,0.0 -46.9530691,-3.80254249987462,0.0 -46.9537504,-3.80264349987461,0.0 -46.9544248,-3.80284699987461,0.0 -46.9548098,-3.8031811998746,0.0 -46.9553059,-3.80383799987458,0.0 -46.9558386,-3.80442779987456,0.0 -46.9561947,-3.80513529987453,0.0 -46.9559453,-3.80561849987452,0.0 -46.9555949,-3.80595929987451,0.0 -46.9544868,-3.8060252998745,0.0 -46.9539308,-3.80631389987449,0.0 -46.9534631,-3.80663149987448,0.0 -46.9532962,-3.80695069987447,0.0 -46.95323,-3.80726159987446,0.0 -46.9535718,-3.80766769987445,0.0 -46.9540757,-3.80788249987444,0.0 -46.9549929,-3.80825859987443,0.0 -46.9555935,-3.80863059987442,0.0 -46.9556487,-3.8092125998744,0.0 -46.9555415,-3.80972809987438,0.0 -46.9550677,-3.81030029987436,0.0 -46.9552923,-3.81059439987435,0.0 -46.955329,-3.81097069987434,0.0 -46.9549844,-3.81108849987434,0.0 -46.954438,-3.81123679987433,0.0 -46.9540455,-3.81150239987432,0.0 -46.9537396,-3.81169909987432,0.0 -46.9537222,-3.8122824998743,0.0 -46.9535715,-3.81272519987428,0.0 -46.953696,-3.81299639987427,0.0 -46.9539559,-3.81327169987427,0.0 -46.953837,-3.81455829987422,0.0 -46.9536728,-3.81506369987421,0.0 -46.953476,-3.81809979987411,0.0 -46.9534342,-3.8184770998741,0.0 -46.9531985,-3.81881269987409,0.0 -46.9512476,-3.82059849987403,0.0 -46.9507381,-3.821381499874,0.0 -46.9504985,-3.82188619987398,0.0 -46.9490551,-3.82783179987379,0.0 -46.9484707,-3.83148069987367,0.0 -46.9483052,-3.83185859987366,0.0 -46.9471833,-3.83329959987361,0.0 -46.947038,-3.8336634998736,0.0 -46.947183,-3.83403989987358,0.0 -46.9482561,-3.83498229987355,0.0 -46.948987,-3.83519149987355,0.0 -46.949483,-3.83576359987353,0.0 -46.9494558,-3.83628569987351,0.0 -46.949313,-3.8366815998735,0.0 -46.9488754,-3.8368119998735,0.0 -46.9480866,-3.8366116998735,0.0 -46.9474566,-3.8365372998735,0.0 -46.9469862,-3.83681209987349,0.0 -46.9472246,-3.83791899987346,0.0 -46.947457,-3.83859939987344,0.0 -46.9476783,-3.83949199987341,0.0 -46.9474286,-3.83988699987339,0.0 -46.9473237,-3.84019579987338,0.0 -46.9473493,-3.84093709987336,0.0 -46.9475417,-3.84150519987334,0.0 -46.9473431,-3.84213459987332,0.0 -46.946822,-3.84223639987332,0.0 -46.9461985,-3.84213499987332,0.0 -46.9457495,-3.84243759987331,0.0 -46.9457141,-3.84290579987329,0.0 -46.9460888,-3.84313049987329,0.0 -46.9472915,-3.84375109987327,0.0 -46.9475356,-3.84415239987326,0.0 -46.9473241,-3.84467589987324,0.0 -46.9467956,-3.84484209987323,0.0 -46.9463349,-3.84450099987324,0.0 -46.9457216,-3.84459869987324,0.0 -46.9453501,-3.84496989987323,0.0 -46.9450616,-3.84597139987319,0.0 -46.9447507,-3.84656969987317,0.0 -46.9443312,-3.84682439987317,0.0 -46.9444084,-3.84710739987316,0.0 -46.9448955,-3.84721759987316,0.0 -46.9456206,-3.84749069987315,0.0 -46.9459806,-3.84782239987313,0.0 -46.94659,-3.8487629998731,0.0 -46.9470155,-3.84913669987309,0.0 -46.9470065,-3.84955389987308,0.0 -46.9465202,-3.84987299987307,0.0 -46.946074,-3.84996899987306,0.0 -46.9454136,-3.84973469987307,0.0 -46.9448951,-3.84976759987307,0.0 -46.944651,-3.85010599987306,0.0 -46.9452352,-3.85082429987304,0.0 -46.9455475,-3.85129159987302,0.0 -46.945456,-3.851904799873,0.0 -46.9452334,-3.85284259987297,0.0 -46.944832,-3.85414629987293,0.0 -46.944461,-3.85473709987291,0.0 -46.9449103,-3.8549633998729,0.0 -46.9455377,-3.8548731998729,0.0 -46.946555,-3.85456199987291,0.0 -46.9469294,-3.85461469987291,0.0 -46.9471962,-3.85472419987291,0.0 -46.9472767,-3.8549482998729,0.0 -46.9473049,-3.85528529987289,0.0 -46.9470916,-3.85558429987288,0.0 -46.9467608,-3.85590739987287,0.0 -46.9463704,-3.85598389987287,0.0 -46.9458731,-3.85583619987287,0.0 -46.945442,-3.85586689987287,0.0 -46.9451081,-3.85607299987286,0.0 -46.9450682,-3.85656819987285,0.0 -46.9450023,-3.85695019987284,0.0 -46.9446077,-3.85714779987283,0.0 -46.9437747,-3.85783759987281,0.0 -46.9424964,-3.85961019987275,0.0 -46.9426028,-3.86017769987273,0.0 -46.9429722,-3.86030389987272,0.0 -46.9435446,-3.86035759987272,0.0 -46.9439482,-3.86052859987272,0.0 -46.9440952,-3.86073309987271,0.0 -46.9441434,-3.8609613998727,0.0 -46.9440388,-3.8611765998727,0.0 -46.9438462,-3.86127729987269,0.0 -46.9434267,-3.86135349987269,0.0 -46.943099,-3.8612134998727,0.0 -46.9428005,-3.8609802998727,0.0 -46.9420462,-3.86073529987271,0.0 -46.9416901,-3.86072929987271,0.0 -46.9414397,-3.86086409987271,0.0 -46.9413466,-3.86131119987269,0.0 -46.9414216,-3.86194879987267,0.0 -46.9414897,-3.86256729987265,0.0 -46.9413685,-3.86272719987265,0.0 -46.9410594,-3.86293949987264,0.0 -46.9406483,-3.86313019987263,0.0 -46.9404598,-3.86309209987263,0.0 -46.9400745,-3.86276729987264,0.0 -46.9397696,-3.86264849987265,0.0 -46.9394969,-3.86291069987264,0.0 -46.9394279,-3.86308159987263,0.0 -46.9397134,-3.86348629987262,0.0 -46.9400783,-3.86369329987261,0.0 -46.9402583,-3.86388659987261,0.0 -46.9403407,-3.8642458998726,0.0 -46.9403216,-3.86474509987258,0.0 -46.9402261,-3.86570559987255,0.0 -46.9399985,-3.86607389987254,0.0 -46.9395899,-3.86625929987253,0.0 -46.9391446,-3.86639239987252,0.0 -46.9388175,-3.86695099987251,0.0 -46.9386964,-3.8671434998725,0.0 -46.9386166,-3.86729669987249,0.0 -46.938654,-3.86740859987249,0.0 -46.938901,-3.86750879987249,0.0 -46.9393383,-3.86773369987248,0.0 -46.9394897,-3.86787599987248,0.0 -46.9396482,-3.86812079987247,0.0 -46.939654,-3.86830709987246,0.0 -46.9391228,-3.86859619987245,0.0 -46.9390836,-3.86897049987244,0.0 -46.9390492,-3.86922249987243,0.0 -46.9390061,-3.86923909987243,0.0 -46.9387701,-3.86929859987243,0.0 -46.9383704,-3.86949919987242,0.0 -46.9381177,-3.86962749987242,0.0 -46.9380534,-3.86964999987242,0.0 -46.9379694,-3.86963389987242,0.0 -46.9376899,-3.86962889987242,0.0 -46.9375687,-3.86967209987242,0.0 -46.9373694,-3.86979529987241,0.0 -46.9370848,-3.87003389987241,0.0 -46.9369385,-3.8701775998724,0.0 -46.9368355,-3.87038859987239,0.0 -46.9367869,-3.87055179987239,0.0 -46.9368758,-3.87099719987237,0.0 -46.9370585,-3.87132439987236,0.0 -46.9375035,-3.87189769987234,0.0 -46.9375801,-3.87206949987234,0.0 -46.9375303,-3.87232939987233,0.0 -46.9373805,-3.87242229987233,0.0 -46.9371885,-3.87243919987233,0.0 -46.9367372,-3.87260819987232,0.0 -46.9364556,-3.87286479987231,0.0 -46.9364147,-3.87307669987231,0.0 -46.9364153,-3.87308149987231,0.0 -46.9365081,-3.8732887998723,0.0 -46.9368459,-3.87362269987229,0.0 -46.9374973,-3.87391799987228,0.0 -46.9379348,-3.87410859987227,0.0 -46.9379568,-3.87420979987227,0.0 -46.9379309,-3.87434129987227,0.0 -46.9378326,-3.87445839987226,0.0 -46.9375461,-3.87452139987226,0.0 -46.937329,-3.87475129987225,0.0 -46.9373171,-3.87522789987224,0.0 -46.9372657,-3.87572019987222,0.0 -46.9372621,-3.87617259987221,0.0 -46.9374769,-3.87656609987219,0.0 -46.9377679,-3.87684259987218,0.0 -46.9378957,-3.87704149987218,0.0 -46.9379499,-3.87746879987216,0.0 -46.9378201,-3.87770349987216,0.0 -46.9373936,-3.87776579987215,0.0 -46.9368891,-3.87770399987215,0.0 -46.9365394,-3.87774279987215,0.0 -46.936286,-3.87803589987214,0.0 -46.936285,-3.87838579987213,0.0 -46.9365085,-3.87877289987212,0.0 -46.9362942,-3.87914349987211,0.0 -46.9360908,-3.8793702998721,0.0 -46.9360663,-3.87954149987209,0.0 -46.9361096,-3.87966399987209,0.0 -46.9363064,-3.87975159987209,0.0 -46.9366235,-3.87979409987208,0.0 -46.936915,-3.87959439987209,0.0 -46.9378887,-3.87986429987208,0.0 -46.9385616,-3.88019519987207,0.0 -46.9387645,-3.88040529987207,0.0 -46.9388855,-3.88066359987206,0.0 -46.9390163,-3.88144589987203,0.0 -46.939061,-3.88224949987201,0.0 -46.9391101,-3.88295189987198,0.0 -46.9392505,-3.88378129987196,0.0 -46.9393503,-3.88431959987194,0.0 -46.9390903,-3.8855316998719,0.0 -46.9389521,-3.88588879987189,0.0 -46.9389906,-3.88626229987187,0.0 -46.9391666,-3.88643989987187,0.0 -46.9394519,-3.88663269987186,0.0 -46.9398834,-3.88689039987185,0.0 -46.9399992,-3.88707089987185,0.0 -46.9399122,-3.88726919987184,0.0 -46.9395431,-3.88745439987184,0.0 -46.9393283,-3.88768619987183,0.0 -46.9392717,-3.88801689987182,0.0 -46.9395235,-3.8884880998718,0.0 -46.9397521,-3.88873009987179,0.0 -46.9398412,-3.88901079987178,0.0 -46.9397474,-3.88932509987177,0.0 -46.9390666,-3.88992819987175,0.0 -46.9390224,-3.89015019987175,0.0 -46.9390629,-3.89039059987174,0.0 -46.9392159,-3.89077599987173,0.0 -46.9396533,-3.89126519987171,0.0 -46.9399802,-3.89139299987171,0.0 -46.9401533,-3.8915684998717,0.0 -46.9400434,-3.89180749987169,0.0 -46.9398975,-3.89193839987169,0.0 -46.939852,-3.89205119987168,0.0 -46.9398829,-3.89216909987168,0.0 -46.9399389,-3.89225439987168,0.0 -46.9401364,-3.89235859987167,0.0 -46.9403331,-3.89236749987167,0.0 -46.9403804,-3.89229939987168,0.0 -46.9404065,-3.89214429987168,0.0 -46.9405265,-3.89200479987169,0.0 -46.9406396,-3.89197579987169,0.0 -46.9407314,-3.89199609987169,0.0 -46.9407916,-3.89203959987169,0.0 -46.9408093,-3.89217449987168,0.0 -46.940858,-3.89222399987168,0.0 -46.9409658,-3.89225519987168,0.0 -46.9410617,-3.89224849987168,0.0 -46.941183,-3.89209949987168,0.0 -46.9412954,-3.89206209987168,0.0 -46.9414019,-3.89205649987168,0.0 -46.9414524,-3.89206819987168,0.0 -46.9414955,-3.89209769987168,0.0 -46.9415155,-3.89219369987168,0.0 -46.9415791,-3.89227169987168,0.0 -46.941641,-3.89234759987168,0.0 -46.9416708,-3.89245599987167,0.0 -46.9417514,-3.89251569987167,0.0 -46.9417681,-3.89255219987167,0.0 -46.9417643,-3.89261169987167,0.0 -46.9416542,-3.89265389987166,0.0 -46.9416167,-3.89281199987166,0.0 -46.9415984,-3.89295549987165,0.0 -46.9415995,-3.89309279987165,0.0 -46.9415514,-3.89345319987164,0.0 -46.9415736,-3.89375669987163,0.0 -46.9415491,-3.89390449987162,0.0 -46.941584,-3.89411469987162,0.0 -46.9416551,-3.89432709987161,0.0 -46.9418874,-3.89479959987159,0.0 -46.9422295,-3.89500829987159,0.0 -46.9423358,-3.89512629987158,0.0 -46.9423457,-3.89533159987158,0.0 -46.9421722,-3.89555419987157,0.0 -46.9416503,-3.89569339987156,0.0 -46.9412285,-3.89583659987156,0.0 -46.9408272,-3.89613889987155,0.0 -46.9406562,-3.89660539987154,0.0 -46.9406144,-3.89724659987151,0.0 -46.9406884,-3.89798029987149,0.0 -46.9408666,-3.89832419987148,0.0 -46.9408266,-3.89874949987147,0.0 -46.940553,-3.89887299987146,0.0 -46.9403565,-3.89908909987145,0.0 -46.9404692,-3.89926089987145,0.0 -46.9407953,-3.89934639987145,0.0 -46.9412269,-3.89950309987144,0.0 -46.9416625,-3.89969669987143,0.0 -46.9418451,-3.89994309987143,0.0 -46.9418084,-3.90019099987142,0.0 -46.9416682,-3.90052479987141,0.0 -46.9416201,-3.9007409998714,0.0 -46.9416737,-3.9008120998714,0.0 -46.9417384,-3.9008591998714,0.0 -46.9418289,-3.9008623998714,0.0 -46.9420705,-3.9006689998714,0.0 -46.9422652,-3.9006247998714,0.0 -46.9424443,-3.9006017998714,0.0 -46.9426605,-3.9006757998714,0.0 -46.9427244,-3.90092699987139,0.0 -46.9428052,-3.90164709987137,0.0 -46.9428201,-3.90202659987136,0.0 -46.9430296,-3.90257709987134,0.0 -46.9434808,-3.90315019987132,0.0 -46.9437326,-3.90338009987131,0.0 -46.9438493,-3.90355359987131,0.0 -46.9439032,-3.9036746998713,0.0 -46.9439204,-3.9037824998713,0.0 -46.9438419,-3.9038740998713,0.0 -46.9437289,-3.90393779987129,0.0 -46.9435693,-3.90409719987129,0.0 -46.943484,-3.90427009987128,0.0 -46.9435353,-3.90442049987128,0.0 -46.9436379,-3.90471689987127,0.0 -46.9437699,-3.90488099987126,0.0 -46.9438123,-3.90501639987126,0.0 -46.9437537,-3.90517749987125,0.0 -46.9435969,-3.90536859987125,0.0 -46.9432225,-3.90546499987125,0.0 -46.9429641,-3.90550229987124,0.0 -46.9427842,-3.90553489987124,0.0 -46.9426806,-3.90557989987124,0.0 -46.9426604,-3.90567949987124,0.0 -46.9427986,-3.90580819987123,0.0 -46.9429431,-3.90593639987123,0.0 -46.9431304,-3.90607189987123,0.0 -46.9432225,-3.90621879987122,0.0 -46.9433558,-3.90668809987121,0.0 -46.9434713,-3.9069211998712,0.0 -46.9434397,-3.90735899987118,0.0 -46.9434587,-3.90759489987117,0.0 -46.9434292,-3.90776659987117,0.0 -46.9432352,-3.90795929987116,0.0 -46.9430822,-3.90822539987115,0.0 -46.9428527,-3.90850969987115,0.0 -46.9427015,-3.90874689987114,0.0 -46.9426926,-3.90892839987113,0.0 -46.9429425,-3.90914759987112,0.0 -46.9432236,-3.90920719987112,0.0 -46.9433832,-3.90931979987112,0.0 -46.9435604,-3.90957639987111,0.0 -46.9439462,-3.90971409987111,0.0 -46.9442189,-3.90972679987111,0.0 -46.9444446,-3.9098139998711,0.0 -46.9446208,-3.9099439998711,0.0 -46.9448901,-3.91032829987109,0.0 -46.9454763,-3.91077669987107,0.0 -46.9457508,-3.91093769987107,0.0 -46.9458319,-3.91103159987106,0.0 -46.9458604,-3.91117529987106,0.0 -46.9458416,-3.91130259987105,0.0 -46.945783,-3.91141879987105,0.0 -46.9455513,-3.91159719987104,0.0 -46.9454755,-3.91176479987104,0.0 -46.9454036,-3.91206859987103,0.0 -46.9452048,-3.91227429987102,0.0 -46.9449813,-3.91239839987102,0.0 -46.9444995,-3.91256439987101,0.0 -46.9441374,-3.91279289987101,0.0 -46.9440854,-3.91284299987101,0.0 -46.9440552,-3.912930699871,0.0 -46.9440559,-3.913078399871,0.0 -46.9441253,-3.91333829987099,0.0 -46.9442475,-3.91379449987097,0.0 -46.9443614,-3.91405539987096,0.0 -46.9445178,-3.91431699987096,0.0 -46.944672,-3.91460049987095,0.0 -46.9447979,-3.91476819987094,0.0 -46.9448602,-3.91481779987094,0.0 -46.9449525,-3.91487859987094,0.0 -46.9451515,-3.91497609987093,0.0 -46.9454734,-3.91512399987093,0.0 -46.9456841,-3.91524279987093,0.0 -46.9459849,-3.91535489987092,0.0 -46.9460951,-3.91542079987092,0.0 -46.9461355,-3.91547929987092,0.0 -46.9461521,-3.91555049987091,0.0 -46.9459155,-3.91572869987091,0.0 -46.9444182,-3.91539389987092,0.0 -46.9431575,-3.91637069987089,0.0 -46.9441606,-3.91883299987081,0.0 -46.9450352,-3.92349579987065,0.0 -46.94411,-3.92589709987058,0.0 -46.9410571,-3.92882249987048,0.0 -46.9391426,-3.93331649987033,0.0 -46.9400474,-3.93790249987018,0.0 -46.9375944,-3.9403714998701,0.0 -46.9369364,-3.94458699986996,0.0 -46.9347525,-3.94938829986981,0.0 -46.9350238,-3.95126819986974,0.0 -46.9360576,-3.95327479986968,0.0 -46.9349329,-3.9558061998696,0.0 -46.9350026,-3.95671419986957,0.0 -46.936002,-3.95768389986953,0.0 -46.9361432,-3.96098979986943,0.0 -46.9334207,-3.96281199986937,0.0 -46.9327563,-3.96385019986933,0.0 -46.9327688,-3.96903619986916,0.0 -46.9301485,-3.97228529986906,0.0 -46.9276913,-3.974041399869,0.0 -46.9272938,-3.97482069986897,0.0 -46.9274972,-3.97598559986894,0.0 -46.9285635,-3.97734989986889,0.0 -46.9256411,-3.9861869998686,0.0 -46.9253015,-3.98704209986857,0.0 -46.9203826,-3.99188689986841,0.0 -46.9198533,-3.99311909986837,0.0 -46.9200029,-3.99612599986828,0.0 -46.9200145,-3.99635859986827,0.0 -46.9182145,-3.99884899986819,0.0 -46.9201457,-4.00087869986812,0.0 -46.9180702,-4.00565429986796,0.0 -46.917678,-4.00987809986782,0.0 -46.919131,-4.01316019986772,0.0 -46.9195395,-4.0168353998676,0.0 -46.9160589,-4.02067709986747,0.0 -46.9154998,-4.02200959986743,0.0 -46.9155859,-4.02411939986736,0.0 -46.916355,-4.02652139986728,0.0 -46.9164491,-4.02681509986727,0.0 -46.916443,-4.02684569986727,0.0 -46.9164439,-4.02697349986727,0.0 -46.9164639,-4.02707949986726,0.0 -46.9164949,-4.02716949986726,0.0 -46.9165359,-4.02726239986726,0.0 -46.9165515,-4.02733859986725,0.0 -46.9165761,-4.02738039986725,0.0 -46.9166005,-4.02744609986725,0.0 -46.9166033,-4.02750169986725,0.0 -46.9166073,-4.02757049986725,0.0 -46.9166042,-4.02766979986724,0.0 -46.9166092,-4.02777649986724,0.0 -46.9166086,-4.02785759986724,0.0 -46.9166003,-4.02798309986723,0.0 -46.9165954,-4.02806419986723,0.0 -46.9165846,-4.02812209986723,0.0 -46.9165728,-4.02824849986722,0.0 -46.9165268,-4.02849449986722,0.0 -46.9165148,-4.02857419986721,0.0 -46.9165116,-4.02865549986721,0.0 -46.9164949,-4.02876719986721,0.0 -46.9164818,-4.02884239986721,0.0 -46.916484,-4.0290248998672,0.0 -46.9164376,-4.02917919986719,0.0 -46.9165039,-4.02927029986719,0.0 -46.9165599,-4.02941769986719,0.0 -46.9165853,-4.02949299986718,0.0 -46.9165979,-4.02958739986718,0.0 -46.9166082,-4.02968199986718,0.0 -46.9165973,-4.02978429986717,0.0 -46.9165695,-4.02991049986717,0.0 -46.9165467,-4.02999019986717,0.0 -46.916385,-4.03025819986716,0.0 -46.9161572,-4.03045059986715,0.0 -46.9159925,-4.03056529986715,0.0 -46.9153117,-4.03088219986714,0.0 -46.9152588,-4.03090549986714,0.0 -46.9152165,-4.03092889986714,0.0 -46.9151664,-4.03099629986713,0.0 -46.9150921,-4.03112959986713,0.0 -46.9150395,-4.03120779986713,0.0 -46.9149917,-4.03123859986712,0.0 -46.914951,-4.03127209986713,0.0 -46.9149131,-4.03129519986713,0.0 -46.9148631,-4.03132589986712,0.0 -46.9148229,-4.03135139986712,0.0 -46.9147739,-4.03138129986712,0.0 -46.9147424,-4.03140499986712,0.0 -46.9146879,-4.03147009986712,0.0 -46.914635,-4.03155229986712,0.0 -46.9145957,-4.03162849986711,0.0 -46.9145716,-4.03178089986711,0.0 -46.9145259,-4.0319049998671,0.0 -46.9144878,-4.03221299986709,0.0 -46.9144115,-4.03245479986709,0.0 -46.9143576,-4.03262539986708,0.0 -46.9143059,-4.03274869986708,0.0 -46.9142916,-4.03283579986707,0.0 -46.9143139,-4.03294469986707,0.0 -46.9143245,-4.03303489986707,0.0 -46.9143272,-4.03316249986706,0.0 -46.9143255,-4.03328479986706,0.0 -46.9143139,-4.03340619986706,0.0 -46.9142803,-4.03357559986705,0.0 -46.9142673,-4.03363129986705,0.0 -46.9142707,-4.03368159986705,0.0 -46.9143299,-4.03391309986704,0.0 -46.9143454,-4.03398989986704,0.0 -46.9143586,-4.03406269986703,0.0 -46.9143632,-4.03412749986703,0.0 -46.9143581,-4.03419289986703,0.0 -46.914345,-4.03427559986703,0.0 -46.9143247,-4.03442599986702,0.0 -46.9143059,-4.03451879986702,0.0 -46.9142983,-4.03457869986702,0.0 -46.9142952,-4.03466299986701,0.0 -46.9143255,-4.03474519986701,0.0 -46.9143627,-4.03483319986701,0.0 -46.9143793,-4.03490989986701,0.0 -46.9143915,-4.035022199867,0.0 -46.9143999,-4.035138799867,0.0 -46.9143963,-4.03529009986699,0.0 -46.9143909,-4.03533429986699,0.0 -46.9143696,-4.03537679986699,0.0 -46.9143357,-4.03542129986699,0.0 -46.9142627,-4.03545319986699,0.0 -46.9141608,-4.03553849986699,0.0 -46.9141328,-4.03557629986699,0.0 -46.9140814,-4.03565049986698,0.0 -46.9139913,-4.03574249986698,0.0 -46.9139138,-4.03583649986698,0.0 -46.9138493,-4.03592419986697,0.0 -46.9137612,-4.03600759986697,0.0 -46.9136787,-4.03607579986697,0.0 -46.9135962,-4.03614409986697,0.0 -46.9135277,-4.03620889986696,0.0 -46.9134871,-4.03625799986696,0.0 -46.913434,-4.03632049986696,0.0 -46.9133856,-4.03640409986696,0.0 -46.9133079,-4.03657179986695,0.0 -46.9132984,-4.03667379986695,0.0 -46.9129221,-4.03757129986692,0.0 -46.9126677,-4.03798389986691,0.0 -46.9125191,-4.0383090998669,0.0 -46.9124461,-4.03941469986686,0.0 -46.9125047,-4.03979659986685,0.0 -46.9125032,-4.04000599986684,0.0 -46.9124484,-4.04031959986683,0.0 -46.9124067,-4.04056189986682,0.0 -46.9124049,-4.04064279986682,0.0 -46.9124153,-4.04070929986682,0.0 -46.9124703,-4.04083729986681,0.0 -46.9126065,-4.0411288998668,0.0 -46.9126242,-4.0411768998668,0.0 -46.9127018,-4.04172989986678,0.0 -46.9130246,-4.04258239986676,0.0 -46.9130513,-4.04271519986675,0.0 -46.9131524,-4.04291229986675,0.0 -46.9132473,-4.04304019986674,0.0 -46.9133911,-4.04314409986674,0.0 -46.9134627,-4.04329699986673,0.0 -46.9139075,-4.04540859986666,0.0 -46.913943,-4.04556429986666,0.0 -46.9139101,-4.04569749986665,0.0 -46.9138338,-4.04592359986665,0.0 -46.9138411,-4.04602589986664,0.0 -46.913867,-4.04608409986664,0.0 -46.9139363,-4.04613929986664,0.0 -46.9140117,-4.04621519986664,0.0 -46.9140298,-4.04655079986662,0.0 -46.9140381,-4.0471554998666,0.0 -46.9140347,-4.0472087998666,0.0 -46.9139674,-4.0473625998666,0.0 -46.9138673,-4.04752819986659,0.0 -46.9138208,-4.04757739986659,0.0 -46.9134882,-4.04784159986658,0.0 -46.9134321,-4.04790089986658,0.0 -46.9134042,-4.04795539986658,0.0 -46.9133384,-4.04813799986657,0.0 -46.913226,-4.04853999986656,0.0 -46.9132047,-4.04868509986655,0.0 -46.9131889,-4.04888829986655,0.0 -46.9132161,-4.04907649986654,0.0 -46.9130378,-4.05004659986651,0.0 -46.912258,-4.0595599998662,0.0 -46.9127412,-4.06073099986616,0.0 -46.917771,-4.06588159986599,0.0 -46.9177744,-4.06744599986594,0.0 -46.9168977,-4.06995129986586,0.0 -46.916196,-4.07721929986562,0.0 -46.9163082,-4.07731649986562,0.0 -46.9176448,-4.07846079986558,0.0 -46.9184861,-4.07920799986556,0.0 -46.9191064,-4.07969259986554,0.0 -46.9192454,-4.07981879986554,0.0 -46.9195481,-4.08013569986553,0.0 -46.9199295,-4.08051899986551,0.0 -46.9202684,-4.0808196998655,0.0 -46.9205175,-4.0809992998655,0.0 -46.9209059,-4.08132819986549,0.0 -46.9210748,-4.08148889986548,0.0 -46.9212835,-4.08165669986547,0.0 -46.9215017,-4.08180749986547,0.0 -46.9215653,-4.08187049986547,0.0 -46.9217952,-4.08216549986546,0.0 -46.9218369,-4.08221139986546,0.0 -46.9219599,-4.08229829986545,0.0 -46.9221986,-4.08246179986545,0.0 -46.9223776,-4.08259579986545,0.0 -46.9233273,-4.08346259986542,0.0 -46.923396,-4.08354169986541,0.0 -46.923506,-4.08367379986541,0.0 -46.923606,-4.08377669986541,0.0 -46.9237027,-4.0838495998654,0.0 -46.9238773,-4.0839520998654,0.0 -46.9239703,-4.0840238998654,0.0 -46.9262503,-4.08602609986533,0.0 -46.926654,-4.08633709986532,0.0 -46.9271035,-4.08664709986531,0.0 -46.9363505,-4.0839573998654,0.0 -46.9484847,-4.08065459986551,0.0 -46.9530895,-4.08333539986542,0.0 -46.9575234,-4.0869140998653,0.0 -46.961956,-4.09085459986517,0.0 -46.9631627,-4.0930336998651,0.0 -46.963413,-4.09447199986506,0.0 -46.9617065,-4.10070419986485,0.0 -46.9616509,-4.10385689986475,0.0 -46.964381,-4.11272199986446,0.0 -46.9677795,-4.11912829986425,0.0 -46.9722803,-4.12277439986413,0.0 -46.9750415,-4.12750569986398,0.0 -46.9879421,-4.14530859986339,0.0 -46.9885935,-4.14615609986336,0.0 -46.9894007,-4.14720639986333,0.0 -47.0007599,-4.16199659986285,0.0 -47.0077149,-4.17136499986254,0.0 -47.0100813,-4.17468489986243,0.0 -47.0101948,-4.17469039986243,0.0 -47.0106461,-4.17792149986233,0.0 -47.0103498,-4.18227259986218,0.0 -47.0109767,-4.18691909986203,0.0 -47.0129178,-4.19328649986182,0.0 -47.0141529,-4.19508379986176,0.0 -47.0179308,-4.19829879986166,0.0 -47.0205577,-4.20128989986156,0.0 -47.0228771,-4.2062316998614,0.0 -47.0254379,-4.21379789986115,0.0 -47.0282902,-4.21626499986107,0.0 -47.0296857,-4.22046079986093,0.0 -47.0727402,-4.23662959986041,0.0 -47.078137,-4.23661659986041,0.0 -47.0901271,-4.24161089986024,0.0 -47.0955336,-4.24727749986006,0.0 -47.0981948,-4.2582430998597,0.0 -47.100979,-4.26510769985947,0.0 -47.1098135,-4.27264769985923,0.0 -47.1220139,-4.27945109985901,0.0 -47.1260613,-4.28398659985886,0.0 -47.1385176,-4.31863859985772,0.0 -47.1748368,-4.37213889985598,0.0 -47.1877549,-4.38867749985544,0.0 -47.1881037,-4.38897519985543,0.0 -47.1891389,-4.3898583998554,0.0 -47.1969177,-4.39374009985527,0.0 -47.2013996,-4.39746439985515,0.0 -47.2103033,-4.40665759985485,0.0 -47.2133034,-4.41231289985466,0.0 -47.2161616,-4.41979719985442,0.0 -47.2179607,-4.42219069985434,0.0 -47.2219984,-4.42532579985424,0.0 -47.2261818,-4.42681239985419,0.0 -47.231035,-4.42746809985417,0.0 -47.2440153,-4.43200379985402,0.0 -47.2416621,-4.43730869985385,0.0 -47.2416598,-4.43756019985384,0.0 -47.2416608,-4.43758229985384,0.0 -47.2416626,-4.43761389985384,0.0 -47.2416649,-4.43766389985384,0.0 -47.2416686,-4.43770979985383,0.0 -47.2416777,-4.43780529985383,0.0 -47.2416869,-4.43792279985383,0.0 -47.2416887,-4.43796499985383,0.0 -47.2416915,-4.43799439985383,0.0 -47.2416933,-4.43802739985382,0.0 -47.2416979,-4.43805129985382,0.0 -47.2417053,-4.43808979985382,0.0 -47.2417172,-4.43815129985382,0.0 -47.2417314,-4.43820069985382,0.0 -47.241742,-4.43824399985382,0.0 -47.2417486,-4.43827589985381,0.0 -47.2417548,-4.43830829985381,0.0 -47.2417617,-4.43833859985381,0.0 -47.2417677,-4.43836879985381,0.0 -47.2417732,-4.43840919985381,0.0 -47.2417833,-4.43848999985381,0.0 -47.2417989,-4.4385817998538,0.0 -47.2418127,-4.4386661998538,0.0 -47.2418179,-4.4387050998538,0.0 -47.2418228,-4.4387414998538,0.0 -47.2418264,-4.4387946998538,0.0 -47.2418283,-4.4388387998538,0.0 -47.2418356,-4.43900949985379,0.0 -47.2418429,-4.43915269985379,0.0 -47.2418429,-4.43922979985378,0.0 -47.2418429,-4.43932709985378,0.0 -47.2418429,-4.43943719985378,0.0 -47.2418374,-4.43968499985377,0.0 -47.2418329,-4.43977129985377,0.0 -47.2418292,-4.43981899985376,0.0 -47.2418278,-4.43987779985376,0.0 -47.2418246,-4.43993279985376,0.0 -47.2418228,-4.43996959985376,0.0 -47.2418218,-4.44002919985376,0.0 -47.2418191,-4.44010719985376,0.0 -47.2418191,-4.44018429985375,0.0 -47.2418246,-4.44027609985375,0.0 -47.2418246,-4.44032569985375,0.0 -47.2418283,-4.44037889985375,0.0 -47.2418301,-4.44041379985375,0.0 -47.2418301,-4.44046889985374,0.0 -47.2418301,-4.44052389985374,0.0 -47.2418301,-4.44056059985374,0.0 -47.2418301,-4.44058629985374,0.0 -47.2418301,-4.44061569985374,0.0 -47.2418283,-4.44064509985374,0.0 -47.2418264,-4.44067999985374,0.0 -47.2418296,-4.44071069985374,0.0 -47.2418365,-4.44075019985373,0.0 -47.2418425,-4.44079509985373,0.0 -47.2418503,-4.44085249985373,0.0 -47.2418723,-4.44101219985373,0.0 -47.2418833,-4.44107189985372,0.0 -47.2418934,-4.44112969985372,0.0 -47.2418999,-4.44116089985372,0.0 -47.2419044,-4.44119389985372,0.0 -47.2419109,-4.44123619985372,0.0 -47.2419182,-4.44130679985372,0.0 -47.2419421,-4.44144999985371,0.0 -47.2419439,-4.44146519985371,0.0 -47.2419434,-4.44147939985371,0.0 -47.2419453,-4.44149639985371,0.0 -47.2419503,-4.44151059985371,0.0 -47.2419586,-4.44152439985371,0.0 -47.2419742,-4.44154459985371,0.0 -47.2419889,-4.44156479985371,0.0 -47.24201,-4.44159049985371,0.0 -47.2420375,-4.44162529985371,0.0 -47.242054,-4.44164919985371,0.0 -47.2420706,-4.4416711998537,0.0 -47.2420871,-4.4416968998537,0.0 -47.2421054,-4.4417280998537,0.0 -47.2421238,-4.4417592998537,0.0 -47.2421403,-4.4417904998537,0.0 -47.2421624,-4.4418308998537,0.0 -47.2421936,-4.4418786998537,0.0 -47.2422422,-4.4419520998537,0.0 -47.2422652,-4.44199059985369,0.0 -47.2422835,-4.44201999985369,0.0 -47.2423019,-4.44205299985369,0.0 -47.2423129,-4.44208059985369,0.0 -47.2423221,-4.44210259985369,0.0 -47.2423386,-4.44215949985369,0.0 -47.2423845,-4.44238969985368,0.0 -47.2423955,-4.44244449985368,0.0 -47.2424047,-4.44248439985368,0.0 -47.2424175,-4.44252659985368,0.0 -47.2424414,-4.44259819985367,0.0 -47.2424616,-4.44264919985367,0.0 -47.2424877,-4.44271069985367,0.0 -47.2425185,-4.44277399985367,0.0 -47.2425304,-4.44280199985367,0.0 -47.2425414,-4.44282679985367,0.0 -47.2425524,-4.44285059985366,0.0 -47.2425671,-4.44288369985366,0.0 -47.2425809,-4.44291949985366,0.0 -47.2425947,-4.44295339985366,0.0 -47.2426112,-4.44299569985366,0.0 -47.2426222,-4.44303149985366,0.0 -47.2426277,-4.44305439985366,0.0 -47.2426332,-4.44308009985366,0.0 -47.2426369,-4.44310029985366,0.0 -47.2426428,-4.44311999985366,0.0 -47.2426516,-4.44314409985366,0.0 -47.2426594,-4.44316619985366,0.0 -47.2426667,-4.44318569985365,0.0 -47.2426736,-4.44321089985365,0.0 -47.24268,-4.44323379985365,0.0 -47.242686,-4.44326779985365,0.0 -47.2426901,-4.44329719985365,0.0 -47.2426901,-4.44332149985365,0.0 -47.2426938,-4.44348949985364,0.0 -47.2426938,-4.44362349985364,0.0 -47.2426975,-4.44377949985364,0.0 -47.242702,-4.44418519985362,0.0 -47.242702,-4.44427509985362,0.0 -47.2427204,-4.44459819985361,0.0 -47.2427241,-4.44469919985361,0.0 -47.2427241,-4.4447560998536,0.0 -47.2427241,-4.4447982998536,0.0 -47.2427241,-4.4448276998536,0.0 -47.2427241,-4.4448753998536,0.0 -47.2427241,-4.4449047998536,0.0 -47.2427222,-4.4449377998536,0.0 -47.2427186,-4.44499659985359,0.0 -47.2427094,-4.44507179985359,0.0 -47.2427057,-4.44511949985359,0.0 -47.2426984,-4.44516359985359,0.0 -47.2426874,-4.44532879985359,0.0 -47.2426837,-4.44544809985358,0.0 -47.24268,-4.44554359985358,0.0 -47.2426727,-4.44560779985358,0.0 -47.242658,-4.44580979985357,0.0 -47.2426598,-4.44586849985357,0.0 -47.2426598,-4.44592169985357,0.0 -47.2426598,-4.44599149985356,0.0 -47.242658,-4.44610529985356,0.0 -47.2426598,-4.44621909985356,0.0 -47.2426653,-4.44628519985355,0.0 -47.2426763,-4.44635859985355,0.0 -47.2426837,-4.44640269985355,0.0 -47.242702,-4.44647429985355,0.0 -47.2427222,-4.44653669985354,0.0 -47.2427388,-4.44659179985354,0.0 -47.2427571,-4.44666329985354,0.0 -47.2427883,-4.44675509985354,0.0 -47.242814,-4.44681749985354,0.0 -47.2428305,-4.44685789985353,0.0 -47.2428434,-4.44689649985353,0.0 -47.2428562,-4.44694049985353,0.0 -47.2428673,-4.44697539985353,0.0 -47.2428865,-4.44703229985353,0.0 -47.2429104,-4.44710209985353,0.0 -47.2429182,-4.44713789985353,0.0 -47.2429232,-4.44716359985352,0.0 -47.2429269,-4.44719199985352,0.0 -47.2429315,-4.44723059985352,0.0 -47.2429388,-4.44728009985352,0.0 -47.2429471,-4.44732789985352,0.0 -47.2429563,-4.44737189985352,0.0 -47.2429636,-4.44740309985352,0.0 -47.2430013,-4.44758849985351,0.0 -47.2430233,-4.44771519985351,0.0 -47.2430343,-4.4477720998535,0.0 -47.2430471,-4.4478362998535,0.0 -47.2430563,-4.4478858998535,0.0 -47.2430683,-4.4479299998535,0.0 -47.2430784,-4.4479675998535,0.0 -47.2430985,-4.4480308998535,0.0 -47.2431132,-4.44808599985349,0.0 -47.2431261,-4.44814569985349,0.0 -47.2431408,-4.44821999985349,0.0 -47.2431591,-4.44830629985349,0.0 -47.2431756,-4.44838519985348,0.0 -47.2431995,-4.44847699985348,0.0 -47.2432371,-4.44860549985348,0.0 -47.2432583,-4.44866239985348,0.0 -47.2432812,-4.44871659985347,0.0 -47.243306,-4.44875329985347,0.0 -47.2433191,-4.44877949985347,0.0 -47.2433372,-4.44881479985347,0.0 -47.2433794,-4.44891209985347,0.0 -47.2434161,-4.44900019985347,0.0 -47.2434437,-4.44907729985346,0.0 -47.2434785,-4.44918189985346,0.0 -47.2435024,-4.44926819985346,0.0 -47.2435299,-4.44937099985345,0.0 -47.2435538,-4.44945909985345,0.0 -47.2435832,-4.44955819985345,0.0 -47.2436089,-4.44963529985344,0.0 -47.2436336,-4.44970969985344,0.0 -47.243644,-4.44975299985344,0.0 -47.2436493,-4.44978949985344,0.0 -47.2436529,-4.44986289985344,0.0 -47.2436566,-4.44993639985343,0.0 -47.2436713,-4.45012729985343,0.0 -47.2436768,-4.45019149985343,0.0 -47.2436786,-4.45023469985342,0.0 -47.2436814,-4.45026949985342,0.0 -47.2436823,-4.45029249985342,0.0 -47.2436878,-4.45032599985342,0.0 -47.2436947,-4.45035349985342,0.0 -47.2437002,-4.45037509985342,0.0 -47.2437089,-4.45040079985342,0.0 -47.2437167,-4.45042369985342,0.0 -47.2437337,-4.45047239985342,0.0 -47.2437608,-4.45054629985342,0.0 -47.2437837,-4.45061419985341,0.0 -47.2438076,-4.45068389985341,0.0 -47.2438259,-4.45073069985341,0.0 -47.2438599,-4.45080139985341,0.0 -47.2438856,-4.4508546998534,0.0 -47.2439122,-4.4509124998534,0.0 -47.2439306,-4.4509564998534,0.0 -47.2439471,-4.4509964998534,0.0 -47.2439645,-4.4510409998534,0.0 -47.2439788,-4.4510771998534,0.0 -47.2440054,-4.45115519985339,0.0 -47.2440233,-4.45120799985339,0.0 -47.2440352,-4.45124289985339,0.0 -47.2440545,-4.45129979985339,0.0 -47.2440655,-4.45133379985339,0.0 -47.2440802,-4.45137419985339,0.0 -47.2440912,-4.45142099985339,0.0 -47.2440995,-4.45147239985338,0.0 -47.2441095,-4.45154119985338,0.0 -47.2441132,-4.45157419985338,0.0 -47.2441146,-4.45160869985338,0.0 -47.244116,-4.45164579985338,0.0 -47.2441196,-4.45172059985338,0.0 -47.2441325,-4.45190309985337,0.0 -47.2441362,-4.45196729985337,0.0 -47.2441362,-4.45200029985337,0.0 -47.2441362,-4.45203249985337,0.0 -47.2441362,-4.45205269985336,0.0 -47.2441426,-4.45213889985336,0.0 -47.2441463,-4.45218299985336,0.0 -47.2441499,-4.45221329985336,0.0 -47.2441554,-4.45225179985336,0.0 -47.2441591,-4.45227389985336,0.0 -47.2441619,-4.45228849985336,0.0 -47.2441665,-4.45231239985336,0.0 -47.244172,-4.45234089985336,0.0 -47.2441747,-4.45235919985336,0.0 -47.2441793,-4.45238859985335,0.0 -47.2441885,-4.45242989985335,0.0 -47.2441949,-4.45245469985335,0.0 -47.2442004,-4.45247489985335,0.0 -47.2442096,-4.45250149985335,0.0 -47.2442224,-4.45253639985335,0.0 -47.2442527,-4.45261069985335,0.0 -47.2442656,-4.45264379985335,0.0 -47.2442849,-4.45269059985334,0.0 -47.2443142,-4.45275109985334,0.0 -47.2443335,-4.45278879985334,0.0 -47.2443473,-4.45281719985334,0.0 -47.244362,-4.45284569985334,0.0 -47.2443748,-4.45287409985334,0.0 -47.2443895,-4.45291079985334,0.0 -47.2443996,-4.45293929985334,0.0 -47.2444124,-4.45297229985333,0.0 -47.2444308,-4.45301909985333,0.0 -47.2444446,-4.45306409985333,0.0 -47.2444583,-4.45310179985333,0.0 -47.2444758,-4.45314859985333,0.0 -47.2444905,-4.45319449985333,0.0 -47.2444996,-4.45324129985333,0.0 -47.2445079,-4.45328619985332,0.0 -47.2445152,-4.45333659985332,0.0 -47.2445208,-4.45337499985332,0.0 -47.2445265,-4.45343869985332,0.0 -47.2445303,-4.45348889985332,0.0 -47.2445308,-4.45379839985331,0.0 -47.2445259,-4.4539248998533,0.0 -47.244525,-4.4539652998533,0.0 -47.2445231,-4.4539900998533,0.0 -47.2445231,-4.4540084998533,0.0 -47.2445231,-4.4540414998533,0.0 -47.2445231,-4.4540744998533,0.0 -47.2445259,-4.4541185998533,0.0 -47.2445351,-4.45422049985329,0.0 -47.2445433,-4.45426549985329,0.0 -47.244556,-4.45432209985329,0.0 -47.2445725,-4.45439099985329,0.0 -47.2445853,-4.45443589985329,0.0 -47.2446,-4.45448549985329,0.0 -47.2446202,-4.45453869985328,0.0 -47.2446276,-4.45456809985328,0.0 -47.2446404,-4.45461399985328,0.0 -47.2446936,-4.45476089985328,0.0 -47.2447047,-4.45479209985328,0.0 -47.244712,-4.45481589985327,0.0 -47.2447175,-4.45483339985327,0.0 -47.2447221,-4.45485539985327,0.0 -47.2447285,-4.45488659985327,0.0 -47.2447322,-4.45490859985327,0.0 -47.2447359,-4.45493709985327,0.0 -47.2447386,-4.45495999985327,0.0 -47.2447423,-4.45498669985327,0.0 -47.2447478,-4.45502239985327,0.0 -47.2447524,-4.45505919985327,0.0 -47.2447588,-4.45511149985326,0.0 -47.2447625,-4.45515739985326,0.0 -47.2447625,-4.45519409985326,0.0 -47.2447634,-4.45522529985326,0.0 -47.2447643,-4.45524089985326,0.0 -47.2447643,-4.45525279985326,0.0 -47.2447652,-4.45527669985326,0.0 -47.2447661,-4.45530059985326,0.0 -47.2447689,-4.45531979985326,0.0 -47.2447726,-4.45534369985326,0.0 -47.2447753,-4.45536939985326,0.0 -47.2447808,-4.45539549985326,0.0 -47.2447882,-4.45542719985326,0.0 -47.2447974,-4.45546029985325,0.0 -47.2448093,-4.45549969985325,0.0 -47.2448267,-4.45554189985325,0.0 -47.2448754,-4.45567779985325,0.0 -47.2448956,-4.45572549985324,0.0 -47.244913,-4.45576959985324,0.0 -47.2449442,-4.45583929985324,0.0 -47.2449717,-4.45590169985324,0.0 -47.2449938,-4.45595039985324,0.0 -47.2450121,-4.45599079985324,0.0 -47.2450431,-4.45604619985323,0.0 -47.2450782,-4.45610269985323,0.0 -47.2450929,-4.45612749985323,0.0 -47.2451149,-4.45616609985323,0.0 -47.2451425,-4.45621009985323,0.0 -47.2451994,-4.45629089985323,0.0 -47.2452398,-4.45634599985322,0.0 -47.2452691,-4.45638819985322,0.0 -47.245304,-4.45643779985322,0.0 -47.2453664,-4.45654239985322,0.0 -47.2453866,-4.45657819985322,0.0 -47.2454096,-4.45662499985322,0.0 -47.2454297,-4.45666539985321,0.0 -47.2454527,-4.45671039985321,0.0 -47.2455656,-4.45694899985321,0.0 -47.2455975,-4.4570462998532,0.0 -47.2456103,-4.4570866998532,0.0 -47.2456213,-4.4571306998532,0.0 -47.2456269,-4.4571563998532,0.0 -47.2456342,-4.4571839998532,0.0 -47.2456443,-4.4572224998532,0.0 -47.2456562,-4.45727209985319,0.0 -47.2456691,-4.45731799985319,0.0 -47.2456911,-4.45738769985319,0.0 -47.2457113,-4.45744459985319,0.0 -47.2457315,-4.45748779985319,0.0 -47.2457462,-4.45751439985319,0.0 -47.2457719,-4.45755379985319,0.0 -47.2458049,-4.45759789985318,0.0 -47.2458338,-4.45763599985318,0.0 -47.2458646,-4.45767499985318,0.0 -47.2459242,-4.45774019985318,0.0 -47.2460013,-4.45781729985318,0.0 -47.2460858,-4.45791459985317,0.0 -47.2461317,-4.45796039985317,0.0 -47.2461592,-4.45799529985317,0.0 -47.2461794,-4.45802469985317,0.0 -47.2461941,-4.45804669985317,0.0 -47.2462088,-4.45807429985317,0.0 -47.2462345,-4.45812019985317,0.0 -47.2462528,-4.45815499985316,0.0 -47.2462895,-4.45823209985316,0.0 -47.2463116,-4.45827799985316,0.0 -47.2463354,-4.45833489985316,0.0 -47.2463446,-4.45836249985316,0.0 -47.2463593,-4.45840839985316,0.0 -47.2463703,-4.45844319985315,0.0 -47.2463942,-4.45853129985315,0.0 -47.2464199,-4.45862679985315,0.0 -47.2464557,-4.45874979985315,0.0 -47.2464694,-4.45882139985314,0.0 -47.2464749,-4.45885209985314,0.0 -47.2464814,-4.45888749985314,0.0 -47.2464869,-4.45891219985314,0.0 -47.2465116,-4.45903249985314,0.0 -47.2465484,-4.45922889985313,0.0 -47.2465943,-4.45945929985312,0.0 -47.2466356,-4.45969239985312,0.0 -47.2466395,-4.45971509985311,0.0 -47.2466443,-4.45974279985311,0.0 -47.2466493,-4.45977129985311,0.0 -47.2466535,-4.45979039985311,0.0 -47.2466594,-4.45981719985311,0.0 -47.2466677,-4.45984749985311,0.0 -47.2466759,-4.45988419985311,0.0 -47.2466805,-4.45992279985311,0.0 -47.246687,-4.45996959985311,0.0 -47.2466915,-4.46001369985311,0.0 -47.2466971,-4.4600466998531,0.0 -47.2467393,-4.46036059985309,0.0 -47.2467457,-4.46039639985309,0.0 -47.2467498,-4.46042349985309,0.0 -47.2467535,-4.46044269985309,0.0 -47.2467585,-4.46046429985309,0.0 -47.246765,-4.46048679985309,0.0 -47.24677,-4.46050289985309,0.0 -47.2467746,-4.46051709985309,0.0 -47.2467801,-4.46053819985309,0.0 -47.2467833,-4.46055789985309,0.0 -47.2467998,-4.46065159985308,0.0 -47.2468067,-4.46068409985308,0.0 -47.2468113,-4.46070339985308,0.0 -47.2468177,-4.46072449985308,0.0 -47.2468233,-4.46074379985308,0.0 -47.2468297,-4.46076399985308,0.0 -47.2468416,-4.46079789985308,0.0 -47.2468471,-4.46081259985308,0.0 -47.2468508,-4.46082089985308,0.0 -47.2468609,-4.46084839985308,0.0 -47.2468737,-4.46088509985308,0.0 -47.2468884,-4.46093649985307,0.0 -47.2468976,-4.46097419985307,0.0 -47.2469095,-4.46101819985307,0.0 -47.2469205,-4.46105399985307,0.0 -47.2469334,-4.46109259985307,0.0 -47.2469407,-4.46111279985307,0.0 -47.2469527,-4.46114949985307,0.0 -47.2469664,-4.46119449985307,0.0 -47.2469775,-4.46122749985306,0.0 -47.2469921,-4.46126969985306,0.0 -47.2470068,-4.46131839985306,0.0 -47.2470188,-4.46136979985306,0.0 -47.2470298,-4.46141839985306,0.0 -47.2470371,-4.46145879985306,0.0 -47.2470399,-4.46147809985306,0.0 -47.2470435,-4.46150839985305,0.0 -47.2470472,-4.46153679985305,0.0 -47.2470564,-4.46156709985305,0.0 -47.2470646,-4.46158359985305,0.0 -47.2470766,-4.46160749985305,0.0 -47.2470959,-4.46164599985305,0.0 -47.2471105,-4.46167909985305,0.0 -47.2471344,-4.46172679985305,0.0 -47.2471509,-4.46176079985305,0.0 -47.2471693,-4.46179929985305,0.0 -47.2471867,-4.46183969985304,0.0 -47.2472087,-4.46189659985304,0.0 -47.2472445,-4.46196269985304,0.0 -47.2472785,-4.46202969985304,0.0 -47.2472996,-4.46208569985304,0.0 -47.2473125,-4.46212419985304,0.0 -47.2473327,-4.46217559985304,0.0 -47.2473528,-4.46224539985303,0.0 -47.2473804,-4.46233899985303,0.0 -47.2474189,-4.46249689985302,0.0 -47.2474979,-4.46275839985302,0.0 -47.2475309,-4.46285939985301,0.0 -47.2475658,-4.46300439985301,0.0 -47.2476135,-4.463171499853,0.0 -47.2476521,-4.463285299853,0.0 -47.247742,-4.46354779985299,0.0 -47.2477934,-4.46373689985298,0.0 -47.2478393,-4.46387639985298,0.0 -47.2479017,-4.46407739985297,0.0 -47.2479136,-4.46411679985297,0.0 -47.2479274,-4.46415719985297,0.0 -47.2479467,-4.46420499985297,0.0 -47.2479641,-4.46424809985297,0.0 -47.2479806,-4.46428389985297,0.0 -47.2479999,-4.46431879985296,0.0 -47.2480596,-4.46440869985296,0.0 -47.2481807,-4.46455739985296,0.0 -47.2483166,-4.46473359985295,0.0 -47.248502,-4.46495849985295,0.0 -47.2485724,-4.46504269985294,0.0 -47.2487348,-4.46529109985293,0.0 -47.2488449,-4.46552499985293,0.0 -47.249071,-4.46608289985291,0.0 -47.2491151,-4.4661745998529,0.0 -47.24918,-4.4663143998529,0.0 -47.2491922,-4.4663320998529,0.0 -47.2492012,-4.4663430998529,0.0 -47.2492794,-4.4664389998529,0.0 -47.2492897,-4.46644979985289,0.0 -47.2493684,-4.46653809985289,0.0 -47.2495171,-4.46669509985289,0.0 -47.2495682,-4.46675829985289,0.0 -47.249585,-4.46678039985288,0.0 -47.2496256,-4.46684119985288,0.0 -47.2496463,-4.46687399985288,0.0 -47.2496524,-4.46688659985288,0.0 -47.2496897,-4.46696029985288,0.0 -47.2497053,-4.46699429985288,0.0 -47.2497264,-4.46704659985288,0.0 -47.249792,-4.46720219985287,0.0 -47.2498076,-4.46724159985287,0.0 -47.2498241,-4.46728429985287,0.0 -47.2498292,-4.46729689985287,0.0 -47.2498457,-4.46733799985287,0.0 -47.2498553,-4.46737149985286,0.0 -47.2498631,-4.46740179985286,0.0 -47.24987,-4.46742979985286,0.0 -47.2498797,-4.46747429985286,0.0 -47.2498879,-4.46752199985286,0.0 -47.2498934,-4.46760279985286,0.0 -47.2498953,-4.46772579985285,0.0 -47.2498907,-4.46776799985285,0.0 -47.2498815,-4.46781299985285,0.0 -47.2498751,-4.46784509985285,0.0 -47.2498301,-4.46802589985284,0.0 -47.2498124,-4.46809999985284,0.0 -47.2497812,-4.46821839985284,0.0 -47.2497647,-4.46828269985284,0.0 -47.2497023,-4.46853689985283,0.0 -47.2496988,-4.46855069985283,0.0 -47.2496454,-4.46876089985282,0.0 -47.2495756,-4.46905279985281,0.0 -47.2495444,-4.4691701998528,0.0 -47.2494949,-4.4693280998528,0.0 -47.2494178,-4.46956859985279,0.0 -47.2493664,-4.46972279985279,0.0 -47.2493296,-4.46984759985278,0.0 -47.2493076,-4.46993199985278,0.0 -47.2492874,-4.47000549985278,0.0 -47.2492727,-4.47005319985278,0.0 -47.2492544,-4.47010279985278,0.0 -47.2492305,-4.47015419985277,0.0 -47.2491608,-4.47031569985277,0.0 -47.2490662,-4.47052129985276,0.0 -47.2490488,-4.47056349985276,0.0 -47.2490295,-4.47061579985276,0.0 -47.2490124,-4.47066029985276,0.0 -47.2489891,-4.47071859985275,0.0 -47.2489616,-4.47078749985275,0.0 -47.248935,-4.47086919985275,0.0 -47.2489093,-4.47094809985275,0.0 -47.2488817,-4.47103709985274,0.0 -47.2488588,-4.47113439985274,0.0 -47.2488111,-4.47135099985273,0.0 -47.248789,-4.47148869985273,0.0 -47.2487817,-4.47152909985273,0.0 -47.2487743,-4.47157309985273,0.0 -47.2487688,-4.47160069985273,0.0 -47.2487615,-4.47164109985273,0.0 -47.2487505,-4.47168329985272,0.0 -47.2487413,-4.47171449985272,0.0 -47.2487193,-4.47177319985272,0.0 -47.2486936,-4.47183199985272,0.0 -47.2486605,-4.47190169985272,0.0 -47.2486238,-4.47197699985271,0.0 -47.2485816,-4.47206879985271,0.0 -47.2485559,-4.47212749985271,0.0 -47.2485229,-4.47220279985271,0.0 -47.2484972,-4.47226889985271,0.0 -47.248466,-4.4723514998527,0.0 -47.2484329,-4.4724413998527,0.0 -47.2483999,-4.4725331998527,0.0 -47.2483797,-4.47257729985269,0.0 -47.248365,-4.47261119985269,0.0 -47.2483549,-4.47264059985269,0.0 -47.2483485,-4.47266079985269,0.0 -47.248343,-4.47268189985269,0.0 -47.2483356,-4.47270579985269,0.0 -47.2483301,-4.47273049985269,0.0 -47.2483251,-4.47276949985269,0.0 -47.2483219,-4.47280759985269,0.0 -47.24832,-4.47284249985268,0.0 -47.2483163,-4.47288289985268,0.0 -47.2483145,-4.47293429985268,0.0 -47.2483127,-4.47297649985268,0.0 -47.2483127,-4.47301509985268,0.0 -47.2483145,-4.47305359985268,0.0 -47.24832,-4.47309399985268,0.0 -47.2483333,-4.47313759985268,0.0 -47.2483439,-4.47316379985268,0.0 -47.2483677,-4.47323349985267,0.0 -47.2483953,-4.47331609985267,0.0 -47.2484614,-4.47351799985266,0.0 -47.2485017,-4.47365199985266,0.0 -47.2485385,-4.47377689985266,0.0 -47.2485715,-4.47393109985265,0.0 -47.2485899,-4.47400449985265,0.0 -47.2486192,-4.47412929985264,0.0 -47.2486449,-4.47425779985264,0.0 -47.248678,-4.47443039985264,0.0 -47.2486963,-4.47452579985263,0.0 -47.248711,-4.47462129985263,0.0 -47.2487257,-4.47477549985262,0.0 -47.2487477,-4.47499209985262,0.0 -47.2487661,-4.47522339985261,0.0 -47.2487771,-4.4753665998526,0.0 -47.2487808,-4.4754472998526,0.0 -47.2487808,-4.4754950998526,0.0 -47.2487808,-4.4755427998526,0.0 -47.2487808,-4.4756271998526,0.0 -47.2487808,-4.47572819985259,0.0 -47.2487789,-4.47576669985259,0.0 -47.2487753,-4.47579429985259,0.0 -47.2487716,-4.47583099985259,0.0 -47.2487587,-4.47589159985259,0.0 -47.2487349,-4.47598519985258,0.0 -47.2487037,-4.47613759985258,0.0 -47.2486725,-4.47629729985257,0.0 -47.2486321,-4.47648079985257,0.0 -47.248533,-4.47701499985255,0.0 -47.2484742,-4.47727379985254,0.0 -47.24841,-4.47751799985253,0.0 -47.2483815,-4.47762899985253,0.0 -47.2483723,-4.47766579985253,0.0 -47.2483558,-4.47772269985253,0.0 -47.2483425,-4.47777589985252,0.0 -47.2483347,-4.47781209985252,0.0 -47.2483278,-4.47784889985252,0.0 -47.2483209,-4.47788419985252,0.0 -47.2483136,-4.47792829985252,0.0 -47.2482984,-4.47802649985252,0.0 -47.2482957,-4.47806499985252,0.0 -47.2482943,-4.47810219985251,0.0 -47.2482943,-4.47815079985251,0.0 -47.2482971,-4.47820909985251,0.0 -47.2483076,-4.47835919985251,0.0 -47.2483104,-4.4783829998525,0.0 -47.2483131,-4.4784045998525,0.0 -47.2483173,-4.4784265998525,0.0 -47.2484237,-4.47896169985249,0.0 -47.2484935,-4.47934859985247,0.0 -47.2485017,-4.47939819985247,0.0 -47.2485036,-4.47942749985247,0.0 -47.2485146,-4.47955599985247,0.0 -47.2485201,-4.47963679985246,0.0 -47.2485238,-4.47972129985246,0.0 -47.2485238,-4.47975609985246,0.0 -47.2485238,-4.47977449985246,0.0 -47.2485274,-4.47982039985246,0.0 -47.2485311,-4.47985529985246,0.0 -47.248533,-4.47988099985246,0.0 -47.2485366,-4.47990849985245,0.0 -47.2485458,-4.47997089985245,0.0 -47.2485642,-4.48007549985245,0.0 -47.2485825,-4.48016919985245,0.0 -47.2486137,-4.48030319985244,0.0 -47.2486247,-4.48036369985244,0.0 -47.2486339,-4.48043169985244,0.0 -47.2486413,-4.48047019985244,0.0 -47.2486541,-4.48050969985244,0.0 -47.2486781,-4.48058539985243,0.0 -47.2487156,-4.48077029985243,0.0 -47.2487523,-4.48096219985242,0.0 -47.2487624,-4.48102919985242,0.0 -47.2487698,-4.48107229985242,0.0 -47.2487771,-4.48110859985242,0.0 -47.2487808,-4.48113429985241,0.0 -47.2487831,-4.48115119985242,0.0 -47.2487835,-4.48116409985241,0.0 -47.2487835,-4.48118609985241,0.0 -47.2487835,-4.48120259985241,0.0 -47.2487872,-4.48130089985241,0.0 -47.2487936,-4.4815477998524,0.0 -47.2487964,-4.4816046998524,0.0 -47.2487991,-4.4816468998524,0.0 -47.2488019,-4.4816963998524,0.0 -47.2488046,-4.4817321998524,0.0 -47.2488166,-4.48188179985239,0.0 -47.2488179,-4.48190639985239,0.0 -47.2488193,-4.48192909985239,0.0 -47.2488212,-4.48198559985239,0.0 -47.248823,-4.48203239985239,0.0 -47.2488279,-4.48206959985238,0.0 -47.248834,-4.48210669985238,0.0 -47.2488762,-4.48231869985238,0.0 -47.2489015,-4.48245499985237,0.0 -47.2489134,-4.48251189985237,0.0 -47.2489217,-4.48255779985237,0.0 -47.2489281,-4.48260459985237,0.0 -47.2489318,-4.48263859985237,0.0 -47.2489363,-4.48268999985237,0.0 -47.2489455,-4.48276799985236,0.0 -47.2489519,-4.48282399985236,0.0 -47.2489584,-4.48289009985236,0.0 -47.2489602,-4.48292679985236,0.0 -47.2489611,-4.48296539985236,0.0 -47.2489611,-4.48300109985235,0.0 -47.2489611,-4.48304799985235,0.0 -47.2489657,-4.48319299985235,0.0 -47.2489666,-4.48328479985235,0.0 -47.2489676,-4.48337009985234,0.0 -47.248962,-4.48348029985234,0.0 -47.2489584,-4.48358859985233,0.0 -47.2489565,-4.48364729985233,0.0 -47.2489547,-4.48370969985233,0.0 -47.2489437,-4.48382899985233,0.0 -47.2489382,-4.48387679985233,0.0 -47.2489345,-4.48390059985233,0.0 -47.248929,-4.48392539985232,0.0 -47.2489217,-4.48395479985232,0.0 -47.248918,-4.48397859985232,0.0 -47.2489079,-4.48402999985232,0.0 -47.2489024,-4.48405939985232,0.0 -47.2488895,-4.48413099985232,0.0 -47.248884,-4.48416769985232,0.0 -47.2488712,-4.48427789985231,0.0 -47.248862,-4.48434579985231,0.0 -47.2488565,-4.48442659985231,0.0 -47.2488528,-4.48450179985231,0.0 -47.248851,-4.4845862998523,0.0 -47.2488455,-4.4847220998523,0.0 -47.2488363,-4.48495519985229,0.0 -47.2488345,-4.48508009985229,0.0 -47.2488299,-4.48516079985228,0.0 -47.2488235,-4.48524619985228,0.0 -47.2488161,-4.48532419985228,0.0 -47.2487996,-4.48547109985227,0.0 -47.2487959,-4.48551969985227,0.0 -47.2487739,-4.48584739985226,0.0 -47.2487711,-4.48606759985226,0.0 -47.2487721,-4.48617869985225,0.0 -47.2487652,-4.48626959985225,0.0 -47.2487597,-4.48638149985224,0.0 -47.2487542,-4.48646599985224,0.0 -47.248745,-4.48656509985224,0.0 -47.2487395,-4.48665319985224,0.0 -47.2487395,-4.48673769985223,0.0 -47.248734,-4.48682029985223,0.0 -47.2487211,-4.48691569985223,0.0 -47.2486899,-4.48718919985222,0.0 -47.2486605,-4.48751969985221,0.0 -47.2486495,-4.4876426998522,0.0 -47.2486293,-4.4878628998522,0.0 -47.2485945,-4.48809059985219,0.0 -47.2485743,-4.48818599985218,0.0 -47.2485486,-4.48828699985218,0.0 -47.2485357,-4.48834939985218,0.0 -47.2485302,-4.48840079985218,0.0 -47.2485192,-4.48848889985218,0.0 -47.248477,-4.48898089985216,0.0 -47.2484715,-4.48905979985216,0.0 -47.2484715,-4.48911669985216,0.0 -47.2484641,-4.48917909985215,0.0 -47.2484586,-4.48922679985215,0.0 -47.2484421,-4.48930949985215,0.0 -47.2484311,-4.48936269985215,0.0 -47.2484237,-4.48942509985214,0.0 -47.2484072,-4.48960679985214,0.0 -47.2483999,-4.48968209985214,0.0 -47.2483833,-4.48983449985213,0.0 -47.2483668,-4.48995929985213,0.0 -47.248343,-4.49013549985212,0.0 -47.2483228,-4.49024929985212,0.0 -47.2483154,-4.49031539985212,0.0 -47.2483081,-4.49041819985211,0.0 -47.2482604,-4.4908018998521,0.0 -47.2482365,-4.49099279985209,0.0 -47.2482292,-4.49105519985209,0.0 -47.2482181,-4.49113039985209,0.0 -47.2482108,-4.49118739985209,0.0 -47.2482035,-4.49126079985208,0.0 -47.2481979,-4.49132139985208,0.0 -47.2481943,-4.49138739985208,0.0 -47.2481979,-4.49160769985207,0.0 -47.248209,-4.49181699985207,0.0 -47.248209,-4.49197119985206,0.0 -47.2482108,-4.49206849985206,0.0 -47.2482071,-4.49214369985205,0.0 -47.2482035,-4.49226859985205,0.0 -47.2482016,-4.49232549985205,0.0 -47.2481998,-4.49237689985205,0.0 -47.2481924,-4.49245209985205,0.0 -47.2481833,-4.49260269985204,0.0 -47.2481814,-4.49266509985204,0.0 -47.2481778,-4.49276969985204,0.0 -47.2481741,-4.49281009985203,0.0 -47.2481722,-4.49285869985203,0.0 -47.2481713,-4.49288809985203,0.0 -47.2481713,-4.49292299985203,0.0 -47.2481732,-4.49294679985203,0.0 -47.2481759,-4.49297069985203,0.0 -47.2481814,-4.49301199985203,0.0 -47.2481878,-4.49305699985203,0.0 -47.2481984,-4.49310609985202,0.0 -47.2482097,-4.49316139985202,0.0 -47.248223,-4.49320839985202,0.0 -47.2482448,-4.49327179985202,0.0 -47.2482699,-4.49333109985202,0.0 -47.2482829,-4.49335509985202,0.0 -47.2483012,-4.49338099985202,0.0 -47.2483315,-4.49342499985201,0.0 -47.2483677,-4.49347189985201,0.0 -47.2483971,-4.49350759985201,0.0 -47.2484247,-4.49353889985201,0.0 -47.2484715,-4.49358289985201,0.0 -47.2485045,-4.49361229985201,0.0 -47.2486881,-4.493764599852,0.0 -47.2488092,-4.493861899852,0.0 -47.2488753,-4.493922499852,0.0 -47.2489341,-4.493972099852,0.0 -47.2490928,-4.49410519985199,0.0 -47.2493966,-4.49437039985198,0.0 -47.2494866,-4.49444749985198,0.0 -47.2495848,-4.49451819985198,0.0 -47.2496536,-4.49456769985198,0.0 -47.2497078,-4.49460449985197,0.0 -47.2497977,-4.49466959985197,0.0 -47.2499088,-4.49474489985197,0.0 -47.2500015,-4.49480819985197,0.0 -47.2501236,-4.49488439985197,0.0 -47.2502117,-4.49493949985196,0.0 -47.2503246,-4.49501109985196,0.0 -47.2504164,-4.49506429985196,0.0 -47.2504512,-4.49508719985196,0.0 -47.250487,-4.49511019985196,0.0 -47.2505192,-4.49512949985196,0.0 -47.250543,-4.49514419985196,0.0 -47.2505623,-4.49515609985196,0.0 -47.2505843,-4.49517169985196,0.0 -47.2506109,-4.49519369985196,0.0 -47.2506293,-4.49520839985195,0.0 -47.250644,-4.49522399985196,0.0 -47.2506614,-4.49524049985196,0.0 -47.2506853,-4.49526349985195,0.0 -47.2507073,-4.49528729985195,0.0 -47.250733,-4.49531579985195,0.0 -47.2507807,-4.49537089985195,0.0 -47.2508064,-4.49540209985195,0.0 -47.2508303,-4.49543239985195,0.0 -47.2508514,-4.49546259985195,0.0 -47.2508753,-4.49549939985195,0.0 -47.2508936,-4.49553149985194,0.0 -47.2509147,-4.49556999985194,0.0 -47.250946,-4.49562419985194,0.0 -47.2509781,-4.49568749985194,0.0 -47.2510093,-4.49574809985194,0.0 -47.25108,-4.49592059985193,0.0 -47.251135,-4.49603809985193,0.0 -47.2511662,-4.49609689985193,0.0 -47.2511956,-4.49614639985192,0.0 -47.251225,-4.49620879985192,0.0 -47.2512433,-4.49625469985192,0.0 -47.2512745,-4.49632629985192,0.0 -47.2513149,-4.49642729985192,0.0 -47.2514067,-4.49663839985191,0.0 -47.2514453,-4.49673939985191,0.0 -47.2514728,-4.4968219998519,0.0 -47.2514911,-4.4968751998519,0.0 -47.2515297,-4.4969852998519,0.0 -47.2515609,-4.49708809985189,0.0 -47.2515848,-4.49717439985189,0.0 -47.251605,-4.49723319985189,0.0 -47.2516747,-4.49740939985188,0.0 -47.2517078,-4.49749379985188,0.0 -47.2517426,-4.49758009985188,0.0 -47.2517665,-4.49764429985188,0.0 -47.2517867,-4.49771229985187,0.0 -47.2518069,-4.49777649985187,0.0 -47.2518308,-4.49785729985187,0.0 -47.2518473,-4.49791789985187,0.0 -47.2518656,-4.49799679985187,0.0 -47.2518821,-4.49807019985186,0.0 -47.251895,-4.49814549985186,0.0 -47.2519134,-4.49823539985186,0.0 -47.2519207,-4.49831439985185,0.0 -47.2519262,-4.49837679985185,0.0 -47.2519354,-4.49843549985185,0.0 -47.2519446,-4.49849059985185,0.0 -47.2519592,-4.49855479985185,0.0 -47.2519868,-4.49864109985184,0.0 -47.2520106,-4.49872649985184,0.0 -47.2520235,-4.49877509985184,0.0 -47.2520363,-4.49882649985184,0.0 -47.2520446,-4.49886689985184,0.0 -47.2520519,-4.49890269985184,0.0 -47.2520685,-4.49895959985183,0.0 -47.2520988,-4.49904769985183,0.0 -47.2521327,-4.49915689985183,0.0 -47.2521511,-4.49920469985183,0.0 -47.2521713,-4.49925609985182,0.0 -47.2521905,-4.49931209985182,0.0 -47.2521988,-4.49934969985182,0.0 -47.2522117,-4.49939099985182,0.0 -47.2522273,-4.49943599985182,0.0 -47.2522594,-4.49951119985182,0.0 -47.2523025,-4.49959199985181,0.0 -47.2523255,-4.49963789985181,0.0 -47.252342,-4.49967279985181,0.0 -47.2523787,-4.49974159985181,0.0 -47.2524237,-4.49981229985181,0.0 -47.2524485,-4.4998443998518,0.0 -47.2524714,-4.4998728998518,0.0 -47.252498,-4.4999067998518,0.0 -47.2525375,-4.4999609998518,0.0 -47.2525806,-4.5000224998518,0.0 -47.2526118,-4.5000683998518,0.0 -47.252644,-4.5001114998518,0.0 -47.2526853,-4.50017299985179,0.0 -47.252722,-4.50022529985179,0.0 -47.2527403,-4.50025649985179,0.0 -47.2527486,-4.50027119985179,0.0 -47.2527605,-4.50029319985179,0.0 -47.2527734,-4.50032079985179,0.0 -47.2527844,-4.50034459985179,0.0 -47.2527991,-4.50037859985179,0.0 -47.2528055,-4.50039689985179,0.0 -47.2528138,-4.50042449985179,0.0 -47.2528202,-4.50044739985178,0.0 -47.2528248,-4.50046389985178,0.0 -47.2528303,-4.50049609985178,0.0 -47.2528321,-4.50053279985178,0.0 -47.252833,-4.50057409985178,0.0 -47.252844,-4.50080719985177,0.0 -47.2528486,-4.50101099985177,0.0 -47.2528541,-4.50110089985176,0.0 -47.2528578,-4.50118899985176,0.0 -47.2528578,-4.50128629985176,0.0 -47.2528652,-4.50148089985175,0.0 -47.2528707,-4.50154329985175,0.0 -47.2528835,-4.50162589985174,0.0 -47.2528945,-4.50170669985174,0.0 -47.2529129,-4.50181679985174,0.0 -47.2529312,-4.50191229985174,0.0 -47.2529349,-4.50196369985173,0.0 -47.2529423,-4.50207379985173,0.0 -47.2529496,-4.50213899985173,0.0 -47.2529579,-4.50219409985173,0.0 -47.2529661,-4.50224269985173,0.0 -47.2529799,-4.50231609985172,0.0 -47.2529937,-4.50237759985172,0.0 -47.2530047,-4.50242999985172,0.0 -47.2530194,-4.50247949985172,0.0 -47.253034,-4.50252719985172,0.0 -47.2530432,-4.50255939985172,0.0 -47.2530579,-4.50260429985171,0.0 -47.2530698,-4.50264109985171,0.0 -47.2530818,-4.50267229985171,0.0 -47.2530955,-4.50270159985171,0.0 -47.2531102,-4.50272639985171,0.0 -47.2531322,-4.50276309985171,0.0 -47.2531442,-4.50278419985171,0.0 -47.2531561,-4.50280809985171,0.0 -47.2531745,-4.50284479985171,0.0 -47.2531965,-4.5028879998517,0.0 -47.2532112,-4.5029145998517,0.0 -47.2532277,-4.5029438998517,0.0 -47.2532497,-4.5029806998517,0.0 -47.2533415,-4.5031393998517,0.0 -47.2533525,-4.5031605998517,0.0 -47.2533617,-4.5031761998517,0.0 -47.2533746,-4.50320369985169,0.0 -47.2533966,-4.50325419985169,0.0 -47.2534195,-4.50331749985169,0.0 -47.2534884,-4.50349919985168,0.0 -47.2535187,-4.50360109985168,0.0 -47.2535444,-4.50368189985168,0.0 -47.2535719,-4.50375349985168,0.0 -47.2535958,-4.50381219985167,0.0 -47.2536086,-4.50384799985167,0.0 -47.2536288,-4.50390679985167,0.0 -47.2536536,-4.50397559985167,0.0 -47.2536784,-4.50403249985167,0.0 -47.2537013,-4.50408019985167,0.0 -47.2537224,-4.50411879985166,0.0 -47.2537362,-4.50414539985166,0.0 -47.2537527,-4.50418299985166,0.0 -47.2537619,-4.50421059985166,0.0 -47.253772,-4.50425459985166,0.0 -47.2537802,-4.50433359985166,0.0 -47.2537867,-4.50440609985166,0.0 -47.2538133,-4.50459239985165,0.0 -47.2538408,-4.50480069985164,0.0 -47.2538537,-4.50501369985163,0.0 -47.2538573,-4.50508709985163,0.0 -47.2538537,-4.50515869985163,0.0 -47.2538537,-4.50521009985163,0.0 -47.2538463,-4.50526329985163,0.0 -47.2538408,-4.50535139985162,0.0 -47.253828,-4.50544319985162,0.0 -47.2538188,-4.50552219985162,0.0 -47.2538041,-4.50561579985161,0.0 -47.2537913,-4.50568369985161,0.0 -47.2537766,-4.50574979985161,0.0 -47.2537674,-4.50582869985161,0.0 -47.2537674,-4.50594249985161,0.0 -47.2537527,-4.5061645998516,0.0 -47.253738,-4.50639039985159,0.0 -47.2537362,-4.50659969985158,0.0 -47.2537417,-4.50676309985158,0.0 -47.2537435,-4.50695769985157,0.0 -47.253727,-4.50723849985156,0.0 -47.2537233,-4.50731189985156,0.0 -47.2537123,-4.50742389985156,0.0 -47.2537013,-4.50751199985155,0.0 -47.2536242,-4.50801129985154,0.0 -47.2535875,-4.50817649985153,0.0 -47.2535067,-4.50840419985153,0.0 -47.253426,-4.50862439985152,0.0 -47.2533305,-4.50892549985151,0.0 -47.2531286,-4.50950919985149,0.0 -47.2530368,-4.50977359985148,0.0 -47.2529046,-4.51015169985147,0.0 -47.2528165,-4.51039039985146,0.0 -47.2527633,-4.51052799985146,0.0 -47.2527137,-4.51064919985145,0.0 -47.2526825,-4.51074099985145,0.0 -47.252655,-4.51085109985144,0.0 -47.2526366,-4.51090619985144,0.0 -47.2526127,-4.51096679985144,0.0 -47.2525834,-4.51103469985144,0.0 -47.2524586,-4.51135039985143,0.0 -47.2524016,-4.51150099985142,0.0 -47.2523539,-4.51164229985142,0.0 -47.2523099,-4.51177449985141,0.0 -47.2522768,-4.51187729985141,0.0 -47.2522328,-4.51200579985141,0.0 -47.2522016,-4.5121231998514,0.0 -47.2521685,-4.5122608998514,0.0 -47.2521355,-4.5123930998514,0.0 -47.2521006,-4.51253989985139,0.0 -47.2520694,-4.51266479985139,0.0 -47.2520455,-4.51275469985138,0.0 -47.252007,-4.51290889985138,0.0 -47.2519611,-4.51308509985137,0.0 -47.2519262,-4.51320999985137,0.0 -47.2518748,-4.51335499985136,0.0 -47.2518436,-4.51344129985136,0.0 -47.2518197,-4.51351649985136,0.0 -47.2517867,-4.51361379985136,0.0 -47.2517656,-4.51366339985135,0.0 -47.2517445,-4.51370929985135,0.0 -47.2517224,-4.51375979985135,0.0 -47.2516821,-4.51384599985135,0.0 -47.2516545,-4.51391029985135,0.0 -47.2516215,-4.51398459985134,0.0 -47.2515995,-4.51402319985134,0.0 -47.251582,-4.51405619985134,0.0 -47.2515701,-4.51408469985134,0.0 -47.2515517,-4.51413879985134,0.0 -47.2515398,-4.51419659985134,0.0 -47.2515251,-4.51425909985133,0.0 -47.2515031,-4.51437649985133,0.0 -47.2514829,-4.51447379985133,0.0 -47.2514627,-4.51455279985132,0.0 -47.2514462,-4.51461699985132,0.0 -47.2514122,-4.51473539985132,0.0 -47.2513865,-4.51481529985131,0.0 -47.2513562,-4.51490339985131,0.0 -47.2513149,-4.51499979985131,0.0 -47.2512984,-4.51504199985131,0.0 -47.2512791,-4.51510259985131,0.0 -47.2511451,-4.51543569985129,0.0 -47.2510754,-4.51561559985129,0.0 -47.2510276,-4.51572759985129,0.0 -47.2509762,-4.51587079985128,0.0 -47.2509028,-4.51602679985127,0.0 -47.2508239,-4.51620299985127,0.0 -47.2507725,-4.51631319985126,0.0 -47.2507413,-4.51637559985126,0.0 -47.2507101,-4.51644719985126,0.0 -47.2506917,-4.51649859985126,0.0 -47.2506715,-4.51655919985126,0.0 -47.2506164,-4.51673169985125,0.0 -47.2505834,-4.51682719985125,0.0 -47.2505394,-4.51694649985125,0.0 -47.2505251,-4.51698409985124,0.0 -47.2505132,-4.51701209985124,0.0 -47.2504847,-4.51708649985124,0.0 -47.2504572,-4.51716719985124,0.0 -47.2504297,-4.51725719985124,0.0 -47.2504113,-4.51732689985123,0.0 -47.2503801,-4.51742059985123,0.0 -47.2503544,-4.51751049985123,0.0 -47.2503416,-4.51756739985123,0.0 -47.2503287,-4.51762429985122,0.0 -47.2503012,-4.51773079985122,0.0 -47.2502828,-4.51778769985122,0.0 -47.250259,-4.51786849985122,0.0 -47.2502461,-4.51790329985121,0.0 -47.2502351,-4.51793999985122,0.0 -47.2502186,-4.51801159985121,0.0 -47.2501965,-4.51809059985121,0.0 -47.2501819,-4.51814749985121,0.0 -47.2501598,-4.5182208998512,0.0 -47.250147,-4.5182594998512,0.0 -47.2501341,-4.5182887998512,0.0 -47.2501084,-4.5183695998512,0.0 -47.2500772,-4.5184705998512,0.0 -47.2500589,-4.51853479985119,0.0 -47.2500368,-4.51858799985119,0.0 -47.2500093,-4.51865779985119,0.0 -47.2499873,-4.51871469985119,0.0 -47.2499524,-4.51877899985119,0.0 -47.2499212,-4.51882669985118,0.0 -47.2498624,-4.51892029985118,0.0 -47.2498074,-4.51901939985118,0.0 -47.2497762,-4.51908549985117,0.0 -47.2497376,-4.51917179985117,0.0 -47.2497064,-4.51924709985117,0.0 -47.2496605,-4.51938659985117,0.0 -47.2496238,-4.51950589985116,0.0 -47.2495871,-4.51964719985116,0.0 -47.2495504,-4.51977209985115,0.0 -47.2494843,-4.51998319985115,0.0 -47.2494549,-4.52007859985114,0.0 -47.2494366,-4.52013739985114,0.0 -47.2494145,-4.52020529985114,0.0 -47.2493943,-4.52027499985114,0.0 -47.2493613,-4.52036499985113,0.0 -47.2493338,-4.52044019985113,0.0 -47.2493007,-4.52053199985113,0.0 -47.2492769,-4.52058889985113,0.0 -47.2492548,-4.52064579985112,0.0 -47.2492365,-4.52069719985112,0.0 -47.2492181,-4.52075779985112,0.0 -47.2491869,-4.52085879985112,0.0 -47.2491722,-4.52091379985112,0.0 -47.2491575,-4.52097439985111,0.0 -47.249141,-4.52105699985111,0.0 -47.24913,-4.52111389985111,0.0 -47.2491172,-4.52117999985111,0.0 -47.2491118,-4.52121369985111,0.0 -47.2491025,-4.52125159985111,0.0 -47.2490878,-4.5213011998511,0.0 -47.2490713,-4.5213543998511,0.0 -47.2490401,-4.5214424998511,0.0 -47.2490199,-4.5215103998511,0.0 -47.2489923,-4.52161139985109,0.0 -47.2489776,-4.52165179985109,0.0 -47.2489598,-4.52169399985109,0.0 -47.2489537,-4.52171629985109,0.0 -47.2489446,-4.52174909985109,0.0 -47.2489373,-4.52178209985109,0.0 -47.2489244,-4.52185549985109,0.0 -47.248896,-4.52195559985108,0.0 -47.2488816,-4.52200949985108,0.0 -47.2488657,-4.52206939985108,0.0 -47.2488436,-4.52220939985107,0.0 -47.2488363,-4.52225339985107,0.0 -47.2488253,-4.52230119985107,0.0 -47.2488134,-4.52234339985107,0.0 -47.2487922,-4.52240949985107,0.0 -47.2487647,-4.52249849985107,0.0 -47.2487381,-4.52257739985106,0.0 -47.2486839,-4.52272609985106,0.0 -47.2486509,-4.52282709985105,0.0 -47.2485802,-4.52302439985105,0.0 -47.248561,-4.52307119985105,0.0 -47.2485444,-4.52311069985105,0.0 -47.2485286,-4.52315209985104,0.0 -47.2485252,-4.52316119985104,0.0 -47.2484857,-4.52328779985104,0.0 -47.2484435,-4.52342729985103,0.0 -47.2484306,-4.52348979985103,0.0 -47.2484141,-4.52356499985103,0.0 -47.2483939,-4.52364399985103,0.0 -47.2483847,-4.52369539985103,0.0 -47.2483774,-4.52376689985102,0.0 -47.2483572,-4.52387709985102,0.0 -47.2483443,-4.52396699985102,0.0 -47.2483223,-4.52410839985101,0.0 -47.2482874,-4.52428459985101,0.0 -47.2482654,-4.524389199851,0.0 -47.2482452,-4.524469999851,0.0 -47.2482269,-4.524548899851,0.0 -47.2482103,-4.524625999851,0.0 -47.2481993,-4.52466829985099,0.0 -47.2481718,-4.52475269985099,0.0 -47.2481516,-4.52480229985099,0.0 -47.2481241,-4.52485729985099,0.0 -47.248091,-4.52491239985099,0.0 -47.2480561,-4.52496929985098,0.0 -47.2480011,-4.52504639985098,0.0 -47.2479533,-4.52511069985098,0.0 -47.247913,-4.52517489985098,0.0 -47.2478744,-4.52523369985098,0.0 -47.2478285,-4.52530519985097,0.0 -47.2478047,-4.52534749985097,0.0 -47.2477863,-4.52538229985097,0.0 -47.2477202,-4.52552369985097,0.0 -47.2476798,-4.52560259985096,0.0 -47.2475991,-4.52574759985096,0.0 -47.247555,-4.52583209985096,0.0 -47.2475293,-4.52589449985095,0.0 -47.2475091,-4.52594039985095,0.0 -47.2474871,-4.52599179985095,0.0 -47.2474733,-4.52602619985095,0.0 -47.2474651,-4.52605049985095,0.0 -47.247461,-4.52606609985095,0.0 -47.2474573,-4.52608769985095,0.0 -47.2474559,-4.52610609985095,0.0 -47.2474531,-4.52613129985095,0.0 -47.2474525,-4.52615119985095,0.0 -47.2474505,-4.52617829985094,0.0 -47.2474481,-4.52619549985094,0.0 -47.2474412,-4.52622219985094,0.0 -47.2474256,-4.52627259985094,0.0 -47.2474118,-4.52633049985094,0.0 -47.2474036,-4.52639749985094,0.0 -47.2473953,-4.52643509985093,0.0 -47.2473852,-4.52647819985093,0.0 -47.247365,-4.52654429985093,0.0 -47.2473347,-4.52661779985093,0.0 -47.2473072,-4.52667469985093,0.0 -47.2472824,-4.52672149985093,0.0 -47.247242,-4.52679859985092,0.0 -47.2471998,-4.52687289985092,0.0 -47.2471778,-4.52691149985092,0.0 -47.2471594,-4.52694539985092,0.0 -47.2471181,-4.52701699985092,0.0 -47.2470924,-4.52706469985092,0.0 -47.2470704,-4.52711429985091,0.0 -47.247052,-4.52716019985091,0.0 -47.2470337,-4.52720789985091,0.0 -47.2470135,-4.52727399985091,0.0 -47.2467739,-4.52831939985087,0.0 -47.2467537,-4.52840659985087,0.0 -47.2467455,-4.52845429985087,0.0 -47.246739,-4.52849199985087,0.0 -47.2467344,-4.52852119985087,0.0 -47.2467317,-4.52853789985087,0.0 -47.2467247,-4.52857069985087,0.0 -47.2467207,-4.52858929985087,0.0 -47.2467032,-4.52865259985086,0.0 -47.2466711,-4.52873979985086,0.0 -47.2466069,-4.52892699985086,0.0 -47.24655,-4.52907659985085,0.0 -47.2465114,-4.52917759985085,0.0 -47.2464692,-4.52927489985084,0.0 -47.2464306,-4.52934099985084,0.0 -47.2464013,-4.52940159985084,0.0 -47.2463774,-4.52948049985084,0.0 -47.2463554,-4.52955019985083,0.0 -47.2463132,-4.52965669985083,0.0 -47.2462801,-4.52975029985083,0.0 -47.2462581,-4.52981639985083,0.0 -47.2462269,-4.52989169985082,0.0 -47.2461902,-4.52997429985082,0.0 -47.2461645,-4.53003669985082,0.0 -47.2461333,-4.53012849985082,0.0 -47.2461131,-4.53019639985081,0.0 -47.2460892,-4.53026799985081,0.0 -47.2460653,-4.53033779985081,0.0 -47.2460268,-4.53042589985081,0.0 -47.2459919,-4.5305065998508,0.0 -47.2459589,-4.5305836998508,0.0 -47.2459313,-4.5306470998508,0.0 -47.2459212,-4.5306708998508,0.0 -47.2459056,-4.5307103998508,0.0 -47.24589,-4.53075809985079,0.0 -47.2458809,-4.53079119985079,0.0 -47.2458662,-4.53085359985079,0.0 -47.2458497,-4.53092699985079,0.0 -47.2458368,-4.53098019985079,0.0 -47.2458194,-4.53103159985079,0.0 -47.2458102,-4.53106279985078,0.0 -47.2458047,-4.53109219985078,0.0 -47.2457973,-4.53112529985078,0.0 -47.2457946,-4.53115459985078,0.0 -47.2457918,-4.53118679985078,0.0 -47.2457882,-4.53124729985078,0.0 -47.2457854,-4.53130059985078,0.0 -47.2457836,-4.53132989985078,0.0 -47.2457845,-4.53134829985078,0.0 -47.2457882,-4.53138409985077,0.0 -47.2457882,-4.53140339985077,0.0 -47.2457937,-4.53146489985077,0.0 -47.245801,-4.53152359985077,0.0 -47.2459506,-4.53251949985074,0.0 -47.2459598,-4.53260759985073,0.0 -47.2459786,-4.53274849985073,0.0 -47.2459841,-4.53282969985073,0.0 -47.2459827,-4.53286129985073,0.0 -47.2459782,-4.53292609985072,0.0 -47.2459708,-4.53299489985072,0.0 -47.2459598,-4.53307569985072,0.0 -47.2459451,-4.53315829985072,0.0 -47.2459341,-4.53323169985071,0.0 -47.2459176,-4.53331609985071,0.0 -47.2458955,-4.53342809985071,0.0 -47.2458882,-4.53347579985071,0.0 -47.2458772,-4.5335437998507,0.0 -47.2458643,-4.5336153998507,0.0 -47.245851,-4.5336763998507,0.0 -47.2458405,-4.5337281998507,0.0 -47.2458166,-4.5338355998507,0.0 -47.2457983,-4.53389989985069,0.0 -47.2457762,-4.53397329985069,0.0 -47.245756,-4.53404309985069,0.0 -47.2457322,-4.53412019985069,0.0 -47.2457138,-4.53417709985068,0.0 -47.24569,-4.53424499985068,0.0 -47.2456661,-4.53431289985068,0.0 -47.2456496,-4.53435879985068,0.0 -47.2456349,-4.53439549985068,0.0 -47.245611,-4.53444319985067,0.0 -47.2455688,-4.53452589985067,0.0 -47.2455541,-4.53455519985067,0.0 -47.2455211,-4.53461209985067,0.0 -47.245477,-4.53468369985067,0.0 -47.2454109,-4.53478279985066,0.0 -47.2453935,-4.53480669985066,0.0 -47.2453669,-4.53484069985066,0.0 -47.2453421,-4.53486819985066,0.0 -47.2453146,-4.53489759985066,0.0 -47.2452714,-4.53494249985066,0.0 -47.245243,-4.53497279985066,0.0 -47.245209,-4.53500859985066,0.0 -47.2451796,-4.53503799985065,0.0 -47.2451493,-4.53506919985065,0.0 -47.2450869,-4.53512699985065,0.0 -47.245042,-4.53516929985065,0.0 -47.244974,-4.53523169985065,0.0 -47.2449135,-4.53528579985065,0.0 -47.2448483,-4.53534819985064,0.0 -47.244796,-4.53540239985064,0.0 -47.2447593,-4.53543909985064,0.0 -47.2447349,-4.53546449985064,0.0 -47.2446923,-4.53550889985064,0.0 -47.244651,-4.53555469985064,0.0 -47.2446198,-4.53559509985064,0.0 -47.2445775,-4.53565109985063,0.0 -47.2445445,-4.53568879985063,0.0 -47.2445032,-4.53572729985063,0.0 -47.24446,-4.53577139985063,0.0 -47.2444252,-4.53580899985063,0.0 -47.2443563,-4.53589069985063,0.0 -47.2442939,-4.53596319985062,0.0 -47.2442434,-4.53602379985062,0.0 -47.2441884,-4.53608429985062,0.0 -47.244137,-4.53613759985062,0.0 -47.2441003,-4.53617699985062,0.0 -47.2440773,-4.53620089985062,0.0 -47.2440433,-4.53623489985062,0.0 -47.2440085,-4.53626789985061,0.0 -47.2439773,-4.53629269985061,0.0 -47.2439314,-4.53632569985061,0.0 -47.2438864,-4.53635789985061,0.0 -47.2438552,-4.53637799985061,0.0 -47.2438286,-4.53639369985061,0.0 -47.2437992,-4.53640649985061,0.0 -47.2437698,-4.53641659985061,0.0 -47.2437487,-4.53642489985061,0.0 -47.2437294,-4.53643359985061,0.0 -47.2437074,-4.53644639985061,0.0 -47.2436878,-4.53645819985061,0.0 -47.2436588,-4.53647299985061,0.0 -47.2435954,-4.53650149985061,0.0 -47.2435468,-4.53652029985061,0.0 -47.2433586,-4.5365881998506,0.0 -47.2432779,-4.5366152998506,0.0 -47.2432375,-4.5366299998506,0.0 -47.2431943,-4.5366455998506,0.0 -47.2431338,-4.5366703998506,0.0 -47.2430916,-4.5366859998506,0.0 -47.2430447,-4.5367024998506,0.0 -47.2429998,-4.5367180998506,0.0 -47.2429585,-4.5367336998506,0.0 -47.2429254,-4.5367465998506,0.0 -47.242897,-4.5367593998506,0.0 -47.2428456,-4.5367832998506,0.0 -47.242752,-4.5368337998506,0.0 -47.2426877,-4.5368685998506,0.0 -47.2426565,-4.5368851998506,0.0 -47.2426216,-4.53690629985059,0.0 -47.2426042,-4.53692189985059,0.0 -47.2425822,-4.53694019985059,0.0 -47.2425583,-4.53695669985059,0.0 -47.2425234,-4.53697879985059,0.0 -47.2424821,-4.53701369985059,0.0 -47.2424426,-4.53705039985059,0.0 -47.2424013,-4.53709169985059,0.0 -47.2423646,-4.53713479985059,0.0 -47.2423334,-4.53717429985059,0.0 -47.2423178,-4.53719539985058,0.0 -47.2422958,-4.53723579985058,0.0 -47.2422719,-4.53728069985058,0.0 -47.2422012,-4.53740559985058,0.0 -47.2421471,-4.53751659985057,0.0 -47.242115,-4.53758729985057,0.0 -47.24207,-4.53772959985057,0.0 -47.2420498,-4.53779749985057,0.0 -47.2420287,-4.53786269985056,0.0 -47.2419947,-4.53795989985056,0.0 -47.2419791,-4.53801589985056,0.0 -47.241947,-4.53813159985055,0.0 -47.2419121,-4.53828389985055,0.0 -47.2418846,-4.53838669985054,0.0 -47.2418497,-4.53851339985054,0.0 -47.2417304,-4.53895949985053,0.0 -47.2416588,-4.53917979985052,0.0 -47.2416349,-4.53923849985052,0.0 -47.2416129,-4.53931189985052,0.0 -47.2415799,-4.53945879985051,0.0 -47.2415523,-4.53957629985051,0.0 -47.2415285,-4.5397010998505,0.0 -47.2414881,-4.5398754998505,0.0 -47.2414495,-4.54001679985049,0.0 -47.2414092,-4.54013249985049,0.0 -47.2413633,-4.54026279985048,0.0 -47.2413174,-4.54040969985048,0.0 -47.2412807,-4.54053629985048,0.0 -47.2412293,-4.54077499985047,0.0 -47.2411522,-4.54103929985046,0.0 -47.2410714,-4.54127239985045,0.0 -47.2410108,-4.54146519985045,0.0 -47.2409796,-4.54158999985044,0.0 -47.2409337,-4.54175149985044,0.0 -47.2408309,-4.54211679985042,0.0 -47.2407043,-4.54263359985041,0.0 -47.240629,-4.5428960998504,0.0 -47.2405354,-4.54320449985039,0.0 -47.2404987,-4.54333849985038,0.0 -47.2404785,-4.54342659985038,0.0 -47.2404693,-4.54347619985038,0.0 -47.2404454,-4.54356239985038,0.0 -47.240405,-4.54369279985037,0.0 -47.240361,-4.54379919985037,0.0 -47.2402876,-4.54399749985036,0.0 -47.2402343,-4.54412599985036,0.0 -47.2402013,-4.54423059985035,0.0 -47.2401425,-4.54440679985035,0.0 -47.2400709,-4.54464179985034,0.0 -47.2400361,-4.54477759985034,0.0 -47.2399608,-4.54503649985033,0.0 -47.2399039,-4.54524209985032,0.0 -47.2398139,-4.54554679985031,0.0 -47.2397717,-4.54569369985031,0.0 -47.2397479,-4.5457725998503,0.0 -47.2397222,-4.5458477998503,0.0 -47.239691,-4.5459340998503,0.0 -47.2396469,-4.5460442998503,0.0 -47.2396084,-4.54615619985029,0.0 -47.2395643,-4.54629019985029,0.0 -47.2395111,-4.54645179985028,0.0 -47.2394799,-4.54656009985028,0.0 -47.2394101,-4.54680969985027,0.0 -47.2393569,-4.54700429985027,0.0 -47.2393183,-4.54713279985026,0.0 -47.2392816,-4.54726499985026,0.0 -47.2392302,-4.54747979985025,0.0 -47.2392224,-4.54750219985025,0.0 -47.2391953,-4.54758069985025,0.0 -47.2391476,-4.54771469985024,0.0 -47.2391127,-4.54782299985024,0.0 -47.2390687,-4.54796249985023,0.0 -47.2390283,-4.54811669985023,0.0 -47.2389677,-4.54833889985022,0.0 -47.238931,-4.54847839985022,0.0 -47.2388961,-4.54859949985021,0.0 -47.2388539,-4.54872989985021,0.0 -47.2388025,-4.5488693998502,0.0 -47.2387254,-4.54912819985019,0.0 -47.2386685,-4.54930989985019,0.0 -47.2385896,-4.54954859985018,0.0 -47.2385455,-4.54969909985017,0.0 -47.2384702,-4.54990469985017,0.0 -47.2384409,-4.54998549985017,0.0 -47.2384041,-4.55009009985016,0.0 -47.2383785,-4.55016349985016,0.0 -47.2383472,-4.55024979985016,0.0 -47.2383179,-4.55035439985016,0.0 -47.2382591,-4.55059489985015,0.0 -47.2382169,-4.55074909985014,0.0 -47.2381765,-4.55090699985014,0.0 -47.2381031,-4.55118229985013,0.0 -47.2380076,-4.55157329985012,0.0 -47.2379618,-4.55171279985011,0.0 -47.2379361,-4.55179729985011,0.0 -47.237903,-4.5519110998501,0.0 -47.2378736,-4.5520028998501,0.0 -47.2378461,-4.5520835998501,0.0 -47.2377745,-4.55231489985009,0.0 -47.2377176,-4.55247279985008,0.0 -47.2376625,-4.55262699985008,0.0 -47.2375909,-4.55283259985007,0.0 -47.2375597,-4.55291889985007,0.0 -47.2375175,-4.55306759985007,0.0 -47.2374735,-4.55324559985006,0.0 -47.2374349,-4.55338699985006,0.0 -47.2373505,-4.55368249985005,0.0 -47.2373138,-4.55381099985004,0.0 -47.2372972,-4.55388989985004,0.0 -47.2372532,-4.55410839985003,0.0 -47.2372091,-4.55426809985003,0.0 -47.2371871,-4.55432129985003,0.0 -47.2371559,-4.55440579985002,0.0 -47.2370916,-4.55455449985002,0.0 -47.236998,-4.55473439985001,0.0 -47.2369264,-4.55486099985001,0.0 -47.236886,-4.55492159985001,0.0 -47.236831,-4.55501339985,0.0 -47.2367392,-4.55513269985,0.0 -47.2366694,-4.55523269985,0.0 -47.2366024,-4.55533369984999,0.0 -47.2364703,-4.55552549984999,0.0 -47.2363473,-4.55571829984998,0.0 -47.236149,-4.55601569984997,0.0 -47.2359671,-4.55628779984996,0.0 -47.2351577,-4.55747989984992,0.0 -47.2335708,-4.55984399984985,0.0 -47.2249068,-4.60075029984851,0.0 -47.2255873,-4.60450329984839,0.0 -47.2259469,-4.60613429984834,0.0 -47.2261453,-4.60744929984829,0.0 -47.2265128,-4.60918589984824,0.0 -47.2265989,-4.60964299984822,0.0 -47.2267032,-4.61066609984819,0.0 -47.2267753,-4.61098149984818,0.0 -47.226855,-4.61146639984816,0.0 -47.226866,-4.61155089984816,0.0 -47.2269027,-4.61179319984815,0.0 -47.226922,-4.61196849984814,0.0 -47.2269892,-4.61249739984813,0.0 -47.2270502,-4.6132160998481,0.0 -47.227105,-4.61373149984809,0.0 -47.2272054,-4.61427829984807,0.0 -47.2271663,-4.61483739984805,0.0 -47.2272055,-4.61589939984801,0.0 -47.2272771,-4.61660069984799,0.0 -47.2273298,-4.61760689984796,0.0 -47.2273711,-4.61787849984795,0.0 -47.2274605,-4.61897189984791,0.0 -47.2274855,-4.61917959984791,0.0 -47.2275213,-4.6193480998479,0.0 -47.2276077,-4.6195739998479,0.0 -47.2277094,-4.61979089984789,0.0 -47.2278231,-4.62011159984788,0.0 -47.2279073,-4.62070699984786,0.0 -47.2280799,-4.62137239984784,0.0 -47.2281294,-4.62186129984782,0.0 -47.2282064,-4.62233959984781,0.0 -47.2282065,-4.6225446998478,0.0 -47.2281763,-4.62335219984777,0.0 -47.2282775,-4.62421709984774,0.0 -47.2284622,-4.62475879984773,0.0 -47.2286454,-4.62515499984771,0.0 -47.2287809,-4.6254084998477,0.0 -47.2288742,-4.6256594998477,0.0 -47.2289162,-4.62635199984767,0.0 -47.2290024,-4.62693249984765,0.0 -47.2291078,-4.62777359984763,0.0 -47.2291672,-4.62837069984761,0.0 -47.2292147,-4.62902109984759,0.0 -47.2291746,-4.62954509984757,0.0 -47.2291863,-4.62983509984756,0.0 -47.2293599,-4.63061719984753,0.0 -47.2294233,-4.63110329984752,0.0 -47.2295385,-4.6316762998475,0.0 -47.2295495,-4.63198579984749,0.0 -47.2295932,-4.63239249984748,0.0 -47.2296222,-4.63255119984747,0.0 -47.2297177,-4.63284469984746,0.0 -47.2297838,-4.63302089984746,0.0 -47.2299875,-4.63655519984734,0.0 -47.2317709,-4.63821989984729,0.0 -47.2335101,-4.63985969984723,0.0 -47.2346669,-4.6409280998472,0.0 -47.2364599,-4.64260799984714,0.0 -47.2365938,-4.64272529984714,0.0 -47.2365938,-4.64272809984714,0.0 -47.2367015,-4.64282889984714,0.0 -47.2367305,-4.64285649984714,0.0 -47.2368174,-4.64294069984713,0.0 -47.237665,-4.64375229984711,0.0 -47.2387347,-4.64475449984708,0.0 -47.2388907,-4.64489529984707,0.0 -47.2398984,-4.64581179984704,0.0 -47.2403072,-4.64624249984702,0.0 -47.240396,-4.64633389984702,0.0 -47.2406617,-4.64658129984701,0.0 -47.2408475,-4.64675149984701,0.0 -47.2410493,-4.646931299847,0.0 -47.2412142,-4.647082399847,0.0 -47.2413401,-4.64720969984699,0.0 -47.2414455,-4.64730999984699,0.0 -47.241613,-4.64747279984699,0.0 -47.2417379,-4.64758949984698,0.0 -47.2418507,-4.64770189984698,0.0 -47.2420947,-4.64796019984697,0.0 -47.2424264,-4.64833469984696,0.0 -47.2425341,-4.64846249984695,0.0 -47.2427645,-4.64874999984694,0.0 -47.242933,-4.64896729984694,0.0 -47.2431602,-4.64926769984693,0.0 -47.2434605,-4.64968869984691,0.0 -47.2439185,-4.65028229984689,0.0 -47.2453314,-4.65227039984683,0.0 -47.2461929,-4.65341229984679,0.0 -47.2464497,-4.65378639984678,0.0 -47.2469733,-4.65453839984675,0.0 -47.2475062,-4.65533619984673,0.0 -47.2480362,-4.6560497998467,0.0 -47.2485304,-4.65674829984668,0.0 -47.2487995,-4.65712649984667,0.0 -47.2494773,-4.65808449984664,0.0 -47.2502261,-4.6591576998466,0.0 -47.2508728,-4.66007149984658,0.0 -47.2511054,-4.66041719984656,0.0 -47.2516824,-4.66122339984654,0.0 -47.2537688,-4.66420629984644,0.0 -47.2546011,-4.6653892998464,0.0 -47.255058,-4.66604769984638,0.0 -47.255105,-4.66610839984638,0.0 -47.2552955,-4.66638029984637,0.0 -47.255595,-4.66681649984636,0.0 -47.2562824,-4.66781449984632,0.0 -47.2566454,-4.66833279984631,0.0 -47.2569555,-4.66877979984629,0.0 -47.2569926,-4.66883319984629,0.0 -47.2571582,-4.66905549984628,0.0 -47.2573197,-4.66928049984628,0.0 -47.2575558,-4.66957859984627,0.0 -47.2576455,-4.66969319984626,0.0 -47.2576979,-4.66975939984626,0.0 -47.2577587,-4.66983809984626,0.0 -47.2579084,-4.67000719984625,0.0 -47.2581666,-4.67029289984624,0.0 -47.258219,-4.67035229984624,0.0 -47.258277,-4.67041989984624,0.0 -47.2584744,-4.67062279984623,0.0 -47.2595745,-4.67169949984619,0.0 -47.2829631,-4.69335779984549,0.0 -47.283409,-4.69378019984547,0.0 -47.2842096,-4.69452009984545,0.0 -47.2844539,-4.69474509984544,0.0 -47.284574,-4.69485269984544,0.0 -47.2850916,-4.69532619984542,0.0 -47.2855996,-4.69578719984541,0.0 -47.2856796,-4.69586179984541,0.0 -47.2857279,-4.69590599984541,0.0 -47.285848,-4.6960218998454,0.0 -47.2861352,-4.69629449984539,0.0 -47.2862656,-4.69641669984539,0.0 -47.2865141,-4.69664859984538,0.0 -47.2866963,-4.69681699984538,0.0 -47.2868426,-4.69694949984537,0.0 -47.2869944,-4.69709859984537,0.0 -47.2871573,-4.69726149984536,0.0 -47.2872815,-4.69738839984536,0.0 -47.2874154,-4.69752919984535,0.0 -47.2875371,-4.69766579984535,0.0 -47.2875958,-4.69773169984535,0.0 -47.2876969,-4.69784709984534,0.0 -47.2878406,-4.69800269984534,0.0 -47.2880173,-4.69820419984533,0.0 -47.2880973,-4.69829809984533,0.0 -47.2882685,-4.69851619984532,0.0 -47.2884065,-4.69869009984532,0.0 -47.2885749,-4.69889989984531,0.0 -47.2886633,-4.6990241998453,0.0 -47.2887419,-4.6991400998453,0.0 -47.2888965,-4.69934989984529,0.0 -47.288949,-4.69942719984529,0.0 -47.2889904,-4.69948379984529,0.0 -47.2897413,-4.70052459984525,0.0 -47.2901319,-4.70109189984524,0.0 -47.290847,-4.7021050998452,0.0 -47.2913908,-4.70287259984518,0.0 -47.2919209,-4.70249159984519,0.0 -47.2929865,-4.70174619984522,0.0 -47.2937098,-4.70121609984523,0.0 -47.2943282,-4.70079649984525,0.0 -47.294654,-4.70055359984525,0.0 -47.2949742,-4.70026649984526,0.0 -47.2950515,-4.70015599984526,0.0 -47.2951067,-4.70003459984527,0.0 -47.2951067,-4.69986889984528,0.0 -47.2950846,-4.69972539984528,0.0 -47.2950836,-4.69972449984528,0.0 -47.2949852,-4.69963699984528,0.0 -47.2948417,-4.69962599984528,0.0 -47.2947092,-4.69961489984528,0.0 -47.2944883,-4.69961489984528,0.0 -47.2943337,-4.69953759984529,0.0 -47.2942785,-4.69940509984529,0.0 -47.2942675,-4.6992063998453,0.0 -47.2942564,-4.69893029984531,0.0 -47.2942564,-4.69875359984531,0.0 -47.2943337,-4.69859899984532,0.0 -47.2944662,-4.69846649984532,0.0 -47.2946926,-4.69835609984533,0.0 -47.2949079,-4.69826769984533,0.0 -47.2951012,-4.69819039984533,0.0 -47.2952779,-4.69814069984533,0.0 -47.295438,-4.69813519984533,0.0 -47.2956368,-4.69814629984533,0.0 -47.2961668,-4.69823459984533,0.0 -47.29665,-4.69838919984532,0.0 -47.296719,-4.69841129984532,0.0 -47.2976134,-4.69857689984532,0.0 -47.2983422,-4.69864319984531,0.0 -47.2988171,-4.69866529984532,0.0 -47.2993913,-4.69859899984532,0.0 -47.2999103,-4.69846649984532,0.0 -47.3007054,-4.69822359984533,0.0 -47.3014342,-4.69802479984534,0.0 -47.3020857,-4.69794749984534,0.0 -47.302671,-4.69778179984534,0.0 -47.3029277,-4.69764319984535,0.0 -47.3032231,-4.69748369984535,0.0 -47.3038084,-4.69718549984536,0.0 -47.3041176,-4.69705299984537,0.0 -47.3047029,-4.69696469984537,0.0 -47.305001,-4.69701989984537,0.0 -47.3055421,-4.69728489984536,0.0 -47.3059728,-4.69751679984535,0.0 -47.3064256,-4.69769349984535,0.0 -47.3069666,-4.69787019984534,0.0 -47.3072869,-4.69802479984534,0.0 -47.3075077,-4.69822359984533,0.0 -47.3078611,-4.69842229984532,0.0 -47.3078764,-4.69842649984532,0.0 -47.3081041,-4.69848859984532,0.0 -47.3086451,-4.69842229984532,0.0 -47.3090979,-4.69830089984533,0.0 -47.3094513,-4.69822359984533,0.0 -47.3109862,-4.69793639984534,0.0 -47.3111739,-4.69790329984534,0.0 -47.3113001,-4.69790959984534,0.0 -47.3113948,-4.69791439984534,0.0 -47.3115715,-4.69789779984534,0.0 -47.3117261,-4.69785359984534,0.0 -47.3118807,-4.69779839984534,0.0 -47.3121567,-4.69768249984535,0.0 -47.3123169,-4.69760519984535,0.0 -47.3124494,-4.69750029984535,0.0 -47.3125374,-4.69742749984536,0.0 -47.3125764,-4.69739529984536,0.0 -47.3126978,-4.69726839984536,0.0 -47.3128801,-4.69707509984537,0.0 -47.3131451,-4.69681559984538,0.0 -47.3132942,-4.69668859984538,0.0 -47.3134377,-4.69657819984538,0.0 -47.3135868,-4.69651739984539,0.0 -47.3137027,-4.69646779984539,0.0 -47.3137966,-4.69642359984539,0.0 -47.313907,-4.69641809984539,0.0 -47.3141721,-4.69638489984539,0.0 -47.3143046,-4.69624139984539,0.0 -47.3144702,-4.6960204998454,0.0 -47.3146248,-4.69591559984541,0.0 -47.3147352,-4.69588799984541,0.0 -47.3147739,-4.69588799984541,0.0 -47.3148125,-4.69588799984541,0.0 -47.3149009,-4.6959100998454,0.0 -47.3150444,-4.6960039998454,0.0 -47.3153095,-4.6961088998454,0.0 -47.3155747,-4.69624419984539,0.0 -47.31558,-4.69624689984539,0.0 -47.3158119,-4.69624139984539,0.0 -47.3159113,-4.6962026998454,0.0 -47.3160162,-4.6961088998454,0.0 -47.3160854,-4.6960451998454,0.0 -47.3161542,-4.6959818998454,0.0 -47.3162702,-4.6958934998454,0.0 -47.3163751,-4.69581619984541,0.0 -47.3165021,-4.69573889984541,0.0 -47.316607,-4.69570579984541,0.0 -47.3166953,-4.69570579984541,0.0 -47.3167892,-4.69570579984541,0.0 -47.3169565,-4.69570579984541,0.0 -47.3169714,-4.69570579984541,0.0 -47.3170708,-4.69567819984541,0.0 -47.3172063,-4.69560849984541,0.0 -47.317264,-4.69557879984542,0.0 -47.3173965,-4.69549049984542,0.0 -47.3175456,-4.69537449984542,0.0 -47.3176781,-4.69525299984543,0.0 -47.317776,-4.69515519984543,0.0 -47.3179266,-4.69504319984543,0.0 -47.3180867,-4.69492179984544,0.0 -47.3182303,-4.69483339984544,0.0 -47.3183683,-4.69473399984544,0.0 -47.3184622,-4.69461809984545,0.0 -47.318545,-4.69449109984545,0.0 -47.3186168,-4.69434749984546,0.0 -47.318672,-4.69421499984546,0.0 -47.3187327,-4.69408249984547,0.0 -47.3188045,-4.69398869984547,0.0 -47.3188763,-4.69392239984547,0.0 -47.3190088,-4.69381749984547,0.0 -47.3190861,-4.69374019984548,0.0 -47.3191744,-4.69359659984548,0.0 -47.3192131,-4.69349169984548,0.0 -47.3193014,-4.69329299984549,0.0 -47.3193787,-4.6931465998455,0.0 -47.3194063,-4.6931079998455,0.0 -47.3194275,-4.6930924998455,0.0 -47.3194422,-4.6930858998455,0.0 -47.3194668,-4.6930792998455,0.0 -47.3194891,-4.6930775998455,0.0 -47.3195192,-4.6930803998455,0.0 -47.3195388,-4.6930821998455,0.0 -47.3195677,-4.6930804998455,0.0 -47.3195936,-4.6930752998455,0.0 -47.3196118,-4.6930680998455,0.0 -47.3196274,-4.6930601998455,0.0 -47.3196456,-4.6930499998455,0.0 -47.3196677,-4.6930350998455,0.0 -47.3196852,-4.6930168998455,0.0 -47.3197142,-4.6929849998455,0.0 -47.3197321,-4.6929533998455,0.0 -47.3197514,-4.6929119998455,0.0 -47.3197583,-4.6928897998455,0.0 -47.3197694,-4.69286139984551,0.0 -47.3197935,-4.69282979984551,0.0 -47.3198122,-4.69281399984551,0.0 -47.3198546,-4.69278519984551,0.0 -47.3199115,-4.69275319984551,0.0 -47.3199868,-4.69272079984551,0.0 -47.320044,-4.69270909984551,0.0 -47.3202428,-4.69268699984551,0.0 -47.3205962,-4.69265389984551,0.0 -47.3209219,-4.69262069984551,0.0 -47.3215403,-4.69254339984552,0.0 -47.3219268,-4.69249929984552,0.0 -47.3221643,-4.69248269984552,0.0 -47.3224348,-4.69247169984552,0.0 -47.322802,-4.69248549984552,0.0 -47.3230891,-4.69248549984552,0.0 -47.3234535,-4.69246339984552,0.0 -47.3236302,-4.69246339984552,0.0 -47.3238897,-4.69246339984552,0.0 -47.324105,-4.69250749984552,0.0 -47.3242596,-4.69256279984551,0.0 -47.324348,-4.69258479984551,0.0 -47.3244253,-4.69259589984551,0.0 -47.3245605,-4.69259859984551,0.0 -47.3246516,-4.69261239984551,0.0 -47.3247345,-4.69265659984551,0.0 -47.3248449,-4.69268149984551,0.0 -47.3249691,-4.69266209984551,0.0 -47.3250878,-4.69263179984551,0.0 -47.325143,-4.69260969984551,0.0 -47.3251955,-4.69257659984551,0.0 -47.325259,-4.69250479984552,0.0 -47.3253335,-4.69241919984552,0.0 -47.3253722,-4.69235019984552,0.0 -47.3254522,-4.69229219984552,0.0 -47.3255295,-4.69226739984552,0.0 -47.3256041,-4.69225079984552,0.0 -47.3257283,-4.69221769984553,0.0 -47.3258443,-4.69218449984553,0.0 -47.3259547,-4.69215689984553,0.0 -47.3261259,-4.69213479984553,0.0 -47.3262749,-4.69212929984553,0.0 -47.3265289,-4.69209069984553,0.0 -47.3267442,-4.69206309984553,0.0 -47.3268988,-4.69202989984553,0.0 -47.3270258,-4.69199129984553,0.0 -47.3271142,-4.69197469984553,0.0 -47.327186,-4.69196369984553,0.0 -47.3272522,-4.69196919984553,0.0 -47.3273461,-4.69199679984553,0.0 -47.3274841,-4.69203549984553,0.0 -47.3276166,-4.69205199984553,0.0 -47.3278651,-4.69206859984553,0.0 -47.3279866,-4.69207959984553,0.0 -47.3281909,-4.69211279984553,0.0 -47.3283399,-4.69211279984553,0.0 -47.3285442,-4.69212929984553,0.0 -47.3286933,-4.69214589984553,0.0 -47.3287761,-4.69214589984553,0.0 -47.3289031,-4.69214039984553,0.0 -47.3289543,-4.69214519984553,0.0 -47.3290034,-4.69215879984553,0.0 -47.3290493,-4.69217809984553,0.0 -47.3290936,-4.69220799984553,0.0 -47.3291309,-4.69224109984552,0.0 -47.3291764,-4.69228299984552,0.0 -47.3292174,-4.69232339984552,0.0 -47.329242,-4.69234679984552,0.0 -47.3292827,-4.69239569984552,0.0 -47.3293379,-4.69246609984552,0.0 -47.3294249,-4.69257239984551,0.0 -47.3294594,-4.69261239984551,0.0 -47.3294932,-4.69264349984551,0.0 -47.3295222,-4.69266699984551,0.0 -47.329576,-4.69270149984551,0.0 -47.3296464,-4.69273459984551,0.0 -47.3297016,-4.69275669984551,0.0 -47.3297458,-4.69277599984551,0.0 -47.3298093,-4.69281469984551,0.0 -47.3298618,-4.69286159984551,0.0 -47.3298977,-4.6929057998455,0.0 -47.3299639,-4.6929830998455,0.0 -47.3300191,-4.6930382998455,0.0 -47.3300909,-4.6931017998455,0.0 -47.3301179,-4.6931219998455,0.0 -47.3301399,-4.6931394998455,0.0 -47.3301786,-4.69316759984549,0.0 -47.3302262,-4.69319449984549,0.0 -47.3302576,-4.69320859984549,0.0 -47.3303223,-4.69323439984549,0.0 -47.3303628,-4.69324949984549,0.0 -47.3304062,-4.69326459984549,0.0 -47.330459,-4.69328299984549,0.0 -47.3305188,-4.69329499984549,0.0 -47.330603,-4.69330329984549,0.0 -47.330719,-4.69331439984549,0.0 -47.3308101,-4.69332539984549,0.0 -47.3309453,-4.69333369984549,0.0 -47.3310364,-4.69333639984549,0.0 -47.3312076,-4.69332819984549,0.0 -47.3313429,-4.69331439984549,0.0 -47.3314478,-4.69330049984549,0.0 -47.331532,-4.69328399984549,0.0 -47.3315913,-4.69327019984549,0.0 -47.3316479,-4.69324809984549,0.0 -47.3316962,-4.69322459984549,0.0 -47.3317294,-4.69320119984549,0.0 -47.3317666,-4.69317769984549,0.0 -47.3318025,-4.6931500998455,0.0 -47.3318508,-4.6931044998455,0.0 -47.3318936,-4.6930603998455,0.0 -47.331924,-4.6930409998455,0.0 -47.3319544,-4.6930299998455,0.0 -47.3319916,-4.6930244998455,0.0 -47.3320358,-4.6930202998455,0.0 -47.3320841,-4.6930216998455,0.0 -47.3321269,-4.6930202998455,0.0 -47.3321794,-4.6930147998455,0.0 -47.3323036,-4.6930051998455,0.0 -47.3323643,-4.6930009998455,0.0 -47.3324209,-4.6929995998455,0.0 -47.3324513,-4.6930009998455,0.0 -47.3324913,-4.6930064998455,0.0 -47.3325286,-4.6930133998455,0.0 -47.3325686,-4.6930271998455,0.0 -47.3326211,-4.6930506998455,0.0 -47.3326708,-4.6930699998455,0.0 -47.3327287,-4.6930893998455,0.0 -47.3327881,-4.6931127998455,0.0 -47.3329123,-4.69314319984549,0.0 -47.3329993,-4.6931555998455,0.0 -47.3330752,-4.6931597998455,0.0 -47.3332519,-4.6931486998455,0.0 -47.3333623,-4.6931348998455,0.0 -47.3334589,-4.6931127998455,0.0 -47.3335694,-4.6930796998455,0.0 -47.3336743,-4.6930465998455,0.0 -47.3338013,-4.6929968998455,0.0 -47.333931,-4.6929388998455,0.0 -47.3340415,-4.6928891998455,0.0 -47.3341326,-4.6928367998455,0.0 -47.3342292,-4.69279259984551,0.0 -47.3343313,-4.69276499984551,0.0 -47.334439,-4.69274289984551,0.0 -47.3345743,-4.69272079984551,0.0 -47.3347178,-4.69269869984551,0.0 -47.3352065,-4.69256339984551,0.0 -47.3354052,-4.69247509984552,0.0 -47.3355377,-4.69238679984552,0.0 -47.3356482,-4.69232049984552,0.0 -47.3358525,-4.69216589984553,0.0 -47.3360236,-4.69203339984553,0.0 -47.3361893,-4.69193399984554,0.0 -47.3364764,-4.69181249984554,0.0 -47.3366199,-4.69173519984554,0.0 -47.3367414,-4.69165789984554,0.0 -47.3368739,-4.69158059984555,0.0 -47.3371058,-4.69149229984555,0.0 -47.3375475,-4.69139289984555,0.0 -47.3378788,-4.69133769984556,0.0 -47.3381549,-4.69127139984556,0.0 -47.3382984,-4.69118309984556,0.0 -47.3384089,-4.69106159984556,0.0 -47.3385414,-4.69086289984557,0.0 -47.338696,-4.69073029984557,0.0 -47.3388837,-4.69066409984558,0.0 -47.3392039,-4.69069719984557,0.0 -47.3390856,-4.69030409984559,0.0 -47.3355075,-4.67945459984594,0.0 -47.3383233,-4.67839409984598,0.0 -47.3524477,-4.67233909984617,0.0 -47.3573851,-4.6715750998462,0.0 -47.3590343,-4.67121869984621,0.0 -47.3592528,-4.67122299984621,0.0 -47.359945,-4.67106299984622,0.0 -47.3603929,-4.67097379984622,0.0 -47.3606297,-4.67099969984622,0.0 -47.3616057,-4.67080929984622,0.0 -47.3621967,-4.67062159984623,0.0 -47.3628016,-4.67051409984623,0.0 -47.3633197,-4.67037969984624,0.0 -47.3646759,-4.67015249984625,0.0 -47.3650046,-4.67017279984624,0.0 -47.3655281,-4.67008469984625,0.0 -47.3660526,-4.66988079984625,0.0 -47.3665079,-4.66966349984626,0.0 -47.3688837,-4.66866289984629,0.0 -47.3750831,-4.66595909984638,0.0 -47.3817699,-4.66002729984658,0.0 -47.3847941,-4.66056239984656,0.0 -47.3856079,-4.65988479984658,0.0 -47.3856208,-4.65982779984658,0.0 -47.3856752,-4.65975259984658,0.0 -47.3857014,-4.6593929998466,0.0 -47.385989,-4.65856339984662,0.0 -47.3860675,-4.65836329984663,0.0 -47.3862196,-4.65825109984663,0.0 -47.3868436,-4.65849529984663,0.0 -47.3869592,-4.65855299984662,0.0 -47.3875064,-4.65884319984661,0.0 -47.3877011,-4.65887669984661,0.0 -47.3878817,-4.65887439984661,0.0 -47.3879088,-4.65886909984661,0.0 -47.3879327,-4.65886269984661,0.0 -47.3879517,-4.65885479984661,0.0 -47.3879748,-4.65884129984661,0.0 -47.3879907,-4.65882929984661,0.0 -47.3880034,-4.65881899984662,0.0 -47.3880177,-4.65880789984661,0.0 -47.3880351,-4.65879199984662,0.0 -47.3880479,-4.65877689984662,0.0 -47.3880669,-4.65875389984662,0.0 -47.3880765,-4.65873959984662,0.0 -47.3880947,-4.65871489984662,0.0 -47.38814,-4.65866409984662,0.0 -47.3881742,-4.65862519984662,0.0 -47.3882043,-4.65859019984662,0.0 -47.3882425,-4.65854649984662,0.0 -47.3882647,-4.65852029984663,0.0 -47.3883021,-4.65848299984663,0.0 -47.3883394,-4.65844409984663,0.0 -47.3883819,-4.65839959984663,0.0 -47.3884031,-4.65837749984663,0.0 -47.3884659,-4.65830369984663,0.0 -47.3884842,-4.65828379984663,0.0 -47.3884977,-4.65826789984663,0.0 -47.3885136,-4.65824959984663,0.0 -47.388535,-4.65822099984663,0.0 -47.3885517,-4.65820039984664,0.0 -47.3885811,-4.65816149984664,0.0 -47.3886121,-4.65812249984664,0.0 -47.3886279,-4.65810429984664,0.0 -47.3886693,-4.65806099984664,0.0 -47.3886772,-4.65805419984664,0.0 -47.3886851,-4.65804869984664,0.0 -47.3887137,-4.65803039984664,0.0 -47.3887439,-4.65800899984664,0.0 -47.388759,-4.65799839984664,0.0 -47.3887681,-4.65799229984664,0.0 -47.3887892,-4.65798269984664,0.0 -47.3888067,-4.65797159984664,0.0 -47.3888234,-4.65796049984664,0.0 -47.3888488,-4.65793829984664,0.0 -47.3888734,-4.65791679984664,0.0 -47.3888996,-4.65789689984665,0.0 -47.3889211,-4.65787949984665,0.0 -47.3889497,-4.65785169984665,0.0 -47.388987,-4.65782149984665,0.0 -47.3890148,-4.65779689984665,0.0 -47.3890466,-4.65777219984665,0.0 -47.3890926,-4.65773409984665,0.0 -47.389157,-4.65768329984665,0.0 -47.3892197,-4.65762689984666,0.0 -47.3892523,-4.65759589984665,0.0 -47.3892698,-4.65757679984666,0.0 -47.3892912,-4.65755619984666,0.0 -47.3893079,-4.65754029984666,0.0 -47.3893206,-4.65752759984666,0.0 -47.3893365,-4.65750769984666,0.0 -47.3893492,-4.65748469984666,0.0 -47.3893611,-4.65745849984666,0.0 -47.3893715,-4.65743619984666,0.0 -47.3893826,-4.65740959984666,0.0 -47.3893889,-4.65738779984666,0.0 -47.3893933,-4.65736989984666,0.0 -47.3893981,-4.65734759984666,0.0 -47.3894084,-4.65728489984667,0.0 -47.3894132,-4.65724749984667,0.0 -47.3894172,-4.65721259984667,0.0 -47.3894215,-4.65717249984667,0.0 -47.3894231,-4.65714979984667,0.0 -47.3894251,-4.65712719984667,0.0 -47.3894275,-4.65710729984667,0.0 -47.3894332,-4.65706639984667,0.0 -47.3894352,-4.65704659984667,0.0 -47.389438,-4.65702349984667,0.0 -47.3894396,-4.65700799984667,0.0 -47.3894428,-4.65698959984667,0.0 -47.3894463,-4.65697129984668,0.0 -47.3894487,-4.65695699984668,0.0 -47.3894527,-4.65693439984668,0.0 -47.3894575,-4.65690459984668,0.0 -47.3894604,-4.65687789984668,0.0 -47.3894638,-4.65686329984668,0.0 -47.389467,-4.65685139984668,0.0 -47.3894706,-4.65683929984668,0.0 -47.3894778,-4.65682369984668,0.0 -47.3895032,-4.65677169984668,0.0 -47.3895092,-4.65675919984668,0.0 -47.3895177,-4.65674069984668,0.0 -47.3895433,-4.65667259984669,0.0 -47.3895521,-4.65665889984669,0.0 -47.3895643,-4.65664239984669,0.0 -47.3895885,-4.65660629984669,0.0 -47.3896068,-4.65656819984669,0.0 -47.3896211,-4.65653639984669,0.0 -47.3896378,-4.65649269984669,0.0 -47.3896481,-4.65646409984669,0.0 -47.3896545,-4.65644659984669,0.0 -47.3896616,-4.65642839984669,0.0 -47.3896656,-4.65641679984669,0.0 -47.3896711,-4.65640129984669,0.0 -47.3896735,-4.65639219984669,0.0 -47.3896759,-4.65638069984669,0.0 -47.3896783,-4.65635919984669,0.0 -47.3896815,-4.6563393998467,0.0 -47.3896878,-4.6563115998467,0.0 -47.3897021,-4.6562511998467,0.0 -47.3897125,-4.6562066998467,0.0 -47.3897212,-4.6561725998467,0.0 -47.3897276,-4.6561423998467,0.0 -47.3897363,-4.6561042998467,0.0 -47.3897474,-4.6560611998467,0.0 -47.3897625,-4.65600479984671,0.0 -47.3897641,-4.65599799984671,0.0 -47.3897667,-4.65599069984671,0.0 -47.3897704,-4.65598209984671,0.0 -47.3897736,-4.65597329984671,0.0 -47.3897808,-4.65595349984671,0.0 -47.3897877,-4.65592309984671,0.0 -47.3897967,-4.65587769984671,0.0 -47.3897998,-4.65582599984671,0.0 -47.3898022,-4.65579429984671,0.0 -47.3898054,-4.65577599984671,0.0 -47.3898149,-4.65574339984672,0.0 -47.3898435,-4.65564489984672,0.0 -47.3898523,-4.65561469984672,0.0 -47.3898634,-4.65557899984672,0.0 -47.3898753,-4.65554639984672,0.0 -47.3898848,-4.65551699984672,0.0 -47.3898936,-4.65548759984672,0.0 -47.3898999,-4.65546779984673,0.0 -47.3899126,-4.65544079984672,0.0 -47.3899238,-4.65542009984673,0.0 -47.3899424,-4.65539389984673,0.0 -47.3899607,-4.65536889984673,0.0 -47.3900095,-4.65530079984673,0.0 -47.3900259,-4.65528089984673,0.0 -47.3900461,-4.65525629984673,0.0 -47.3900918,-4.65520129984673,0.0 -47.3901001,-4.65519169984673,0.0 -47.3901323,-4.65515559984673,0.0 -47.3901637,-4.65512339984673,0.0 -47.3902137,-4.65507259984674,0.0 -47.3902327,-4.65505389984674,0.0 -47.3902375,-4.65505109984674,0.0 -47.3902669,-4.65502569984674,0.0 -47.3903035,-4.65499709984674,0.0 -47.3903694,-4.65494309984674,0.0 -47.3904647,-4.65486049984674,0.0 -47.3904893,-4.65484059984675,0.0 -47.3905172,-4.65481919984675,0.0 -47.390537,-4.65480249984675,0.0 -47.3905545,-4.65478659984675,0.0 -47.3905664,-4.65477149984675,0.0 -47.3905807,-4.65474929984675,0.0 -47.3905918,-4.65472939984675,0.0 -47.3906006,-4.65471349984675,0.0 -47.3906041,-4.65470639984675,0.0 -47.3906081,-4.65469799984675,0.0 -47.3906117,-4.65468849984675,0.0 -47.3906149,-4.65467819984675,0.0 -47.3906176,-4.65466699984675,0.0 -47.3906176,-4.65465949984675,0.0 -47.3906168,-4.65464839984675,0.0 -47.3906168,-4.65463569984675,0.0 -47.3906164,-4.65462689984675,0.0 -47.3906161,-4.65461819984675,0.0 -47.3906149,-4.65460589984675,0.0 -47.3906137,-4.65459039984675,0.0 -47.3906137,-4.65457729984675,0.0 -47.3906137,-4.65456419984675,0.0 -47.3906137,-4.65455579984675,0.0 -47.3906133,-4.65454549984675,0.0 -47.3906127,-4.65452959984675,0.0 -47.3906089,-4.65450479984676,0.0 -47.3906081,-4.65449619984676,0.0 -47.3906069,-4.65448989984676,0.0 -47.3906052,-4.65448459984676,0.0 -47.3906006,-4.65446999984676,0.0 -47.3905791,-4.65440209984676,0.0 -47.3905775,-4.65439599984676,0.0 -47.3905751,-4.65438739984676,0.0 -47.3905612,-4.65432839984676,0.0 -47.3905579,-4.65430559984676,0.0 -47.3905571,-4.65430019984676,0.0 -47.3905559,-4.65429569984676,0.0 -47.3905493,-4.65427519984676,0.0 -47.3905475,-4.65426929984676,0.0 -47.3905414,-4.65425219984676,0.0 -47.3905348,-4.65423669984677,0.0 -47.3905271,-4.65421779984677,0.0 -47.3905251,-4.65421049984677,0.0 -47.3905225,-4.65420169984677,0.0 -47.3905174,-4.65417549984677,0.0 -47.390516,-4.65415919984677,0.0 -47.3905134,-4.65414299984677,0.0 -47.3905122,-4.65413279984677,0.0 -47.3905088,-4.65412069984677,0.0 -47.390506,-4.65411529984677,0.0 -47.3905011,-4.65410679984677,0.0 -47.3904784,-4.65407999984677,0.0 -47.390425,-4.65400169984677,0.0 -47.3904042,-4.65397379984677,0.0 -47.3903943,-4.65395989984677,0.0 -47.3903857,-4.65395079984677,0.0 -47.3903644,-4.65392749984677,0.0 -47.3903529,-4.65391579984678,0.0 -47.3903448,-4.65390919984678,0.0 -47.3903353,-4.65390079984678,0.0 -47.3903225,-4.65389069984678,0.0 -47.3903094,-4.65388119984678,0.0 -47.3902836,-4.65386209984678,0.0 -47.3902471,-4.65382799984678,0.0 -47.3902288,-4.65380929984678,0.0 -47.3902113,-4.65379339984678,0.0 -47.3901327,-4.65370609984678,0.0 -47.3900031,-4.65354819984679,0.0 -47.3899921,-4.65353489984679,0.0 -47.3898975,-4.65341649984679,0.0 -47.3898594,-4.65336879984679,0.0 -47.389834,-4.65333149984679,0.0 -47.3898205,-4.65331239984679,0.0 -47.3898046,-4.6532901998468,0.0 -47.3897832,-4.6532536998468,0.0 -47.3897666,-4.6532223998468,0.0 -47.3897418,-4.6531757998468,0.0 -47.3897009,-4.6531030998468,0.0 -47.3896882,-4.6530808998468,0.0 -47.3896787,-4.6530621998468,0.0 -47.3896715,-4.6530486998468,0.0 -47.3896648,-4.6530327998468,0.0 -47.3896576,-4.6530176998468,0.0 -47.3896497,-4.65300219984681,0.0 -47.3896435,-4.6529893998468,0.0 -47.3896298,-4.65296729984681,0.0 -47.389583,-4.65291049984681,0.0 -47.3895421,-4.65286119984681,0.0 -47.3895301,-4.65284419984681,0.0 -47.3895159,-4.65282669984681,0.0 -47.3895016,-4.65280799984681,0.0 -47.3894857,-4.65278659984681,0.0 -47.3894777,-4.65277699984681,0.0 -47.3894499,-4.65274449984681,0.0 -47.3893697,-4.65265229984682,0.0 -47.3893538,-4.65263479984682,0.0 -47.3893427,-4.65262129984682,0.0 -47.3893316,-4.65261179984682,0.0 -47.3893188,-4.65260229984682,0.0 -47.3892887,-4.65258719984682,0.0 -47.389264,-4.65256969984682,0.0 -47.3892497,-4.65255379984682,0.0 -47.3892338,-4.65253709984682,0.0 -47.3892148,-4.65251729984682,0.0 -47.3891957,-4.65249819984682,0.0 -47.3891806,-4.65248229984682,0.0 -47.3891639,-4.65247439984682,0.0 -47.3891496,-4.65247119984682,0.0 -47.3891234,-4.65246479984682,0.0 -47.3890956,-4.65245289984682,0.0 -47.3889082,-4.65235199984683,0.0 -47.388874,-4.65233699984683,0.0 -47.3888438,-4.65232269984683,0.0 -47.3888097,-4.65231069984683,0.0 -47.3887922,-4.65230519984683,0.0 -47.3887683,-4.65230119984683,0.0 -47.3887243,-4.65230119984683,0.0 -47.3887088,-4.65229919984683,0.0 -47.3886984,-4.65229759984683,0.0 -47.3886845,-4.65229249984683,0.0 -47.3886714,-4.65228729984683,0.0 -47.3886544,-4.65227899984683,0.0 -47.3886381,-4.65227219984683,0.0 -47.388598,-4.65225869984683,0.0 -47.3885368,-4.65223489984683,0.0 -47.3884442,-4.65218599984683,0.0 -47.3883974,-4.65215539984683,0.0 -47.388372,-4.65213759984683,0.0 -47.3883338,-4.65211099984683,0.0 -47.3883034,-4.65209179984684,0.0 -47.3882989,-4.65208889984683,0.0 -47.3882943,-4.65208649984684,0.0 -47.3882639,-4.65207199984684,0.0 -47.3882321,-4.65205849984684,0.0 -47.3881908,-4.65204339984684,0.0 -47.3881281,-4.65202359984684,0.0 -47.3881,-4.65201519984684,0.0 -47.3880935,-4.65201319984684,0.0 -47.3880637,-4.65200649984684,0.0 -47.3880451,-4.65200169984684,0.0 -47.3880216,-4.65199739984684,0.0 -47.3879728,-4.65198699984684,0.0 -47.3879553,-4.65197909984684,0.0 -47.3879343,-4.65196759984684,0.0 -47.3879192,-4.65195759984684,0.0 -47.3878981,-4.65194489984684,0.0 -47.3878787,-4.65193339984684,0.0 -47.3878449,-4.65191039984684,0.0 -47.3878262,-4.65189849984684,0.0 -47.3878099,-4.65188689984684,0.0 -47.3877972,-4.65187839984684,0.0 -47.3877837,-4.65186909984684,0.0 -47.3877631,-4.65185379984684,0.0 -47.3877531,-4.65184439984684,0.0 -47.3877408,-4.65183389984684,0.0 -47.3877269,-4.65182019984684,0.0 -47.387713,-4.65180629984684,0.0 -47.3876892,-4.65178289984684,0.0 -47.3876662,-4.65175669984685,0.0 -47.3876535,-4.65174079984685,0.0 -47.3876451,-4.65173239984685,0.0 -47.3876352,-4.65172249984685,0.0 -47.3875812,-4.65166529984685,0.0 -47.3875673,-4.65164739984685,0.0 -47.3875549,-4.65163039984685,0.0 -47.387547,-4.65161649984685,0.0 -47.3875391,-4.65160099984685,0.0 -47.3875327,-4.65158709984685,0.0 -47.3875275,-4.65157439984685,0.0 -47.3875204,-4.65155529984685,0.0 -47.3875148,-4.65154019984685,0.0 -47.3875101,-4.65152589984685,0.0 -47.3875073,-4.65151719984685,0.0 -47.3875029,-4.65150519984685,0.0 -47.3874982,-4.65149099984685,0.0 -47.3874934,-4.65147629984685,0.0 -47.3874862,-4.65145279984686,0.0 -47.3874827,-4.65143969984686,0.0 -47.3874803,-4.65142539984685,0.0 -47.3874791,-4.65141349984686,0.0 -47.3874787,-4.65139759984686,0.0 -47.3874819,-4.65136349984686,0.0 -47.3874841,-4.65134859984686,0.0 -47.387492,-4.65131439984686,0.0 -47.3874985,-4.65129369984686,0.0 -47.3875057,-4.65127429984686,0.0 -47.387518,-4.65124309984686,0.0 -47.3875264,-4.65122619984686,0.0 -47.3875383,-4.65120239984686,0.0 -47.3875534,-4.65117979984686,0.0 -47.3875692,-4.65115669984687,0.0 -47.3875847,-4.65114039984687,0.0 -47.3875951,-4.65112809984687,0.0 -47.3876085,-4.65111909984687,0.0 -47.3876233,-4.65111059984687,0.0 -47.3876392,-4.65110189984687,0.0 -47.3876614,-4.65109319984687,0.0 -47.3876836,-4.65108599984687,0.0 -47.3877019,-4.65108129984687,0.0 -47.3877226,-4.65107649984687,0.0 -47.3877496,-4.65107009984687,0.0 -47.3877678,-4.65106539984687,0.0 -47.3877869,-4.65106299984687,0.0 -47.3878091,-4.65106219984687,0.0 -47.3878377,-4.65106059984687,0.0 -47.3878608,-4.65105819984687,0.0 -47.3879029,-4.65105029984687,0.0 -47.3879617,-4.65103989984687,0.0 -47.3880204,-4.65102799984687,0.0 -47.3880864,-4.65101609984687,0.0 -47.3881293,-4.65100979984687,0.0 -47.3881611,-4.65100499984687,0.0 -47.3881889,-4.65100019984687,0.0 -47.3882198,-4.65099629984687,0.0 -47.3882655,-4.65098789984687,0.0 -47.3882901,-4.65098349984687,0.0 -47.388304,-4.65098159984687,0.0 -47.3883279,-4.65098039984687,0.0 -47.3883525,-4.65097919984687,0.0 -47.3883755,-4.65097679984687,0.0 -47.3883994,-4.65097239984687,0.0 -47.3884323,-4.65096609984687,0.0 -47.3884597,-4.65095929984687,0.0 -47.3884951,-4.65095139984687,0.0 -47.388514,-4.65094619984687,0.0 -47.388537,-4.65094099984687,0.0 -47.3885553,-4.65093549984687,0.0 -47.3885767,-4.65092829984687,0.0 -47.3886005,-4.65091959984687,0.0 -47.3886204,-4.65091209984687,0.0 -47.3886466,-4.65090249984687,0.0 -47.3886673,-4.65089539984687,0.0 -47.388706,-4.65088129984687,0.0 -47.3887274,-4.65087289984687,0.0 -47.3887576,-4.65086099984688,0.0 -47.3887918,-4.65084829984688,0.0 -47.3887977,-4.65084609984688,0.0 -47.3888281,-4.65083459984687,0.0 -47.3888561,-4.65082349984688,0.0 -47.3888635,-4.65082069984688,0.0 -47.3888704,-4.65081839984688,0.0 -47.3888768,-4.65081669984688,0.0 -47.3888851,-4.65081489984688,0.0 -47.3889721,-4.65080719984688,0.0 -47.388987,-4.65080579984688,0.0 -47.3890065,-4.65080379984688,0.0 -47.389021,-4.65080239984688,0.0 -47.389039,-4.65080119984688,0.0 -47.3890589,-4.65079999984688,0.0 -47.3890768,-4.65079999984688,0.0 -47.3891125,-4.65080039984688,0.0 -47.3891427,-4.65080079984688,0.0 -47.3891721,-4.65080239984688,0.0 -47.3892094,-4.65080479984688,0.0 -47.3892412,-4.65080479984688,0.0 -47.3892912,-4.65080079984688,0.0 -47.3893214,-4.65079999984688,0.0 -47.3893715,-4.65079689984688,0.0 -47.3894104,-4.65079369984688,0.0 -47.3894676,-4.65078889984688,0.0 -47.3895018,-4.65078569984688,0.0 -47.3895184,-4.65078419984688,0.0 -47.3895431,-4.65078339984688,0.0 -47.389605,-4.65078339984688,0.0 -47.3896391,-4.65078369984688,0.0 -47.3896781,-4.65078419984688,0.0 -47.3897186,-4.65078499984688,0.0 -47.3897695,-4.65078569984688,0.0 -47.3898306,-4.65078729984688,0.0 -47.3898799,-4.65079129984688,0.0 -47.3899347,-4.65079849984688,0.0 -47.3899696,-4.65080399984688,0.0 -47.3899982,-4.65080799984688,0.0 -47.3900292,-4.65081039984688,0.0 -47.3900928,-4.65081429984688,0.0 -47.3901436,-4.65081429984688,0.0 -47.3901786,-4.65081429984688,0.0 -47.3902127,-4.65081279984688,0.0 -47.3902524,-4.65081039984688,0.0 -47.3902945,-4.65080639984688,0.0 -47.3903311,-4.65080479984688,0.0 -47.3903819,-4.65079999984688,0.0 -47.390459,-4.65079129984688,0.0 -47.3905185,-4.65078419984688,0.0 -47.3905734,-4.65077979984688,0.0 -47.3907016,-4.65076789984688,0.0 -47.3908041,-4.65076069984688,0.0 -47.3908812,-4.65075359984688,0.0 -47.3909558,-4.65074639984688,0.0 -47.3910234,-4.65073929984688,0.0 -47.3910925,-4.65073209984688,0.0 -47.3911759,-4.65071939984688,0.0 -47.3912386,-4.65071229984688,0.0 -47.3913236,-4.65070039984688,0.0 -47.3913657,-4.65069479984688,0.0 -47.3914023,-4.65069159984688,0.0 -47.3914356,-4.65068839984688,0.0 -47.3915516,-4.65067609984688,0.0 -47.3915735,-4.65067219984688,0.0 -47.3916322,-4.65066659984688,0.0 -47.3916859,-4.65066419984688,0.0 -47.3917454,-4.65065979984688,0.0 -47.3917955,-4.65065669984688,0.0 -47.3918241,-4.65065389984688,0.0 -47.3918559,-4.65064829984688,0.0 -47.3918785,-4.65064469984688,0.0 -47.3919015,-4.65064159984688,0.0 -47.3919202,-4.65063999984688,0.0 -47.3919861,-4.65063999984688,0.0 -47.3920513,-4.65063839984688,0.0 -47.392114,-4.65063679984688,0.0 -47.3921665,-4.65063439984688,0.0 -47.3922189,-4.65063359984688,0.0 -47.3922618,-4.65063439984688,0.0 -47.3923412,-4.65063599984688,0.0 -47.3923698,-4.65063599984688,0.0 -47.3924103,-4.65063279984688,0.0 -47.3924524,-4.65062969984688,0.0 -47.3924953,-4.65062569984688,0.0 -47.3925287,-4.65062169984688,0.0 -47.3925581,-4.65061769984688,0.0 -47.3926058,-4.65060979984688,0.0 -47.3926494,-4.65060189984688,0.0 -47.3926939,-4.65059709984688,0.0 -47.3927392,-4.65059229984688,0.0 -47.3927789,-4.65058759984688,0.0 -47.3928107,-4.65058599984688,0.0 -47.3928417,-4.65058439984688,0.0 -47.3928695,-4.65058519984689,0.0 -47.3929124,-4.65058439984688,0.0 -47.3929592,-4.65058039984688,0.0 -47.3929926,-4.65057799984688,0.0 -47.3931038,-4.65057399984688,0.0 -47.3932254,-4.65057249984689,0.0 -47.3933159,-4.65056769984689,0.0 -47.3933747,-4.65056129984688,0.0 -47.3934891,-4.65055339984688,0.0 -47.3935423,-4.65054939984689,0.0 -47.3935796,-4.65054389984688,0.0 -47.3936829,-4.65053349984689,0.0 -47.3937481,-4.65052959984688,0.0 -47.3938124,-4.65052399984689,0.0 -47.3939331,-4.65051209984689,0.0 -47.3939959,-4.65050809984689,0.0 -47.3941989,-4.65049499984689,0.0 -47.3942247,-4.65049139984689,0.0 -47.3942469,-4.65048829984689,0.0 -47.3942862,-4.65048189984689,0.0 -47.3942989,-4.65048029984689,0.0 -47.3943192,-4.65047629984689,0.0 -47.3943482,-4.65047119984689,0.0 -47.3943637,-4.65046799984689,0.0 -47.3943784,-4.65046399984689,0.0 -47.3943998,-4.65045529984689,0.0 -47.3944205,-4.65044419984689,0.0 -47.3944407,-4.65043419984689,0.0 -47.3944566,-4.65042589984689,0.0 -47.3944809,-4.65041199984689,0.0 -47.394513,-4.65038979984689,0.0 -47.3945945,-4.65032619984689,0.0 -47.3946298,-4.65029519984689,0.0 -47.3946862,-4.6502471998469,0.0 -47.3947847,-4.6501565998469,0.0 -47.39483,-4.6501136998469,0.0 -47.3948626,-4.6500802998469,0.0 -47.3948864,-4.6500501998469,0.0 -47.3949158,-4.6500143998469,0.0 -47.3949388,-4.6499841998469,0.0 -47.3949563,-4.6499659998469,0.0 -47.3949833,-4.64993019984691,0.0 -47.3950302,-4.64986269984691,0.0 -47.3950747,-4.64979439984691,0.0 -47.3951215,-4.64972449984691,0.0 -47.3951902,-4.64961879984692,0.0 -47.3952204,-4.64957629984692,0.0 -47.3952407,-4.64954379984692,0.0 -47.3952641,-4.64951119984692,0.0 -47.3952927,-4.64947189984692,0.0 -47.3953134,-4.64944559984692,0.0 -47.3953463,-4.64940349984692,0.0 -47.3953757,-4.64936699984692,0.0 -47.395415,-4.64932449984692,0.0 -47.3954341,-4.64930859984693,0.0 -47.3954595,-4.64928399984692,0.0 -47.3954818,-4.64926019984693,0.0 -47.3955016,-4.64924269984693,0.0 -47.395535,-4.64921649984693,0.0 -47.3955699,-4.64918949984693,0.0 -47.3956097,-4.64915849984693,0.0 -47.3956351,-4.64913939984693,0.0 -47.3956684,-4.64911639984693,0.0 -47.3957519,-4.64906709984693,0.0 -47.3957844,-4.64904729984694,0.0 -47.3958059,-4.64903539984694,0.0 -47.3958313,-4.64901949984693,0.0 -47.395875,-4.64898909984694,0.0 -47.3959203,-4.64896449984694,0.0 -47.3959798,-4.64893899984694,0.0 -47.3960227,-4.64892319984694,0.0 -47.3960799,-4.64889929984694,0.0 -47.3961316,-4.64887909984694,0.0 -47.3962257,-4.64883819984694,0.0 -47.3963176,-4.64879879984694,0.0 -47.3963612,-4.64878049984694,0.0 -47.3963701,-4.64877799984694,0.0 -47.396381,-4.64877619984694,0.0 -47.3963908,-4.64877479984694,0.0 -47.396407,-4.64877339984694,0.0 -47.3964253,-4.64877189984694,0.0 -47.3964514,-4.64877129984694,0.0 -47.3964739,-4.64877109984694,0.0 -47.3965031,-4.64877179984694,0.0 -47.3965859,-4.64878049984694,0.0 -47.3966697,-4.64878749984694,0.0 -47.3967189,-4.64879039984694,0.0 -47.3967402,-4.64879109984694,0.0 -47.3967596,-4.64879259984694,0.0 -47.396776,-4.64879389984694,0.0 -47.3968062,-4.64879699984694,0.0 -47.3968393,-4.64880319984694,0.0 -47.3968624,-4.64880879984694,0.0 -47.3968751,-4.64881269984694,0.0 -47.396923,-4.64882839984694,0.0 -47.3969333,-4.64883139984694,0.0 -47.3969595,-4.64884009984694,0.0 -47.396999,-4.64885799984694,0.0 -47.3970379,-4.64887389984694,0.0 -47.3970729,-4.64888979984694,0.0 -47.397227,-4.64896559984694,0.0 -47.3972874,-4.64899269984694,0.0 -47.3973323,-4.64901329984693,0.0 -47.3974288,-4.64905559984693,0.0 -47.397449,-4.64906319984693,0.0 -47.3974657,-4.64906989984693,0.0 -47.3974764,-4.64907549984693,0.0 -47.3974844,-4.64907829984693,0.0 -47.3974939,-4.64908059984693,0.0 -47.3975046,-4.64908059984693,0.0 -47.3975201,-4.64908139984693,0.0 -47.3975336,-4.64908299984693,0.0 -47.3975579,-4.64908459984693,0.0 -47.3975944,-4.64908539984693,0.0 -47.3976595,-4.64908819984693,0.0 -47.397683,-4.64908819984693,0.0 -47.3977052,-4.64908819984693,0.0 -47.3977374,-4.64908819984693,0.0 -47.3978017,-4.64908459984693,0.0 -47.3979316,-4.64908139984693,0.0 -47.3979781,-4.64907939984693,0.0 -47.3980098,-4.64907939984693,0.0 -47.3981131,-4.64908219984693,0.0 -47.398187,-4.64908419984693,0.0 -47.3982922,-4.64909179984693,0.0 -47.3983761,-4.64909809984693,0.0 -47.398407,-4.64910009984693,0.0 -47.3984285,-4.64910129984693,0.0 -47.3984468,-4.64910329984693,0.0 -47.3984738,-4.64910609984693,0.0 -47.3985178,-4.64911119984693,0.0 -47.39855,-4.64911519984693,0.0 -47.3985945,-4.64911999984693,0.0 -47.3986239,-4.64912389984693,0.0 -47.3986735,-4.64912989984693,0.0 -47.3988221,-4.64914499984693,0.0 -47.3988336,-4.64914619984693,0.0 -47.3988439,-4.64914699984693,0.0 -47.3988559,-4.64914779984693,0.0 -47.3988666,-4.64914929984693,0.0 -47.3989119,-4.64915969984693,0.0 -47.3989424,-4.64916639984693,0.0 -47.3989849,-4.64917279984693,0.0 -47.3990143,-4.64917749984693,0.0 -47.3990707,-4.64918869984693,0.0 -47.3991383,-4.64920219984693,0.0 -47.3991601,-4.64920689984693,0.0 -47.3991943,-4.64921569984693,0.0 -47.3992149,-4.64922079984693,0.0 -47.3992284,-4.64922399984693,0.0 -47.3993281,-4.64925379984693,0.0 -47.3993801,-4.64926969984693,0.0 -47.3994111,-4.64927799984693,0.0 -47.3994562,-4.64929029984693,0.0 -47.3995043,-4.64929909984693,0.0 -47.3995706,-4.64930819984693,0.0 -47.3996002,-4.64931019984693,0.0 -47.3996045,-4.64931039984693,0.0 -47.3996276,-4.64931139984693,0.0 -47.3996516,-4.64931159984692,0.0 -47.39968,-4.64931119984692,0.0 -47.3997164,-4.64931059984693,0.0 -47.3997577,-4.64930539984693,0.0 -47.3997886,-4.64929669984693,0.0 -47.3998156,-4.64928799984693,0.0 -47.3998458,-4.64927759984693,0.0 -47.3998768,-4.64926809984693,0.0 -47.3999094,-4.64925539984693,0.0 -47.3999594,-4.64923239984693,0.0 -47.400054,-4.64919109984693,0.0 -47.4001398,-4.64915689984693,0.0 -47.4001834,-4.64914019984693,0.0 -47.400216,-4.64912909984693,0.0 -47.4002613,-4.64911159984693,0.0 -47.4002947,-4.64909889984693,0.0 -47.4004619,-4.64904169984693,0.0 -47.4005048,-4.64902859984693,0.0 -47.4005298,-4.64902149984694,0.0 -47.4005524,-4.64901589984694,0.0 -47.4005727,-4.64901109984694,0.0 -47.4005933,-4.64900519984694,0.0 -47.4006072,-4.64900039984694,0.0 -47.4006644,-4.64897899984694,0.0 -47.4007034,-4.64896309984694,0.0 -47.4007502,-4.64894559984694,0.0 -47.4007963,-4.64893249984694,0.0 -47.4008209,-4.64892769984694,0.0 -47.4008448,-4.64892489984694,0.0 -47.400873,-4.64892329984694,0.0 -47.4008916,-4.64892299984694,0.0 -47.4009107,-4.64892259984694,0.0 -47.4009353,-4.64892329984694,0.0 -47.400956,-4.64892569984694,0.0 -47.4009774,-4.64892769984694,0.0 -47.401004,-4.64893049984694,0.0 -47.4010366,-4.64893409984694,0.0 -47.4010656,-4.64893839984694,0.0 -47.4012199,-4.64895939984694,0.0 -47.4012564,-4.64896659984694,0.0 -47.4012908,-4.64897739984694,0.0 -47.401344,-4.64899599984694,0.0 -47.4013659,-4.64900279984693,0.0 -47.4013929,-4.64900639984694,0.0 -47.4014191,-4.64900679984694,0.0 -47.4014374,-4.64900519984694,0.0 -47.4014687,-4.64900079984694,0.0 -47.4014938,-4.64899879984694,0.0 -47.4015267,-4.64899369984694,0.0 -47.4015478,-4.64898889984694,0.0 -47.4015927,-4.64897459984693,0.0 -47.4016133,-4.64896779984694,0.0 -47.4016284,-4.64896229984694,0.0 -47.4016475,-4.64895549984694,0.0 -47.4016606,-4.64895079984694,0.0 -47.4016749,-4.64894399984694,0.0 -47.401688,-4.64893729984694,0.0 -47.4017018,-4.64893219984694,0.0 -47.401722,-4.64892459984694,0.0 -47.4017443,-4.64891509984694,0.0 -47.4017804,-4.64889599984694,0.0 -47.4018734,-4.64884079984694,0.0 -47.4019047,-4.64882299984694,0.0 -47.4019222,-4.64881299984694,0.0 -47.4019425,-4.64879949984694,0.0 -47.4019596,-4.64878639984694,0.0 -47.4019778,-4.64877209984694,0.0 -47.4019981,-4.64875819984694,0.0 -47.4020124,-4.64874869984694,0.0 -47.4020537,-4.64871889984694,0.0 -47.4020865,-4.64868829984695,0.0 -47.4020952,-4.64868039984695,0.0 -47.4021021,-4.64867279984695,0.0 -47.4021097,-4.64866529984695,0.0 -47.4021206,-4.64865499984695,0.0 -47.4021278,-4.64864679984695,0.0 -47.4021345,-4.64863689984695,0.0 -47.4021419,-4.64862809984695,0.0 -47.4021508,-4.64861879984695,0.0 -47.4021558,-4.64861299984695,0.0 -47.4021627,-4.64860429984695,0.0 -47.4021842,-4.64858049984695,0.0 -47.4022092,-4.64855149984695,0.0 -47.402233,-4.64852489984695,0.0 -47.4022779,-4.64847519984695,0.0 -47.4023037,-4.64844619984695,0.0 -47.4023275,-4.64842079984695,0.0 -47.4023482,-4.64839819984696,0.0 -47.4023597,-4.64838699984695,0.0 -47.4023712,-4.64837469984696,0.0 -47.4024082,-4.64833059984696,0.0 -47.4024515,-4.64828099984696,0.0 -47.4025055,-4.64821979984696,0.0 -47.4025476,-4.64817379984696,0.0 -47.4026777,-4.64802259984697,0.0 -47.4026886,-4.64801109984697,0.0 -47.4027063,-4.64798969984697,0.0 -47.4027227,-4.64797039984697,0.0 -47.4027285,-4.64796269984697,0.0 -47.4027368,-4.64795149984697,0.0 -47.4027424,-4.64794399984697,0.0 -47.4027468,-4.64793719984697,0.0 -47.4027531,-4.64792569984697,0.0 -47.4027599,-4.64791179984697,0.0 -47.4027643,-4.64790309984697,0.0 -47.4027702,-4.64788999984697,0.0 -47.402775,-4.64787919984697,0.0 -47.4027805,-4.64786569984697,0.0 -47.4027869,-4.64784949984697,0.0 -47.4027936,-4.64783359984697,0.0 -47.402806,-4.64780259984698,0.0 -47.4028106,-4.64779099984698,0.0 -47.4028262,-4.64775249984698,0.0 -47.4028457,-4.64770849984698,0.0 -47.4029005,-4.64757499984698,0.0 -47.402918,-4.64752969984698,0.0 -47.4029358,-4.64749039984699,0.0 -47.4029454,-4.64746859984699,0.0 -47.4029501,-4.64745779984699,0.0 -47.4029577,-4.64743919984699,0.0 -47.4029652,-4.64742049984699,0.0 -47.4029859,-4.64737999984699,0.0 -47.4030081,-4.64733309984699,0.0 -47.4030445,-4.64726079984699,0.0 -47.4030588,-4.64723499984699,0.0 -47.4030703,-4.64721319984699,0.0 -47.4030826,-4.647191299847,0.0 -47.4030957,-4.647165099847,0.0 -47.4031092,-4.647140499847,0.0 -47.4031231,-4.647118199847,0.0 -47.4031446,-4.647088099847,0.0 -47.403164,-4.647060699847,0.0 -47.4031767,-4.647040799847,0.0 -47.403191,-4.647016599847,0.0 -47.4032037,-4.646993499847,0.0 -47.4032184,-4.646971899847,0.0 -47.4032288,-4.646958799847,0.0 -47.4032399,-4.646943099847,0.0 -47.4032474,-4.646931599847,0.0 -47.4032556,-4.646918899847,0.0 -47.4032643,-4.646907299847,0.0 -47.4033028,-4.646862499847,0.0 -47.4033426,-4.64681519984701,0.0 -47.4034073,-4.64673419984701,0.0 -47.4034236,-4.64671349984701,0.0 -47.4034367,-4.64669639984701,0.0 -47.4034522,-4.64667739984701,0.0 -47.4034653,-4.64665989984701,0.0 -47.4034832,-4.64663759984701,0.0 -47.4034939,-4.64662369984701,0.0 -47.4035034,-4.64661139984701,0.0 -47.4035121,-4.64659949984701,0.0 -47.4035229,-4.64658479984701,0.0 -47.4035324,-4.64657049984702,0.0 -47.4035527,-4.64654149984701,0.0 -47.4035662,-4.64652369984702,0.0 -47.403586,-4.64649659984702,0.0 -47.4035987,-4.64647639984702,0.0 -47.4036202,-4.64644179984702,0.0 -47.4036412,-4.64640569984702,0.0 -47.4036539,-4.64638499984702,0.0 -47.403671,-4.64635719984702,0.0 -47.4036817,-4.64633939984702,0.0 -47.403702,-4.64631349984702,0.0 -47.4037199,-4.64629249984702,0.0 -47.4037342,-4.64627539984702,0.0 -47.4037417,-4.64626549984702,0.0 -47.4037473,-4.64625829984703,0.0 -47.403755,-4.64624599984702,0.0 -47.4037693,-4.64622139984703,0.0 -47.4037844,-4.64619479984703,0.0 -47.4037973,-4.64617629984703,0.0 -47.4038171,-4.64615039984703,0.0 -47.4038403,-4.64612239984703,0.0 -47.4038588,-4.64610049984703,0.0 -47.4038827,-4.64607729984703,0.0 -47.4039038,-4.64605819984703,0.0 -47.4039223,-4.64604179984703,0.0 -47.4039414,-4.64602679984703,0.0 -47.403966,-4.64600769984703,0.0 -47.4040104,-4.64597969984703,0.0 -47.4040445,-4.64595779984703,0.0 -47.4040732,-4.64593869984704,0.0 -47.4041186,-4.64590659984704,0.0 -47.4041534,-4.64588409984704,0.0 -47.4041739,-4.64587039984704,0.0 -47.4041916,-4.64585709984704,0.0 -47.404207,-4.64584409984704,0.0 -47.4042207,-4.64583249984704,0.0 -47.4042381,-4.64581819984704,0.0 -47.4042582,-4.64580319984704,0.0 -47.4042859,-4.64578199984704,0.0 -47.4042988,-4.64577279984704,0.0 -47.4043111,-4.64576459984704,0.0 -47.4043262,-4.64575539984704,0.0 -47.4043436,-4.64574409984704,0.0 -47.404362,-4.64573179984704,0.0 -47.4043842,-4.64571819984704,0.0 -47.4044135,-4.64570279984704,0.0 -47.4044272,-4.64569669984704,0.0 -47.4044426,-4.64569089984704,0.0 -47.4044596,-4.64568369984704,0.0 -47.404475,-4.64567819984704,0.0 -47.4044928,-4.64567239984704,0.0 -47.4045067,-4.64566799984704,0.0 -47.4045252,-4.64566319984705,0.0 -47.4045426,-4.64565949984704,0.0 -47.4045542,-4.64565739984705,0.0 -47.4045648,-4.64565569984704,0.0 -47.4045781,-4.64565499984704,0.0 -47.4045979,-4.64565499984704,0.0 -47.4046351,-4.64565539984704,0.0 -47.4046686,-4.64565639984705,0.0 -47.4047041,-4.64565839984705,0.0 -47.4047229,-4.64565909984705,0.0 -47.4047368,-4.64565909984705,0.0 -47.4047491,-4.64566049984704,0.0 -47.4047601,-4.64566319984705,0.0 -47.4047753,-4.64566729984704,0.0 -47.4048119,-4.64567449984704,0.0 -47.4048293,-4.64567739984704,0.0 -47.4048508,-4.64567819984704,0.0 -47.4048819,-4.64567889984704,0.0 -47.40493,-4.64567689984704,0.0 -47.4049491,-4.64567619984704,0.0 -47.404971,-4.64567549984704,0.0 -47.404999,-4.64567409984704,0.0 -47.4050625,-4.64566999984704,0.0 -47.4051021,-4.64566999984704,0.0 -47.4051337,-4.64566969984704,0.0 -47.4051594,-4.64566939984704,0.0 -47.4051956,-4.64566939984704,0.0 -47.4052256,-4.64566799984704,0.0 -47.4052639,-4.64566599984705,0.0 -47.4053472,-4.64565909984705,0.0 -47.405395,-4.64565569984704,0.0 -47.4054325,-4.64565299984705,0.0 -47.4054694,-4.64565019984705,0.0 -47.405511,-4.64564819984705,0.0 -47.4055534,-4.64564549984704,0.0 -47.4055889,-4.64564549984704,0.0 -47.4056285,-4.64564619984704,0.0 -47.4056681,-4.64564679984704,0.0 -47.4057555,-4.64565019984705,0.0 -47.4058251,-4.64565299984705,0.0 -47.405891,-4.64565299984705,0.0 -47.4059224,-4.64565299984705,0.0 -47.4059682,-4.64565299984705,0.0 -47.4060064,-4.64565089984705,0.0 -47.4060375,-4.64564919984705,0.0 -47.4060737,-4.64564579984704,0.0 -47.4061092,-4.64564029984705,0.0 -47.4061431,-4.64563489984705,0.0 -47.4061544,-4.64563249984705,0.0 -47.406171,-4.64562769984705,0.0 -47.4061836,-4.64562329984705,0.0 -47.4062031,-4.64561659984705,0.0 -47.4062319,-4.64560689984705,0.0 -47.4062469,-4.64560129984705,0.0 -47.4062684,-4.64559169984705,0.0 -47.4062889,-4.64558179984705,0.0 -47.4063132,-4.64557089984705,0.0 -47.4063353,-4.64555989984705,0.0 -47.4063586,-4.64554769984705,0.0 -47.4063767,-4.64553709984705,0.0 -47.4063968,-4.64552439984705,0.0 -47.4064163,-4.64551079984705,0.0 -47.4064453,-4.64549129984705,0.0 -47.4064664,-4.64547629984705,0.0 -47.4064767,-4.64546949984705,0.0 -47.4064842,-4.64546399984705,0.0 -47.4065054,-4.64544899984705,0.0 -47.4065214,-4.64543739984705,0.0 -47.4065354,-4.64542649984705,0.0 -47.4065528,-4.64541139984705,0.0 -47.4065661,-4.64539849984705,0.0 -47.4065794,-4.64538619984705,0.0 -47.4065928,-4.64537319984705,0.0 -47.4066071,-4.64535889984705,0.0 -47.406618,-4.64534829984706,0.0 -47.4066385,-4.64532979984706,0.0 -47.4066535,-4.64531549984706,0.0 -47.4066665,-4.64530189984706,0.0 -47.406688,-4.64527859984706,0.0 -47.4067082,-4.64525469984706,0.0 -47.4067334,-4.64522329984706,0.0 -47.406746,-4.64520759984706,0.0 -47.4067573,-4.64519529984706,0.0 -47.4067946,-4.64515829984706,0.0 -47.4068089,-4.64514399984706,0.0 -47.4068322,-4.64512249984706,0.0 -47.4068439,-4.64511179984706,0.0 -47.4068483,-4.64510789984706,0.0 -47.4068786,-4.64508659984706,0.0 -47.4069015,-4.64507189984706,0.0 -47.4069168,-4.64506199984706,0.0 -47.4069353,-4.64505039984707,0.0 -47.4069503,-4.64504049984707,0.0 -47.406968,-4.64502929984707,0.0 -47.4069895,-4.64501589984707,0.0 -47.4070507,-4.64497859984707,0.0 -47.4070763,-4.64496319984707,0.0 -47.4071261,-4.64493209984707,0.0 -47.4071667,-4.64490749984707,0.0 -47.4072302,-4.64486659984707,0.0 -47.4073245,-4.64480169984707,0.0 -47.40744,-4.64472129984707,0.0 -47.4074619,-4.64470559984707,0.0 -47.4074837,-4.64469159984708,0.0 -47.4075042,-4.64467759984708,0.0 -47.4075295,-4.64466119984708,0.0 -47.4075564,-4.64464209984708,0.0 -47.4075776,-4.64462669984708,0.0 -47.4075919,-4.64461619984708,0.0 -47.4076134,-4.64460179984708,0.0 -47.4076554,-4.64457789984708,0.0 -47.4076787,-4.64456499984708,0.0 -47.4076944,-4.64455739984708,0.0 -47.4077053,-4.64455199984708,0.0 -47.4077183,-4.64454579984708,0.0 -47.4077309,-4.64453999984708,0.0 -47.4077421,-4.64453459984708,0.0 -47.4077667,-4.64452399984708,0.0 -47.4077927,-4.64451369984708,0.0 -47.4078244,-4.64450079984708,0.0 -47.4078463,-4.64449089984708,0.0 -47.4078613,-4.64448399984708,0.0 -47.4078743,-4.64447789984708,0.0 -47.4078924,-4.64446939984708,0.0 -47.4079135,-4.64446009984708,0.0 -47.4079303,-4.64445299984708,0.0 -47.4079514,-4.64444379984708,0.0 -47.4079729,-4.64443389984708,0.0 -47.4079979,-4.64442329984708,0.0 -47.4080258,-4.64440859984709,0.0 -47.4080409,-4.64439969984708,0.0 -47.4080747,-4.64437619984709,0.0 -47.4080904,-4.64436589984709,0.0 -47.4080982,-4.64435979984709,0.0 -47.4081153,-4.64434409984709,0.0 -47.4081221,-4.64433789984709,0.0 -47.4081313,-4.64432939984709,0.0 -47.408144,-4.64431809984709,0.0 -47.4081576,-4.64430449984709,0.0 -47.4081757,-4.64428569984709,0.0 -47.4081921,-4.64426859984709,0.0 -47.4082225,-4.64423639984709,0.0 -47.4082385,-4.64421679984709,0.0 -47.4082573,-4.64419269984709,0.0 -47.408267,-4.64417969984709,0.0 -47.4082847,-4.64415419984709,0.0 -47.4082984,-4.64412599984709,0.0 -47.4083033,-4.6441103998471,0.0 -47.4083094,-4.6440910998471,0.0 -47.4083205,-4.6440556998471,0.0 -47.4083291,-4.6440261998471,0.0 -47.408338,-4.6440018998471,0.0 -47.4083436,-4.6439745998471,0.0 -47.4083453,-4.6439545998471,0.0 -47.4083453,-4.6439332998471,0.0 -47.4083478,-4.6439067998471,0.0 -47.4083504,-4.6438897998471,0.0 -47.4083581,-4.6438650998471,0.0 -47.4083691,-4.6438343998471,0.0 -47.4083836,-4.64380109984711,0.0 -47.4083981,-4.64377039984711,0.0 -47.4084143,-4.64373629984711,0.0 -47.4084314,-4.64370389984711,0.0 -47.408457,-4.64366809984711,0.0 -47.4084809,-4.64363819984711,0.0 -47.4085047,-4.64360749984711,0.0 -47.4085261,-4.64358189984711,0.0 -47.408544,-4.64356319984711,0.0 -47.4085968,-4.64351459984711,0.0 -47.4086216,-4.64349489984712,0.0 -47.408654,-4.64347189984712,0.0 -47.4086745,-4.64345909984712,0.0 -47.4086941,-4.64344969984712,0.0 -47.4087154,-4.64344039984712,0.0 -47.408741,-4.64343519984712,0.0 -47.4087742,-4.64343349984712,0.0 -47.4088126,-4.64343349984712,0.0 -47.4088305,-4.64343439984712,0.0 -47.4088902,-4.64343949984712,0.0 -47.409007,-4.64344719984712,0.0 -47.4091256,-4.64345829984712,0.0 -47.4092049,-4.64346589984712,0.0 -47.4093132,-4.64347869984712,0.0 -47.409384,-4.64348559984712,0.0 -47.4094727,-4.64349489984712,0.0 -47.4095328,-4.64350519984712,0.0 -47.4095528,-4.64350769984711,0.0 -47.4095861,-4.64351459984711,0.0 -47.4096125,-4.64352389984711,0.0 -47.4096449,-4.64353499984711,0.0 -47.4096936,-4.64354699984711,0.0 -47.4097532,-4.64356059984711,0.0 -47.4098292,-4.64357339984711,0.0 -47.409882,-4.64357849984711,0.0 -47.4099238,-4.64358279984711,0.0 -47.4099963,-4.64359469984711,0.0 -47.4100355,-4.64359899984711,0.0 -47.4101003,-4.64360069984711,0.0 -47.4101856,-4.64359559984711,0.0 -47.4102308,-4.64359559984711,0.0 -47.4102777,-4.64359049984711,0.0 -47.4103101,-4.64358829984711,0.0 -47.4103246,-4.64358829984711,0.0 -47.4103361,-4.64358879984711,0.0 -47.4103472,-4.64358879984711,0.0 -47.4103541,-4.64358789984711,0.0 -47.4103626,-4.64358489984711,0.0 -47.4103749,-4.64358109984711,0.0 -47.4104189,-4.64356399984711,0.0 -47.4104589,-4.64354869984711,0.0 -47.4104884,-4.64353629984711,0.0 -47.410528,-4.64352099984711,0.0 -47.4105626,-4.64350939984711,0.0 -47.4105933,-4.64350049984711,0.0 -47.4106223,-4.64349109984711,0.0 -47.4106487,-4.64347959984712,0.0 -47.4106628,-4.64347279984711,0.0 -47.4106871,-4.64345909984712,0.0 -47.410737,-4.64343609984712,0.0 -47.4107886,-4.64341439984712,0.0 -47.4108363,-4.64339599984712,0.0 -47.410864,-4.64338579984712,0.0 -47.4109054,-4.64337169984712,0.0 -47.4109327,-4.64336359984712,0.0 -47.4109617,-4.64335379984712,0.0 -47.4109941,-4.64334309984712,0.0 -47.4110316,-4.64333159984712,0.0 -47.4110713,-4.64331879984712,0.0 -47.4110943,-4.64331119984712,0.0 -47.4111553,-4.64329619984712,0.0 -47.4111992,-4.64328519984712,0.0 -47.4112457,-4.64327189984712,0.0 -47.4112793,-4.64325999984712,0.0 -47.4113203,-4.64324639984712,0.0 -47.4113582,-4.64323229984712,0.0 -47.411403,-4.64321309984712,0.0 -47.4114874,-4.64317509984713,0.0 -47.4115625,-4.64314019984713,0.0 -47.411635,-4.64310779984713,0.0 -47.4116942,-4.64308259984713,0.0 -47.4117416,-4.64306339984713,0.0 -47.4118405,-4.64301779984713,0.0 -47.4118946,-4.64299139984713,0.0 -47.4119343,-4.64297389984713,0.0 -47.4119885,-4.64294659984713,0.0 -47.4120418,-4.64292059984713,0.0 -47.4120767,-4.64290349984713,0.0 -47.4121125,-4.64288349984714,0.0 -47.4121441,-4.64286689984714,0.0 -47.4122055,-4.64283489984714,0.0 -47.412266,-4.64280589984714,0.0 -47.4123036,-4.64278709984714,0.0 -47.4123398,-4.64277009984714,0.0 -47.4123658,-4.64275679984714,0.0 -47.4123935,-4.64274189984714,0.0 -47.4124144,-4.64272829984714,0.0 -47.4124358,-4.64271329984714,0.0 -47.4124528,-4.64270179984714,0.0 -47.4124963,-4.64267409984714,0.0 -47.4125594,-4.64263319984714,0.0 -47.4126119,-4.64259989984714,0.0 -47.4126801,-4.64256029984715,0.0 -47.4127624,-4.64251079984715,0.0 -47.412785,-4.64249839984715,0.0 -47.4128127,-4.64248349984715,0.0 -47.4128315,-4.64247199984715,0.0 -47.412866,-4.64244979984715,0.0 -47.412889,-4.64243659984715,0.0 -47.4129125,-4.64242419984715,0.0 -47.4129385,-4.64241269984715,0.0 -47.4129598,-4.64240249984715,0.0 -47.4129914,-4.64238839984715,0.0 -47.4130246,-4.64237439984715,0.0 -47.413051,-4.64236369984715,0.0 -47.4130694,-4.64235599984715,0.0 -47.4130717,-4.64235499984715,0.0 -47.413083,-4.64235009984715,0.0 -47.4131103,-4.64233809984715,0.0 -47.413147,-4.64232449984715,0.0 -47.413193,-4.64230869984715,0.0 -47.4132272,-4.64229699984715,0.0 -47.4132555,-4.64228819984716,0.0 -47.4132822,-4.64227929984716,0.0 -47.4133056,-4.64227199984715,0.0 -47.4133348,-4.64226389984716,0.0 -47.4133523,-4.64225919984716,0.0 -47.4134075,-4.64224409984716,0.0 -47.4134527,-4.64223389984716,0.0 -47.4134915,-4.64222529984716,0.0 -47.4135227,-4.64221769984716,0.0 -47.413541,-4.64221339984716,0.0 -47.4135602,-4.64220869984716,0.0 -47.4136199,-4.64219419984716,0.0 -47.4136619,-4.64218439984716,0.0 -47.4136913,-4.64217969984716,0.0 -47.4137139,-4.64217669984716,0.0 -47.4137493,-4.64217329984716,0.0 -47.4137749,-4.64216989984716,0.0 -47.4138188,-4.64216819984716,0.0 -47.4138486,-4.64216819984716,0.0 -47.4138725,-4.64216819984716,0.0 -47.4139145,-4.64216779984716,0.0 -47.4139169,-4.64216779984716,0.0 -47.4140409,-4.64217069984716,0.0 -47.4141087,-4.64217289984716,0.0 -47.4141437,-4.64217669984716,0.0 -47.4141802,-4.64218059984716,0.0 -47.4142136,-4.64218439984716,0.0 -47.4142516,-4.64219039984716,0.0 -47.4142819,-4.64219479984716,0.0 -47.4143049,-4.64220019984716,0.0 -47.414309,-4.64220039984716,0.0 -47.4143769,-4.64220399984716,0.0 -47.4144443,-4.64220569984716,0.0 -47.414498,-4.64220399984716,0.0 -47.4145334,-4.64220399984716,0.0 -47.4145496,-4.64220489984716,0.0 -47.4145658,-4.64220609984716,0.0 -47.4145812,-4.64220779984716,0.0 -47.4145948,-4.64221079984716,0.0 -47.4146076,-4.64221469984716,0.0 -47.4146844,-4.64223469984716,0.0 -47.4147398,-4.64224789984716,0.0 -47.4149036,-4.64228369984715,0.0 -47.4149884,-4.64230079984716,0.0 -47.415078,-4.64232079984715,0.0 -47.4151581,-4.64233999984715,0.0 -47.4151918,-4.64234859984715,0.0 -47.415227,-4.64236049984715,0.0 -47.4152649,-4.64237139984715,0.0 -47.4153306,-4.64238779984715,0.0 -47.415347,-4.64239139984715,0.0 -47.415366,-4.64239479984715,0.0 -47.4154633,-4.64240249984715,0.0 -47.415482,-4.64240339984715,0.0 -47.4155328,-4.64240499984715,0.0 -47.4155498,-4.64240459984715,0.0 -47.4155616,-4.64240369984715,0.0 -47.4155863,-4.64240219984715,0.0 -47.4156094,-4.64239959984715,0.0 -47.4156435,-4.64239319984715,0.0 -47.4156491,-4.64239169984715,0.0 -47.4156963,-4.64237659984715,0.0 -47.4157373,-4.64235949984715,0.0 -47.4157842,-4.64233909984715,0.0 -47.4158132,-4.64232539984715,0.0 -47.4158473,-4.64230919984715,0.0 -47.4159155,-4.64227579984716,0.0 -47.4159938,-4.64222939984716,0.0 -47.4160106,-4.64221819984716,0.0 -47.4160498,-4.64219429984716,0.0 -47.4160822,-4.64217379984716,0.0 -47.4161121,-4.64215469984716,0.0 -47.4162528,-4.64205439984716,0.0 -47.4163176,-4.64200409984716,0.0 -47.4163824,-4.64195889984716,0.0 -47.416472,-4.64190179984717,0.0 -47.4166421,-4.64179519984717,0.0 -47.4168267,-4.64166859984717,0.0 -47.4169589,-4.64156789984718,0.0 -47.4170434,-4.64149799984718,0.0 -47.417138,-4.64141439984718,0.0 -47.4172079,-4.64135559984718,0.0 -47.4172617,-4.64130779984719,0.0 -47.4173145,-4.64126009984719,0.0 -47.4173751,-4.64120039984719,0.0 -47.4174135,-4.64116029984719,0.0 -47.417445,-4.64112449984719,0.0 -47.4174749,-4.64108439984719,0.0 -47.4175235,-4.6410161998472,0.0 -47.417584,-4.6409385998472,0.0 -47.417625,-4.6408898998472,0.0 -47.4176463,-4.6408660998472,0.0 -47.417677,-4.6408353998472,0.0 -47.4177085,-4.6408071998472,0.0 -47.4177367,-4.6407841998472,0.0 -47.4178731,-4.64068439984721,0.0 -47.4179175,-4.64065369984721,0.0 -47.4179439,-4.64063319984721,0.0 -47.4179695,-4.64061529984721,0.0 -47.4180352,-4.64057949984721,0.0 -47.4181468,-4.64053439984721,0.0 -47.4181993,-4.64051299984721,0.0 -47.4183,-4.64048619984721,0.0 -47.418351,-4.64047159984721,0.0 -47.4184199,-4.64045179984721,0.0 -47.4185236,-4.64042469984721,0.0 -47.4186901,-4.64037629984722,0.0 -47.4187899,-4.64034389984722,0.0 -47.4188368,-4.64032659984722,0.0 -47.4188833,-4.64030389984722,0.0 -47.4189413,-4.64027439984722,0.0 -47.4191255,-4.64017549984722,0.0 -47.419421,-4.63997679984723,0.0 -47.4194684,-4.63994879984723,0.0 -47.4194917,-4.63993539984723,0.0 -47.4196477,-4.63984659984723,0.0 -47.4198522,-4.63974879984724,0.0 -47.4199962,-4.63969029984724,0.0 -47.4200142,-4.63968269984724,0.0 -47.4200309,-4.63967379984724,0.0 -47.4201551,-4.63961099984724,0.0 -47.4205031,-4.63939509984725,0.0 -47.4205237,-4.63938199984725,0.0 -47.4207229,-4.63927039984725,0.0 -47.420821,-4.63921699984726,0.0 -47.4209816,-4.63914579984726,0.0 -47.4210699,-4.63910859984726,0.0 -47.4211423,-4.63907939984726,0.0 -47.4211805,-4.63906429984726,0.0 -47.4212271,-4.63904979984726,0.0 -47.4212638,-4.63903899984726,0.0 -47.4212798,-4.63903569984726,0.0 -47.4213199,-4.63902689984726,0.0 -47.4213834,-4.63901769984726,0.0 -47.4214443,-4.63900799984726,0.0 -47.4214959,-4.63900289984726,0.0 -47.4215434,-4.63899779984726,0.0 -47.4216204,-4.63898969984726,0.0 -47.421689,-4.63897939984726,0.0 -47.4217715,-4.63896909984726,0.0 -47.421885,-4.63895129984726,0.0 -47.4219744,-4.63893719984726,0.0 -47.4220113,-4.63893109984726,0.0 -47.422023,-4.63892919984726,0.0 -47.4220314,-4.63892869984726,0.0 -47.4220928,-4.63892269984726,0.0 -47.422128,-4.63891949984726,0.0 -47.4221625,-4.63891699984726,0.0 -47.4222238,-4.63890959984726,0.0 -47.4224473,-4.63885929984727,0.0 -47.4227148,-4.63879529984727,0.0 -47.4228598,-4.63875629984727,0.0 -47.4228889,-4.63874829984727,0.0 -47.4228991,-4.63874599984727,0.0 -47.4229168,-4.63873939984727,0.0 -47.4229658,-4.63872029984727,0.0 -47.4230258,-4.63869249984727,0.0 -47.4230829,-4.63866519984727,0.0 -47.423129,-4.63864389984727,0.0 -47.4231755,-4.63861939984727,0.0 -47.4232195,-4.63859439984727,0.0 -47.4232865,-4.63855139984728,0.0 -47.4233976,-4.63846819984728,0.0 -47.423446,-4.63843459984728,0.0 -47.4236367,-4.63829679984728,0.0 -47.4236756,-4.63827329984728,0.0 -47.423716,-4.63825069984729,0.0 -47.4239316,-4.63809499984729,0.0 -47.4240993,-4.6379613998473,0.0 -47.424137,-4.6379312998473,0.0 -47.4242022,-4.6378941998473,0.0 -47.4242355,-4.6378783998473,0.0 -47.4242683,-4.6378643998473,0.0 -47.4243109,-4.6378541998473,0.0 -47.4243569,-4.6378437998473,0.0 -47.4243989,-4.6378350998473,0.0 -47.4244352,-4.6378301998473,0.0 -47.4244741,-4.6378241998473,0.0 -47.424505,-4.6378208998473,0.0 -47.424537,-4.6378178998473,0.0 -47.4245669,-4.6378192998473,0.0 -47.4245899,-4.6378205998473,0.0 -47.4246099,-4.6378212998473,0.0 -47.4246473,-4.6378278998473,0.0 -47.4246654,-4.6378327998473,0.0 -47.4246905,-4.6378396998473,0.0 -47.4247162,-4.6378516998473,0.0 -47.4247485,-4.6378686998473,0.0 -47.4247826,-4.6378848998473,0.0 -47.4248587,-4.6379278998473,0.0 -47.4249821,-4.63799059984729,0.0 -47.4251089,-4.63804839984729,0.0 -47.4252024,-4.63807959984729,0.0 -47.4255625,-4.63820579984729,0.0 -47.4258423,-4.63830379984729,0.0 -47.426184,-4.63843099984728,0.0 -47.4264632,-4.63854009984728,0.0 -47.4268337,-4.63866989984727,0.0 -47.4272728,-4.63881269984727,0.0 -47.427516,-4.63888369984727,0.0 -47.4277259,-4.63893959984726,0.0 -47.4279341,-4.63899049984726,0.0 -47.427961,-4.63899689984726,0.0 -47.4280426,-4.63901439984726,0.0 -47.4280688,-4.63902039984726,0.0 -47.4281273,-4.63903319984726,0.0 -47.428171,-4.63903989984726,0.0 -47.4282086,-4.63904609984726,0.0 -47.4282473,-4.63905279984726,0.0 -47.4282883,-4.63906019984726,0.0 -47.4283366,-4.63906689984726,0.0 -47.4283724,-4.63906929984726,0.0 -47.4284046,-4.63907029984726,0.0 -47.4284334,-4.63907109984726,0.0 -47.4284872,-4.63907109984726,0.0 -47.4285367,-4.63906939984726,0.0 -47.4286152,-4.63906199984726,0.0 -47.4287293,-4.63905249984726,0.0 -47.428802,-4.63904279984726,0.0 -47.4288819,-4.63903079984726,0.0 -47.4289095,-4.63902679984726,0.0 -47.4289352,-4.63902309984726,0.0 -47.4289802,-4.63901359984726,0.0 -47.428997,-4.63900849984726,0.0 -47.4290161,-4.63900339984726,0.0 -47.4290694,-4.63898739984726,0.0 -47.429095,-4.63897739984726,0.0 -47.4291356,-4.63896309984726,0.0 -47.42927,-4.63892709984726,0.0 -47.4292926,-4.63891879984726,0.0 -47.4293137,-4.63891029984726,0.0 -47.4293431,-4.63889759984727,0.0 -47.4293557,-4.63889089984727,0.0 -47.4293699,-4.63888319984727,0.0 -47.4293867,-4.63887089984726,0.0 -47.4293999,-4.63885929984727,0.0 -47.4294105,-4.63884999984727,0.0 -47.4294333,-4.63883069984727,0.0 -47.4294495,-4.63881669984727,0.0 -47.4294893,-4.63878799984727,0.0 -47.4295003,-4.63878059984727,0.0 -47.4295133,-4.63877049984727,0.0 -47.429525,-4.63876009984727,0.0 -47.4295362,-4.63875149984727,0.0 -47.4295517,-4.63873719984727,0.0 -47.4296056,-4.63869799984727,0.0 -47.4296623,-4.63865749984727,0.0 -47.4296784,-4.63864559984727,0.0 -47.4297059,-4.63862769984727,0.0 -47.4297692,-4.63859099984728,0.0 -47.4298305,-4.63855599984728,0.0 -47.4298574,-4.63853849984728,0.0 -47.4298841,-4.63852289984728,0.0 -47.4299048,-4.63850949984728,0.0 -47.4299632,-4.63847729984728,0.0 -47.4300555,-4.63841959984728,0.0 -47.4301218,-4.63837359984728,0.0 -47.4301404,-4.63836239984728,0.0 -47.4301539,-4.63834879984728,0.0 -47.430172,-4.63833329984728,0.0 -47.4301966,-4.63831549984728,0.0 -47.4302126,-4.63830199984729,0.0 -47.4302362,-4.63828009984729,0.0 -47.4302566,-4.63825519984729,0.0 -47.4302804,-4.63822999984729,0.0 -47.4303064,-4.63819869984729,0.0 -47.4303384,-4.63816069984729,0.0 -47.4303843,-4.63810799984729,0.0 -47.4304049,-4.63807999984729,0.0 -47.4304321,-4.63803719984729,0.0 -47.4304539,-4.63799529984729,0.0 -47.4304664,-4.6379449998473,0.0 -47.430468,-4.6379133998473,0.0 -47.4304693,-4.6378615998473,0.0 -47.4304684,-4.6378282998473,0.0 -47.430465,-4.6378003998473,0.0 -47.4304526,-4.6377674998473,0.0 -47.4304389,-4.6377387998473,0.0 -47.4304212,-4.6377115998473,0.0 -47.4304065,-4.6376855998473,0.0 -47.4303802,-4.63764989984731,0.0 -47.4303377,-4.63760069984731,0.0 -47.4302899,-4.63754679984731,0.0 -47.4302832,-4.63753929984731,0.0 -47.4301991,-4.63745849984731,0.0 -47.4301426,-4.63739669984731,0.0 -47.4300855,-4.63732649984732,0.0 -47.4300524,-4.63728739984732,0.0 -47.430016,-4.63722369984732,0.0 -47.429999,-4.63718339984732,0.0 -47.4299708,-4.63710239984732,0.0 -47.4299624,-4.63706129984732,0.0 -47.4299574,-4.63703949984733,0.0 -47.4299539,-4.63701839984733,0.0 -47.4299521,-4.63699809984733,0.0 -47.4299542,-4.63694569984733,0.0 -47.4299563,-4.63689839984733,0.0 -47.429959,-4.63684549984733,0.0 -47.4299657,-4.63680229984733,0.0 -47.4299724,-4.63676759984733,0.0 -47.4300111,-4.63666089984734,0.0 -47.4300433,-4.63659439984734,0.0 -47.4300944,-4.63652299984734,0.0 -47.4301303,-4.63648219984734,0.0 -47.4301627,-4.63644639984734,0.0 -47.4302045,-4.63640029984735,0.0 -47.4302506,-4.63636419984735,0.0 -47.43028,-4.63633969984735,0.0 -47.43032,-4.63631609984735,0.0 -47.4303555,-4.63629369984735,0.0 -47.4303878,-4.63627799984735,0.0 -47.4304164,-4.63626779984735,0.0 -47.4304435,-4.63626269984735,0.0 -47.4304693,-4.63625919984735,0.0 -47.4305036,-4.63625899984735,0.0 -47.4305341,-4.63626009984735,0.0 -47.4305931,-4.63626469984735,0.0 -47.4306264,-4.63627009984735,0.0 -47.4306631,-4.63627749984735,0.0 -47.4307198,-4.63629099984735,0.0 -47.4308339,-4.63631849984735,0.0 -47.431049,-4.63638079984735,0.0 -47.4311856,-4.63643179984734,0.0 -47.4312859,-4.63647699984735,0.0 -47.4313658,-4.63651209984734,0.0 -47.4314005,-4.63652899984734,0.0 -47.4314321,-4.63654279984734,0.0 -47.431447,-4.63654939984734,0.0 -47.4314697,-4.63655659984734,0.0 -47.4315677,-4.63657149984734,0.0 -47.4316388,-4.63658219984734,0.0 -47.4316659,-4.63658839984734,0.0 -47.4317602,-4.63661739984734,0.0 -47.4318242,-4.63663259984734,0.0 -47.4321148,-4.63666009984734,0.0 -47.4321699,-4.63665869984734,0.0 -47.4322102,-4.63665279984734,0.0 -47.4322426,-4.63664599984734,0.0 -47.4322789,-4.63663189984734,0.0 -47.4323122,-4.63661109984734,0.0 -47.4323628,-4.63657079984734,0.0 -47.4323895,-4.63654959984734,0.0 -47.4324135,-4.63653359984734,0.0 -47.4325003,-4.63647569984734,0.0 -47.4325788,-4.63642339984735,0.0 -47.4326228,-4.63639349984735,0.0 -47.4326589,-4.63637229984735,0.0 -47.4327666,-4.63630539984735,0.0 -47.4327832,-4.63629379984735,0.0 -47.4328043,-4.63627969984735,0.0 -47.4329523,-4.63616749984735,0.0 -47.4330155,-4.63611659984736,0.0 -47.4330633,-4.63606999984736,0.0 -47.4330997,-4.63603369984736,0.0 -47.4331553,-4.63599109984736,0.0 -47.4331859,-4.63596979984736,0.0 -47.4332264,-4.63595179984736,0.0 -47.4332576,-4.63594239984736,0.0 -47.4332872,-4.63593389984736,0.0 -47.4333211,-4.63593049984736,0.0 -47.4333964,-4.63593179984736,0.0 -47.4334613,-4.63593769984736,0.0 -47.433534,-4.63595219984736,0.0 -47.4335914,-4.63596629984736,0.0 -47.4336656,-4.63599019984736,0.0 -47.4337159,-4.63601999984736,0.0 -47.433777,-4.63605809984736,0.0 -47.4338208,-4.63608849984736,0.0 -47.4338586,-4.63611919984736,0.0 -47.4339163,-4.63617169984735,0.0 -47.4339503,-4.63621019984735,0.0 -47.4339787,-4.63624509984735,0.0 -47.4341041,-4.63639879984735,0.0 -47.434209,-4.63652269984734,0.0 -47.4342122,-4.63652659984734,0.0 -47.4343081,-4.63665829984734,0.0 -47.4343824,-4.63676219984734,0.0 -47.4344353,-4.63683739984733,0.0 -47.4344574,-4.63687069984733,0.0 -47.4344873,-4.63691589984733,0.0 -47.4345158,-4.63696149984733,0.0 -47.4345508,-4.63701909984732,0.0 -47.4345638,-4.63703929984733,0.0 -47.4345937,-4.63708069984733,0.0 -47.4346077,-4.63709949984732,0.0 -47.4346271,-4.63712039984732,0.0 -47.4346438,-4.63713329984732,0.0 -47.4346638,-4.63714869984732,0.0 -47.4347366,-4.63720109984732,0.0 -47.4347445,-4.63720719984732,0.0 -47.4347519,-4.63721169984732,0.0 -47.4348195,-4.63724309984732,0.0 -47.4348574,-4.63725779984732,0.0 -47.4349587,-4.63728979984732,0.0 -47.4350487,-4.63731399984732,0.0 -47.4351048,-4.63733209984732,0.0 -47.4351835,-4.63736139984732,0.0 -47.4352444,-4.63738879984732,0.0 -47.4353603,-4.63744379984731,0.0 -47.4354533,-4.63748419984731,0.0 -47.435535,-4.63751669984731,0.0 -47.435595,-4.63753489984731,0.0 -47.435648,-4.63754679984731,0.0 -47.4356752,-4.63754879984731,0.0 -47.4357865,-4.63754749984731,0.0 -47.43587,-4.63754159984731,0.0 -47.4359404,-4.63753519984731,0.0 -47.4359731,-4.63753139984731,0.0 -47.4360176,-4.63752389984731,0.0 -47.4360321,-4.63752179984731,0.0 -47.4360897,-4.63751369984731,0.0 -47.4361652,-4.63750139984731,0.0 -47.43631,-4.63746719984731,0.0 -47.4364165,-4.63743569984731,0.0 -47.43649,-4.63741909984731,0.0 -47.436544,-4.63740909984731,0.0 -47.436566,-4.63740479984731,0.0 -47.4366318,-4.63739569984731,0.0 -47.4366749,-4.63739309984731,0.0 -47.4367183,-4.63739109984731,0.0 -47.4368498,-4.63738239984731,0.0 -47.4369617,-4.63737289984731,0.0 -47.437053,-4.63735629984732,0.0 -47.4370924,-4.63734909984732,0.0 -47.437135,-4.63733819984732,0.0 -47.4371675,-4.63732629984732,0.0 -47.4372041,-4.63730819984732,0.0 -47.4372557,-4.63727679984732,0.0 -47.4372979,-4.63724669984732,0.0 -47.4373602,-4.63720159984732,0.0 -47.4374932,-4.63711669984732,0.0 -47.4376314,-4.63702369984733,0.0 -47.4377682,-4.63693589984733,0.0 -47.4377816,-4.63692739984733,0.0 -47.437887,-4.63685799984733,0.0 -47.4378997,-4.63685149984733,0.0 -47.4379171,-4.63684279984733,0.0 -47.4379471,-4.63682729984733,0.0 -47.4379926,-4.63680739984733,0.0 -47.4381925,-4.63673069984734,0.0 -47.4382789,-4.63670349984734,0.0 -47.4383061,-4.63669589984734,0.0 -47.4383508,-4.63668749984734,0.0 -47.4383949,-4.63667709984734,0.0 -47.4384351,-4.63666859984734,0.0 -47.438472,-4.63666089984734,0.0 -47.4387581,-4.63655359984734,0.0 -47.4389783,-4.63646849984734,0.0 -47.4391203,-4.63642049984735,0.0 -47.4391412,-4.63641349984735,0.0 -47.4391611,-4.63640669984735,0.0 -47.4394593,-4.63626939984735,0.0 -47.4395706,-4.63622299984735,0.0 -47.4396296,-4.63620199984735,0.0 -47.4396644,-4.63618969984735,0.0 -47.4397002,-4.63617839984736,0.0 -47.4398258,-4.63614789984736,0.0 -47.4398752,-4.63613889984736,0.0 -47.4400333,-4.63611749984736,0.0 -47.4401488,-4.63609869984736,0.0 -47.4402786,-4.63607889984736,0.0 -47.4403689,-4.63606589984736,0.0 -47.4405053,-4.63604459984736,0.0 -47.4407195,-4.63599699984736,0.0 -47.4415543,-4.63581179984737,0.0 -47.441726,-4.63577369984737,0.0 -47.4417386,-4.63577149984737,0.0 -47.4417438,-4.63577109984737,0.0 -47.4417476,-4.63577109984737,0.0 -47.441752,-4.63577079984737,0.0 -47.4417935,-4.63576599984737,0.0 -47.4418944,-4.63574969984737,0.0 -47.4420588,-4.63572269984737,0.0 -47.4421394,-4.63571009984737,0.0 -47.4423629,-4.63566969984737,0.0 -47.4424164,-4.63566319984737,0.0 -47.4428341,-4.63561259984737,0.0 -47.4429463,-4.63559679984737,0.0 -47.4431842,-4.63554919984737,0.0 -47.4433655,-4.63551829984738,0.0 -47.4434391,-4.63550969984738,0.0 -47.4435609,-4.63551029984738,0.0 -47.443658,-4.63549929984738,0.0 -47.4439465,-4.63545649984738,0.0 -47.4441487,-4.63540999984738,0.0 -47.4442369,-4.63538839984738,0.0 -47.4442889,-4.63537569984738,0.0 -47.4443631,-4.63536659984738,0.0 -47.4445268,-4.63535569984738,0.0 -47.4445827,-4.63535429984738,0.0 -47.444661,-4.63535479984738,0.0 -47.4447051,-4.63535379984738,0.0 -47.4447583,-4.63535009984738,0.0 -47.4448253,-4.63534529984738,0.0 -47.4448901,-4.63533719984738,0.0 -47.4449752,-4.63532489984738,0.0 -47.4450468,-4.63531099984738,0.0 -47.445088,-4.63530269984738,0.0 -47.4451406,-4.63529139984738,0.0 -47.4451783,-4.63528519984738,0.0 -47.4452118,-4.63528089984738,0.0 -47.4452487,-4.63527669984738,0.0 -47.4452731,-4.63527549984738,0.0 -47.4453211,-4.63527339984738,0.0 -47.445361,-4.63527119984738,0.0 -47.4453938,-4.63526929984738,0.0 -47.4454336,-4.63527069984738,0.0 -47.4454695,-4.63527309984738,0.0 -47.445504,-4.63527539984738,0.0 -47.4455622,-4.63528099984738,0.0 -47.4456069,-4.63528739984738,0.0 -47.445978,-4.63534519984738,0.0 -47.446131,-4.63536279984738,0.0 -47.4462636,-4.63537859984738,0.0 -47.4464373,-4.63540889984738,0.0 -47.4465173,-4.63541739984738,0.0 -47.4466079,-4.63542509984738,0.0 -47.4467084,-4.63543059984738,0.0 -47.4468375,-4.63544229984738,0.0 -47.4469003,-4.63545119984738,0.0 -47.4469629,-4.63546599984738,0.0 -47.4470287,-4.63548789984738,0.0 -47.4471126,-4.63551599984738,0.0 -47.4472443,-4.63556709984737,0.0 -47.4473278,-4.63560289984737,0.0 -47.4474106,-4.63563379984737,0.0 -47.447493,-4.63567049984737,0.0 -47.4475386,-4.63569479984737,0.0 -47.4475831,-4.63571949984737,0.0 -47.4476633,-4.63577069984737,0.0 -47.4477206,-4.63580799984737,0.0 -47.4477864,-4.63584779984736,0.0 -47.4478134,-4.63586799984736,0.0 -47.4478332,-4.63588219984736,0.0 -47.4480512,-4.63602499984736,0.0 -47.4481504,-4.63609449984736,0.0 -47.4484948,-4.63631869984735,0.0 -47.4485792,-4.63637369984735,0.0 -47.448804,-4.63650039984734,0.0 -47.4488446,-4.63651579984734,0.0 -47.4488868,-4.63653049984734,0.0 -47.4489157,-4.63654589984734,0.0 -47.448935,-4.63655839984734,0.0 -47.4489672,-4.63657979984734,0.0 -47.4490441,-4.63663689984734,0.0 -47.4490706,-4.63665909984734,0.0 -47.449091,-4.63667439984734,0.0 -47.4491141,-4.63669399984734,0.0 -47.4492045,-4.63677929984733,0.0 -47.4492633,-4.63684159984733,0.0 -47.4493428,-4.63692539984733,0.0 -47.4494512,-4.63705589984733,0.0 -47.4494709,-4.63708069984733,0.0 -47.4495838,-4.63722269984732,0.0 -47.4496223,-4.63727479984732,0.0 -47.4496539,-4.63731249984732,0.0 -47.4497098,-4.63736449984732,0.0 -47.4498217,-4.63745269984731,0.0 -47.4498722,-4.63748539984731,0.0 -47.4499435,-4.63752609984731,0.0 -47.4499771,-4.63754769984731,0.0 -47.4500027,-4.63756649984731,0.0 -47.4500176,-4.63757829984731,0.0 -47.450134,-4.63767599984731,0.0 -47.450258,-4.6377788998473,0.0 -47.4502866,-4.6378047998473,0.0 -47.450619,-4.63808689984729,0.0 -47.4507883,-4.63822199984729,0.0 -47.4508719,-4.63828769984729,0.0 -47.4509146,-4.63832349984728,0.0 -47.4509572,-4.63835679984728,0.0 -47.4512105,-4.63855979984728,0.0 -47.4512906,-4.63862459984727,0.0 -47.451329,-4.63865189984727,0.0 -47.4513486,-4.63866639984727,0.0 -47.4514904,-4.63878579984727,0.0 -47.45159,-4.63885529984727,0.0 -47.4516902,-4.63891919984727,0.0 -47.4517064,-4.63892819984726,0.0 -47.4517222,-4.63893759984726,0.0 -47.4519714,-4.63907459984726,0.0 -47.4522849,-4.63921899984725,0.0 -47.4523081,-4.63922929984725,0.0 -47.4523361,-4.63924199984725,0.0 -47.4525954,-4.63936069984725,0.0 -47.4526195,-4.63937519984725,0.0 -47.4526335,-4.63938349984725,0.0 -47.4526634,-4.63940049984725,0.0 -47.4529295,-4.63959979984724,0.0 -47.4529558,-4.63961949984724,0.0 -47.4529845,-4.63964279984724,0.0 -47.4531216,-4.63977399984724,0.0 -47.4533475,-4.63998099984723,0.0 -47.4534439,-4.64007199984723,0.0 -47.4535273,-4.64015709984722,0.0 -47.4535487,-4.64018519984722,0.0 -47.4535734,-4.64021329984722,0.0 -47.4536228,-4.64028499984722,0.0 -47.4536442,-4.64031739984722,0.0 -47.4536629,-4.64034719984722,0.0 -47.4536834,-4.64037709984722,0.0 -47.4537013,-4.64040439984722,0.0 -47.4537086,-4.64041589984722,0.0 -47.4537133,-4.64042519984721,0.0 -47.4537478,-4.64049349984721,0.0 -47.4537687,-4.64053099984721,0.0 -47.453787,-4.64055919984721,0.0 -47.4537998,-4.64058129984721,0.0 -47.4538139,-4.64061289984721,0.0 -47.4538301,-4.64064319984721,0.0 -47.4538476,-4.64067789984721,0.0 -47.4538887,-4.64075189984721,0.0 -47.4539851,-4.6409083998472,0.0 -47.453997,-4.6409275998472,0.0 -47.4540069,-4.6409468998472,0.0 -47.454061,-4.6410528998472,0.0 -47.4541335,-4.64117399984719,0.0 -47.454177,-4.64124139984719,0.0 -47.4542392,-4.64132579984719,0.0 -47.4542878,-4.64139319984718,0.0 -47.4543322,-4.64145459984718,0.0 -47.4543927,-4.64153139984718,0.0 -47.4544192,-4.64156549984718,0.0 -47.4544396,-4.64159279984718,0.0 -47.4544601,-4.64162009984718,0.0 -47.4544874,-4.64165759984717,0.0 -47.4545104,-4.64168739984717,0.0 -47.4545479,-4.64172669984717,0.0 -47.4545812,-4.64175479984717,0.0 -47.45471,-4.64186049984717,0.0 -47.454843,-4.64196969984716,0.0 -47.4548942,-4.64201579984716,0.0 -47.4549402,-4.64205499984716,0.0 -47.4549701,-4.64208649984716,0.0 -47.4549978,-4.64211469984716,0.0 -47.4550131,-4.64213089984716,0.0 -47.4550225,-4.64214369984716,0.0 -47.4550327,-4.64215649984716,0.0 -47.4550532,-4.64218459984716,0.0 -47.4550711,-4.64221279984716,0.0 -47.4550899,-4.64224089984716,0.0 -47.4551249,-4.64229889984715,0.0 -47.4551654,-4.64236109984715,0.0 -47.4551845,-4.64239229984715,0.0 -47.4552283,-4.64246049984715,0.0 -47.4552581,-4.64250529984715,0.0 -47.4553131,-4.64258239984715,0.0 -47.45536,-4.64263919984714,0.0 -47.4554099,-4.64269029984714,0.0 -47.4554542,-4.64273189984714,0.0 -47.455486,-4.64275849984714,0.0 -47.4555082,-4.64277649984714,0.0 -47.4555284,-4.64279559984714,0.0 -47.4555472,-4.64281869984714,0.0 -47.4555626,-4.64283319984714,0.0 -47.4555839,-4.64284939984714,0.0 -47.4556683,-4.64290779984713,0.0 -47.4558563,-4.64304849984713,0.0 -47.455916,-4.64309629984713,0.0 -47.4559519,-4.64312699984713,0.0 -47.4559659,-4.64314189984713,0.0 -47.4559723,-4.64314829984713,0.0 -47.45598,-4.64315719984713,0.0 -47.4559898,-4.64316959984713,0.0 -47.4560064,-4.64319219984713,0.0 -47.4560598,-4.64326399984712,0.0 -47.4561075,-4.64332879984712,0.0 -47.4561473,-4.64338259984712,0.0 -47.4561886,-4.64343549984712,0.0 -47.4562193,-4.64347549984712,0.0 -47.456256,-4.64352499984712,0.0 -47.4563276,-4.64360259984711,0.0 -47.4563865,-4.64366569984711,0.0 -47.4564547,-4.64372289984711,0.0 -47.4565383,-4.64378429984711,0.0 -47.4565809,-4.64381239984711,0.0 -47.4566159,-4.6438353998471,0.0 -47.4566483,-4.6438549998471,0.0 -47.4566832,-4.6438711998471,0.0 -47.4567788,-4.6439283998471,0.0 -47.4568743,-4.6439820998471,0.0 -47.4570278,-4.6440613998471,0.0 -47.4571097,-4.64410059984709,0.0 -47.4572043,-4.64414579984709,0.0 -47.4572785,-4.64417569984709,0.0 -47.4573416,-4.64419959984709,0.0 -47.4574346,-4.64423449984709,0.0 -47.4576282,-4.64429249984709,0.0 -47.4578021,-4.64434109984709,0.0 -47.4578814,-4.64436499984709,0.0 -47.4579548,-4.64438459984709,0.0 -47.4579744,-4.64439229984709,0.0 -47.4580401,-4.64440849984708,0.0 -47.4580878,-4.64442389984709,0.0 -47.4581322,-4.64443749984708,0.0 -47.4581961,-4.64445029984708,0.0 -47.4582891,-4.64446139984708,0.0 -47.4583982,-4.64447079984708,0.0 -47.4585176,-4.64447589984708,0.0 -47.4586745,-4.64448269984708,0.0 -47.4588016,-4.64449549984708,0.0 -47.4588818,-4.64450229984708,0.0 -47.4589176,-4.64450739984708,0.0 -47.4589602,-4.64451769984708,0.0 -47.4590106,-4.64453129984708,0.0 -47.4590609,-4.64454919984708,0.0 -47.4590958,-4.64456199984708,0.0 -47.4591376,-4.64457739984708,0.0 -47.4591645,-4.64458849984708,0.0 -47.4591828,-4.64459609984708,0.0 -47.4592331,-4.64461489984708,0.0 -47.4593611,-4.64467369984708,0.0 -47.4594805,-4.64472829984708,0.0 -47.4595222,-4.64474539984707,0.0 -47.4595717,-4.64476159984707,0.0 -47.4596672,-4.64479309984707,0.0 -47.4597551,-4.64481699984707,0.0 -47.4598088,-4.64482889984707,0.0 -47.4598651,-4.64484939984707,0.0 -47.4599162,-4.64487159984707,0.0 -47.460039,-4.64491589984707,0.0 -47.4601465,-4.64495599984707,0.0 -47.4602318,-4.64498419984707,0.0 -47.4603239,-4.64501059984707,0.0 -47.4604492,-4.64505319984706,0.0 -47.460555,-4.64508559984706,0.0 -47.4606582,-4.64511459984706,0.0 -47.460775,-4.64514529984706,0.0 -47.4608714,-4.64516839984706,0.0 -47.4609899,-4.64520669984706,0.0 -47.4610684,-4.64522979984706,0.0 -47.4611647,-4.64526129984706,0.0 -47.4612799,-4.64530479984706,0.0 -47.461366,-4.64533809984705,0.0 -47.4613864,-4.64534389984705,0.0 -47.4614492,-4.64536189984705,0.0 -47.4615067,-4.64537639984705,0.0 -47.4615417,-4.64538329984705,0.0 -47.4615681,-4.64538839984705,0.0 -47.4615971,-4.64539779984705,0.0 -47.4616534,-4.64541739984705,0.0 -47.4617105,-4.64543529984705,0.0 -47.4617864,-4.64545999984705,0.0 -47.4618325,-4.64547279984705,0.0 -47.4619109,-4.64549159984705,0.0 -47.4620312,-4.64551119984705,0.0 -47.4620811,-4.64552139984705,0.0 -47.4621092,-4.64552779984705,0.0 -47.4622329,-4.64556529984705,0.0 -47.4622426,-4.64556829984705,0.0 -47.4622516,-4.64557239984705,0.0 -47.4622562,-4.64557539984705,0.0 -47.4622655,-4.64558099984705,0.0 -47.4622823,-4.64559089984705,0.0 -47.4623043,-4.64560559984705,0.0 -47.4623293,-4.64562219984705,0.0 -47.4623427,-4.64563109984704,0.0 -47.4623555,-4.64564189984705,0.0 -47.4623941,-4.64567449984704,0.0 -47.4624329,-4.64570899984704,0.0 -47.4624823,-4.64575509984704,0.0 -47.4625156,-4.64578919984704,0.0 -47.4625523,-4.64582669984704,0.0 -47.462594,-4.64587529984704,0.0 -47.4626427,-4.64593249984704,0.0 -47.4627339,-4.64603049984703,0.0 -47.4629608,-4.64625399984703,0.0 -47.4630946,-4.64639379984702,0.0 -47.4631842,-4.64649189984702,0.0 -47.463301,-4.64660699984701,0.0 -47.4633658,-4.64666839984701,0.0 -47.4634468,-4.64674429984701,0.0 -47.463475,-4.64677159984701,0.0 -47.4635799,-4.646887199847,0.0 -47.4636055,-4.646915299847,0.0 -47.4636191,-4.646931999847,0.0 -47.4636311,-4.646945199847,0.0 -47.4636467,-4.646962699847,0.0 -47.4636558,-4.646973399847,0.0 -47.4636651,-4.646984599847,0.0 -47.4637248,-4.647057999847,0.0 -47.4637461,-4.647087799847,0.0 -47.4637734,-4.647124499847,0.0 -47.4638062,-4.64716879984699,0.0 -47.4638216,-4.64719269984699,0.0 -47.4638343,-4.64721399984699,0.0 -47.4638531,-4.64724389984699,0.0 -47.4638753,-4.64728309984699,0.0 -47.463906,-4.64733599984699,0.0 -47.4639307,-4.64737949984699,0.0 -47.4639606,-4.64741699984699,0.0 -47.463993,-4.64745369984699,0.0 -47.4640518,-4.64751589984698,0.0 -47.464068,-4.64753469984698,0.0 -47.4641209,-4.64759179984698,0.0 -47.4641604,-4.64762959984698,0.0 -47.464185,-4.64764769984698,0.0 -47.4641954,-4.64765539984698,0.0 -47.4642057,-4.64766169984698,0.0 -47.4642133,-4.64766709984698,0.0 -47.4642315,-4.64767749984698,0.0 -47.4642355,-4.64767969984698,0.0 -47.464361,-4.64773819984698,0.0 -47.4646353,-4.64784789984697,0.0 -47.4648048,-4.64790569984697,0.0 -47.4649097,-4.64794489984697,0.0 -47.464995,-4.64797299984697,0.0 -47.4650752,-4.64800029984697,0.0 -47.4651937,-4.64805059984697,0.0 -47.4652278,-4.64806429984697,0.0 -47.4652526,-4.64807449984697,0.0 -47.4652739,-4.64808389984696,0.0 -47.4653677,-4.64812819984696,0.0 -47.4657037,-4.64827919984696,0.0 -47.4658274,-4.64833119984696,0.0 -47.4659118,-4.64836789984696,0.0 -47.466148,-4.64847019984695,0.0 -47.4662921,-4.64853419984695,0.0 -47.4664294,-4.64859299984695,0.0 -47.4665915,-4.64865439984695,0.0 -47.4666439,-4.64867699984695,0.0 -47.4668537,-4.64877419984694,0.0 -47.4671377,-4.64889789984694,0.0 -47.4672537,-4.64894819984694,0.0 -47.4674788,-4.64904539984694,0.0 -47.4677227,-4.64914519984693,0.0 -47.4680314,-4.64926549984693,0.0 -47.4680996,-4.64929019984693,0.0 -47.4682421,-4.64935669984692,0.0 -47.4683418,-4.64939509984692,0.0 -47.4684203,-4.64941979984692,0.0 -47.4685005,-4.64943259984692,0.0 -47.4685857,-4.64944369984692,0.0 -47.4686233,-4.64944279984692,0.0 -47.4686642,-4.64944109984692,0.0 -47.4687145,-4.64943859984692,0.0 -47.468758,-4.64943599984692,0.0 -47.468816,-4.64942999984692,0.0 -47.468851,-4.64942489984692,0.0 -47.4688842,-4.64941979984692,0.0 -47.4689516,-4.64940789984692,0.0 -47.4691452,-4.64937719984692,0.0 -47.4693345,-4.64934139984692,0.0 -47.4694326,-4.64932859984692,0.0 -47.4695793,-4.64930809984692,0.0 -47.4697132,-4.64928929984693,0.0 -47.4697882,-4.64927999984693,0.0 -47.4698419,-4.64927349984693,0.0 -47.4698658,-4.64927059984693,0.0 -47.4699473,-4.64925859984693,0.0 -47.469971,-4.64925589984693,0.0 -47.4700807,-4.64923819984693,0.0 -47.4701728,-4.64922279984693,0.0 -47.4702555,-4.64920919984693,0.0 -47.4703212,-4.64920229984693,0.0 -47.4704312,-4.64919469984693,0.0 -47.4705378,-4.64918609984693,0.0 -47.4706205,-4.64917929984693,0.0 -47.4707306,-4.64916989984693,0.0 -47.4708056,-4.64916649984693,0.0 -47.4708602,-4.64916269984693,0.0 -47.4711348,-4.64914649984693,0.0 -47.4712056,-4.64913499984693,0.0 -47.4712425,-4.64912579984693,0.0 -47.4712827,-4.64911709984693,0.0 -47.4713467,-4.64910729984693,0.0 -47.4713923,-4.64910169984693,0.0 -47.4715015,-4.64909059984693,0.0 -47.4717002,-4.64906759984693,0.0 -47.4719117,-4.64903089984693,0.0 -47.4720925,-4.64900279984693,0.0 -47.4721786,-4.64899169984694,0.0 -47.4722596,-4.64897379984694,0.0 -47.4723117,-4.64896359984694,0.0 -47.4723645,-4.64894569984694,0.0 -47.4724549,-4.64890979984694,0.0 -47.4725257,-4.64888509984694,0.0 -47.4726093,-4.64885439984694,0.0 -47.4726903,-4.64882629984694,0.0 -47.472773,-4.64880319984694,0.0 -47.472843,-4.64878019984694,0.0 -47.4729231,-4.64876229984694,0.0 -47.4729751,-4.64875379984694,0.0 -47.4730186,-4.64874689984694,0.0 -47.4731014,-4.64872389984695,0.0 -47.4731312,-4.64871369984695,0.0 -47.4731875,-4.64869999984695,0.0 -47.4732327,-4.64868639984695,0.0 -47.4734254,-4.64861219984695,0.0 -47.4735056,-4.64858489984695,0.0 -47.4736037,-4.64854909984695,0.0 -47.4736668,-4.64853029984695,0.0 -47.4737154,-4.64851839984695,0.0 -47.4737904,-4.64850129984695,0.0 -47.4738228,-4.64849539984695,0.0 -47.4738655,-4.64848849984695,0.0 -47.473903,-4.64848509984695,0.0 -47.4739627,-4.64848429984695,0.0 -47.4739968,-4.64848429984695,0.0 -47.474036,-4.64848509984695,0.0 -47.4741068,-4.64849029984695,0.0 -47.4741529,-4.64849539984695,0.0 -47.4741853,-4.64849539984695,0.0 -47.4742262,-4.64849619984695,0.0 -47.4742714,-4.64849279984695,0.0 -47.474314,-4.64848939984695,0.0 -47.4743567,-4.64848939984695,0.0 -47.4743951,-4.64848939984695,0.0 -47.4744398,-4.64848559984695,0.0 -47.4744778,-4.64848259984695,0.0 -47.4745383,-4.64847919984695,0.0 -47.4746415,-4.64847749984695,0.0 -47.4747626,-4.64847319984695,0.0 -47.4748112,-4.64847579984695,0.0 -47.474853,-4.64848089984695,0.0 -47.474894,-4.64848339984695,0.0 -47.4749502,-4.64848509984695,0.0 -47.4750287,-4.64848849984695,0.0 -47.4750952,-4.64848939984695,0.0 -47.4751464,-4.64848849984695,0.0 -47.4752888,-4.64848599984695,0.0 -47.4753894,-4.64847829984695,0.0 -47.4754415,-4.64847579984695,0.0 -47.4754845,-4.64847279984695,0.0 -47.475508,-4.64846889984695,0.0 -47.4755485,-4.64846129984695,0.0 -47.4755877,-4.64845399984695,0.0 -47.4756619,-4.64843949984695,0.0 -47.475734,-4.64843059984695,0.0 -47.4757809,-4.64842459984695,0.0 -47.4758261,-4.64841779984695,0.0 -47.475873,-4.64841439984695,0.0 -47.4759676,-4.64841349984695,0.0 -47.4760111,-4.64841439984695,0.0 -47.4760496,-4.64842099984695,0.0 -47.4761135,-4.64842889984695,0.0 -47.4761757,-4.64843139984695,0.0 -47.4762405,-4.64843309984695,0.0 -47.4762775,-4.64843149984695,0.0 -47.4763591,-4.64842799984696,0.0 -47.4765237,-4.64839049984695,0.0 -47.4766584,-4.64835979984696,0.0 -47.4767488,-4.64833669984696,0.0 -47.4768571,-4.64830949984696,0.0 -47.4769008,-4.64830159984696,0.0 -47.4769113,-4.64830009984696,0.0 -47.4769223,-4.64829789984696,0.0 -47.4769961,-4.64828299984696,0.0 -47.4770776,-4.64826719984696,0.0 -47.4771364,-4.64824759984696,0.0 -47.4772277,-4.64821609984696,0.0 -47.4772945,-4.64819499984696,0.0 -47.4773279,-4.64818449984696,0.0 -47.4774225,-4.64814999984696,0.0 -47.477478,-4.64812269984696,0.0 -47.4775376,-4.64809709984696,0.0 -47.477602,-4.64807069984697,0.0 -47.4776762,-4.64803869984697,0.0 -47.4777278,-4.64801989984697,0.0 -47.4778255,-4.64798409984697,0.0 -47.4778882,-4.64796149984697,0.0 -47.4779316,-4.64794619984697,0.0 -47.4779623,-4.64793589984697,0.0 -47.4779969,-4.64792309984697,0.0 -47.4780263,-4.64791419984697,0.0 -47.4780587,-4.64790349984697,0.0 -47.4780907,-4.64789669984697,0.0 -47.4781235,-4.64789119984697,0.0 -47.4781628,-4.64788389984697,0.0 -47.4781939,-4.64787789984697,0.0 -47.4782242,-4.64786729984697,0.0 -47.4782553,-4.64785619984697,0.0 -47.4782877,-4.64785059984697,0.0 -47.478335,-4.64784549984697,0.0 -47.4783674,-4.64784209984697,0.0 -47.4783977,-4.64784039984697,0.0 -47.4784749,-4.64783699984697,0.0 -47.478567,-4.64782929984697,0.0 -47.4786881,-4.64781399984698,0.0 -47.4788169,-4.64778329984697,0.0 -47.478938,-4.64774999984698,0.0 -47.4790736,-4.64770909984698,0.0 -47.4791699,-4.64767409984698,0.0 -47.4792654,-4.64763659984698,0.0 -47.4793712,-4.64759399984698,0.0 -47.4794565,-4.64755809984698,0.0 -47.4795221,-4.64753079984698,0.0 -47.4795733,-4.64751209984698,0.0 -47.4797609,-4.64745489984699,0.0 -47.479859,-4.64742509984699,0.0 -47.4799647,-4.64739179984699,0.0 -47.4801037,-4.64735599984699,0.0 -47.4802317,-4.64732109984699,0.0 -47.4803485,-4.64729119984699,0.0 -47.4804551,-4.64726479984699,0.0 -47.4805165,-4.64725199984699,0.0 -47.4805523,-4.64724519984699,0.0 -47.480635,-4.64723239984699,0.0 -47.480734,-4.64721619984699,0.0 -47.4808465,-4.64719829984699,0.0 -47.4809216,-4.647189699847,0.0 -47.480977,-4.64718459984699,0.0 -47.481044,-4.64717389984699,0.0 -47.4811096,-4.647162399847,0.0 -47.4811898,-4.647149199847,0.0 -47.481232,-4.647141999847,0.0 -47.4812606,-4.647137299847,0.0 -47.4813275,-4.647127499847,0.0 -47.481432,-4.647112499847,0.0 -47.4814627,-4.647108699847,0.0 -47.4815275,-4.647100199847,0.0 -47.4815599,-4.647096799847,0.0 -47.4816213,-4.647092099847,0.0 -47.4816844,-4.647089499847,0.0 -47.4818934,-4.647072499847,0.0 -47.4819556,-4.647066499847,0.0 -47.4819929,-4.647061199847,0.0 -47.4820469,-4.647051099847,0.0 -47.4821031,-4.647044299847,0.0 -47.4821603,-4.647037499847,0.0 -47.482243,-4.647033199847,0.0 -47.4823257,-4.647035399847,0.0 -47.4823777,-4.647036599847,0.0 -47.482414,-4.647038099847,0.0 -47.4824916,-4.647047099847,0.0 -47.4825244,-4.647051399847,0.0 -47.4825432,-4.647054799847,0.0 -47.4825662,-4.647058199847,0.0 -47.4826199,-4.647069299847,0.0 -47.4826993,-4.647089299847,0.0 -47.4827508,-4.647105899847,0.0 -47.482811,-4.647126399847,0.0 -47.4828809,-4.647152799847,0.0 -47.4829235,-4.64716729984699,0.0 -47.4829747,-4.647187799847,0.0 -47.4830327,-4.64721339984699,0.0 -47.4830805,-4.64723169984699,0.0 -47.4831248,-4.64724879984699,0.0 -47.4831585,-4.64726069984699,0.0 -47.4832199,-4.64727989984699,0.0 -47.4832617,-4.64729139984699,0.0 -47.4833111,-4.64730339984699,0.0 -47.4833636,-4.64731229984699,0.0 -47.4834352,-4.64732169984699,0.0 -47.4836083,-4.64734219984699,0.0 -47.4837601,-4.64735749984699,0.0 -47.4839102,-4.64737029984699,0.0 -47.4839836,-4.64737459984699,0.0 -47.4840637,-4.64737879984699,0.0 -47.48412,-4.64737879984699,0.0 -47.4842258,-4.64737369984699,0.0 -47.484317,-4.64737029984699,0.0 -47.4844296,-4.64736689984699,0.0 -47.4845985,-4.64735749984699,0.0 -47.4847375,-4.64734729984699,0.0 -47.4848031,-4.64734809984699,0.0 -47.4849259,-4.64734049984699,0.0 -47.4849924,-4.64733619984699,0.0 -47.4850547,-4.64733189984699,0.0 -47.4851229,-4.64733109984699,0.0 -47.4851826,-4.64733019984699,0.0 -47.4852884,-4.64733359984699,0.0 -47.4853557,-4.64733359984699,0.0 -47.4854197,-4.64733189984699,0.0 -47.4854726,-4.64732769984699,0.0 -47.4855169,-4.64732249984699,0.0 -47.4855962,-4.64731909984699,0.0 -47.4856841,-4.64731149984699,0.0 -47.4857557,-4.64730549984699,0.0 -47.4858478,-4.64729779984699,0.0 -47.4859037,-4.64729529984699,0.0 -47.4859506,-4.64729479984699,0.0 -47.4860179,-4.64729819984699,0.0 -47.4860388,-4.64729949984699,0.0 -47.4860691,-4.64730209984699,0.0 -47.4860934,-4.64730589984699,0.0 -47.4861228,-4.64731099984699,0.0 -47.4861655,-4.64732299984699,0.0 -47.4862179,-4.64733489984699,0.0 -47.4862636,-4.64734729984699,0.0 -47.4862766,-4.64735239984699,0.0 -47.4863241,-4.64736689984699,0.0 -47.4864154,-4.64739589984699,0.0 -47.4864644,-4.64740999984699,0.0 -47.4865011,-4.64742099984699,0.0 -47.486542,-4.64743509984699,0.0 -47.4865642,-4.64744279984699,0.0 -47.4866008,-4.64745519984699,0.0 -47.4866831,-4.64749009984698,0.0 -47.486713,-4.64750549984699,0.0 -47.486733,-4.64751779984698,0.0 -47.486765,-4.64753619984698,0.0 -47.4867876,-4.64755239984698,0.0 -47.4868064,-4.64756649984698,0.0 -47.4868238,-4.64757969984698,0.0 -47.486843,-4.64759539984698,0.0 -47.4868695,-4.64761589984698,0.0 -47.4868865,-4.64763039984698,0.0 -47.4869057,-4.64764699984698,0.0 -47.4869309,-4.64767009984698,0.0 -47.4869855,-4.64772459984698,0.0 -47.4870375,-4.64778179984697,0.0 -47.4871279,-4.64788239984697,0.0 -47.4872694,-4.64804099984697,0.0 -47.487324,-4.64809479984697,0.0 -47.4873658,-4.64813479984697,0.0 -47.4873991,-4.64817409984696,0.0 -47.4874409,-4.64821459984696,0.0 -47.4874632,-4.64823629984696,0.0 -47.4874826,-4.64825379984696,0.0 -47.4875057,-4.64827299984696,0.0 -47.4875432,-4.64830109984696,0.0 -47.4875705,-4.64832249984696,0.0 -47.4876089,-4.64834719984696,0.0 -47.4876293,-4.64836039984696,0.0 -47.4876626,-4.64837869984696,0.0 -47.4877752,-4.64844649984695,0.0 -47.4880395,-4.64858729984695,0.0 -47.4881146,-4.64862729984695,0.0 -47.488222,-4.64868109984695,0.0 -47.4882971,-4.64871179984695,0.0 -47.4883789,-4.64874929984694,0.0 -47.4884529,-4.64878149984694,0.0 -47.4884854,-4.64879439984694,0.0 -47.4885162,-4.64880469984694,0.0 -47.4885589,-4.64881839984694,0.0 -47.4886058,-4.64883459984694,0.0 -47.4886501,-4.64885079984694,0.0 -47.4887039,-4.64887119984694,0.0 -47.4889,-4.64896159984694,0.0 -47.4889691,-4.64899489984694,0.0 -47.4890177,-4.64902219984693,0.0 -47.489051,-4.64904519984693,0.0 -47.4891507,-4.64910919984693,0.0 -47.4892249,-4.64914839984693,0.0 -47.4892616,-4.64916719984693,0.0 -47.4894253,-4.64925759984693,0.0 -47.4896198,-4.64934799984692,0.0 -47.4896411,-4.64935819984692,0.0 -47.4896735,-4.64937529984692,0.0 -47.4897622,-4.64942469984692,0.0 -47.4898313,-4.64946989984692,0.0 -47.4898739,-4.64950059984692,0.0 -47.489891,-4.64951169984692,0.0 -47.4899089,-4.64952789984692,0.0 -47.4899438,-4.64956289984692,0.0 -47.4899876,-4.64960979984692,0.0 -47.4899907,-4.64961319984692,0.0 -47.4900871,-4.64970699984691,0.0 -47.4901639,-4.64977949984691,0.0 -47.490221,-4.64982889984691,0.0 -47.4902713,-4.64987199984691,0.0 -47.4903609,-4.6499457998469,0.0 -47.4904163,-4.6499832998469,0.0 -47.4904734,-4.6500207998469,0.0 -47.4905144,-4.6500438998469,0.0 -47.4905442,-4.6500600998469,0.0 -47.4905817,-4.6500796998469,0.0 -47.4906133,-4.6500941998469,0.0 -47.4906576,-4.6501128998469,0.0 -47.4906875,-4.6501256998469,0.0 -47.4907276,-4.6501452998469,0.0 -47.4907625,-4.6501614998469,0.0 -47.490806,-4.6501785998469,0.0 -47.4908768,-4.6502049998469,0.0 -47.4909237,-4.6502237998469,0.0 -47.4909834,-4.6502476998469,0.0 -47.491038,-4.65026899984689,0.0 -47.491096,-4.65029289984689,0.0 -47.4911506,-4.65031589984689,0.0 -47.4912009,-4.65033889984689,0.0 -47.4912648,-4.65036709984689,0.0 -47.4913254,-4.65039439984689,0.0 -47.4913868,-4.65042759984689,0.0 -47.4914388,-4.65045059984689,0.0 -47.4914789,-4.65046509984689,0.0 -47.4915104,-4.65047879984689,0.0 -47.4915471,-4.65049499984689,0.0 -47.4916341,-4.65052569984689,0.0 -47.491745,-4.65056149984688,0.0 -47.4918959,-4.65061269984688,0.0 -47.4919778,-4.65064509984688,0.0 -47.4920452,-4.65066809984688,0.0 -47.4921189,-4.65069279984688,0.0 -47.4921901,-4.65071329984688,0.0 -47.492263,-4.65073629984688,0.0 -47.4922741,-4.65074019984688,0.0 -47.4923172,-4.65075509984688,0.0 -47.4923948,-4.65078709984688,0.0 -47.4924843,-4.65082119984688,0.0 -47.492562,-4.65085359984687,0.0 -47.492672,-4.65089109984687,0.0 -47.4927427,-4.65091409984687,0.0 -47.4928212,-4.65093889984687,0.0 -47.4928681,-4.65095759984687,0.0 -47.4929875,-4.65099519984687,0.0 -47.4930881,-4.65102239984687,0.0 -47.4931785,-4.65105489984687,0.0 -47.4932519,-4.65108379984687,0.0 -47.4933218,-4.65111629984687,0.0 -47.4934224,-4.65116229984687,0.0 -47.4935077,-4.65119639984686,0.0 -47.4936101,-4.65123389984686,0.0 -47.493668,-4.65125779984686,0.0 -47.4937252,-4.65128599984686,0.0 -47.4937977,-4.65132259984686,0.0 -47.493842,-4.65134399984686,0.0 -47.4939119,-4.65137639984686,0.0 -47.493952,-4.65139769984686,0.0 -47.4941362,-4.65149059984685,0.0 -47.4941452,-4.65149529984685,0.0 -47.4943101,-4.65157789984685,0.0 -47.4943464,-4.65160279984685,0.0 -47.4944198,-4.65164539984685,0.0 -47.4944863,-4.65168979984685,0.0 -47.4945648,-4.65173749984685,0.0 -47.4946995,-4.65180229984684,0.0 -47.4947679,-4.65182459984684,0.0 -47.4947948,-4.65183169984684,0.0 -47.4948236,-4.65183549984684,0.0 -47.4948581,-4.65183819984684,0.0 -47.4949252,-4.65184829984684,0.0 -47.4949408,-4.65185199984684,0.0 -47.4949554,-4.65185639984684,0.0 -47.4949698,-4.65186319984684,0.0 -47.4949818,-4.65186999984684,0.0 -47.4950065,-4.65188589984684,0.0 -47.495073,-4.65193369984684,0.0 -47.4951575,-4.65200359984684,0.0 -47.4952095,-4.65204879984684,0.0 -47.4952845,-4.65212209984683,0.0 -47.4953468,-4.65218269984683,0.0 -47.4953507,-4.65226109984683,0.0 -47.4955295,-4.65581999984671,0.0 -47.4956217,-4.65765639984665,0.0 -47.4956304,-4.65817169984664,0.0 -47.4956243,-4.65844169984663,0.0 -47.4956048,-4.65874099984662,0.0 -47.4955836,-4.65897769984661,0.0 -47.4955722,-4.6591497998466,0.0 -47.4955213,-4.65952679984659,0.0 -47.4954885,-4.65973589984659,0.0 -47.4954239,-4.66004769984657,0.0 -47.4953833,-4.66028189984657,0.0 -47.4953197,-4.66052909984656,0.0 -47.4952649,-4.66073029984655,0.0 -47.4951855,-4.66101899984654,0.0 -47.4950737,-4.66137399984653,0.0 -47.4950334,-4.66149759984653,0.0 -47.4949097,-4.66187659984652,0.0 -47.4946796,-4.66258479984649,0.0 -47.4944869,-4.66317559984647,0.0 -47.4943231,-4.66365279984646,0.0 -47.4941759,-4.66408639984644,0.0 -47.4940905,-4.66435119984643,0.0 -47.4940043,-4.66467109984642,0.0 -47.4939426,-4.66494619984642,0.0 -47.4938801,-4.6652608998464,0.0 -47.4938616,-4.6653799998464,0.0 -47.4938442,-4.6655068998464,0.0 -47.4938301,-4.66564049984639,0.0 -47.4938171,-4.66579119984639,0.0 -47.4938088,-4.66590479984638,0.0 -47.4937289,-4.66758249984633,0.0 -47.4936496,-4.66967529984626,0.0 -47.4935219,-4.67283139984616,0.0 -47.4934811,-4.67399979984612,0.0 -47.4934001,-4.67601639984605,0.0 -47.4933407,-4.67729329984601,0.0 -47.4933269,-4.677690699846,0.0 -47.4932939,-4.67856789984597,0.0 -47.4932462,-4.67970259984593,0.0 -47.4931948,-4.68117429984589,0.0 -47.4930965,-4.68358119984581,0.0 -47.4930977,-4.6837836998458,0.0 -47.4931011,-4.68406779984579,0.0 -47.4931032,-4.68413899984579,0.0 -47.4931084,-4.68419759984579,0.0 -47.4931153,-4.68427739984578,0.0 -47.4931226,-4.68434539984578,0.0 -47.4931431,-4.68452009984578,0.0 -47.4934041,-4.68655499984571,0.0 -47.4937005,-4.68886809984563,0.0 -47.4940544,-4.69150869984555,0.0 -47.4947425,-4.69670749984538,0.0 -47.4950154,-4.69883729984531,0.0 -47.4950828,-4.69933869984529,0.0 -47.4952919,-4.70092489984524,0.0 -47.496041,-4.70091739984524,0.0 -47.497448,-4.70105289984524,0.0 -47.4980767,-4.70112489984523,0.0 -47.4986502,-4.70120519984523,0.0 -47.4990534,-4.70124579984523,0.0 -47.4997895,-4.70133339984523,0.0 -47.5002358,-4.70137159984523,0.0 -47.5007677,-4.70142729984522,0.0 -47.5008986,-4.70144909984522,0.0 -47.501012,-4.70147179984522,0.0 -47.5010992,-4.70148859984522,0.0 -47.5019432,-4.70168279984522,0.0 -47.5025552,-4.70181669984521,0.0 -47.5028269,-4.70189259984521,0.0 -47.5032905,-4.70202239984521,0.0 -47.5037194,-4.7021380998452,0.0 -47.5040206,-4.7022170998452,0.0 -47.5045624,-4.70234709984519,0.0 -47.5051535,-4.70249609984519,0.0 -47.5062886,-4.70279209984518,0.0 -47.5079417,-4.70322119984517,0.0 -47.5087612,-4.70341609984516,0.0 -47.5089868,-4.70346229984516,0.0 -47.5092503,-4.70351909984516,0.0 -47.5093865,-4.70354379984516,0.0 -47.5094591,-4.70355629984516,0.0 -47.5095303,-4.70356699984516,0.0 -47.5102417,-4.70362549984515,0.0 -47.5103104,-4.70363199984515,0.0 -47.5104373,-4.70364899984515,0.0 -47.5105523,-4.70366389984515,0.0 -47.5106546,-4.70367799984515,0.0 -47.5107569,-4.70369709984515,0.0 -47.5107892,-4.70370309984515,0.0 -47.5111732,-4.70378229984515,0.0 -47.5113468,-4.70381599984515,0.0 -47.5116483,-4.70386959984515,0.0 -47.5117475,-4.70388669984514,0.0 -47.5118106,-4.70389679984515,0.0 -47.5118788,-4.70390299984514,0.0 -47.5119457,-4.70390899984514,0.0 -47.5120013,-4.70391049984514,0.0 -47.5123251,-4.70392179984514,0.0 -47.5126098,-4.70392059984514,0.0 -47.5127973,-4.70391399984514,0.0 -47.5129165,-4.70390749984514,0.0 -47.5133269,-4.70389339984514,0.0 -47.5135549,-4.70389239984515,0.0 -47.5137562,-4.70389489984515,0.0 -47.5138196,-4.70389829984514,0.0 -47.5139053,-4.70390689984514,0.0 -47.5139923,-4.70392139984514,0.0 -47.514032,-4.70393029984514,0.0 -47.5141243,-4.70395129984514,0.0 -47.5142427,-4.70397289984514,0.0 -47.5148684,-4.70410389984514,0.0 -47.5149155,-4.70411219984514,0.0 -47.5149634,-4.70411669984514,0.0 -47.5151377,-4.70412429984514,0.0 -47.5153438,-4.70413129984514,0.0 -47.5157172,-4.70414869984514,0.0 -47.5160317,-4.70415809984514,0.0 -47.5162651,-4.70416979984514,0.0 -47.5164072,-4.70417799984514,0.0 -47.5164414,-4.70417849984514,0.0 -47.5166272,-4.70417029984514,0.0 -47.5168368,-4.70415569984514,0.0 -47.5171361,-4.70412919984514,0.0 -47.5174145,-4.70410909984514,0.0 -47.5176195,-4.70408119984514,0.0 -47.5177755,-4.70406329984514,0.0 -47.5178548,-4.70405489984514,0.0 -47.5180808,-4.70404199984514,0.0 -47.5182123,-4.70403259984514,0.0 -47.5182784,-4.70403139984514,0.0 -47.5183573,-4.70402909984514,0.0 -47.5186307,-4.70403119984514,0.0 -47.5195265,-4.70400129984514,0.0 -47.5198442,-4.70400139984514,0.0 -47.5206207,-4.70397369984514,0.0 -47.5220452,-4.70393049984514,0.0 -47.5232622,-4.70391289984514,0.0 -47.5257698,-4.70388119984515,0.0 -47.5285342,-4.70384039984515,0.0 -47.5301397,-4.70380229984515,0.0 -47.534045,-4.70376529984515,0.0 -47.5352318,-4.70373359984515,0.0 -47.5361807,-4.70370749984515,0.0 -47.5372069,-4.70369909984515,0.0 -47.53782,-4.70370939984515,0.0 -47.5382845,-4.70372469984515,0.0 -47.5385653,-4.70373579984515,0.0 -47.5386682,-4.70374629984515,0.0 -47.5388076,-4.70376399984515,0.0 -47.5389618,-4.70377989984515,0.0 -47.5391068,-4.70378869984515,0.0 -47.5394446,-4.70378169984515,0.0 -47.5401018,-4.70376009984515,0.0 -47.5420402,-4.70372449984515,0.0 -47.5425836,-4.70372699984515,0.0 -47.5429544,-4.70371749984515,0.0 -47.5434115,-4.70369429984515,0.0 -47.5450911,-4.70366569984515,0.0 -47.5467689,-4.70363249984515,0.0 -47.5472573,-4.70361899984515,0.0 -47.547953,-4.70360769984516,0.0 -47.5523493,-4.70357789984515,0.0 -47.5547377,-4.70355079984516,0.0 -47.5553618,-4.70356609984516,0.0 -47.5557564,-4.70358139984515,0.0 -47.5560776,-4.70360429984515,0.0 -47.5566101,-4.70361939984515,0.0 -47.5571479,-4.70364579984515,0.0 -47.5579537,-4.70367129984515,0.0 -47.5584402,-4.70368419984515,0.0 -47.5585201,-4.70368649984515,0.0 -47.5585817,-4.70369079984515,0.0 -47.5586405,-4.70369649984515,0.0 -47.5586939,-4.70370499984515,0.0 -47.5587488,-4.70371589984515,0.0 -47.558833,-4.70373649984515,0.0 -47.5589712,-4.70377529984515,0.0 -47.5591452,-4.70381629984515,0.0 -47.5593785,-4.70386919984515,0.0 -47.559445,-4.70388439984514,0.0 -47.5595492,-4.70390989984514,0.0 -47.5596542,-4.70393359984515,0.0 -47.5597786,-4.70395309984514,0.0 -47.5598957,-4.70396669984514,0.0 -47.560036,-4.70397719984514,0.0 -47.5602226,-4.70399299984514,0.0 -47.5603797,-4.70401289984514,0.0 -47.560629,-4.70405809984514,0.0 -47.5608882,-4.70409249984514,0.0 -47.5610455,-4.70411869984514,0.0 -47.5611435,-4.70414039984514,0.0 -47.5611952,-4.70415209984514,0.0 -47.561251,-4.70416859984514,0.0 -47.561384,-4.70420949984514,0.0 -47.5616232,-4.70428319984513,0.0 -47.5618171,-4.70435059984513,0.0 -47.5620188,-4.70441139984513,0.0 -47.5622681,-4.70448219984513,0.0 -47.5623779,-4.70450879984512,0.0 -47.5626201,-4.70455029984512,0.0 -47.5627952,-4.70457949984512,0.0 -47.5629128,-4.70459429984512,0.0 -47.5630931,-4.70462469984512,0.0 -47.5634567,-4.70469669984512,0.0 -47.5639243,-4.70481149984511,0.0 -47.5643361,-4.70492069984511,0.0 -47.5651368,-4.70511379984511,0.0 -47.5657035,-4.7052452998451,0.0 -47.5664255,-4.7054268998451,0.0 -47.5687156,-4.70606989984508,0.0 -47.5690559,-4.70615649984507,0.0 -47.569424,-4.70623679984507,0.0 -47.5696935,-4.70628119984507,0.0 -47.5699048,-4.70632819984507,0.0 -47.5701525,-4.70639379984506,0.0 -47.5702918,-4.70643599984506,0.0 -47.5703189,-4.70644379984506,0.0 -47.5703391,-4.70645159984506,0.0 -47.5704185,-4.70648099984506,0.0 -47.5705366,-4.70652379984506,0.0 -47.5708139,-4.70662409984506,0.0 -47.5709366,-4.70665519984505,0.0 -47.5710422,-4.70667499984505,0.0 -47.5711245,-4.70669119984505,0.0 -47.5712215,-4.70671089984505,0.0 -47.5713017,-4.70672619984505,0.0 -47.5714714,-4.70676089984505,0.0 -47.5717591,-4.70679969984505,0.0 -47.5719894,-4.70684119984505,0.0 -47.5721952,-4.70688799984505,0.0 -47.5726652,-4.70697799984505,0.0 -47.5730075,-4.70706119984504,0.0 -47.5732064,-4.70710779984504,0.0 -47.5733053,-4.70712809984504,0.0 -47.573514,-4.70716239984504,0.0 -47.5737161,-4.70720139984504,0.0 -47.5739489,-4.70724549984504,0.0 -47.5740135,-4.70725459984504,0.0 -47.5740482,-4.70725829984503,0.0 -47.5742133,-4.70727099984504,0.0 -47.5742584,-4.70727609984503,0.0 -47.5744651,-4.70728289984504,0.0 -47.5745252,-4.70728369984503,0.0 -47.5747212,-4.70727209984503,0.0 -47.5749178,-4.70726409984503,0.0 -47.5750839,-4.70725419984504,0.0 -47.5752979,-4.70724679984503,0.0 -47.5755172,-4.70724219984503,0.0 -47.5758098,-4.70723059984504,0.0 -47.5760822,-4.70722479984504,0.0 -47.576354,-4.70723609984504,0.0 -47.5765881,-4.70723419984504,0.0 -47.5768069,-4.70723149984504,0.0 -47.5770317,-4.70722689984504,0.0 -47.5772405,-4.70722369984504,0.0 -47.5774372,-4.70722319984504,0.0 -47.5776651,-4.70722119984504,0.0 -47.5780296,-4.70723069984504,0.0 -47.5784622,-4.70724519984504,0.0 -47.578869,-4.70724539984503,0.0 -47.579109,-4.70724519984504,0.0 -47.5795024,-4.70722559984504,0.0 -47.5798497,-4.70719529984504,0.0 -47.5801034,-4.70717189984504,0.0 -47.5801601,-4.70716789984504,0.0 -47.5801948,-4.70716719984504,0.0 -47.580797,-4.70716179984504,0.0 -47.5817937,-4.70717779984504,0.0 -47.5829501,-4.70711239984504,0.0 -47.5835386,-4.70709989984504,0.0 -47.584126,-4.70706679984504,0.0 -47.5846691,-4.70699759984504,0.0 -47.5851227,-4.70691689984505,0.0 -47.5853276,-4.70688379984505,0.0 -47.5855018,-4.70685999984505,0.0 -47.5855732,-4.70684679984505,0.0 -47.5856642,-4.70683159984505,0.0 -47.5858579,-4.70678479984505,0.0 -47.5860328,-4.70674829984505,0.0 -47.5862212,-4.70670639984505,0.0 -47.5862879,-4.70669019984505,0.0 -47.5863162,-4.70668439984505,0.0 -47.5863487,-4.70667969984505,0.0 -47.5865306,-4.70665469984505,0.0 -47.5870933,-4.70660669984506,0.0 -47.5875768,-4.70656539984506,0.0 -47.587676,-4.70656459984506,0.0 -47.5877538,-4.70656839984506,0.0 -47.5877982,-4.70657139984506,0.0 -47.5878299,-4.70657379984506,0.0 -47.5878538,-4.70657719984506,0.0 -47.5878788,-4.70658129984506,0.0 -47.5879084,-4.70658849984506,0.0 -47.5879417,-4.70659799984506,0.0 -47.5879978,-4.70661399984506,0.0 -47.5880486,-4.70662989984506,0.0 -47.5881324,-4.70664989984506,0.0 -47.5882528,-4.70668109984505,0.0 -47.5883585,-4.70670549984505,0.0 -47.5884942,-4.70673609984505,0.0 -47.5886789,-4.70676729984505,0.0 -47.5887772,-4.70678119984505,0.0 -47.5888625,-4.70679229984505,0.0 -47.5889714,-4.70680229984505,0.0 -47.5890798,-4.70681499984505,0.0 -47.5891506,-4.70682059984505,0.0 -47.5892398,-4.70682879984505,0.0 -47.5893168,-4.70683429984505,0.0 -47.5893985,-4.70683619984505,0.0 -47.5894728,-4.70683389984505,0.0 -47.5895573,-4.70682739984505,0.0 -47.5895989,-4.70682229984505,0.0 -47.5896351,-4.70681689984505,0.0 -47.589704,-4.70680489984505,0.0 -47.5897535,-4.70679439984505,0.0 -47.5898006,-4.70678389984505,0.0 -47.5898569,-4.70677239984505,0.0 -47.5899207,-4.70675809984505,0.0 -47.5899843,-4.70674089984505,0.0 -47.5900352,-4.70672409984505,0.0 -47.5900682,-4.70671339984505,0.0 -47.5901128,-4.70669969984505,0.0 -47.5901563,-4.70668259984505,0.0 -47.5902022,-4.70666459984505,0.0 -47.5902545,-4.70664269984505,0.0 -47.5903142,-4.70661459984506,0.0 -47.5903555,-4.70659379984506,0.0 -47.5903933,-4.70657419984506,0.0 -47.5904321,-4.70655449984506,0.0 -47.5904751,-4.70653279984506,0.0 -47.5905128,-4.70651399984506,0.0 -47.5905505,-4.70649559984506,0.0 -47.590595,-4.70647749984506,0.0 -47.5906583,-4.70645019984506,0.0 -47.5907147,-4.70642699984506,0.0 -47.5907687,-4.70640709984506,0.0 -47.5908338,-4.70638809984506,0.0 -47.5909046,-4.70637219984506,0.0 -47.5909835,-4.70636139984506,0.0 -47.5910477,-4.70635699984506,0.0 -47.5911149,-4.70635239984507,0.0 -47.5911535,-4.70634979984506,0.0 -47.5912114,-4.70634789984507,0.0 -47.5912635,-4.70634739984507,0.0 -47.5913068,-4.70634779984506,0.0 -47.5913488,-4.70634939984506,0.0 -47.591406,-4.70635329984506,0.0 -47.5915441,-4.70634819984506,0.0 -47.5916859,-4.70633459984507,0.0 -47.5917734,-4.70631989984507,0.0 -47.5918276,-4.70630989984507,0.0 -47.5918811,-4.70630009984507,0.0 -47.5920047,-4.70627259984507,0.0 -47.5921326,-4.70623449984507,0.0 -47.5922071,-4.70620929984507,0.0 -47.5922718,-4.70618769984507,0.0 -47.5923554,-4.70615889984507,0.0 -47.5924303,-4.70613569984507,0.0 -47.5924944,-4.70611049984507,0.0 -47.5925175,-4.70609959984507,0.0 -47.5925942,-4.70605489984507,0.0 -47.5926853,-4.70600989984508,0.0 -47.5927575,-4.70597619984508,0.0 -47.5928239,-4.70595019984508,0.0 -47.5928803,-4.70592389984508,0.0 -47.5929293,-4.70590039984508,0.0 -47.5929772,-4.70588269984508,0.0 -47.5930157,-4.70587119984508,0.0 -47.5930528,-4.70586089984508,0.0 -47.5930799,-4.70585179984508,0.0 -47.5930983,-4.70584579984508,0.0 -47.593119,-4.70583819984508,0.0 -47.5931435,-4.70582699984508,0.0 -47.5931699,-4.70581639984508,0.0 -47.5931968,-4.70580929984508,0.0 -47.5932235,-4.70580429984508,0.0 -47.5932474,-4.70580179984508,0.0 -47.5932665,-4.70580079984508,0.0 -47.5932894,-4.70579919984508,0.0 -47.593315,-4.70579539984508,0.0 -47.5933339,-4.70579139984508,0.0 -47.5933586,-4.70578399984508,0.0 -47.5933835,-4.70577579984508,0.0 -47.5934077,-4.70576889984508,0.0 -47.5934344,-4.70576019984508,0.0 -47.5934643,-4.70575199984508,0.0 -47.5934863,-4.70574719984509,0.0 -47.5935118,-4.70574229984508,0.0 -47.5935394,-4.70573899984508,0.0 -47.593567,-4.70573539984509,0.0 -47.593588,-4.70573099984508,0.0 -47.5936129,-4.70572629984509,0.0 -47.5936299,-4.70572399984508,0.0 -47.5936554,-4.70572189984509,0.0 -47.5936779,-4.70572329984508,0.0 -47.5936973,-4.70572549984508,0.0 -47.5937149,-4.70572879984509,0.0 -47.5937335,-4.70573389984509,0.0 -47.5937529,-4.70573909984508,0.0 -47.5937687,-4.70574539984508,0.0 -47.5937909,-4.70575479984508,0.0 -47.5938103,-4.70576299984508,0.0 -47.5938262,-4.70577049984508,0.0 -47.5938402,-4.70577619984508,0.0 -47.5938557,-4.70578219984508,0.0 -47.5938686,-4.70578869984508,0.0 -47.5939016,-4.70580239984508,0.0 -47.5939326,-4.70581709984508,0.0 -47.5939803,-4.70583949984508,0.0 -47.594043,-4.70587399984508,0.0 -47.5941029,-4.70590969984508,0.0 -47.5941537,-4.70593489984508,0.0 -47.5941827,-4.70594829984508,0.0 -47.5942127,-4.70595979984508,0.0 -47.5942338,-4.70596699984508,0.0 -47.5942558,-4.70597269984508,0.0 -47.5942864,-4.70598039984508,0.0 -47.5943189,-4.70598869984508,0.0 -47.5943364,-4.70599229984508,0.0 -47.5943523,-4.70599429984508,0.0 -47.5944171,-4.70599889984508,0.0 -47.5944298,-4.70599889984508,0.0 -47.5944976,-4.70599639984508,0.0 -47.5945158,-4.70599509984508,0.0 -47.594527,-4.70599409984508,0.0 -47.5945367,-4.70599219984507,0.0 -47.5945459,-4.70599009984508,0.0 -47.5945624,-4.70598439984508,0.0 -47.5945881,-4.70597489984508,0.0 -47.5946134,-4.70596509984508,0.0 -47.5946416,-4.70595769984508,0.0 -47.594664,-4.70595309984508,0.0 -47.5946992,-4.70594709984508,0.0 -47.5947217,-4.70594399984508,0.0 -47.5947363,-4.70594029984508,0.0 -47.5947483,-4.70593649984508,0.0 -47.5948429,-4.70589659984508,0.0 -47.5948635,-4.70588889984508,0.0 -47.5948814,-4.70588439984508,0.0 -47.5949559,-4.70587129984508,0.0 -47.5949784,-4.70586519984508,0.0 -47.5949855,-4.70586429984508,0.0 -47.5949972,-4.70586289984508,0.0 -47.595016,-4.70586239984508,0.0 -47.5950333,-4.70586349984508,0.0 -47.5950455,-4.70586389984508,0.0 -47.5950564,-4.70586259984508,0.0 -47.5950878,-4.70585479984508,0.0 -47.5951154,-4.70584479984508,0.0 -47.5951409,-4.70583749984508,0.0 -47.5951738,-4.70582979984508,0.0 -47.5952085,-4.70582279984508,0.0 -47.5952408,-4.70581799984508,0.0 -47.5952703,-4.70581619984508,0.0 -47.5953017,-4.70581449984508,0.0 -47.5953535,-4.70580999984508,0.0 -47.5953935,-4.70580469984508,0.0 -47.5954497,-4.70579529984508,0.0 -47.5955045,-4.70578259984508,0.0 -47.5955564,-4.70577139984508,0.0 -47.5956299,-4.70575769984509,0.0 -47.5956808,-4.70574559984509,0.0 -47.5957342,-4.70573179984508,0.0 -47.5957837,-4.70571709984509,0.0 -47.5958304,-4.70570329984509,0.0 -47.5958779,-4.70568789984509,0.0 -47.5959148,-4.70567919984509,0.0 -47.5965981,-4.70554669984509,0.0 -47.5970562,-4.70545319984509,0.0 -47.5975572,-4.7053439998451,0.0 -47.5979393,-4.7052765998451,0.0 -47.5982262,-4.7052406998451,0.0 -47.5983912,-4.7052154998451,0.0 -47.5985359,-4.7051863998451,0.0 -47.5986585,-4.7051551998451,0.0 -47.5987603,-4.70513179984511,0.0 -47.5988581,-4.70511639984511,0.0 -47.5990866,-4.70508959984511,0.0 -47.5993548,-4.70505129984511,0.0 -47.5995814,-4.70501979984511,0.0 -47.5997647,-4.70499639984511,0.0 -47.5998971,-4.70498009984511,0.0 -47.6000774,-4.70494989984511,0.0 -47.6002426,-4.70492029984511,0.0 -47.6004635,-4.70488659984511,0.0 -47.6006358,-4.70486129984511,0.0 -47.6007568,-4.70484779984511,0.0 -47.600865,-4.70484049984511,0.0 -47.6011101,-4.70482039984511,0.0 -47.6011401,-4.70482219984511,0.0 -47.6011675,-4.70482299984511,0.0 -47.6011947,-4.70482589984511,0.0 -47.6012182,-4.70482949984511,0.0 -47.6012429,-4.70483369984512,0.0 -47.6012654,-4.70483879984511,0.0 -47.6012884,-4.70484379984511,0.0 -47.6013113,-4.70484829984511,0.0 -47.6013379,-4.70485569984511,0.0 -47.6013627,-4.70486389984511,0.0 -47.6013935,-4.70487499984511,0.0 -47.6014184,-4.70488339984511,0.0 -47.6014539,-4.70489619984511,0.0 -47.6014779,-4.70490709984511,0.0 -47.6015043,-4.70491839984511,0.0 -47.6015282,-4.70493059984511,0.0 -47.6015591,-4.70494709984511,0.0 -47.6015954,-4.70496659984511,0.0 -47.6016453,-4.70499859984511,0.0 -47.6017345,-4.70505679984511,0.0 -47.6018955,-4.7051704998451,0.0 -47.602015,-4.7052458998451,0.0 -47.6021309,-4.7053150998451,0.0 -47.6021638,-4.7053359998451,0.0 -47.6021909,-4.7053553998451,0.0 -47.6022264,-4.7053792998451,0.0 -47.6022643,-4.7054047998451,0.0 -47.6022888,-4.7054210998451,0.0 -47.6023171,-4.70543959984509,0.0 -47.6023379,-4.70545319984509,0.0 -47.6023627,-4.70547019984509,0.0 -47.6023875,-4.70548799984509,0.0 -47.6024146,-4.70550639984509,0.0 -47.6024393,-4.70552309984509,0.0 -47.6024662,-4.70554239984509,0.0 -47.6024923,-4.70555999984509,0.0 -47.6025229,-4.70557799984509,0.0 -47.6025473,-4.70559399984509,0.0 -47.6025737,-4.70560939984509,0.0 -47.6025977,-4.70562129984509,0.0 -47.6026258,-4.70563539984509,0.0 -47.602656,-4.70564839984509,0.0 -47.6026884,-4.70566199984509,0.0 -47.6030231,-4.70577669984508,0.0 -47.6030718,-4.70579229984508,0.0 -47.6031064,-4.70580099984508,0.0 -47.6031446,-4.70580819984508,0.0 -47.6031635,-4.70581249984508,0.0 -47.603184,-4.70581579984508,0.0 -47.6032041,-4.70581809984508,0.0 -47.6032275,-4.70582029984508,0.0 -47.6032572,-4.70582199984508,0.0 -47.6032966,-4.70582429984508,0.0 -47.6033365,-4.70582579984508,0.0 -47.6033903,-4.70582359984508,0.0 -47.6034524,-4.70581919984508,0.0 -47.6034967,-4.70581319984508,0.0 -47.6035772,-4.70580009984508,0.0 -47.6043344,-4.70562859984509,0.0 -47.6049473,-4.70549719984509,0.0 -47.6052792,-4.70542799984509,0.0 -47.6056771,-4.7053439998451,0.0 -47.6058951,-4.7052960998451,0.0 -47.6063965,-4.7051826998451,0.0 -47.606582,-4.7051492998451,0.0 -47.6067862,-4.70511089984511,0.0 -47.6070389,-4.70505619984511,0.0 -47.6073492,-4.70499569984511,0.0 -47.6078179,-4.70489139984511,0.0 -47.607972,-4.70486079984511,0.0 -47.6081831,-4.70481679984511,0.0 -47.6085563,-4.70473519984512,0.0 -47.6087002,-4.70470229984512,0.0 -47.6089836,-4.70463239984512,0.0 -47.6093118,-4.70455739984512,0.0 -47.6095197,-4.70450989984512,0.0 -47.6099822,-4.70440399984513,0.0 -47.6102821,-4.70434659984513,0.0 -47.6105133,-4.70430969984513,0.0 -47.6110743,-4.70421139984514,0.0 -47.6113485,-4.70414489984514,0.0 -47.6114569,-4.70411629984514,0.0 -47.6115657,-4.70408609984514,0.0 -47.6116703,-4.70405099984514,0.0 -47.6117557,-4.70402419984514,0.0 -47.6118143,-4.70400539984514,0.0 -47.6118721,-4.70398499984514,0.0 -47.6119313,-4.70395899984514,0.0 -47.6119931,-4.70392579984514,0.0 -47.6120527,-4.70389199984514,0.0 -47.6121195,-4.70384899984515,0.0 -47.6121804,-4.70380979984515,0.0 -47.6123175,-4.70372179984515,0.0 -47.6124631,-4.70362899984515,0.0 -47.6125289,-4.70358799984515,0.0 -47.6127415,-4.70345519984516,0.0 -47.6128545,-4.70338819984516,0.0 -47.6129794,-4.70330449984516,0.0 -47.6131005,-4.70322319984516,0.0 -47.6132435,-4.70313059984517,0.0 -47.6133994,-4.70304119984517,0.0 -47.6136103,-4.70292139984518,0.0 -47.6138346,-4.70280239984518,0.0 -47.6140082,-4.70270089984518,0.0 -47.6141922,-4.70260159984519,0.0 -47.6143105,-4.70253839984519,0.0 -47.6143329,-4.70252649984519,0.0 -47.6144714,-4.70245289984519,0.0 -47.6146243,-4.7023715998452,0.0 -47.6147077,-4.7023255998452,0.0 -47.614946,-4.7021918998452,0.0 -47.6150651,-4.7021310998452,0.0 -47.6153326,-4.70200239984521,0.0 -47.6153703,-4.70202969984521,0.0 -47.615413,-4.7020665998452,0.0 -47.6154266,-4.7020798998452,0.0 -47.6155749,-4.7022245998452,0.0 -47.615619,-4.7022717998452,0.0 -47.6168202,-4.70341639984516,0.0 -47.6171522,-4.70368819984515,0.0 -47.617186,-4.70371229984515,0.0 -47.6178281,-4.70416519984514,0.0 -47.6183178,-4.70452129984512,0.0 -47.618809,-4.70491209984511,0.0 -47.6192238,-4.7052684998451,0.0 -47.6195828,-4.70557569984509,0.0 -47.6200496,-4.70597809984508,0.0 -47.6207704,-4.70657799984506,0.0 -47.6213973,-4.70708249984504,0.0 -47.621669,-4.70730989984503,0.0 -47.6222078,-4.70776389984502,0.0 -47.6234195,-4.70876909984499,0.0 -47.6252592,-4.71024699984494,0.0 -47.6258064,-4.71066529984492,0.0 -47.6279262,-4.71238589984487,0.0 -47.6297948,-4.71389139984482,0.0 -47.6332282,-4.71678709984473,0.0 -47.6336529,-4.71712999984471,0.0 -47.6367771,-4.71977819984463,0.0 -47.6381153,-4.72093369984459,0.0 -47.6392943,-4.72191279984456,0.0 -47.6417283,-4.72397509984449,0.0 -47.6438152,-4.72572699984443,0.0 -47.6442781,-4.72613749984442,0.0 -47.645916,-4.72752629984437,0.0 -47.6459459,-4.72754639984437,0.0 -47.6459665,-4.72755979984437,0.0 -47.6460045,-4.72758369984437,0.0 -47.6460179,-4.72759279984437,0.0 -47.646077,-4.72762509984437,0.0 -47.6461156,-4.72764189984437,0.0 -47.6461344,-4.72764949984437,0.0 -47.646142,-4.72765079984437,0.0 -47.6461521,-4.72765089984437,0.0 -47.6461622,-4.72764979984437,0.0 -47.64803,-4.72511249984445,0.0 -47.6523913,-4.71923649984464,0.0 -47.6540384,-4.71698499984472,0.0 -47.6541224,-4.71685199984472,0.0 -47.6541868,-4.71675499984473,0.0 -47.6542446,-4.71666789984473,0.0 -47.6542871,-4.71661229984473,0.0 -47.6543082,-4.71658929984473,0.0 -47.6543245,-4.71657649984473,0.0 -47.6543495,-4.71655629984473,0.0 -47.654378,-4.71653319984473,0.0 -47.6544043,-4.71650499984473,0.0 -47.654641,-4.71611289984475,0.0 -47.6546474,-4.71610329984475,0.0 -47.6546575,-4.71609419984475,0.0 -47.654674,-4.71608279984475,0.0 -47.6546905,-4.71607079984475,0.0 -47.654707,-4.71605859984475,0.0 -47.6547242,-4.71604699984475,0.0 -47.6547381,-4.71603809984475,0.0 -47.65475,-4.71602709984475,0.0 -47.6548518,-4.71590739984475,0.0 -47.6548893,-4.71586539984475,0.0 -47.6549272,-4.71582579984476,0.0 -47.6549638,-4.71579149984476,0.0 -47.6549999,-4.71575869984476,0.0 -47.6550319,-4.71572519984476,0.0 -47.6550544,-4.71570549984476,0.0 -47.6550735,-4.71568649984476,0.0 -47.6551738,-4.71557329984476,0.0 -47.6551966,-4.71554299984477,0.0 -47.6552159,-4.71550689984477,0.0 -47.6552371,-4.71546589984477,0.0 -47.6552549,-4.71542289984477,0.0 -47.6552685,-4.71537909984477,0.0 -47.6552804,-4.71535059984477,0.0 -47.6553215,-4.71527699984477,0.0 -47.6553754,-4.71517909984478,0.0 -47.6553933,-4.71514919984478,0.0 -47.6554197,-4.71511319984478,0.0 -47.6554455,-4.71508659984478,0.0 -47.6554733,-4.71505919984478,0.0 -47.6555054,-4.71502279984478,0.0 -47.6555736,-4.71494979984478,0.0 -47.655633,-4.71487739984479,0.0 -47.6556708,-4.71483709984479,0.0 -47.6557282,-4.71478949984479,0.0 -47.6557861,-4.71475559984479,0.0 -47.6558012,-4.71474999984479,0.0 -47.6558186,-4.71474489984479,0.0 -47.6558419,-4.71474289984479,0.0 -47.6558639,-4.71474369984479,0.0 -47.6558808,-4.71474549984479,0.0 -47.6558962,-4.71474859984479,0.0 -47.6559121,-4.71475309984479,0.0 -47.6559276,-4.71475799984479,0.0 -47.6559423,-4.71476619984479,0.0 -47.6559545,-4.71477479984479,0.0 -47.6561839,-4.71495829984478,0.0 -47.6562383,-4.71500239984478,0.0 -47.6562571,-4.71501439984478,0.0 -47.6562705,-4.71502369984478,0.0 -47.6562913,-4.71503819984478,0.0 -47.6564432,-4.71511529984478,0.0 -47.6564933,-4.71513959984478,0.0 -47.6565309,-4.71515889984478,0.0 -47.6565694,-4.71517859984478,0.0 -47.6565988,-4.71519609984478,0.0 -47.6566273,-4.71521209984478,0.0 -47.6566496,-4.71522199984478,0.0 -47.6566658,-4.71522839984477,0.0 -47.65668,-4.71523279984478,0.0 -47.6566964,-4.71523669984478,0.0 -47.6567145,-4.71523869984478,0.0 -47.6567175,-4.71523909984477,0.0 -47.6567558,-4.71524379984477,0.0 -47.6567796,-4.71524659984478,0.0 -47.6568742,-4.71524929984477,0.0 -47.656928,-4.71524929984477,0.0 -47.6569696,-4.71524929984477,0.0 -47.6570651,-4.71524929984477,0.0 -47.6571495,-4.71524929984477,0.0 -47.6572156,-4.71525109984477,0.0 -47.6572725,-4.71524559984477,0.0 -47.6573404,-4.71524749984477,0.0 -47.6573937,-4.71524379984477,0.0 -47.6574561,-4.71524189984477,0.0 -47.6574955,-4.71523639984477,0.0 -47.6575414,-4.71523089984477,0.0 -47.6575583,-4.71522929984478,0.0 -47.6575882,-4.71522629984478,0.0 -47.6576231,-4.71522359984477,0.0 -47.6576507,-4.71521899984478,0.0 -47.6576778,-4.71521329984478,0.0 -47.6576855,-4.71521069984477,0.0 -47.6577131,-4.71520289984478,0.0 -47.6577323,-4.71519879984477,0.0 -47.6577585,-4.71519549984478,0.0 -47.6577837,-4.71519239984478,0.0 -47.6578112,-4.71519079984478,0.0 -47.6578361,-4.71518779984478,0.0 -47.6578581,-4.71518499984478,0.0 -47.6578838,-4.71517949984478,0.0 -47.657904,-4.71517219984478,0.0 -47.6579425,-4.71516119984478,0.0 -47.6579792,-4.71514829984478,0.0 -47.6580068,-4.71514099984478,0.0 -47.658027,-4.71513919984478,0.0 -47.65806,-4.71513919984478,0.0 -47.6581353,-4.71513269984478,0.0 -47.6582179,-4.71511799984478,0.0 -47.6582225,-4.71511679984478,0.0 -47.6583418,-4.71508589984478,0.0 -47.6584629,-4.71505099984478,0.0 -47.6585281,-4.71503359984478,0.0 -47.6585786,-4.71502169984478,0.0 -47.6586171,-4.71501339984478,0.0 -47.658636,-4.71501159984478,0.0 -47.6586571,-4.71500839984478,0.0 -47.6586823,-4.71500419984478,0.0 -47.6587103,-4.71499919984478,0.0 -47.6587369,-4.71499459984478,0.0 -47.6587617,-4.71498999984478,0.0 -47.6588002,-4.71498269984478,0.0 -47.6588471,-4.71497809984478,0.0 -47.6588682,-4.71497619984478,0.0 -47.6589012,-4.71497349984478,0.0 -47.6589297,-4.71497529984478,0.0 -47.6589526,-4.71497529984478,0.0 -47.658971,-4.71497529984478,0.0 -47.6590031,-4.71497069984478,0.0 -47.6590508,-4.71495699984478,0.0 -47.659094,-4.71494139984478,0.0 -47.659161,-4.71492019984478,0.0 -47.6592068,-4.71490919984478,0.0 -47.659239,-4.71490009984478,0.0 -47.6592839,-4.71488629984479,0.0 -47.6593161,-4.71487989984479,0.0 -47.6593647,-4.71486979984479,0.0 -47.6594051,-4.71486429984479,0.0 -47.6594876,-4.71486009984479,0.0 -47.6595327,-4.71485779984479,0.0 -47.659585,-4.71485779984479,0.0 -47.659618,-4.71485879984479,0.0 -47.6596511,-4.71486149984479,0.0 -47.6596786,-4.71486879984479,0.0 -47.6597034,-4.71487799984479,0.0 -47.6597263,-4.71488719984479,0.0 -47.6597465,-4.71489639984479,0.0 -47.659786,-4.71491199984479,0.0 -47.6598259,-4.71492349984479,0.0 -47.659892,-4.71493449984479,0.0 -47.6599875,-4.71494819984478,0.0 -47.660152,-4.71497399984478,0.0 -47.6601697,-4.71497389984478,0.0 -47.6601957,-4.71497329984478,0.0 -47.6602821,-4.71497119984478,0.0 -47.6603159,-4.71497119984478,0.0 -47.6603247,-4.71497119984478,0.0 -47.6603436,-4.71497119984478,0.0 -47.6603665,-4.71497529984478,0.0 -47.6603913,-4.71498309984478,0.0 -47.6604335,-4.71500239984478,0.0 -47.6604693,-4.71501889984478,0.0 -47.660506,-4.71503539984478,0.0 -47.6605594,-4.71506389984478,0.0 -47.6605749,-4.71507209984478,0.0 -47.6606061,-4.71508869984478,0.0 -47.66063,-4.71510789984478,0.0 -47.6606501,-4.71512539984478,0.0 -47.6606658,-4.71514009984478,0.0 -47.6606832,-4.71515199984478,0.0 -47.6607071,-4.71516299984478,0.0 -47.6607511,-4.71518139984478,0.0 -47.660797,-4.71520159984478,0.0 -47.6608493,-4.71522729984477,0.0 -47.6608897,-4.71524469984477,0.0 -47.660931,-4.71525759984477,0.0 -47.6609934,-4.71527319984477,0.0 -47.6610687,-4.71529149984477,0.0 -47.6611293,-4.71531079984477,0.0 -47.6611797,-4.71532819984477,0.0 -47.6612284,-4.71534379984477,0.0 -47.6612706,-4.71535939984477,0.0 -47.6612963,-4.71536589984477,0.0 -47.6613385,-4.71536859984477,0.0 -47.6613881,-4.71537139984477,0.0 -47.661434,-4.71537229984477,0.0 -47.6614652,-4.71537319984477,0.0 -47.6614973,-4.71537409984477,0.0 -47.6615276,-4.71537409984477,0.0 -47.661557,-4.71537869984477,0.0 -47.6615997,-4.71538279984477,0.0 -47.6616272,-4.71538469984477,0.0 -47.661652,-4.71538599984477,0.0 -47.6616809,-4.71538699984477,0.0 -47.6617075,-4.71538559984477,0.0 -47.66173,-4.71538419984477,0.0 -47.6617538,-4.71538419984477,0.0 -47.6617727,-4.71538509984477,0.0 -47.6618011,-4.71538789984477,0.0 -47.6618135,-4.71538789984477,0.0 -47.6618296,-4.71538829984477,0.0 -47.6618837,-4.71538279984477,0.0 -47.6619131,-4.71538279984477,0.0 -47.6619434,-4.71538279984477,0.0 -47.6619728,-4.71538279984477,0.0 -47.6620058,-4.71538559984477,0.0 -47.6620526,-4.71538649984477,0.0 -47.6621049,-4.71538379984477,0.0 -47.6621508,-4.71538189984477,0.0 -47.6621921,-4.71538189984477,0.0 -47.6622132,-4.71538279984477,0.0 -47.6622343,-4.71538279984477,0.0 -47.6622729,-4.71538279984477,0.0 -47.6623013,-4.71538009984477,0.0 -47.6623445,-4.71537549984477,0.0 -47.6623748,-4.71537459984477,0.0 -47.6624115,-4.71537459984477,0.0 -47.6624491,-4.71537089984477,0.0 -47.6624987,-4.71536169984477,0.0 -47.6625381,-4.71535709984477,0.0 -47.6625675,-4.71535349984477,0.0 -47.6625886,-4.71535249984477,0.0 -47.6626097,-4.71535069984477,0.0 -47.6626382,-4.71534979984477,0.0 -47.6626621,-4.71534979984477,0.0 -47.6626905,-4.71535069984477,0.0 -47.6627098,-4.71535069984477,0.0 -47.6627336,-4.71535159984477,0.0 -47.6627566,-4.71535159984477,0.0 -47.6627841,-4.71535069984477,0.0 -47.662819,-4.71535159984477,0.0 -47.6628355,-4.71535349984477,0.0 -47.6628649,-4.71535709984477,0.0 -47.6628979,-4.71536259984477,0.0 -47.6629273,-4.71536629984477,0.0 -47.6629574,-4.71536949984477,0.0 -47.6629769,-4.71537039984477,0.0 -47.6629948,-4.71537209984477,0.0 -47.6630083,-4.71537389984477,0.0 -47.6630232,-4.71537599984477,0.0 -47.66304,-4.71537799984477,0.0 -47.663056,-4.71538009984477,0.0 -47.6630705,-4.71538209984477,0.0 -47.6630794,-4.71538379984477,0.0 -47.6630852,-4.71538559984477,0.0 -47.6630925,-4.71538789984477,0.0 -47.6631152,-4.71539319984477,0.0 -47.6631274,-4.71539519984477,0.0 -47.6631391,-4.71539709984477,0.0 -47.6631503,-4.71539889984477,0.0 -47.6631806,-4.71540439984477,0.0 -47.6632247,-4.71540809984477,0.0 -47.663255,-4.71541169984477,0.0 -47.6632834,-4.71541729984477,0.0 -47.663322,-4.71542639984477,0.0 -47.6633812,-4.71543379984477,0.0 -47.6634427,-4.71544019984477,0.0 -47.6634739,-4.71543929984477,0.0 -47.6634968,-4.71543469984477,0.0 -47.66354,-4.71542279984477,0.0 -47.6635767,-4.71541359984477,0.0 -47.6636171,-4.71539979984477,0.0 -47.6636547,-4.71538329984477,0.0 -47.6636859,-4.71536769984477,0.0 -47.663718,-4.71535389984477,0.0 -47.6637658,-4.71534469984477,0.0 -47.6638135,-4.71533739984477,0.0 -47.6638529,-4.71532729984477,0.0 -47.6639245,-4.71530709984477,0.0 -47.6639759,-4.71529329984477,0.0 -47.6640191,-4.71528139984477,0.0 -47.6640842,-4.71527039984477,0.0 -47.6641338,-4.71526209984478,0.0 -47.6641834,-4.71525569984477,0.0 -47.6642522,-4.71524649984477,0.0 -47.6642981,-4.71524099984477,0.0 -47.6643412,-4.71523639984477,0.0 -47.664389,-4.71523189984478,0.0 -47.6644532,-4.71522539984477,0.0 -47.6644927,-4.71522079984477,0.0 -47.6645395,-4.71521259984478,0.0 -47.6646037,-4.71520059984478,0.0 -47.6646969,-4.71518639984478,0.0 -47.6647538,-4.71518269984478,0.0 -47.6647905,-4.71518049984478,0.0 -47.6648323,-4.71517679984477,0.0 -47.6648704,-4.71517079984478,0.0 -47.6649126,-4.71516579984478,0.0 -47.6649589,-4.71515749984478,0.0 -47.6649842,-4.71515429984478,0.0 -47.6650039,-4.71515199984478,0.0 -47.6650535,-4.71514919984478,0.0 -47.6651379,-4.71514099984478,0.0 -47.6651801,-4.71513729984478,0.0 -47.6652591,-4.71512719984478,0.0 -47.6653444,-4.71511249984478,0.0 -47.6653912,-4.71510699984478,0.0 -47.6654564,-4.71510059984478,0.0 -47.6655124,-4.71509459984478,0.0 -47.665539,-4.71508729984478,0.0 -47.6655601,-4.71507809984478,0.0 -47.665584,-4.71506989984478,0.0 -47.665617,-4.71506069984478,0.0 -47.6656418,-4.71505329984478,0.0 -47.665668,-4.71504319984478,0.0 -47.6657033,-4.71503079984478,0.0 -47.6657386,-4.71501569984478,0.0 -47.6657754,-4.71499869984478,0.0 -47.6658107,-4.71497939984478,0.0 -47.6658433,-4.71496059984478,0.0 -47.6658653,-4.71494779984478,0.0 -47.6658901,-4.71493219984479,0.0 -47.6659103,-4.71491929984479,0.0 -47.6659452,-4.71490009984478,0.0 -47.6659883,-4.71487709984479,0.0 -47.6660204,-4.71486239984479,0.0 -47.6660364,-4.71485559984479,0.0 -47.6660525,-4.71484869984479,0.0 -47.6660718,-4.71483859984479,0.0 -47.6660957,-4.71482389984479,0.0 -47.6661177,-4.71480919984479,0.0 -47.666137,-4.71479819984479,0.0 -47.6661581,-4.71479079984479,0.0 -47.6661838,-4.71478349984479,0.0 -47.6662251,-4.71477249984479,0.0 -47.6662811,-4.71475139984479,0.0 -47.6663242,-4.71473669984479,0.0 -47.66636,-4.71472659984479,0.0 -47.6663967,-4.71471559984479,0.0 -47.6664279,-4.71470179984479,0.0 -47.6664546,-4.71469079984479,0.0 -47.6664986,-4.71467239984479,0.0 -47.6665665,-4.71463849984479,0.0 -47.6666207,-4.7146090998448,0.0 -47.6666813,-4.7145705998448,0.0 -47.6667152,-4.7145448998448,0.0 -47.6667409,-4.7145273998448,0.0 -47.6667685,-4.7145053998448,0.0 -47.6668201,-4.7144533998448,0.0 -47.6668488,-4.7144337998448,0.0 -47.6668696,-4.7144203998448,0.0 -47.6668937,-4.7144055998448,0.0 -47.6669167,-4.7143915998448,0.0 -47.6669362,-4.7143815998448,0.0 -47.6669525,-4.7143745998448,0.0 -47.6669722,-4.7143681998448,0.0 -47.6670004,-4.7143637998448,0.0 -47.6670282,-4.7143616998448,0.0 -47.6670686,-4.7143596998448,0.0 -47.6671171,-4.7143581998448,0.0 -47.6671478,-4.7143592998448,0.0 -47.6671738,-4.7143589998448,0.0 -47.6671903,-4.7143589998448,0.0 -47.6672038,-4.7143585998448,0.0 -47.6672161,-4.7143589998448,0.0 -47.667226,-4.7143591998448,0.0 -47.6672377,-4.7143607998448,0.0 -47.6672494,-4.7143628998448,0.0 -47.6672618,-4.7143649998448,0.0 -47.6672733,-4.7143665998448,0.0 -47.6672839,-4.7143681998448,0.0 -47.6672958,-4.7143701998448,0.0 -47.6673093,-4.7143732998448,0.0 -47.6673249,-4.7143757998448,0.0 -47.6673423,-4.7143782998448,0.0 -47.6673593,-4.7143809998448,0.0 -47.66738,-4.7143834998448,0.0 -47.6674036,-4.7143857998448,0.0 -47.6674288,-4.7143885998448,0.0 -47.6674497,-4.7143877998448,0.0 -47.6674717,-4.7143854998448,0.0 -47.667494,-4.7143830998448,0.0 -47.6675151,-4.7143779998448,0.0 -47.6675341,-4.7143709998448,0.0 -47.6675553,-4.7143610998448,0.0 -47.6675772,-4.71434899984481,0.0 -47.6676062,-4.7143348998448,0.0 -47.6676515,-4.7143172998448,0.0 -47.6676962,-4.71430139984481,0.0 -47.667729,-4.71428959984481,0.0 -47.6677753,-4.71427109984481,0.0 -47.6678077,-4.71425629984481,0.0 -47.6678458,-4.71424269984481,0.0 -47.6678975,-4.71422579984481,0.0 -47.6679453,-4.71421009984481,0.0 -47.6679945,-4.71419489984481,0.0 -47.6680358,-4.71418209984481,0.0 -47.6680821,-4.71416559984481,0.0 -47.6681364,-4.71414599984481,0.0 -47.6682079,-4.71411319984481,0.0 -47.6682726,-4.71407879984481,0.0 -47.6683545,-4.71403909984481,0.0 -47.6684164,-4.71401109984481,0.0 -47.6684875,-4.71397709984482,0.0 -47.6685528,-4.71394649984482,0.0 -47.6686149,-4.71392229984482,0.0 -47.6686602,-4.71390379984482,0.0 -47.6687007,-4.71389099984482,0.0 -47.6687585,-4.71387219984482,0.0 -47.6688022,-4.71385069984482,0.0 -47.6688405,-4.71383099984482,0.0 -47.6688763,-4.71381059984482,0.0 -47.6689169,-4.71378689984482,0.0 -47.6689343,-4.71377909984482,0.0 -47.6689501,-4.71376979984482,0.0 -47.6689644,-4.71375949984482,0.0 -47.6689783,-4.71374659984482,0.0 -47.6689894,-4.71373689984482,0.0 -47.669,-4.71373039984482,0.0 -47.6690203,-4.71372229984482,0.0 -47.6690349,-4.71371669984483,0.0 -47.6690507,-4.71371099984482,0.0 -47.6690631,-4.71370639984482,0.0 -47.6690767,-4.71370169984482,0.0 -47.6690924,-4.71369539984482,0.0 -47.6691094,-4.71368939984483,0.0 -47.6691243,-4.71368489984483,0.0 -47.6691298,-4.71368299984483,0.0 -47.6691376,-4.71367989984483,0.0 -47.669145,-4.71367609984483,0.0 -47.6691523,-4.71367179984483,0.0 -47.6691663,-4.71366389984483,0.0 -47.6691734,-4.71365889984483,0.0 -47.6691844,-4.71365249984483,0.0 -47.6691906,-4.71364929984483,0.0 -47.6691998,-4.71364329984483,0.0 -47.6692069,-4.71363699984483,0.0 -47.6692114,-4.71363279984483,0.0 -47.6692176,-4.71362739984483,0.0 -47.6692239,-4.71362199984483,0.0 -47.669231,-4.71361759984483,0.0 -47.6692383,-4.71361369984483,0.0 -47.6692551,-4.71360749984483,0.0 -47.6692766,-4.71360309984483,0.0 -47.6692951,-4.71359909984483,0.0 -47.6693254,-4.71359499984483,0.0 -47.6693559,-4.71359039984483,0.0 -47.669384,-4.71358779984483,0.0 -47.6694161,-4.71358509984483,0.0 -47.6694494,-4.71358469984483,0.0 -47.6694827,-4.71358639984483,0.0 -47.6695107,-4.71358779984483,0.0 -47.669547,-4.71359049984483,0.0 -47.6695875,-4.71359349984483,0.0 -47.669627,-4.71359709984483,0.0 -47.6696626,-4.71359969984483,0.0 -47.6696951,-4.71360179984483,0.0 -47.6697289,-4.71360329984483,0.0 -47.6697575,-4.71360429984483,0.0 -47.6697885,-4.71360799984483,0.0 -47.6698159,-4.71361069984483,0.0 -47.6698436,-4.71361249984483,0.0 -47.6698733,-4.71361489984483,0.0 -47.6699036,-4.71361849984483,0.0 -47.6699364,-4.71362139984483,0.0 -47.6699721,-4.71362269984483,0.0 -47.6700027,-4.71362309984483,0.0 -47.6700402,-4.71362259984483,0.0 -47.6700754,-4.71362049984483,0.0 -47.6701074,-4.71361979984483,0.0 -47.6701381,-4.71361989984483,0.0 -47.6701661,-4.71361849984483,0.0 -47.6701886,-4.71361759984483,0.0 -47.6702114,-4.71361709984483,0.0 -47.6702353,-4.71361549984483,0.0 -47.6702606,-4.71361299984483,0.0 -47.6702814,-4.71360949984483,0.0 -47.6703044,-4.71360599984483,0.0 -47.6703233,-4.71360209984483,0.0 -47.670343,-4.71359799984483,0.0 -47.6703642,-4.71359259984483,0.0 -47.670388,-4.71358419984483,0.0 -47.6704327,-4.71356569984483,0.0 -47.6704635,-4.71355439984483,0.0 -47.6704951,-4.71354509984483,0.0 -47.6705278,-4.71353499984483,0.0 -47.670549,-4.71352999984483,0.0 -47.6705719,-4.71352509984483,0.0 -47.6705952,-4.71351989984483,0.0 -47.6706166,-4.71351489984483,0.0 -47.6706376,-4.71351209984483,0.0 -47.6706557,-4.71351139984483,0.0 -47.6706727,-4.71351159984483,0.0 -47.6706909,-4.71351399984483,0.0 -47.6707059,-4.71351669984483,0.0 -47.670721,-4.71352029984483,0.0 -47.67074,-4.71352509984483,0.0 -47.6707606,-4.71353039984483,0.0 -47.6707755,-4.71353489984483,0.0 -47.6707943,-4.71354389984483,0.0 -47.6708127,-4.71355379984483,0.0 -47.6708276,-4.71356179984483,0.0 -47.67084,-4.71356899984483,0.0 -47.6708589,-4.71357819984483,0.0 -47.6708801,-4.71358859984483,0.0 -47.6708992,-4.71359849984483,0.0 -47.6709203,-4.71360999984483,0.0 -47.6709273,-4.71361419984483,0.0 -47.6709426,-4.71362359984483,0.0 -47.670955,-4.71362999984483,0.0 -47.6709699,-4.71363689984483,0.0 -47.6709818,-4.71364309984483,0.0 -47.6709932,-4.71364889984483,0.0 -47.6710018,-4.71365289984483,0.0 -47.6710104,-4.71365819984483,0.0 -47.6710193,-4.71366499984483,0.0 -47.6710353,-4.71367569984483,0.0 -47.6710594,-4.71369169984483,0.0 -47.6710818,-4.71370489984483,0.0 -47.6711056,-4.71371869984482,0.0 -47.6711251,-4.71372879984482,0.0 -47.6711465,-4.71373759984482,0.0 -47.6711704,-4.71374999984482,0.0 -47.6712007,-4.71376459984482,0.0 -47.6712206,-4.71377559984482,0.0 -47.6712406,-4.71378609984482,0.0 -47.6712615,-4.71379379984482,0.0 -47.6712781,-4.71379749984482,0.0 -47.6713037,-4.71380169984482,0.0 -47.671322,-4.71380509984482,0.0 -47.6713409,-4.71380769984482,0.0 -47.6713526,-4.71380859984482,0.0 -47.6713641,-4.71380709984482,0.0 -47.6713959,-4.71380079984482,0.0 -47.6714119,-4.71379779984482,0.0 -47.6714302,-4.71379469984482,0.0 -47.6714474,-4.71379219984482,0.0 -47.6714623,-4.71378919984482,0.0 -47.6715255,-4.71377439984482,0.0 -47.6715789,-4.71376119984482,0.0 -47.6716087,-4.71375299984482,0.0 -47.671634,-4.71374589984482,0.0 -47.6716581,-4.71373749984482,0.0 -47.6716811,-4.71372779984482,0.0 -47.6717027,-4.71371739984482,0.0 -47.6717443,-4.71369949984482,0.0 -47.6717858,-4.71367949984482,0.0 -47.6718295,-4.71366209984483,0.0 -47.6718747,-4.71364139984483,0.0 -47.6719155,-4.71362239984483,0.0 -47.6719584,-4.71360199984483,0.0 -47.6719974,-4.71358209984483,0.0 -47.6720415,-4.71356119984483,0.0 -47.6720799,-4.71354089984483,0.0 -47.67213,-4.71351189984483,0.0 -47.6721794,-4.71348449984483,0.0 -47.6722177,-4.71346269984483,0.0 -47.6722514,-4.71343819984483,0.0 -47.6722882,-4.71341119984483,0.0 -47.6723244,-4.71338319984484,0.0 -47.6723583,-4.71336029984484,0.0 -47.6723984,-4.71333929984484,0.0 -47.6724399,-4.71331639984484,0.0 -47.6724898,-4.71328809984484,0.0 -47.6725461,-4.71326099984484,0.0 -47.6725937,-4.71323499984484,0.0 -47.6726425,-4.71320599984484,0.0 -47.6726923,-4.71317929984484,0.0 -47.6727395,-4.71315039984484,0.0 -47.6727872,-4.71311919984484,0.0 -47.6728409,-4.71308389984484,0.0 -47.6728847,-4.71305459984485,0.0 -47.6730767,-4.71296059984485,0.0 -47.6732479,-4.71286859984485,0.0 -47.6733338,-4.71282809984485,0.0 -47.6733986,-4.71279409984485,0.0 -47.6734182,-4.71278099984486,0.0 -47.673437,-4.71276449984486,0.0 -47.673452,-4.71275129984486,0.0 -47.6734659,-4.71273459984486,0.0 -47.6734829,-4.71271449984486,0.0 -47.673484,-4.71271289984486,0.0 -47.6734953,-4.71269679984486,0.0 -47.6735095,-4.71267679984486,0.0 -47.6735213,-4.71266419984486,0.0 -47.6735403,-4.71264469984486,0.0 -47.6735586,-4.71262589984486,0.0 -47.6735765,-4.71260579984486,0.0 -47.6735897,-4.71258799984486,0.0 -47.6736026,-4.71256789984486,0.0 -47.6736119,-4.71255149984486,0.0 -47.6736223,-4.71253129984486,0.0 -47.6736334,-4.71251529984486,0.0 -47.673647,-4.71249649984486,0.0 -47.6736608,-4.71247899984486,0.0 -47.673675,-4.71245949984487,0.0 -47.6736858,-4.71244259984487,0.0 -47.6736958,-4.71242119984487,0.0 -47.6737082,-4.71240279984487,0.0 -47.6737202,-4.71238549984487,0.0 -47.6737339,-4.71236699984487,0.0 -47.6737487,-4.71234749984487,0.0 -47.6737661,-4.71232709984487,0.0 -47.6737819,-4.71230629984487,0.0 -47.6737954,-4.71228859984487,0.0 -47.6738107,-4.71226969984487,0.0 -47.6738285,-4.71224849984487,0.0 -47.6738495,-4.71222309984487,0.0 -47.6738614,-4.71220849984487,0.0 -47.6738725,-4.71219299984487,0.0 -47.67389,-4.71217019984487,0.0 -47.6739031,-4.71215489984487,0.0 -47.6739193,-4.71213419984488,0.0 -47.6739336,-4.71211829984488,0.0 -47.6739481,-4.71210089984488,0.0 -47.6739657,-4.71208249984488,0.0 -47.6739845,-4.71206459984488,0.0 -47.6740019,-4.71205179984488,0.0 -47.6740201,-4.71203909984488,0.0 -47.6740395,-4.71202759984488,0.0 -47.6740558,-4.71201819984488,0.0 -47.6740769,-4.71200659984488,0.0 -47.6741654,-4.71196759984488,0.0 -47.6741939,-4.71195749984488,0.0 -47.6742283,-4.71194919984488,0.0 -47.6743022,-4.71193539984488,0.0 -47.6743986,-4.71191979984488,0.0 -47.6745087,-4.71190239984488,0.0 -47.6745821,-4.71189319984488,0.0 -47.6746097,-4.71189229984488,0.0 -47.6746234,-4.71189409984488,0.0 -47.6746445,-4.71189959984488,0.0 -47.6746647,-4.71190879984488,0.0 -47.6746831,-4.71192169984488,0.0 -47.674706,-4.71194459984488,0.0 -47.6747455,-4.71198319984488,0.0 -47.6747648,-4.71200429984488,0.0 -47.6747877,-4.71202909984488,0.0 -47.6748199,-4.71206579984488,0.0 -47.6748859,-4.71213459984487,0.0 -47.6749635,-4.71221239984488,0.0 -47.6749745,-4.71222249984487,0.0 -47.6749863,-4.71223079984487,0.0 -47.6749997,-4.71223919984487,0.0 -47.6750117,-4.71224569984487,0.0 -47.6750339,-4.71225639984487,0.0 -47.6750548,-4.71226489984487,0.0 -47.6750682,-4.71226909984487,0.0 -47.6750805,-4.71227229984487,0.0 -47.6750944,-4.71227479984487,0.0 -47.6751074,-4.71227499984487,0.0 -47.6751255,-4.71227499984487,0.0 -47.6751572,-4.71227459984487,0.0 -47.6751925,-4.71227179984487,0.0 -47.6752237,-4.71226949984487,0.0 -47.6752547,-4.71226609984487,0.0 -47.6752681,-4.71226429984487,0.0 -47.6752792,-4.71226239984487,0.0 -47.6752896,-4.71226009984487,0.0 -47.6753022,-4.71225709984487,0.0 -47.6753155,-4.71225249984487,0.0 -47.6753274,-4.71224839984487,0.0 -47.6753398,-4.71224339984487,0.0 -47.6753527,-4.71223739984487,0.0 -47.6753637,-4.71223139984487,0.0 -47.6753747,-4.71222459984487,0.0 -47.6753917,-4.71221399984487,0.0 -47.67541,-4.71220299984487,0.0 -47.6754256,-4.71219469984487,0.0 -47.6754697,-4.71217319984487,0.0 -47.6755188,-4.71214929984487,0.0 -47.6755936,-4.71211899984488,0.0 -47.6756198,-4.71210799984488,0.0 -47.6756487,-4.71209699984488,0.0 -47.6756643,-4.71209099984488,0.0 -47.6756733,-4.71208709984488,0.0 -47.6756767,-4.71208549984488,0.0 -47.6756965,-4.71207699984488,0.0 -47.6757285,-4.71206119984488,0.0 -47.6757611,-4.71204739984488,0.0 -47.6757808,-4.71204049984488,0.0 -47.6757974,-4.71203429984488,0.0 -47.6758111,-4.71202949984488,0.0 -47.6758231,-4.71202629984488,0.0 -47.6758327,-4.71202489984488,0.0 -47.6758442,-4.71202309984488,0.0 -47.6758506,-4.71202219984488,0.0 -47.6758593,-4.71202129984488,0.0 -47.6758671,-4.71202029984488,0.0 -47.6758786,-4.71201899984488,0.0 -47.6758887,-4.71201849984488,0.0 -47.6758997,-4.71201799984488,0.0 -47.6759125,-4.71201709984488,0.0 -47.6759254,-4.71201669984488,0.0 -47.6759332,-4.71201619984488,0.0 -47.6759424,-4.71201619984488,0.0 -47.6759525,-4.71201619984488,0.0 -47.6759612,-4.71201619984488,0.0 -47.6759713,-4.71201619984488,0.0 -47.6759791,-4.71201709984488,0.0 -47.6759883,-4.71201849984488,0.0 -47.6759965,-4.71202079984488,0.0 -47.6760029,-4.71202259984488,0.0 -47.6760098,-4.71202449984488,0.0 -47.6760158,-4.71202629984488,0.0 -47.6760245,-4.71202909984488,0.0 -47.6760365,-4.71203299984488,0.0 -47.6760523,-4.71203979984488,0.0 -47.6760603,-4.71204349984488,0.0 -47.6760713,-4.71204899984488,0.0 -47.6760823,-4.71205449984488,0.0 -47.6760924,-4.71205979984488,0.0 -47.6761028,-4.71206529984488,0.0 -47.6761156,-4.71207309984488,0.0 -47.6761271,-4.71207949984488,0.0 -47.6761464,-4.71209009984488,0.0 -47.676162,-4.71209839984488,0.0 -47.676178,-4.71210709984488,0.0 -47.676189,-4.71211349984488,0.0 -47.6762001,-4.71212039984488,0.0 -47.6762088,-4.71212589984488,0.0 -47.6762336,-4.71214329984488,0.0 -47.6762574,-4.71215979984488,0.0 -47.6762794,-4.71217269984488,0.0 -47.6763163,-4.71219479984487,0.0 -47.6763327,-4.71220709984487,0.0 -47.676352,-4.71222089984487,0.0 -47.6763693,-4.71223429984487,0.0 -47.676385,-4.71224699984487,0.0 -47.676401,-4.71225929984487,0.0 -47.6764199,-4.71227269984487,0.0 -47.6764341,-4.71228189984487,0.0 -47.6764474,-4.71229039984487,0.0 -47.6764653,-4.71230169984487,0.0 -47.6764814,-4.71231359984487,0.0 -47.6765006,-4.71232659984487,0.0 -47.6765162,-4.71233589984487,0.0 -47.6765314,-4.71234569984487,0.0 -47.6765424,-4.71235349984487,0.0 -47.6765543,-4.71235989984487,0.0 -47.6765699,-4.71236769984487,0.0 -47.6765869,-4.71237419984487,0.0 -47.6766048,-4.71238059984487,0.0 -47.6766201,-4.71238579984487,0.0 -47.6766356,-4.71239179984487,0.0 -47.6766512,-4.71239709984487,0.0 -47.6766663,-4.71240259984487,0.0 -47.6766843,-4.71240699984487,0.0 -47.6767072,-4.71241089984487,0.0 -47.6767274,-4.71241269984487,0.0 -47.6767471,-4.71241399984487,0.0 -47.6767654,-4.71241469984487,0.0 -47.676787,-4.71241469984487,0.0 -47.6768086,-4.71241319984487,0.0 -47.6768338,-4.71240859984487,0.0 -47.6768531,-4.71240489984487,0.0 -47.6768729,-4.71240049984487,0.0 -47.6768922,-4.71239449984487,0.0 -47.6769169,-4.71238839984487,0.0 -47.6769389,-4.71238199984487,0.0 -47.6769609,-4.71237459984487,0.0 -47.6769844,-4.71236469984487,0.0 -47.6770114,-4.71235349984487,0.0 -47.6770408,-4.71234329984487,0.0 -47.6770757,-4.71233059984487,0.0 -47.6770945,-4.71232509984487,0.0 -47.6771179,-4.71231539984487,0.0 -47.6771385,-4.71230579984487,0.0 -47.6771606,-4.71229779984487,0.0 -47.6771794,-4.71228879984487,0.0 -47.677201,-4.71227729984487,0.0 -47.6772193,-4.71226699984487,0.0 -47.6772339,-4.71225819984487,0.0 -47.6772554,-4.71224479984487,0.0 -47.6772908,-4.71222629984487,0.0 -47.6773143,-4.71221349984487,0.0 -47.6773368,-4.71220069984487,0.0 -47.6773716,-4.71218059984487,0.0 -47.6774143,-4.71215969984488,0.0 -47.677446,-4.71214519984488,0.0 -47.6774747,-4.71213269984487,0.0 -47.6774979,-4.71212039984488,0.0 -47.6775239,-4.71210489984488,0.0 -47.6775466,-4.71209229984488,0.0 -47.6775689,-4.71208069984488,0.0 -47.6775963,-4.71206739984488,0.0 -47.6776211,-4.71205639984488,0.0 -47.6776458,-4.71204899984488,0.0 -47.6776638,-4.71204419984488,0.0 -47.6776757,-4.71204209984488,0.0 -47.6776924,-4.71204029984488,0.0 -47.6777035,-4.71203959984488,0.0 -47.6777199,-4.71203979984488,0.0 -47.6777511,-4.71204149984488,0.0 -47.6777914,-4.71204399984488,0.0 -47.6778198,-4.71204529984488,0.0 -47.6778602,-4.71204669984488,0.0 -47.6779043,-4.71204349984488,0.0 -47.6779344,-4.71204069984488,0.0 -47.6779662,-4.71203939984488,0.0 -47.6779992,-4.71203889984488,0.0 -47.6780234,-4.71204009984488,0.0 -47.6780634,-4.71204529984488,0.0 -47.6780998,-4.71204979984488,0.0 -47.6781392,-4.71205589984488,0.0 -47.6781768,-4.71206599984488,0.0 -47.678215,-4.71207409984488,0.0 -47.678259,-4.71208359984488,0.0 -47.6783053,-4.71209259984488,0.0 -47.6783441,-4.71210029984488,0.0 -47.678388,-4.71211049984488,0.0 -47.6784311,-4.71212289984487,0.0 -47.6784599,-4.71212839984488,0.0 -47.6785025,-4.71213659984488,0.0 -47.678545,-4.71214479984488,0.0 -47.6785918,-4.71215629984488,0.0 -47.6786467,-4.71217279984488,0.0 -47.6787082,-4.71218739984487,0.0 -47.678779,-4.71220829984487,0.0 -47.6788386,-4.71222389984487,0.0 -47.6789231,-4.71224659984487,0.0 -47.6790167,-4.71227039984487,0.0 -47.679169,-4.71231149984487,0.0 -47.6792645,-4.71233179984487,0.0 -47.6793379,-4.71235239984487,0.0 -47.6794224,-4.71237539984487,0.0 -47.6794831,-4.71239439984487,0.0 -47.6795418,-4.71240859984487,0.0 -47.6796096,-4.71242459984487,0.0 -47.6796828,-4.71244139984487,0.0 -47.6797671,-4.71245949984487,0.0 -47.6800054,-4.71251179984486,0.0 -47.6801327,-4.71254389984486,0.0 -47.6802174,-4.71256109984486,0.0 -47.6804514,-4.71261499984486,0.0 -47.6805021,-4.71262609984486,0.0 -47.680552,-4.71263579984486,0.0 -47.680603,-4.71264509984486,0.0 -47.6806133,-4.71264689984486,0.0 -47.6806387,-4.71265149984486,0.0 -47.6806745,-4.71265869984486,0.0 -47.6807109,-4.71266629984486,0.0 -47.6807545,-4.71267299984486,0.0 -47.6808011,-4.71268289984486,0.0 -47.6808559,-4.71269389984486,0.0 -47.6809304,-4.71270959984486,0.0 -47.6810084,-4.71272619984486,0.0 -47.681091,-4.71274589984486,0.0 -47.6810977,-4.71274749984486,0.0 -47.6812323,-4.71278209984485,0.0 -47.6813048,-4.71279869984485,0.0 -47.6813504,-4.71281009984485,0.0 -47.6813751,-4.71281629984485,0.0 -47.6815493,-4.71286889984485,0.0 -47.6816752,-4.71290649984485,0.0 -47.6817099,-4.71291619984485,0.0 -47.6817321,-4.71292159984485,0.0 -47.6817534,-4.71292679984485,0.0 -47.6817906,-4.71293589984485,0.0 -47.6818276,-4.71294849984485,0.0 -47.6818523,-4.71295789984485,0.0 -47.681881,-4.71297009984485,0.0 -47.6819037,-4.71298039984485,0.0 -47.6819207,-4.71298799984485,0.0 -47.6819354,-4.71299649984485,0.0 -47.6819657,-4.71301409984485,0.0 -47.6819841,-4.71302599984485,0.0 -47.6820021,-4.71303759984485,0.0 -47.6820216,-4.71305059984485,0.0 -47.6820428,-4.71306639984485,0.0 -47.6820602,-4.71308149984485,0.0 -47.6820804,-4.71310129984484,0.0 -47.6820956,-4.71312109984484,0.0 -47.6821081,-4.71313739984484,0.0 -47.6821234,-4.71315879984484,0.0 -47.6821389,-4.71317809984484,0.0 -47.6821549,-4.71320269984484,0.0 -47.6821745,-4.71322859984484,0.0 -47.682188,-4.71324869984484,0.0 -47.6821963,-4.71325919984484,0.0 -47.6822007,-4.71326519984484,0.0 -47.6822041,-4.71327249984484,0.0 -47.6822068,-4.71328019984484,0.0 -47.6822099,-4.71329059984484,0.0 -47.6822129,-4.71330339984484,0.0 -47.6822165,-4.71331989984484,0.0 -47.6822194,-4.71333239984484,0.0 -47.6822236,-4.71334819984484,0.0 -47.6822297,-4.71336639984484,0.0 -47.682237,-4.71339039984483,0.0 -47.6822449,-4.71341089984483,0.0 -47.6822507,-4.71342729984483,0.0 -47.6822587,-4.71344679984483,0.0 -47.6822688,-4.71346879984483,0.0 -47.6822798,-4.71350529984483,0.0 -47.6822889,-4.71353579984483,0.0 -47.6823034,-4.71356949984483,0.0 -47.6823188,-4.71359479984483,0.0 -47.6823346,-4.71362159984483,0.0 -47.6823492,-4.71365289984483,0.0 -47.6823642,-4.71368259984483,0.0 -47.682378,-4.71370849984482,0.0 -47.6823918,-4.71372969984482,0.0 -47.6824083,-4.71375359984482,0.0 -47.6824277,-4.71378089984482,0.0 -47.6824475,-4.71380779984482,0.0 -47.6824697,-4.71384069984482,0.0 -47.68249,-4.71386549984482,0.0 -47.6825703,-4.71396539984482,0.0 -47.6826989,-4.71411799984481,0.0 -47.6828431,-4.71429759984481,0.0 -47.6829152,-4.7143847998448,0.0 -47.6829383,-4.7144093998448,0.0 -47.6829572,-4.7144312998448,0.0 -47.6829736,-4.7144518998448,0.0 -47.682997,-4.7144871998448,0.0 -47.6830157,-4.7145141998448,0.0 -47.683031,-4.7145368998448,0.0 -47.6830443,-4.7145565998448,0.0 -47.6830641,-4.7145826998448,0.0 -47.6830831,-4.71460589984479,0.0 -47.6831266,-4.71465919984479,0.0 -47.6831735,-4.71472179984479,0.0 -47.6832101,-4.71477339984479,0.0 -47.683247,-4.71482279984479,0.0 -47.6832901,-4.71488109984479,0.0 -47.6833259,-4.71492929984479,0.0 -47.6833548,-4.71497609984478,0.0 -47.6833732,-4.71500609984478,0.0 -47.6833934,-4.71503799984478,0.0 -47.6834273,-4.71510089984478,0.0 -47.683457,-4.71516169984478,0.0 -47.6834891,-4.71522789984478,0.0 -47.6835219,-4.71529969984477,0.0 -47.6835296,-4.71532089984477,0.0 -47.6835311,-4.71532439984477,0.0 -47.6835386,-4.71534159984477,0.0 -47.6835463,-4.71536009984477,0.0 -47.6835527,-4.71538079984477,0.0 -47.6835613,-4.71540379984477,0.0 -47.6835735,-4.71544319984477,0.0 -47.683587,-4.71548129984477,0.0 -47.6835971,-4.71551799984477,0.0 -47.6836113,-4.71555929984476,0.0 -47.6836226,-4.71558599984476,0.0 -47.6836348,-4.71561259984476,0.0 -47.6836533,-4.71564409984476,0.0 -47.6836894,-4.71568959984476,0.0 -47.6837378,-4.71573719984476,0.0 -47.6837646,-4.71576219984476,0.0 -47.6837989,-4.71579299984476,0.0 -47.6838225,-4.71581359984476,0.0 -47.6838605,-4.71584459984476,0.0 -47.6838991,-4.71587289984475,0.0 -47.6839285,-4.71589259984475,0.0 -47.6839528,-4.71591049984475,0.0 -47.6839808,-4.71592799984475,0.0 -47.6840065,-4.71594439984475,0.0 -47.6840261,-4.71595929984475,0.0 -47.6840464,-4.71597489984475,0.0 -47.6840928,-4.71601049984475,0.0 -47.6841307,-4.71603899984475,0.0 -47.6841694,-4.71607489984475,0.0 -47.6841902,-4.71609739984475,0.0 -47.6842192,-4.71612869984475,0.0 -47.6842441,-4.71615559984475,0.0 -47.6842695,-4.71618639984474,0.0 -47.6842943,-4.71621819984474,0.0 -47.6843213,-4.71625779984474,0.0 -47.6843407,-4.71628699984474,0.0 -47.684361,-4.71631969984474,0.0 -47.6843806,-4.71635359984474,0.0 -47.6843983,-4.71638699984474,0.0 -47.6844167,-4.71642099984474,0.0 -47.6844339,-4.71645219984473,0.0 -47.6844536,-4.71648559984474,0.0 -47.6844723,-4.71652199984473,0.0 -47.6844929,-4.71655999984473,0.0 -47.6845177,-4.71660799984473,0.0 -47.6845372,-4.71664609984473,0.0 -47.6845576,-4.71668219984473,0.0 -47.6845831,-4.71672599984473,0.0 -47.684615,-4.71677879984472,0.0 -47.6846492,-4.71683929984472,0.0 -47.6846716,-4.71687409984472,0.0 -47.6846933,-4.71691049984472,0.0 -47.684722,-4.71695489984472,0.0 -47.68477,-4.71701889984472,0.0 -47.6850175,-4.71733359984471,0.0 -47.6851268,-4.7174796998447,0.0 -47.6852101,-4.7175887998447,0.0 -47.6852295,-4.7176138998447,0.0 -47.6852418,-4.7176321998447,0.0 -47.6852599,-4.7176544998447,0.0 -47.6852791,-4.71768029984469,0.0 -47.6857745,-4.71826929984468,0.0 -47.6858004,-4.71829429984468,0.0 -47.685816,-4.71831269984468,0.0 -47.6858231,-4.71832309984467,0.0 -47.6858286,-4.71833109984467,0.0 -47.6858328,-4.71833719984467,0.0 -47.6858699,-4.71839149984467,0.0 -47.6859458,-4.71851339984467,0.0 -47.686031,-4.71864359984466,0.0 -47.6861067,-4.71875919984466,0.0 -47.6861905,-4.71888729984466,0.0 -47.6862396,-4.71894969984465,0.0 -47.6862597,-4.71897959984465,0.0 -47.6862738,-4.71899549984465,0.0 -47.6862921,-4.71901609984465,0.0 -47.6863029,-4.71902949984465,0.0 -47.6863196,-4.71905109984465,0.0 -47.6863343,-4.71907019984465,0.0 -47.6863615,-4.71910559984465,0.0 -47.686388,-4.71914009984465,0.0 -47.6864076,-4.71916809984465,0.0 -47.6864294,-4.71920979984465,0.0 -47.6864443,-4.71925619984464,0.0 -47.6864553,-4.71929889984464,0.0 -47.6864626,-4.71934089984464,0.0 -47.686503,-4.71944229984464,0.0 -47.6865178,-4.71947749984464,0.0 -47.686523,-4.71948939984464,0.0 -47.6865306,-4.71950699984464,0.0 -47.6865379,-4.71952949984464,0.0 -47.6865432,-4.71954789984464,0.0 -47.686548,-4.71957099984463,0.0 -47.6865495,-4.71958449984463,0.0 -47.686551,-4.71959649984463,0.0 -47.6865521,-4.71960519984463,0.0 -47.6865537,-4.71961619984463,0.0 -47.6865533,-4.71962659984463,0.0 -47.6865526,-4.71964469984463,0.0 -47.6865509,-4.71966569984463,0.0 -47.6865485,-4.71968649984463,0.0 -47.6865437,-4.71970499984463,0.0 -47.6865378,-4.71972539984463,0.0 -47.6865299,-4.71974899984463,0.0 -47.6865209,-4.71977419984463,0.0 -47.6865085,-4.71979989984463,0.0 -47.6864936,-4.71983209984462,0.0 -47.6864778,-4.71986089984462,0.0 -47.6864523,-4.71990549984462,0.0 -47.68643,-4.71994269984462,0.0 -47.6864179,-4.71996319984462,0.0 -47.6864031,-4.71998389984462,0.0 -47.6863903,-4.72000569984462,0.0 -47.6863715,-4.72003779984462,0.0 -47.6863546,-4.72006429984462,0.0 -47.6863424,-4.72008259984462,0.0 -47.6863332,-4.72009339984462,0.0 -47.6863222,-4.72010669984462,0.0 -47.6863073,-4.72012059984462,0.0 -47.6862864,-4.72013979984462,0.0 -47.6862655,-4.72015349984461,0.0 -47.6862424,-4.72016979984461,0.0 -47.6861992,-4.72019669984461,0.0 -47.6861516,-4.72022649984461,0.0 -47.6860909,-4.72025999984461,0.0 -47.6860294,-4.72029119984461,0.0 -47.6859959,-4.72031369984461,0.0 -47.6859587,-4.72034169984461,0.0 -47.6858813,-4.72040619984461,0.0 -47.6858469,-4.7204392998446,0.0 -47.6858172,-4.7204696998446,0.0 -47.6857943,-4.7204971998446,0.0 -47.6857737,-4.7205231998446,0.0 -47.6857507,-4.7205568998446,0.0 -47.6857352,-4.7205816998446,0.0 -47.6857217,-4.7206023998446,0.0 -47.6857091,-4.7206252998446,0.0 -47.6856985,-4.7206445998446,0.0 -47.6856765,-4.7206803998446,0.0 -47.6856618,-4.7207046998446,0.0 -47.6856401,-4.7207525998446,0.0 -47.685615,-4.72080519984459,0.0 -47.6855923,-4.72085839984459,0.0 -47.6855651,-4.72090969984459,0.0 -47.6855365,-4.72095989984459,0.0 -47.6855026,-4.72101949984459,0.0 -47.6854644,-4.72107209984458,0.0 -47.685422,-4.72112429984458,0.0 -47.6853798,-4.72116399984458,0.0 -47.6853208,-4.72121129984458,0.0 -47.6852511,-4.72127649984458,0.0 -47.6851962,-4.72132639984458,0.0 -47.6851423,-4.72137429984457,0.0 -47.6851139,-4.72139649984457,0.0 -47.6850955,-4.72141119984457,0.0 -47.6850794,-4.72142659984457,0.0 -47.6850714,-4.72143359984457,0.0 -47.6850603,-4.72144349984457,0.0 -47.6850482,-4.72145329984457,0.0 -47.6850325,-4.72146289984457,0.0 -47.685003,-4.72147949984457,0.0 -47.684975,-4.72149419984457,0.0 -47.6849576,-4.72150349984457,0.0 -47.6849023,-4.72153239984457,0.0 -47.6848578,-4.72155789984457,0.0 -47.6848341,-4.72157559984457,0.0 -47.6848164,-4.72159559984457,0.0 -47.6848002,-4.72161749984457,0.0 -47.6847895,-4.72163669984457,0.0 -47.6847766,-4.72166579984457,0.0 -47.6846771,-4.72189029984456,0.0 -47.6846657,-4.72192239984456,0.0 -47.684661,-4.72194029984456,0.0 -47.6846574,-4.72196359984456,0.0 -47.6846554,-4.72198229984456,0.0 -47.6846574,-4.72202019984455,0.0 -47.68466,-4.72205119984455,0.0 -47.6846625,-4.72207509984455,0.0 -47.6846672,-4.72209559984455,0.0 -47.6846731,-4.72211249984455,0.0 -47.6846817,-4.72213059984455,0.0 -47.6846929,-4.72215069984455,0.0 -47.6847025,-4.72216439984455,0.0 -47.6847325,-4.72220459984455,0.0 -47.6847449,-4.72221899984455,0.0 -47.684756,-4.72223099984455,0.0 -47.6847655,-4.72224119984455,0.0 -47.6847736,-4.72225079984455,0.0 -47.6847798,-4.72225719984455,0.0 -47.6847866,-4.72226429984454,0.0 -47.6847961,-4.72227359984455,0.0 -47.6848057,-4.72228199984455,0.0 -47.6848165,-4.72229089984454,0.0 -47.6848269,-4.72230419984454,0.0 -47.6848388,-4.72232409984454,0.0 -47.6848458,-4.72233749984454,0.0 -47.6848539,-4.72235489984454,0.0 -47.6848615,-4.72237429984454,0.0 -47.6848689,-4.72239959984454,0.0 -47.6848739,-4.72241679984454,0.0 -47.6848784,-4.72243769984454,0.0 -47.6848833,-4.72246339984454,0.0 -47.6848863,-4.72248219984454,0.0 -47.6848885,-4.72249399984454,0.0 -47.6848941,-4.72255219984454,0.0 -47.6848964,-4.72256939984454,0.0 -47.6848977,-4.72259019984453,0.0 -47.6848998,-4.72260959984454,0.0 -47.6849016,-4.72262329984453,0.0 -47.6849032,-4.72264959984453,0.0 -47.6849049,-4.72268349984453,0.0 -47.6849029,-4.72274259984453,0.0 -47.6848991,-4.72278819984453,0.0 -47.6848975,-4.72284159984453,0.0 -47.6848968,-4.72289559984452,0.0 -47.6848972,-4.72292189984452,0.0 -47.6848997,-4.72294469984452,0.0 -47.6849017,-4.72295789984452,0.0 -47.684907,-4.72297579984452,0.0 -47.6849147,-4.72299729984452,0.0 -47.6849229,-4.72301529984452,0.0 -47.6849349,-4.72303439984452,0.0 -47.6849487,-4.72305239984452,0.0 -47.6849656,-4.72307209984452,0.0 -47.6849841,-4.72308499984452,0.0 -47.6850089,-4.72309579984452,0.0 -47.6850364,-4.72309769984452,0.0 -47.6850597,-4.72309739984452,0.0 -47.6850865,-4.72309539984452,0.0 -47.685113,-4.72308889984452,0.0 -47.6851313,-4.72308239984452,0.0 -47.6851611,-4.72306249984452,0.0 -47.6851994,-4.72303579984452,0.0 -47.6852383,-4.72300689984452,0.0 -47.6852873,-4.72297619984452,0.0 -47.6853392,-4.72294879984452,0.0 -47.685392,-4.72292169984452,0.0 -47.6854455,-4.72289309984452,0.0 -47.6854924,-4.72286749984453,0.0 -47.6855462,-4.72284289984453,0.0 -47.685593,-4.72282139984453,0.0 -47.6856416,-4.72280369984453,0.0 -47.6856725,-4.72280069984453,0.0 -47.685704,-4.72280209984453,0.0 -47.6857369,-4.72281189984453,0.0 -47.6857766,-4.72282939984453,0.0 -47.6858103,-4.72284749984453,0.0 -47.6858511,-4.72286899984453,0.0 -47.6858913,-4.72289179984452,0.0 -47.6859271,-4.72291659984452,0.0 -47.6859597,-4.72294379984452,0.0 -47.6859993,-4.72297499984452,0.0 -47.6860583,-4.72303029984452,0.0 -47.6861051,-4.72307139984452,0.0 -47.6861618,-4.72311929984452,0.0 -47.6862398,-4.72319179984452,0.0 -47.6862985,-4.72324629984451,0.0 -47.6863421,-4.72328169984451,0.0 -47.6863987,-4.72332119984451,0.0 -47.6864419,-4.72335069984451,0.0 -47.6864951,-4.72338479984451,0.0 -47.686542,-4.72342139984451,0.0 -47.6865808,-4.72345249984451,0.0 -47.6866095,-4.72347509984451,0.0 -47.6866448,-4.7235039998445,0.0 -47.6866765,-4.72352459984451,0.0 -47.6867087,-4.7235475998445,0.0 -47.686744,-4.7235688998445,0.0 -47.6867803,-4.7235853998445,0.0 -47.6868112,-4.7235969998445,0.0 -47.6868478,-4.7236104998445,0.0 -47.6868807,-4.7236191998445,0.0 -47.6869156,-4.7236241998445,0.0 -47.6869584,-4.7236271998445,0.0 -47.6869989,-4.7236283998445,0.0 -47.6870421,-4.7236248998445,0.0 -47.6870942,-4.7236212998445,0.0 -47.6871354,-4.7236163998445,0.0 -47.6871834,-4.7236092998445,0.0 -47.6872194,-4.7236039998445,0.0 -47.6872692,-4.7235937998445,0.0 -47.6873257,-4.7235844998445,0.0 -47.6873737,-4.7235779998445,0.0 -47.6874185,-4.7235696998445,0.0 -47.6874639,-4.7235586998445,0.0 -47.6875123,-4.7235444998445,0.0 -47.6875532,-4.7235297998445,0.0 -47.6876236,-4.7235110998445,0.0 -47.6876904,-4.72349039984451,0.0 -47.6877593,-4.72346699984451,0.0 -47.6878081,-4.72344489984451,0.0 -47.6878688,-4.72342059984451,0.0 -47.6879405,-4.72339489984451,0.0 -47.688009,-4.72337129984451,0.0 -47.6880964,-4.72333649984451,0.0 -47.6881344,-4.72332209984451,0.0 -47.6881687,-4.72330529984451,0.0 -47.6882072,-4.72329309984451,0.0 -47.688242,-4.72328509984451,0.0 -47.6882933,-4.72327839984451,0.0 -47.6883466,-4.72327129984451,0.0 -47.6883945,-4.72326959984451,0.0 -47.6884434,-4.72326999984451,0.0 -47.6884898,-4.72326839984451,0.0 -47.6885393,-4.72327069984451,0.0 -47.6885906,-4.72326909984451,0.0 -47.6886361,-4.72327149984451,0.0 -47.6886849,-4.72327699984451,0.0 -47.6887398,-4.72328659984451,0.0 -47.6887947,-4.72329499984451,0.0 -47.6888497,-4.72330119984451,0.0 -47.6889103,-4.72330459984451,0.0 -47.6889691,-4.72330639984451,0.0 -47.689027,-4.72330969984451,0.0 -47.6891097,-4.72331009984451,0.0 -47.689212,-4.72330119984451,0.0 -47.6892778,-4.72329299984451,0.0 -47.6893384,-4.72328269984451,0.0 -47.6894061,-4.72327039984451,0.0 -47.6894676,-4.72325749984451,0.0 -47.6895273,-4.72324189984451,0.0 -47.6896001,-4.72322509984452,0.0 -47.6896884,-4.72320319984452,0.0 -47.6897675,-4.72318699984451,0.0 -47.6898302,-4.72317879984452,0.0 -47.6898529,-4.72317519984451,0.0 -47.6898824,-4.72317039984452,0.0 -47.6899011,-4.72316939984452,0.0 -47.6899216,-4.72317109984452,0.0 -47.6899557,-4.72317729984452,0.0 -47.6899867,-4.72318459984451,0.0 -47.6900289,-4.72320029984452,0.0 -47.690061,-4.72321579984451,0.0 -47.6901512,-4.72326429984451,0.0 -47.6902071,-4.72329959984451,0.0 -47.6903314,-4.72337549984451,0.0 -47.6904148,-4.72341879984451,0.0 -47.6904366,-4.72343009984451,0.0 -47.6904521,-4.72344149984451,0.0 -47.6913691,-4.7236796998445,0.0 -47.6914299,-4.7236965998445,0.0 -47.6915179,-4.7237330998445,0.0 -47.6917292,-4.72383649984449,0.0 -47.6918458,-4.72390459984449,0.0 -47.6921929,-4.72412659984448,0.0 -47.6924525,-4.72432409984448,0.0 -47.6944217,-4.72439999984448,0.0 -47.6946949,-4.72417899984448,0.0 -47.694811,-4.72407659984449,0.0 -47.6949348,-4.72398209984449,0.0 -47.695066,-4.72389339984449,0.0 -47.6952043,-4.7237927998445,0.0 -47.6952766,-4.7237206998445,0.0 -47.6957477,-4.72329939984451,0.0 -47.6966887,-4.72251339984454,0.0 -47.6979265,-4.72140409984457,0.0 -47.6979829,-4.72137199984457,0.0 -47.698062,-4.72131169984458,0.0 -47.6981281,-4.72126879984458,0.0 -47.6981985,-4.72123029984458,0.0 -47.6982748,-4.72117979984458,0.0 -47.698408,-4.72110099984458,0.0 -47.6988774,-4.7205517998446,0.0 -47.6987884,-4.72044509984461,0.0 -47.698703,-4.72034539984461,0.0 -47.6986683,-4.72030449984461,0.0 -47.6986122,-4.72025019984461,0.0 -47.69855,-4.72018879984461,0.0 -47.6984984,-4.72012919984462,0.0 -47.6984732,-4.72009839984462,0.0 -47.6984628,-4.72008559984462,0.0 -47.6984548,-4.72007229984462,0.0 -47.6984539,-4.72006159984462,0.0 -47.6984512,-4.72005359984462,0.0 -47.6984477,-4.72004379984462,0.0 -47.6984414,-4.72003219984462,0.0 -47.6984325,-4.72001889984462,0.0 -47.6984227,-4.72000819984462,0.0 -47.6983952,-4.71999219984462,0.0 -47.698364,-4.71997529984462,0.0 -47.6983186,-4.71994949984462,0.0 -47.6982813,-4.71992459984462,0.0 -47.6982546,-4.71989969984462,0.0 -47.6982332,-4.71986759984462,0.0 -47.6982119,-4.71983739984463,0.0 -47.698187,-4.71980179984463,0.0 -47.6981638,-4.71975549984463,0.0 -47.6981425,-4.71970569984463,0.0 -47.6981282,-4.71966479984463,0.0 -47.6981282,-4.71963269984463,0.0 -47.6981371,-4.71958999984463,0.0 -47.6981567,-4.71955089984463,0.0 -47.6982119,-4.71948859984464,0.0 -47.6982457,-4.71944589984464,0.0 -47.6982586,-4.71943169984464,0.0 -47.6982795,-4.71940849984464,0.0 -47.6983044,-4.71937829984464,0.0 -47.6983275,-4.71933739984464,0.0 -47.6983489,-4.71928929984464,0.0 -47.6983596,-4.71924309984464,0.0 -47.6983596,-4.71919859984465,0.0 -47.6983507,-4.71915409984465,0.0 -47.6983453,-4.71911849984465,0.0 -47.6983507,-4.71909539984465,0.0 -47.6983702,-4.71905269984465,0.0 -47.6984112,-4.71901169984465,0.0 -47.6984361,-4.71899219984465,0.0 -47.6984752,-4.71897079984465,0.0 -47.6985215,-4.71894229984466,0.0 -47.6985624,-4.71891559984465,0.0 -47.6985838,-4.71889959984466,0.0 -47.6986016,-4.71887829984466,0.0 -47.6986122,-4.71884269984466,0.0 -47.6986158,-4.71878219984466,0.0 -47.6986532,-4.71867359984466,0.0 -47.6987528,-4.71860249984466,0.0 -47.6988881,-4.71850989984467,0.0 -47.6990518,-4.71847429984467,0.0 -47.6991585,-4.71846719984467,0.0 -47.6992724,-4.71836039984467,0.0 -47.6993436,-4.71831059984468,0.0 -47.6995144,-4.71816119984468,0.0 -47.6996221,-4.71805179984468,0.0 -47.6996265,-4.71804729984468,0.0 -47.6996981,-4.71797629984469,0.0 -47.6997554,-4.71793099984469,0.0 -47.6998383,-4.71788709984469,0.0 -47.6999317,-4.71784419984469,0.0 -47.7000269,-4.71780349984469,0.0 -47.7001424,-4.71775849984469,0.0 -47.7002458,-4.71771449984469,0.0 -47.7003779,-4.71766549984469,0.0 -47.7004718,-4.7176326998447,0.0 -47.7005955,-4.7176030998447,0.0 -47.7006288,-4.7175967998447,0.0 -47.7007,-4.7175833998447,0.0 -47.7007904,-4.7175717998447,0.0 -47.7008773,-4.7175520998447,0.0 -47.7009494,-4.7175193998447,0.0 -47.701016,-4.7174779998447,0.0 -47.7010783,-4.7174418998447,0.0 -47.701175,-4.71738039984471,0.0 -47.7012862,-4.71731149984471,0.0 -47.7014018,-4.71724909984471,0.0 -47.7015343,-4.71709849984471,0.0 -47.7015995,-4.71700279984472,0.0 -47.7016462,-4.71691839984472,0.0 -47.7016999,-4.71682249984472,0.0 -47.7017583,-4.71674469984473,0.0 -47.7018132,-4.71668349984473,0.0 -47.7018716,-4.71660069984473,0.0 -47.7019109,-4.71650339984473,0.0 -47.7019183,-4.71639459984474,0.0 -47.7019096,-4.71627139984474,0.0 -47.7018976,-4.71619039984474,0.0 -47.7018741,-4.71610089984475,0.0 -47.7018381,-4.71601249984475,0.0 -47.7017692,-4.71591299984475,0.0 -47.7017112,-4.71584279984476,0.0 -47.7016165,-4.71576069984476,0.0 -47.7015477,-4.71569919984476,0.0 -47.7014689,-4.71562629984476,0.0 -47.7014344,-4.71558449984476,0.0 -47.7014199,-4.71553059984476,0.0 -47.7014206,-4.71547049984477,0.0 -47.7014023,-4.71539229984477,0.0 -47.7013441,-4.71525419984478,0.0 -47.70133,-4.71523619984477,0.0 -47.701306,-4.71521279984478,0.0 -47.7012499,-4.71517719984478,0.0 -47.7010533,-4.71502869984478,0.0 -47.7009826,-4.71495459984478,0.0 -47.7008971,-4.71488339984479,0.0 -47.7008257,-4.71481979984479,0.0 -47.700763,-4.71474449984479,0.0 -47.7006961,-4.71466409984479,0.0 -47.7005986,-4.7145845998448,0.0 -47.7005396,-4.7145460998448,0.0 -47.7003026,-4.7144328998448,0.0 -47.7002071,-4.7144055998448,0.0 -47.7001216,-4.7143931998448,0.0 -47.7000502,-4.7143787998448,0.0 -47.7000081,-4.7143646998448,0.0 -47.6999826,-4.7143569998448,0.0 -47.6999673,-4.7143495998448,0.0 -47.6999554,-4.7143373998448,0.0 -47.6999148,-4.71427159984481,0.0 -47.6998315,-4.71415499984481,0.0 -47.6997662,-4.71409509984481,0.0 -47.6997121,-4.71404629984481,0.0 -47.6996872,-4.71402309984481,0.0 -47.6996523,-4.71399059984481,0.0 -47.6995859,-4.71392979984482,0.0 -47.6995227,-4.71386619984482,0.0 -47.6994731,-4.71377289984482,0.0 -47.6994385,-4.71367279984483,0.0 -47.6994219,-4.71358519984483,0.0 -47.6994189,-4.71350889984483,0.0 -47.699426,-4.71341839984483,0.0 -47.699432,-4.71335919984484,0.0 -47.6994358,-4.71332139984484,0.0 -47.6994456,-4.71324189984484,0.0 -47.6994567,-4.71315249984484,0.0 -47.6994771,-4.71306459984485,0.0 -47.6994976,-4.71296129984485,0.0 -47.6995242,-4.71289759984485,0.0 -47.6995402,-4.71287619984485,0.0 -47.6995723,-4.71285129984485,0.0 -47.6996132,-4.71281389984485,0.0 -47.6996544,-4.71277399984486,0.0 -47.6996701,-4.71275879984486,0.0 -47.6997075,-4.71271609984486,0.0 -47.6997716,-4.71261819984486,0.0 -47.6998178,-4.71253629984486,0.0 -47.6998356,-4.71247939984487,0.0 -47.6998534,-4.71240469984486,0.0 -47.699857,-4.71231209984487,0.0 -47.6998427,-4.71221249984487,0.0 -47.6998107,-4.71204879984488,0.0 -47.6997929,-4.71195269984488,0.0 -47.6997716,-4.71179249984489,0.0 -47.6997555,-4.71167329984489,0.0 -47.6997413,-4.71158429984489,0.0 -47.6997271,-4.7114988998449,0.0 -47.6997039,-4.7114027998449,0.0 -47.6996844,-4.7113173998449,0.0 -47.6996595,-4.71121419984491,0.0 -47.6996203,-4.71110029984491,0.0 -47.6995812,-4.71101139984491,0.0 -47.699542,-4.71092599984491,0.0 -47.6995046,-4.71086549984492,0.0 -47.6994424,-4.71078719984492,0.0 -47.6993534,-4.71069999984492,0.0 -47.6993053,-4.71065189984493,0.0 -47.6992413,-4.71059499984493,0.0 -47.699195,-4.71055409984493,0.0 -47.6991434,-4.71050779984493,0.0 -47.699106,-4.71046149984493,0.0 -47.6990794,-4.71040809984493,0.0 -47.6990438,-4.71032809984493,0.0 -47.6990242,-4.71029249984494,0.0 -47.6990082,-4.71027329984494,0.0 -47.6989797,-4.71023909984494,0.0 -47.6989334,-4.71012879984494,0.0 -47.6989156,-4.71003979984494,0.0 -47.6989156,-4.70994009984495,0.0 -47.6989441,-4.70983339984495,0.0 -47.6989939,-4.70969809984496,0.0 -47.6990829,-4.70944549984496,0.0 -47.6992324,-4.70912869984497,0.0 -47.6996096,-4.708363599845,0.0 -47.6996844,-4.708221199845,0.0 -47.6997627,-4.70810729984501,0.0 -47.6998338,-4.70803259984501,0.0 -47.699905,-4.70797209984501,0.0 -47.6999077,-4.70796999984501,0.0 -47.6999691,-4.70792229984501,0.0 -47.7000082,-4.70787599984501,0.0 -47.7000257,-4.70784309984502,0.0 -47.7000296,-4.70781639984502,0.0 -47.7000296,-4.70770159984502,0.0 -47.700026,-4.70764819984502,0.0 -47.7000153,-4.70754499984503,0.0 -47.7000225,-4.70745249984503,0.0 -47.7000403,-4.70734569984503,0.0 -47.7000616,-4.70726739984503,0.0 -47.7000767,-4.70720959984504,0.0 -47.7000794,-4.70717489984504,0.0 -47.700074,-4.70714239984504,0.0 -47.7000652,-4.70711079984504,0.0 -47.7000367,-4.70704319984504,0.0 -47.7000011,-4.70698269984504,0.0 -47.6999228,-4.70690439984505,0.0 -47.699816,-4.70678699984505,0.0 -47.6997271,-4.70666239984505,0.0 -47.6996381,-4.70654849984506,0.0 -47.6995598,-4.70642749984506,0.0 -47.6994957,-4.70633139984507,0.0 -47.6994246,-4.70623889984507,0.0 -47.6993249,-4.70612149984507,0.0 -47.6992644,-4.70603609984508,0.0 -47.6992039,-4.70595779984508,0.0 -47.699147,-4.70588659984508,0.0 -47.6990882,-4.70581899984508,0.0 -47.6990438,-4.70576379984508,0.0 -47.6990082,-4.70571749984509,0.0 -47.698969,-4.70566239984509,0.0 -47.6989174,-4.70559389984509,0.0 -47.6988845,-4.70554139984509,0.0 -47.6988649,-4.70550669984509,0.0 -47.6988454,-4.70547019984509,0.0 -47.6988325,-4.7054355998451,0.0 -47.6988249,-4.7053998998451,0.0 -47.6988236,-4.7053539998451,0.0 -47.6988213,-4.7053028998451,0.0 -47.6988228,-4.7052709998451,0.0 -47.6988251,-4.7052183998451,0.0 -47.698832,-4.7051747998451,0.0 -47.6988498,-4.70509649984511,0.0 -47.6988854,-4.70502179984511,0.0 -47.6989121,-4.70493639984511,0.0 -47.6989199,-4.70489329984511,0.0 -47.6989169,-4.70486529984511,0.0 -47.698905,-4.70481889984512,0.0 -47.6988833,-4.70477889984512,0.0 -47.6988623,-4.70474059984512,0.0 -47.6988356,-4.70470149984512,0.0 -47.6988089,-4.70465169984512,0.0 -47.6987687,-4.70459279984512,0.0 -47.6987128,-4.70451109984513,0.0 -47.6986042,-4.70435799984513,0.0 -47.6985406,-4.70427089984513,0.0 -47.6985079,-4.70422579984513,0.0 -47.6984494,-4.70416409984514,0.0 -47.6983879,-4.70412379984514,0.0 -47.6983154,-4.70408369984514,0.0 -47.6982285,-4.70404539984514,0.0 -47.6981888,-4.70401089984514,0.0 -47.6981334,-4.70396029984514,0.0 -47.6980748,-4.70389579984514,0.0 -47.6980488,-4.70384519984515,0.0 -47.6980384,-4.70380459984515,0.0 -47.6980295,-4.70374769984515,0.0 -47.6980382,-4.70367759984515,0.0 -47.6980603,-4.70360629984515,0.0 -47.6980934,-4.70353539984516,0.0 -47.6981607,-4.70337069984516,0.0 -47.6982502,-4.70301689984517,0.0 -47.6983256,-4.70284529984518,0.0 -47.6983963,-4.70274559984518,0.0 -47.698517,-4.70261469984519,0.0 -47.698693,-4.70240279984519,0.0 -47.6989284,-4.7021687998452,0.0 -47.6990907,-4.70196629984521,0.0 -47.6991464,-4.70189669984521,0.0 -47.6992251,-4.70178029984521,0.0 -47.699291,-4.70166939984522,0.0 -47.6993665,-4.70155119984522,0.0 -47.6994027,-4.70147759984522,0.0 -47.6994259,-4.70141969984522,0.0 -47.6994426,-4.70131909984523,0.0 -47.6994437,-4.70124789984523,0.0 -47.6994396,-4.70113009984524,0.0 -47.699437,-4.70107199984524,0.0 -47.6994295,-4.70099469984524,0.0 -47.6994227,-4.70092479984524,0.0 -47.6994088,-4.70084979984524,0.0 -47.6993905,-4.70076709984525,0.0 -47.6993521,-4.70067139984525,0.0 -47.6993003,-4.70055199984525,0.0 -47.6992593,-4.70047199984526,0.0 -47.6992241,-4.70040499984526,0.0 -47.6991755,-4.70033189984526,0.0 -47.6991414,-4.70028269984526,0.0 -47.69911,-4.70024209984526,0.0 -47.6990684,-4.70019519984527,0.0 -47.6990259,-4.70015589984527,0.0 -47.6989661,-4.70010769984527,0.0 -47.6985545,-4.69987149984528,0.0 -47.6984297,-4.69980659984528,0.0 -47.6983034,-4.69972649984528,0.0 -47.6982232,-4.69966899984528,0.0 -47.698127,-4.69958869984529,0.0 -47.6980508,-4.69951259984529,0.0 -47.6979672,-4.69942009984529,0.0 -47.697832,-4.6992670998453,0.0 -47.6976967,-4.6990855998453,0.0 -47.6976078,-4.69898239984531,0.0 -47.6975615,-4.69892189984531,0.0 -47.6975366,-4.69888269984531,0.0 -47.6974939,-4.69881859984531,0.0 -47.6974512,-4.69874749984531,0.0 -47.6974156,-4.69868699984531,0.0 -47.6973871,-4.69862999984532,0.0 -47.6973658,-4.69857659984532,0.0 -47.697348,-4.69851969984532,0.0 -47.6973266,-4.69845649984532,0.0 -47.6973207,-4.69842189984532,0.0 -47.6973159,-4.69836849984533,0.0 -47.6973124,-4.69833379984533,0.0 -47.6973072,-4.69831499984533,0.0 -47.6973021,-4.69829499984533,0.0 -47.6972964,-4.69827769984533,0.0 -47.6972835,-4.69824199984533,0.0 -47.6972634,-4.69820299984533,0.0 -47.6972501,-4.69818339984533,0.0 -47.6972234,-4.69814249984533,0.0 -47.6971914,-4.69810869984533,0.0 -47.6971665,-4.69808019984533,0.0 -47.6971398,-4.69805529984534,0.0 -47.6971113,-4.69803039984534,0.0 -47.6970846,-4.69801429984534,0.0 -47.6970668,-4.69800539984534,0.0 -47.6970294,-4.69799479984534,0.0 -47.6969867,-4.69798939984534,0.0 -47.6969529,-4.69798769984534,0.0 -47.6969191,-4.69798769984534,0.0 -47.6968657,-4.69798769984534,0.0 -47.6967732,-4.69799119984534,0.0 -47.6967394,-4.69799829984534,0.0 -47.6967002,-4.69801079984534,0.0 -47.6966647,-4.69803039984534,0.0 -47.6966255,-4.69805169984533,0.0 -47.6965757,-4.69807839984533,0.0 -47.6965259,-4.69811039984533,0.0 -47.6964654,-4.69814069984533,0.0 -47.6964209,-4.69815669984533,0.0 -47.6963693,-4.69817269984533,0.0 -47.6963141,-4.69819229984533,0.0 -47.6962714,-4.69820829984533,0.0 -47.6962162,-4.69823139984533,0.0 -47.6961824,-4.69824029984533,0.0 -47.6961362,-4.69824209984533,0.0 -47.6961041,-4.69823499984533,0.0 -47.6960596,-4.69821359984533,0.0 -47.696008,-4.69817449984533,0.0 -47.6959475,-4.69812289984533,0.0 -47.6959173,-4.69809259984533,0.0 -47.6958586,-4.69804819984533,0.0 -47.6958105,-4.69801789984534,0.0 -47.6957589,-4.69798769984534,0.0 -47.6957055,-4.69796099984534,0.0 -47.6955828,-4.69789869984534,0.0 -47.6955027,-4.69785949984534,0.0 -47.6954618,-4.69783999984534,0.0 -47.6954289,-4.69782519984534,0.0 -47.6954262,-4.69782389984534,0.0 -47.6953763,-4.69780439984534,0.0 -47.695339,-4.69778479984534,0.0 -47.6953158,-4.69775989984534,0.0 -47.6953069,-4.69772609984535,0.0 -47.6953052,-4.69768509984535,0.0 -47.6953176,-4.69763889984535,0.0 -47.6953399,-4.69754899984535,0.0 -47.6953678,-4.69748649984535,0.0 -47.6953817,-4.69745559984536,0.0 -47.6954128,-4.69738529984536,0.0 -47.6954315,-4.69734619984536,0.0 -47.6954991,-4.69720559984536,0.0 -47.6955169,-4.69713799984537,0.0 -47.6955525,-4.69705789984537,0.0 -47.6955952,-4.69695109984537,0.0 -47.6956433,-4.69684439984538,0.0 -47.6956788,-4.69674119984538,0.0 -47.6957073,-4.69663789984538,0.0 -47.6957216,-4.69652409984539,0.0 -47.6957393,-4.69637459984539,0.0 -47.6957358,-4.69626779984539,0.0 -47.6957216,-4.6961752998454,0.0 -47.6957144,-4.6961218998454,0.0 -47.6956824,-4.6959937998454,0.0 -47.6956468,-4.6959083998454,0.0 -47.6956041,-4.69583719984541,0.0 -47.6955863,-4.69581229984541,0.0 -47.6955596,-4.69578559984541,0.0 -47.6955329,-4.69576599984541,0.0 -47.6954795,-4.69573929984541,0.0 -47.695419,-4.69572509984541,0.0 -47.6953746,-4.69571259984541,0.0 -47.6953247,-4.69569129984541,0.0 -47.6952838,-4.69566819984541,0.0 -47.6952411,-4.69564679984541,0.0 -47.6951735,-4.69561119984542,0.0 -47.6950916,-4.69555779984542,0.0 -47.6950187,-4.69550799984542,0.0 -47.6949653,-4.69546529984542,0.0 -47.6949279,-4.69542969984542,0.0 -47.6948906,-4.69539409984542,0.0 -47.6948585,-4.69534789984542,0.0 -47.6948461,-4.69532469984542,0.0 -47.6948301,-4.69531049984542,0.0 -47.6948123,-4.69529979984542,0.0 -47.6947927,-4.69529449984543,0.0 -47.6947375,-4.69527129984543,0.0 -47.6947197,-4.69525349984543,0.0 -47.6947002,-4.69523219984543,0.0 -47.6946895,-4.69521799984543,0.0 -47.6946752,-4.69519659984543,0.0 -47.6946646,-4.69518059984543,0.0 -47.6946557,-4.69516279984543,0.0 -47.6946468,-4.69514499984543,0.0 -47.6946397,-4.69512359984543,0.0 -47.6946397,-4.69510409984543,0.0 -47.694645,-4.69506669984543,0.0 -47.694645,-4.69503109984543,0.0 -47.6946343,-4.69500089984544,0.0 -47.6946254,-4.69498659984544,0.0 -47.6946023,-4.69496879984544,0.0 -47.694572,-4.69494389984544,0.0 -47.6945115,-4.69491719984544,0.0 -47.6944706,-4.69490479984544,0.0 -47.6944065,-4.69490479984544,0.0 -47.6943425,-4.69489939984544,0.0 -47.6943158,-4.69487989984544,0.0 -47.694298,-4.69486919984544,0.0 -47.694266,-4.69484779984544,0.0 -47.6941628,-4.69480329984544,0.0 -47.6940702,-4.69477129984544,0.0 -47.6939741,-4.69475349984544,0.0 -47.6938425,-4.69473929984544,0.0 -47.6937215,-4.69472509984545,0.0 -47.6935364,-4.69473929984544,0.0 -47.6933727,-4.69474279984544,0.0 -47.6932588,-4.69474639984544,0.0 -47.6932563,-4.69474599984544,0.0 -47.6931947,-4.69473569984544,0.0 -47.6931093,-4.69471079984544,0.0 -47.6930453,-4.69468949984544,0.0 -47.6929207,-4.69462899984545,0.0 -47.6928139,-4.69457559984545,0.0 -47.6926929,-4.69451509984545,0.0 -47.6926075,-4.69448299984545,0.0 -47.692547,-4.69446529984545,0.0 -47.6924331,-4.69444389984545,0.0 -47.692362,-4.69442609984545,0.0 -47.6922872,-4.69440479984545,0.0 -47.6922161,-4.69437979984546,0.0 -47.692152,-4.69434779984546,0.0 -47.6920951,-4.69430869984546,0.0 -47.692031,-4.69424099984546,0.0 -47.6919883,-4.69417699984546,0.0 -47.6919755,-4.69415999984546,0.0 -47.6919456,-4.69411999984546,0.0 -47.6918851,-4.69404889984547,0.0 -47.6918673,-4.69403109984547,0.0 -47.691821,-4.69399549984547,0.0 -47.6917534,-4.69395989984547,0.0 -47.6916787,-4.69392069984547,0.0 -47.6916288,-4.69388519984547,0.0 -47.6916106,-4.69385939984547,0.0 -47.6916062,-4.69384999984547,0.0 -47.6916022,-4.69384099984547,0.0 -47.6915977,-4.69382639984547,0.0 -47.6915968,-4.69381309984548,0.0 -47.6915968,-4.69379079984548,0.0 -47.6915968,-4.69375879984548,0.0 -47.6915968,-4.69374189984548,0.0 -47.6915968,-4.69371789984548,0.0 -47.6915946,-4.69368319984548,0.0 -47.6915933,-4.69365029984548,0.0 -47.6915919,-4.69363289984548,0.0 -47.6915899,-4.69362229984548,0.0 -47.6915817,-4.69360929984548,0.0 -47.6915734,-4.69360029984548,0.0 -47.691547,-4.69358269984548,0.0 -47.6915114,-4.69355059984548,0.0 -47.6914509,-4.69349719984548,0.0 -47.6914082,-4.69346159984549,0.0 -47.691369,-4.69341179984549,0.0 -47.6913192,-4.69335129984549,0.0 -47.6912943,-4.69330509984549,0.0 -47.6912658,-4.69325519984549,0.0 -47.6912448,-4.69322309984549,0.0 -47.6912302,-4.69320189984549,0.0 -47.6912218,-4.69318139984549,0.0 -47.6912196,-4.6931341998455,0.0 -47.691218,-4.6931023998455,0.0 -47.6912169,-4.6930781998455,0.0 -47.6912089,-4.6930558998455,0.0 -47.6911915,-4.6930372998455,0.0 -47.6911728,-4.6930209998455,0.0 -47.691152,-4.6930131998455,0.0 -47.691031,-4.6929562998455,0.0 -47.6908744,-4.6929135998455,0.0 -47.6906964,-4.69286019984551,0.0 -47.6905007,-4.69280679984551,0.0 -47.6903726,-4.69277119984551,0.0 -47.6902729,-4.69272139984551,0.0 -47.6901875,-4.69266799984551,0.0 -47.6901056,-4.69262889984551,0.0 -47.6898636,-4.69254699984552,0.0 -47.6896501,-4.69249009984552,0.0 -47.6893867,-4.69239399984552,0.0 -47.6891768,-4.69232989984552,0.0 -47.6889348,-4.69220889984553,0.0 -47.6887497,-4.69208789984553,0.0 -47.6885789,-4.69189929984554,0.0 -47.6885523,-4.69187429984554,0.0 -47.6885357,-4.69186189984554,0.0 -47.6885184,-4.69185299984554,0.0 -47.6884259,-4.69182809984554,0.0 -47.6883369,-4.69181029984554,0.0 -47.6882657,-4.69180319984554,0.0 -47.6882016,-4.69180319984554,0.0 -47.688134,-4.69179609984554,0.0 -47.6880344,-4.69179249984554,0.0 -47.6878885,-4.69174979984554,0.0 -47.6877497,-4.69169639984554,0.0 -47.6876287,-4.69166439984554,0.0 -47.6875539,-4.69163239984555,0.0 -47.6875139,-4.69160519984555,0.0 -47.6874759,-4.69158789984555,0.0 -47.6874455,-4.69157679984555,0.0 -47.6874027,-4.69156609984555,0.0 -47.6873381,-4.69155749984555,0.0 -47.6872828,-4.69154409984555,0.0 -47.6872315,-4.69153519984555,0.0 -47.6871536,-4.69151139984555,0.0 -47.6869133,-4.69141709984555,0.0 -47.6868761,-4.69139799984555,0.0 -47.6868261,-4.69136899984555,0.0 -47.6866909,-4.69128629984556,0.0 -47.686618,-4.69124619984556,0.0 -47.6865815,-4.69123019984556,0.0 -47.6865559,-4.69121219984556,0.0 -47.6865404,-4.69119419984556,0.0 -47.6865245,-4.69117599984556,0.0 -47.6865007,-4.69114339984556,0.0 -47.6864786,-4.69111439984556,0.0 -47.6864533,-4.69105759984556,0.0 -47.6864249,-4.69099529984557,0.0 -47.6864071,-4.69094549984557,0.0 -47.6863928,-4.69091699984557,0.0 -47.6863768,-4.69088529984557,0.0 -47.6863635,-4.69084319984557,0.0 -47.6863625,-4.69082459984557,0.0 -47.6863617,-4.69080939984557,0.0 -47.6863626,-4.69079869984557,0.0 -47.686367,-4.69076399984557,0.0 -47.6863759,-4.69072219984557,0.0 -47.6863848,-4.69069109984558,0.0 -47.6864097,-4.69061989984558,0.0 -47.6864286,-4.69054329984558,0.0 -47.6864401,-4.69044569984558,0.0 -47.6864492,-4.69036219984559,0.0 -47.6864434,-4.69026749984559,0.0 -47.686429,-4.69017359984559,0.0 -47.6864135,-4.69010879984559,0.0 -47.6863881,-4.6900030998456,0.0 -47.6863113,-4.6897878998456,0.0 -47.6862693,-4.68969589984561,0.0 -47.6862129,-4.68956469984561,0.0 -47.6861783,-4.68944869984561,0.0 -47.6861734,-4.68942969984562,0.0 -47.6861546,-4.68935729984562,0.0 -47.6861467,-4.68931999984562,0.0 -47.6861461,-4.68929649984562,0.0 -47.6861453,-4.68922159984562,0.0 -47.6861469,-4.68916559984562,0.0 -47.6861464,-4.68909849984563,0.0 -47.6861466,-4.68904239984563,0.0 -47.6861433,-4.68898279984563,0.0 -47.6861468,-4.68890449984563,0.0 -47.6861535,-4.68884069984564,0.0 -47.6861578,-4.68881099984564,0.0 -47.6861679,-4.68877899984564,0.0 -47.6861805,-4.68875369984564,0.0 -47.6861987,-4.68872689984564,0.0 -47.6862236,-4.68869759984564,0.0 -47.6865331,-4.68839769984565,0.0 -47.68668,-4.68826829984565,0.0 -47.6867305,-4.68821759984566,0.0 -47.6867678,-4.68818469984566,0.0 -47.6867972,-4.68815799984566,0.0 -47.6868138,-4.68813679984566,0.0 -47.6868257,-4.68811709984566,0.0 -47.6868525,-4.68807639984566,0.0 -47.6868783,-4.68803749984566,0.0 -47.6868936,-4.68800539984566,0.0 -47.6869118,-4.68797519984567,0.0 -47.6869591,-4.68791769984567,0.0 -47.6870418,-4.68783229984567,0.0 -47.687168,-4.68770659984567,0.0 -47.6872289,-4.68761769984568,0.0 -47.6872816,-4.68754499984568,0.0 -47.6873123,-4.68748419984568,0.0 -47.6873537,-4.68742189984568,0.0 -47.6874034,-4.68733479984569,0.0 -47.6874498,-4.68724819984569,0.0 -47.6874894,-4.68718689984569,0.0 -47.6875468,-4.68709819984569,0.0 -47.6876077,-4.6870041998457,0.0 -47.687654,-4.6869124998457,0.0 -47.6876949,-4.6867798998457,0.0 -47.6877361,-4.68666709984571,0.0 -47.68775,-4.68658129984571,0.0 -47.6877911,-4.68643059984571,0.0 -47.6878083,-4.68631169984572,0.0 -47.6878194,-4.68618289984572,0.0 -47.6878547,-4.68604589984573,0.0 -47.687873,-4.68599319984573,0.0 -47.6878773,-4.68593499984573,0.0 -47.6879058,-4.68585449984573,0.0 -47.6879571,-4.68576749984573,0.0 -47.6880247,-4.68568539984574,0.0 -47.688137,-4.68557419984574,0.0 -47.6882247,-4.68547819984575,0.0 -47.688297,-4.68542609984575,0.0 -47.6884201,-4.68536699984575,0.0 -47.6885524,-4.68531629984575,0.0 -47.6886991,-4.68524919984575,0.0 -47.6888548,-4.68515279984576,0.0 -47.6889129,-4.68502439984576,0.0 -47.6890202,-4.68484099984577,0.0 -47.6891643,-4.68455539984578,0.0 -47.6897501,-4.68354659984581,0.0 -47.6898884,-4.68330829984582,0.0 -47.6899489,-4.68323649984582,0.0 -47.6899958,-4.68316149984582,0.0 -47.6900694,-4.68305759984582,0.0 -47.6901106,-4.68301059984583,0.0 -47.6901387,-4.68296809984583,0.0 -47.6901528,-4.68294819984583,0.0 -47.690159,-4.68293119984583,0.0 -47.6901592,-4.68290359984583,0.0 -47.6901519,-4.68287099984583,0.0 -47.6902166,-4.68228119984585,0.0 -47.6902187,-4.68221859984585,0.0 -47.6902105,-4.68216949984585,0.0 -47.6902024,-4.68206679984586,0.0 -47.6902013,-4.68205669984586,0.0 -47.6901846,-4.68190539984586,0.0 -47.6901686,-4.68177749984587,0.0 -47.6901517,-4.68168499984587,0.0 -47.690131,-4.68158539984587,0.0 -47.6901079,-4.68151069984588,0.0 -47.6900732,-4.68145439984588,0.0 -47.6900499,-4.68139939984588,0.0 -47.6900337,-4.68132959984588,0.0 -47.6900063,-4.68116379984589,0.0 -47.6896329,-4.67944419984594,0.0 -47.6896214,-4.67938859984594,0.0 -47.6896124,-4.67934669984594,0.0 -47.6896096,-4.67932419984595,0.0 -47.6896054,-4.67929949984595,0.0 -47.6896059,-4.67927059984595,0.0 -47.6896072,-4.67925109984595,0.0 -47.6896086,-4.67923119984595,0.0 -47.6896144,-4.67920549984595,0.0 -47.6896191,-4.67918459984595,0.0 -47.6896295,-4.67913799984595,0.0 -47.6896408,-4.67910019984595,0.0 -47.6896542,-4.67906369984596,0.0 -47.6897373,-4.67889449984596,0.0 -47.6897548,-4.67885889984596,0.0 -47.6897719,-4.67882169984596,0.0 -47.689797,-4.67877429984596,0.0 -47.6898534,-4.67862239984597,0.0 -47.6898884,-4.67846359984597,0.0 -47.6899427,-4.67744279984601,0.0 -47.6899297,-4.67735869984601,0.0 -47.6899223,-4.67731069984601,0.0 -47.6899104,-4.67727289984601,0.0 -47.6899048,-4.67723539984601,0.0 -47.6899007,-4.67720799984601,0.0 -47.6898982,-4.67718259984602,0.0 -47.6899,-4.67714789984602,0.0 -47.6899068,-4.67713239984602,0.0 -47.6899177,-4.67711269984602,0.0 -47.6899293,-4.67709079984602,0.0 -47.6899436,-4.67706949984602,0.0 -47.689952,-4.67705859984602,0.0 -47.6899671,-4.67703909984602,0.0 -47.6899704,-4.67703339984602,0.0 -47.6899767,-4.67702289984602,0.0 -47.6899826,-4.67700949984602,0.0 -47.6899861,-4.67698789984602,0.0 -47.6899839,-4.67696259984602,0.0 -47.689984,-4.67692539984602,0.0 -47.689984,-4.67692039984602,0.0 -47.6899852,-4.67691569984602,0.0 -47.6899891,-4.67690069984602,0.0 -47.6900002,-4.67688409984603,0.0 -47.6900102,-4.67686919984603,0.0 -47.6900578,-4.67681659984603,0.0 -47.6901093,-4.67674529984603,0.0 -47.6901616,-4.67665509984603,0.0 -47.6902076,-4.67657879984604,0.0 -47.6902135,-4.67655609984604,0.0 -47.6902161,-4.67653719984604,0.0 -47.690217,-4.67652159984604,0.0 -47.690218,-4.67650029984604,0.0 -47.6902032,-4.67642929984604,0.0 -47.6901003,-4.67604839984605,0.0 -47.6900323,-4.67583039984606,0.0 -47.689977,-4.67567019984606,0.0 -47.6898997,-4.67549069984607,0.0 -47.689786,-4.67525269984608,0.0 -47.6897809,-4.67524209984608,0.0 -47.6896815,-4.67501559984609,0.0 -47.6895765,-4.67484429984609,0.0 -47.6894716,-4.6747061998461,0.0 -47.6894108,-4.6745570998461,0.0 -47.6893942,-4.6744299998461,0.0 -47.6893776,-4.67431949984611,0.0 -47.6893721,-4.67421459984611,0.0 -47.6893776,-4.67405439984612,0.0 -47.6893887,-4.67380029984612,0.0 -47.6894053,-4.67367869984613,0.0 -47.6894239,-4.67360889984613,0.0 -47.6894495,-4.67351299984614,0.0 -47.6895213,-4.67329759984615,0.0 -47.6895931,-4.67304349984615,0.0 -47.6896428,-4.67293299984615,0.0 -47.6897146,-4.67277829984616,0.0 -47.689803,-4.67261259984617,0.0 -47.6898748,-4.67245239984617,0.0 -47.6899577,-4.67229769984618,0.0 -47.69014,-4.67199389984619,0.0 -47.6902228,-4.67185029984619,0.0 -47.6903223,-4.6716734998462,0.0 -47.6904797,-4.67138899984621,0.0 -47.6907255,-4.67092769984622,0.0 -47.6907642,-4.67086139984622,0.0 -47.6907918,-4.67081449984622,0.0 -47.690825,-4.67077579984622,0.0 -47.6908913,-4.67070679984623,0.0 -47.6909437,-4.67065699984623,0.0 -47.6909962,-4.67059349984623,0.0 -47.6910432,-4.67053279984623,0.0 -47.691068,-4.67046369984623,0.0 -47.6910791,-4.67038359984624,0.0 -47.6910708,-4.67031179984624,0.0 -47.6910459,-4.67024269984624,0.0 -47.69101,-4.67015159984625,0.0 -47.690999,-4.67011839984625,0.0 -47.690999,-4.67009219984625,0.0 -47.6909976,-4.67006319984625,0.0 -47.6910004,-4.67004109984625,0.0 -47.6910017,-4.67001489984625,0.0 -47.6910031,-4.66998859984625,0.0 -47.6910059,-4.66995959984625,0.0 -47.6910211,-4.66991679984625,0.0 -47.6910459,-4.66986429984625,0.0 -47.6910694,-4.66982699984626,0.0 -47.6911067,-4.66977589984626,0.0 -47.6911398,-4.66970969984626,0.0 -47.6911619,-4.66965989984626,0.0 -47.6911647,-4.66961849984626,0.0 -47.6911647,-4.66957709984626,0.0 -47.6911481,-4.66952739984627,0.0 -47.6911343,-4.66948589984627,0.0 -47.6911178,-4.66945759984627,0.0 -47.6911081,-4.66943489984627,0.0 -47.6910977,-4.66941689984627,0.0 -47.6910874,-4.66939339984627,0.0 -47.6910809,-4.66936739984627,0.0 -47.6910763,-4.66934229984627,0.0 -47.6910708,-4.66930089984627,0.0 -47.6910708,-4.66925669984628,0.0 -47.6910763,-4.66921799984628,0.0 -47.6910818,-4.66919589984628,0.0 -47.6910908,-4.66917799984628,0.0 -47.691092,-4.66916799984628,0.0 -47.6910911,-4.66915869984628,0.0 -47.6910869,-4.66915079984628,0.0 -47.6910794,-4.66914269984628,0.0 -47.6910625,-4.66912959984628,0.0 -47.6910459,-4.66911029984628,0.0 -47.6910166,-4.66908369984628,0.0 -47.6909973,-4.66906569984628,0.0 -47.690996,-4.66906449984628,0.0 -47.6909834,-4.66905189984628,0.0 -47.6909738,-4.66902569984628,0.0 -47.6909752,-4.66899949984628,0.0 -47.6909862,-4.66896629984628,0.0 -47.6910068,-4.66893329984628,0.0 -47.6910249,-4.66890419984629,0.0 -47.6910608,-4.66886139984629,0.0 -47.6911188,-4.66879779984629,0.0 -47.6911409,-4.66876609984629,0.0 -47.6911575,-4.66873569984629,0.0 -47.6911575,-4.66870119984629,0.0 -47.6911547,-4.66867489984629,0.0 -47.6911464,-4.6686431998463,0.0 -47.6911298,-4.66860309984629,0.0 -47.6911133,-4.6685547998463,0.0 -47.6911108,-4.6685122998463,0.0 -47.6911091,-4.6684829998463,0.0 -47.6911064,-4.6683876998463,0.0 -47.6911084,-4.66833289984631,0.0 -47.6911046,-4.66829289984631,0.0 -47.6911049,-4.66824789984631,0.0 -47.6911011,-4.66819609984631,0.0 -47.6911006,-4.66819039984631,0.0 -47.6910864,-4.66814519984631,0.0 -47.6910627,-4.66808669984631,0.0 -47.6910456,-4.66804789984631,0.0 -47.6910276,-4.66800369984632,0.0 -47.6910097,-4.66797469984632,0.0 -47.6909862,-4.66793879984632,0.0 -47.6909745,-4.66791739984632,0.0 -47.6909565,-4.66790079984632,0.0 -47.6909455,-4.66789119984632,0.0 -47.6909317,-4.66788699984632,0.0 -47.6909068,-4.66788009984632,0.0 -47.6908971,-4.66787869984632,0.0 -47.6908654,-4.66787599984632,0.0 -47.6908567,-4.66787389984632,0.0 -47.6908534,-4.66787269984632,0.0 -47.6908512,-4.66787099984632,0.0 -47.6908494,-4.66786919984632,0.0 -47.6908477,-4.66786739984632,0.0 -47.6908456,-4.66786429984632,0.0 -47.6908443,-4.66786179984632,0.0 -47.6908433,-4.66785939984632,0.0 -47.6908419,-4.66784149984632,0.0 -47.6908419,-4.66782769984632,0.0 -47.6908433,-4.66781659984632,0.0 -47.6908488,-4.66779729984632,0.0 -47.690855,-4.66777309984632,0.0 -47.690855,-4.66774959984632,0.0 -47.6908555,-4.66774099984633,0.0 -47.6908551,-4.66773049984632,0.0 -47.6908543,-4.66772129984632,0.0 -47.6908517,-4.66770889984632,0.0 -47.6908486,-4.66769899984632,0.0 -47.6908419,-4.66768819984633,0.0 -47.6908359,-4.66767999984633,0.0 -47.6908286,-4.66767449984633,0.0 -47.6908198,-4.66767159984633,0.0 -47.6907977,-4.66767159984633,0.0 -47.6907618,-4.66767159984632,0.0 -47.6907504,-4.66767109984633,0.0 -47.690745,-4.66767059984633,0.0 -47.6907345,-4.66766869984633,0.0 -47.6907276,-4.66766709984633,0.0 -47.6907216,-4.66766159984633,0.0 -47.6907167,-4.66765399984633,0.0 -47.6907135,-4.66764829984633,0.0 -47.6907113,-4.66764349984633,0.0 -47.6907093,-4.66763569984633,0.0 -47.6907076,-4.66762859984633,0.0 -47.6907071,-4.66762359984633,0.0 -47.6907072,-4.66761789984633,0.0 -47.6907079,-4.66761319984633,0.0 -47.6907093,-4.66760669984633,0.0 -47.6907128,-4.66760039984633,0.0 -47.6907192,-4.66759399984633,0.0 -47.6907273,-4.66758869984633,0.0 -47.6907397,-4.66758319984633,0.0 -47.6907784,-4.66757769984633,0.0 -47.6908349,-4.66757069984633,0.0 -47.6908505,-4.66756349984633,0.0 -47.6908598,-4.66755419984633,0.0 -47.6908871,-4.66752659984633,0.0 -47.6908995,-4.66751279984633,0.0 -47.690907,-4.66750149984633,0.0 -47.6909311,-4.66746339984633,0.0 -47.6909389,-4.66745439984633,0.0 -47.6909549,-4.66744019984633,0.0 -47.6909705,-4.66742929984633,0.0 -47.6909883,-4.66741889984634,0.0 -47.6910283,-4.66739469984634,0.0 -47.6910584,-4.66737359984634,0.0 -47.6910708,-4.66736469984634,0.0 -47.6910777,-4.66735769984634,0.0 -47.691083,-4.66735189984634,0.0 -47.6910891,-4.66734459984634,0.0 -47.691095,-4.66733549984634,0.0 -47.6910981,-4.66732769984634,0.0 -47.6910993,-4.66731989984634,0.0 -47.6910946,-4.66730699984634,0.0 -47.6910863,-4.66728209984634,0.0 -47.6910794,-4.66725589984634,0.0 -47.691078,-4.66723239984634,0.0 -47.6910808,-4.66720339984634,0.0 -47.6910932,-4.66716609984634,0.0 -47.6911333,-4.66712879984634,0.0 -47.6911706,-4.66710119984635,0.0 -47.691201,-4.66707639984635,0.0 -47.6912099,-4.66706529984635,0.0 -47.691212,-4.66704599984635,0.0 -47.691212,-4.66702869984635,0.0 -47.6912065,-4.66700659984635,0.0 -47.691201,-4.66696519984635,0.0 -47.691201,-4.66693069984635,0.0 -47.6912092,-4.66688369984635,0.0 -47.6912203,-4.66686159984635,0.0 -47.6912327,-4.66684369984635,0.0 -47.6912645,-4.66682849984636,0.0 -47.6912949,-4.66681879984635,0.0 -47.6913183,-4.66680219984636,0.0 -47.6913404,-4.66678289984636,0.0 -47.6913543,-4.66676079984636,0.0 -47.6913929,-4.66670279984636,0.0 -47.6914233,-4.66667099984636,0.0 -47.6914799,-4.66663369984636,0.0 -47.6915531,-4.66658819984636,0.0 -47.6916429,-4.66653159984636,0.0 -47.6916616,-4.66651969984636,0.0 -47.6916954,-4.66649839984637,0.0 -47.6917327,-4.66647079984637,0.0 -47.6917838,-4.66642999984637,0.0 -47.6918162,-4.66639409984637,0.0 -47.6918411,-4.66635819984637,0.0 -47.6918605,-4.66632439984637,0.0 -47.6918887,-4.66627329984637,0.0 -47.6919136,-4.66623049984637,0.0 -47.691944,-4.66616279984638,0.0 -47.6919771,-4.66609309984638,0.0 -47.6919923,-4.66604399984638,0.0 -47.6919978,-4.66599709984638,0.0 -47.6919978,-4.66594879984638,0.0 -47.6919964,-4.66591699984638,0.0 -47.6919937,-4.66588109984639,0.0 -47.6919895,-4.66584239984639,0.0 -47.6919868,-4.66580239984639,0.0 -47.691984,-4.66576509984639,0.0 -47.6919799,-4.66572779984639,0.0 -47.691973,-4.66570019984639,0.0 -47.6919578,-4.66565049984639,0.0 -47.691944,-4.66560759984639,0.0 -47.691926,-4.66557859984639,0.0 -47.6918915,-4.66554269984639,0.0 -47.6918569,-4.6655136998464,0.0 -47.6918224,-4.6654888998464,0.0 -47.6917838,-4.6654611998464,0.0 -47.6917451,-4.6654142998464,0.0 -47.6917258,-4.6653645998464,0.0 -47.6917147,-4.6652706998464,0.0 -47.6917202,-4.66515739984641,0.0 -47.6917175,-4.66506899984641,0.0 -47.6917119,-4.66494469984642,0.0 -47.6917092,-4.66485359984642,0.0 -47.6916981,-4.66477629984642,0.0 -47.6916954,-4.66467409984642,0.0 -47.6916898,-4.66459949984642,0.0 -47.6916871,-4.66455249984643,0.0 -47.6916867,-4.66454779984643,0.0 -47.6916843,-4.66452209984643,0.0 -47.6916843,-4.66448739984643,0.0 -47.6916843,-4.66445859984643,0.0 -47.6916871,-4.66438129984643,0.0 -47.6916954,-4.66429009984644,0.0 -47.6917023,-4.66420309984644,0.0 -47.6917133,-4.66415479984644,0.0 -47.6917133,-4.66411749984644,0.0 -47.6917188,-4.66406229984644,0.0 -47.6917285,-4.66400009984645,0.0 -47.6917327,-4.66396699984645,0.0 -47.6917329,-4.66396549984645,0.0 -47.6917355,-4.66394139984645,0.0 -47.6917355,-4.66391789984645,0.0 -47.6917348,-4.66388889984645,0.0 -47.6917293,-4.66384469984645,0.0 -47.6917238,-4.66379919984645,0.0 -47.6917169,-4.66373979984646,0.0 -47.6917003,-4.66358509984646,0.0 -47.6917003,-4.66344149984646,0.0 -47.6916865,-4.66332269984647,0.0 -47.6916789,-4.66323159984647,0.0 -47.6916812,-4.66319909984647,0.0 -47.6916841,-4.66317559984647,0.0 -47.6916906,-4.66315499984647,0.0 -47.6917003,-4.66313769984647,0.0 -47.6917749,-4.66302719984648,0.0 -47.6919074,-4.66286969984648,0.0 -47.6919682,-4.66279239984648,0.0 -47.6920388,-4.66271879984649,0.0 -47.6920994,-4.66265569984649,0.0 -47.6921293,-4.66261179984649,0.0 -47.6921519,-4.66256519984649,0.0 -47.6921712,-4.66251549984649,0.0 -47.6923218,-4.66147769984653,0.0 -47.6922997,-4.66119039984654,0.0 -47.6922665,-4.66091419984655,0.0 -47.692243,-4.66073739984655,0.0 -47.692203,-4.66054129984656,0.0 -47.6921864,-4.66046809984656,0.0 -47.6921616,-4.66036589984656,0.0 -47.692145,-4.66028859984657,0.0 -47.6921312,-4.66023329984657,0.0 -47.6920815,-4.66008699984658,0.0 -47.6920732,-4.65996819984658,0.0 -47.6920787,-4.65990739984658,0.0 -47.6920897,-4.65984109984658,0.0 -47.6921008,-4.65975549984659,0.0 -47.6921063,-4.65967259984659,0.0 -47.6921036,-4.65961189984659,0.0 -47.6921008,-4.65954139984659,0.0 -47.6920966,-4.65949999984659,0.0 -47.6920966,-4.65944889984659,0.0 -47.6921022,-4.6594060998466,0.0 -47.6921164,-4.6593467998466,0.0 -47.6921654,-4.6592410998466,0.0 -47.6922211,-4.6591319998466,0.0 -47.6922668,-4.65906949984661,0.0 -47.6922849,-4.65904469984661,0.0 -47.6923162,-4.65895759984661,0.0 -47.6923212,-4.65882699984661,0.0 -47.692325,-4.65874229984662,0.0 -47.6923127,-4.65856199984662,0.0 -47.6922364,-4.65815189984664,0.0 -47.6921787,-4.65793559984664,0.0 -47.6921245,-4.65774049984665,0.0 -47.6920936,-4.65765659984665,0.0 -47.6920553,-4.65755339984666,0.0 -47.6920097,-4.65748579984666,0.0 -47.6919549,-4.65740439984666,0.0 -47.6918959,-4.65731679984666,0.0 -47.6918808,-4.65729449984667,0.0 -47.6918593,-4.65726249984667,0.0 -47.691848,-4.65723969984667,0.0 -47.6918418,-4.65721969984667,0.0 -47.6918418,-4.65720299984667,0.0 -47.6918457,-4.65718819984667,0.0 -47.6918525,-4.65716879984667,0.0 -47.6918588,-4.65714259984667,0.0 -47.6918657,-4.65711769984667,0.0 -47.691867,-4.65709559984667,0.0 -47.6918643,-4.65706799984667,0.0 -47.6918588,-4.65704449984667,0.0 -47.6918146,-4.65694919984668,0.0 -47.6917842,-4.65689679984668,0.0 -47.6917317,-4.65683049984668,0.0 -47.6917068,-4.65678629984668,0.0 -47.6917041,-4.65671719984668,0.0 -47.6917041,-4.65668689984668,0.0 -47.6917041,-4.65665789984669,0.0 -47.6917138,-4.65662879984669,0.0 -47.69174,-4.65659159984669,0.0 -47.691769,-4.65656259984669,0.0 -47.6917966,-4.65653629984669,0.0 -47.6918132,-4.65651279984669,0.0 -47.6918229,-4.65648659984669,0.0 -47.6918284,-4.65644929984669,0.0 -47.6918408,-4.65642579984669,0.0 -47.6918795,-4.6563954998467,0.0 -47.6919251,-4.65638299984669,0.0 -47.6919996,-4.65638299984669,0.0 -47.6920493,-4.6563664998467,0.0 -47.6920922,-4.6563374998467,0.0 -47.6921327,-4.6562996998467,0.0 -47.6921723,-4.6562628998467,0.0 -47.6922178,-4.6562089998467,0.0 -47.6923794,-4.65603639984671,0.0 -47.6924457,-4.65597839984671,0.0 -47.6925396,-4.65593419984671,0.0 -47.6925949,-4.65590099984671,0.0 -47.6926501,-4.65586789984671,0.0 -47.6926529,-4.65586509984671,0.0 -47.6926667,-4.65584029984671,0.0 -47.6926667,-4.65580709984671,0.0 -47.6925893,-4.65569389984672,0.0 -47.6925645,-4.65563039984672,0.0 -47.6925037,-4.65555849984672,0.0 -47.6925037,-4.65555579984672,0.0 -47.6924264,-4.65544249984673,0.0 -47.6924082,-4.65539519984673,0.0 -47.6923905,-4.65534859984673,0.0 -47.6923573,-4.65528789984673,0.0 -47.6923242,-4.65524369984673,0.0 -47.6922827,-4.65520219984673,0.0 -47.6922689,-4.65517739984673,0.0 -47.6922606,-4.65515249984673,0.0 -47.6922606,-4.65510559984674,0.0 -47.6922662,-4.65507239984674,0.0 -47.69228,-4.65503649984674,0.0 -47.692291,-4.65501989984674,0.0 -47.6923007,-4.65500959984674,0.0 -47.6923587,-4.65495849984674,0.0 -47.6924029,-4.65488669984674,0.0 -47.6924388,-4.65480379984675,0.0 -47.6924775,-4.65472099984675,0.0 -47.6924996,-4.65467949984675,0.0 -47.6925106,-4.65463529984675,0.0 -47.6925161,-4.65457729984675,0.0 -47.6925106,-4.65451099984676,0.0 -47.6925051,-4.65443649984676,0.0 -47.6925051,-4.65440059984676,0.0 -47.6925023,-4.65433979984676,0.0 -47.692494,-4.65427069984676,0.0 -47.692483,-4.65419889984677,0.0 -47.692483,-4.65412709984677,0.0 -47.692483,-4.65408019984677,0.0 -47.6924858,-4.65401389984677,0.0 -47.6924996,-4.65395859984677,0.0 -47.6925438,-4.65387849984678,0.0 -47.6925769,-4.65382879984678,0.0 -47.6926874,-4.65367409984678,0.0 -47.6927785,-4.65354149984679,0.0 -47.6928918,-4.65340899984679,0.0 -47.6930272,-4.65329709984679,0.0 -47.6930535,-4.6532767998468,0.0 -47.6931239,-4.6532224998468,0.0 -47.6931448,-4.6531755998468,0.0 -47.6931307,-4.6531326998468,0.0 -47.693098,-4.6530821998468,0.0 -47.6930879,-4.6530664998468,0.0 -47.6930768,-4.65292279984681,0.0 -47.6930768,-4.65277919984681,0.0 -47.6930934,-4.65267429984682,0.0 -47.6930934,-4.65263009984682,0.0 -47.6930934,-4.65254169984682,0.0 -47.6930713,-4.65234829984683,0.0 -47.6930713,-4.65217709984683,0.0 -47.6930713,-4.65207209984684,0.0 -47.6930713,-4.65186769984684,0.0 -47.6930934,-4.65174069984685,0.0 -47.6931045,-4.65164679984685,0.0 -47.6931061,-4.65157279984685,0.0 -47.6931129,-4.65153419984685,0.0 -47.6931265,-4.65149429984686,0.0 -47.6931541,-4.65145819984686,0.0 -47.6931729,-4.65142789984686,0.0 -47.6931887,-4.65140229984686,0.0 -47.6932254,-4.65135189984686,0.0 -47.6932453,-4.65131529984686,0.0 -47.6932571,-4.65128359984686,0.0 -47.6932591,-4.65124899984686,0.0 -47.6932591,-4.65115509984687,0.0 -47.6932591,-4.65111649984687,0.0 -47.6932591,-4.65108879984687,0.0 -47.6932619,-4.65106329984687,0.0 -47.6932674,-4.65103149984687,0.0 -47.6932674,-4.65099769984687,0.0 -47.6932619,-4.65096729984687,0.0 -47.6932564,-4.65093829984687,0.0 -47.6932315,-4.65085959984688,0.0 -47.6932019,-4.65078559984688,0.0 -47.6931984,-4.65077669984688,0.0 -47.6931932,-4.65071219984688,0.0 -47.6931928,-4.65070769984688,0.0 -47.6932232,-4.65063859984688,0.0 -47.6932453,-4.65057229984688,0.0 -47.6932619,-4.65050329984689,0.0 -47.6932564,-4.65045079984689,0.0 -47.6931956,-4.65037899984689,0.0 -47.6931127,-4.65033199984689,0.0 -47.693063,-4.65031269984689,0.0 -47.6930354,-4.65029889984689,0.0 -47.693005,-4.65028779984689,0.0 -47.692994,-4.65027949984689,0.0 -47.6929581,-4.6502297998469,0.0 -47.6929415,-4.6502049998469,0.0 -47.6929111,-4.6501800998469,0.0 -47.692889,-4.6501607998469,0.0 -47.6928531,-4.6501027998469,0.0 -47.6928255,-4.6500640998469,0.0 -47.6928034,-4.6500281998469,0.0 -47.6927841,-4.6499922998469,0.0 -47.6927758,-4.6499811998469,0.0 -47.6927592,-4.64990939984691,0.0 -47.6927564,-4.64988179984691,0.0 -47.6927481,-4.64981829984691,0.0 -47.6927426,-4.64977959984691,0.0 -47.6927399,-4.64974649984691,0.0 -47.6927399,-4.64970229984691,0.0 -47.6927399,-4.64968019984691,0.0 -47.6927399,-4.64966909984691,0.0 -47.6927399,-4.64960559984691,0.0 -47.6927509,-4.64952549984692,0.0 -47.6927592,-4.64945649984692,0.0 -47.6927592,-4.64941499984692,0.0 -47.6927592,-4.64938459984692,0.0 -47.6927592,-4.64932939984692,0.0 -47.692762,-4.64926589984693,0.0 -47.6927647,-4.64914709984693,0.0 -47.6927647,-4.64911399984693,0.0 -47.6927606,-4.64908559984693,0.0 -47.692753,-4.64905869984693,0.0 -47.6927426,-4.64903519984693,0.0 -47.6927371,-4.64900969984693,0.0 -47.6927307,-4.64897489984694,0.0 -47.6927274,-4.64895709984694,0.0 -47.6927233,-4.64893439984694,0.0 -47.6927188,-4.64891609984694,0.0 -47.6927095,-4.64889849984694,0.0 -47.6926929,-4.64887919984694,0.0 -47.6926736,-4.64886809984694,0.0 -47.692646,-4.64885709984694,0.0 -47.6926211,-4.64884879984694,0.0 -47.6925686,-4.64883769984694,0.0 -47.6925023,-4.64882669984694,0.0 -47.6924471,-4.64880179984694,0.0 -47.692378,-4.64877699984694,0.0 -47.6923449,-4.64876589984694,0.0 -47.6922758,-4.64873279984694,0.0 -47.6922289,-4.64871349984695,0.0 -47.6921847,-4.64870519984695,0.0 -47.6921474,-4.64869549984694,0.0 -47.6921073,-4.64867889984695,0.0 -47.6920604,-4.64866369984695,0.0 -47.6920107,-4.64865129984695,0.0 -47.6919762,-4.64864099984695,0.0 -47.6919445,-4.64861869984695,0.0 -47.6919143,-4.64858919984695,0.0 -47.6918843,-4.64853829984695,0.0 -47.6918674,-4.64849329984695,0.0 -47.6918436,-4.64844549984695,0.0 -47.6918284,-4.64841649984696,0.0 -47.6917979,-4.64838309984696,0.0 -47.6917626,-4.64835839984696,0.0 -47.6917331,-4.64833779984696,0.0 -47.6916737,-4.64828669984696,0.0 -47.6913478,-4.64800909984697,0.0 -47.6910025,-4.64781579984697,0.0 -47.690776,-4.64771079984698,0.0 -47.6906296,-4.64765829984698,0.0 -47.6904777,-4.64763069984698,0.0 -47.6903755,-4.64762519984698,0.0 -47.690301,-4.64762799984698,0.0 -47.690254,-4.64763829984698,0.0 -47.6902211,-4.64765119984698,0.0 -47.6901929,-4.64766749984698,0.0 -47.6901656,-4.64768319984698,0.0 -47.690144,-4.64769969984698,0.0 -47.6901211,-4.64771689984698,0.0 -47.6900997,-4.64772809984698,0.0 -47.6900745,-4.64773839984697,0.0 -47.6900348,-4.64775229984698,0.0 -47.6899846,-4.64776649984698,0.0 -47.6899474,-4.64777709984698,0.0 -47.6899202,-4.64778189984697,0.0 -47.6898797,-4.64778919984697,0.0 -47.6898403,-4.64779609984697,0.0 -47.6898231,-4.64779919984697,0.0 -47.689804,-4.64780639984697,0.0 -47.6897818,-4.64781709984697,0.0 -47.6897596,-4.64783239984698,0.0 -47.6897023,-4.64788139984697,0.0 -47.6896832,-4.64789609984697,0.0 -47.6896622,-4.64790619984697,0.0 -47.6896436,-4.64791519984697,0.0 -47.6896198,-4.64792139984697,0.0 -47.689597,-4.64792519984697,0.0 -47.6895745,-4.64792069984697,0.0 -47.6895525,-4.64791359984697,0.0 -47.68953,-4.64789929984697,0.0 -47.6895138,-4.64788479984697,0.0 -47.6894841,-4.64785789984697,0.0 -47.6894592,-4.64783029984697,0.0 -47.6894399,-4.64780959984698,0.0 -47.6894205,-4.64778609984698,0.0 -47.6894019,-4.64776329984698,0.0 -47.6893867,-4.64773359984698,0.0 -47.6893781,-4.64769819984698,0.0 -47.6893683,-4.64765819984698,0.0 -47.6893613,-4.64762939984698,0.0 -47.6893536,-4.64759759984698,0.0 -47.6893436,-4.64756239984698,0.0 -47.6893353,-4.64753889984698,0.0 -47.6893163,-4.64749049984698,0.0 -47.6892735,-4.64740979984699,0.0 -47.6892514,-4.64735449984699,0.0 -47.689221,-4.64728549984699,0.0 -47.6891768,-4.64720809984699,0.0 -47.689163,-4.647169499847,0.0 -47.6891533,-4.647147399847,0.0 -47.6891495,-4.647129099847,0.0 -47.689151,-4.647115499847,0.0 -47.6891547,-4.647094199847,0.0 -47.689163,-4.647056199847,0.0 -47.6891816,-4.647020499847,0.0 -47.6891989,-4.646987199847,0.0 -47.689221,-4.646904299847,0.0 -47.689232,-4.64675509984701,0.0 -47.689232,-4.64664469984701,0.0 -47.689221,-4.64654249984702,0.0 -47.6892178,-4.64652059984702,0.0 -47.6892158,-4.64649979984702,0.0 -47.6892072,-4.64647759984702,0.0 -47.689196,-4.64646059984702,0.0 -47.689183,-4.64644229984702,0.0 -47.6891644,-4.64642189984702,0.0 -47.6891415,-4.64640509984702,0.0 -47.6891105,-4.64639059984702,0.0 -47.6890138,-4.64636429984702,0.0 -47.6889503,-4.64635049984702,0.0 -47.6888398,-4.64633529984702,0.0 -47.688797,-4.64632979984702,0.0 -47.6887604,-4.64632359984702,0.0 -47.688719,-4.64631109984702,0.0 -47.688681,-4.64629389984702,0.0 -47.6886517,-4.64627079984703,0.0 -47.6886292,-4.64625589984702,0.0 -47.6885995,-4.64624419984703,0.0 -47.6885526,-4.64622479984703,0.0 -47.688489,-4.64619439984703,0.0 -47.6884545,-4.64617099984703,0.0 -47.6884089,-4.64614339984703,0.0 -47.6883717,-4.64611159984703,0.0 -47.6883285,-4.64607609984703,0.0 -47.6882391,-4.64600249984703,0.0 -47.6882262,-4.64598419984703,0.0 -47.68822,-4.64596669984704,0.0 -47.6882156,-4.64593929984704,0.0 -47.6882156,-4.64591169984704,0.0 -47.6882156,-4.64589229984704,0.0 -47.6882156,-4.64585919984704,0.0 -47.6882156,-4.64582879984704,0.0 -47.6882156,-4.64577909984704,0.0 -47.6882128,-4.64573769984704,0.0 -47.6882083,-4.64572139984704,0.0 -47.6882023,-4.64570809984704,0.0 -47.6881952,-4.64569589984704,0.0 -47.6881797,-4.64567689984704,0.0 -47.6881383,-4.64564099984705,0.0 -47.6881024,-4.64561059984705,0.0 -47.6880965,-4.64559749984705,0.0 -47.6880927,-4.64558679984705,0.0 -47.6880913,-4.64557509984705,0.0 -47.6880913,-4.64556229984705,0.0 -47.6880982,-4.64553849984705,0.0 -47.6881024,-4.64552219984705,0.0 -47.6881148,-4.64547769984705,0.0 -47.6881193,-4.64546699984705,0.0 -47.6881248,-4.64545629984705,0.0 -47.6881307,-4.64544419984705,0.0 -47.6881331,-4.64543699984705,0.0 -47.6881345,-4.64542619984705,0.0 -47.6881345,-4.64541519984705,0.0 -47.6881341,-4.64540279984705,0.0 -47.6881333,-4.64538819984705,0.0 -47.6881327,-4.64537859984705,0.0 -47.6881327,-4.64535649984706,0.0 -47.6881327,-4.64532339984706,0.0 -47.6881327,-4.64528189984706,0.0 -47.6881317,-4.64526259984706,0.0 -47.6881217,-4.64523219984706,0.0 -47.6881134,-4.64521599984706,0.0 -47.6881064,-4.64519999984706,0.0 -47.6881024,-4.64519079984706,0.0 -47.6880958,-4.64516969984706,0.0 -47.6880941,-4.64515899984706,0.0 -47.6880941,-4.64515069984706,0.0 -47.6880941,-4.64514239984706,0.0 -47.6880961,-4.64512729984706,0.0 -47.6880994,-4.64511179984706,0.0 -47.6881024,-4.64510239984706,0.0 -47.6881074,-4.64509229984706,0.0 -47.6881153,-4.64508199984706,0.0 -47.6881262,-4.64506859984706,0.0 -47.6881345,-4.64505749984706,0.0 -47.6881445,-4.64505029984706,0.0 -47.6881591,-4.64504269984707,0.0 -47.6881752,-4.64503609984707,0.0 -47.6881963,-4.64502779984706,0.0 -47.6882271,-4.64501309984706,0.0 -47.6882598,-4.64499739984707,0.0 -47.688325,-4.64496219984707,0.0 -47.6883295,-4.64495829984707,0.0 -47.6883338,-4.64495309984707,0.0 -47.6883371,-4.64494809984707,0.0 -47.6883409,-4.64493699984707,0.0 -47.688344,-4.64492629984707,0.0 -47.6883466,-4.64491189984707,0.0 -47.6883485,-4.64489539984707,0.0 -47.6883482,-4.64488509984707,0.0 -47.6883454,-4.64487589984707,0.0 -47.6883178,-4.64481239984707,0.0 -47.6882791,-4.64472949984707,0.0 -47.6882653,-4.64464939984708,0.0 -47.688257,-4.64456929984708,0.0 -47.6882432,-4.64448919984708,0.0 -47.6882266,-4.64442289984709,0.0 -47.6882018,-4.64435389984709,0.0 -47.6881769,-4.64430689984709,0.0 -47.6881569,-4.64427779984709,0.0 -47.6881465,-4.64426269984709,0.0 -47.6881376,-4.64424129984709,0.0 -47.6881279,-4.64422059984709,0.0 -47.6881234,-4.64419419984709,0.0 -47.6881218,-4.64416249984709,0.0 -47.6881258,-4.64412599984709,0.0 -47.6881384,-4.6440838998471,0.0 -47.6881493,-4.6440472998471,0.0 -47.6881604,-4.6440030998471,0.0 -47.6881686,-4.6439726998471,0.0 -47.6881963,-4.6439008998471,0.0 -47.6882405,-4.64382079984711,0.0 -47.6882764,-4.64375449984711,0.0 -47.6882922,-4.64372269984711,0.0 -47.6883086,-4.64368069984711,0.0 -47.6883171,-4.64365439984711,0.0 -47.6883204,-4.64364339984711,0.0 -47.6883232,-4.64363129984711,0.0 -47.688324,-4.64361809984711,0.0 -47.6883237,-4.64360899984711,0.0 -47.688321,-4.64359689984711,0.0 -47.6883168,-4.64358689984711,0.0 -47.6883102,-4.64357599984711,0.0 -47.6882929,-4.64355839984711,0.0 -47.6882752,-4.64354529984711,0.0 -47.6882642,-4.64353679984711,0.0 -47.6882495,-4.64352699984711,0.0 -47.6882288,-4.64351319984711,0.0 -47.6882018,-4.64349069984711,0.0 -47.6881842,-4.64347779984712,0.0 -47.6881709,-4.64346519984712,0.0 -47.6881593,-4.64345179984712,0.0 -47.6881486,-4.64343259984712,0.0 -47.6881445,-4.64341739984712,0.0 -47.6881432,-4.64339679984712,0.0 -47.688146,-4.64337949984712,0.0 -47.6881534,-4.64336349984712,0.0 -47.6881618,-4.64334469984712,0.0 -47.6881717,-4.64333309984712,0.0 -47.6881827,-4.64332219984712,0.0 -47.688203,-4.64330149984712,0.0 -47.6882246,-4.64328359984712,0.0 -47.6882318,-4.64327509984712,0.0 -47.6882368,-4.64326549984712,0.0 -47.6882405,-4.64325279984712,0.0 -47.6882405,-4.64322969984712,0.0 -47.6882405,-4.64319519984713,0.0 -47.6882349,-4.64317169984713,0.0 -47.6882284,-4.64315429984713,0.0 -47.6882156,-4.64313579984713,0.0 -47.6881935,-4.64309989984713,0.0 -47.6881714,-4.64305849984713,0.0 -47.6881438,-4.64300319984713,0.0 -47.6881217,-4.64294799984713,0.0 -47.6880996,-4.64288719984713,0.0 -47.6880885,-4.64285959984714,0.0 -47.6880664,-4.64280159984714,0.0 -47.6880443,-4.64272979984714,0.0 -47.6880278,-4.64268009984714,0.0 -47.6879974,-4.64260549984714,0.0 -47.687967,-4.64253919984715,0.0 -47.6879422,-4.64249779984715,0.0 -47.6879228,-4.64246739984715,0.0 -47.6878759,-4.64242599984715,0.0 -47.6878206,-4.64238729984715,0.0 -47.6877875,-4.64237349984715,0.0 -47.6877516,-4.64235409984715,0.0 -47.6877267,-4.64234029984715,0.0 -47.6876963,-4.64232929984715,0.0 -47.6876742,-4.64231269984715,0.0 -47.6876604,-4.64228779984715,0.0 -47.6876411,-4.64224089984716,0.0 -47.6876287,-4.64219949984716,0.0 -47.6876259,-4.64218699984716,0.0 -47.6876245,-4.64217179984716,0.0 -47.6876231,-4.64214559984716,0.0 -47.6876231,-4.64212209984716,0.0 -47.6876217,-4.64210279984716,0.0 -47.6876231,-4.64207789984716,0.0 -47.6876231,-4.64205859984716,0.0 -47.6876231,-4.64202549984716,0.0 -47.6876287,-4.64197299984717,0.0 -47.6876425,-4.64194259984717,0.0 -47.6876701,-4.64189839984717,0.0 -47.6876977,-4.64184869984717,0.0 -47.6877115,-4.64178789984717,0.0 -47.6877129,-4.64174919984717,0.0 -47.6877088,-4.64172019984717,0.0 -47.6877018,-4.64168849984717,0.0 -47.6876922,-4.64166639984717,0.0 -47.6876756,-4.64162499984718,0.0 -47.6876577,-4.64158629984718,0.0 -47.6876411,-4.64155729984718,0.0 -47.6876093,-4.64150479984718,0.0 -47.6875845,-4.64146059984718,0.0 -47.6875693,-4.64142469984718,0.0 -47.6875393,-4.64136629984718,0.0 -47.6874361,-4.64116199984719,0.0 -47.6873169,-4.6410278998472,0.0 -47.6871721,-4.6409133998472,0.0 -47.6870747,-4.6408350998472,0.0 -47.6869888,-4.6407551998472,0.0 -47.6869095,-4.64065489984721,0.0 -47.6868891,-4.64064099984721,0.0 -47.686873,-4.64062879984721,0.0 -47.6868511,-4.64061679984721,0.0 -47.6868281,-4.64061099984721,0.0 -47.6868024,-4.64060439984721,0.0 -47.6867755,-4.64059399984721,0.0 -47.6867548,-4.64058959984721,0.0 -47.686731,-4.64058779984721,0.0 -47.686716,-4.64058689984721,0.0 -47.6867001,-4.64058459984721,0.0 -47.6866826,-4.64057849984721,0.0 -47.6866693,-4.64057149984721,0.0 -47.6866541,-4.64056659984721,0.0 -47.6866457,-4.64056359984721,0.0 -47.6866292,-4.64055879984721,0.0 -47.6866139,-4.64055499984721,0.0 -47.6866011,-4.64055059984721,0.0 -47.6865887,-4.64054569984721,0.0 -47.6865728,-4.64054099984721,0.0 -47.6865521,-4.64053809984721,0.0 -47.6865369,-4.64053739984721,0.0 -47.6865086,-4.64053769984721,0.0 -47.6864886,-4.64053789984721,0.0 -47.6864725,-4.64053649984721,0.0 -47.6864603,-4.64053639984721,0.0 -47.6864449,-4.64053619984721,0.0 -47.6864299,-4.64053439984721,0.0 -47.6864106,-4.64053289984721,0.0 -47.686391,-4.64052959984721,0.0 -47.686364,-4.64051829984721,0.0 -47.6863429,-4.64050769984721,0.0 -47.6863257,-4.64049729984721,0.0 -47.6863094,-4.64048619984721,0.0 -47.686298,-4.64047109984721,0.0 -47.6862705,-4.64042739984722,0.0 -47.6862324,-4.64034019984722,0.0 -47.686203,-4.64028149984722,0.0 -47.6861613,-4.64021579984722,0.0 -47.6861459,-4.64019689984722,0.0 -47.6861301,-4.64018289984723,0.0 -47.686095,-4.64016069984722,0.0 -47.6860125,-4.64011389984723,0.0 -47.685923,-4.64007489984723,0.0 -47.6858596,-4.64003649984723,0.0 -47.685825,-4.63998669984723,0.0 -47.6858002,-4.63994069984723,0.0 -47.6857752,-4.63990549984723,0.0 -47.6857514,-4.63986759984723,0.0 -47.6857346,-4.63984279984724,0.0 -47.6857212,-4.63982319984724,0.0 -47.6856995,-4.63979409984724,0.0 -47.6856843,-4.63977379984724,0.0 -47.6856669,-4.63975849984724,0.0 -47.6856465,-4.63974999984724,0.0 -47.6856112,-4.63973979984724,0.0 -47.6855783,-4.63972369984724,0.0 -47.685527,-4.63969049984724,0.0 -47.6854841,-4.63966789984724,0.0 -47.6854472,-4.63964629984724,0.0 -47.6853911,-4.63961659984724,0.0 -47.6853517,-4.63959769984724,0.0 -47.6853085,-4.63958669984724,0.0 -47.6852547,-4.63957309984724,0.0 -47.6852305,-4.63955819984724,0.0 -47.6852049,-4.63953859984725,0.0 -47.6851871,-4.63951299984725,0.0 -47.6851825,-4.63947609984725,0.0 -47.6851835,-4.63944979984725,0.0 -47.6851849,-4.63942799984725,0.0 -47.6851854,-4.63940319984725,0.0 -47.6851773,-4.63937149984725,0.0 -47.6851545,-4.63934979984725,0.0 -47.6851321,-4.63933959984725,0.0 -47.6851089,-4.63933419984725,0.0 -47.6850766,-4.63932979984725,0.0 -47.6850516,-4.63932989984725,0.0 -47.6850226,-4.63933039984725,0.0 -47.6849985,-4.63933039984725,0.0 -47.6849798,-4.63933419984725,0.0 -47.684957,-4.63934279984725,0.0 -47.6849342,-4.63934969984725,0.0 -47.6848858,-4.63936329984725,0.0 -47.6848376,-4.63936869984725,0.0 -47.6848127,-4.63936969984725,0.0 -47.6847814,-4.63936279984725,0.0 -47.6847059,-4.63934939984725,0.0 -47.6846442,-4.63934109984725,0.0 -47.6846274,-4.63933919984725,0.0 -47.6846015,-4.63934089984725,0.0 -47.6845811,-4.63934639984725,0.0 -47.6845675,-4.63934999984725,0.0 -47.6844306,-4.63938649984725,0.0 -47.6843666,-4.63939369984725,0.0 -47.6843136,-4.63938849984725,0.0 -47.684259,-4.63937529984725,0.0 -47.6842042,-4.63936689984725,0.0 -47.6841664,-4.63936459984725,0.0 -47.6841235,-4.63936639984725,0.0 -47.6840963,-4.63937279984725,0.0 -47.6840668,-4.63938419984725,0.0 -47.6840442,-4.63939189984725,0.0 -47.6840227,-4.63940959984725,0.0 -47.6840074,-4.63942569984725,0.0 -47.6839855,-4.63944839984725,0.0 -47.6839631,-4.63948189984725,0.0 -47.6839431,-4.63953159984724,0.0 -47.6839249,-4.63958629984724,0.0 -47.6839153,-4.63960459984724,0.0 -47.6839053,-4.63962359984724,0.0 -47.6838934,-4.63964009984724,0.0 -47.6838805,-4.63965149984724,0.0 -47.6838709,-4.63965909984724,0.0 -47.6838456,-4.63966969984724,0.0 -47.6838239,-4.63968089984724,0.0 -47.6838004,-4.63969149984724,0.0 -47.6837777,-4.63970179984724,0.0 -47.6837582,-4.63970609984724,0.0 -47.6837235,-4.63970719984724,0.0 -47.683698,-4.63971059984724,0.0 -47.6836826,-4.63971539984724,0.0 -47.6836718,-4.63972189984724,0.0 -47.6836333,-4.63975539984724,0.0 -47.683596,-4.63979129984724,0.0 -47.6835532,-4.63983379984723,0.0 -47.6835112,-4.63987569984723,0.0 -47.6834621,-4.63992479984723,0.0 -47.6834377,-4.63994139984723,0.0 -47.6834096,-4.63996089984723,0.0 -47.6833896,-4.63997219984723,0.0 -47.6833675,-4.63998259984723,0.0 -47.6833467,-4.63999039984723,0.0 -47.6833017,-4.64000329984723,0.0 -47.683257,-4.64001769984723,0.0 -47.6832406,-4.64002369984723,0.0 -47.6832197,-4.64003139984723,0.0 -47.6831807,-4.64004149984723,0.0 -47.6831393,-4.64005729984723,0.0 -47.6830987,-4.64006399984723,0.0 -47.6830678,-4.64005869984723,0.0 -47.6830388,-4.64004779984723,0.0 -47.6830079,-4.64003429984723,0.0 -47.6829815,-4.64001999984723,0.0 -47.6829515,-4.64000279984723,0.0 -47.6829273,-4.63998929984723,0.0 -47.6828952,-4.63997439984723,0.0 -47.6828784,-4.63996779984723,0.0 -47.6828579,-4.63995369984723,0.0 -47.6828409,-4.63993699984723,0.0 -47.6828289,-4.63992269984723,0.0 -47.6828202,-4.63991099984723,0.0 -47.6828047,-4.63988999984723,0.0 -47.6827976,-4.63986999984723,0.0 -47.682791,-4.63985099984723,0.0 -47.6827901,-4.63982399984724,0.0 -47.6827875,-4.63980589984724,0.0 -47.6827826,-4.63978729984724,0.0 -47.6827686,-4.63977039984724,0.0 -47.682751,-4.63975629984724,0.0 -47.6827255,-4.63974459984724,0.0 -47.6827032,-4.63973479984724,0.0 -47.6826854,-4.63972359984724,0.0 -47.6826781,-4.63971219984724,0.0 -47.6826714,-4.63969409984724,0.0 -47.6826638,-4.63967159984724,0.0 -47.6826598,-4.63964149984724,0.0 -47.6826535,-4.63961329984724,0.0 -47.6826497,-4.63958759984724,0.0 -47.6826525,-4.63955839984724,0.0 -47.6827687,-4.63921269984725,0.0 -47.6827819,-4.63916589984726,0.0 -47.6827819,-4.63913549984726,0.0 -47.6827819,-4.63909959984726,0.0 -47.6827736,-4.63905119984726,0.0 -47.6827667,-4.63902499984726,0.0 -47.6827619,-4.63901439984726,0.0 -47.682746,-4.63897939984726,0.0 -47.6827363,-4.63894899984726,0.0 -47.6827336,-4.63891729984727,0.0 -47.6827308,-4.63886479984727,0.0 -47.6827363,-4.63881639984727,0.0 -47.6827405,-4.63876809984727,0.0 -47.6827488,-4.63873909984727,0.0 -47.6827723,-4.63868529984727,0.0 -47.6827847,-4.63865209984727,0.0 -47.682793,-4.63862999984728,0.0 -47.6827999,-4.63860649984727,0.0 -47.682804,-4.63857059984728,0.0 -47.6828013,-4.63854439984728,0.0 -47.6827902,-4.63851539984728,0.0 -47.6827778,-4.63848089984728,0.0 -47.6827667,-4.63844629984728,0.0 -47.6827626,-4.63842009984728,0.0 -47.6827612,-4.63837999984728,0.0 -47.6827653,-4.63833999984728,0.0 -47.6827695,-4.63829439984728,0.0 -47.6827792,-4.63825709984729,0.0 -47.6827916,-4.63823089984729,0.0 -47.6828054,-4.63821159984729,0.0 -47.6828261,-4.63818949984729,0.0 -47.6828441,-4.63816739984729,0.0 -47.6828717,-4.63813969984729,0.0 -47.6828896,-4.63810939984729,0.0 -47.6829062,-4.63807729984729,0.0 -47.6829174,-4.63806109984729,0.0 -47.6829228,-4.63805069984729,0.0 -47.6829249,-4.63803999984729,0.0 -47.6829259,-4.63803199984729,0.0 -47.6829252,-4.63801819984729,0.0 -47.6829225,-4.63800779984729,0.0 -47.6829162,-4.6379919998473,0.0 -47.6829007,-4.6379504998473,0.0 -47.6828965,-4.6379283998473,0.0 -47.6828952,-4.6379049998473,0.0 -47.6828896,-4.6378855998473,0.0 -47.6828869,-4.6378579998473,0.0 -47.6828896,-4.6378358998473,0.0 -47.6828941,-4.6378172998473,0.0 -47.682901,-4.6378075998473,0.0 -47.6829072,-4.6377992998473,0.0 -47.6829183,-4.6377914998473,0.0 -47.6829283,-4.6377861998473,0.0 -47.6829418,-4.6377830998473,0.0 -47.6829532,-4.6377833998473,0.0 -47.6829808,-4.6377833998473,0.0 -47.6830096,-4.6377833998473,0.0 -47.6830112,-4.6377833998473,0.0 -47.6830374,-4.6377816998473,0.0 -47.6830502,-4.6377788998473,0.0 -47.6830609,-4.6377750998473,0.0 -47.6830708,-4.6377677998473,0.0 -47.6830774,-4.6377583998473,0.0 -47.6830802,-4.6377474998473,0.0 -47.6830896,-4.63770289984731,0.0 -47.6830954,-4.63767299984731,0.0 -47.6831023,-4.63764259984731,0.0 -47.6831157,-4.63760369984731,0.0 -47.6831236,-4.63758069984731,0.0 -47.6831304,-4.63755689984731,0.0 -47.683141,-4.63751969984731,0.0 -47.683161,-4.63747029984731,0.0 -47.6831762,-4.63743849984731,0.0 -47.6831914,-4.63739989984731,0.0 -47.6832011,-4.63737359984732,0.0 -47.6832135,-4.63732529984732,0.0 -47.683219,-4.63727829984732,0.0 -47.6832287,-4.63723969984732,0.0 -47.6832425,-4.63718859984732,0.0 -47.6832577,-4.63712989984732,0.0 -47.6832646,-4.63709879984732,0.0 -47.683268,-4.63706769984733,0.0 -47.683268,-4.63705399984733,0.0 -47.683268,-4.63704629984733,0.0 -47.6832701,-4.63701729984733,0.0 -47.6832749,-4.63698069984733,0.0 -47.6832819,-4.63695029984733,0.0 -47.6832957,-4.63691169984733,0.0 -47.6833067,-4.63688399984733,0.0 -47.6833164,-4.63686609984733,0.0 -47.6833302,-4.63683849984733,0.0 -47.6833495,-4.63679839984733,0.0 -47.6833827,-4.63673349984734,0.0 -47.6834144,-4.63669759984734,0.0 -47.6834531,-4.63667139984734,0.0 -47.6834807,-4.63665749984734,0.0 -47.6835001,-4.63663549984734,0.0 -47.6835083,-4.63662159984734,0.0 -47.6835152,-4.63659539984734,0.0 -47.6835208,-4.63656359984734,0.0 -47.6835208,-4.63654149984734,0.0 -47.6835222,-4.63652769984734,0.0 -47.6835235,-4.63650149984734,0.0 -47.6835235,-4.63647799984734,0.0 -47.6835235,-4.63646419984734,0.0 -47.6835235,-4.63646139984734,0.0 -47.6835235,-4.63644899984735,0.0 -47.6835235,-4.63641589984735,0.0 -47.6835235,-4.63638819984735,0.0 -47.6835222,-4.63637029984735,0.0 -47.6835222,-4.63635229984735,0.0 -47.6835222,-4.63634409984735,0.0 -47.6835304,-4.63632329984735,0.0 -47.6835429,-4.63631089984735,0.0 -47.6835539,-4.63630809984735,0.0 -47.6835732,-4.63630399984735,0.0 -47.683594,-4.63630259984735,0.0 -47.6836105,-4.63630259984735,0.0 -47.6836382,-4.63629569984735,0.0 -47.6836893,-4.63628049984735,0.0 -47.6837114,-4.63626949984735,0.0 -47.6837473,-4.63625009984735,0.0 -47.6838066,-4.63621559984735,0.0 -47.6838329,-4.63619209984735,0.0 -47.6838453,-4.63616449984735,0.0 -47.6838453,-4.63614519984736,0.0 -47.6838453,-4.63612579984735,0.0 -47.6838453,-4.63610379984736,0.0 -47.6838522,-4.63606649984736,0.0 -47.6838633,-4.63604849984736,0.0 -47.6838729,-4.63601669984736,0.0 -47.6838743,-4.63598359984736,0.0 -47.6838826,-4.63596009984736,0.0 -47.6838992,-4.63592419984736,0.0 -47.6839171,-4.63590349984736,0.0 -47.683942,-4.63588559984736,0.0 -47.683971,-4.63586349984736,0.0 -47.6839931,-4.63584139984737,0.0 -47.6840083,-4.63581929984737,0.0 -47.6840262,-4.63578339984737,0.0 -47.6840483,-4.63573919984737,0.0 -47.6840732,-4.63570329984737,0.0 -47.684098,-4.63567559984737,0.0 -47.6841201,-4.63565219984737,0.0 -47.6841471,-4.63562249984737,0.0 -47.6841685,-4.63560309984737,0.0 -47.6842016,-4.63558379984737,0.0 -47.6842299,-4.63556999984737,0.0 -47.6842506,-4.63556169984737,0.0 -47.6842665,-4.63555549984737,0.0 -47.6843052,-4.63554029984737,0.0 -47.6843342,-4.63552859984737,0.0 -47.6843694,-4.63551609984737,0.0 -47.6843941,-4.63550799984738,0.0 -47.6844136,-4.63550159984738,0.0 -47.6844519,-4.63549259984738,0.0 -47.6844726,-4.63548849984738,0.0 -47.6844975,-4.63547609984738,0.0 -47.6845168,-4.63545949984738,0.0 -47.6845327,-4.63544429984738,0.0 -47.6845452,-4.63542569984738,0.0 -47.6845534,-4.63540839984738,0.0 -47.6845569,-4.63539599984738,0.0 -47.6845659,-4.63535249984738,0.0 -47.6845728,-4.63531519984738,0.0 -47.6845838,-4.63528759984738,0.0 -47.6845935,-4.63525859984739,0.0 -47.6845949,-4.63523779984738,0.0 -47.6845949,-4.63522129984739,0.0 -47.6845921,-4.63519499984739,0.0 -47.6845866,-4.63517429984739,0.0 -47.6845714,-4.63514809984739,0.0 -47.6845452,-4.63511629984739,0.0 -47.6845175,-4.63508459984739,0.0 -47.6844927,-4.63505549984739,0.0 -47.6844678,-4.63501689984739,0.0 -47.6844775,-4.63497889984739,0.0 -47.6845169,-4.6349383998474,0.0 -47.6845631,-4.6348852998474,0.0 -47.6845907,-4.6348319998474,0.0 -47.684605,-4.6347792998474,0.0 -47.6846223,-4.6346943998474,0.0 -47.6846151,-4.6346311998474,0.0 -47.684598,-4.63457219984741,0.0 -47.6845577,-4.63450449984741,0.0 -47.6845452,-4.63443679984741,0.0 -47.6845465,-4.63435809984741,0.0 -47.684541,-4.63431389984741,0.0 -47.68453,-4.63425589984742,0.0 -47.6845272,-4.63421169984742,0.0 -47.6845272,-4.63417309984742,0.0 -47.6845313,-4.63413439984742,0.0 -47.6845369,-4.63409569984742,0.0 -47.6845479,-4.63404189984742,0.0 -47.6845507,-4.63401149984743,0.0 -47.6845507,-4.63398519984743,0.0 -47.6845507,-4.63394659984743,0.0 -47.6845576,-4.63387059984743,0.0 -47.6845576,-4.63377669984743,0.0 -47.6845659,-4.63370209984743,0.0 -47.6845686,-4.63366349984744,0.0 -47.6845797,-4.63362199984744,0.0 -47.6845852,-4.63359299984744,0.0 -47.6845866,-4.63358029984744,0.0 -47.6845845,-4.63357159984744,0.0 -47.684581,-4.63356289984744,0.0 -47.6845769,-4.63355569984744,0.0 -47.6845587,-4.63353999984744,0.0 -47.6845562,-4.63353779984744,0.0 -47.6845293,-4.63351879984744,0.0 -47.6845037,-4.63349909984744,0.0 -47.6844871,-4.63348529984744,0.0 -47.6844789,-4.63347429984744,0.0 -47.6844761,-4.63345769984744,0.0 -47.6844752,-4.63344529984744,0.0 -47.6844749,-4.63343209984744,0.0 -47.684477,-4.63342589984744,0.0 -47.6844796,-4.63342079984744,0.0 -47.6844835,-4.63341519984744,0.0 -47.6844875,-4.63341189984745,0.0 -47.6844915,-4.63340879984744,0.0 -47.6845001,-4.63340399984744,0.0 -47.6845065,-4.63340249984744,0.0 -47.6845236,-4.63339729984745,0.0 -47.684541,-4.63339049984745,0.0 -47.6845617,-4.63337759984744,0.0 -47.6845762,-4.63336429984745,0.0 -47.6845852,-4.63335139984745,0.0 -47.6845895,-4.63333569984745,0.0 -47.6845893,-4.63332369984745,0.0 -47.6845873,-4.63331129984745,0.0 -47.6845811,-4.63329729984745,0.0 -47.6845693,-4.63327539984745,0.0 -47.6845624,-4.63325739984745,0.0 -47.6845555,-4.63323739984745,0.0 -47.6845521,-4.63321739984745,0.0 -47.6845507,-4.63319249984745,0.0 -47.6845579,-4.63315439984745,0.0 -47.6845731,-4.63311989984745,0.0 -47.6845994,-4.63308119984746,0.0 -47.6846145,-4.63304249984746,0.0 -47.6846215,-4.63299559984746,0.0 -47.6846228,-4.63294449984746,0.0 -47.6846228,-4.63290029984746,0.0 -47.6846187,-4.63284229984746,0.0 -47.6846063,-4.63270419984747,0.0 -47.6846366,-4.63261579984747,0.0 -47.6846505,-4.63258259984747,0.0 -47.6846891,-4.63248869984747,0.0 -47.684714,-4.63244729984747,0.0 -47.6847609,-4.63234789984748,0.0 -47.6847803,-4.63231469984748,0.0 -47.6847803,-4.63227049984748,0.0 -47.6847747,-4.63224009984748,0.0 -47.6847747,-4.63219179984748,0.0 -47.6847761,-4.63215449984749,0.0 -47.6847899,-4.63209239984749,0.0 -47.6848383,-4.63200949984749,0.0 -47.6848521,-4.63194739984749,0.0 -47.6848659,-4.63190179984749,0.0 -47.6848687,-4.63185209984749,0.0 -47.68487,-4.6318161998475,0.0 -47.6848576,-4.6317622998475,0.0 -47.6848543,-4.6317148998475,0.0 -47.6848516,-4.6316814998475,0.0 -47.6848549,-4.6316561998475,0.0 -47.6848603,-4.6316373998475,0.0 -47.6848686,-4.6316236998475,0.0 -47.6848751,-4.6316144998475,0.0 -47.6848914,-4.6316048998475,0.0 -47.6849112,-4.6315942998475,0.0 -47.6849282,-4.6315862998475,0.0 -47.6849392,-4.6315799998475,0.0 -47.6849452,-4.6315738998475,0.0 -47.6849507,-4.6315645998475,0.0 -47.684957,-4.6315537998475,0.0 -47.6849606,-4.6315460998475,0.0 -47.6849621,-4.6315350998475,0.0 -47.6849633,-4.63148399984751,0.0 -47.6849655,-4.63146329984751,0.0 -47.6849682,-4.63145479984751,0.0 -47.6849712,-4.63144709984751,0.0 -47.6849757,-4.63143639984751,0.0 -47.6849841,-4.63142189984751,0.0 -47.6849966,-4.63140409984751,0.0 -47.6850075,-4.63139079984751,0.0 -47.6850254,-4.63137559984751,0.0 -47.6850441,-4.63136179984751,0.0 -47.6850596,-4.63135119984751,0.0 -47.6850758,-4.63133689984751,0.0 -47.6851084,-4.63130069984751,0.0 -47.685127,-4.63127289984751,0.0 -47.6851462,-4.63124499984751,0.0 -47.6851724,-4.63120359984751,0.0 -47.6851904,-4.63117249984752,0.0 -47.6851982,-4.63115619984752,0.0 -47.6852036,-4.63114019984752,0.0 -47.6852111,-4.63112619984752,0.0 -47.6852178,-4.63111449984752,0.0 -47.6852309,-4.63109399984752,0.0 -47.6852486,-4.63107809984752,0.0 -47.6852608,-4.63106959984752,0.0 -47.685276,-4.63106409984752,0.0 -47.6852913,-4.63105749984752,0.0 -47.6853071,-4.63105189984752,0.0 -47.685312,-4.63105079984752,0.0 -47.685323,-4.63104839984752,0.0 -47.6853475,-4.63104349984752,0.0 -47.6853639,-4.63103739984752,0.0 -47.6853822,-4.63102679984752,0.0 -47.685393,-4.63101549984752,0.0 -47.6854008,-4.63099869984752,0.0 -47.6854173,-4.63096189984753,0.0 -47.6854219,-4.63094579984753,0.0 -47.6854256,-4.63092649984752,0.0 -47.6854284,-4.63091219984753,0.0 -47.6854307,-4.63089609984753,0.0 -47.6854316,-4.63088129984753,0.0 -47.6854334,-4.63086659984753,0.0 -47.685431,-4.63085179984753,0.0 -47.6854298,-4.63083669984753,0.0 -47.6854268,-4.63081569984753,0.0 -47.6854266,-4.63079869984753,0.0 -47.6854265,-4.63078699984753,0.0 -47.6854288,-4.63077359984753,0.0 -47.6854392,-4.63075679984753,0.0 -47.6854484,-4.63074299984753,0.0 -47.6854588,-4.63073259984753,0.0 -47.6854714,-4.63071399984753,0.0 -47.6854761,-4.63069359984753,0.0 -47.6854813,-4.63066819984753,0.0 -47.6854841,-4.63063919984753,0.0 -47.6854855,-4.63062119984753,0.0 -47.6854873,-4.63058989984754,0.0 -47.6854836,-4.63057519984754,0.0 -47.6854753,-4.63056369984754,0.0 -47.6854664,-4.63055699984754,0.0 -47.6854482,-4.63055259984754,0.0 -47.6854293,-4.63054939984754,0.0 -47.68541,-4.63054569984754,0.0 -47.6853934,-4.63054249984754,0.0 -47.6853745,-4.63053699984754,0.0 -47.6853584,-4.63053099984754,0.0 -47.6853508,-4.63052159984754,0.0 -47.6853439,-4.63051279984754,0.0 -47.6853363,-4.63050149984754,0.0 -47.685329,-4.63048499984754,0.0 -47.6853253,-4.63047019984754,0.0 -47.6853234,-4.63044809984754,0.0 -47.6853216,-4.63042929984754,0.0 -47.6853239,-4.63040719984754,0.0 -47.6853292,-4.63039219984754,0.0 -47.6853368,-4.63037909984754,0.0 -47.685351,-4.63036159984754,0.0 -47.6853655,-4.63035079984755,0.0 -47.6853768,-4.63034129984755,0.0 -47.6853939,-4.63032849984754,0.0 -47.6854047,-4.63032019984754,0.0 -47.6854155,-4.63031189984754,0.0 -47.6854293,-4.63030129984755,0.0 -47.6854364,-4.63029679984755,0.0 -47.6854431,-4.63029349984754,0.0 -47.6854608,-4.63028859984755,0.0 -47.6854817,-4.63028299984755,0.0 -47.685499,-4.63027799984755,0.0 -47.6855131,-4.63027229984754,0.0 -47.6855215,-4.63026789984755,0.0 -47.6855255,-4.63026509984755,0.0 -47.6855299,-4.63025989984755,0.0 -47.6855315,-4.63025549984755,0.0 -47.6855331,-4.63025129984755,0.0 -47.6855347,-4.63024609984755,0.0 -47.6855352,-4.63024149984755,0.0 -47.6855346,-4.63023589984755,0.0 -47.6855333,-4.63023089984755,0.0 -47.6855278,-4.63021609984755,0.0 -47.6855131,-4.63017379984755,0.0 -47.6855112,-4.63014799984755,0.0 -47.6855112,-4.63012249984755,0.0 -47.6855112,-4.63011489984755,0.0 -47.6855131,-4.63007799984755,0.0 -47.6855168,-4.63005219984755,0.0 -47.685526,-4.63002599984756,0.0 -47.685532,-4.63000669984755,0.0 -47.6855352,-4.62999519984755,0.0 -47.6855391,-4.62997999984756,0.0 -47.685537,-4.62996749984756,0.0 -47.6855336,-4.62995659984756,0.0 -47.6855251,-4.62994639984756,0.0 -47.6854855,-4.62991139984756,0.0 -47.6854606,-4.62988379984756,0.0 -47.6854404,-4.62986259984756,0.0 -47.6854201,-4.62983399984756,0.0 -47.6854081,-4.62981189984756,0.0 -47.6853934,-4.62977789984756,0.0 -47.6853851,-4.62974009984756,0.0 -47.6853777,-4.62970979984757,0.0 -47.6853704,-4.62966279984757,0.0 -47.6853722,-4.62962039984757,0.0 -47.6853718,-4.62960249984757,0.0 -47.6853755,-4.62959079984757,0.0 -47.6853817,-4.62958429984757,0.0 -47.6853916,-4.62957529984757,0.0 -47.6854263,-4.62956589984757,0.0 -47.6854615,-4.62955599984757,0.0 -47.6854894,-4.62954239984757,0.0 -47.6855158,-4.62952929984757,0.0 -47.6855499,-4.62950539984757,0.0 -47.6855853,-4.62948239984757,0.0 -47.6856049,-4.62946289984757,0.0 -47.6856162,-4.62944639984757,0.0 -47.6856275,-4.62942179984757,0.0 -47.6856375,-4.62939409984758,0.0 -47.6856438,-4.62936729984758,0.0 -47.6856441,-4.62935479984758,0.0 -47.6856441,-4.62933529984758,0.0 -47.6856431,-4.62931869984758,0.0 -47.6856388,-4.62930099984758,0.0 -47.6855941,-4.62921069984758,0.0 -47.6854799,-4.62901919984759,0.0 -47.6854284,-4.62891979984759,0.0 -47.6853842,-4.62880929984759,0.0 -47.6853437,-4.6286656998476,0.0 -47.6853179,-4.6285846998476,0.0 -47.6853069,-4.6285293998476,0.0 -47.6852921,-4.6284815998476,0.0 -47.6852811,-4.62845579984761,0.0 -47.68527,-4.62842819984761,0.0 -47.6852553,-4.62838579984761,0.0 -47.6852406,-4.62834159984761,0.0 -47.6852314,-4.62829189984761,0.0 -47.6852295,-4.62826059984761,0.0 -47.6852277,-4.62822379984761,0.0 -47.6852258,-4.62818689984761,0.0 -47.685224,-4.62815929984762,0.0 -47.6852249,-4.62812059984762,0.0 -47.6852323,-4.62806719984762,0.0 -47.6852433,-4.62802309984762,0.0 -47.6852507,-4.62798069984762,0.0 -47.6852599,-4.62795679984762,0.0 -47.6852728,-4.62793829984762,0.0 -47.6853022,-4.62791989984762,0.0 -47.6853722,-4.62789229984762,0.0 -47.6854201,-4.62787669984762,0.0 -47.6854938,-4.62776619984763,0.0 -47.6855343,-4.62756359984763,0.0 -47.6855343,-4.62736479984764,0.0 -47.6855195,-4.62719899984765,0.0 -47.6855075,-4.62715989984765,0.0 -47.6854753,-4.62705539984765,0.0 -47.6854256,-4.62690989984766,0.0 -47.6853777,-4.62682709984766,0.0 -47.6853372,-4.62676259984766,0.0 -47.6853041,-4.62671109984766,0.0 -47.6852807,-4.62667389984766,0.0 -47.6852586,-4.62663519984766,0.0 -47.6852559,-4.62659379984767,0.0 -47.6852559,-4.62656059984767,0.0 -47.6852559,-4.62653299984767,0.0 -47.6852559,-4.62651369984767,0.0 -47.6852503,-4.62646399984767,0.0 -47.6852448,-4.62640599984767,0.0 -47.6852282,-4.62637279984767,0.0 -47.685173,-4.62633409984767,0.0 -47.6851012,-4.62631759984768,0.0 -47.685046,-4.62628719984768,0.0 -47.6850239,-4.62622639984768,0.0 -47.6849907,-4.62618779984768,0.0 -47.6849765,-4.62618109984768,0.0 -47.6849493,-4.62616839984768,0.0 -47.6848788,-4.62614629984768,0.0 -47.6848498,-4.62612839984768,0.0 -47.6848098,-4.62611319984768,0.0 -47.6847615,-4.62609249984768,0.0 -47.68472,-4.62607039984768,0.0 -47.6846924,-4.62604829984768,0.0 -47.6846772,-4.62603169984769,0.0 -47.6846703,-4.62601369984769,0.0 -47.6846662,-4.62599439984769,0.0 -47.6846662,-4.62596959984769,0.0 -47.6846731,-4.62593229984769,0.0 -47.6846814,-4.62589639984769,0.0 -47.6846869,-4.62586459984769,0.0 -47.6846896,-4.62583419984769,0.0 -47.6846924,-4.62579969984769,0.0 -47.684691,-4.62577619984769,0.0 -47.6846869,-4.62575549984769,0.0 -47.6846772,-4.62573749984769,0.0 -47.6846735,-4.62571919984769,0.0 -47.6846703,-4.6257029998477,0.0 -47.6846675,-4.6256601998477,0.0 -47.684662,-4.6256283998477,0.0 -47.6846496,-4.6256007998477,0.0 -47.684633,-4.6255786998477,0.0 -47.6846109,-4.6255524998477,0.0 -47.6845895,-4.6255330998477,0.0 -47.6845792,-4.6255255998477,0.0 -47.6845626,-4.6255144998477,0.0 -47.6845508,-4.6255103998477,0.0 -47.6845357,-4.6255068998477,0.0 -47.6845232,-4.6255047998477,0.0 -47.6845122,-4.6255034998477,0.0 -47.6844861,-4.6255039998477,0.0 -47.684464,-4.6255122998477,0.0 -47.6844392,-4.6255232998477,0.0 -47.6844058,-4.6255371998477,0.0 -47.6843729,-4.6255425998477,0.0 -47.6843418,-4.6255467998477,0.0 -47.6843169,-4.6255474998477,0.0 -47.6842821,-4.6255411998477,0.0 -47.6842596,-4.6255370998477,0.0 -47.6842356,-4.6255245998477,0.0 -47.6842044,-4.6255066998477,0.0 -47.6841657,-4.6254984998477,0.0 -47.6841381,-4.6254984998477,0.0 -47.6841153,-4.6255011998477,0.0 -47.6840856,-4.6255025998477,0.0 -47.6840414,-4.6255039998477,0.0 -47.6840097,-4.6255011998477,0.0 -47.6839835,-4.6254987998477,0.0 -47.6839614,-4.6254920998477,0.0 -47.6839406,-4.6254845998477,0.0 -47.6839137,-4.6254631998477,0.0 -47.6838895,-4.6254376998477,0.0 -47.683876,-4.6254183998477,0.0 -47.6838729,-4.62540209984771,0.0 -47.6838729,-4.62538929984771,0.0 -47.6838757,-4.62537139984771,0.0 -47.6838778,-4.62535859984771,0.0 -47.6838812,-4.62534649984771,0.0 -47.6838867,-4.62533409984771,0.0 -47.683895,-4.62531059984771,0.0 -47.6839019,-4.62528849984771,0.0 -47.6838992,-4.62526229984771,0.0 -47.6838854,-4.62523049984771,0.0 -47.6838646,-4.62519459984771,0.0 -47.6838343,-4.62515869984771,0.0 -47.6838116,-4.62513369984771,0.0 -47.683808,-4.62512969984771,0.0 -47.6837818,-4.62510759984772,0.0 -47.6837611,-4.62509239984772,0.0 -47.6837335,-4.62507859984771,0.0 -47.6837289,-4.62507749984771,0.0 -47.6837114,-4.62507309984772,0.0 -47.6836865,-4.62507029984772,0.0 -47.6836506,-4.62507169984772,0.0 -47.6836133,-4.62506759984772,0.0 -47.6835732,-4.62504959984772,0.0 -47.6835277,-4.62501369984772,0.0 -47.6834807,-4.62496119984772,0.0 -47.6833454,-4.62480659984772,0.0 -47.6832432,-4.62472649984773,0.0 -47.6831051,-4.62464909984773,0.0 -47.6830001,-4.62461039984773,0.0 -47.6829435,-4.62459529984773,0.0 -47.6828993,-4.62457869984773,0.0 -47.6828579,-4.62456069984773,0.0 -47.6828137,-4.62454139984773,0.0 -47.6827267,-4.62449169984774,0.0 -47.6826977,-4.62446539984774,0.0 -47.682677,-4.62443089984774,0.0 -47.6826645,-4.62440609984774,0.0 -47.6826535,-4.62437429984774,0.0 -47.6826479,-4.62434349984774,0.0 -47.6826424,-4.62431699984774,0.0 -47.6826335,-4.62428729984774,0.0 -47.6826259,-4.62427069984774,0.0 -47.6826203,-4.62426309984774,0.0 -47.6826134,-4.62425479984774,0.0 -47.6826038,-4.62424859984774,0.0 -47.6825955,-4.62424589984774,0.0 -47.6825837,-4.62424309984774,0.0 -47.6825782,-4.62424309984774,0.0 -47.6825679,-4.62424379984774,0.0 -47.6825568,-4.62424449984774,0.0 -47.6825395,-4.62424449984774,0.0 -47.6825126,-4.62424519984774,0.0 -47.6825028,-4.62424469984774,0.0 -47.6824857,-4.62424379984774,0.0 -47.6824594,-4.62424449984774,0.0 -47.6824339,-4.62424239984774,0.0 -47.6824146,-4.62423889984774,0.0 -47.6823973,-4.62423479984774,0.0 -47.6823795,-4.62422659984774,0.0 -47.6823614,-4.62421479984774,0.0 -47.6823386,-4.62419539984775,0.0 -47.6823089,-4.62416919984774,0.0 -47.6822723,-4.62412919984775,0.0 -47.6822454,-4.62409669984775,0.0 -47.6822316,-4.62407389984775,0.0 -47.6822227,-4.62405439984775,0.0 -47.6822212,-4.62405109984775,0.0 -47.6822116,-4.62402899984775,0.0 -47.6822067,-4.62401589984775,0.0 -47.6822033,-4.62400419984775,0.0 -47.6822019,-4.62399109984775,0.0 -47.6821998,-4.62397589984775,0.0 -47.6821998,-4.62396409984775,0.0 -47.6822026,-4.62394889984775,0.0 -47.6822033,-4.62393999984775,0.0 -47.6821991,-4.62392959984775,0.0 -47.6821915,-4.62392269984775,0.0 -47.6821487,-4.62389919984775,0.0 -47.6821031,-4.62387849984775,0.0 -47.68207,-4.62386469984776,0.0 -47.6820534,-4.62384949984776,0.0 -47.6820299,-4.62382599984776,0.0 -47.6820134,-4.62380119984776,0.0 -47.6819802,-4.62375699984776,0.0 -47.6819664,-4.62374179984776,0.0 -47.6819153,-4.62368379984776,0.0 -47.6818905,-4.62366029984776,0.0 -47.6818656,-4.62363679984776,0.0 -47.6818352,-4.62362159984776,0.0 -47.6818186,-4.62361199984776,0.0 -47.6818021,-4.62359399984776,0.0 -47.6817952,-4.62357879984776,0.0 -47.6817869,-4.62355949984777,0.0 -47.6817786,-4.62353319984777,0.0 -47.6817641,-4.62348009984777,0.0 -47.6817565,-4.62345799984777,0.0 -47.6817413,-4.62342209984777,0.0 -47.6817289,-4.62339439984777,0.0 -47.6817116,-4.62336199984777,0.0 -47.6816992,-4.62334129984777,0.0 -47.6816868,-4.62332329984777,0.0 -47.6816799,-4.62331159984777,0.0 -47.681678,-4.62330819984777,0.0 -47.6816736,-4.62330049984778,0.0 -47.6816702,-4.62328259984778,0.0 -47.6816709,-4.62326739984777,0.0 -47.681675,-4.62325499984778,0.0 -47.6816857,-4.62324049984778,0.0 -47.6817235,-4.62320029984778,0.0 -47.6817299,-4.62319349984778,0.0 -47.6817617,-4.62316729984778,0.0 -47.6817893,-4.62313899984778,0.0 -47.6818107,-4.62311959984778,0.0 -47.6818293,-4.62310649984778,0.0 -47.6818542,-4.62309129984778,0.0 -47.6819157,-4.62306159984778,0.0 -47.6819419,-4.62305059984778,0.0 -47.6819647,-4.62303609984778,0.0 -47.6819813,-4.62301669984778,0.0 -47.6819937,-4.62300019984778,0.0 -47.6820047,-4.62297249984779,0.0 -47.6820186,-4.62292419984779,0.0 -47.6820393,-4.62286339984779,0.0 -47.6820614,-4.62280819984779,0.0 -47.6820752,-4.62275709984779,0.0 -47.6820876,-4.62270599984779,0.0 -47.6820931,-4.62266319984779,0.0 -47.6820987,-4.6226092998478,0.0 -47.6821,-4.6225581998478,0.0 -47.6821014,-4.6225098998478,0.0 -47.6820959,-4.6224463998478,0.0 -47.6820917,-4.6224007998478,0.0 -47.6820832,-4.62234769984781,0.0 -47.6820807,-4.62233169984781,0.0 -47.6820641,-4.62227369984781,0.0 -47.6820393,-4.62219359984781,0.0 -47.6820103,-4.62210659984781,0.0 -47.6819799,-4.62201819984782,0.0 -47.6819523,-4.62193809984782,0.0 -47.6819302,-4.62188289984782,0.0 -47.6819053,-4.62182489984782,0.0 -47.681886,-4.62178069984783,0.0 -47.6818722,-4.62174199984783,0.0 -47.6818632,-4.62172179984783,0.0 -47.6818509,-4.62169959984783,0.0 -47.6818363,-4.62168129984783,0.0 -47.6818221,-4.62166539984783,0.0 -47.6818003,-4.62164809984783,0.0 -47.6817724,-4.62163169984783,0.0 -47.6817534,-4.62162049984783,0.0 -47.6817202,-4.62160389984783,0.0 -47.6817079,-4.62159309984783,0.0 -47.6816979,-4.62158089984783,0.0 -47.6816899,-4.62156529984783,0.0 -47.6816843,-4.62151829984783,0.0 -47.6816843,-4.62148519984783,0.0 -47.6816871,-4.62142159984784,0.0 -47.6816982,-4.62136639984784,0.0 -47.6817037,-4.62132499984784,0.0 -47.681723,-4.62126419984784,0.0 -47.6817423,-4.62121859984784,0.0 -47.6817548,-4.62117029984784,0.0 -47.6817575,-4.62112889984784,0.0 -47.6817589,-4.62110119984785,0.0 -47.681752,-4.62106119984785,0.0 -47.6817341,-4.62101699984785,0.0 -47.6817133,-4.62097829984785,0.0 -47.6816926,-4.62091479984785,0.0 -47.6816733,-4.62086509984785,0.0 -47.6816263,-4.62072699984786,0.0 -47.6816098,-4.62065649984786,0.0 -47.6815918,-4.62057639984786,0.0 -47.6815835,-4.62053229984786,0.0 -47.6815808,-4.62047429984787,0.0 -47.6815877,-4.62042729984787,0.0 -47.6815903,-4.62041549984787,0.0 -47.6815932,-4.62040239984787,0.0 -47.6816001,-4.62036099984787,0.0 -47.681607,-4.62032509984787,0.0 -47.6816111,-4.62028919984787,0.0 -47.6816084,-4.62026019984787,0.0 -47.6815973,-4.62023949984787,0.0 -47.6815863,-4.62022699984788,0.0 -47.6815697,-4.62020909984787,0.0 -47.6815559,-4.62019669984787,0.0 -47.6815393,-4.62018419984788,0.0 -47.6815161,-4.62017009984788,0.0 -47.6815076,-4.62016489984788,0.0 -47.6814592,-4.62013449984788,0.0 -47.6814289,-4.62010829984788,0.0 -47.6814109,-4.62008199984788,0.0 -47.6814026,-4.62005859984788,0.0 -47.6813998,-4.62003649984788,0.0 -47.6813998,-4.61998669984788,0.0 -47.6813998,-4.61994529984788,0.0 -47.6813971,-4.61988729984789,0.0 -47.6813833,-4.61984589984789,0.0 -47.6813557,-4.61981829984789,0.0 -47.6813032,-4.61979339984789,0.0 -47.681259,-4.61978509984789,0.0 -47.681201,-4.61976579984789,0.0 -47.681154,-4.61973539984789,0.0 -47.6811181,-4.61971049984789,0.0 -47.681096,-4.61965809984789,0.0 -47.6810794,-4.6196027998479,0.0 -47.6810739,-4.6195502998479,0.0 -47.6810739,-4.6194895998479,0.0 -47.6810905,-4.6194204998479,0.0 -47.6811098,-4.6193265998479,0.0 -47.6811236,-4.61927409984791,0.0 -47.6811292,-4.61921339984791,0.0 -47.681154,-4.61909739984791,0.0 -47.6811789,-4.61899789984792,0.0 -47.6811955,-4.61890399984792,0.0 -47.6812093,-4.61885709984792,0.0 -47.6812203,-4.61883499984792,0.0 -47.6812452,-4.61879629984792,0.0 -47.6813087,-4.61872169984792,0.0 -47.6813326,-4.61868929984793,0.0 -47.6813474,-4.61866919984793,0.0 -47.6813805,-4.61861679984793,0.0 -47.6813943,-4.61857529984793,0.0 -47.6814054,-4.61853109984793,0.0 -47.6814054,-4.61849249984793,0.0 -47.6814026,-4.61845929984793,0.0 -47.6813702,-4.61839789984794,0.0 -47.6813605,-4.61837579984793,0.0 -47.6813425,-4.61834949984794,0.0 -47.6813204,-4.61832469984794,0.0 -47.6813108,-4.61829839984794,0.0 -47.6813122,-4.61828189984794,0.0 -47.6813218,-4.61826799984794,0.0 -47.6813398,-4.61825009984794,0.0 -47.6813619,-4.61823079984794,0.0 -47.6813812,-4.61821279984794,0.0 -47.6813978,-4.61819759984794,0.0 -47.6814157,-4.61816929984794,0.0 -47.6814295,-4.61813479984794,0.0 -47.6814392,-4.61810299984794,0.0 -47.6814489,-4.61805739984795,0.0 -47.6814572,-4.61802979984795,0.0 -47.6814654,-4.61800769984795,0.0 -47.6814779,-4.61798559984795,0.0 -47.6814986,-4.61796349984795,0.0 -47.6815124,-4.61794699984795,0.0 -47.6815179,-4.61793309984795,0.0 -47.6815179,-4.61791799984795,0.0 -47.6815193,-4.61789859984795,0.0 -47.6815152,-4.61787099984795,0.0 -47.6815207,-4.61778259984796,0.0 -47.6815193,-4.61773839984796,0.0 -47.6815179,-4.61770249984796,0.0 -47.6815124,-4.61766109984796,0.0 -47.6814972,-4.61762519984796,0.0 -47.6814751,-4.61758509984796,0.0 -47.6814613,-4.61755339984796,0.0 -47.6814503,-4.61751609984796,0.0 -47.6814434,-4.61748979984796,0.0 -47.6814364,-4.61742769984797,0.0 -47.6814282,-4.61736969984797,0.0 -47.6814157,-4.61732689984797,0.0 -47.6814005,-4.61727989984797,0.0 -47.6813881,-4.61725089984797,0.0 -47.6813743,-4.61722329984797,0.0 -47.6813577,-4.61719839984797,0.0 -47.6813329,-4.61718049984797,0.0 -47.6813108,-4.61717629984797,0.0 -47.6812832,-4.61717629984797,0.0 -47.68125,-4.61717359984797,0.0 -47.6812182,-4.61716809984797,0.0 -47.681217,-4.61716749984797,0.0 -47.6811906,-4.61715559984798,0.0 -47.681152,-4.61713209984798,0.0 -47.6810677,-4.61706589984798,0.0 -47.6810125,-4.61701339984798,0.0 -47.6809876,-4.61698849984798,0.0 -47.6809807,-4.61697609984798,0.0 -47.6809766,-4.61695399984798,0.0 -47.6809779,-4.61692909984798,0.0 -47.6809876,-4.61690429984798,0.0 -47.6809945,-4.61688219984798,0.0 -47.6809931,-4.61685319984799,0.0 -47.6809779,-4.61679659984799,0.0 -47.6809669,-4.61676889984799,0.0 -47.6809489,-4.61671369984799,0.0 -47.6809434,-4.61668189984799,0.0 -47.6809448,-4.61664189984799,0.0 -47.6809476,-4.61661979984799,0.0 -47.6809545,-4.61658659984799,0.0 -47.6809655,-4.61656729984799,0.0 -47.6809793,-4.61655209984799,0.0 -47.6810138,-4.616520399848,0.0 -47.6810346,-4.616494099848,0.0 -47.681047,-4.616462299848,0.0 -47.681047,-4.616413999848,0.0 -47.6810429,-4.616390499848,0.0 -47.6810332,-4.616326999848,0.0 -47.6810221,-4.616293899848,0.0 -47.6810125,-4.616278699848,0.0 -47.6809904,-4.616256599848,0.0 -47.6809821,-4.616238599848,0.0 -47.6809766,-4.616215099848,0.0 -47.6809752,-4.61619719984801,0.0 -47.6809724,-4.61617229984801,0.0 -47.6809765,-4.61614319984801,0.0 -47.6809844,-4.61611619984801,0.0 -47.6810013,-4.61608239984801,0.0 -47.6810483,-4.61600779984801,0.0 -47.6810842,-4.61594699984801,0.0 -47.6811091,-4.61588079984802,0.0 -47.6811312,-4.61578409984802,0.0 -47.6811394,-4.61572329984802,0.0 -47.6811532,-4.61563489984802,0.0 -47.6811532,-4.61554099984803,0.0 -47.6811477,-4.61544439984803,0.0 -47.6811422,-4.61527859984804,0.0 -47.6811312,-4.61511289984804,0.0 -47.6811035,-4.61497479984805,0.0 -47.681087,-4.61487539984805,0.0 -47.6810428,-4.61472069984805,0.0 -47.6810151,-4.61462129984806,0.0 -47.680953,-4.61444449984806,0.0 -47.6809309,-4.61439609984806,0.0 -47.6809116,-4.61435469984807,0.0 -47.6809089,-4.61434889984807,0.0 -47.6808936,-4.61431599984807,0.0 -47.680877,-4.61428289984807,0.0 -47.6808646,-4.61425529984807,0.0 -47.6808453,-4.61422079984807,0.0 -47.6808204,-4.61418209984807,0.0 -47.6808011,-4.61415169984807,0.0 -47.6807776,-4.61411439984807,0.0 -47.6807541,-4.61407299984808,0.0 -47.6807389,-4.61403849984808,0.0 -47.6807307,-4.61399699984808,0.0 -47.6807293,-4.61396389984808,0.0 -47.6807293,-4.61392799984808,0.0 -47.6807431,-4.61387829984808,0.0 -47.6807597,-4.61382299984808,0.0 -47.6807707,-4.61377049984808,0.0 -47.6807735,-4.61371529984809,0.0 -47.6807707,-4.61365729984809,0.0 -47.6807679,-4.61361859984809,0.0 -47.6807541,-4.61356339984809,0.0 -47.6807458,-4.61351919984809,0.0 -47.6807348,-4.61346119984809,0.0 -47.6807265,-4.6134003998481,0.0 -47.6807155,-4.6133423998481,0.0 -47.6807072,-4.6132760998481,0.0 -47.6806947,-4.6131876998481,0.0 -47.6806906,-4.61315739984811,0.0 -47.6806837,-4.61311589984811,0.0 -47.6806796,-4.61307999984811,0.0 -47.680674,-4.61304269984811,0.0 -47.6806699,-4.61300129984811,0.0 -47.6806644,-4.61296259984811,0.0 -47.6806602,-4.61293499984811,0.0 -47.6806575,-4.61291979984811,0.0 -47.6806547,-4.61290189984811,0.0 -47.6806561,-4.61285909984811,0.0 -47.6806699,-4.61280379984812,0.0 -47.6806865,-4.61274029984812,0.0 -47.6807113,-4.61266299984812,0.0 -47.6807334,-4.61259669984812,0.0 -47.6807527,-4.61252479984813,0.0 -47.6807583,-4.61248069984813,0.0 -47.680761,-4.61245299984813,0.0 -47.680761,-4.61240609984813,0.0 -47.6807597,-4.61237019984813,0.0 -47.6807555,-4.61232869984813,0.0 -47.6807541,-4.61228729984813,0.0 -47.6807486,-4.61224309984814,0.0 -47.6807431,-4.61220029984814,0.0 -47.6807352,-4.61211809984814,0.0 -47.6807462,-4.61204969984814,0.0 -47.6807729,-4.61200769984814,0.0 -47.680812,-4.61191099984815,0.0 -47.6808262,-4.61183699984815,0.0 -47.6808399,-4.61174109984815,0.0 -47.6808417,-4.61171559984815,0.0 -47.6808398,-4.61168999984815,0.0 -47.6808331,-4.61166979984815,0.0 -47.6808212,-4.61165279984815,0.0 -47.6807548,-4.61157059984816,0.0 -47.6806838,-4.61146439984816,0.0 -47.6806591,-4.61138589984816,0.0 -47.6806353,-4.61132609984817,0.0 -47.6805816,-4.61122969984817,0.0 -47.6805298,-4.61112509984817,0.0 -47.680445,-4.61094589984818,0.0 -47.6803916,-4.61084139984818,0.0 -47.6803328,-4.61071419984818,0.0 -47.6802841,-4.61060559984819,0.0 -47.6802595,-4.61050799984819,0.0 -47.6802561,-4.61040869984819,0.0 -47.6803062,-4.6102376998482,0.0 -47.6803484,-4.6101067998482,0.0 -47.68038,-4.60994089984821,0.0 -47.6803951,-4.60976919984822,0.0 -47.6804065,-4.60958239984822,0.0 -47.6804099,-4.60947869984823,0.0 -47.680394,-4.60937279984823,0.0 -47.680375,-4.60928669984823,0.0 -47.6803396,-4.60919689984823,0.0 -47.6803111,-4.60911449984824,0.0 -47.6802834,-4.60905749984824,0.0 -47.6802563,-4.60900179984824,0.0 -47.6799573,-4.60861739984825,0.0 -47.6783768,-4.60797869984827,0.0 -47.6776313,-4.60778509984828,0.0 -47.6770797,-4.6070781998483,0.0 -47.6762935,-4.60641149984832,0.0 -47.6747218,-4.60559039984835,0.0 -47.6713409,-4.60329269984843,0.0 -47.6687051,-4.6010185998485,0.0 -47.666503,-4.59933359984856,0.0 -47.6642431,-4.5980623998486,0.0 -47.6630242,-4.59720039984863,0.0 -47.6621177,-4.59586479984867,0.0 -47.6604639,-4.59394189984873,0.0 -47.6575553,-4.59214099984879,0.0 -47.6568858,-4.59131619984882,0.0 -47.6565693,-4.59053059984884,0.0 -47.6560179,-4.58990279984886,0.0 -47.6547021,-4.58949389984888,0.0 -47.6539956,-4.58918109984889,0.0 -47.6528094,-4.58666559984897,0.0 -47.6510752,-4.58415149984905,0.0 -47.649499,-4.58210989984912,0.0 -47.6471391,-4.58003159984919,0.0 -47.6460378,-4.57922459984921,0.0 -47.6448012,-4.57893419984922,0.0 -47.6443683,-4.57846299984924,0.0 -47.6440127,-4.57759879984927,0.0 -47.643618,-4.57708739984928,0.0 -47.6427536,-4.5765000998493,0.0 -47.6421239,-4.57575479984933,0.0 -47.6407875,-4.57493229984935,0.0 -47.6403126,-4.57371379984939,0.0 -47.6388993,-4.5733246998494,0.0 -47.6385053,-4.57293289984942,0.0 -47.6382282,-4.57206759984945,0.0 -47.6376763,-4.57140029984947,0.0 -47.6370089,-4.57104839984948,0.0 -47.6355572,-4.57093489984948,0.0 -47.6347915,-4.5704850998495,0.0 -47.6341209,-4.56958209984953,0.0 -47.63141,-4.56817409984957,0.0 -47.6307815,-4.56770379984959,0.0 -47.6305821,-4.56691739984961,0.0 -47.6292883,-4.56688259984961,0.0 -47.6284659,-4.56704339984961,0.0 -47.6278774,-4.56704539984961,0.0 -47.6269733,-4.56645769984963,0.0 -47.6251291,-4.56618889984964,0.0 -47.6243837,-4.56599539984964,0.0 -47.6238337,-4.56572179984965,0.0 -47.6234401,-4.56528959984967,0.0 -47.6229851,-4.5641692998497,0.0 -47.622472,-4.56338369984973,0.0 -47.6217643,-4.56291369984975,0.0 -47.620038,-4.56256499984976,0.0 -47.6196837,-4.56217269984977,0.0 -47.6196431,-4.56166089984979,0.0 -47.618855,-4.56079739984981,0.0 -47.6183842,-4.56064229984982,0.0 -47.6179926,-4.56080059984981,0.0 -47.6175622,-4.5611571998498,0.0 -47.61717,-4.56088229984981,0.0 -47.6168928,-4.56033249984983,0.0 -47.6166176,-4.56005769984984,0.0 -47.616068,-4.55994139984984,0.0 -47.6155593,-4.56010049984984,0.0 -47.6151665,-4.55998379984984,0.0 -47.614733,-4.55947399984986,0.0 -47.6119419,-4.55735789984993,0.0 -47.6111146,-4.55633679984996,0.0 -47.6108948,-4.55521499985,0.0 -47.6101457,-4.55411549985003,0.0 -47.6093191,-4.55333069985006,0.0 -47.6089632,-4.55230839985009,0.0 -47.6088791,-4.55081209985014,0.0 -47.6086005,-4.54971049985018,0.0 -47.6079693,-4.54872799985021,0.0 -47.606277,-4.54688409985027,0.0 -47.6028138,-4.54352549985038,0.0 -47.5982318,-4.53950539985051,0.0 -47.5972494,-4.53891889985053,0.0 -47.5961869,-4.53789839985056,0.0 -47.5951629,-4.5366023998506,0.0 -47.5916987,-4.53295269985072,0.0 -47.5913023,-4.53161549985077,0.0 -47.5900438,-4.5305564998508,0.0 -47.587978,-4.52845679985087,0.0 -47.5871855,-4.52625519985094,0.0 -47.5863986,-4.52546999985097,0.0 -47.585374,-4.52393759985102,0.0 -47.5839205,-4.52331279985104,0.0 -47.5835668,-4.52296009985105,0.0 -47.5834066,-4.52201499985108,0.0 -47.5831689,-4.5213864998511,0.0 -47.5823039,-4.52075879985112,0.0 -47.5814777,-4.51993549985115,0.0 -47.5800895,-4.51732779985123,0.0 -47.5800846,-4.51584309985128,0.0 -47.5792858,-4.51302399985137,0.0 -47.5782465,-4.51193909985141,0.0 -47.5775493,-4.50976349985148,0.0 -47.5776406,-4.50778269985154,0.0 -47.5770456,-4.50679519985158,0.0 -47.5761068,-4.5060562998516,0.0 -47.5757582,-4.50501789985164,0.0 -47.5750405,-4.50425309985166,0.0 -47.5750365,-4.5030649998517,0.0 -47.574688,-4.50212549985173,0.0 -47.573652,-4.50168409985174,0.0 -47.573057,-4.50089349985177,0.0 -47.5686897,-4.49224659985205,0.0 -47.567987,-4.48874989985217,0.0 -47.5667707,-4.48605579985225,0.0 -47.5663671,-4.48348379985234,0.0 -47.5661603,-4.48056399985243,0.0 -47.5657095,-4.4785352998525,0.0 -47.5644703,-4.47660939985257,0.0 -47.5637758,-4.4753496998526,0.0 -47.5637242,-4.47455749985263,0.0 -47.5618678,-4.4724113998527,0.0 -47.5600906,-4.47152599985273,0.0 -47.5596959,-4.47142819985273,0.0 -47.5590556,-4.47148009985273,0.0 -47.5586615,-4.47163029985273,0.0 -47.5581199,-4.47153299985273,0.0 -47.5574753,-4.47064399985276,0.0 -47.5572764,-4.47010029985278,0.0 -47.5565351,-4.46955829985279,0.0 -47.5563367,-4.46916289985281,0.0 -47.5564348,-4.46896519985281,0.0 -47.5560892,-4.46871859985282,0.0 -47.5558417,-4.46837319985283,0.0 -47.5558393,-4.46792739985285,0.0 -47.55569,-4.46748219985286,0.0 -47.5541602,-4.46694309985288,0.0 -47.5537654,-4.46654869985289,0.0 -47.5534669,-4.46575799985292,0.0 -47.5527015,-4.46548799985293,0.0 -47.5519607,-4.46499529985294,0.0 -47.5516631,-4.46440229985296,0.0 -47.551267,-4.46405739985297,0.0 -47.5503307,-4.46406089985297,0.0 -47.5499846,-4.46376489985298,0.0 -47.5497842,-4.46267669985302,0.0 -47.5488941,-4.46183849985305,0.0 -47.5485474,-4.46129449985306,0.0 -47.5476588,-4.46100099985307,0.0 -47.5471149,-4.46045789985309,0.0 -47.5454358,-4.45947449985312,0.0 -47.545287,-4.45927639985313,0.0 -47.5452364,-4.45868289985315,0.0 -47.5428631,-4.45651259985322,0.0 -47.5427969,-4.45643579985322,0.0 -47.5416509,-4.45510639985327,0.0 -47.5413052,-4.45495869985327,0.0 -47.540366,-4.4541704998533,0.0 -47.5398231,-4.4539248998533,0.0 -47.5391324,-4.45387759985331,0.0 -47.5388353,-4.45343279985332,0.0 -47.5387351,-4.45303749985333,0.0 -47.5384395,-4.45283989985334,0.0 -47.5379957,-4.45279199985334,0.0 -47.5379855,-4.45278689985334,0.0 -47.5376001,-4.45259529985335,0.0 -47.5373521,-4.45200269985337,0.0 -47.537301,-4.45155749985338,0.0 -47.5361134,-4.45012549985343,0.0 -47.5355491,-4.44967619985344,0.0 -47.5350688,-4.44929949985345,0.0 -47.5347785,-4.44894199985347,0.0 -47.5344308,-4.44820119985349,0.0 -47.5334425,-4.44746199985351,0.0 -47.5326746,-4.44625199985355,0.0 -47.5315877,-4.44546339985358,0.0 -47.5312881,-4.44417759985362,0.0 -47.5312828,-4.44416679985362,0.0 -47.5311367,-4.44386799985363,0.0 -47.5308866,-4.44335479985365,0.0 -47.5304445,-4.44244759985368,0.0 -47.5295852,-4.44136329985371,0.0 -47.5280187,-4.43938639985378,0.0 -47.5255938,-4.43652379985387,0.0 -47.5220543,-4.43180859985403,0.0 -47.5211637,-4.43082129985406,0.0 -47.5203232,-4.43008159985408,0.0 -47.5200831,-4.4295243998541,0.0 -47.5195779,-4.42835159985414,0.0 -47.5187368,-4.42736479985417,0.0 -47.5181443,-4.42701999985418,0.0 -47.5182404,-4.42612849985421,0.0 -47.5181386,-4.42518859985424,0.0 -47.5177896,-4.42419979985428,0.0 -47.5172941,-4.4233597998543,0.0 -47.5160093,-4.42222539985434,0.0 -47.5155615,-4.42108839985438,0.0 -47.5148933,-4.4202243998544,0.0 -47.5140532,-4.41953409985443,0.0 -47.5134586,-4.41849649985446,0.0 -47.5129638,-4.41800339985448,0.0 -47.5121718,-4.41696669985451,0.0 -47.511184,-4.41637579985453,0.0 -47.5102934,-4.41519089985457,0.0 -47.5077663,-4.4112394998547,0.0 -47.5069749,-4.41044989985472,0.0 -47.5064794,-4.40960989985475,0.0 -47.5062034,-4.40829919985479,0.0 -47.5058558,-4.40745869985482,0.0 -47.5045709,-4.40622549985486,0.0 -47.50353,-4.40459539985492,0.0 -47.5027881,-4.40370659985494,0.0 -47.502489,-4.40266789985498,0.0 -47.5014486,-4.40108729985503,0.0 -47.5012472,-4.39990029985507,0.0 -47.5012416,-4.39826669985512,0.0 -47.5003479,-4.39619049985519,0.0 -47.5003203,-4.39522519985522,0.0 -47.500758,-4.39358999985528,0.0 -47.5007553,-4.39264909985531,0.0 -47.4997665,-4.39176179985533,0.0 -47.4989168,-4.38815119985545,0.0 -47.4984714,-4.38755789985547,0.0 -47.4964469,-4.38642609985551,0.0 -47.4961498,-4.38608119985552,0.0 -47.4959003,-4.38504209985555,0.0 -47.4955035,-4.38435039985558,0.0 -47.49323,-4.38252639985564,0.0 -47.4903387,-4.37983809985572,0.0 -47.489102,-4.37845619985577,0.0 -47.4881593,-4.37672639985583,0.0 -47.4878611,-4.37588639985585,0.0 -47.4879537,-4.37415299985591,0.0 -47.4884376,-4.371230599856,0.0 -47.4886267,-4.36905239985608,0.0 -47.4885247,-4.36803249985611,0.0 -47.4881034,-4.36716719985614,0.0 -47.4869664,-4.36623099985617,0.0 -47.4851887,-4.36499899985621,0.0 -47.4819758,-4.36198999985631,0.0 -47.478761,-4.35848579985642,0.0 -47.4770805,-4.35715499985646,0.0 -47.4763146,-4.35643939985649,0.0 -47.4762127,-4.35530099985653,0.0 -47.4764059,-4.35411209985656,0.0 -47.4768461,-4.35331889985659,0.0 -47.4778301,-4.35257359985662,0.0 -47.4819612,-4.3501336998567,0.0 -47.4826477,-4.34919069985673,0.0 -47.4826936,-4.34815149985676,0.0 -47.4821496,-4.34760859985678,0.0 -47.4805724,-4.34726709985679,0.0 -47.4790418,-4.34652969985681,0.0 -47.4784225,-4.34541739985685,0.0 -47.4781223,-4.3439834998569,0.0 -47.4773789,-4.34284669985693,0.0 -47.476437,-4.34101819985699,0.0 -47.4759337,-4.33795079985709,0.0 -47.4759251,-4.33517879985718,0.0 -47.4763615,-4.33314739985725,0.0 -47.4772208,-4.33181239985729,0.0 -47.4786007,-4.33026709985734,0.0 -47.479206,-4.32945099985737,0.0 -47.4795412,-4.3284995998574,0.0 -47.4776381,-4.32518029985751,0.0 -47.4766213,-4.32409789985755,0.0 -47.4724257,-4.32180399985762,0.0 -47.4717467,-4.32071999985766,0.0 -47.4722494,-4.3194626998577,0.0 -47.473596,-4.31823699985774,0.0 -47.4744032,-4.31708029985778,0.0 -47.4748053,-4.31599389985781,0.0 -47.4747342,-4.31504349985784,0.0 -47.4741926,-4.31463819985786,0.0 -47.4727051,-4.31423549985787,0.0 -47.4718926,-4.31369569985789,0.0 -47.4713497,-4.31281499985792,0.0 -47.4710079,-4.31159459985795,0.0 -47.470329,-4.31071459985798,0.0 -47.4690439,-4.310243499858,0.0 -47.4663078,-4.310150099858,0.0 -47.4636709,-4.30941229985803,0.0 -47.4615731,-4.30853719985806,0.0 -47.4593413,-4.30773019985808,0.0 -47.458664,-4.3071888998581,0.0 -47.4579834,-4.30576609985815,0.0 -47.4568347,-4.30556579985815,0.0 -47.4558209,-4.30550149985815,0.0 -47.4549376,-4.30387569985821,0.0 -47.4535464,-4.30201389985827,0.0 -47.449958,-4.29951419985835,0.0 -47.4490789,-4.29917779985836,0.0 -47.4484649,-4.29734689985842,0.0 -47.4479218,-4.29660189985844,0.0 -47.4466364,-4.29606349985846,0.0 -47.4460256,-4.29511489985849,0.0 -47.4455467,-4.29328419985855,0.0 -47.4454732,-4.29145249985861,0.0 -47.444693,-4.29019879985865,0.0 -47.4432049,-4.28966049985867,0.0 -47.4429307,-4.28843979985871,0.0 -47.4420493,-4.28742509985875,0.0 -47.4405609,-4.28681849985876,0.0 -47.4391191,-4.28644229985878,0.0 -47.4378518,-4.28536679985881,0.0 -47.4371787,-4.28517959985882,0.0 -47.4365071,-4.28523589985882,0.0 -47.4353529,-4.2857794998588,0.0 -47.4347077,-4.2857002998588,0.0 -47.434115,-4.28527109985882,0.0 -47.4337227,-4.28468559985883,0.0 -47.4332379,-4.28428259985885,0.0 -47.4325393,-4.28444639985884,0.0 -47.4319761,-4.28477219985883,0.0 -47.4307964,-4.28599119985879,0.0 -47.4296492,-4.28662439985877,0.0 -47.4292577,-4.28684059985876,0.0 -47.4289564,-4.28594219985879,0.0 -47.429548,-4.28429239985885,0.0 -47.4286525,-4.28429549985885,0.0 -47.4280556,-4.28414749985885,0.0 -47.4277507,-4.28219979985892,0.0 -47.4284956,-4.28189799985893,0.0 -47.4289406,-4.28084799985896,0.0 -47.4287869,-4.279648999859,0.0 -47.4289323,-4.27844989985904,0.0 -47.4296755,-4.27739879985907,0.0 -47.4296713,-4.27620029985911,0.0 -47.4287747,-4.27560319985913,0.0 -47.4268351,-4.27560919985913,0.0 -47.4250466,-4.27606469985912,0.0 -47.4214751,-4.27907359985902,0.0 -47.4203576,-4.27945119985901,0.0 -47.4175198,-4.27841089985904,0.0 -47.4154269,-4.27706959985908,0.0 -47.4140773,-4.27467549985916,0.0 -47.4134742,-4.27272979985923,0.0 -47.4124254,-4.27138399985927,0.0 -47.4113782,-4.2704882998593,0.0 -47.409438,-4.27004499985931,0.0 -47.4073489,-4.27005139985931,0.0 -47.4069016,-4.26990289985932,0.0 -47.4063022,-4.26930579985934,0.0 -47.4057064,-4.26945699985933,0.0 -47.4055599,-4.2703568998593,0.0 -47.4048145,-4.2705085998593,0.0 -47.4042166,-4.27006149985931,0.0 -47.4036166,-4.26901419985935,0.0 -47.40272,-4.26841719985936,0.0 -47.4010766,-4.26782369985939,0.0 -47.401149,-4.26714869985941,0.0 -47.4014461,-4.26654839985943,0.0 -47.4011458,-4.26595019985945,0.0 -47.4003989,-4.26565279985946,0.0 -47.3996524,-4.26550539985946,0.0 -47.3987543,-4.2644591998595,0.0 -47.3987501,-4.26325979985953,0.0 -47.3984478,-4.26206229985957,0.0 -47.3971035,-4.26146689985959,0.0 -47.3968042,-4.2611678998596,0.0 -47.3969507,-4.26026899985963,0.0 -47.3963528,-4.25982099985965,0.0 -47.3954568,-4.25967409985965,0.0 -47.3933655,-4.25878119985968,0.0 -47.3918715,-4.25788709985971,0.0 -47.3917184,-4.25683829985975,0.0 -47.3917172,-4.25623909985977,0.0 -47.390671,-4.25564259985978,0.0 -47.3897718,-4.25429639985983,0.0 -47.3892391,-4.25107659985993,0.0 -47.3886386,-4.24987929985997,0.0 -47.3863971,-4.24853779986002,0.0 -47.3835626,-4.24839679986002,0.0 -47.3820715,-4.24885039986001,0.0 -47.381472,-4.24795319986004,0.0 -47.3814703,-4.24720389986006,0.0 -47.3802757,-4.24690809986007,0.0 -47.3796767,-4.24616089986009,0.0 -47.3789267,-4.24496419986013,0.0 -47.3777335,-4.24481839986014,0.0 -47.3754975,-4.24557459986011,0.0 -47.3732588,-4.24528149986012,0.0 -47.3731127,-4.2460311998601,0.0 -47.3726656,-4.24618279986009,0.0 -47.3720678,-4.2460339998601,0.0 -47.3717681,-4.24558579986011,0.0 -47.3725128,-4.24498399986013,0.0 -47.3723601,-4.24408529986016,0.0 -47.3715391,-4.24371359986018,0.0 -47.3712388,-4.24311449986019,0.0 -47.3716845,-4.24251369986021,0.0 -47.3721285,-4.24146379986025,0.0 -47.3739163,-4.24055909986028,0.0 -47.3742117,-4.23950879986031,0.0 -47.3742081,-4.23846039986035,0.0 -47.3744955,-4.23486229986046,0.0 -47.3740456,-4.23396459986049,0.0 -47.3724017,-4.23322019986052,0.0 -47.3718022,-4.23232309986055,0.0 -47.3720997,-4.23187289986056,0.0 -47.3743358,-4.23141579986058,0.0 -47.3747788,-4.23006569986062,0.0 -47.3762709,-4.22991129986063,0.0 -47.3761165,-4.22826339986068,0.0 -47.3763369,-4.22713869986072,0.0 -47.376782,-4.22638879986074,0.0 -47.3767804,-4.22593869986076,0.0 -47.3761794,-4.2245923998608,0.0 -47.3763261,-4.22354249986083,0.0 -47.3784104,-4.22218759986088,0.0 -47.3791525,-4.22113649986091,0.0 -47.3790018,-4.22053689986093,0.0 -47.3779536,-4.21934129986097,0.0 -47.3757121,-4.21799989986102,0.0 -47.3743684,-4.21755459986103,0.0 -47.3727292,-4.21815879986101,0.0 -47.3716896,-4.21966009986096,0.0 -47.3703458,-4.21921479986097,0.0 -47.3701919,-4.21771679986102,0.0 -47.3711544,-4.2155411998611,0.0 -47.3717511,-4.2153889998611,0.0 -47.3729452,-4.2155356998611,0.0 -47.373541,-4.2153834998611,0.0 -47.3735389,-4.21478429986112,0.0 -47.3721918,-4.21313969986117,0.0 -47.3720405,-4.2123909998612,0.0 -47.3706964,-4.21209579986121,0.0 -47.3699506,-4.21209839986121,0.0 -47.3702459,-4.21104809986124,0.0 -47.3700962,-4.21074859986125,0.0 -47.3690519,-4.21090139986125,0.0 -47.3681537,-4.20985529986128,0.0 -47.3681509,-4.20880699986132,0.0 -47.3688946,-4.20820509986133,0.0 -47.3696387,-4.20745319986136,0.0 -47.3691879,-4.20655549986139,0.0 -47.367695,-4.20596079986141,0.0 -47.3663529,-4.2062646998614,0.0 -47.3654569,-4.20581789986141,0.0 -47.3652225,-4.20244629986153,0.0 -47.3655189,-4.20169599986155,0.0 -47.3662632,-4.20124409986156,0.0 -47.3659627,-4.20034589986159,0.0 -47.3659611,-4.19989679986161,0.0 -47.3664067,-4.19929599986163,0.0 -47.3662559,-4.19869639986165,0.0 -47.3665507,-4.19749689986169,0.0 -47.3675932,-4.1970439998617,0.0 -47.3681882,-4.19644269986172,0.0 -47.368185,-4.19554429986175,0.0 -47.367883,-4.19419599986179,0.0 -47.3668341,-4.19255039986185,0.0 -47.3642963,-4.19195949986187,0.0 -47.3616127,-4.19241649986185,0.0 -47.3608668,-4.19241919986185,0.0 -47.3602668,-4.19137209986189,0.0 -47.3609261,-4.18754809986201,0.0 -47.3628592,-4.18529439986209,0.0 -47.3644999,-4.18514019986209,0.0 -47.3655396,-4.18393799986213,0.0 -47.3658287,-4.18063999986224,0.0 -47.3649315,-4.17989319986226,0.0 -47.3622469,-4.18005109986226,0.0 -47.361945,-4.17900289986229,0.0 -47.3614968,-4.17885449986229,0.0 -47.3604539,-4.17915749986229,0.0 -47.3592593,-4.17886169986229,0.0 -47.3585123,-4.17826439986231,0.0 -47.3577627,-4.17721779986235,0.0 -47.3568667,-4.17677099986236,0.0 -47.3561224,-4.17722279986235,0.0 -47.3558255,-4.17782309986233,0.0 -47.3538834,-4.17677999986236,0.0 -47.3531376,-4.17678179986236,0.0 -47.3533639,-4.17760559986234,0.0 -47.3529173,-4.17790639986233,0.0 -47.3520209,-4.17760959986234,0.0 -47.3500853,-4.1786639998623,0.0 -47.3488973,-4.18046589986224,0.0 -47.3490509,-4.18211469986219,0.0 -47.3487548,-4.18271489986217,0.0 -47.348009,-4.18271669986217,0.0 -47.3474108,-4.18241879986218,0.0 -47.3474134,-4.18316799986215,0.0 -47.3477137,-4.18376699986213,0.0 -47.347266,-4.18376769986213,0.0 -47.3462199,-4.18317139986215,0.0 -47.3448734,-4.1816768998622,0.0 -47.3445694,-4.18002959986226,0.0 -47.3438197,-4.1786829998623,0.0 -47.3427736,-4.17808669986232,0.0 -47.3411322,-4.17779169986233,0.0 -47.3402351,-4.17704579986235,0.0 -47.340158,-4.17637139986238,0.0 -47.3406039,-4.1756205998624,0.0 -47.3411963,-4.17427009986245,0.0 -47.3416317,-4.17007249986258,0.0 -47.3419298,-4.17007139986258,0.0 -47.3432707,-4.1694682998626,0.0 -47.3438654,-4.16901699986262,0.0 -47.3438636,-4.16826779986264,0.0 -47.3437338,-4.16804129986265,0.0</coordinates>
</LinearRing>
</outerBoundaryIs>
</Polygon>
</MultiGeometry>
</Placemark>
</Folder>
</Document></kml>
