<?xml version='1.0' encoding='UTF-8'?>
<kml xmlns:xsd="http://www.w3.org/2001/XMLSchema" xmlns:gx="http://www.google.com/kml/ext/2.2" xmlns:atom="http://www.w3.org/2005/Atom" xmlns="http://www.opengis.net/kml/2.2">
<Document>
<name>alta_floresta_d_oeste_1100015_localidades_2022</name>
<visibility>1</visibility>
<Schema name="Povoados" id="kml_schema_ft_Povoados">
<SimpleField type="xsd:string" name="CD_UF">
<displayName>CD_UF</displayName>
</SimpleField>
<SimpleField type="xsd:string" name="NM_UF">
<displayName>NM_UF</displayName>
</SimpleField>
<SimpleField type="xsd:string" name="SIGLA_UF">
<displayName>SIGLA_UF</displayName>
</SimpleField>
<SimpleField type="xsd:string" name="CD_MUN">
<displayName>CD_MUN</displayName>
</SimpleField>
<SimpleField type="xsd:string" name="NM_MUN">
<displayName>NM_MUN</displayName>
</SimpleField>
<SimpleField type="xsd:string" name="CD_RGINT">
<displayName>CD_RGINT</displayName>
</SimpleField>
<SimpleField type="xsd:string" name="NM_RGINT">
<displayName>NM_RGINT</displayName>
</SimpleField>
<SimpleField type="xsd:string" name="CD_RGI">
<displayName>CD_RGI</displayName>
</SimpleField>
<SimpleField type="xsd:string" name="NM_RGI">
<displayName>NM_RGI</displayName>
</SimpleField>
<SimpleField type="xsd:string" name="CT_LOCALIDADE">
<displayName>CT_LOCALIDADE</displayName>
</SimpleField>
<SimpleField type="xsd:string" name="CD_LOCALIDADE">
<displayName>CD_LOCALIDADE</displayName>
</SimpleField>
<SimpleField type="xsd:string" name="NM_LOCALIDADE">
<displayName>NM_LOCALIDADE</displayName>
</SimpleField>
<SimpleField type="xsd:string" name="LAT_LOCALIDADE">
<displayName>LAT_LOCALIDADE</displayName>
</SimpleField>
<SimpleField type="xsd:string" name="LONG_LOCALIDADE">
<displayName>LONG_LOCALIDADE</displayName>
</SimpleField>
</Schema>
<Schema name="Vilas" id="kml_schema_ft_Vilas">
<SimpleField type="xsd:string" name="CD_UF">
<displayName>CD_UF</displayName>
</SimpleField>
<SimpleField type="xsd:string" name="NM_UF">
<displayName>NM_UF</displayName>
</SimpleField>
<SimpleField type="xsd:string" name="SIGLA_UF">
<displayName>SIGLA_UF</displayName>
</SimpleField>
<SimpleField type="xsd:string" name="CD_MUN">
<displayName>CD_MUN</displayName>
</SimpleField>
<SimpleField type="xsd:string" name="NM_MUN">
<displayName>NM_MUN</displayName>
</SimpleField>
<SimpleField type="xsd:string" name="CD_RGINT">
<displayName>CD_RGINT</displayName>
</SimpleField>
<SimpleField type="xsd:string" name="NM_RGINT">
<displayName>NM_RGINT</displayName>
</SimpleField>
<SimpleField type="xsd:string" name="CD_RGI">
<displayName>CD_RGI</displayName>
</SimpleField>
<SimpleField type="xsd:string" name="NM_RGI">
<displayName>NM_RGI</displayName>
</SimpleField>
<SimpleField type="xsd:string" name="CT_LOCALIDADE">
<displayName>CT_LOCALIDADE</displayName>
</SimpleField>
<SimpleField type="xsd:string" name="CD_LOCALIDADE">
<displayName>CD_LOCALIDADE</displayName>
</SimpleField>
<SimpleField type="xsd:string" name="NM_LOCALIDADE">
<displayName>NM_LOCALIDADE</displayName>
</SimpleField>
<SimpleField type="xsd:string" name="LAT_LOCALIDADE">
<displayName>LAT_LOCALIDADE</displayName>
</SimpleField>
<SimpleField type="xsd:string" name="LONG_LOCALIDADE">
<displayName>LONG_LOCALIDADE</displayName>
</SimpleField>
</Schema>
<Schema name="Agrupamentos Indígenas" id="kml_schema_ft_Agrupamentos_Indígenas">
<SimpleField type="xsd:string" name="CD_UF">
<displayName>CD_UF</displayName>
</SimpleField>
<SimpleField type="xsd:string" name="NM_UF">
<displayName>NM_UF</displayName>
</SimpleField>
<SimpleField type="xsd:string" name="SIGLA_UF">
<displayName>SIGLA_UF</displayName>
</SimpleField>
<SimpleField type="xsd:string" name="CD_MUN">
<displayName>CD_MUN</displayName>
</SimpleField>
<SimpleField type="xsd:string" name="NM_MUN">
<displayName>NM_MUN</displayName>
</SimpleField>
<SimpleField type="xsd:string" name="CD_RGINT">
<displayName>CD_RGINT</displayName>
</SimpleField>
<SimpleField type="xsd:string" name="NM_RGINT">
<displayName>NM_RGINT</displayName>
</SimpleField>
<SimpleField type="xsd:string" name="CD_RGI">
<displayName>CD_RGI</displayName>
</SimpleField>
<SimpleField type="xsd:string" name="NM_RGI">
<displayName>NM_RGI</displayName>
</SimpleField>
<SimpleField type="xsd:string" name="CT_LOCALIDADE">
<displayName>CT_LOCALIDADE</displayName>
</SimpleField>
<SimpleField type="xsd:string" name="SCT_LOCALIDADE">
<displayName>SCT_LOCALIDADE</displayName>
</SimpleField>
<SimpleField type="xsd:string" name="CD_LOCALIDADE">
<displayName>CD_LOCALIDADE</displayName>
</SimpleField>
<SimpleField type="xsd:string" name="NM_LOCALIDADE">
<displayName>NM_LOCALIDADE</displayName>
</SimpleField>
<SimpleField type="xsd:string" name="LAT_LOCALIDADE">
<displayName>LAT_LOCALIDADE</displayName>
</SimpleField>
<SimpleField type="xsd:string" name="LONG_LOCALIDADE">
<displayName>LONG_LOCALIDADE</displayName>
</SimpleField>
</Schema>
<Schema name="Núcleos Urbanos" id="kml_schema_ft_Núcleos_Urbanos">
<SimpleField type="xsd:string" name="CD_UF">
<displayName>CD_UF</displayName>
</SimpleField>
<SimpleField type="xsd:string" name="NM_UF">
<displayName>NM_UF</displayName>
</SimpleField>
<SimpleField type="xsd:string" name="SIGLA_UF">
<displayName>SIGLA_UF</displayName>
</SimpleField>
<SimpleField type="xsd:string" name="CD_MUN">
<displayName>CD_MUN</displayName>
</SimpleField>
<SimpleField type="xsd:string" name="NM_MUN">
<displayName>NM_MUN</displayName>
</SimpleField>
<SimpleField type="xsd:string" name="CD_RGINT">
<displayName>CD_RGINT</displayName>
</SimpleField>
<SimpleField type="xsd:string" name="NM_RGINT">
<displayName>NM_RGINT</displayName>
</SimpleField>
<SimpleField type="xsd:string" name="CD_RGI">
<displayName>CD_RGI</displayName>
</SimpleField>
<SimpleField type="xsd:string" name="NM_RGI">
<displayName>NM_RGI</displayName>
</SimpleField>
<SimpleField type="xsd:string" name="CT_LOCALIDADE">
<displayName>CT_LOCALIDADE</displayName>
</SimpleField>
<SimpleField type="xsd:string" name="CD_LOCALIDADE">
<displayName>CD_LOCALIDADE</displayName>
</SimpleField>
<SimpleField type="xsd:string" name="NM_LOCALIDADE">
<displayName>NM_LOCALIDADE</displayName>
</SimpleField>
<SimpleField type="xsd:string" name="LAT_LOCALIDADE">
<displayName>LAT_LOCALIDADE</displayName>
</SimpleField>
<SimpleField type="xsd:string" name="LONG_LOCALIDADE">
<displayName>LONG_LOCALIDADE</displayName>
</SimpleField>
</Schema>
<Schema name="01. Cidade" id="kml_schema_ft_01._Cidade">
<SimpleField type="xsd:string" name="CD_UF">
<displayName>CD_UF</displayName>
</SimpleField>
<SimpleField type="xsd:string" name="NM_UF">
<displayName>NM_UF</displayName>
</SimpleField>
<SimpleField type="xsd:string" name="SIGLA_UF">
<displayName>SIGLA_UF</displayName>
</SimpleField>
<SimpleField type="xsd:string" name="CD_MUN">
<displayName>CD_MUN</displayName>
</SimpleField>
<SimpleField type="xsd:string" name="NM_MUN">
<displayName>NM_MUN</displayName>
</SimpleField>
<SimpleField type="xsd:string" name="CD_RGINT">
<displayName>CD_RGINT</displayName>
</SimpleField>
<SimpleField type="xsd:string" name="NM_RGINT">
<displayName>NM_RGINT</displayName>
</SimpleField>
<SimpleField type="xsd:string" name="CD_RGI">
<displayName>CD_RGI</displayName>
</SimpleField>
<SimpleField type="xsd:string" name="NM_RGI">
<displayName>NM_RGI</displayName>
</SimpleField>
<SimpleField type="xsd:string" name="CT_LOCALIDADE">
<displayName>CT_LOCALIDADE</displayName>
</SimpleField>
<SimpleField type="xsd:string" name="SCT_LOCALIDADE">
<displayName>SCT_LOCALIDADE</displayName>
</SimpleField>
<SimpleField type="xsd:string" name="CD_LOCALIDADE">
<displayName>CD_LOCALIDADE</displayName>
</SimpleField>
<SimpleField type="xsd:string" name="NM_LOCALIDADE">
<displayName>NM_LOCALIDADE</displayName>
</SimpleField>
<SimpleField type="xsd:string" name="LAT_LOCALIDADE">
<displayName>LAT_LOCALIDADE</displayName>
</SimpleField>
<SimpleField type="xsd:string" name="LONG_LOCALIDADE">
<displayName>LONG_LOCALIDADE</displayName>
</SimpleField>
</Schema>
<Schema name="Terra Indígena" id="kml_schema_ft_Terra_Indígena">
<SimpleField type="xsd:string" name="COD_TI">
<displayName>COD_TI</displayName>
</SimpleField>
<SimpleField type="xsd:string" name="NOM_TI">
<displayName>NOM_TI</displayName>
</SimpleField>
</Schema>
<Schema name="Agrupamentos Quilombolas" id="kml_schema_ft_Agrupamentos_Quilombolas">
<SimpleField type="xsd:string" name="CD_UF">
<displayName>CD_UF</displayName>
</SimpleField>
<SimpleField type="xsd:string" name="NM_UF">
<displayName>NM_UF</displayName>
</SimpleField>
<SimpleField type="xsd:string" name="SIGLA_UF">
<displayName>SIGLA_UF</displayName>
</SimpleField>
<SimpleField type="xsd:string" name="CD_MUN">
<displayName>CD_MUN</displayName>
</SimpleField>
<SimpleField type="xsd:string" name="NM_MUN">
<displayName>NM_MUN</displayName>
</SimpleField>
<SimpleField type="xsd:string" name="CD_RGINT">
<displayName>CD_RGINT</displayName>
</SimpleField>
<SimpleField type="xsd:string" name="NM_RGINT">
<displayName>NM_RGINT</displayName>
</SimpleField>
<SimpleField type="xsd:string" name="CD_RGI">
<displayName>CD_RGI</displayName>
</SimpleField>
<SimpleField type="xsd:string" name="NM_RGI">
<displayName>NM_RGI</displayName>
</SimpleField>
<SimpleField type="xsd:string" name="CT_LOCALIDADE">
<displayName>CT_LOCALIDADE</displayName>
</SimpleField>
<SimpleField type="xsd:string" name="SCT_LOCALIDADE">
<displayName>SCT_LOCALIDADE</displayName>
</SimpleField>
<SimpleField type="xsd:string" name="CD_LOCALIDADE">
<displayName>CD_LOCALIDADE</displayName>
</SimpleField>
<SimpleField type="xsd:string" name="NM_LOCALIDADE">
<displayName>NM_LOCALIDADE</displayName>
</SimpleField>
<SimpleField type="xsd:string" name="LAT_LOCALIDADE">
<displayName>LAT_LOCALIDADE</displayName>
</SimpleField>
<SimpleField type="xsd:string" name="LONG_LOCALIDADE">
<displayName>LONG_LOCALIDADE</displayName>
</SimpleField>
</Schema>
<Schema name="Localidades" id="kml_schema_ft_Localidades">
<SimpleField type="xsd:string" name="CD_UF">
<displayName>CD_UF</displayName>
</SimpleField>
<SimpleField type="xsd:string" name="NM_UF">
<displayName>NM_UF</displayName>
</SimpleField>
<SimpleField type="xsd:string" name="SIGLA_UF">
<displayName>SIGLA_UF</displayName>
</SimpleField>
<SimpleField type="xsd:string" name="CD_MUN">
<displayName>CD_MUN</displayName>
</SimpleField>
<SimpleField type="xsd:string" name="NM_MUN">
<displayName>NM_MUN</displayName>
</SimpleField>
<SimpleField type="xsd:string" name="CD_RGINT">
<displayName>CD_RGINT</displayName>
</SimpleField>
<SimpleField type="xsd:string" name="NM_RGINT">
<displayName>NM_RGINT</displayName>
</SimpleField>
<SimpleField type="xsd:string" name="CD_RGI">
<displayName>CD_RGI</displayName>
</SimpleField>
<SimpleField type="xsd:string" name="NM_RGI">
<displayName>NM_RGI</displayName>
</SimpleField>
<SimpleField type="xsd:string" name="CT_LOCALIDADE">
<displayName>CT_LOCALIDADE</displayName>
</SimpleField>
<SimpleField type="xsd:string" name="SCT_LOCALIDADE">
<displayName>SCT_LOCALIDADE</displayName>
</SimpleField>
<SimpleField type="xsd:string" name="CD_LOCALIDADE">
<displayName>CD_LOCALIDADE</displayName>
</SimpleField>
<SimpleField type="xsd:string" name="NM_LOCALIDADE">
<displayName>NM_LOCALIDADE</displayName>
</SimpleField>
</Schema>
<Schema name="Território Quilombola" id="kml_schema_ft_Território_Quilombola">
<SimpleField type="xsd:string" name="COD_TQ">
<displayName>COD_TQ</displayName>
</SimpleField>
<SimpleField type="xsd:string" name="NOM_TQ">
<displayName>NOM_TQ</displayName>
</SimpleField>
</Schema>
<Schema name="Município" id="kml_schema_ft_Município">
<SimpleField type="xsd:string" name="CD_UF">
<displayName>CD_UF</displayName>
</SimpleField>
<SimpleField type="xsd:string" name="NM_UF">
<displayName>NM_UF</displayName>
</SimpleField>
<SimpleField type="xsd:string" name="CD_MUN">
<displayName>CD_MUN</displayName>
</SimpleField>
<SimpleField type="xsd:string" name="NM_MUN">
<displayName>NM_MUN</displayName>
</SimpleField>
<SimpleField type="xsd:string" name="CD_RGINT">
<displayName>CD_RGINT</displayName>
</SimpleField>
<SimpleField type="xsd:string" name="NM_RGINT">
<displayName>NM_RGINT</displayName>
</SimpleField>
<SimpleField type="xsd:string" name="CD_RGI">
<displayName>CD_RGI</displayName>
</SimpleField>
<SimpleField type="xsd:string" name="NM_RGI">
<displayName>NM_RGI</displayName>
</SimpleField>
</Schema>
<Folder id="01. Cidade">
<name>01. Cidade</name>
<Folder id="01.03. Sede Municipal">
<name>01.03. Sede Municipal</name>
<Placemark id="01.03. Sede Municipal">
<name>Alta Floresta D'Oeste [1100015]</name>
<visibility>1</visibility>
<snippet> </snippet>
<description>&lt;center&gt;&lt;table&gt;&lt;tr&gt;&lt;th colspan='2' align='center'&gt;&lt;em&gt;Atributos&lt;/em&gt;&lt;/th&gt;&lt;/tr&gt;&lt;tr bgcolor="#E3E3F3"&gt;
&lt;th&gt;CD_UF&lt;/th&gt;
&lt;td&gt;11&lt;/td&gt;
&lt;/tr&gt;&lt;tr bgcolor=""&gt;
&lt;th&gt;NM_UF&lt;/th&gt;
&lt;td&gt;Rondônia&lt;/td&gt;
&lt;/tr&gt;&lt;tr bgcolor="#E3E3F3"&gt;
&lt;th&gt;SIGLA_UF&lt;/th&gt;
&lt;td&gt;RO&lt;/td&gt;
&lt;/tr&gt;&lt;tr bgcolor=""&gt;
&lt;th&gt;CD_MUN&lt;/th&gt;
&lt;td&gt;1100015&lt;/td&gt;
&lt;/tr&gt;&lt;tr bgcolor="#E3E3F3"&gt;
&lt;th&gt;NM_MUN&lt;/th&gt;
&lt;td&gt;Alta Floresta D'Oeste&lt;/td&gt;
&lt;/tr&gt;&lt;tr bgcolor=""&gt;
&lt;th&gt;CD_RGINT&lt;/th&gt;
&lt;td&gt;1102&lt;/td&gt;
&lt;/tr&gt;&lt;tr bgcolor="#E3E3F3"&gt;
&lt;th&gt;NM_RGINT&lt;/th&gt;
&lt;td&gt;Ji-Paraná&lt;/td&gt;
&lt;/tr&gt;&lt;tr bgcolor=""&gt;
&lt;th&gt;CD_RGI&lt;/th&gt;
&lt;td&gt;110005&lt;/td&gt;
&lt;/tr&gt;&lt;tr bgcolor="#E3E3F3"&gt;
&lt;th&gt;NM_RGI&lt;/th&gt;
&lt;td&gt;Cacoal&lt;/td&gt;
&lt;/tr&gt;&lt;tr bgcolor=""&gt;
&lt;th&gt;CT_LOCALIDADE&lt;/th&gt;
&lt;td&gt;Cidade&lt;/td&gt;
&lt;/tr&gt;&lt;tr bgcolor="#E3E3F3"&gt;
&lt;th&gt;SCT_LOCALIDADE&lt;/th&gt;
&lt;td&gt;Sede Municipal&lt;/td&gt;
&lt;/tr&gt;&lt;tr bgcolor=""&gt;
&lt;th&gt;CD_LOCALIDADE&lt;/th&gt;
&lt;td&gt;1100015&lt;/td&gt;
&lt;/tr&gt;&lt;tr bgcolor="#E3E3F3"&gt;
&lt;th&gt;NM_LOCALIDADE&lt;/th&gt;
&lt;td&gt;Alta Floresta D'Oeste&lt;/td&gt;
&lt;/tr&gt;&lt;tr bgcolor=""&gt;
&lt;th&gt;LAT_LOCALIDADE&lt;/th&gt;
&lt;td&gt;-11.933&lt;/td&gt;
&lt;/tr&gt;&lt;tr bgcolor="#E3E3F3"&gt;
&lt;th&gt;LONG_LOCALIDADE&lt;/th&gt;
&lt;td&gt;-62.0037&lt;/td&gt;
&lt;/tr&gt;&lt;/table&gt;&lt;/center&gt;</description>
<Style>
<IconStyle>
<color>ff00aaff</color>
<scale>1.0</scale>
<Icon>
<href>http://maps.google.com/mapfiles/kml/shapes/placemark_circle.png</href>
</Icon>
</IconStyle>
<LabelStyle>
<scale>1.0</scale>
</LabelStyle>
<LineStyle>
<color>ffffffff</color>
<width>3</width>
<gx:labelVisibility>1</gx:labelVisibility>
</LineStyle>
<PolyStyle>
<color>00ffffff</color>
</PolyStyle>
</Style>
<ExtendedData>
<SchemaData schemaUrl="#kml_schema_ft_01._Cidade">
<SimpleData name="CD_UF">11</SimpleData>
<SimpleData name="NM_UF">Rondônia</SimpleData>
<SimpleData name="SIGLA_UF">RO</SimpleData>
<SimpleData name="CD_MUN">1100015</SimpleData>
<SimpleData name="NM_MUN">Alta Floresta D'Oeste</SimpleData>
<SimpleData name="CD_RGINT">1102</SimpleData>
<SimpleData name="NM_RGINT">Ji-Paraná</SimpleData>
<SimpleData name="CD_RGI">110005</SimpleData>
<SimpleData name="NM_RGI">Cacoal</SimpleData>
<SimpleData name="CT_LOCALIDADE">Cidade</SimpleData>
<SimpleData name="SCT_LOCALIDADE">Sede Municipal</SimpleData>
<SimpleData name="CD_LOCALIDADE">1100015</SimpleData>
<SimpleData name="NM_LOCALIDADE">Alta Floresta D'Oeste</SimpleData>
<SimpleData name="LAT_LOCALIDADE">-11.933</SimpleData>
<SimpleData name="LONG_LOCALIDADE">-62.0037</SimpleData>
</SchemaData>
</ExtendedData>
<Point>
<extrude>0</extrude>
<coordinates>-62.003686,-11.9330049996169,0.0</coordinates>
</Point>
</Placemark>
</Folder>
</Folder>
<Folder id="04. Vilas">
<name>04. Vilas</name>
<Placemark id="04. Vilas">
<name>Filadélfia d'Oeste [110001515]</name>
<visibility>1</visibility>
<snippet> </snippet>
<description>&lt;center&gt;&lt;table&gt;&lt;tr&gt;&lt;th colspan='2' align='center'&gt;&lt;em&gt;Atributos&lt;/em&gt;&lt;/th&gt;&lt;/tr&gt;&lt;tr bgcolor="#E3E3F3"&gt;
&lt;th&gt;CD_UF&lt;/th&gt;
&lt;td&gt;11&lt;/td&gt;
&lt;/tr&gt;&lt;tr bgcolor=""&gt;
&lt;th&gt;NM_UF&lt;/th&gt;
&lt;td&gt;Rondônia&lt;/td&gt;
&lt;/tr&gt;&lt;tr bgcolor="#E3E3F3"&gt;
&lt;th&gt;SIGLA_UF&lt;/th&gt;
&lt;td&gt;RO&lt;/td&gt;
&lt;/tr&gt;&lt;tr bgcolor=""&gt;
&lt;th&gt;CD_MUN&lt;/th&gt;
&lt;td&gt;1100015&lt;/td&gt;
&lt;/tr&gt;&lt;tr bgcolor="#E3E3F3"&gt;
&lt;th&gt;NM_MUN&lt;/th&gt;
&lt;td&gt;Alta Floresta D'Oeste&lt;/td&gt;
&lt;/tr&gt;&lt;tr bgcolor=""&gt;
&lt;th&gt;CD_RGINT&lt;/th&gt;
&lt;td&gt;1102&lt;/td&gt;
&lt;/tr&gt;&lt;tr bgcolor="#E3E3F3"&gt;
&lt;th&gt;NM_RGINT&lt;/th&gt;
&lt;td&gt;Ji-Paraná&lt;/td&gt;
&lt;/tr&gt;&lt;tr bgcolor=""&gt;
&lt;th&gt;CD_RGI&lt;/th&gt;
&lt;td&gt;110005&lt;/td&gt;
&lt;/tr&gt;&lt;tr bgcolor="#E3E3F3"&gt;
&lt;th&gt;NM_RGI&lt;/th&gt;
&lt;td&gt;Cacoal&lt;/td&gt;
&lt;/tr&gt;&lt;tr bgcolor=""&gt;
&lt;th&gt;CT_LOCALIDADE&lt;/th&gt;
&lt;td&gt;Vila&lt;/td&gt;
&lt;/tr&gt;&lt;tr bgcolor="#E3E3F3"&gt;
&lt;th&gt;CD_LOCALIDADE&lt;/th&gt;
&lt;td&gt;110001515&lt;/td&gt;
&lt;/tr&gt;&lt;tr bgcolor=""&gt;
&lt;th&gt;NM_LOCALIDADE&lt;/th&gt;
&lt;td&gt;Filadélfia d'Oeste&lt;/td&gt;
&lt;/tr&gt;&lt;tr bgcolor="#E3E3F3"&gt;
&lt;th&gt;LAT_LOCALIDADE&lt;/th&gt;
&lt;td&gt;-12.4376&lt;/td&gt;
&lt;/tr&gt;&lt;tr bgcolor=""&gt;
&lt;th&gt;LONG_LOCALIDADE&lt;/th&gt;
&lt;td&gt;-62.0437&lt;/td&gt;
&lt;/tr&gt;&lt;/table&gt;&lt;/center&gt;</description>
<Style>
<IconStyle>
<color>ffff5400</color>
<scale>1.0</scale>
<Icon>
<href>http://maps.google.com/mapfiles/kml/shapes/placemark_circle.png</href>
</Icon>
</IconStyle>
<LabelStyle>
<scale>0.9</scale>
</LabelStyle>
<LineStyle>
<color>72ffffff</color>
<width>1.0</width>
<gx:labelVisibility>1</gx:labelVisibility>
</LineStyle>
<PolyStyle>
<color>660054ff</color>
</PolyStyle>
</Style>
<ExtendedData>
<SchemaData schemaUrl="#kml_schema_ft_Vilas">
<SimpleData name="CD_UF">11</SimpleData>
<SimpleData name="NM_UF">Rondônia</SimpleData>
<SimpleData name="SIGLA_UF">RO</SimpleData>
<SimpleData name="CD_MUN">1100015</SimpleData>
<SimpleData name="NM_MUN">Alta Floresta D'Oeste</SimpleData>
<SimpleData name="CD_RGINT">1102</SimpleData>
<SimpleData name="NM_RGINT">Ji-Paraná</SimpleData>
<SimpleData name="CD_RGI">110005</SimpleData>
<SimpleData name="NM_RGI">Cacoal</SimpleData>
<SimpleData name="CT_LOCALIDADE">Vila</SimpleData>
<SimpleData name="CD_LOCALIDADE">110001515</SimpleData>
<SimpleData name="NM_LOCALIDADE">Filadélfia d'Oeste</SimpleData>
<SimpleData name="LAT_LOCALIDADE">-12.4376</SimpleData>
<SimpleData name="LONG_LOCALIDADE">-62.0437</SimpleData>
</SchemaData>
</ExtendedData>
<Point>
<extrude>0</extrude>
<coordinates>-62.043687,-12.4376189996017,0.0</coordinates>
</Point>
</Placemark>
<Placemark id="04. Vilas">
<name>Izidolândia [110001520]</name>
<visibility>1</visibility>
<snippet> </snippet>
<description>&lt;center&gt;&lt;table&gt;&lt;tr&gt;&lt;th colspan='2' align='center'&gt;&lt;em&gt;Atributos&lt;/em&gt;&lt;/th&gt;&lt;/tr&gt;&lt;tr bgcolor="#E3E3F3"&gt;
&lt;th&gt;CD_UF&lt;/th&gt;
&lt;td&gt;11&lt;/td&gt;
&lt;/tr&gt;&lt;tr bgcolor=""&gt;
&lt;th&gt;NM_UF&lt;/th&gt;
&lt;td&gt;Rondônia&lt;/td&gt;
&lt;/tr&gt;&lt;tr bgcolor="#E3E3F3"&gt;
&lt;th&gt;SIGLA_UF&lt;/th&gt;
&lt;td&gt;RO&lt;/td&gt;
&lt;/tr&gt;&lt;tr bgcolor=""&gt;
&lt;th&gt;CD_MUN&lt;/th&gt;
&lt;td&gt;1100015&lt;/td&gt;
&lt;/tr&gt;&lt;tr bgcolor="#E3E3F3"&gt;
&lt;th&gt;NM_MUN&lt;/th&gt;
&lt;td&gt;Alta Floresta D'Oeste&lt;/td&gt;
&lt;/tr&gt;&lt;tr bgcolor=""&gt;
&lt;th&gt;CD_RGINT&lt;/th&gt;
&lt;td&gt;1102&lt;/td&gt;
&lt;/tr&gt;&lt;tr bgcolor="#E3E3F3"&gt;
&lt;th&gt;NM_RGINT&lt;/th&gt;
&lt;td&gt;Ji-Paraná&lt;/td&gt;
&lt;/tr&gt;&lt;tr bgcolor=""&gt;
&lt;th&gt;CD_RGI&lt;/th&gt;
&lt;td&gt;110005&lt;/td&gt;
&lt;/tr&gt;&lt;tr bgcolor="#E3E3F3"&gt;
&lt;th&gt;NM_RGI&lt;/th&gt;
&lt;td&gt;Cacoal&lt;/td&gt;
&lt;/tr&gt;&lt;tr bgcolor=""&gt;
&lt;th&gt;CT_LOCALIDADE&lt;/th&gt;
&lt;td&gt;Vila&lt;/td&gt;
&lt;/tr&gt;&lt;tr bgcolor="#E3E3F3"&gt;
&lt;th&gt;CD_LOCALIDADE&lt;/th&gt;
&lt;td&gt;110001520&lt;/td&gt;
&lt;/tr&gt;&lt;tr bgcolor=""&gt;
&lt;th&gt;NM_LOCALIDADE&lt;/th&gt;
&lt;td&gt;Izidolândia&lt;/td&gt;
&lt;/tr&gt;&lt;tr bgcolor="#E3E3F3"&gt;
&lt;th&gt;LAT_LOCALIDADE&lt;/th&gt;
&lt;td&gt;-12.6022&lt;/td&gt;
&lt;/tr&gt;&lt;tr bgcolor=""&gt;
&lt;th&gt;LONG_LOCALIDADE&lt;/th&gt;
&lt;td&gt;-62.1756&lt;/td&gt;
&lt;/tr&gt;&lt;/table&gt;&lt;/center&gt;</description>
<Style>
<IconStyle>
<color>ffff5400</color>
<scale>1.0</scale>
<Icon>
<href>http://maps.google.com/mapfiles/kml/shapes/placemark_circle.png</href>
</Icon>
</IconStyle>
<LabelStyle>
<scale>0.9</scale>
</LabelStyle>
<LineStyle>
<color>72ffffff</color>
<width>1.0</width>
<gx:labelVisibility>1</gx:labelVisibility>
</LineStyle>
<PolyStyle>
<color>660054ff</color>
</PolyStyle>
</Style>
<ExtendedData>
<SchemaData schemaUrl="#kml_schema_ft_Vilas">
<SimpleData name="CD_UF">11</SimpleData>
<SimpleData name="NM_UF">Rondônia</SimpleData>
<SimpleData name="SIGLA_UF">RO</SimpleData>
<SimpleData name="CD_MUN">1100015</SimpleData>
<SimpleData name="NM_MUN">Alta Floresta D'Oeste</SimpleData>
<SimpleData name="CD_RGINT">1102</SimpleData>
<SimpleData name="NM_RGINT">Ji-Paraná</SimpleData>
<SimpleData name="CD_RGI">110005</SimpleData>
<SimpleData name="NM_RGI">Cacoal</SimpleData>
<SimpleData name="CT_LOCALIDADE">Vila</SimpleData>
<SimpleData name="CD_LOCALIDADE">110001520</SimpleData>
<SimpleData name="NM_LOCALIDADE">Izidolândia</SimpleData>
<SimpleData name="LAT_LOCALIDADE">-12.6022</SimpleData>
<SimpleData name="LONG_LOCALIDADE">-62.1756</SimpleData>
</SchemaData>
</ExtendedData>
<Point>
<extrude>0</extrude>
<coordinates>-62.175604,-12.6021639995968,0.0</coordinates>
</Point>
</Placemark>
<Placemark id="04. Vilas">
<name>Nova Gease d'Oeste [110001525]</name>
<visibility>1</visibility>
<snippet> </snippet>
<description>&lt;center&gt;&lt;table&gt;&lt;tr&gt;&lt;th colspan='2' align='center'&gt;&lt;em&gt;Atributos&lt;/em&gt;&lt;/th&gt;&lt;/tr&gt;&lt;tr bgcolor="#E3E3F3"&gt;
&lt;th&gt;CD_UF&lt;/th&gt;
&lt;td&gt;11&lt;/td&gt;
&lt;/tr&gt;&lt;tr bgcolor=""&gt;
&lt;th&gt;NM_UF&lt;/th&gt;
&lt;td&gt;Rondônia&lt;/td&gt;
&lt;/tr&gt;&lt;tr bgcolor="#E3E3F3"&gt;
&lt;th&gt;SIGLA_UF&lt;/th&gt;
&lt;td&gt;RO&lt;/td&gt;
&lt;/tr&gt;&lt;tr bgcolor=""&gt;
&lt;th&gt;CD_MUN&lt;/th&gt;
&lt;td&gt;1100015&lt;/td&gt;
&lt;/tr&gt;&lt;tr bgcolor="#E3E3F3"&gt;
&lt;th&gt;NM_MUN&lt;/th&gt;
&lt;td&gt;Alta Floresta D'Oeste&lt;/td&gt;
&lt;/tr&gt;&lt;tr bgcolor=""&gt;
&lt;th&gt;CD_RGINT&lt;/th&gt;
&lt;td&gt;1102&lt;/td&gt;
&lt;/tr&gt;&lt;tr bgcolor="#E3E3F3"&gt;
&lt;th&gt;NM_RGINT&lt;/th&gt;
&lt;td&gt;Ji-Paraná&lt;/td&gt;
&lt;/tr&gt;&lt;tr bgcolor=""&gt;
&lt;th&gt;CD_RGI&lt;/th&gt;
&lt;td&gt;110005&lt;/td&gt;
&lt;/tr&gt;&lt;tr bgcolor="#E3E3F3"&gt;
&lt;th&gt;NM_RGI&lt;/th&gt;
&lt;td&gt;Cacoal&lt;/td&gt;
&lt;/tr&gt;&lt;tr bgcolor=""&gt;
&lt;th&gt;CT_LOCALIDADE&lt;/th&gt;
&lt;td&gt;Vila&lt;/td&gt;
&lt;/tr&gt;&lt;tr bgcolor="#E3E3F3"&gt;
&lt;th&gt;CD_LOCALIDADE&lt;/th&gt;
&lt;td&gt;110001525&lt;/td&gt;
&lt;/tr&gt;&lt;tr bgcolor=""&gt;
&lt;th&gt;NM_LOCALIDADE&lt;/th&gt;
&lt;td&gt;Nova Gease d'Oeste&lt;/td&gt;
&lt;/tr&gt;&lt;tr bgcolor="#E3E3F3"&gt;
&lt;th&gt;LAT_LOCALIDADE&lt;/th&gt;
&lt;td&gt;-11.9184&lt;/td&gt;
&lt;/tr&gt;&lt;tr bgcolor=""&gt;
&lt;th&gt;LONG_LOCALIDADE&lt;/th&gt;
&lt;td&gt;-62.3169&lt;/td&gt;
&lt;/tr&gt;&lt;/table&gt;&lt;/center&gt;</description>
<Style>
<IconStyle>
<color>ffff5400</color>
<scale>1.0</scale>
<Icon>
<href>http://maps.google.com/mapfiles/kml/shapes/placemark_circle.png</href>
</Icon>
</IconStyle>
<LabelStyle>
<scale>0.9</scale>
</LabelStyle>
<LineStyle>
<color>72ffffff</color>
<width>1.0</width>
<gx:labelVisibility>1</gx:labelVisibility>
</LineStyle>
<PolyStyle>
<color>660054ff</color>
</PolyStyle>
</Style>
<ExtendedData>
<SchemaData schemaUrl="#kml_schema_ft_Vilas">
<SimpleData name="CD_UF">11</SimpleData>
<SimpleData name="NM_UF">Rondônia</SimpleData>
<SimpleData name="SIGLA_UF">RO</SimpleData>
<SimpleData name="CD_MUN">1100015</SimpleData>
<SimpleData name="NM_MUN">Alta Floresta D'Oeste</SimpleData>
<SimpleData name="CD_RGINT">1102</SimpleData>
<SimpleData name="NM_RGINT">Ji-Paraná</SimpleData>
<SimpleData name="CD_RGI">110005</SimpleData>
<SimpleData name="NM_RGI">Cacoal</SimpleData>
<SimpleData name="CT_LOCALIDADE">Vila</SimpleData>
<SimpleData name="CD_LOCALIDADE">110001525</SimpleData>
<SimpleData name="NM_LOCALIDADE">Nova Gease d'Oeste</SimpleData>
<SimpleData name="LAT_LOCALIDADE">-11.9184</SimpleData>
<SimpleData name="LONG_LOCALIDADE">-62.3169</SimpleData>
</SchemaData>
</ExtendedData>
<Point>
<extrude>0</extrude>
<coordinates>-62.316878,-11.9183889996174,0.0</coordinates>
</Point>
</Placemark>
<Placemark id="04. Vilas">
<name>Rolim de Moura do Guaporé [110001530]</name>
<visibility>1</visibility>
<snippet> </snippet>
<description>&lt;center&gt;&lt;table&gt;&lt;tr&gt;&lt;th colspan='2' align='center'&gt;&lt;em&gt;Atributos&lt;/em&gt;&lt;/th&gt;&lt;/tr&gt;&lt;tr bgcolor="#E3E3F3"&gt;
&lt;th&gt;CD_UF&lt;/th&gt;
&lt;td&gt;11&lt;/td&gt;
&lt;/tr&gt;&lt;tr bgcolor=""&gt;
&lt;th&gt;NM_UF&lt;/th&gt;
&lt;td&gt;Rondônia&lt;/td&gt;
&lt;/tr&gt;&lt;tr bgcolor="#E3E3F3"&gt;
&lt;th&gt;SIGLA_UF&lt;/th&gt;
&lt;td&gt;RO&lt;/td&gt;
&lt;/tr&gt;&lt;tr bgcolor=""&gt;
&lt;th&gt;CD_MUN&lt;/th&gt;
&lt;td&gt;1100015&lt;/td&gt;
&lt;/tr&gt;&lt;tr bgcolor="#E3E3F3"&gt;
&lt;th&gt;NM_MUN&lt;/th&gt;
&lt;td&gt;Alta Floresta D'Oeste&lt;/td&gt;
&lt;/tr&gt;&lt;tr bgcolor=""&gt;
&lt;th&gt;CD_RGINT&lt;/th&gt;
&lt;td&gt;1102&lt;/td&gt;
&lt;/tr&gt;&lt;tr bgcolor="#E3E3F3"&gt;
&lt;th&gt;NM_RGINT&lt;/th&gt;
&lt;td&gt;Ji-Paraná&lt;/td&gt;
&lt;/tr&gt;&lt;tr bgcolor=""&gt;
&lt;th&gt;CD_RGI&lt;/th&gt;
&lt;td&gt;110005&lt;/td&gt;
&lt;/tr&gt;&lt;tr bgcolor="#E3E3F3"&gt;
&lt;th&gt;NM_RGI&lt;/th&gt;
&lt;td&gt;Cacoal&lt;/td&gt;
&lt;/tr&gt;&lt;tr bgcolor=""&gt;
&lt;th&gt;CT_LOCALIDADE&lt;/th&gt;
&lt;td&gt;Vila&lt;/td&gt;
&lt;/tr&gt;&lt;tr bgcolor="#E3E3F3"&gt;
&lt;th&gt;CD_LOCALIDADE&lt;/th&gt;
&lt;td&gt;110001530&lt;/td&gt;
&lt;/tr&gt;&lt;tr bgcolor=""&gt;
&lt;th&gt;NM_LOCALIDADE&lt;/th&gt;
&lt;td&gt;Rolim de Moura do Guaporé&lt;/td&gt;
&lt;/tr&gt;&lt;tr bgcolor="#E3E3F3"&gt;
&lt;th&gt;LAT_LOCALIDADE&lt;/th&gt;
&lt;td&gt;-13.0836&lt;/td&gt;
&lt;/tr&gt;&lt;tr bgcolor=""&gt;
&lt;th&gt;LONG_LOCALIDADE&lt;/th&gt;
&lt;td&gt;-62.2774&lt;/td&gt;
&lt;/tr&gt;&lt;/table&gt;&lt;/center&gt;</description>
<Style>
<IconStyle>
<color>ffff5400</color>
<scale>1.0</scale>
<Icon>
<href>http://maps.google.com/mapfiles/kml/shapes/placemark_circle.png</href>
</Icon>
</IconStyle>
<LabelStyle>
<scale>0.9</scale>
</LabelStyle>
<LineStyle>
<color>72ffffff</color>
<width>1.0</width>
<gx:labelVisibility>1</gx:labelVisibility>
</LineStyle>
<PolyStyle>
<color>660054ff</color>
</PolyStyle>
</Style>
<ExtendedData>
<SchemaData schemaUrl="#kml_schema_ft_Vilas">
<SimpleData name="CD_UF">11</SimpleData>
<SimpleData name="NM_UF">Rondônia</SimpleData>
<SimpleData name="SIGLA_UF">RO</SimpleData>
<SimpleData name="CD_MUN">1100015</SimpleData>
<SimpleData name="NM_MUN">Alta Floresta D'Oeste</SimpleData>
<SimpleData name="CD_RGINT">1102</SimpleData>
<SimpleData name="NM_RGINT">Ji-Paraná</SimpleData>
<SimpleData name="CD_RGI">110005</SimpleData>
<SimpleData name="NM_RGI">Cacoal</SimpleData>
<SimpleData name="CT_LOCALIDADE">Vila</SimpleData>
<SimpleData name="CD_LOCALIDADE">110001530</SimpleData>
<SimpleData name="NM_LOCALIDADE">Rolim de Moura do Guaporé</SimpleData>
<SimpleData name="LAT_LOCALIDADE">-13.0836</SimpleData>
<SimpleData name="LONG_LOCALIDADE">-62.2774</SimpleData>
</SchemaData>
</ExtendedData>
<Point>
<extrude>0</extrude>
<coordinates>-62.277403,-13.0835529995825,0.0</coordinates>
</Point>
</Placemark>
<Placemark id="04. Vilas">
<name>Santo Antônio d'Oeste [110001535]</name>
<visibility>1</visibility>
<snippet> </snippet>
<description>&lt;center&gt;&lt;table&gt;&lt;tr&gt;&lt;th colspan='2' align='center'&gt;&lt;em&gt;Atributos&lt;/em&gt;&lt;/th&gt;&lt;/tr&gt;&lt;tr bgcolor="#E3E3F3"&gt;
&lt;th&gt;CD_UF&lt;/th&gt;
&lt;td&gt;11&lt;/td&gt;
&lt;/tr&gt;&lt;tr bgcolor=""&gt;
&lt;th&gt;NM_UF&lt;/th&gt;
&lt;td&gt;Rondônia&lt;/td&gt;
&lt;/tr&gt;&lt;tr bgcolor="#E3E3F3"&gt;
&lt;th&gt;SIGLA_UF&lt;/th&gt;
&lt;td&gt;RO&lt;/td&gt;
&lt;/tr&gt;&lt;tr bgcolor=""&gt;
&lt;th&gt;CD_MUN&lt;/th&gt;
&lt;td&gt;1100015&lt;/td&gt;
&lt;/tr&gt;&lt;tr bgcolor="#E3E3F3"&gt;
&lt;th&gt;NM_MUN&lt;/th&gt;
&lt;td&gt;Alta Floresta D'Oeste&lt;/td&gt;
&lt;/tr&gt;&lt;tr bgcolor=""&gt;
&lt;th&gt;CD_RGINT&lt;/th&gt;
&lt;td&gt;1102&lt;/td&gt;
&lt;/tr&gt;&lt;tr bgcolor="#E3E3F3"&gt;
&lt;th&gt;NM_RGINT&lt;/th&gt;
&lt;td&gt;Ji-Paraná&lt;/td&gt;
&lt;/tr&gt;&lt;tr bgcolor=""&gt;
&lt;th&gt;CD_RGI&lt;/th&gt;
&lt;td&gt;110005&lt;/td&gt;
&lt;/tr&gt;&lt;tr bgcolor="#E3E3F3"&gt;
&lt;th&gt;NM_RGI&lt;/th&gt;
&lt;td&gt;Cacoal&lt;/td&gt;
&lt;/tr&gt;&lt;tr bgcolor=""&gt;
&lt;th&gt;CT_LOCALIDADE&lt;/th&gt;
&lt;td&gt;Vila&lt;/td&gt;
&lt;/tr&gt;&lt;tr bgcolor="#E3E3F3"&gt;
&lt;th&gt;CD_LOCALIDADE&lt;/th&gt;
&lt;td&gt;110001535&lt;/td&gt;
&lt;/tr&gt;&lt;tr bgcolor=""&gt;
&lt;th&gt;NM_LOCALIDADE&lt;/th&gt;
&lt;td&gt;Santo Antônio d'Oeste&lt;/td&gt;
&lt;/tr&gt;&lt;tr bgcolor="#E3E3F3"&gt;
&lt;th&gt;LAT_LOCALIDADE&lt;/th&gt;
&lt;td&gt;-12.0887&lt;/td&gt;
&lt;/tr&gt;&lt;tr bgcolor=""&gt;
&lt;th&gt;LONG_LOCALIDADE&lt;/th&gt;
&lt;td&gt;-62.105&lt;/td&gt;
&lt;/tr&gt;&lt;/table&gt;&lt;/center&gt;</description>
<Style>
<IconStyle>
<color>ffff5400</color>
<scale>1.0</scale>
<Icon>
<href>http://maps.google.com/mapfiles/kml/shapes/placemark_circle.png</href>
</Icon>
</IconStyle>
<LabelStyle>
<scale>0.9</scale>
</LabelStyle>
<LineStyle>
<color>72ffffff</color>
<width>1.0</width>
<gx:labelVisibility>1</gx:labelVisibility>
</LineStyle>
<PolyStyle>
<color>660054ff</color>
</PolyStyle>
</Style>
<ExtendedData>
<SchemaData schemaUrl="#kml_schema_ft_Vilas">
<SimpleData name="CD_UF">11</SimpleData>
<SimpleData name="NM_UF">Rondônia</SimpleData>
<SimpleData name="SIGLA_UF">RO</SimpleData>
<SimpleData name="CD_MUN">1100015</SimpleData>
<SimpleData name="NM_MUN">Alta Floresta D'Oeste</SimpleData>
<SimpleData name="CD_RGINT">1102</SimpleData>
<SimpleData name="NM_RGINT">Ji-Paraná</SimpleData>
<SimpleData name="CD_RGI">110005</SimpleData>
<SimpleData name="NM_RGI">Cacoal</SimpleData>
<SimpleData name="CT_LOCALIDADE">Vila</SimpleData>
<SimpleData name="CD_LOCALIDADE">110001535</SimpleData>
<SimpleData name="NM_LOCALIDADE">Santo Antônio d'Oeste</SimpleData>
<SimpleData name="LAT_LOCALIDADE">-12.0887</SimpleData>
<SimpleData name="LONG_LOCALIDADE">-62.105</SimpleData>
</SchemaData>
</ExtendedData>
<Point>
<extrude>0</extrude>
<coordinates>-62.104954,-12.0886889996122,0.0</coordinates>
</Point>
</Placemark>
</Folder>
<Folder id="05. Núcleos Urbanos">
<name>05. Núcleos Urbanos</name>
<Placemark id="localidades">
<name>Loteamento Canaã [1100015001]</name>
<visibility>1</visibility>
<snippet> </snippet>
<description>&lt;center&gt;&lt;table&gt;&lt;tr&gt;&lt;th colspan='2' align='center'&gt;&lt;em&gt;Attributes&lt;/em&gt;&lt;/th&gt;&lt;/tr&gt;&lt;tr bgcolor="#E3E3F3"&gt;
&lt;th&gt;CD_UF&lt;/th&gt;
&lt;td&gt;11&lt;/td&gt;
&lt;/tr&gt;&lt;tr bgcolor=""&gt;
&lt;th&gt;NM_UF&lt;/th&gt;
&lt;td&gt;Rondônia&lt;/td&gt;
&lt;/tr&gt;&lt;tr bgcolor="#E3E3F3"&gt;
&lt;th&gt;SIGLA_UF&lt;/th&gt;
&lt;td&gt;RO&lt;/td&gt;
&lt;/tr&gt;&lt;tr bgcolor=""&gt;
&lt;th&gt;CD_MUN&lt;/th&gt;
&lt;td&gt;1100015&lt;/td&gt;
&lt;/tr&gt;&lt;tr bgcolor="#E3E3F3"&gt;
&lt;th&gt;NM_MUN&lt;/th&gt;
&lt;td&gt;Alta Floresta D'Oeste&lt;/td&gt;
&lt;/tr&gt;&lt;tr bgcolor=""&gt;
&lt;th&gt;CD_RGINT&lt;/th&gt;
&lt;td&gt;1102&lt;/td&gt;
&lt;/tr&gt;&lt;tr bgcolor="#E3E3F3"&gt;
&lt;th&gt;NM_RGINT&lt;/th&gt;
&lt;td&gt;Ji-Paraná&lt;/td&gt;
&lt;/tr&gt;&lt;tr bgcolor=""&gt;
&lt;th&gt;CD_RGI&lt;/th&gt;
&lt;td&gt;110005&lt;/td&gt;
&lt;/tr&gt;&lt;tr bgcolor="#E3E3F3"&gt;
&lt;th&gt;NM_RGI&lt;/th&gt;
&lt;td&gt;Cacoal&lt;/td&gt;
&lt;/tr&gt;&lt;tr bgcolor=""&gt;
&lt;th&gt;CT_LOCALIDADE&lt;/th&gt;
&lt;td&gt;Núcleo Urbano&lt;/td&gt;
&lt;/tr&gt;&lt;tr bgcolor="#E3E3F3"&gt;
&lt;th&gt;CD_LOCALIDADE&lt;/th&gt;
&lt;td&gt;1100015001&lt;/td&gt;
&lt;/tr&gt;&lt;tr bgcolor=""&gt;
&lt;th&gt;NM_LOCALIDADE&lt;/th&gt;
&lt;td&gt;Loteamento Canaã&lt;/td&gt;
&lt;/tr&gt;&lt;tr bgcolor="#E3E3F3"&gt;
&lt;th&gt;LAT_LOCALIDADE&lt;/th&gt;
&lt;td&gt;-11.9231&lt;/td&gt;
&lt;/tr&gt;&lt;tr bgcolor=""&gt;
&lt;th&gt;LONG_LOCALIDADE&lt;/th&gt;
&lt;td&gt;-61.9673&lt;/td&gt;
&lt;/tr&gt;&lt;/table&gt;&lt;/center&gt;</description>
<Style>
<IconStyle>
<color>ff0000ff</color>
<scale>0.9</scale>
<Icon>
<href>http://maps.google.com/mapfiles/kml/shapes/placemark_circle.png</href>
</Icon>
</IconStyle>
<LabelStyle>
<scale>0.9</scale>
</LabelStyle>
<LineStyle>
<color>72ffffff</color>
<width>1.0</width>
<gx:labelVisibility>1</gx:labelVisibility>
</LineStyle>
<PolyStyle>
<color>66ff54ff</color>
</PolyStyle>
</Style>
<ExtendedData>
<SchemaData schemaUrl="#kml_schema_ft_Núcleos_Urbanos">
<SimpleData name="CD_UF">11</SimpleData>
<SimpleData name="NM_UF">Rondônia</SimpleData>
<SimpleData name="SIGLA_UF">RO</SimpleData>
<SimpleData name="CD_MUN">1100015</SimpleData>
<SimpleData name="NM_MUN">Alta Floresta D'Oeste</SimpleData>
<SimpleData name="CD_RGINT">1102</SimpleData>
<SimpleData name="NM_RGINT">Ji-Paraná</SimpleData>
<SimpleData name="CD_RGI">110005</SimpleData>
<SimpleData name="NM_RGI">Cacoal</SimpleData>
<SimpleData name="CT_LOCALIDADE">Núcleo Urbano</SimpleData>
<SimpleData name="CD_LOCALIDADE">1100015001</SimpleData>
<SimpleData name="NM_LOCALIDADE">Loteamento Canaã</SimpleData>
<SimpleData name="LAT_LOCALIDADE">-11.9231</SimpleData>
<SimpleData name="LONG_LOCALIDADE">-61.9673</SimpleData>
</SchemaData>
</ExtendedData>
<Point>
<extrude>0</extrude>
<coordinates>-61.9672682475247,-11.9231132075379,0.0</coordinates>
</Point>
</Placemark>
</Folder>
<Folder id="06. Povoados">
<name>06. Povoados</name>
<Placemark id="06. Povoados">
<name>Vila Marcão [110001500005]</name>
<visibility>1</visibility>
<snippet> </snippet>
<description>&lt;center&gt;&lt;table&gt;&lt;tr&gt;&lt;th colspan='2' align='center'&gt;&lt;em&gt;Atributos&lt;/em&gt;&lt;/th&gt;&lt;/tr&gt;&lt;tr bgcolor="#E3E3F3"&gt;
&lt;th&gt;CD_UF&lt;/th&gt;
&lt;td&gt;11&lt;/td&gt;
&lt;/tr&gt;&lt;tr bgcolor=""&gt;
&lt;th&gt;NM_UF&lt;/th&gt;
&lt;td&gt;Rondônia&lt;/td&gt;
&lt;/tr&gt;&lt;tr bgcolor="#E3E3F3"&gt;
&lt;th&gt;SIGLA_UF&lt;/th&gt;
&lt;td&gt;RO&lt;/td&gt;
&lt;/tr&gt;&lt;tr bgcolor=""&gt;
&lt;th&gt;CD_MUN&lt;/th&gt;
&lt;td&gt;1100015&lt;/td&gt;
&lt;/tr&gt;&lt;tr bgcolor="#E3E3F3"&gt;
&lt;th&gt;NM_MUN&lt;/th&gt;
&lt;td&gt;Alta Floresta D'Oeste&lt;/td&gt;
&lt;/tr&gt;&lt;tr bgcolor=""&gt;
&lt;th&gt;CD_RGINT&lt;/th&gt;
&lt;td&gt;1102&lt;/td&gt;
&lt;/tr&gt;&lt;tr bgcolor="#E3E3F3"&gt;
&lt;th&gt;NM_RGINT&lt;/th&gt;
&lt;td&gt;Ji-Paraná&lt;/td&gt;
&lt;/tr&gt;&lt;tr bgcolor=""&gt;
&lt;th&gt;CD_RGI&lt;/th&gt;
&lt;td&gt;110005&lt;/td&gt;
&lt;/tr&gt;&lt;tr bgcolor="#E3E3F3"&gt;
&lt;th&gt;NM_RGI&lt;/th&gt;
&lt;td&gt;Cacoal&lt;/td&gt;
&lt;/tr&gt;&lt;tr bgcolor=""&gt;
&lt;th&gt;CT_LOCALIDADE&lt;/th&gt;
&lt;td&gt;Povoado&lt;/td&gt;
&lt;/tr&gt;&lt;tr bgcolor="#E3E3F3"&gt;
&lt;th&gt;CD_LOCALIDADE&lt;/th&gt;
&lt;td&gt;110001500005&lt;/td&gt;
&lt;/tr&gt;&lt;tr bgcolor=""&gt;
&lt;th&gt;NM_LOCALIDADE&lt;/th&gt;
&lt;td&gt;Vila Marcão&lt;/td&gt;
&lt;/tr&gt;&lt;tr bgcolor="#E3E3F3"&gt;
&lt;th&gt;LAT_LOCALIDADE&lt;/th&gt;
&lt;td&gt;-12.1317&lt;/td&gt;
&lt;/tr&gt;&lt;tr bgcolor=""&gt;
&lt;th&gt;LONG_LOCALIDADE&lt;/th&gt;
&lt;td&gt;-61.991&lt;/td&gt;
&lt;/tr&gt;&lt;/table&gt;&lt;/center&gt;</description>
<Style>
<IconStyle>
<color>ff00ff54</color>
<scale>0.8</scale>
<Icon>
<href>http://maps.google.com/mapfiles/kml/shapes/placemark_circle.png</href>
</Icon>
</IconStyle>
<LabelStyle>
<scale>0.8</scale>
</LabelStyle>
<LineStyle>
<color>72ff54ff</color>
<width>1.0</width>
<gx:labelVisibility>1</gx:labelVisibility>
</LineStyle>
<PolyStyle>
<color>66ff54ff</color>
</PolyStyle>
</Style>
<ExtendedData>
<SchemaData schemaUrl="#kml_schema_ft_Povoados">
<SimpleData name="CD_UF">11</SimpleData>
<SimpleData name="NM_UF">Rondônia</SimpleData>
<SimpleData name="SIGLA_UF">RO</SimpleData>
<SimpleData name="CD_MUN">1100015</SimpleData>
<SimpleData name="NM_MUN">Alta Floresta D'Oeste</SimpleData>
<SimpleData name="CD_RGINT">1102</SimpleData>
<SimpleData name="NM_RGINT">Ji-Paraná</SimpleData>
<SimpleData name="CD_RGI">110005</SimpleData>
<SimpleData name="NM_RGI">Cacoal</SimpleData>
<SimpleData name="CT_LOCALIDADE">Povoado</SimpleData>
<SimpleData name="CD_LOCALIDADE">110001500005</SimpleData>
<SimpleData name="NM_LOCALIDADE">Vila Marcão</SimpleData>
<SimpleData name="LAT_LOCALIDADE">-12.1317</SimpleData>
<SimpleData name="LONG_LOCALIDADE">-61.991</SimpleData>
</SchemaData>
</ExtendedData>
<Point>
<extrude>0</extrude>
<coordinates>-61.9910187142856,-12.1317485567537,0.0</coordinates>
</Point>
</Placemark>
<Placemark id="06. Povoados">
<name>Aldeia Indígena São Luiz [110001500007]</name>
<visibility>1</visibility>
<snippet> </snippet>
<description>&lt;center&gt;&lt;table&gt;&lt;tr&gt;&lt;th colspan='2' align='center'&gt;&lt;em&gt;Atributos&lt;/em&gt;&lt;/th&gt;&lt;/tr&gt;&lt;tr bgcolor="#E3E3F3"&gt;
&lt;th&gt;CD_UF&lt;/th&gt;
&lt;td&gt;11&lt;/td&gt;
&lt;/tr&gt;&lt;tr bgcolor=""&gt;
&lt;th&gt;NM_UF&lt;/th&gt;
&lt;td&gt;Rondônia&lt;/td&gt;
&lt;/tr&gt;&lt;tr bgcolor="#E3E3F3"&gt;
&lt;th&gt;SIGLA_UF&lt;/th&gt;
&lt;td&gt;RO&lt;/td&gt;
&lt;/tr&gt;&lt;tr bgcolor=""&gt;
&lt;th&gt;CD_MUN&lt;/th&gt;
&lt;td&gt;1100015&lt;/td&gt;
&lt;/tr&gt;&lt;tr bgcolor="#E3E3F3"&gt;
&lt;th&gt;NM_MUN&lt;/th&gt;
&lt;td&gt;Alta Floresta D'Oeste&lt;/td&gt;
&lt;/tr&gt;&lt;tr bgcolor=""&gt;
&lt;th&gt;CD_RGINT&lt;/th&gt;
&lt;td&gt;1102&lt;/td&gt;
&lt;/tr&gt;&lt;tr bgcolor="#E3E3F3"&gt;
&lt;th&gt;NM_RGINT&lt;/th&gt;
&lt;td&gt;Ji-Paraná&lt;/td&gt;
&lt;/tr&gt;&lt;tr bgcolor=""&gt;
&lt;th&gt;CD_RGI&lt;/th&gt;
&lt;td&gt;110005&lt;/td&gt;
&lt;/tr&gt;&lt;tr bgcolor="#E3E3F3"&gt;
&lt;th&gt;NM_RGI&lt;/th&gt;
&lt;td&gt;Cacoal&lt;/td&gt;
&lt;/tr&gt;&lt;tr bgcolor=""&gt;
&lt;th&gt;CT_LOCALIDADE&lt;/th&gt;
&lt;td&gt;Povoado&lt;/td&gt;
&lt;/tr&gt;&lt;tr bgcolor="#E3E3F3"&gt;
&lt;th&gt;CD_LOCALIDADE&lt;/th&gt;
&lt;td&gt;110001500007&lt;/td&gt;
&lt;/tr&gt;&lt;tr bgcolor=""&gt;
&lt;th&gt;NM_LOCALIDADE&lt;/th&gt;
&lt;td&gt;Aldeia Indígena São Luiz&lt;/td&gt;
&lt;/tr&gt;&lt;tr bgcolor="#E3E3F3"&gt;
&lt;th&gt;LAT_LOCALIDADE&lt;/th&gt;
&lt;td&gt;-12.0048&lt;/td&gt;
&lt;/tr&gt;&lt;tr bgcolor=""&gt;
&lt;th&gt;LONG_LOCALIDADE&lt;/th&gt;
&lt;td&gt;-62.4878&lt;/td&gt;
&lt;/tr&gt;&lt;/table&gt;&lt;/center&gt;</description>
<Style>
<IconStyle>
<color>ff00ff54</color>
<scale>0.8</scale>
<Icon>
<href>http://maps.google.com/mapfiles/kml/shapes/placemark_circle.png</href>
</Icon>
</IconStyle>
<LabelStyle>
<scale>0.8</scale>
</LabelStyle>
<LineStyle>
<color>72ff54ff</color>
<width>1.0</width>
<gx:labelVisibility>1</gx:labelVisibility>
</LineStyle>
<PolyStyle>
<color>66ff54ff</color>
</PolyStyle>
</Style>
<ExtendedData>
<SchemaData schemaUrl="#kml_schema_ft_Povoados">
<SimpleData name="CD_UF">11</SimpleData>
<SimpleData name="NM_UF">Rondônia</SimpleData>
<SimpleData name="SIGLA_UF">RO</SimpleData>
<SimpleData name="CD_MUN">1100015</SimpleData>
<SimpleData name="NM_MUN">Alta Floresta D'Oeste</SimpleData>
<SimpleData name="CD_RGINT">1102</SimpleData>
<SimpleData name="NM_RGINT">Ji-Paraná</SimpleData>
<SimpleData name="CD_RGI">110005</SimpleData>
<SimpleData name="NM_RGI">Cacoal</SimpleData>
<SimpleData name="CT_LOCALIDADE">Povoado</SimpleData>
<SimpleData name="CD_LOCALIDADE">110001500007</SimpleData>
<SimpleData name="NM_LOCALIDADE">Aldeia Indígena São Luiz</SimpleData>
<SimpleData name="LAT_LOCALIDADE">-12.0048</SimpleData>
<SimpleData name="LONG_LOCALIDADE">-62.4878</SimpleData>
</SchemaData>
</ExtendedData>
<Point>
<extrude>0</extrude>
<coordinates>-62.4878252285714,-12.0048451139004,0.0</coordinates>
</Point>
</Placemark>
</Folder>
<Folder id="09. Localidades Indígenas">
<name>09. Localidades Indígenas</name>
<visibility>1</visibility>
<Style>
<IconStyle>
<color>ffff1d8e</color>
<scale>0.8</scale>
<Icon>
<href>http://maps.google.com/mapfiles/kml/shapes/placemark_circle.png</href>
</Icon>
</IconStyle>
<LabelStyle>
<scale>0.8</scale>
</LabelStyle>
<LineStyle>
<width>1.0</width>
<gx:labelVisibility>1</gx:labelVisibility>
</LineStyle>
</Style>
<Folder id="09.01. Agrupamentos Indígenas">
<name>09.01. Agrupamentos Indígenas</name>
<visibility>1</visibility>
<Style>
<IconStyle>
<color>ffffaaaa</color>
<scale>0.8</scale>
<Icon>
<href>http://maps.google.com/mapfiles/kml/shapes/placemark_circle.png</href>
</Icon>
</IconStyle>
<LabelStyle>
<scale>0.8</scale>
</LabelStyle>
<LineStyle>
<color>7a0000ff</color>
<width>1.0</width>
<gx:labelVisibility>1</gx:labelVisibility>
</LineStyle>
<PolyStyle>
<color>660000ff</color>
</PolyStyle>
</Style>
<Placemark id="09.01. Agrupamentos Indígenas">
<name>Aldeia Indígena Barranco Alto [110001500006]</name>
<visibility>1</visibility>
<snippet> </snippet>
<description>&lt;center&gt;&lt;table&gt;&lt;tr&gt;&lt;th colspan='2' align='center'&gt;&lt;em&gt;Attributes&lt;/em&gt;&lt;/th&gt;&lt;/tr&gt;&lt;tr bgcolor="#E3E3F3"&gt;
&lt;th&gt;CD_UF&lt;/th&gt;
&lt;td&gt;11&lt;/td&gt;
&lt;/tr&gt;&lt;tr bgcolor=""&gt;
&lt;th&gt;NM_UF&lt;/th&gt;
&lt;td&gt;Rondônia&lt;/td&gt;
&lt;/tr&gt;&lt;tr bgcolor="#E3E3F3"&gt;
&lt;th&gt;SIGLA_UF&lt;/th&gt;
&lt;td&gt;RO&lt;/td&gt;
&lt;/tr&gt;&lt;tr bgcolor=""&gt;
&lt;th&gt;CD_MUN&lt;/th&gt;
&lt;td&gt;1100015&lt;/td&gt;
&lt;/tr&gt;&lt;tr bgcolor="#E3E3F3"&gt;
&lt;th&gt;NM_MUN&lt;/th&gt;
&lt;td&gt;Alta Floresta D'Oeste&lt;/td&gt;
&lt;/tr&gt;&lt;tr bgcolor=""&gt;
&lt;th&gt;CD_RGINT&lt;/th&gt;
&lt;td&gt;1102&lt;/td&gt;
&lt;/tr&gt;&lt;tr bgcolor="#E3E3F3"&gt;
&lt;th&gt;NM_RGINT&lt;/th&gt;
&lt;td&gt;Ji-Paraná&lt;/td&gt;
&lt;/tr&gt;&lt;tr bgcolor=""&gt;
&lt;th&gt;CD_RGI&lt;/th&gt;
&lt;td&gt;110005&lt;/td&gt;
&lt;/tr&gt;&lt;tr bgcolor="#E3E3F3"&gt;
&lt;th&gt;NM_RGI&lt;/th&gt;
&lt;td&gt;Cacoal&lt;/td&gt;
&lt;/tr&gt;&lt;tr bgcolor=""&gt;
&lt;th&gt;CT_LOCALIDADE&lt;/th&gt;
&lt;td&gt;Localidade Indígena&lt;/td&gt;
&lt;/tr&gt;&lt;tr bgcolor="#E3E3F3"&gt;
&lt;th&gt;SCT_LOCALIDADE&lt;/th&gt;
&lt;td&gt;Agrupamento Indígena&lt;/td&gt;
&lt;/tr&gt;&lt;tr bgcolor=""&gt;
&lt;th&gt;CD_LOCALIDADE&lt;/th&gt;
&lt;td&gt;110001500006&lt;/td&gt;
&lt;/tr&gt;&lt;tr bgcolor="#E3E3F3"&gt;
&lt;th&gt;NM_LOCALIDADE&lt;/th&gt;
&lt;td&gt;Aldeia Indígena Barranco Alto&lt;/td&gt;
&lt;/tr&gt;&lt;tr bgcolor=""&gt;
&lt;th&gt;LAT_LOCALIDADE&lt;/th&gt;
&lt;td&gt;-12.047&lt;/td&gt;
&lt;/tr&gt;&lt;tr bgcolor="#E3E3F3"&gt;
&lt;th&gt;LONG_LOCALIDADE&lt;/th&gt;
&lt;td&gt;-62.5439&lt;/td&gt;
&lt;/tr&gt;&lt;/table&gt;&lt;/center&gt;</description>
<Style>
<IconStyle>
<color>ffffaaaa</color>
<scale>0.8</scale>
<Icon>
<href>http://maps.google.com/mapfiles/kml/shapes/placemark_circle.png</href>
</Icon>
</IconStyle>
<LabelStyle>
<scale>0.8</scale>
</LabelStyle>
<LineStyle>
<color>7a0000ff</color>
<width>1.0</width>
<gx:labelVisibility>1</gx:labelVisibility>
</LineStyle>
<PolyStyle>
<color>660000ff</color>
</PolyStyle>
</Style>
<ExtendedData>
<SchemaData schemaUrl="#kml_schema_ft_Agrupamentos_Indígenas">
<SimpleData name="CD_UF">11</SimpleData>
<SimpleData name="NM_UF">Rondônia</SimpleData>
<SimpleData name="SIGLA_UF">RO</SimpleData>
<SimpleData name="CD_MUN">1100015</SimpleData>
<SimpleData name="NM_MUN">Alta Floresta D'Oeste</SimpleData>
<SimpleData name="CD_RGINT">1102</SimpleData>
<SimpleData name="NM_RGINT">Ji-Paraná</SimpleData>
<SimpleData name="CD_RGI">110005</SimpleData>
<SimpleData name="NM_RGI">Cacoal</SimpleData>
<SimpleData name="CT_LOCALIDADE">Localidade Indígena</SimpleData>
<SimpleData name="SCT_LOCALIDADE">Agrupamento Indígena</SimpleData>
<SimpleData name="CD_LOCALIDADE">110001500006</SimpleData>
<SimpleData name="NM_LOCALIDADE">Aldeia Indígena Barranco Alto</SimpleData>
<SimpleData name="LAT_LOCALIDADE">-12.047</SimpleData>
<SimpleData name="LONG_LOCALIDADE">-62.5439</SimpleData>
</SchemaData>
</ExtendedData>
<Point>
<extrude>0</extrude>
<coordinates>-62.5438728571428,-12.0470121424706,0.0</coordinates>
</Point>
</Placemark>
<Placemark id="09.01. Agrupamentos Indígenas">
<name>Aldeia Indígena São Luiz [110001500007]</name>
<visibility>1</visibility>
<snippet> </snippet>
<description>&lt;center&gt;&lt;table&gt;&lt;tr&gt;&lt;th colspan='2' align='center'&gt;&lt;em&gt;Attributes&lt;/em&gt;&lt;/th&gt;&lt;/tr&gt;&lt;tr bgcolor="#E3E3F3"&gt;
&lt;th&gt;CD_UF&lt;/th&gt;
&lt;td&gt;11&lt;/td&gt;
&lt;/tr&gt;&lt;tr bgcolor=""&gt;
&lt;th&gt;NM_UF&lt;/th&gt;
&lt;td&gt;Rondônia&lt;/td&gt;
&lt;/tr&gt;&lt;tr bgcolor="#E3E3F3"&gt;
&lt;th&gt;SIGLA_UF&lt;/th&gt;
&lt;td&gt;RO&lt;/td&gt;
&lt;/tr&gt;&lt;tr bgcolor=""&gt;
&lt;th&gt;CD_MUN&lt;/th&gt;
&lt;td&gt;1100015&lt;/td&gt;
&lt;/tr&gt;&lt;tr bgcolor="#E3E3F3"&gt;
&lt;th&gt;NM_MUN&lt;/th&gt;
&lt;td&gt;Alta Floresta D'Oeste&lt;/td&gt;
&lt;/tr&gt;&lt;tr bgcolor=""&gt;
&lt;th&gt;CD_RGINT&lt;/th&gt;
&lt;td&gt;1102&lt;/td&gt;
&lt;/tr&gt;&lt;tr bgcolor="#E3E3F3"&gt;
&lt;th&gt;NM_RGINT&lt;/th&gt;
&lt;td&gt;Ji-Paraná&lt;/td&gt;
&lt;/tr&gt;&lt;tr bgcolor=""&gt;
&lt;th&gt;CD_RGI&lt;/th&gt;
&lt;td&gt;110005&lt;/td&gt;
&lt;/tr&gt;&lt;tr bgcolor="#E3E3F3"&gt;
&lt;th&gt;NM_RGI&lt;/th&gt;
&lt;td&gt;Cacoal&lt;/td&gt;
&lt;/tr&gt;&lt;tr bgcolor=""&gt;
&lt;th&gt;CT_LOCALIDADE&lt;/th&gt;
&lt;td&gt;Localidade Indígena&lt;/td&gt;
&lt;/tr&gt;&lt;tr bgcolor="#E3E3F3"&gt;
&lt;th&gt;SCT_LOCALIDADE&lt;/th&gt;
&lt;td&gt;Agrupamento Indígena&lt;/td&gt;
&lt;/tr&gt;&lt;tr bgcolor=""&gt;
&lt;th&gt;CD_LOCALIDADE&lt;/th&gt;
&lt;td&gt;110001500007&lt;/td&gt;
&lt;/tr&gt;&lt;tr bgcolor="#E3E3F3"&gt;
&lt;th&gt;NM_LOCALIDADE&lt;/th&gt;
&lt;td&gt;Aldeia Indígena São Luiz&lt;/td&gt;
&lt;/tr&gt;&lt;tr bgcolor=""&gt;
&lt;th&gt;LAT_LOCALIDADE&lt;/th&gt;
&lt;td&gt;-12.0048&lt;/td&gt;
&lt;/tr&gt;&lt;tr bgcolor="#E3E3F3"&gt;
&lt;th&gt;LONG_LOCALIDADE&lt;/th&gt;
&lt;td&gt;-62.4878&lt;/td&gt;
&lt;/tr&gt;&lt;/table&gt;&lt;/center&gt;</description>
<Style>
<IconStyle>
<color>ffffaaaa</color>
<scale>0.8</scale>
<Icon>
<href>http://maps.google.com/mapfiles/kml/shapes/placemark_circle.png</href>
</Icon>
</IconStyle>
<LabelStyle>
<scale>0.8</scale>
</LabelStyle>
<LineStyle>
<color>7a0000ff</color>
<width>1.0</width>
<gx:labelVisibility>1</gx:labelVisibility>
</LineStyle>
<PolyStyle>
<color>660000ff</color>
</PolyStyle>
</Style>
<ExtendedData>
<SchemaData schemaUrl="#kml_schema_ft_Agrupamentos_Indígenas">
<SimpleData name="CD_UF">11</SimpleData>
<SimpleData name="NM_UF">Rondônia</SimpleData>
<SimpleData name="SIGLA_UF">RO</SimpleData>
<SimpleData name="CD_MUN">1100015</SimpleData>
<SimpleData name="NM_MUN">Alta Floresta D'Oeste</SimpleData>
<SimpleData name="CD_RGINT">1102</SimpleData>
<SimpleData name="NM_RGINT">Ji-Paraná</SimpleData>
<SimpleData name="CD_RGI">110005</SimpleData>
<SimpleData name="NM_RGI">Cacoal</SimpleData>
<SimpleData name="CT_LOCALIDADE">Localidade Indígena</SimpleData>
<SimpleData name="SCT_LOCALIDADE">Agrupamento Indígena</SimpleData>
<SimpleData name="CD_LOCALIDADE">110001500007</SimpleData>
<SimpleData name="NM_LOCALIDADE">Aldeia Indígena São Luiz</SimpleData>
<SimpleData name="LAT_LOCALIDADE">-12.0048</SimpleData>
<SimpleData name="LONG_LOCALIDADE">-62.4878</SimpleData>
</SchemaData>
</ExtendedData>
<Point>
<extrude>0</extrude>
<coordinates>-62.4878252285714,-12.0048451139004,0.0</coordinates>
</Point>
</Placemark>
<Placemark id="09.01. Agrupamentos Indígenas">
<name>Aldeia Indígena Aldeia Jatobá [110001500009]</name>
<visibility>1</visibility>
<snippet> </snippet>
<description>&lt;center&gt;&lt;table&gt;&lt;tr&gt;&lt;th colspan='2' align='center'&gt;&lt;em&gt;Attributes&lt;/em&gt;&lt;/th&gt;&lt;/tr&gt;&lt;tr bgcolor="#E3E3F3"&gt;
&lt;th&gt;CD_UF&lt;/th&gt;
&lt;td&gt;11&lt;/td&gt;
&lt;/tr&gt;&lt;tr bgcolor=""&gt;
&lt;th&gt;NM_UF&lt;/th&gt;
&lt;td&gt;Rondônia&lt;/td&gt;
&lt;/tr&gt;&lt;tr bgcolor="#E3E3F3"&gt;
&lt;th&gt;SIGLA_UF&lt;/th&gt;
&lt;td&gt;RO&lt;/td&gt;
&lt;/tr&gt;&lt;tr bgcolor=""&gt;
&lt;th&gt;CD_MUN&lt;/th&gt;
&lt;td&gt;1100015&lt;/td&gt;
&lt;/tr&gt;&lt;tr bgcolor="#E3E3F3"&gt;
&lt;th&gt;NM_MUN&lt;/th&gt;
&lt;td&gt;Alta Floresta D'Oeste&lt;/td&gt;
&lt;/tr&gt;&lt;tr bgcolor=""&gt;
&lt;th&gt;CD_RGINT&lt;/th&gt;
&lt;td&gt;1102&lt;/td&gt;
&lt;/tr&gt;&lt;tr bgcolor="#E3E3F3"&gt;
&lt;th&gt;NM_RGINT&lt;/th&gt;
&lt;td&gt;Ji-Paraná&lt;/td&gt;
&lt;/tr&gt;&lt;tr bgcolor=""&gt;
&lt;th&gt;CD_RGI&lt;/th&gt;
&lt;td&gt;110005&lt;/td&gt;
&lt;/tr&gt;&lt;tr bgcolor="#E3E3F3"&gt;
&lt;th&gt;NM_RGI&lt;/th&gt;
&lt;td&gt;Cacoal&lt;/td&gt;
&lt;/tr&gt;&lt;tr bgcolor=""&gt;
&lt;th&gt;CT_LOCALIDADE&lt;/th&gt;
&lt;td&gt;Localidade Indígena&lt;/td&gt;
&lt;/tr&gt;&lt;tr bgcolor="#E3E3F3"&gt;
&lt;th&gt;SCT_LOCALIDADE&lt;/th&gt;
&lt;td&gt;Agrupamento Indígena&lt;/td&gt;
&lt;/tr&gt;&lt;tr bgcolor=""&gt;
&lt;th&gt;CD_LOCALIDADE&lt;/th&gt;
&lt;td&gt;110001500009&lt;/td&gt;
&lt;/tr&gt;&lt;tr bgcolor="#E3E3F3"&gt;
&lt;th&gt;NM_LOCALIDADE&lt;/th&gt;
&lt;td&gt;Aldeia Indígena Aldeia Jatobá&lt;/td&gt;
&lt;/tr&gt;&lt;tr bgcolor=""&gt;
&lt;th&gt;LAT_LOCALIDADE&lt;/th&gt;
&lt;td&gt;-12.1952&lt;/td&gt;
&lt;/tr&gt;&lt;tr bgcolor="#E3E3F3"&gt;
&lt;th&gt;LONG_LOCALIDADE&lt;/th&gt;
&lt;td&gt;-62.6088&lt;/td&gt;
&lt;/tr&gt;&lt;/table&gt;&lt;/center&gt;</description>
<Style>
<IconStyle>
<color>ffffaaaa</color>
<scale>0.8</scale>
<Icon>
<href>http://maps.google.com/mapfiles/kml/shapes/placemark_circle.png</href>
</Icon>
</IconStyle>
<LabelStyle>
<scale>0.8</scale>
</LabelStyle>
<LineStyle>
<color>7a0000ff</color>
<width>1.0</width>
<gx:labelVisibility>1</gx:labelVisibility>
</LineStyle>
<PolyStyle>
<color>660000ff</color>
</PolyStyle>
</Style>
<ExtendedData>
<SchemaData schemaUrl="#kml_schema_ft_Agrupamentos_Indígenas">
<SimpleData name="CD_UF">11</SimpleData>
<SimpleData name="NM_UF">Rondônia</SimpleData>
<SimpleData name="SIGLA_UF">RO</SimpleData>
<SimpleData name="CD_MUN">1100015</SimpleData>
<SimpleData name="NM_MUN">Alta Floresta D'Oeste</SimpleData>
<SimpleData name="CD_RGINT">1102</SimpleData>
<SimpleData name="NM_RGINT">Ji-Paraná</SimpleData>
<SimpleData name="CD_RGI">110005</SimpleData>
<SimpleData name="NM_RGI">Cacoal</SimpleData>
<SimpleData name="CT_LOCALIDADE">Localidade Indígena</SimpleData>
<SimpleData name="SCT_LOCALIDADE">Agrupamento Indígena</SimpleData>
<SimpleData name="CD_LOCALIDADE">110001500009</SimpleData>
<SimpleData name="NM_LOCALIDADE">Aldeia Indígena Aldeia Jatobá</SimpleData>
<SimpleData name="LAT_LOCALIDADE">-12.1952</SimpleData>
<SimpleData name="LONG_LOCALIDADE">-62.6088</SimpleData>
</SchemaData>
</ExtendedData>
<Point>
<extrude>0</extrude>
<coordinates>-62.6087774545454,-12.1952211814271,0.0</coordinates>
</Point>
</Placemark>
<Placemark id="09.01. Agrupamentos Indígenas">
<name>Aldeia Indígena Nova Esperança / Serrinha [110001500011]</name>
<visibility>1</visibility>
<snippet> </snippet>
<description>&lt;center&gt;&lt;table&gt;&lt;tr&gt;&lt;th colspan='2' align='center'&gt;&lt;em&gt;Attributes&lt;/em&gt;&lt;/th&gt;&lt;/tr&gt;&lt;tr bgcolor="#E3E3F3"&gt;
&lt;th&gt;CD_UF&lt;/th&gt;
&lt;td&gt;11&lt;/td&gt;
&lt;/tr&gt;&lt;tr bgcolor=""&gt;
&lt;th&gt;NM_UF&lt;/th&gt;
&lt;td&gt;Rondônia&lt;/td&gt;
&lt;/tr&gt;&lt;tr bgcolor="#E3E3F3"&gt;
&lt;th&gt;SIGLA_UF&lt;/th&gt;
&lt;td&gt;RO&lt;/td&gt;
&lt;/tr&gt;&lt;tr bgcolor=""&gt;
&lt;th&gt;CD_MUN&lt;/th&gt;
&lt;td&gt;1100015&lt;/td&gt;
&lt;/tr&gt;&lt;tr bgcolor="#E3E3F3"&gt;
&lt;th&gt;NM_MUN&lt;/th&gt;
&lt;td&gt;Alta Floresta D'Oeste&lt;/td&gt;
&lt;/tr&gt;&lt;tr bgcolor=""&gt;
&lt;th&gt;CD_RGINT&lt;/th&gt;
&lt;td&gt;1102&lt;/td&gt;
&lt;/tr&gt;&lt;tr bgcolor="#E3E3F3"&gt;
&lt;th&gt;NM_RGINT&lt;/th&gt;
&lt;td&gt;Ji-Paraná&lt;/td&gt;
&lt;/tr&gt;&lt;tr bgcolor=""&gt;
&lt;th&gt;CD_RGI&lt;/th&gt;
&lt;td&gt;110005&lt;/td&gt;
&lt;/tr&gt;&lt;tr bgcolor="#E3E3F3"&gt;
&lt;th&gt;NM_RGI&lt;/th&gt;
&lt;td&gt;Cacoal&lt;/td&gt;
&lt;/tr&gt;&lt;tr bgcolor=""&gt;
&lt;th&gt;CT_LOCALIDADE&lt;/th&gt;
&lt;td&gt;Localidade Indígena&lt;/td&gt;
&lt;/tr&gt;&lt;tr bgcolor="#E3E3F3"&gt;
&lt;th&gt;SCT_LOCALIDADE&lt;/th&gt;
&lt;td&gt;Agrupamento Indígena&lt;/td&gt;
&lt;/tr&gt;&lt;tr bgcolor=""&gt;
&lt;th&gt;CD_LOCALIDADE&lt;/th&gt;
&lt;td&gt;110001500011&lt;/td&gt;
&lt;/tr&gt;&lt;tr bgcolor="#E3E3F3"&gt;
&lt;th&gt;NM_LOCALIDADE&lt;/th&gt;
&lt;td&gt;Aldeia Indígena Nova Esperança / Serrinha&lt;/td&gt;
&lt;/tr&gt;&lt;tr bgcolor=""&gt;
&lt;th&gt;LAT_LOCALIDADE&lt;/th&gt;
&lt;td&gt;-12.0823&lt;/td&gt;
&lt;/tr&gt;&lt;tr bgcolor="#E3E3F3"&gt;
&lt;th&gt;LONG_LOCALIDADE&lt;/th&gt;
&lt;td&gt;-62.6013&lt;/td&gt;
&lt;/tr&gt;&lt;/table&gt;&lt;/center&gt;</description>
<Style>
<IconStyle>
<color>ffffaaaa</color>
<scale>0.8</scale>
<Icon>
<href>http://maps.google.com/mapfiles/kml/shapes/placemark_circle.png</href>
</Icon>
</IconStyle>
<LabelStyle>
<scale>0.8</scale>
</LabelStyle>
<LineStyle>
<color>7a0000ff</color>
<width>1.0</width>
<gx:labelVisibility>1</gx:labelVisibility>
</LineStyle>
<PolyStyle>
<color>660000ff</color>
</PolyStyle>
</Style>
<ExtendedData>
<SchemaData schemaUrl="#kml_schema_ft_Agrupamentos_Indígenas">
<SimpleData name="CD_UF">11</SimpleData>
<SimpleData name="NM_UF">Rondônia</SimpleData>
<SimpleData name="SIGLA_UF">RO</SimpleData>
<SimpleData name="CD_MUN">1100015</SimpleData>
<SimpleData name="NM_MUN">Alta Floresta D'Oeste</SimpleData>
<SimpleData name="CD_RGINT">1102</SimpleData>
<SimpleData name="NM_RGINT">Ji-Paraná</SimpleData>
<SimpleData name="CD_RGI">110005</SimpleData>
<SimpleData name="NM_RGI">Cacoal</SimpleData>
<SimpleData name="CT_LOCALIDADE">Localidade Indígena</SimpleData>
<SimpleData name="SCT_LOCALIDADE">Agrupamento Indígena</SimpleData>
<SimpleData name="CD_LOCALIDADE">110001500011</SimpleData>
<SimpleData name="NM_LOCALIDADE">Aldeia Indígena Nova Esperança / Serrinha</SimpleData>
<SimpleData name="LAT_LOCALIDADE">-12.0823</SimpleData>
<SimpleData name="LONG_LOCALIDADE">-62.6013</SimpleData>
</SchemaData>
</ExtendedData>
<Point>
<extrude>0</extrude>
<coordinates>-62.6013374848484,-12.082252696582,0.0</coordinates>
</Point>
</Placemark>
<Placemark id="09.01. Agrupamentos Indígenas">
<name>Aldeia Indígena 01 [110001500012]</name>
<visibility>1</visibility>
<snippet> </snippet>
<description>&lt;center&gt;&lt;table&gt;&lt;tr&gt;&lt;th colspan='2' align='center'&gt;&lt;em&gt;Attributes&lt;/em&gt;&lt;/th&gt;&lt;/tr&gt;&lt;tr bgcolor="#E3E3F3"&gt;
&lt;th&gt;CD_UF&lt;/th&gt;
&lt;td&gt;11&lt;/td&gt;
&lt;/tr&gt;&lt;tr bgcolor=""&gt;
&lt;th&gt;NM_UF&lt;/th&gt;
&lt;td&gt;Rondônia&lt;/td&gt;
&lt;/tr&gt;&lt;tr bgcolor="#E3E3F3"&gt;
&lt;th&gt;SIGLA_UF&lt;/th&gt;
&lt;td&gt;RO&lt;/td&gt;
&lt;/tr&gt;&lt;tr bgcolor=""&gt;
&lt;th&gt;CD_MUN&lt;/th&gt;
&lt;td&gt;1100015&lt;/td&gt;
&lt;/tr&gt;&lt;tr bgcolor="#E3E3F3"&gt;
&lt;th&gt;NM_MUN&lt;/th&gt;
&lt;td&gt;Alta Floresta D'Oeste&lt;/td&gt;
&lt;/tr&gt;&lt;tr bgcolor=""&gt;
&lt;th&gt;CD_RGINT&lt;/th&gt;
&lt;td&gt;1102&lt;/td&gt;
&lt;/tr&gt;&lt;tr bgcolor="#E3E3F3"&gt;
&lt;th&gt;NM_RGINT&lt;/th&gt;
&lt;td&gt;Ji-Paraná&lt;/td&gt;
&lt;/tr&gt;&lt;tr bgcolor=""&gt;
&lt;th&gt;CD_RGI&lt;/th&gt;
&lt;td&gt;110005&lt;/td&gt;
&lt;/tr&gt;&lt;tr bgcolor="#E3E3F3"&gt;
&lt;th&gt;NM_RGI&lt;/th&gt;
&lt;td&gt;Cacoal&lt;/td&gt;
&lt;/tr&gt;&lt;tr bgcolor=""&gt;
&lt;th&gt;CT_LOCALIDADE&lt;/th&gt;
&lt;td&gt;Localidade Indígena&lt;/td&gt;
&lt;/tr&gt;&lt;tr bgcolor="#E3E3F3"&gt;
&lt;th&gt;SCT_LOCALIDADE&lt;/th&gt;
&lt;td&gt;Agrupamento Indígena&lt;/td&gt;
&lt;/tr&gt;&lt;tr bgcolor=""&gt;
&lt;th&gt;CD_LOCALIDADE&lt;/th&gt;
&lt;td&gt;110001500012&lt;/td&gt;
&lt;/tr&gt;&lt;tr bgcolor="#E3E3F3"&gt;
&lt;th&gt;NM_LOCALIDADE&lt;/th&gt;
&lt;td&gt;Aldeia Indígena 01&lt;/td&gt;
&lt;/tr&gt;&lt;tr bgcolor=""&gt;
&lt;th&gt;LAT_LOCALIDADE&lt;/th&gt;
&lt;td&gt;-12.0673&lt;/td&gt;
&lt;/tr&gt;&lt;tr bgcolor="#E3E3F3"&gt;
&lt;th&gt;LONG_LOCALIDADE&lt;/th&gt;
&lt;td&gt;-62.5715&lt;/td&gt;
&lt;/tr&gt;&lt;/table&gt;&lt;/center&gt;</description>
<Style>
<IconStyle>
<color>ffffaaaa</color>
<scale>0.8</scale>
<Icon>
<href>http://maps.google.com/mapfiles/kml/shapes/placemark_circle.png</href>
</Icon>
</IconStyle>
<LabelStyle>
<scale>0.8</scale>
</LabelStyle>
<LineStyle>
<color>7a0000ff</color>
<width>1.0</width>
<gx:labelVisibility>1</gx:labelVisibility>
</LineStyle>
<PolyStyle>
<color>660000ff</color>
</PolyStyle>
</Style>
<ExtendedData>
<SchemaData schemaUrl="#kml_schema_ft_Agrupamentos_Indígenas">
<SimpleData name="CD_UF">11</SimpleData>
<SimpleData name="NM_UF">Rondônia</SimpleData>
<SimpleData name="SIGLA_UF">RO</SimpleData>
<SimpleData name="CD_MUN">1100015</SimpleData>
<SimpleData name="NM_MUN">Alta Floresta D'Oeste</SimpleData>
<SimpleData name="CD_RGINT">1102</SimpleData>
<SimpleData name="NM_RGINT">Ji-Paraná</SimpleData>
<SimpleData name="CD_RGI">110005</SimpleData>
<SimpleData name="NM_RGI">Cacoal</SimpleData>
<SimpleData name="CT_LOCALIDADE">Localidade Indígena</SimpleData>
<SimpleData name="SCT_LOCALIDADE">Agrupamento Indígena</SimpleData>
<SimpleData name="CD_LOCALIDADE">110001500012</SimpleData>
<SimpleData name="NM_LOCALIDADE">Aldeia Indígena 01</SimpleData>
<SimpleData name="LAT_LOCALIDADE">-12.0673</SimpleData>
<SimpleData name="LONG_LOCALIDADE">-62.5715</SimpleData>
</SchemaData>
</ExtendedData>
<Point>
<extrude>0</extrude>
<coordinates>-62.5715486428571,-12.0672658567557,0.0</coordinates>
</Point>
</Placemark>
<Placemark id="09.01. Agrupamentos Indígenas">
<name>Aldeia Indígena Bom Sossego [110001500013]</name>
<visibility>1</visibility>
<snippet> </snippet>
<description>&lt;center&gt;&lt;table&gt;&lt;tr&gt;&lt;th colspan='2' align='center'&gt;&lt;em&gt;Attributes&lt;/em&gt;&lt;/th&gt;&lt;/tr&gt;&lt;tr bgcolor="#E3E3F3"&gt;
&lt;th&gt;CD_UF&lt;/th&gt;
&lt;td&gt;11&lt;/td&gt;
&lt;/tr&gt;&lt;tr bgcolor=""&gt;
&lt;th&gt;NM_UF&lt;/th&gt;
&lt;td&gt;Rondônia&lt;/td&gt;
&lt;/tr&gt;&lt;tr bgcolor="#E3E3F3"&gt;
&lt;th&gt;SIGLA_UF&lt;/th&gt;
&lt;td&gt;RO&lt;/td&gt;
&lt;/tr&gt;&lt;tr bgcolor=""&gt;
&lt;th&gt;CD_MUN&lt;/th&gt;
&lt;td&gt;1100015&lt;/td&gt;
&lt;/tr&gt;&lt;tr bgcolor="#E3E3F3"&gt;
&lt;th&gt;NM_MUN&lt;/th&gt;
&lt;td&gt;Alta Floresta D'Oeste&lt;/td&gt;
&lt;/tr&gt;&lt;tr bgcolor=""&gt;
&lt;th&gt;CD_RGINT&lt;/th&gt;
&lt;td&gt;1102&lt;/td&gt;
&lt;/tr&gt;&lt;tr bgcolor="#E3E3F3"&gt;
&lt;th&gt;NM_RGINT&lt;/th&gt;
&lt;td&gt;Ji-Paraná&lt;/td&gt;
&lt;/tr&gt;&lt;tr bgcolor=""&gt;
&lt;th&gt;CD_RGI&lt;/th&gt;
&lt;td&gt;110005&lt;/td&gt;
&lt;/tr&gt;&lt;tr bgcolor="#E3E3F3"&gt;
&lt;th&gt;NM_RGI&lt;/th&gt;
&lt;td&gt;Cacoal&lt;/td&gt;
&lt;/tr&gt;&lt;tr bgcolor=""&gt;
&lt;th&gt;CT_LOCALIDADE&lt;/th&gt;
&lt;td&gt;Localidade Indígena&lt;/td&gt;
&lt;/tr&gt;&lt;tr bgcolor="#E3E3F3"&gt;
&lt;th&gt;SCT_LOCALIDADE&lt;/th&gt;
&lt;td&gt;Agrupamento Indígena&lt;/td&gt;
&lt;/tr&gt;&lt;tr bgcolor=""&gt;
&lt;th&gt;CD_LOCALIDADE&lt;/th&gt;
&lt;td&gt;110001500013&lt;/td&gt;
&lt;/tr&gt;&lt;tr bgcolor="#E3E3F3"&gt;
&lt;th&gt;NM_LOCALIDADE&lt;/th&gt;
&lt;td&gt;Aldeia Indígena Bom Sossego&lt;/td&gt;
&lt;/tr&gt;&lt;tr bgcolor=""&gt;
&lt;th&gt;LAT_LOCALIDADE&lt;/th&gt;
&lt;td&gt;-12.1702&lt;/td&gt;
&lt;/tr&gt;&lt;tr bgcolor="#E3E3F3"&gt;
&lt;th&gt;LONG_LOCALIDADE&lt;/th&gt;
&lt;td&gt;-62.5895&lt;/td&gt;
&lt;/tr&gt;&lt;/table&gt;&lt;/center&gt;</description>
<Style>
<IconStyle>
<color>ffffaaaa</color>
<scale>0.8</scale>
<Icon>
<href>http://maps.google.com/mapfiles/kml/shapes/placemark_circle.png</href>
</Icon>
</IconStyle>
<LabelStyle>
<scale>0.8</scale>
</LabelStyle>
<LineStyle>
<color>7a0000ff</color>
<width>1.0</width>
<gx:labelVisibility>1</gx:labelVisibility>
</LineStyle>
<PolyStyle>
<color>660000ff</color>
</PolyStyle>
</Style>
<ExtendedData>
<SchemaData schemaUrl="#kml_schema_ft_Agrupamentos_Indígenas">
<SimpleData name="CD_UF">11</SimpleData>
<SimpleData name="NM_UF">Rondônia</SimpleData>
<SimpleData name="SIGLA_UF">RO</SimpleData>
<SimpleData name="CD_MUN">1100015</SimpleData>
<SimpleData name="NM_MUN">Alta Floresta D'Oeste</SimpleData>
<SimpleData name="CD_RGINT">1102</SimpleData>
<SimpleData name="NM_RGINT">Ji-Paraná</SimpleData>
<SimpleData name="CD_RGI">110005</SimpleData>
<SimpleData name="NM_RGI">Cacoal</SimpleData>
<SimpleData name="CT_LOCALIDADE">Localidade Indígena</SimpleData>
<SimpleData name="SCT_LOCALIDADE">Agrupamento Indígena</SimpleData>
<SimpleData name="CD_LOCALIDADE">110001500013</SimpleData>
<SimpleData name="NM_LOCALIDADE">Aldeia Indígena Bom Sossego</SimpleData>
<SimpleData name="LAT_LOCALIDADE">-12.1702</SimpleData>
<SimpleData name="LONG_LOCALIDADE">-62.5895</SimpleData>
</SchemaData>
</ExtendedData>
<Point>
<extrude>0</extrude>
<coordinates>-62.5894545,-12.1702157496098,0.0</coordinates>
</Point>
</Placemark>
<Placemark id="09.01. Agrupamentos Indígenas">
<name>Aldeia Indígena Aldeia Tucumã [110001500014]</name>
<visibility>1</visibility>
<snippet> </snippet>
<description>&lt;center&gt;&lt;table&gt;&lt;tr&gt;&lt;th colspan='2' align='center'&gt;&lt;em&gt;Attributes&lt;/em&gt;&lt;/th&gt;&lt;/tr&gt;&lt;tr bgcolor="#E3E3F3"&gt;
&lt;th&gt;CD_UF&lt;/th&gt;
&lt;td&gt;11&lt;/td&gt;
&lt;/tr&gt;&lt;tr bgcolor=""&gt;
&lt;th&gt;NM_UF&lt;/th&gt;
&lt;td&gt;Rondônia&lt;/td&gt;
&lt;/tr&gt;&lt;tr bgcolor="#E3E3F3"&gt;
&lt;th&gt;SIGLA_UF&lt;/th&gt;
&lt;td&gt;RO&lt;/td&gt;
&lt;/tr&gt;&lt;tr bgcolor=""&gt;
&lt;th&gt;CD_MUN&lt;/th&gt;
&lt;td&gt;1100015&lt;/td&gt;
&lt;/tr&gt;&lt;tr bgcolor="#E3E3F3"&gt;
&lt;th&gt;NM_MUN&lt;/th&gt;
&lt;td&gt;Alta Floresta D'Oeste&lt;/td&gt;
&lt;/tr&gt;&lt;tr bgcolor=""&gt;
&lt;th&gt;CD_RGINT&lt;/th&gt;
&lt;td&gt;1102&lt;/td&gt;
&lt;/tr&gt;&lt;tr bgcolor="#E3E3F3"&gt;
&lt;th&gt;NM_RGINT&lt;/th&gt;
&lt;td&gt;Ji-Paraná&lt;/td&gt;
&lt;/tr&gt;&lt;tr bgcolor=""&gt;
&lt;th&gt;CD_RGI&lt;/th&gt;
&lt;td&gt;110005&lt;/td&gt;
&lt;/tr&gt;&lt;tr bgcolor="#E3E3F3"&gt;
&lt;th&gt;NM_RGI&lt;/th&gt;
&lt;td&gt;Cacoal&lt;/td&gt;
&lt;/tr&gt;&lt;tr bgcolor=""&gt;
&lt;th&gt;CT_LOCALIDADE&lt;/th&gt;
&lt;td&gt;Localidade Indígena&lt;/td&gt;
&lt;/tr&gt;&lt;tr bgcolor="#E3E3F3"&gt;
&lt;th&gt;SCT_LOCALIDADE&lt;/th&gt;
&lt;td&gt;Agrupamento Indígena&lt;/td&gt;
&lt;/tr&gt;&lt;tr bgcolor=""&gt;
&lt;th&gt;CD_LOCALIDADE&lt;/th&gt;
&lt;td&gt;110001500014&lt;/td&gt;
&lt;/tr&gt;&lt;tr bgcolor="#E3E3F3"&gt;
&lt;th&gt;NM_LOCALIDADE&lt;/th&gt;
&lt;td&gt;Aldeia Indígena Aldeia Tucumã&lt;/td&gt;
&lt;/tr&gt;&lt;tr bgcolor=""&gt;
&lt;th&gt;LAT_LOCALIDADE&lt;/th&gt;
&lt;td&gt;-12.2081&lt;/td&gt;
&lt;/tr&gt;&lt;tr bgcolor="#E3E3F3"&gt;
&lt;th&gt;LONG_LOCALIDADE&lt;/th&gt;
&lt;td&gt;-62.6169&lt;/td&gt;
&lt;/tr&gt;&lt;/table&gt;&lt;/center&gt;</description>
<Style>
<IconStyle>
<color>ffffaaaa</color>
<scale>0.8</scale>
<Icon>
<href>http://maps.google.com/mapfiles/kml/shapes/placemark_circle.png</href>
</Icon>
</IconStyle>
<LabelStyle>
<scale>0.8</scale>
</LabelStyle>
<LineStyle>
<color>7a0000ff</color>
<width>1.0</width>
<gx:labelVisibility>1</gx:labelVisibility>
</LineStyle>
<PolyStyle>
<color>660000ff</color>
</PolyStyle>
</Style>
<ExtendedData>
<SchemaData schemaUrl="#kml_schema_ft_Agrupamentos_Indígenas">
<SimpleData name="CD_UF">11</SimpleData>
<SimpleData name="NM_UF">Rondônia</SimpleData>
<SimpleData name="SIGLA_UF">RO</SimpleData>
<SimpleData name="CD_MUN">1100015</SimpleData>
<SimpleData name="NM_MUN">Alta Floresta D'Oeste</SimpleData>
<SimpleData name="CD_RGINT">1102</SimpleData>
<SimpleData name="NM_RGINT">Ji-Paraná</SimpleData>
<SimpleData name="CD_RGI">110005</SimpleData>
<SimpleData name="NM_RGI">Cacoal</SimpleData>
<SimpleData name="CT_LOCALIDADE">Localidade Indígena</SimpleData>
<SimpleData name="SCT_LOCALIDADE">Agrupamento Indígena</SimpleData>
<SimpleData name="CD_LOCALIDADE">110001500014</SimpleData>
<SimpleData name="NM_LOCALIDADE">Aldeia Indígena Aldeia Tucumã</SimpleData>
<SimpleData name="LAT_LOCALIDADE">-12.2081</SimpleData>
<SimpleData name="LONG_LOCALIDADE">-62.6169</SimpleData>
</SchemaData>
</ExtendedData>
<Point>
<extrude>0</extrude>
<coordinates>-62.616932,-12.2081297496086,0.0</coordinates>
</Point>
</Placemark>
<Placemark id="09.01. Agrupamentos Indígenas">
<name>Aldeia Indígena Castanheira [110001500016]</name>
<visibility>1</visibility>
<snippet> </snippet>
<description>&lt;center&gt;&lt;table&gt;&lt;tr&gt;&lt;th colspan='2' align='center'&gt;&lt;em&gt;Attributes&lt;/em&gt;&lt;/th&gt;&lt;/tr&gt;&lt;tr bgcolor="#E3E3F3"&gt;
&lt;th&gt;CD_UF&lt;/th&gt;
&lt;td&gt;11&lt;/td&gt;
&lt;/tr&gt;&lt;tr bgcolor=""&gt;
&lt;th&gt;NM_UF&lt;/th&gt;
&lt;td&gt;Rondônia&lt;/td&gt;
&lt;/tr&gt;&lt;tr bgcolor="#E3E3F3"&gt;
&lt;th&gt;SIGLA_UF&lt;/th&gt;
&lt;td&gt;RO&lt;/td&gt;
&lt;/tr&gt;&lt;tr bgcolor=""&gt;
&lt;th&gt;CD_MUN&lt;/th&gt;
&lt;td&gt;1100015&lt;/td&gt;
&lt;/tr&gt;&lt;tr bgcolor="#E3E3F3"&gt;
&lt;th&gt;NM_MUN&lt;/th&gt;
&lt;td&gt;Alta Floresta D'Oeste&lt;/td&gt;
&lt;/tr&gt;&lt;tr bgcolor=""&gt;
&lt;th&gt;CD_RGINT&lt;/th&gt;
&lt;td&gt;1102&lt;/td&gt;
&lt;/tr&gt;&lt;tr bgcolor="#E3E3F3"&gt;
&lt;th&gt;NM_RGINT&lt;/th&gt;
&lt;td&gt;Ji-Paraná&lt;/td&gt;
&lt;/tr&gt;&lt;tr bgcolor=""&gt;
&lt;th&gt;CD_RGI&lt;/th&gt;
&lt;td&gt;110005&lt;/td&gt;
&lt;/tr&gt;&lt;tr bgcolor="#E3E3F3"&gt;
&lt;th&gt;NM_RGI&lt;/th&gt;
&lt;td&gt;Cacoal&lt;/td&gt;
&lt;/tr&gt;&lt;tr bgcolor=""&gt;
&lt;th&gt;CT_LOCALIDADE&lt;/th&gt;
&lt;td&gt;Localidade Indígena&lt;/td&gt;
&lt;/tr&gt;&lt;tr bgcolor="#E3E3F3"&gt;
&lt;th&gt;SCT_LOCALIDADE&lt;/th&gt;
&lt;td&gt;Agrupamento Indígena&lt;/td&gt;
&lt;/tr&gt;&lt;tr bgcolor=""&gt;
&lt;th&gt;CD_LOCALIDADE&lt;/th&gt;
&lt;td&gt;110001500016&lt;/td&gt;
&lt;/tr&gt;&lt;tr bgcolor="#E3E3F3"&gt;
&lt;th&gt;NM_LOCALIDADE&lt;/th&gt;
&lt;td&gt;Aldeia Indígena Castanheira&lt;/td&gt;
&lt;/tr&gt;&lt;tr bgcolor=""&gt;
&lt;th&gt;LAT_LOCALIDADE&lt;/th&gt;
&lt;td&gt;-12.1382&lt;/td&gt;
&lt;/tr&gt;&lt;tr bgcolor="#E3E3F3"&gt;
&lt;th&gt;LONG_LOCALIDADE&lt;/th&gt;
&lt;td&gt;-62.5829&lt;/td&gt;
&lt;/tr&gt;&lt;/table&gt;&lt;/center&gt;</description>
<Style>
<IconStyle>
<color>ffffaaaa</color>
<scale>0.8</scale>
<Icon>
<href>http://maps.google.com/mapfiles/kml/shapes/placemark_circle.png</href>
</Icon>
</IconStyle>
<LabelStyle>
<scale>0.8</scale>
</LabelStyle>
<LineStyle>
<color>7a0000ff</color>
<width>1.0</width>
<gx:labelVisibility>1</gx:labelVisibility>
</LineStyle>
<PolyStyle>
<color>660000ff</color>
</PolyStyle>
</Style>
<ExtendedData>
<SchemaData schemaUrl="#kml_schema_ft_Agrupamentos_Indígenas">
<SimpleData name="CD_UF">11</SimpleData>
<SimpleData name="NM_UF">Rondônia</SimpleData>
<SimpleData name="SIGLA_UF">RO</SimpleData>
<SimpleData name="CD_MUN">1100015</SimpleData>
<SimpleData name="NM_MUN">Alta Floresta D'Oeste</SimpleData>
<SimpleData name="CD_RGINT">1102</SimpleData>
<SimpleData name="NM_RGINT">Ji-Paraná</SimpleData>
<SimpleData name="CD_RGI">110005</SimpleData>
<SimpleData name="NM_RGI">Cacoal</SimpleData>
<SimpleData name="CT_LOCALIDADE">Localidade Indígena</SimpleData>
<SimpleData name="SCT_LOCALIDADE">Agrupamento Indígena</SimpleData>
<SimpleData name="CD_LOCALIDADE">110001500016</SimpleData>
<SimpleData name="NM_LOCALIDADE">Aldeia Indígena Castanheira</SimpleData>
<SimpleData name="LAT_LOCALIDADE">-12.1382</SimpleData>
<SimpleData name="LONG_LOCALIDADE">-62.5829</SimpleData>
</SchemaData>
</ExtendedData>
<Point>
<extrude>0</extrude>
<coordinates>-62.5829452,-12.1382133996107,0.0</coordinates>
</Point>
</Placemark>
<Placemark id="09.01. Agrupamentos Indígenas">
<name>Aldeia Indígena Terra Nova [110001500017]</name>
<visibility>1</visibility>
<snippet> </snippet>
<description>&lt;center&gt;&lt;table&gt;&lt;tr&gt;&lt;th colspan='2' align='center'&gt;&lt;em&gt;Attributes&lt;/em&gt;&lt;/th&gt;&lt;/tr&gt;&lt;tr bgcolor="#E3E3F3"&gt;
&lt;th&gt;CD_UF&lt;/th&gt;
&lt;td&gt;11&lt;/td&gt;
&lt;/tr&gt;&lt;tr bgcolor=""&gt;
&lt;th&gt;NM_UF&lt;/th&gt;
&lt;td&gt;Rondônia&lt;/td&gt;
&lt;/tr&gt;&lt;tr bgcolor="#E3E3F3"&gt;
&lt;th&gt;SIGLA_UF&lt;/th&gt;
&lt;td&gt;RO&lt;/td&gt;
&lt;/tr&gt;&lt;tr bgcolor=""&gt;
&lt;th&gt;CD_MUN&lt;/th&gt;
&lt;td&gt;1100015&lt;/td&gt;
&lt;/tr&gt;&lt;tr bgcolor="#E3E3F3"&gt;
&lt;th&gt;NM_MUN&lt;/th&gt;
&lt;td&gt;Alta Floresta D'Oeste&lt;/td&gt;
&lt;/tr&gt;&lt;tr bgcolor=""&gt;
&lt;th&gt;CD_RGINT&lt;/th&gt;
&lt;td&gt;1102&lt;/td&gt;
&lt;/tr&gt;&lt;tr bgcolor="#E3E3F3"&gt;
&lt;th&gt;NM_RGINT&lt;/th&gt;
&lt;td&gt;Ji-Paraná&lt;/td&gt;
&lt;/tr&gt;&lt;tr bgcolor=""&gt;
&lt;th&gt;CD_RGI&lt;/th&gt;
&lt;td&gt;110005&lt;/td&gt;
&lt;/tr&gt;&lt;tr bgcolor="#E3E3F3"&gt;
&lt;th&gt;NM_RGI&lt;/th&gt;
&lt;td&gt;Cacoal&lt;/td&gt;
&lt;/tr&gt;&lt;tr bgcolor=""&gt;
&lt;th&gt;CT_LOCALIDADE&lt;/th&gt;
&lt;td&gt;Localidade Indígena&lt;/td&gt;
&lt;/tr&gt;&lt;tr bgcolor="#E3E3F3"&gt;
&lt;th&gt;SCT_LOCALIDADE&lt;/th&gt;
&lt;td&gt;Agrupamento Indígena&lt;/td&gt;
&lt;/tr&gt;&lt;tr bgcolor=""&gt;
&lt;th&gt;CD_LOCALIDADE&lt;/th&gt;
&lt;td&gt;110001500017&lt;/td&gt;
&lt;/tr&gt;&lt;tr bgcolor="#E3E3F3"&gt;
&lt;th&gt;NM_LOCALIDADE&lt;/th&gt;
&lt;td&gt;Aldeia Indígena Terra Nova&lt;/td&gt;
&lt;/tr&gt;&lt;tr bgcolor=""&gt;
&lt;th&gt;LAT_LOCALIDADE&lt;/th&gt;
&lt;td&gt;-12.0963&lt;/td&gt;
&lt;/tr&gt;&lt;tr bgcolor="#E3E3F3"&gt;
&lt;th&gt;LONG_LOCALIDADE&lt;/th&gt;
&lt;td&gt;-62.5898&lt;/td&gt;
&lt;/tr&gt;&lt;/table&gt;&lt;/center&gt;</description>
<Style>
<IconStyle>
<color>ffffaaaa</color>
<scale>0.8</scale>
<Icon>
<href>http://maps.google.com/mapfiles/kml/shapes/placemark_circle.png</href>
</Icon>
</IconStyle>
<LabelStyle>
<scale>0.8</scale>
</LabelStyle>
<LineStyle>
<color>7a0000ff</color>
<width>1.0</width>
<gx:labelVisibility>1</gx:labelVisibility>
</LineStyle>
<PolyStyle>
<color>660000ff</color>
</PolyStyle>
</Style>
<ExtendedData>
<SchemaData schemaUrl="#kml_schema_ft_Agrupamentos_Indígenas">
<SimpleData name="CD_UF">11</SimpleData>
<SimpleData name="NM_UF">Rondônia</SimpleData>
<SimpleData name="SIGLA_UF">RO</SimpleData>
<SimpleData name="CD_MUN">1100015</SimpleData>
<SimpleData name="NM_MUN">Alta Floresta D'Oeste</SimpleData>
<SimpleData name="CD_RGINT">1102</SimpleData>
<SimpleData name="NM_RGINT">Ji-Paraná</SimpleData>
<SimpleData name="CD_RGI">110005</SimpleData>
<SimpleData name="NM_RGI">Cacoal</SimpleData>
<SimpleData name="CT_LOCALIDADE">Localidade Indígena</SimpleData>
<SimpleData name="SCT_LOCALIDADE">Agrupamento Indígena</SimpleData>
<SimpleData name="CD_LOCALIDADE">110001500017</SimpleData>
<SimpleData name="NM_LOCALIDADE">Aldeia Indígena Terra Nova</SimpleData>
<SimpleData name="LAT_LOCALIDADE">-12.0963</SimpleData>
<SimpleData name="LONG_LOCALIDADE">-62.5898</SimpleData>
</SchemaData>
</ExtendedData>
<Point>
<extrude>0</extrude>
<coordinates>-62.589848,-12.096307999612,0.0</coordinates>
</Point>
</Placemark>
<Placemark id="09.01. Agrupamentos Indígenas">
<name>Aldeia Indígena Pé de Serra [110001500018]</name>
<visibility>1</visibility>
<snippet> </snippet>
<description>&lt;center&gt;&lt;table&gt;&lt;tr&gt;&lt;th colspan='2' align='center'&gt;&lt;em&gt;Attributes&lt;/em&gt;&lt;/th&gt;&lt;/tr&gt;&lt;tr bgcolor="#E3E3F3"&gt;
&lt;th&gt;CD_UF&lt;/th&gt;
&lt;td&gt;11&lt;/td&gt;
&lt;/tr&gt;&lt;tr bgcolor=""&gt;
&lt;th&gt;NM_UF&lt;/th&gt;
&lt;td&gt;Rondônia&lt;/td&gt;
&lt;/tr&gt;&lt;tr bgcolor="#E3E3F3"&gt;
&lt;th&gt;SIGLA_UF&lt;/th&gt;
&lt;td&gt;RO&lt;/td&gt;
&lt;/tr&gt;&lt;tr bgcolor=""&gt;
&lt;th&gt;CD_MUN&lt;/th&gt;
&lt;td&gt;1100015&lt;/td&gt;
&lt;/tr&gt;&lt;tr bgcolor="#E3E3F3"&gt;
&lt;th&gt;NM_MUN&lt;/th&gt;
&lt;td&gt;Alta Floresta D'Oeste&lt;/td&gt;
&lt;/tr&gt;&lt;tr bgcolor=""&gt;
&lt;th&gt;CD_RGINT&lt;/th&gt;
&lt;td&gt;1102&lt;/td&gt;
&lt;/tr&gt;&lt;tr bgcolor="#E3E3F3"&gt;
&lt;th&gt;NM_RGINT&lt;/th&gt;
&lt;td&gt;Ji-Paraná&lt;/td&gt;
&lt;/tr&gt;&lt;tr bgcolor=""&gt;
&lt;th&gt;CD_RGI&lt;/th&gt;
&lt;td&gt;110005&lt;/td&gt;
&lt;/tr&gt;&lt;tr bgcolor="#E3E3F3"&gt;
&lt;th&gt;NM_RGI&lt;/th&gt;
&lt;td&gt;Cacoal&lt;/td&gt;
&lt;/tr&gt;&lt;tr bgcolor=""&gt;
&lt;th&gt;CT_LOCALIDADE&lt;/th&gt;
&lt;td&gt;Localidade Indígena&lt;/td&gt;
&lt;/tr&gt;&lt;tr bgcolor="#E3E3F3"&gt;
&lt;th&gt;SCT_LOCALIDADE&lt;/th&gt;
&lt;td&gt;Agrupamento Indígena&lt;/td&gt;
&lt;/tr&gt;&lt;tr bgcolor=""&gt;
&lt;th&gt;CD_LOCALIDADE&lt;/th&gt;
&lt;td&gt;110001500018&lt;/td&gt;
&lt;/tr&gt;&lt;tr bgcolor="#E3E3F3"&gt;
&lt;th&gt;NM_LOCALIDADE&lt;/th&gt;
&lt;td&gt;Aldeia Indígena Pé de Serra&lt;/td&gt;
&lt;/tr&gt;&lt;tr bgcolor=""&gt;
&lt;th&gt;LAT_LOCALIDADE&lt;/th&gt;
&lt;td&gt;-12.0356&lt;/td&gt;
&lt;/tr&gt;&lt;tr bgcolor="#E3E3F3"&gt;
&lt;th&gt;LONG_LOCALIDADE&lt;/th&gt;
&lt;td&gt;-62.5188&lt;/td&gt;
&lt;/tr&gt;&lt;/table&gt;&lt;/center&gt;</description>
<Style>
<IconStyle>
<color>ffffaaaa</color>
<scale>0.8</scale>
<Icon>
<href>http://maps.google.com/mapfiles/kml/shapes/placemark_circle.png</href>
</Icon>
</IconStyle>
<LabelStyle>
<scale>0.8</scale>
</LabelStyle>
<LineStyle>
<color>7a0000ff</color>
<width>1.0</width>
<gx:labelVisibility>1</gx:labelVisibility>
</LineStyle>
<PolyStyle>
<color>660000ff</color>
</PolyStyle>
</Style>
<ExtendedData>
<SchemaData schemaUrl="#kml_schema_ft_Agrupamentos_Indígenas">
<SimpleData name="CD_UF">11</SimpleData>
<SimpleData name="NM_UF">Rondônia</SimpleData>
<SimpleData name="SIGLA_UF">RO</SimpleData>
<SimpleData name="CD_MUN">1100015</SimpleData>
<SimpleData name="NM_MUN">Alta Floresta D'Oeste</SimpleData>
<SimpleData name="CD_RGINT">1102</SimpleData>
<SimpleData name="NM_RGINT">Ji-Paraná</SimpleData>
<SimpleData name="CD_RGI">110005</SimpleData>
<SimpleData name="NM_RGI">Cacoal</SimpleData>
<SimpleData name="CT_LOCALIDADE">Localidade Indígena</SimpleData>
<SimpleData name="SCT_LOCALIDADE">Agrupamento Indígena</SimpleData>
<SimpleData name="CD_LOCALIDADE">110001500018</SimpleData>
<SimpleData name="NM_LOCALIDADE">Aldeia Indígena Pé de Serra</SimpleData>
<SimpleData name="LAT_LOCALIDADE">-12.0356</SimpleData>
<SimpleData name="LONG_LOCALIDADE">-62.5188</SimpleData>
</SchemaData>
</ExtendedData>
<Point>
<extrude>0</extrude>
<coordinates>-62.518811,-12.0356089996138,0.0</coordinates>
</Point>
</Placemark>
<Placemark id="09.01. Agrupamentos Indígenas">
<name>Aldeia Indígena Samba [110001500019]</name>
<visibility>1</visibility>
<snippet> </snippet>
<description>&lt;center&gt;&lt;table&gt;&lt;tr&gt;&lt;th colspan='2' align='center'&gt;&lt;em&gt;Attributes&lt;/em&gt;&lt;/th&gt;&lt;/tr&gt;&lt;tr bgcolor="#E3E3F3"&gt;
&lt;th&gt;CD_UF&lt;/th&gt;
&lt;td&gt;11&lt;/td&gt;
&lt;/tr&gt;&lt;tr bgcolor=""&gt;
&lt;th&gt;NM_UF&lt;/th&gt;
&lt;td&gt;Rondônia&lt;/td&gt;
&lt;/tr&gt;&lt;tr bgcolor="#E3E3F3"&gt;
&lt;th&gt;SIGLA_UF&lt;/th&gt;
&lt;td&gt;RO&lt;/td&gt;
&lt;/tr&gt;&lt;tr bgcolor=""&gt;
&lt;th&gt;CD_MUN&lt;/th&gt;
&lt;td&gt;1100015&lt;/td&gt;
&lt;/tr&gt;&lt;tr bgcolor="#E3E3F3"&gt;
&lt;th&gt;NM_MUN&lt;/th&gt;
&lt;td&gt;Alta Floresta D'Oeste&lt;/td&gt;
&lt;/tr&gt;&lt;tr bgcolor=""&gt;
&lt;th&gt;CD_RGINT&lt;/th&gt;
&lt;td&gt;1102&lt;/td&gt;
&lt;/tr&gt;&lt;tr bgcolor="#E3E3F3"&gt;
&lt;th&gt;NM_RGINT&lt;/th&gt;
&lt;td&gt;Ji-Paraná&lt;/td&gt;
&lt;/tr&gt;&lt;tr bgcolor=""&gt;
&lt;th&gt;CD_RGI&lt;/th&gt;
&lt;td&gt;110005&lt;/td&gt;
&lt;/tr&gt;&lt;tr bgcolor="#E3E3F3"&gt;
&lt;th&gt;NM_RGI&lt;/th&gt;
&lt;td&gt;Cacoal&lt;/td&gt;
&lt;/tr&gt;&lt;tr bgcolor=""&gt;
&lt;th&gt;CT_LOCALIDADE&lt;/th&gt;
&lt;td&gt;Localidade Indígena&lt;/td&gt;
&lt;/tr&gt;&lt;tr bgcolor="#E3E3F3"&gt;
&lt;th&gt;SCT_LOCALIDADE&lt;/th&gt;
&lt;td&gt;Agrupamento Indígena&lt;/td&gt;
&lt;/tr&gt;&lt;tr bgcolor=""&gt;
&lt;th&gt;CD_LOCALIDADE&lt;/th&gt;
&lt;td&gt;110001500019&lt;/td&gt;
&lt;/tr&gt;&lt;tr bgcolor="#E3E3F3"&gt;
&lt;th&gt;NM_LOCALIDADE&lt;/th&gt;
&lt;td&gt;Aldeia Indígena Samba&lt;/td&gt;
&lt;/tr&gt;&lt;tr bgcolor=""&gt;
&lt;th&gt;LAT_LOCALIDADE&lt;/th&gt;
&lt;td&gt;-12.0257&lt;/td&gt;
&lt;/tr&gt;&lt;tr bgcolor="#E3E3F3"&gt;
&lt;th&gt;LONG_LOCALIDADE&lt;/th&gt;
&lt;td&gt;-62.5098&lt;/td&gt;
&lt;/tr&gt;&lt;/table&gt;&lt;/center&gt;</description>
<Style>
<IconStyle>
<color>ffffaaaa</color>
<scale>0.8</scale>
<Icon>
<href>http://maps.google.com/mapfiles/kml/shapes/placemark_circle.png</href>
</Icon>
</IconStyle>
<LabelStyle>
<scale>0.8</scale>
</LabelStyle>
<LineStyle>
<color>7a0000ff</color>
<width>1.0</width>
<gx:labelVisibility>1</gx:labelVisibility>
</LineStyle>
<PolyStyle>
<color>660000ff</color>
</PolyStyle>
</Style>
<ExtendedData>
<SchemaData schemaUrl="#kml_schema_ft_Agrupamentos_Indígenas">
<SimpleData name="CD_UF">11</SimpleData>
<SimpleData name="NM_UF">Rondônia</SimpleData>
<SimpleData name="SIGLA_UF">RO</SimpleData>
<SimpleData name="CD_MUN">1100015</SimpleData>
<SimpleData name="NM_MUN">Alta Floresta D'Oeste</SimpleData>
<SimpleData name="CD_RGINT">1102</SimpleData>
<SimpleData name="NM_RGINT">Ji-Paraná</SimpleData>
<SimpleData name="CD_RGI">110005</SimpleData>
<SimpleData name="NM_RGI">Cacoal</SimpleData>
<SimpleData name="CT_LOCALIDADE">Localidade Indígena</SimpleData>
<SimpleData name="SCT_LOCALIDADE">Agrupamento Indígena</SimpleData>
<SimpleData name="CD_LOCALIDADE">110001500019</SimpleData>
<SimpleData name="NM_LOCALIDADE">Aldeia Indígena Samba</SimpleData>
<SimpleData name="LAT_LOCALIDADE">-12.0257</SimpleData>
<SimpleData name="LONG_LOCALIDADE">-62.5098</SimpleData>
</SchemaData>
</ExtendedData>
<Point>
<extrude>0</extrude>
<coordinates>-62.5098091666666,-12.0257203329474,0.0</coordinates>
</Point>
</Placemark>
<Placemark id="09.01. Agrupamentos Indígenas">
<name>Aldeia Indígena Aeka [110001500020]</name>
<visibility>1</visibility>
<snippet> </snippet>
<description>&lt;center&gt;&lt;table&gt;&lt;tr&gt;&lt;th colspan='2' align='center'&gt;&lt;em&gt;Attributes&lt;/em&gt;&lt;/th&gt;&lt;/tr&gt;&lt;tr bgcolor="#E3E3F3"&gt;
&lt;th&gt;CD_UF&lt;/th&gt;
&lt;td&gt;11&lt;/td&gt;
&lt;/tr&gt;&lt;tr bgcolor=""&gt;
&lt;th&gt;NM_UF&lt;/th&gt;
&lt;td&gt;Rondônia&lt;/td&gt;
&lt;/tr&gt;&lt;tr bgcolor="#E3E3F3"&gt;
&lt;th&gt;SIGLA_UF&lt;/th&gt;
&lt;td&gt;RO&lt;/td&gt;
&lt;/tr&gt;&lt;tr bgcolor=""&gt;
&lt;th&gt;CD_MUN&lt;/th&gt;
&lt;td&gt;1100015&lt;/td&gt;
&lt;/tr&gt;&lt;tr bgcolor="#E3E3F3"&gt;
&lt;th&gt;NM_MUN&lt;/th&gt;
&lt;td&gt;Alta Floresta D'Oeste&lt;/td&gt;
&lt;/tr&gt;&lt;tr bgcolor=""&gt;
&lt;th&gt;CD_RGINT&lt;/th&gt;
&lt;td&gt;1102&lt;/td&gt;
&lt;/tr&gt;&lt;tr bgcolor="#E3E3F3"&gt;
&lt;th&gt;NM_RGINT&lt;/th&gt;
&lt;td&gt;Ji-Paraná&lt;/td&gt;
&lt;/tr&gt;&lt;tr bgcolor=""&gt;
&lt;th&gt;CD_RGI&lt;/th&gt;
&lt;td&gt;110005&lt;/td&gt;
&lt;/tr&gt;&lt;tr bgcolor="#E3E3F3"&gt;
&lt;th&gt;NM_RGI&lt;/th&gt;
&lt;td&gt;Cacoal&lt;/td&gt;
&lt;/tr&gt;&lt;tr bgcolor=""&gt;
&lt;th&gt;CT_LOCALIDADE&lt;/th&gt;
&lt;td&gt;Localidade Indígena&lt;/td&gt;
&lt;/tr&gt;&lt;tr bgcolor="#E3E3F3"&gt;
&lt;th&gt;SCT_LOCALIDADE&lt;/th&gt;
&lt;td&gt;Agrupamento Indígena&lt;/td&gt;
&lt;/tr&gt;&lt;tr bgcolor=""&gt;
&lt;th&gt;CD_LOCALIDADE&lt;/th&gt;
&lt;td&gt;110001500020&lt;/td&gt;
&lt;/tr&gt;&lt;tr bgcolor="#E3E3F3"&gt;
&lt;th&gt;NM_LOCALIDADE&lt;/th&gt;
&lt;td&gt;Aldeia Indígena Aeka&lt;/td&gt;
&lt;/tr&gt;&lt;tr bgcolor=""&gt;
&lt;th&gt;LAT_LOCALIDADE&lt;/th&gt;
&lt;td&gt;-12.0756&lt;/td&gt;
&lt;/tr&gt;&lt;tr bgcolor="#E3E3F3"&gt;
&lt;th&gt;LONG_LOCALIDADE&lt;/th&gt;
&lt;td&gt;-62.5802&lt;/td&gt;
&lt;/tr&gt;&lt;/table&gt;&lt;/center&gt;</description>
<Style>
<IconStyle>
<color>ffffaaaa</color>
<scale>0.8</scale>
<Icon>
<href>http://maps.google.com/mapfiles/kml/shapes/placemark_circle.png</href>
</Icon>
</IconStyle>
<LabelStyle>
<scale>0.8</scale>
</LabelStyle>
<LineStyle>
<color>7a0000ff</color>
<width>1.0</width>
<gx:labelVisibility>1</gx:labelVisibility>
</LineStyle>
<PolyStyle>
<color>660000ff</color>
</PolyStyle>
</Style>
<ExtendedData>
<SchemaData schemaUrl="#kml_schema_ft_Agrupamentos_Indígenas">
<SimpleData name="CD_UF">11</SimpleData>
<SimpleData name="NM_UF">Rondônia</SimpleData>
<SimpleData name="SIGLA_UF">RO</SimpleData>
<SimpleData name="CD_MUN">1100015</SimpleData>
<SimpleData name="NM_MUN">Alta Floresta D'Oeste</SimpleData>
<SimpleData name="CD_RGINT">1102</SimpleData>
<SimpleData name="NM_RGINT">Ji-Paraná</SimpleData>
<SimpleData name="CD_RGI">110005</SimpleData>
<SimpleData name="NM_RGI">Cacoal</SimpleData>
<SimpleData name="CT_LOCALIDADE">Localidade Indígena</SimpleData>
<SimpleData name="SCT_LOCALIDADE">Agrupamento Indígena</SimpleData>
<SimpleData name="CD_LOCALIDADE">110001500020</SimpleData>
<SimpleData name="NM_LOCALIDADE">Aldeia Indígena Aeka</SimpleData>
<SimpleData name="LAT_LOCALIDADE">-12.0756</SimpleData>
<SimpleData name="LONG_LOCALIDADE">-62.5802</SimpleData>
</SchemaData>
</ExtendedData>
<Point>
<extrude>0</extrude>
<coordinates>-62.580233,-12.0756149996126,0.0</coordinates>
</Point>
</Placemark>
<Placemark id="09.01. Agrupamentos Indígenas">
<name>Aldeia Indígena Barreiro de Arara [110001500021]</name>
<visibility>1</visibility>
<snippet> </snippet>
<description>&lt;center&gt;&lt;table&gt;&lt;tr&gt;&lt;th colspan='2' align='center'&gt;&lt;em&gt;Attributes&lt;/em&gt;&lt;/th&gt;&lt;/tr&gt;&lt;tr bgcolor="#E3E3F3"&gt;
&lt;th&gt;CD_UF&lt;/th&gt;
&lt;td&gt;11&lt;/td&gt;
&lt;/tr&gt;&lt;tr bgcolor=""&gt;
&lt;th&gt;NM_UF&lt;/th&gt;
&lt;td&gt;Rondônia&lt;/td&gt;
&lt;/tr&gt;&lt;tr bgcolor="#E3E3F3"&gt;
&lt;th&gt;SIGLA_UF&lt;/th&gt;
&lt;td&gt;RO&lt;/td&gt;
&lt;/tr&gt;&lt;tr bgcolor=""&gt;
&lt;th&gt;CD_MUN&lt;/th&gt;
&lt;td&gt;1100015&lt;/td&gt;
&lt;/tr&gt;&lt;tr bgcolor="#E3E3F3"&gt;
&lt;th&gt;NM_MUN&lt;/th&gt;
&lt;td&gt;Alta Floresta D'Oeste&lt;/td&gt;
&lt;/tr&gt;&lt;tr bgcolor=""&gt;
&lt;th&gt;CD_RGINT&lt;/th&gt;
&lt;td&gt;1102&lt;/td&gt;
&lt;/tr&gt;&lt;tr bgcolor="#E3E3F3"&gt;
&lt;th&gt;NM_RGINT&lt;/th&gt;
&lt;td&gt;Ji-Paraná&lt;/td&gt;
&lt;/tr&gt;&lt;tr bgcolor=""&gt;
&lt;th&gt;CD_RGI&lt;/th&gt;
&lt;td&gt;110005&lt;/td&gt;
&lt;/tr&gt;&lt;tr bgcolor="#E3E3F3"&gt;
&lt;th&gt;NM_RGI&lt;/th&gt;
&lt;td&gt;Cacoal&lt;/td&gt;
&lt;/tr&gt;&lt;tr bgcolor=""&gt;
&lt;th&gt;CT_LOCALIDADE&lt;/th&gt;
&lt;td&gt;Localidade Indígena&lt;/td&gt;
&lt;/tr&gt;&lt;tr bgcolor="#E3E3F3"&gt;
&lt;th&gt;SCT_LOCALIDADE&lt;/th&gt;
&lt;td&gt;Agrupamento Indígena&lt;/td&gt;
&lt;/tr&gt;&lt;tr bgcolor=""&gt;
&lt;th&gt;CD_LOCALIDADE&lt;/th&gt;
&lt;td&gt;110001500021&lt;/td&gt;
&lt;/tr&gt;&lt;tr bgcolor="#E3E3F3"&gt;
&lt;th&gt;NM_LOCALIDADE&lt;/th&gt;
&lt;td&gt;Aldeia Indígena Barreiro de Arara&lt;/td&gt;
&lt;/tr&gt;&lt;tr bgcolor=""&gt;
&lt;th&gt;LAT_LOCALIDADE&lt;/th&gt;
&lt;td&gt;-12.0579&lt;/td&gt;
&lt;/tr&gt;&lt;tr bgcolor="#E3E3F3"&gt;
&lt;th&gt;LONG_LOCALIDADE&lt;/th&gt;
&lt;td&gt;-62.5443&lt;/td&gt;
&lt;/tr&gt;&lt;/table&gt;&lt;/center&gt;</description>
<Style>
<IconStyle>
<color>ffffaaaa</color>
<scale>0.8</scale>
<Icon>
<href>http://maps.google.com/mapfiles/kml/shapes/placemark_circle.png</href>
</Icon>
</IconStyle>
<LabelStyle>
<scale>0.8</scale>
</LabelStyle>
<LineStyle>
<color>7a0000ff</color>
<width>1.0</width>
<gx:labelVisibility>1</gx:labelVisibility>
</LineStyle>
<PolyStyle>
<color>660000ff</color>
</PolyStyle>
</Style>
<ExtendedData>
<SchemaData schemaUrl="#kml_schema_ft_Agrupamentos_Indígenas">
<SimpleData name="CD_UF">11</SimpleData>
<SimpleData name="NM_UF">Rondônia</SimpleData>
<SimpleData name="SIGLA_UF">RO</SimpleData>
<SimpleData name="CD_MUN">1100015</SimpleData>
<SimpleData name="NM_MUN">Alta Floresta D'Oeste</SimpleData>
<SimpleData name="CD_RGINT">1102</SimpleData>
<SimpleData name="NM_RGINT">Ji-Paraná</SimpleData>
<SimpleData name="CD_RGI">110005</SimpleData>
<SimpleData name="NM_RGI">Cacoal</SimpleData>
<SimpleData name="CT_LOCALIDADE">Localidade Indígena</SimpleData>
<SimpleData name="SCT_LOCALIDADE">Agrupamento Indígena</SimpleData>
<SimpleData name="CD_LOCALIDADE">110001500021</SimpleData>
<SimpleData name="NM_LOCALIDADE">Aldeia Indígena Barreiro de Arara</SimpleData>
<SimpleData name="LAT_LOCALIDADE">-12.0579</SimpleData>
<SimpleData name="LONG_LOCALIDADE">-62.5443</SimpleData>
</SchemaData>
</ExtendedData>
<Point>
<extrude>0</extrude>
<coordinates>-62.5442955,-12.0579199996131,0.0</coordinates>
</Point>
</Placemark>
<Placemark id="09.01. Agrupamentos Indígenas">
<name>Aldeia Indígena Paraíso [110001500022]</name>
<visibility>1</visibility>
<snippet> </snippet>
<description>&lt;center&gt;&lt;table&gt;&lt;tr&gt;&lt;th colspan='2' align='center'&gt;&lt;em&gt;Attributes&lt;/em&gt;&lt;/th&gt;&lt;/tr&gt;&lt;tr bgcolor="#E3E3F3"&gt;
&lt;th&gt;CD_UF&lt;/th&gt;
&lt;td&gt;11&lt;/td&gt;
&lt;/tr&gt;&lt;tr bgcolor=""&gt;
&lt;th&gt;NM_UF&lt;/th&gt;
&lt;td&gt;Rondônia&lt;/td&gt;
&lt;/tr&gt;&lt;tr bgcolor="#E3E3F3"&gt;
&lt;th&gt;SIGLA_UF&lt;/th&gt;
&lt;td&gt;RO&lt;/td&gt;
&lt;/tr&gt;&lt;tr bgcolor=""&gt;
&lt;th&gt;CD_MUN&lt;/th&gt;
&lt;td&gt;1100015&lt;/td&gt;
&lt;/tr&gt;&lt;tr bgcolor="#E3E3F3"&gt;
&lt;th&gt;NM_MUN&lt;/th&gt;
&lt;td&gt;Alta Floresta D'Oeste&lt;/td&gt;
&lt;/tr&gt;&lt;tr bgcolor=""&gt;
&lt;th&gt;CD_RGINT&lt;/th&gt;
&lt;td&gt;1102&lt;/td&gt;
&lt;/tr&gt;&lt;tr bgcolor="#E3E3F3"&gt;
&lt;th&gt;NM_RGINT&lt;/th&gt;
&lt;td&gt;Ji-Paraná&lt;/td&gt;
&lt;/tr&gt;&lt;tr bgcolor=""&gt;
&lt;th&gt;CD_RGI&lt;/th&gt;
&lt;td&gt;110005&lt;/td&gt;
&lt;/tr&gt;&lt;tr bgcolor="#E3E3F3"&gt;
&lt;th&gt;NM_RGI&lt;/th&gt;
&lt;td&gt;Cacoal&lt;/td&gt;
&lt;/tr&gt;&lt;tr bgcolor=""&gt;
&lt;th&gt;CT_LOCALIDADE&lt;/th&gt;
&lt;td&gt;Localidade Indígena&lt;/td&gt;
&lt;/tr&gt;&lt;tr bgcolor="#E3E3F3"&gt;
&lt;th&gt;SCT_LOCALIDADE&lt;/th&gt;
&lt;td&gt;Agrupamento Indígena&lt;/td&gt;
&lt;/tr&gt;&lt;tr bgcolor=""&gt;
&lt;th&gt;CD_LOCALIDADE&lt;/th&gt;
&lt;td&gt;110001500022&lt;/td&gt;
&lt;/tr&gt;&lt;tr bgcolor="#E3E3F3"&gt;
&lt;th&gt;NM_LOCALIDADE&lt;/th&gt;
&lt;td&gt;Aldeia Indígena Paraíso&lt;/td&gt;
&lt;/tr&gt;&lt;tr bgcolor=""&gt;
&lt;th&gt;LAT_LOCALIDADE&lt;/th&gt;
&lt;td&gt;-12.0171&lt;/td&gt;
&lt;/tr&gt;&lt;tr bgcolor="#E3E3F3"&gt;
&lt;th&gt;LONG_LOCALIDADE&lt;/th&gt;
&lt;td&gt;-62.4918&lt;/td&gt;
&lt;/tr&gt;&lt;/table&gt;&lt;/center&gt;</description>
<Style>
<IconStyle>
<color>ffffaaaa</color>
<scale>0.8</scale>
<Icon>
<href>http://maps.google.com/mapfiles/kml/shapes/placemark_circle.png</href>
</Icon>
</IconStyle>
<LabelStyle>
<scale>0.8</scale>
</LabelStyle>
<LineStyle>
<color>7a0000ff</color>
<width>1.0</width>
<gx:labelVisibility>1</gx:labelVisibility>
</LineStyle>
<PolyStyle>
<color>660000ff</color>
</PolyStyle>
</Style>
<ExtendedData>
<SchemaData schemaUrl="#kml_schema_ft_Agrupamentos_Indígenas">
<SimpleData name="CD_UF">11</SimpleData>
<SimpleData name="NM_UF">Rondônia</SimpleData>
<SimpleData name="SIGLA_UF">RO</SimpleData>
<SimpleData name="CD_MUN">1100015</SimpleData>
<SimpleData name="NM_MUN">Alta Floresta D'Oeste</SimpleData>
<SimpleData name="CD_RGINT">1102</SimpleData>
<SimpleData name="NM_RGINT">Ji-Paraná</SimpleData>
<SimpleData name="CD_RGI">110005</SimpleData>
<SimpleData name="NM_RGI">Cacoal</SimpleData>
<SimpleData name="CT_LOCALIDADE">Localidade Indígena</SimpleData>
<SimpleData name="SCT_LOCALIDADE">Agrupamento Indígena</SimpleData>
<SimpleData name="CD_LOCALIDADE">110001500022</SimpleData>
<SimpleData name="NM_LOCALIDADE">Aldeia Indígena Paraíso</SimpleData>
<SimpleData name="LAT_LOCALIDADE">-12.0171</SimpleData>
<SimpleData name="LONG_LOCALIDADE">-62.4918</SimpleData>
</SchemaData>
</ExtendedData>
<Point>
<extrude>0</extrude>
<coordinates>-62.491814,-12.0171309996144,0.0</coordinates>
</Point>
</Placemark>
<Placemark id="09.01. Agrupamentos Indígenas">
<name>Aldeia Indígena Mato Grosso [110001500023]</name>
<visibility>1</visibility>
<snippet> </snippet>
<description>&lt;center&gt;&lt;table&gt;&lt;tr&gt;&lt;th colspan='2' align='center'&gt;&lt;em&gt;Attributes&lt;/em&gt;&lt;/th&gt;&lt;/tr&gt;&lt;tr bgcolor="#E3E3F3"&gt;
&lt;th&gt;CD_UF&lt;/th&gt;
&lt;td&gt;11&lt;/td&gt;
&lt;/tr&gt;&lt;tr bgcolor=""&gt;
&lt;th&gt;NM_UF&lt;/th&gt;
&lt;td&gt;Rondônia&lt;/td&gt;
&lt;/tr&gt;&lt;tr bgcolor="#E3E3F3"&gt;
&lt;th&gt;SIGLA_UF&lt;/th&gt;
&lt;td&gt;RO&lt;/td&gt;
&lt;/tr&gt;&lt;tr bgcolor=""&gt;
&lt;th&gt;CD_MUN&lt;/th&gt;
&lt;td&gt;1100015&lt;/td&gt;
&lt;/tr&gt;&lt;tr bgcolor="#E3E3F3"&gt;
&lt;th&gt;NM_MUN&lt;/th&gt;
&lt;td&gt;Alta Floresta D'Oeste&lt;/td&gt;
&lt;/tr&gt;&lt;tr bgcolor=""&gt;
&lt;th&gt;CD_RGINT&lt;/th&gt;
&lt;td&gt;1102&lt;/td&gt;
&lt;/tr&gt;&lt;tr bgcolor="#E3E3F3"&gt;
&lt;th&gt;NM_RGINT&lt;/th&gt;
&lt;td&gt;Ji-Paraná&lt;/td&gt;
&lt;/tr&gt;&lt;tr bgcolor=""&gt;
&lt;th&gt;CD_RGI&lt;/th&gt;
&lt;td&gt;110005&lt;/td&gt;
&lt;/tr&gt;&lt;tr bgcolor="#E3E3F3"&gt;
&lt;th&gt;NM_RGI&lt;/th&gt;
&lt;td&gt;Cacoal&lt;/td&gt;
&lt;/tr&gt;&lt;tr bgcolor=""&gt;
&lt;th&gt;CT_LOCALIDADE&lt;/th&gt;
&lt;td&gt;Localidade Indígena&lt;/td&gt;
&lt;/tr&gt;&lt;tr bgcolor="#E3E3F3"&gt;
&lt;th&gt;SCT_LOCALIDADE&lt;/th&gt;
&lt;td&gt;Agrupamento Indígena&lt;/td&gt;
&lt;/tr&gt;&lt;tr bgcolor=""&gt;
&lt;th&gt;CD_LOCALIDADE&lt;/th&gt;
&lt;td&gt;110001500023&lt;/td&gt;
&lt;/tr&gt;&lt;tr bgcolor="#E3E3F3"&gt;
&lt;th&gt;NM_LOCALIDADE&lt;/th&gt;
&lt;td&gt;Aldeia Indígena Mato Grosso&lt;/td&gt;
&lt;/tr&gt;&lt;tr bgcolor=""&gt;
&lt;th&gt;LAT_LOCALIDADE&lt;/th&gt;
&lt;td&gt;-12.0031&lt;/td&gt;
&lt;/tr&gt;&lt;tr bgcolor="#E3E3F3"&gt;
&lt;th&gt;LONG_LOCALIDADE&lt;/th&gt;
&lt;td&gt;-62.4768&lt;/td&gt;
&lt;/tr&gt;&lt;/table&gt;&lt;/center&gt;</description>
<Style>
<IconStyle>
<color>ffffaaaa</color>
<scale>0.8</scale>
<Icon>
<href>http://maps.google.com/mapfiles/kml/shapes/placemark_circle.png</href>
</Icon>
</IconStyle>
<LabelStyle>
<scale>0.8</scale>
</LabelStyle>
<LineStyle>
<color>7a0000ff</color>
<width>1.0</width>
<gx:labelVisibility>1</gx:labelVisibility>
</LineStyle>
<PolyStyle>
<color>660000ff</color>
</PolyStyle>
</Style>
<ExtendedData>
<SchemaData schemaUrl="#kml_schema_ft_Agrupamentos_Indígenas">
<SimpleData name="CD_UF">11</SimpleData>
<SimpleData name="NM_UF">Rondônia</SimpleData>
<SimpleData name="SIGLA_UF">RO</SimpleData>
<SimpleData name="CD_MUN">1100015</SimpleData>
<SimpleData name="NM_MUN">Alta Floresta D'Oeste</SimpleData>
<SimpleData name="CD_RGINT">1102</SimpleData>
<SimpleData name="NM_RGINT">Ji-Paraná</SimpleData>
<SimpleData name="CD_RGI">110005</SimpleData>
<SimpleData name="NM_RGI">Cacoal</SimpleData>
<SimpleData name="CT_LOCALIDADE">Localidade Indígena</SimpleData>
<SimpleData name="SCT_LOCALIDADE">Agrupamento Indígena</SimpleData>
<SimpleData name="CD_LOCALIDADE">110001500023</SimpleData>
<SimpleData name="NM_LOCALIDADE">Aldeia Indígena Mato Grosso</SimpleData>
<SimpleData name="LAT_LOCALIDADE">-12.0031</SimpleData>
<SimpleData name="LONG_LOCALIDADE">-62.4768</SimpleData>
</SchemaData>
</ExtendedData>
<Point>
<extrude>0</extrude>
<coordinates>-62.4767753636363,-12.0030556359784,0.0</coordinates>
</Point>
</Placemark>
<Placemark id="09.01. Agrupamentos Indígenas">
<name>Aldeia Indígena Bom Jesus [110001500024]</name>
<visibility>1</visibility>
<snippet> </snippet>
<description>&lt;center&gt;&lt;table&gt;&lt;tr&gt;&lt;th colspan='2' align='center'&gt;&lt;em&gt;Attributes&lt;/em&gt;&lt;/th&gt;&lt;/tr&gt;&lt;tr bgcolor="#E3E3F3"&gt;
&lt;th&gt;CD_UF&lt;/th&gt;
&lt;td&gt;11&lt;/td&gt;
&lt;/tr&gt;&lt;tr bgcolor=""&gt;
&lt;th&gt;NM_UF&lt;/th&gt;
&lt;td&gt;Rondônia&lt;/td&gt;
&lt;/tr&gt;&lt;tr bgcolor="#E3E3F3"&gt;
&lt;th&gt;SIGLA_UF&lt;/th&gt;
&lt;td&gt;RO&lt;/td&gt;
&lt;/tr&gt;&lt;tr bgcolor=""&gt;
&lt;th&gt;CD_MUN&lt;/th&gt;
&lt;td&gt;1100015&lt;/td&gt;
&lt;/tr&gt;&lt;tr bgcolor="#E3E3F3"&gt;
&lt;th&gt;NM_MUN&lt;/th&gt;
&lt;td&gt;Alta Floresta D'Oeste&lt;/td&gt;
&lt;/tr&gt;&lt;tr bgcolor=""&gt;
&lt;th&gt;CD_RGINT&lt;/th&gt;
&lt;td&gt;1102&lt;/td&gt;
&lt;/tr&gt;&lt;tr bgcolor="#E3E3F3"&gt;
&lt;th&gt;NM_RGINT&lt;/th&gt;
&lt;td&gt;Ji-Paraná&lt;/td&gt;
&lt;/tr&gt;&lt;tr bgcolor=""&gt;
&lt;th&gt;CD_RGI&lt;/th&gt;
&lt;td&gt;110005&lt;/td&gt;
&lt;/tr&gt;&lt;tr bgcolor="#E3E3F3"&gt;
&lt;th&gt;NM_RGI&lt;/th&gt;
&lt;td&gt;Cacoal&lt;/td&gt;
&lt;/tr&gt;&lt;tr bgcolor=""&gt;
&lt;th&gt;CT_LOCALIDADE&lt;/th&gt;
&lt;td&gt;Localidade Indígena&lt;/td&gt;
&lt;/tr&gt;&lt;tr bgcolor="#E3E3F3"&gt;
&lt;th&gt;SCT_LOCALIDADE&lt;/th&gt;
&lt;td&gt;Agrupamento Indígena&lt;/td&gt;
&lt;/tr&gt;&lt;tr bgcolor=""&gt;
&lt;th&gt;CD_LOCALIDADE&lt;/th&gt;
&lt;td&gt;110001500024&lt;/td&gt;
&lt;/tr&gt;&lt;tr bgcolor="#E3E3F3"&gt;
&lt;th&gt;NM_LOCALIDADE&lt;/th&gt;
&lt;td&gt;Aldeia Indígena Bom Jesus&lt;/td&gt;
&lt;/tr&gt;&lt;tr bgcolor=""&gt;
&lt;th&gt;LAT_LOCALIDADE&lt;/th&gt;
&lt;td&gt;-11.9978&lt;/td&gt;
&lt;/tr&gt;&lt;tr bgcolor="#E3E3F3"&gt;
&lt;th&gt;LONG_LOCALIDADE&lt;/th&gt;
&lt;td&gt;-62.4463&lt;/td&gt;
&lt;/tr&gt;&lt;/table&gt;&lt;/center&gt;</description>
<Style>
<IconStyle>
<color>ffffaaaa</color>
<scale>0.8</scale>
<Icon>
<href>http://maps.google.com/mapfiles/kml/shapes/placemark_circle.png</href>
</Icon>
</IconStyle>
<LabelStyle>
<scale>0.8</scale>
</LabelStyle>
<LineStyle>
<color>7a0000ff</color>
<width>1.0</width>
<gx:labelVisibility>1</gx:labelVisibility>
</LineStyle>
<PolyStyle>
<color>660000ff</color>
</PolyStyle>
</Style>
<ExtendedData>
<SchemaData schemaUrl="#kml_schema_ft_Agrupamentos_Indígenas">
<SimpleData name="CD_UF">11</SimpleData>
<SimpleData name="NM_UF">Rondônia</SimpleData>
<SimpleData name="SIGLA_UF">RO</SimpleData>
<SimpleData name="CD_MUN">1100015</SimpleData>
<SimpleData name="NM_MUN">Alta Floresta D'Oeste</SimpleData>
<SimpleData name="CD_RGINT">1102</SimpleData>
<SimpleData name="NM_RGINT">Ji-Paraná</SimpleData>
<SimpleData name="CD_RGI">110005</SimpleData>
<SimpleData name="NM_RGI">Cacoal</SimpleData>
<SimpleData name="CT_LOCALIDADE">Localidade Indígena</SimpleData>
<SimpleData name="SCT_LOCALIDADE">Agrupamento Indígena</SimpleData>
<SimpleData name="CD_LOCALIDADE">110001500024</SimpleData>
<SimpleData name="NM_LOCALIDADE">Aldeia Indígena Bom Jesus</SimpleData>
<SimpleData name="LAT_LOCALIDADE">-11.9978</SimpleData>
<SimpleData name="LONG_LOCALIDADE">-62.4463</SimpleData>
</SchemaData>
</ExtendedData>
<Point>
<extrude>0</extrude>
<coordinates>-62.446267875,-11.9978496871149,0.0</coordinates>
</Point>
</Placemark>
<Placemark id="09.01. Agrupamentos Indígenas">
<name>Aldeia Indígena Bananeira [110001500025]</name>
<visibility>1</visibility>
<snippet> </snippet>
<description>&lt;center&gt;&lt;table&gt;&lt;tr&gt;&lt;th colspan='2' align='center'&gt;&lt;em&gt;Attributes&lt;/em&gt;&lt;/th&gt;&lt;/tr&gt;&lt;tr bgcolor="#E3E3F3"&gt;
&lt;th&gt;CD_UF&lt;/th&gt;
&lt;td&gt;11&lt;/td&gt;
&lt;/tr&gt;&lt;tr bgcolor=""&gt;
&lt;th&gt;NM_UF&lt;/th&gt;
&lt;td&gt;Rondônia&lt;/td&gt;
&lt;/tr&gt;&lt;tr bgcolor="#E3E3F3"&gt;
&lt;th&gt;SIGLA_UF&lt;/th&gt;
&lt;td&gt;RO&lt;/td&gt;
&lt;/tr&gt;&lt;tr bgcolor=""&gt;
&lt;th&gt;CD_MUN&lt;/th&gt;
&lt;td&gt;1100015&lt;/td&gt;
&lt;/tr&gt;&lt;tr bgcolor="#E3E3F3"&gt;
&lt;th&gt;NM_MUN&lt;/th&gt;
&lt;td&gt;Alta Floresta D'Oeste&lt;/td&gt;
&lt;/tr&gt;&lt;tr bgcolor=""&gt;
&lt;th&gt;CD_RGINT&lt;/th&gt;
&lt;td&gt;1102&lt;/td&gt;
&lt;/tr&gt;&lt;tr bgcolor="#E3E3F3"&gt;
&lt;th&gt;NM_RGINT&lt;/th&gt;
&lt;td&gt;Ji-Paraná&lt;/td&gt;
&lt;/tr&gt;&lt;tr bgcolor=""&gt;
&lt;th&gt;CD_RGI&lt;/th&gt;
&lt;td&gt;110005&lt;/td&gt;
&lt;/tr&gt;&lt;tr bgcolor="#E3E3F3"&gt;
&lt;th&gt;NM_RGI&lt;/th&gt;
&lt;td&gt;Cacoal&lt;/td&gt;
&lt;/tr&gt;&lt;tr bgcolor=""&gt;
&lt;th&gt;CT_LOCALIDADE&lt;/th&gt;
&lt;td&gt;Localidade Indígena&lt;/td&gt;
&lt;/tr&gt;&lt;tr bgcolor="#E3E3F3"&gt;
&lt;th&gt;SCT_LOCALIDADE&lt;/th&gt;
&lt;td&gt;Agrupamento Indígena&lt;/td&gt;
&lt;/tr&gt;&lt;tr bgcolor=""&gt;
&lt;th&gt;CD_LOCALIDADE&lt;/th&gt;
&lt;td&gt;110001500025&lt;/td&gt;
&lt;/tr&gt;&lt;tr bgcolor="#E3E3F3"&gt;
&lt;th&gt;NM_LOCALIDADE&lt;/th&gt;
&lt;td&gt;Aldeia Indígena Bananeira&lt;/td&gt;
&lt;/tr&gt;&lt;tr bgcolor=""&gt;
&lt;th&gt;LAT_LOCALIDADE&lt;/th&gt;
&lt;td&gt;-12.1794&lt;/td&gt;
&lt;/tr&gt;&lt;tr bgcolor="#E3E3F3"&gt;
&lt;th&gt;LONG_LOCALIDADE&lt;/th&gt;
&lt;td&gt;-62.5881&lt;/td&gt;
&lt;/tr&gt;&lt;/table&gt;&lt;/center&gt;</description>
<Style>
<IconStyle>
<color>ffffaaaa</color>
<scale>0.8</scale>
<Icon>
<href>http://maps.google.com/mapfiles/kml/shapes/placemark_circle.png</href>
</Icon>
</IconStyle>
<LabelStyle>
<scale>0.8</scale>
</LabelStyle>
<LineStyle>
<color>7a0000ff</color>
<width>1.0</width>
<gx:labelVisibility>1</gx:labelVisibility>
</LineStyle>
<PolyStyle>
<color>660000ff</color>
</PolyStyle>
</Style>
<ExtendedData>
<SchemaData schemaUrl="#kml_schema_ft_Agrupamentos_Indígenas">
<SimpleData name="CD_UF">11</SimpleData>
<SimpleData name="NM_UF">Rondônia</SimpleData>
<SimpleData name="SIGLA_UF">RO</SimpleData>
<SimpleData name="CD_MUN">1100015</SimpleData>
<SimpleData name="NM_MUN">Alta Floresta D'Oeste</SimpleData>
<SimpleData name="CD_RGINT">1102</SimpleData>
<SimpleData name="NM_RGINT">Ji-Paraná</SimpleData>
<SimpleData name="CD_RGI">110005</SimpleData>
<SimpleData name="NM_RGI">Cacoal</SimpleData>
<SimpleData name="CT_LOCALIDADE">Localidade Indígena</SimpleData>
<SimpleData name="SCT_LOCALIDADE">Agrupamento Indígena</SimpleData>
<SimpleData name="CD_LOCALIDADE">110001500025</SimpleData>
<SimpleData name="NM_LOCALIDADE">Aldeia Indígena Bananeira</SimpleData>
<SimpleData name="LAT_LOCALIDADE">-12.1794</SimpleData>
<SimpleData name="LONG_LOCALIDADE">-62.5881</SimpleData>
</SchemaData>
</ExtendedData>
<Point>
<extrude>0</extrude>
<coordinates>-62.588131,-12.1793824996095,0.0</coordinates>
</Point>
</Placemark>
</Folder>
<Folder id="09.02. Outras Localidades Indígenas">
<name>09.02. Outras Localidades Indígenas</name>
<visibility>1</visibility>
<Style>
<IconStyle>
<color>ffff1d8e</color>
<scale>0.8</scale>
<Icon>
<href>http://maps.google.com/mapfiles/kml/shapes/placemark_circle.png</href>
</Icon>
</IconStyle>
<LabelStyle>
<scale>0.8</scale>
</LabelStyle>
<LineStyle>
<width>1.0</width>
<gx:labelVisibility>1</gx:labelVisibility>
</LineStyle>
</Style>
<Placemark id="09.02. Outras Localidades Indígenas">
<name>Aldeia Indígena Marcos [110001500026]</name>
<visibility>1</visibility>
<snippet> </snippet>
<description>&lt;center&gt;&lt;table&gt;&lt;tr&gt;&lt;th colspan='2' align='center'&gt;&lt;em&gt;Attributes&lt;/em&gt;&lt;/th&gt;&lt;/tr&gt;&lt;tr bgcolor="#E3E3F3"&gt;
&lt;th&gt;CD_UF&lt;/th&gt;
&lt;td&gt;11&lt;/td&gt;
&lt;/tr&gt;&lt;tr bgcolor=""&gt;
&lt;th&gt;NM_UF&lt;/th&gt;
&lt;td&gt;Rondônia&lt;/td&gt;
&lt;/tr&gt;&lt;tr bgcolor="#E3E3F3"&gt;
&lt;th&gt;SIGLA_UF&lt;/th&gt;
&lt;td&gt;RO&lt;/td&gt;
&lt;/tr&gt;&lt;tr bgcolor=""&gt;
&lt;th&gt;CD_MUN&lt;/th&gt;
&lt;td&gt;1100015&lt;/td&gt;
&lt;/tr&gt;&lt;tr bgcolor="#E3E3F3"&gt;
&lt;th&gt;NM_MUN&lt;/th&gt;
&lt;td&gt;Alta Floresta D'Oeste&lt;/td&gt;
&lt;/tr&gt;&lt;tr bgcolor=""&gt;
&lt;th&gt;CD_RGINT&lt;/th&gt;
&lt;td&gt;1102&lt;/td&gt;
&lt;/tr&gt;&lt;tr bgcolor="#E3E3F3"&gt;
&lt;th&gt;NM_RGINT&lt;/th&gt;
&lt;td&gt;Ji-Paraná&lt;/td&gt;
&lt;/tr&gt;&lt;tr bgcolor=""&gt;
&lt;th&gt;CD_RGI&lt;/th&gt;
&lt;td&gt;110005&lt;/td&gt;
&lt;/tr&gt;&lt;tr bgcolor="#E3E3F3"&gt;
&lt;th&gt;NM_RGI&lt;/th&gt;
&lt;td&gt;Cacoal&lt;/td&gt;
&lt;/tr&gt;&lt;tr bgcolor=""&gt;
&lt;th&gt;CT_LOCALIDADE&lt;/th&gt;
&lt;td&gt;Localidade Indígena&lt;/td&gt;
&lt;/tr&gt;&lt;tr bgcolor="#E3E3F3"&gt;
&lt;th&gt;SCT_LOCALIDADE&lt;/th&gt;
&lt;td&gt;Outras Localidades Indígenas&lt;/td&gt;
&lt;/tr&gt;&lt;tr bgcolor=""&gt;
&lt;th&gt;CD_LOCALIDADE&lt;/th&gt;
&lt;td&gt;110001500026&lt;/td&gt;
&lt;/tr&gt;&lt;tr bgcolor="#E3E3F3"&gt;
&lt;th&gt;NM_LOCALIDADE&lt;/th&gt;
&lt;td&gt;Aldeia Indígena Marcos&lt;/td&gt;
&lt;/tr&gt;&lt;/table&gt;&lt;/center&gt;</description>
<Style>
<IconStyle>
<color>ffff1d8e</color>
<scale>0.8</scale>
<Icon>
<href>http://maps.google.com/mapfiles/kml/shapes/placemark_circle.png</href>
</Icon>
</IconStyle>
<LabelStyle>
<scale>0.8</scale>
</LabelStyle>
<LineStyle>
<width>1.0</width>
<gx:labelVisibility>1</gx:labelVisibility>
</LineStyle>
</Style>
<ExtendedData>
<SchemaData schemaUrl="#kml_schema_ft_Localidades">
<SimpleData name="CD_UF">11</SimpleData>
<SimpleData name="NM_UF">Rondônia</SimpleData>
<SimpleData name="SIGLA_UF">RO</SimpleData>
<SimpleData name="CD_MUN">1100015</SimpleData>
<SimpleData name="NM_MUN">Alta Floresta D'Oeste</SimpleData>
<SimpleData name="CD_RGINT">1102</SimpleData>
<SimpleData name="NM_RGINT">Ji-Paraná</SimpleData>
<SimpleData name="CD_RGI">110005</SimpleData>
<SimpleData name="NM_RGI">Cacoal</SimpleData>
<SimpleData name="CT_LOCALIDADE">Localidade Indígena</SimpleData>
<SimpleData name="SCT_LOCALIDADE">Outras Localidades Indígenas</SimpleData>
<SimpleData name="CD_LOCALIDADE">110001500026</SimpleData>
<SimpleData name="NM_LOCALIDADE">Aldeia Indígena Marcos</SimpleData>
</SchemaData>
</ExtendedData>
<Point>
<extrude>0</extrude>
<coordinates>-62.5295266666666,-12.0340566659122,0.0</coordinates>
</Point>
</Placemark>
<Placemark id="09.02. Outras Localidades Indígenas">
<name>Aldeia Indígena Moam [110001500027]</name>
<visibility>1</visibility>
<snippet> </snippet>
<description>&lt;center&gt;&lt;table&gt;&lt;tr&gt;&lt;th colspan='2' align='center'&gt;&lt;em&gt;Attributes&lt;/em&gt;&lt;/th&gt;&lt;/tr&gt;&lt;tr bgcolor="#E3E3F3"&gt;
&lt;th&gt;CD_UF&lt;/th&gt;
&lt;td&gt;11&lt;/td&gt;
&lt;/tr&gt;&lt;tr bgcolor=""&gt;
&lt;th&gt;NM_UF&lt;/th&gt;
&lt;td&gt;Rondônia&lt;/td&gt;
&lt;/tr&gt;&lt;tr bgcolor="#E3E3F3"&gt;
&lt;th&gt;SIGLA_UF&lt;/th&gt;
&lt;td&gt;RO&lt;/td&gt;
&lt;/tr&gt;&lt;tr bgcolor=""&gt;
&lt;th&gt;CD_MUN&lt;/th&gt;
&lt;td&gt;1100015&lt;/td&gt;
&lt;/tr&gt;&lt;tr bgcolor="#E3E3F3"&gt;
&lt;th&gt;NM_MUN&lt;/th&gt;
&lt;td&gt;Alta Floresta D'Oeste&lt;/td&gt;
&lt;/tr&gt;&lt;tr bgcolor=""&gt;
&lt;th&gt;CD_RGINT&lt;/th&gt;
&lt;td&gt;1102&lt;/td&gt;
&lt;/tr&gt;&lt;tr bgcolor="#E3E3F3"&gt;
&lt;th&gt;NM_RGINT&lt;/th&gt;
&lt;td&gt;Ji-Paraná&lt;/td&gt;
&lt;/tr&gt;&lt;tr bgcolor=""&gt;
&lt;th&gt;CD_RGI&lt;/th&gt;
&lt;td&gt;110005&lt;/td&gt;
&lt;/tr&gt;&lt;tr bgcolor="#E3E3F3"&gt;
&lt;th&gt;NM_RGI&lt;/th&gt;
&lt;td&gt;Cacoal&lt;/td&gt;
&lt;/tr&gt;&lt;tr bgcolor=""&gt;
&lt;th&gt;CT_LOCALIDADE&lt;/th&gt;
&lt;td&gt;Localidade Indígena&lt;/td&gt;
&lt;/tr&gt;&lt;tr bgcolor="#E3E3F3"&gt;
&lt;th&gt;SCT_LOCALIDADE&lt;/th&gt;
&lt;td&gt;Outras Localidades Indígenas&lt;/td&gt;
&lt;/tr&gt;&lt;tr bgcolor=""&gt;
&lt;th&gt;CD_LOCALIDADE&lt;/th&gt;
&lt;td&gt;110001500027&lt;/td&gt;
&lt;/tr&gt;&lt;tr bgcolor="#E3E3F3"&gt;
&lt;th&gt;NM_LOCALIDADE&lt;/th&gt;
&lt;td&gt;Aldeia Indígena Moam&lt;/td&gt;
&lt;/tr&gt;&lt;/table&gt;&lt;/center&gt;</description>
<Style>
<IconStyle>
<color>ffff1d8e</color>
<scale>0.8</scale>
<Icon>
<href>http://maps.google.com/mapfiles/kml/shapes/placemark_circle.png</href>
</Icon>
</IconStyle>
<LabelStyle>
<scale>0.8</scale>
</LabelStyle>
<LineStyle>
<width>1.0</width>
<gx:labelVisibility>1</gx:labelVisibility>
</LineStyle>
</Style>
<ExtendedData>
<SchemaData schemaUrl="#kml_schema_ft_Localidades">
<SimpleData name="CD_UF">11</SimpleData>
<SimpleData name="NM_UF">Rondônia</SimpleData>
<SimpleData name="SIGLA_UF">RO</SimpleData>
<SimpleData name="CD_MUN">1100015</SimpleData>
<SimpleData name="NM_MUN">Alta Floresta D'Oeste</SimpleData>
<SimpleData name="CD_RGINT">1102</SimpleData>
<SimpleData name="NM_RGINT">Ji-Paraná</SimpleData>
<SimpleData name="CD_RGI">110005</SimpleData>
<SimpleData name="NM_RGI">Cacoal</SimpleData>
<SimpleData name="CT_LOCALIDADE">Localidade Indígena</SimpleData>
<SimpleData name="SCT_LOCALIDADE">Outras Localidades Indígenas</SimpleData>
<SimpleData name="CD_LOCALIDADE">110001500027</SimpleData>
<SimpleData name="NM_LOCALIDADE">Aldeia Indígena Moam</SimpleData>
</SchemaData>
</ExtendedData>
<Point>
<extrude>0</extrude>
<coordinates>-62.5863228644376,-12.1176380665791,0.0</coordinates>
</Point>
</Placemark>
<Placemark id="09.02. Outras Localidades Indígenas">
<name>Aldeia Indígena Jatobá [110001500028]</name>
<visibility>1</visibility>
<snippet> </snippet>
<description>&lt;center&gt;&lt;table&gt;&lt;tr&gt;&lt;th colspan='2' align='center'&gt;&lt;em&gt;Attributes&lt;/em&gt;&lt;/th&gt;&lt;/tr&gt;&lt;tr bgcolor="#E3E3F3"&gt;
&lt;th&gt;CD_UF&lt;/th&gt;
&lt;td&gt;11&lt;/td&gt;
&lt;/tr&gt;&lt;tr bgcolor=""&gt;
&lt;th&gt;NM_UF&lt;/th&gt;
&lt;td&gt;Rondônia&lt;/td&gt;
&lt;/tr&gt;&lt;tr bgcolor="#E3E3F3"&gt;
&lt;th&gt;SIGLA_UF&lt;/th&gt;
&lt;td&gt;RO&lt;/td&gt;
&lt;/tr&gt;&lt;tr bgcolor=""&gt;
&lt;th&gt;CD_MUN&lt;/th&gt;
&lt;td&gt;1100015&lt;/td&gt;
&lt;/tr&gt;&lt;tr bgcolor="#E3E3F3"&gt;
&lt;th&gt;NM_MUN&lt;/th&gt;
&lt;td&gt;Alta Floresta D'Oeste&lt;/td&gt;
&lt;/tr&gt;&lt;tr bgcolor=""&gt;
&lt;th&gt;CD_RGINT&lt;/th&gt;
&lt;td&gt;1102&lt;/td&gt;
&lt;/tr&gt;&lt;tr bgcolor="#E3E3F3"&gt;
&lt;th&gt;NM_RGINT&lt;/th&gt;
&lt;td&gt;Ji-Paraná&lt;/td&gt;
&lt;/tr&gt;&lt;tr bgcolor=""&gt;
&lt;th&gt;CD_RGI&lt;/th&gt;
&lt;td&gt;110005&lt;/td&gt;
&lt;/tr&gt;&lt;tr bgcolor="#E3E3F3"&gt;
&lt;th&gt;NM_RGI&lt;/th&gt;
&lt;td&gt;Cacoal&lt;/td&gt;
&lt;/tr&gt;&lt;tr bgcolor=""&gt;
&lt;th&gt;CT_LOCALIDADE&lt;/th&gt;
&lt;td&gt;Localidade Indígena&lt;/td&gt;
&lt;/tr&gt;&lt;tr bgcolor="#E3E3F3"&gt;
&lt;th&gt;SCT_LOCALIDADE&lt;/th&gt;
&lt;td&gt;Outras Localidades Indígenas&lt;/td&gt;
&lt;/tr&gt;&lt;tr bgcolor=""&gt;
&lt;th&gt;CD_LOCALIDADE&lt;/th&gt;
&lt;td&gt;110001500028&lt;/td&gt;
&lt;/tr&gt;&lt;tr bgcolor="#E3E3F3"&gt;
&lt;th&gt;NM_LOCALIDADE&lt;/th&gt;
&lt;td&gt;Aldeia Indígena Jatobá&lt;/td&gt;
&lt;/tr&gt;&lt;/table&gt;&lt;/center&gt;</description>
<Style>
<IconStyle>
<color>ffff1d8e</color>
<scale>0.8</scale>
<Icon>
<href>http://maps.google.com/mapfiles/kml/shapes/placemark_circle.png</href>
</Icon>
</IconStyle>
<LabelStyle>
<scale>0.8</scale>
</LabelStyle>
<LineStyle>
<width>1.0</width>
<gx:labelVisibility>1</gx:labelVisibility>
</LineStyle>
</Style>
<ExtendedData>
<SchemaData schemaUrl="#kml_schema_ft_Localidades">
<SimpleData name="CD_UF">11</SimpleData>
<SimpleData name="NM_UF">Rondônia</SimpleData>
<SimpleData name="SIGLA_UF">RO</SimpleData>
<SimpleData name="CD_MUN">1100015</SimpleData>
<SimpleData name="NM_MUN">Alta Floresta D'Oeste</SimpleData>
<SimpleData name="CD_RGINT">1102</SimpleData>
<SimpleData name="NM_RGINT">Ji-Paraná</SimpleData>
<SimpleData name="CD_RGI">110005</SimpleData>
<SimpleData name="NM_RGI">Cacoal</SimpleData>
<SimpleData name="CT_LOCALIDADE">Localidade Indígena</SimpleData>
<SimpleData name="SCT_LOCALIDADE">Outras Localidades Indígenas</SimpleData>
<SimpleData name="CD_LOCALIDADE">110001500028</SimpleData>
<SimpleData name="NM_LOCALIDADE">Aldeia Indígena Jatobá</SimpleData>
</SchemaData>
</ExtendedData>
<Point>
<extrude>0</extrude>
<coordinates>-62.5824726388888,-12.2138155273862,0.0</coordinates>
</Point>
</Placemark>
<Placemark id="09.02. Outras Localidades Indígenas">
<name>Aldeia Indígena Monte Cristo [110001500029]</name>
<visibility>1</visibility>
<snippet> </snippet>
<description>&lt;center&gt;&lt;table&gt;&lt;tr&gt;&lt;th colspan='2' align='center'&gt;&lt;em&gt;Attributes&lt;/em&gt;&lt;/th&gt;&lt;/tr&gt;&lt;tr bgcolor="#E3E3F3"&gt;
&lt;th&gt;CD_UF&lt;/th&gt;
&lt;td&gt;11&lt;/td&gt;
&lt;/tr&gt;&lt;tr bgcolor=""&gt;
&lt;th&gt;NM_UF&lt;/th&gt;
&lt;td&gt;Rondônia&lt;/td&gt;
&lt;/tr&gt;&lt;tr bgcolor="#E3E3F3"&gt;
&lt;th&gt;SIGLA_UF&lt;/th&gt;
&lt;td&gt;RO&lt;/td&gt;
&lt;/tr&gt;&lt;tr bgcolor=""&gt;
&lt;th&gt;CD_MUN&lt;/th&gt;
&lt;td&gt;1100015&lt;/td&gt;
&lt;/tr&gt;&lt;tr bgcolor="#E3E3F3"&gt;
&lt;th&gt;NM_MUN&lt;/th&gt;
&lt;td&gt;Alta Floresta D'Oeste&lt;/td&gt;
&lt;/tr&gt;&lt;tr bgcolor=""&gt;
&lt;th&gt;CD_RGINT&lt;/th&gt;
&lt;td&gt;1102&lt;/td&gt;
&lt;/tr&gt;&lt;tr bgcolor="#E3E3F3"&gt;
&lt;th&gt;NM_RGINT&lt;/th&gt;
&lt;td&gt;Ji-Paraná&lt;/td&gt;
&lt;/tr&gt;&lt;tr bgcolor=""&gt;
&lt;th&gt;CD_RGI&lt;/th&gt;
&lt;td&gt;110005&lt;/td&gt;
&lt;/tr&gt;&lt;tr bgcolor="#E3E3F3"&gt;
&lt;th&gt;NM_RGI&lt;/th&gt;
&lt;td&gt;Cacoal&lt;/td&gt;
&lt;/tr&gt;&lt;tr bgcolor=""&gt;
&lt;th&gt;CT_LOCALIDADE&lt;/th&gt;
&lt;td&gt;Localidade Indígena&lt;/td&gt;
&lt;/tr&gt;&lt;tr bgcolor="#E3E3F3"&gt;
&lt;th&gt;SCT_LOCALIDADE&lt;/th&gt;
&lt;td&gt;Outras Localidades Indígenas&lt;/td&gt;
&lt;/tr&gt;&lt;tr bgcolor=""&gt;
&lt;th&gt;CD_LOCALIDADE&lt;/th&gt;
&lt;td&gt;110001500029&lt;/td&gt;
&lt;/tr&gt;&lt;tr bgcolor="#E3E3F3"&gt;
&lt;th&gt;NM_LOCALIDADE&lt;/th&gt;
&lt;td&gt;Aldeia Indígena Monte Cristo&lt;/td&gt;
&lt;/tr&gt;&lt;/table&gt;&lt;/center&gt;</description>
<Style>
<IconStyle>
<color>ffff1d8e</color>
<scale>0.8</scale>
<Icon>
<href>http://maps.google.com/mapfiles/kml/shapes/placemark_circle.png</href>
</Icon>
</IconStyle>
<LabelStyle>
<scale>0.8</scale>
</LabelStyle>
<LineStyle>
<width>1.0</width>
<gx:labelVisibility>1</gx:labelVisibility>
</LineStyle>
</Style>
<ExtendedData>
<SchemaData schemaUrl="#kml_schema_ft_Localidades">
<SimpleData name="CD_UF">11</SimpleData>
<SimpleData name="NM_UF">Rondônia</SimpleData>
<SimpleData name="SIGLA_UF">RO</SimpleData>
<SimpleData name="CD_MUN">1100015</SimpleData>
<SimpleData name="NM_MUN">Alta Floresta D'Oeste</SimpleData>
<SimpleData name="CD_RGINT">1102</SimpleData>
<SimpleData name="NM_RGINT">Ji-Paraná</SimpleData>
<SimpleData name="CD_RGI">110005</SimpleData>
<SimpleData name="NM_RGI">Cacoal</SimpleData>
<SimpleData name="CT_LOCALIDADE">Localidade Indígena</SimpleData>
<SimpleData name="SCT_LOCALIDADE">Outras Localidades Indígenas</SimpleData>
<SimpleData name="CD_LOCALIDADE">110001500029</SimpleData>
<SimpleData name="NM_LOCALIDADE">Aldeia Indígena Monte Cristo</SimpleData>
</SchemaData>
</ExtendedData>
<Point>
<extrude>0</extrude>
<coordinates>-62.5842536438023,-12.1231432267464,0.0</coordinates>
</Point>
</Placemark>
</Folder>
</Folder>
<Folder id="10. Localidades Quilombolas">
<name>10. Localidades Quilombolas</name>
<visibility>1</visibility>
<Style>
<IconStyle>
<color>ffff54ff</color>
<scale>0.8</scale>
<Icon>
<href>http://maps.google.com/mapfiles/kml/shapes/placemark_circle.png</href>
</Icon>
</IconStyle>
<LabelStyle>
<scale>0.8</scale>
</LabelStyle>
<LineStyle>
<color>7200ffff</color>
<width>1.0</width>
<gx:labelVisibility>1</gx:labelVisibility>
</LineStyle>
<PolyStyle>
<color>6600ffff</color>
</PolyStyle>
</Style>
<Folder id="10.01. Agrupamentos Quilombolas">
<name>10.01. Agrupamentos Quilombolas</name>
<visibility>1</visibility>
<Style>
<IconStyle>
<color>ffff54ff</color>
<scale>0.8</scale>
<Icon>
<href>http://maps.google.com/mapfiles/kml/shapes/placemark_circle.png</href>
</Icon>
</IconStyle>
<LabelStyle>
<scale>0.8</scale>
</LabelStyle>
<LineStyle>
<color>7200ffff</color>
<width>1.0</width>
<gx:labelVisibility>1</gx:labelVisibility>
</LineStyle>
<PolyStyle>
<color>6600ffff</color>
</PolyStyle>
</Style>
<Placemark id="10.01. Agrupamentos Quilombolas">
<name>Comunidade Quilombola Rolim de Moura do Guaporé [110001500003]</name>
<visibility>1</visibility>
<snippet> </snippet>
<description>&lt;center&gt;&lt;table&gt;&lt;tr&gt;&lt;th colspan='2' align='center'&gt;&lt;em&gt;Attributes&lt;/em&gt;&lt;/th&gt;&lt;/tr&gt;&lt;tr bgcolor="#E3E3F3"&gt;
&lt;th&gt;CD_UF&lt;/th&gt;
&lt;td&gt;11&lt;/td&gt;
&lt;/tr&gt;&lt;tr bgcolor=""&gt;
&lt;th&gt;NM_UF&lt;/th&gt;
&lt;td&gt;Rondônia&lt;/td&gt;
&lt;/tr&gt;&lt;tr bgcolor="#E3E3F3"&gt;
&lt;th&gt;SIGLA_UF&lt;/th&gt;
&lt;td&gt;RO&lt;/td&gt;
&lt;/tr&gt;&lt;tr bgcolor=""&gt;
&lt;th&gt;CD_MUN&lt;/th&gt;
&lt;td&gt;1100015&lt;/td&gt;
&lt;/tr&gt;&lt;tr bgcolor="#E3E3F3"&gt;
&lt;th&gt;NM_MUN&lt;/th&gt;
&lt;td&gt;Alta Floresta D'Oeste&lt;/td&gt;
&lt;/tr&gt;&lt;tr bgcolor=""&gt;
&lt;th&gt;CD_RGINT&lt;/th&gt;
&lt;td&gt;1102&lt;/td&gt;
&lt;/tr&gt;&lt;tr bgcolor="#E3E3F3"&gt;
&lt;th&gt;NM_RGINT&lt;/th&gt;
&lt;td&gt;Ji-Paraná&lt;/td&gt;
&lt;/tr&gt;&lt;tr bgcolor=""&gt;
&lt;th&gt;CD_RGI&lt;/th&gt;
&lt;td&gt;110005&lt;/td&gt;
&lt;/tr&gt;&lt;tr bgcolor="#E3E3F3"&gt;
&lt;th&gt;NM_RGI&lt;/th&gt;
&lt;td&gt;Cacoal&lt;/td&gt;
&lt;/tr&gt;&lt;tr bgcolor=""&gt;
&lt;th&gt;CT_LOCALIDADE&lt;/th&gt;
&lt;td&gt;Localidade Quilombola&lt;/td&gt;
&lt;/tr&gt;&lt;tr bgcolor="#E3E3F3"&gt;
&lt;th&gt;SCT_LOCALIDADE&lt;/th&gt;
&lt;td&gt;Agrupamento Quilombola&lt;/td&gt;
&lt;/tr&gt;&lt;tr bgcolor=""&gt;
&lt;th&gt;CD_LOCALIDADE&lt;/th&gt;
&lt;td&gt;110001500003&lt;/td&gt;
&lt;/tr&gt;&lt;tr bgcolor="#E3E3F3"&gt;
&lt;th&gt;NM_LOCALIDADE&lt;/th&gt;
&lt;td&gt;Comunidade Quilombola Rolim de Moura do Guaporé&lt;/td&gt;
&lt;/tr&gt;&lt;tr bgcolor=""&gt;
&lt;th&gt;LAT_LOCALIDADE&lt;/th&gt;
&lt;td&gt;-13.082&lt;/td&gt;
&lt;/tr&gt;&lt;tr bgcolor="#E3E3F3"&gt;
&lt;th&gt;LONG_LOCALIDADE&lt;/th&gt;
&lt;td&gt;-62.2772&lt;/td&gt;
&lt;/tr&gt;&lt;/table&gt;&lt;/center&gt;</description>
<Style>
<IconStyle>
<color>ffff54ff</color>
<scale>0.8</scale>
<Icon>
<href>http://maps.google.com/mapfiles/kml/shapes/placemark_circle.png</href>
</Icon>
</IconStyle>
<LabelStyle>
<scale>0.8</scale>
</LabelStyle>
<LineStyle>
<color>7200ffff</color>
<width>1.0</width>
<gx:labelVisibility>1</gx:labelVisibility>
</LineStyle>
<PolyStyle>
<color>6600ffff</color>
</PolyStyle>
</Style>
<ExtendedData>
<SchemaData schemaUrl="#kml_schema_ft_Agrupamentos_Quilombolas">
<SimpleData name="CD_UF">11</SimpleData>
<SimpleData name="NM_UF">Rondônia</SimpleData>
<SimpleData name="SIGLA_UF">RO</SimpleData>
<SimpleData name="CD_MUN">1100015</SimpleData>
<SimpleData name="NM_MUN">Alta Floresta D'Oeste</SimpleData>
<SimpleData name="CD_RGINT">1102</SimpleData>
<SimpleData name="NM_RGINT">Ji-Paraná</SimpleData>
<SimpleData name="CD_RGI">110005</SimpleData>
<SimpleData name="NM_RGI">Cacoal</SimpleData>
<SimpleData name="CT_LOCALIDADE">Localidade Quilombola</SimpleData>
<SimpleData name="SCT_LOCALIDADE">Agrupamento Quilombola</SimpleData>
<SimpleData name="CD_LOCALIDADE">110001500003</SimpleData>
<SimpleData name="NM_LOCALIDADE">Comunidade Quilombola Rolim de Moura do Guaporé</SimpleData>
<SimpleData name="LAT_LOCALIDADE">-13.082</SimpleData>
<SimpleData name="LONG_LOCALIDADE">-62.2772</SimpleData>
</SchemaData>
</ExtendedData>
<Point>
<extrude>0</extrude>
<coordinates>-62.2772209367088,-13.0820321810172,0.0</coordinates>
</Point>
</Placemark>
</Folder>
</Folder>
<Folder id="13. Referência">
<name>13. Referência</name>
<Placemark id="13. Referência">
<name>Alta Floresta D'Oeste [1100015]</name>
<visibility>1</visibility>
<snippet> </snippet>
<description>&lt;center&gt;&lt;table&gt;&lt;tr&gt;&lt;th colspan='2' align='center'&gt;&lt;em&gt;Attributes&lt;/em&gt;&lt;/th&gt;&lt;/tr&gt;&lt;tr bgcolor="#E3E3F3"&gt;
&lt;th&gt;CD_UF&lt;/th&gt;
&lt;td&gt;11&lt;/td&gt;
&lt;/tr&gt;&lt;tr bgcolor=""&gt;
&lt;th&gt;NM_UF&lt;/th&gt;
&lt;td&gt;Rondônia&lt;/td&gt;
&lt;/tr&gt;&lt;tr bgcolor="#E3E3F3"&gt;
&lt;th&gt;CD_MUN&lt;/th&gt;
&lt;td&gt;1100015&lt;/td&gt;
&lt;/tr&gt;&lt;tr bgcolor=""&gt;
&lt;th&gt;NM_MUN&lt;/th&gt;
&lt;td&gt;Alta Floresta D'Oeste&lt;/td&gt;
&lt;/tr&gt;&lt;tr bgcolor="#E3E3F3"&gt;
&lt;th&gt;CD_RGINT&lt;/th&gt;
&lt;td&gt;1102&lt;/td&gt;
&lt;/tr&gt;&lt;tr bgcolor=""&gt;
&lt;th&gt;NM_RGINT&lt;/th&gt;
&lt;td&gt;Ji-Paraná&lt;/td&gt;
&lt;/tr&gt;&lt;tr bgcolor="#E3E3F3"&gt;
&lt;th&gt;CD_RGI&lt;/th&gt;
&lt;td&gt;110005&lt;/td&gt;
&lt;/tr&gt;&lt;tr bgcolor=""&gt;
&lt;th&gt;NM_RGI&lt;/th&gt;
&lt;td&gt;Cacoal&lt;/td&gt;
&lt;/tr&gt;&lt;/table&gt;&lt;/center&gt;</description>
<Style>
<IconStyle>
<scale>0.7</scale>
</IconStyle>
<LabelStyle>
<scale>0.7</scale>
</LabelStyle>
<LineStyle>
<color>ffffffff</color>
<width>3</width>
<gx:labelVisibility>1</gx:labelVisibility>
</LineStyle>
<PolyStyle>
<color>00ffffff</color>
</PolyStyle>
</Style>
<ExtendedData>
<SchemaData schemaUrl="#kml_schema_ft_Município">
<SimpleData name="CD_UF">11</SimpleData>
<SimpleData name="NM_UF">Rondônia</SimpleData>
<SimpleData name="CD_MUN">1100015</SimpleData>
<SimpleData name="NM_MUN">Alta Floresta D'Oeste</SimpleData>
<SimpleData name="CD_RGINT">1102</SimpleData>
<SimpleData name="NM_RGINT">Ji-Paraná</SimpleData>
<SimpleData name="CD_RGI">110005</SimpleData>
<SimpleData name="NM_RGI">Cacoal</SimpleData>
</SchemaData>
</ExtendedData>
<MultiGeometry>
<Polygon>
<extrude>0</extrude>
<tessellate>1</tessellate>
<outerBoundaryIs>
<LinearRing>
<coordinates>-61.9307472,-11.9734946996157,0.0 -61.9323362,-11.9746177996157,0.0 -61.9325492,-11.9751458996156,0.0 -61.9329377,-11.9751465996156,0.0 -61.9331973,-11.9756644996156,0.0 -61.933455,-11.9771536996156,0.0 -61.9351877,-11.9826651996154,0.0 -61.9343231,-11.9837199996154,0.0 -61.9319026,-11.9845289996154,0.0 -61.9311896,-11.9843365996154,0.0 -61.9308039,-11.9844647996154,0.0 -61.9300009,-11.9841171996154,0.0 -61.9298616,-11.9856587996153,0.0 -61.9295915,-12.0872559996123,0.0 -61.9295898,-12.0878806996122,0.0 -61.9682668,-12.0873474996123,0.0 -61.9681948,-12.0893421996122,0.0 -61.9686949,-12.0893494996122,0.0 -61.9683559,-12.1033199996118,0.0 -61.9683612,-12.1323364996109,0.0 -61.9683616,-12.1340702996109,0.0 -61.9684774,-12.1340696996109,0.0 -61.9868405,-12.1339378996109,0.0 -61.9929974,-12.1338937996109,0.0 -62.0080638,-12.1337850996109,0.0 -62.0078428,-12.2691310996068,0.0 -62.0005912,-12.2692870996068,0.0 -62.0005924,-12.2700243996068,0.0 -62.00059,-12.2711560996067,0.0 -62.0005174,-12.4563692996012,0.0 -62.0005129,-12.5000599995999,0.0 -62.0005222,-12.6104740995966,0.0 -62.0006005,-12.7921292995912,0.0 -62.0062052,-12.798295299591,0.0 -62.0081337,-12.8006957995909,0.0 -62.0109622,-12.8047418995908,0.0 -62.0168923,-12.8147672995905,0.0 -62.0181339,-12.8174955995904,0.0 -62.0192621,-12.8208572995903,0.0 -62.0202086,-12.8256309995902,0.0 -62.0216464,-12.83153039959,0.0 -62.0227647,-12.8381866995898,0.0 -62.02276,-12.8403478995897,0.0 -62.023753,-12.8440548995896,0.0 -62.0246764,-12.8460723995896,0.0 -62.0251791,-12.8482772995895,0.0 -62.0252882,-12.8503059995894,0.0 -62.0251265,-12.8524271995894,0.0 -62.025376,-12.8567721995892,0.0 -62.0252578,-12.8593309995892,0.0 -62.0248407,-12.8619678995891,0.0 -62.0250685,-12.8629814995891,0.0 -62.025068,-12.864147999589,0.0 -62.0240927,-12.8667928995889,0.0 -62.0236769,-12.8702190995888,0.0 -62.0237879,-12.8722190995888,0.0 -62.0243205,-12.8743441995887,0.0 -62.0258983,-12.8783352995886,0.0 -62.0269056,-12.8818400995885,0.0 -62.0272594,-12.8839921995884,0.0 -62.0272341,-12.8851281995884,0.0 -62.0277354,-12.8892351995883,0.0 -62.0281547,-12.8903235995882,0.0 -62.0306203,-12.8948528995881,0.0 -62.0310945,-12.8957244995881,0.0 -62.0317533,-12.897812699588,0.0 -62.0329048,-12.899766599588,0.0 -62.0370779,-12.9050939995878,0.0 -62.0387086,-12.9068675995877,0.0 -62.0396211,-12.9074641995877,0.0 -62.0405718,-12.9077586995877,0.0 -62.0417594,-12.9075916995877,0.0 -62.0456262,-12.9078912995877,0.0 -62.0486558,-12.9077809995877,0.0 -62.0547316,-12.9081671995877,0.0 -62.0579777,-12.9074265995877,0.0 -62.0607025,-12.9073863995877,0.0 -62.063152,-12.9079027995877,0.0 -62.0651638,-12.9079667995877,0.0 -62.0696036,-12.9070757995877,0.0 -62.0713318,-12.9071214995877,0.0 -62.0768566,-12.9085165995877,0.0 -62.0780425,-12.9090679995877,0.0 -62.0806469,-12.9106643995876,0.0 -62.0828723,-12.9114579995876,0.0 -62.0852124,-12.9120652995876,0.0 -62.0873433,-12.9132989995876,0.0 -62.0902623,-12.9138185995875,0.0 -62.0922634,-12.9145159995875,0.0 -62.0927923,-12.9153623995875,0.0 -62.092462,-12.9165191995875,0.0 -62.091484,-12.9184608995874,0.0 -62.0915913,-12.9204077995873,0.0 -62.0913977,-12.9214887995873,0.0 -62.0914314,-12.9225268995873,0.0 -62.0917318,-12.9235746995873,0.0 -62.0922922,-12.9246235995872,0.0 -62.0936515,-12.9264818995872,0.0 -62.0945722,-12.9269534995872,0.0 -62.095183,-12.9262287995872,0.0 -62.0961547,-12.9260277995872,0.0 -62.0972319,-12.9265483995872,0.0 -62.0985981,-12.9280489995871,0.0 -62.1001615,-12.931192699587,0.0 -62.1004548,-12.932103599587,0.0 -62.1004265,-12.9341289995869,0.0 -62.1008434,-12.9350128995869,0.0 -62.1016244,-12.9360369995869,0.0 -62.1016814,-12.9369399995869,0.0 -62.1013997,-12.9379169995868,0.0 -62.1030525,-12.9428709995867,0.0 -62.103212,-12.9448556995866,0.0 -62.1037629,-12.9470790995866,0.0 -62.1041221,-12.9479450995865,0.0 -62.1096258,-12.9541176995863,0.0 -62.1107888,-12.9541821995863,0.0 -62.1126281,-12.9531839995864,0.0 -62.1135702,-12.9534871995864,0.0 -62.1165435,-12.9594974995862,0.0 -62.1191803,-12.9611261995861,0.0 -62.1211144,-12.9611102995861,0.0 -62.1224051,-12.9628834995861,0.0 -62.1230634,-12.964714699586,0.0 -62.1235666,-12.965467699586,0.0 -62.1244322,-12.965941699586,0.0 -62.1254061,-12.965832699586,0.0 -62.1263963,-12.9639352995861,0.0 -62.1270669,-12.9632920995861,0.0 -62.1280456,-12.9627941995861,0.0 -62.1291529,-12.9625359995861,0.0 -62.1304823,-12.9626122995861,0.0 -62.1313195,-12.9630888995861,0.0 -62.1324331,-12.964998199586,0.0 -62.1340651,-12.966147099586,0.0 -62.1350665,-12.966260299586,0.0 -62.1370661,-12.965991499586,0.0 -62.1379557,-12.966376899586,0.0 -62.1402079,-12.9693462995859,0.0 -62.1418491,-12.9706632995859,0.0 -62.1427953,-12.9705264995859,0.0 -62.1432058,-12.9695731995859,0.0 -62.1442392,-12.9693073995859,0.0 -62.1450978,-12.9698737995859,0.0 -62.1463474,-12.9717079995858,0.0 -62.146873,-12.9737311995858,0.0 -62.1475393,-12.9743661995857,0.0 -62.1494927,-12.9739813995858,0.0 -62.1503227,-12.9745735995857,0.0 -62.1508471,-12.9756868995857,0.0 -62.1506499,-12.9767059995857,0.0 -62.1512367,-12.9776981995856,0.0 -62.1523246,-12.9779697995856,0.0 -62.1534874,-12.9779963995856,0.0 -62.1551271,-12.9790382995856,0.0 -62.1561762,-12.9793083995856,0.0 -62.1571316,-12.9794229995856,0.0 -62.1580144,-12.9790927995856,0.0 -62.1587918,-12.9797663995856,0.0 -62.1596562,-12.9801971995856,0.0 -62.1605975,-12.9802467995856,0.0 -62.1611006,-12.9820869995855,0.0 -62.1619021,-12.9829048995855,0.0 -62.1625656,-12.9840110995855,0.0 -62.1619032,-12.9846496995854,0.0 -62.1614256,-12.9855799995854,0.0 -62.1617692,-12.9864371995854,0.0 -62.1617651,-12.9874906995854,0.0 -62.1610415,-12.9903649995853,0.0 -62.1618219,-12.9922485995852,0.0 -62.1620905,-12.9942751995852,0.0 -62.1628191,-12.9962660995851,0.0 -62.1633784,-12.9972598995851,0.0 -62.1642371,-12.997852999585,0.0 -62.1649651,-12.998618499585,0.0 -62.1652608,-12.999504999585,0.0 -62.1654325,-13.000631799585,0.0 -62.1654624,-13.0027737995849,0.0 -62.165484,-13.0043257995849,0.0 -62.1675954,-13.0051457995848,0.0 -62.1718149,-13.0072462995848,0.0 -62.1725675,-13.0116106995846,0.0 -62.1720706,-13.0127654995846,0.0 -62.1734584,-13.0151037995845,0.0 -62.1763803,-13.0178419995845,0.0 -62.1786365,-13.0189150995844,0.0 -62.1788719,-13.0190269995844,0.0 -62.1799059,-13.0204814995844,0.0 -62.183237,-13.0199402995844,0.0 -62.1856073,-13.0220227995843,0.0 -62.1856783,-13.0220851995843,0.0 -62.1859595,-13.0239825995843,0.0 -62.1859633,-13.0240081995843,0.0 -62.1894688,-13.0251403995842,0.0 -62.1899909,-13.0253089995842,0.0 -62.1937614,-13.0285674995841,0.0 -62.197712,-13.0278722995842,0.0 -62.199546,-13.0291913995841,0.0 -62.2055611,-13.0292007995841,0.0 -62.2067688,-13.0286523995841,0.0 -62.2069017,-13.0274042995842,0.0 -62.2084873,-13.0292961995841,0.0 -62.2108734,-13.0311557995841,0.0 -62.212263,-13.0307816995841,0.0 -62.2133752,-13.033997799584,0.0 -62.2147661,-13.0373026995839,0.0 -62.2165178,-13.0398027995838,0.0 -62.219372,-13.0401679995838,0.0 -62.2254832,-13.0439440995837,0.0 -62.2287958,-13.0442257995837,0.0 -62.23104,-13.0437243995837,0.0 -62.2340752,-13.0443183995837,0.0 -62.238044,-13.0454658995836,0.0 -62.2399302,-13.0470085995836,0.0 -62.2415712,-13.0480860995836,0.0 -62.2412902,-13.0523558995834,0.0 -62.2423265,-13.0549390995834,0.0 -62.2467331,-13.0565381995833,0.0 -62.2493477,-13.0604943995832,0.0 -62.2494591,-13.0635794995831,0.0 -62.2455175,-13.065961699583,0.0 -62.248456,-13.0698072995829,0.0 -62.2508451,-13.0746230995828,0.0 -62.2518451,-13.0783982995827,0.0 -62.2549819,-13.0803300995826,0.0 -62.2619879,-13.0798582995826,0.0 -62.264491,-13.0807729995826,0.0 -62.2660956,-13.0837765995825,0.0 -62.2717937,-13.0839190995825,0.0 -62.2744693,-13.0851290995825,0.0 -62.2749304,-13.0853372995825,0.0 -62.2753808,-13.0855406995824,0.0 -62.2767911,-13.0868775995824,0.0 -62.281039,-13.0878431995824,0.0 -62.2825804,-13.0877538995824,0.0 -62.287982,-13.0874424995824,0.0 -62.2925135,-13.0847194995825,0.0 -62.2947964,-13.0796333995826,0.0 -62.2960158,-13.0779827995827,0.0 -62.2977648,-13.0803608995826,0.0 -62.2987413,-13.0847272995825,0.0 -62.296216,-13.0913531995823,0.0 -62.2989042,-13.0955844995822,0.0 -62.305567,-13.0939572995822,0.0 -62.3091313,-13.0965298995821,0.0 -62.3101919,-13.102281199582,0.0 -62.3106038,-13.1062525995818,0.0 -62.3169883,-13.1094869995817,0.0 -62.3206276,-13.101991799582,0.0 -62.3211039,-13.0942494995822,0.0 -62.3194596,-13.0873896995824,0.0 -62.3197755,-13.0816948995826,0.0 -62.3198502,-13.0803493995826,0.0 -62.3215665,-13.0790482995826,0.0 -62.3261543,-13.0765827995827,0.0 -62.3310457,-13.0774562995827,0.0 -62.3326861,-13.0804032995826,0.0 -62.3364327,-13.0796398995826,0.0 -62.337962,-13.0746925995828,0.0 -62.3406844,-13.0714458995829,0.0 -62.3417697,-13.0697368995829,0.0 -62.3421814,-13.0636059995831,0.0 -62.3457395,-13.0575212995833,0.0 -62.3536225,-13.0582093995833,0.0 -62.3551855,-13.0610772995832,0.0 -62.3560132,-13.065850499583,0.0 -62.3561598,-13.0702076995829,0.0 -62.3554035,-13.0742956995828,0.0 -62.3533777,-13.0787914995826,0.0 -62.3566559,-13.0834789995825,0.0 -62.3630982,-13.0854291995825,0.0 -62.3654574,-13.0823891995825,0.0 -62.3639634,-13.0788461995826,0.0 -62.3638203,-13.0773752995827,0.0 -62.3686019,-13.0807134995826,0.0 -62.3692318,-13.0843460995825,0.0 -62.3691023,-13.0856671995824,0.0 -62.369409,-13.0895329995823,0.0 -62.3714038,-13.0925745995822,0.0 -62.3833478,-13.1040992995819,0.0 -62.3879355,-13.1068341995818,0.0 -62.3938228,-13.1066336995818,0.0 -62.3988232,-13.1051841995819,0.0 -62.4032068,-13.1049370995819,0.0 -62.4105198,-13.1073050995818,0.0 -62.4127924,-13.1108920995817,0.0 -62.4135389,-13.1143958995816,0.0 -62.4143175,-13.1168960995815,0.0 -62.4177113,-13.1189418995815,0.0 -62.4190158,-13.1166724995815,0.0 -62.4259026,-13.1100391995817,0.0 -62.4294295,-13.1074105995818,0.0 -62.4344569,-13.101965499582,0.0 -62.4359601,-13.0984695995821,0.0 -62.4352442,-13.0950813995822,0.0 -62.4342372,-13.0883108995824,0.0 -62.4334052,-13.0858134995824,0.0 -62.4349299,-13.0827036995825,0.0 -62.436989,-13.0805692995826,0.0 -62.4399369,-13.0793630995826,0.0 -62.4429089,-13.0799113995826,0.0 -62.4454053,-13.0817111995826,0.0 -62.4483812,-13.0853026995825,0.0 -62.451878,-13.0877762995824,0.0 -62.4574579,-13.0866724995824,0.0 -62.4591019,-13.0811071995826,0.0 -62.4577414,-13.0769245995827,0.0 -62.4563533,-13.0749197995828,0.0 -62.4537095,-13.0728303995828,0.0 -62.4524113,-13.0702407995829,0.0 -62.4529027,-13.067378499583,0.0 -62.4540142,-13.0647914995831,0.0 -62.4572399,-13.0638903995831,0.0 -62.4604049,-13.065523499583,0.0 -62.4620436,-13.067546999583,0.0 -62.4628211,-13.0722477995828,0.0 -62.4634373,-13.0746095995828,0.0 -62.4655476,-13.0771977995827,0.0 -62.468046,-13.0790249995826,0.0 -62.4720453,-13.0788861995826,0.0 -62.4732368,-13.0762687995827,0.0 -62.473715,-13.0730310995828,0.0 -62.4721285,-13.066298899583,0.0 -62.4727434,-13.0629841995831,0.0 -62.4735747,-13.0603525995832,0.0 -62.4758769,-13.0574933995833,0.0 -62.4789372,-13.0574486995833,0.0 -62.4798979,-13.0578154995833,0.0 -62.4826296,-13.0588584995832,0.0 -62.4835159,-13.0621511995831,0.0 -62.48332,-13.0647173995831,0.0 -62.4819882,-13.0689404995829,0.0 -62.4817678,-13.0718932995829,0.0 -62.4830472,-13.0761219995827,0.0 -62.4861812,-13.0779165995827,0.0 -62.490827,-13.0793245995826,0.0 -62.4951856,-13.0808554995826,0.0 -62.497486,-13.0819888995826,0.0 -62.5005475,-13.0824789995825,0.0 -62.5026304,-13.0831628995825,0.0 -62.5054325,-13.0818292995826,0.0 -62.5089011,-13.0790919995826,0.0 -62.5137691,-13.0758186995827,0.0 -62.5181573,-13.0717178995829,0.0 -62.5210204,-13.067241899583,0.0 -62.5238183,-13.065502899583,0.0 -62.5264855,-13.067133299583,0.0 -62.5298986,-13.0699222995829,0.0 -62.5349655,-13.0732827995828,0.0 -62.5412437,-13.0755465995827,0.0 -62.5471599,-13.0739934995828,0.0 -62.551939,-13.0703781995829,0.0 -62.5552686,-13.067320399583,0.0 -62.5580399,-13.065618799583,0.0 -62.5624866,-13.0638372995831,0.0 -62.5675727,-13.0621921995831,0.0 -62.5749959,-13.0583289995833,0.0 -62.5768044,-13.0573069995833,0.0 -62.5817961,-13.0544861995834,0.0 -62.5892666,-13.0512511995835,0.0 -62.5956019,-13.0495934995835,0.0 -62.6004306,-13.0486758995835,0.0 -62.6091538,-13.0440465995837,0.0 -62.6125725,-13.0412953995838,0.0 -62.6147935,-13.0364692995839,0.0 -62.6153463,-13.032902399584,0.0 -62.6146389,-13.0290182995841,0.0 -62.6141327,-13.0262387995842,0.0 -62.6106883,-13.0242743995843,0.0 -62.6062399,-13.0220591995843,0.0 -62.6006294,-13.0188332995844,0.0 -62.6002111,-13.0167496995845,0.0 -62.5999925,-13.0156606995845,0.0 -62.6026313,-13.0127358995846,0.0 -62.6068242,-13.0110341995847,0.0 -62.6103524,-13.0114363995846,0.0 -62.6137398,-13.0136255995846,0.0 -62.6190741,-13.0166266995845,0.0 -62.6215201,-13.0177085995845,0.0 -62.625563,-13.0177097995845,0.0 -62.6292359,-13.0162548995845,0.0 -62.6324933,-13.0128549995846,0.0 -62.6330238,-13.0106373995847,0.0 -62.6318004,-13.0040334995849,0.0 -62.62996,-12.999732199585,0.0 -62.6291779,-12.9958120995851,0.0 -62.6314632,-12.9902155995853,0.0 -62.6351523,-12.9885724995853,0.0 -62.638907,-12.9891566995853,0.0 -62.6412382,-12.9909490995853,0.0 -62.6464898,-12.9931489995852,0.0 -62.6506864,-12.9918556995852,0.0 -62.6521839,-12.9893352995853,0.0 -62.6514107,-12.9840113995855,0.0 -62.6491838,-12.9807922995856,0.0 -62.6452698,-12.9745946995857,0.0 -62.6454631,-12.9677179995859,0.0 -62.6508232,-12.965580599586,0.0 -62.6532762,-12.966133099586,0.0 -62.6554055,-12.966612699586,0.0 -62.6589041,-12.9677688995859,0.0 -62.6606879,-12.9694717995859,0.0 -62.6633238,-12.9760349995857,0.0 -62.6645449,-12.9806629995856,0.0 -62.6672094,-12.9846010995854,0.0 -62.6699911,-12.9871395995854,0.0 -62.6749101,-12.9909511995853,0.0 -62.6773504,-12.9918984995852,0.0 -62.6824686,-12.9929111995852,0.0 -62.6872996,-12.9928578995852,0.0 -62.6906586,-12.9916212995852,0.0 -62.6943784,-12.9922317995852,0.0 -62.6985773,-13.0028161995849,0.0 -62.7004342,-13.0026382995849,0.0 -62.7069333,-12.999891199585,0.0 -62.7092944,-13.0025152995849,0.0 -62.7132126,-13.0043264995849,0.0 -62.7191025,-13.0034044995849,0.0 -62.7251595,-13.0012548995849,0.0 -62.7273216,-13.0032234995849,0.0 -62.7289346,-13.0086621995847,0.0 -62.7270202,-13.0147996995845,0.0 -62.7291585,-13.0207665995844,0.0 -62.7340206,-13.0218667995843,0.0 -62.7365718,-13.0185963995844,0.0 -62.7385747,-13.0144515995846,0.0 -62.7407373,-13.0124822995846,0.0 -62.7442159,-13.0088599995847,0.0 -62.7443506,-13.0050976995848,0.0 -62.7433784,-13.0021693995849,0.0 -62.7438499,-13.000319999585,0.0 -62.7469084,-12.998910299585,0.0 -62.7503492,-12.999969299585,0.0 -62.7522109,-13.0020458995849,0.0 -62.7535416,-13.0047018995848,0.0 -62.7545969,-13.0081738995847,0.0 -62.7564091,-13.0171913995845,0.0 -62.7597119,-13.0182518995844,0.0 -62.7640737,-13.0156391995845,0.0 -62.7676898,-13.0125228995846,0.0 -62.7731596,-13.0101566995847,0.0 -62.7790975,-13.0095734995847,0.0 -62.7811841,-13.0083847995847,0.0 -62.7878648,-13.0022213995849,0.0 -62.7943513,-12.9952176995851,0.0 -62.7957971,-12.9920370995852,0.0 -62.7970699,-12.9873804995854,0.0 -62.7975727,-12.9838486995855,0.0 -62.803525,-12.9745618995857,0.0 -62.8068696,-12.9681026995859,0.0 -62.8089019,-12.9621373995861,0.0 -62.8081264,-12.9584427995862,0.0 -62.8076057,-12.9549364995863,0.0 -62.8060196,-12.9526203995864,0.0 -62.8033008,-12.9450796995866,0.0 -62.805964,-12.9406262995867,0.0 -62.8103518,-12.9379773995868,0.0 -62.8150171,-12.9366847995869,0.0 -62.818022,-12.9353224995869,0.0 -62.8229915,-12.933769299587,0.0 -62.8320979,-12.9378215995868,0.0 -62.8365148,-12.9432521995867,0.0 -62.83891,-12.9473401995865,0.0 -62.841986,-12.9482922995865,0.0 -62.8458474,-12.9487179995865,0.0 -62.8498521,-12.9443805995866,0.0 -62.8502643,-12.9409327995867,0.0 -62.8472981,-12.9361138995869,0.0 -62.8434876,-12.932154899587,0.0 -62.8431264,-12.9271214995871,0.0 -62.8455486,-12.9231690995873,0.0 -62.8554887,-12.9182197995874,0.0 -62.8589363,-12.9153418995875,0.0 -62.8609038,-12.9128972995876,0.0 -62.8623465,-12.9122408995876,0.0 -62.8660737,-12.9120442995876,0.0 -62.8702099,-12.9106178995876,0.0 -62.8728315,-12.9063216995878,0.0 -62.8752473,-12.898751799588,0.0 -62.8758227,-12.8954864995881,0.0 -62.8784667,-12.8902660995882,0.0 -62.8805431,-12.8872088995883,0.0 -62.8847123,-12.8836344995884,0.0 -62.8884067,-12.8822667995885,0.0 -62.8911253,-12.8799052995886,0.0 -62.8931559,-12.8771188995886,0.0 -62.8940789,-12.8730015995888,0.0 -62.8936583,-12.8694927995889,0.0 -62.8918258,-12.864330499589,0.0 -62.8917403,-12.8613745995891,0.0 -62.8921564,-12.8588409995892,0.0 -62.889522,-12.8604564995891,0.0 -62.8846862,-12.8616288995891,0.0 -62.8811825,-12.863167999589,0.0 -62.8779681,-12.8668612995889,0.0 -62.8776294,-12.8726490995888,0.0 -62.8720153,-12.8783721995886,0.0 -62.8658237,-12.8792518995886,0.0 -62.8639571,-12.8783736995886,0.0 -62.8615227,-12.8762471995887,0.0 -62.8610499,-12.8722667995888,0.0 -62.8587181,-12.8704569995888,0.0 -62.851104,-12.8699502995888,0.0 -62.8460207,-12.8672306995889,0.0 -62.8426272,-12.863544199589,0.0 -62.8366569,-12.865199899589,0.0 -62.8312186,-12.865999099589,0.0 -62.8255714,-12.866079799589,0.0 -62.8215765,-12.8667940995889,0.0 -62.8176851,-12.8680950995889,0.0 -62.8159409,-12.8674809995889,0.0 -62.8136257,-12.8666658995889,0.0 -62.8100991,-12.865995199589,0.0 -62.8086279,-12.8666253995889,0.0 -62.802741,-12.865917599589,0.0 -62.7977105,-12.864680499589,0.0 -62.8011298,-12.8609895995891,0.0 -62.7949952,-12.8595473995892,0.0 -62.7884407,-12.8613477995891,0.0 -62.7880487,-12.8693833995889,0.0 -62.7888188,-12.8734629995887,0.0 -62.7885171,-12.8774717995886,0.0 -62.7865396,-12.8752656995887,0.0 -62.7817918,-12.8760222995887,0.0 -62.7797661,-12.8774051995886,0.0 -62.7777655,-12.8757970995887,0.0 -62.7765736,-12.8773230995886,0.0 -62.7739016,-12.8820705995885,0.0 -62.7673814,-12.8838697995884,0.0 -62.7665174,-12.8781560995886,0.0 -62.7624654,-12.8785405995886,0.0 -62.7579862,-12.8775179995886,0.0 -62.7621851,-12.8760642995887,0.0 -62.7595194,-12.8733599995887,0.0 -62.7520441,-12.8731507995888,0.0 -62.7524932,-12.8801941995885,0.0 -62.7541562,-12.8858815995884,0.0 -62.7492102,-12.8867508995883,0.0 -62.750134,-12.8830905995885,0.0 -62.7455722,-12.8812904995885,0.0 -62.7409903,-12.8820768995885,0.0 -62.7447393,-12.8825424995885,0.0 -62.7388773,-12.8865367995884,0.0 -62.7343555,-12.8916880995882,0.0 -62.7379603,-12.8948795995881,0.0 -62.7362126,-12.899712999588,0.0 -62.7372951,-12.9053581995878,0.0 -62.7413241,-12.9117018995876,0.0 -62.7379036,-12.9158939995875,0.0 -62.7342715,-12.9138046995875,0.0 -62.7323776,-12.9189122995874,0.0 -62.7288766,-12.9258898995872,0.0 -62.7304291,-12.9273054995871,0.0 -62.7245206,-12.9278855995871,0.0 -62.7231014,-12.9247479995872,0.0 -62.7165737,-12.9221448995873,0.0 -62.7120116,-12.9235210995873,0.0 -62.7112212,-12.9232156995873,0.0 -62.7083206,-12.9220952995873,0.0 -62.7034384,-12.9208785995873,0.0 -62.7011001,-12.9157492995875,0.0 -62.7001037,-12.9122664995876,0.0 -62.6976581,-12.9068801995877,0.0 -62.6940767,-12.9022844995879,0.0 -62.6865757,-12.9050430995878,0.0 -62.6832974,-12.9056875995878,0.0 -62.6778468,-12.9042840995878,0.0 -62.6735768,-12.9058636995878,0.0 -62.6652633,-12.9061810995878,0.0 -62.6592698,-12.9048306995878,0.0 -62.6526288,-12.9020868995879,0.0 -62.6492342,-12.899397599588,0.0 -62.6481589,-12.8936065995881,0.0 -62.6484094,-12.8882946995883,0.0 -62.6458833,-12.8851196995884,0.0 -62.6449113,-12.8823331995885,0.0 -62.6388496,-12.8800527995885,0.0 -62.6347372,-12.8768227995886,0.0 -62.6285477,-12.8737668995887,0.0 -62.622824,-12.8718953995888,0.0 -62.6177074,-12.8668195995889,0.0 -62.6173813,-12.865833499589,0.0 -62.6167691,-12.863980699589,0.0 -62.615516,-12.8601882995891,0.0 -62.6143376,-12.8580057995892,0.0 -62.6132134,-12.8559217995893,0.0 -62.6074671,-12.8510099995894,0.0 -62.6037945,-12.8468601995895,0.0 -62.5987926,-12.8426458995897,0.0 -62.5949325,-12.8381269995898,0.0 -62.5939346,-12.83185899959,0.0 -62.5909884,-12.8268539995901,0.0 -62.5820432,-12.8169859995904,0.0 -62.5784827,-12.8127877995906,0.0 -62.5780692,-12.8098759995906,0.0 -62.5654037,-12.8092540995907,0.0 -62.5602662,-12.8104573995906,0.0 -62.557763,-12.8081226995907,0.0 -62.5538491,-12.8025105995908,0.0 -62.5488244,-12.8010612995909,0.0 -62.5476257,-12.796723799591,0.0 -62.5403757,-12.8022353995909,0.0 -62.5341779,-12.8064451995907,0.0 -62.5284838,-12.8086591995907,0.0 -62.5219353,-12.8095930995906,0.0 -62.5202947,-12.8060219995907,0.0 -62.5192963,-12.8021421995909,0.0 -62.5196262,-12.7914280995912,0.0 -62.5187415,-12.7887276995913,0.0 -62.5174041,-12.7867540995913,0.0 -62.5177698,-12.7828761995914,0.0 -62.5152044,-12.7786990995916,0.0 -62.5100056,-12.7735382995917,0.0 -62.5065134,-12.7679594995919,0.0 -62.5046556,-12.764205199592,0.0 -62.5021479,-12.7597242995921,0.0 -62.500547,-12.7568629995922,0.0 -62.5003469,-12.7555438995923,0.0 -62.4995169,-12.7544783995923,0.0 -62.4979047,-12.7536347995923,0.0 -62.4947937,-12.7529371995923,0.0 -62.4899368,-12.7504289995924,0.0 -62.4888214,-12.7500839995924,0.0 -62.4858219,-12.7495482995924,0.0 -62.4809001,-12.7496374995924,0.0 -62.4789381,-12.7493497995924,0.0 -62.4762376,-12.7476999995925,0.0 -62.4752671,-12.7478829995925,0.0 -62.474099,-12.7476961995925,0.0 -62.4731022,-12.7470654995925,0.0 -62.4721317,-12.7472484995925,0.0 -62.4690987,-12.7499491995924,0.0 -62.4681288,-12.7501508995924,0.0 -62.4661581,-12.7494372995924,0.0 -62.4642139,-12.7482520995925,0.0 -62.4627881,-12.7466673995925,0.0 -62.4622665,-12.7453949995926,0.0 -62.4615945,-12.7423810995926,0.0 -62.4599899,-12.7413443995927,0.0 -62.4583724,-12.7399768995927,0.0 -62.4579851,-12.7391388995927,0.0 -62.4576002,-12.7372981995928,0.0 -62.4570672,-12.7364835995928,0.0 -62.4547059,-12.7338326995929,0.0 -62.4540757,-12.7326746995929,0.0 -62.4537365,-12.731591699593,0.0 -62.4532995,-12.729262199593,0.0 -62.4522606,-12.7274779995931,0.0 -62.4479329,-12.7246706995932,0.0 -62.4444618,-12.7228799995932,0.0 -62.4435435,-12.7221399995932,0.0 -62.4421505,-12.7203937995933,0.0 -62.439719,-12.7185870995934,0.0 -62.4370946,-12.7171516995934,0.0 -62.4350097,-12.7156518995934,0.0 -62.4339884,-12.7151370995935,0.0 -62.4322166,-12.7137132995935,0.0 -62.4284857,-12.7114415995936,0.0 -62.4268227,-12.7101887995936,0.0 -62.4242663,-12.7072704995937,0.0 -62.4219019,-12.7034768995938,0.0 -62.4200667,-12.6992459995939,0.0 -62.4197058,-12.697808099594,0.0 -62.4195166,-12.6945699995941,0.0 -62.4191264,-12.6922753995941,0.0 -62.4178996,-12.6894404995942,0.0 -62.4167378,-12.6858157995943,0.0 -62.416122,-12.6849936995943,0.0 -62.415269,-12.6842684995944,0.0 -62.4125146,-12.6828697995944,0.0 -62.4105168,-12.6811446995945,0.0 -62.409653,-12.6801467995945,0.0 -62.4090957,-12.6789476995945,0.0 -62.4088718,-12.6779959995946,0.0 -62.4085997,-12.6734114995947,0.0 -62.4082384,-12.6722061995947,0.0 -62.4078215,-12.6712972995948,0.0 -62.4058468,-12.6686484995948,0.0 -62.4049225,-12.6672101995949,0.0 -62.4033798,-12.664810099595,0.0 -62.4017927,-12.6613416995951,0.0 -62.4010387,-12.6605693995951,0.0 -62.3999038,-12.6602288995951,0.0 -62.39777,-12.6605721995951,0.0 -62.3968162,-12.6612822995951,0.0 -62.3939918,-12.6605119995951,0.0 -62.3919294,-12.6605584995951,0.0 -62.3909823,-12.6603283995951,0.0 -62.3901845,-12.6595655995951,0.0 -62.3897116,-12.6586313995951,0.0 -62.3894304,-12.6576992995952,0.0 -62.389351,-12.6566561995952,0.0 -62.3889589,-12.6556559995952,0.0 -62.387566,-12.6541067995953,0.0 -62.3870258,-12.6532794995953,0.0 -62.3868209,-12.6522581995953,0.0 -62.3867328,-12.6484562995954,0.0 -62.3864561,-12.6473530995955,0.0 -62.3859831,-12.6463839995955,0.0 -62.3843484,-12.6445638995956,0.0 -62.3817952,-12.6430946995956,0.0 -62.3781003,-12.6393091995957,0.0 -62.3767313,-12.6364305995958,0.0 -62.3754486,-12.6344114995959,0.0 -62.3746245,-12.6334066995959,0.0 -62.3728282,-12.629570099596,0.0 -62.3684571,-12.6225241995962,0.0 -62.3677685,-12.6211229995963,0.0 -62.3671277,-12.6158922995964,0.0 -62.3662111,-12.6123611995965,0.0 -62.3633153,-12.6054930995967,0.0 -62.3626848,-12.6019762995968,0.0 -62.36235,-12.6010018995969,0.0 -62.3617378,-12.6000450995969,0.0 -62.3601834,-12.5984368995969,0.0 -62.3567664,-12.596152299597,0.0 -62.3546648,-12.5943900995971,0.0 -62.3537065,-12.5937482995971,0.0 -62.352013,-12.5929509995971,0.0 -62.3510687,-12.5922272995971,0.0 -62.3502639,-12.5909816995972,0.0 -62.348792,-12.5873466995973,0.0 -62.3469885,-12.5836511995974,0.0 -62.346151,-12.5825847995974,0.0 -62.3438124,-12.5808036995975,0.0 -62.3414013,-12.5792575995975,0.0 -62.3372946,-12.5772363995976,0.0 -62.3355414,-12.5768059995976,0.0 -62.3330181,-12.5765345995976,0.0 -62.330982,-12.5758989995976,0.0 -62.3266272,-12.5736326995977,0.0 -62.3239289,-12.5713698995977,0.0 -62.3219499,-12.5691682995978,0.0 -62.3176289,-12.563048899598,0.0 -62.3127367,-12.5575323995982,0.0 -62.3115057,-12.5564187995982,0.0 -62.3105145,-12.5557453995982,0.0 -62.3060453,-12.5529984995983,0.0 -62.3035953,-12.5518209995983,0.0 -62.3014028,-12.5505235995984,0.0 -62.2987347,-12.5481196995984,0.0 -62.2962662,-12.5450255995985,0.0 -62.2942316,-12.5432522995986,0.0 -62.292737,-12.5414095995986,0.0 -62.2920928,-12.5402724995987,0.0 -62.2908284,-12.5371127995988,0.0 -62.2894895,-12.5352124995988,0.0 -62.288621,-12.5345136995988,0.0 -62.2877611,-12.5341101995989,0.0 -62.2867672,-12.5338351995989,0.0 -62.2856832,-12.5339049995989,0.0 -62.2837386,-12.5327761995989,0.0 -62.2802035,-12.529819099599,0.0 -62.2765941,-12.5252361995991,0.0 -62.2746286,-12.5219024995992,0.0 -62.2693724,-12.5141468995995,0.0 -62.2683458,-12.5116985995995,0.0 -62.2678238,-12.5097704995996,0.0 -62.2676817,-12.5076337995997,0.0 -62.2679819,-12.5041010995998,0.0 -62.2683171,-12.5016060995998,0.0 -62.2692089,-12.5004238995999,0.0 -62.2701009,-12.5001101995999,0.0 -62.2697363,-12.4967723996,0.0 -62.2697351,-12.4926793996001,0.0 -62.2705959,-12.4885431996002,0.0 -62.2687334,-12.4841502996004,0.0 -62.2684038,-12.4810074996004,0.0 -62.2720421,-12.4805208996005,0.0 -62.2742092,-12.4760486996006,0.0 -62.2750934,-12.4732209996007,0.0 -62.2719293,-12.4689284996008,0.0 -62.2712637,-12.4653490996009,0.0 -62.269932,-12.463444599601,0.0 -62.2674293,-12.4565368996012,0.0 -62.2635715,-12.4533038996013,0.0 -62.2588214,-12.4509134996013,0.0 -62.2592947,-12.4470209996015,0.0 -62.2608201,-12.4423264996016,0.0 -62.2621222,-12.4361094996018,0.0 -62.2589026,-12.4332508996019,0.0 -62.262343,-12.4317410996019,0.0 -62.2642355,-12.4273319996021,0.0 -62.2612053,-12.4246386996021,0.0 -62.2561557,-12.4240944996022,0.0 -62.2520945,-12.4225406996022,0.0 -62.2532628,-12.4202130996023,0.0 -62.2522929,-12.4163836996024,0.0 -62.2551844,-12.4143972996024,0.0 -62.2527581,-12.4130367996025,0.0 -62.2520381,-12.4097720996026,0.0 -62.2557359,-12.4103492996026,0.0 -62.2527883,-12.4070541996027,0.0 -62.2526002,-12.4042838996027,0.0 -62.250928,-12.4020328996028,0.0 -62.2518691,-12.3997927996029,0.0 -62.2548994,-12.3981245996029,0.0 -62.2552896,-12.394208599603,0.0 -62.2552092,-12.3901904996032,0.0 -62.258319,-12.3878671996032,0.0 -62.2615648,-12.3806040996035,0.0 -62.2839047,-12.3343923996048,0.0 -62.2839577,-12.3342826996048,0.0 -62.2914299,-12.3188256996053,0.0 -62.2957071,-12.3179618996053,0.0 -62.3004837,-12.3163676996054,0.0 -62.3032048,-12.3189360996053,0.0 -62.3067282,-12.3209886996052,0.0 -62.3125689,-12.3220920996052,0.0 -62.3169068,-12.3211393996052,0.0 -62.3202086,-12.3222896996052,0.0 -62.3234792,-12.3230343996052,0.0 -62.3272344,-12.3245593996051,0.0 -62.3288549,-12.3259115996051,0.0 -62.3300398,-12.3269008996051,0.0 -62.3335926,-12.327840999605,0.0 -62.338678,-12.330086599605,0.0 -62.3432944,-12.329444599605,0.0 -62.3476801,-12.330539199605,0.0 -62.3496204,-12.3308393996049,0.0 -62.355319,-12.3321438996049,0.0 -62.3592657,-12.3358817996048,0.0 -62.3636231,-12.3387055996047,0.0 -62.3688151,-12.3396928996047,0.0 -62.3734599,-12.3379491996047,0.0 -62.3774298,-12.3407011996046,0.0 -62.380626,-12.3425563996046,0.0 -62.3845954,-12.3421320996046,0.0 -62.3902391,-12.3431149996046,0.0 -62.3946838,-12.3434798996046,0.0 -62.3968213,-12.3410066996046,0.0 -62.4011814,-12.3386805996047,0.0 -62.4039287,-12.3360635996048,0.0 -62.4068496,-12.3324645996049,0.0 -62.4126206,-12.3314300996049,0.0 -62.4160112,-12.328711899605,0.0 -62.4176009,-12.3241697996051,0.0 -62.4193711,-12.3234086996052,0.0 -62.4224612,-12.3225355996052,0.0 -62.4250102,-12.3214542996052,0.0 -62.4283475,-12.3208349996052,0.0 -62.4311556,-12.3191728996053,0.0 -62.4341816,-12.3180241996053,0.0 -62.4385994,-12.3166807996054,0.0 -62.4419084,-12.3140392996054,0.0 -62.4441274,-12.3103983996056,0.0 -62.4466467,-12.3092561996056,0.0 -62.4564902,-12.3055796996057,0.0 -62.460487,-12.3043384996057,0.0 -62.4628203,-12.3016534996058,0.0 -62.4682064,-12.2992598996059,0.0 -62.4703159,-12.2993929996059,0.0 -62.4752339,-12.3007090996058,0.0 -62.4771533,-12.3028697996058,0.0 -62.4796562,-12.3029361996058,0.0 -62.4814584,-12.3017809996058,0.0 -62.4855149,-12.3020492996058,0.0 -62.4859293,-12.2986803996059,0.0 -62.4894315,-12.296057999606,0.0 -62.4949835,-12.295135599606,0.0 -62.4983199,-12.297028799606,0.0 -62.4998729,-12.294715999606,0.0 -62.5005433,-12.294115399606,0.0 -62.5017914,-12.2935203996061,0.0 -62.5023729,-12.2932438996061,0.0 -62.5056589,-12.2932948996061,0.0 -62.5076029,-12.2908715996061,0.0 -62.5091559,-12.2877362996062,0.0 -62.5108488,-12.2865655996063,0.0 -62.5135394,-12.2856146996063,0.0 -62.5146521,-12.2858936996063,0.0 -62.5159623,-12.2840366996064,0.0 -62.5170144,-12.2835836996064,0.0 -62.518102,-12.2836566996064,0.0 -62.5191248,-12.2828653996064,0.0 -62.5204912,-12.2833978996064,0.0 -62.5215922,-12.2838274996064,0.0 -62.5240142,-12.2838960996064,0.0 -62.5265935,-12.2851329996063,0.0 -62.5308195,-12.2838563996064,0.0 -62.5327898,-12.2845204996063,0.0 -62.5356533,-12.2849332996063,0.0 -62.5392071,-12.2827833996064,0.0 -62.5416244,-12.2799077996065,0.0 -62.5446223,-12.2793051996065,0.0 -62.5472095,-12.2774445996065,0.0 -62.5494857,-12.2778673996065,0.0 -62.5511269,-12.2765549996066,0.0 -62.5531224,-12.2754454996066,0.0 -62.5561802,-12.2750198996066,0.0 -62.558261,-12.2725476996067,0.0 -62.5600678,-12.2692883996068,0.0 -62.563126,-12.2685942996068,0.0 -62.5655407,-12.2695755996068,0.0 -62.5676836,-12.2721488996067,0.0 -62.5705937,-12.2702961996068,0.0 -62.5763475,-12.2676036996068,0.0 -62.5776845,-12.2657906996069,0.0 -62.5778423,-12.263861999607,0.0 -62.5802653,-12.262301699607,0.0 -62.5806,-12.261030599607,0.0 -62.5825122,-12.2595746996071,0.0 -62.5823229,-12.2568952996072,0.0 -62.5827348,-12.2528569996073,0.0 -62.584685,-12.2523125996073,0.0 -62.5878779,-12.2523747996073,0.0 -62.5909592,-12.2518319996073,0.0 -62.5929024,-12.2490696996074,0.0 -62.5953508,-12.2502992996074,0.0 -62.5972907,-12.2508484996073,0.0 -62.5986524,-12.2494641996074,0.0 -62.5997697,-12.2504495996074,0.0 -62.6010154,-12.2522719996073,0.0 -62.6028795,-12.2513185996073,0.0 -62.603956,-12.2522075996073,0.0 -62.6041813,-12.2543211996072,0.0 -62.6055679,-12.2548229996072,0.0 -62.6084367,-12.2562209996072,0.0 -62.6082335,-12.2547858996072,0.0 -62.6093526,-12.2538555996073,0.0 -62.6109048,-12.2537992996073,0.0 -62.6119317,-12.2542970996072,0.0 -62.611455,-12.2554374996072,0.0 -62.6127359,-12.2558011996072,0.0 -62.6162563,-12.2558081996072,0.0 -62.6197109,-12.2528449996073,0.0 -62.6205679,-12.2548680996072,0.0 -62.622289,-12.2543224996072,0.0 -62.6231219,-12.2536971996073,0.0 -62.6243179,-12.2523080996073,0.0 -62.6268781,-12.2521139996073,0.0 -62.6265999,-12.2497955996074,0.0 -62.6287616,-12.2484409996074,0.0 -62.6290415,-12.2474382996074,0.0 -62.6300126,-12.2473006996075,0.0 -62.6320453,-12.2462175996075,0.0 -62.6335137,-12.2432910996076,0.0 -62.6369287,-12.2418258996076,0.0 -62.6390679,-12.2410784996076,0.0 -62.6404631,-12.2401037996077,0.0 -62.6414637,-12.2397693996077,0.0 -62.6419689,-12.2377585996077,0.0 -62.6425229,-12.2371830996078,0.0 -62.6425289,-12.2354699996078,0.0 -62.6415568,-12.2350694996078,0.0 -62.6407892,-12.2349103996078,0.0 -62.6405039,-12.2336929996079,0.0 -62.6400071,-12.2332232996079,0.0 -62.6400245,-12.2323636996079,0.0 -62.6394392,-12.2317856996079,0.0 -62.6388044,-12.2315619996079,0.0 -62.6388014,-12.2310321996079,0.0 -62.6395138,-12.230399099608,0.0 -62.6402104,-12.230108999608,0.0 -62.6401195,-12.229753799608,0.0 -62.6395535,-12.229323899608,0.0 -62.6390639,-12.229019199608,0.0 -62.6387501,-12.228470199608,0.0 -62.6388602,-12.227936199608,0.0 -62.6394536,-12.227776199608,0.0 -62.6400476,-12.227727599608,0.0 -62.6403589,-12.227561999608,0.0 -62.6402306,-12.2272062996081,0.0 -62.6397138,-12.2270610996081,0.0 -62.6391438,-12.2272075996081,0.0 -62.6386323,-12.2272899996081,0.0 -62.6382284,-12.2268798996081,0.0 -62.6379693,-12.2264819996081,0.0 -62.6386813,-12.2258122996081,0.0 -62.6386204,-12.2252033996081,0.0 -62.638327,-12.2248080996081,0.0 -62.6383649,-12.2243019996081,0.0 -62.6386536,-12.2239270996082,0.0 -62.6391957,-12.2238329996082,0.0 -62.6395031,-12.2236700996082,0.0 -62.6394256,-12.2231316996082,0.0 -62.6387889,-12.2226538996082,0.0 -62.638067,-12.2224548996082,0.0 -62.6373343,-12.2220282996082,0.0 -62.6365343,-12.2211119996082,0.0 -62.6355742,-12.2204972996083,0.0 -62.6352941,-12.2205945996083,0.0 -62.6351749,-12.2211279996082,0.0 -62.6348162,-12.2214118996082,0.0 -62.6340438,-12.2209427996082,0.0 -62.6339459,-12.2203592996083,0.0 -62.6341053,-12.2196801996083,0.0 -62.6337071,-12.2194507996083,0.0 -62.6330972,-12.2194586996083,0.0 -62.6327918,-12.2189204996083,0.0 -62.6325899,-12.2179383996083,0.0 -62.6325982,-12.2173678996083,0.0 -62.6329428,-12.2170557996084,0.0 -62.6336887,-12.2170090996084,0.0 -62.6342471,-12.2168504996084,0.0 -62.634164,-12.2162980996084,0.0 -62.6336373,-12.2156380996084,0.0 -62.6332057,-12.2154572996084,0.0 -62.6328361,-12.2157767996084,0.0 -62.6325002,-12.2160416996084,0.0 -62.632087,-12.2159346996084,0.0 -62.6312742,-12.2150898996084,0.0 -62.6305158,-12.2144390996084,0.0 -62.6304924,-12.2138956996085,0.0 -62.6303385,-12.2134610996085,0.0 -62.6296968,-12.2132161996085,0.0 -62.6290962,-12.2131630996085,0.0 -62.6287177,-12.2129650996085,0.0 -62.6281985,-12.2120630996085,0.0 -62.6280722,-12.2116601996085,0.0 -62.6276976,-12.2119249996085,0.0 -62.6273462,-12.2122047996085,0.0 -62.6270447,-12.2121151996085,0.0 -62.6269632,-12.2117442996085,0.0 -62.6271157,-12.2113298996085,0.0 -62.6269998,-12.2108482996085,0.0 -62.6266754,-12.2103756996086,0.0 -62.625769,-12.2100164996086,0.0 -62.6252166,-12.2099392996086,0.0 -62.6250825,-12.2096023996086,0.0 -62.6255645,-12.2089959996086,0.0 -62.6261221,-12.2086508996086,0.0 -62.6260662,-12.2082452996086,0.0 -62.6255109,-12.2080616996086,0.0 -62.6250339,-12.2082741996086,0.0 -62.6246742,-12.2082999996086,0.0 -62.6241905,-12.2078735996086,0.0 -62.6236137,-12.2078252996086,0.0 -62.6229132,-12.2080964996086,0.0 -62.6226265,-12.2078751996086,0.0 -62.6226046,-12.2071062996087,0.0 -62.622445,-12.2063484996087,0.0 -62.6220767,-12.2056915996087,0.0 -62.6213947,-12.2052855996087,0.0 -62.6208144,-12.2053424996087,0.0 -62.6204581,-12.2058360996087,0.0 -62.6202488,-12.2062629996087,0.0 -62.6204005,-12.2067980996087,0.0 -62.6208446,-12.2075069996086,0.0 -62.6209523,-12.2080315996086,0.0 -62.6208096,-12.2084105996086,0.0 -62.6204034,-12.2086260996086,0.0 -62.6193294,-12.2084385996086,0.0 -62.6177332,-12.2080963996086,0.0 -62.6174069,-12.2078870996086,0.0 -62.617467,-12.2071491996087,0.0 -62.6171269,-12.2063326996087,0.0 -62.6165101,-12.2057399996087,0.0 -62.6154371,-12.2050613996087,0.0 -62.6150156,-12.2046793996087,0.0 -62.6150774,-12.2040612996087,0.0 -62.6155755,-12.2038815996088,0.0 -62.6161122,-12.2038338996088,0.0 -62.6163856,-12.2041451996087,0.0 -62.6165174,-12.2047240996087,0.0 -62.61698,-12.2048046996087,0.0 -62.6171251,-12.2043684996087,0.0 -62.6169358,-12.2039280996088,0.0 -62.616269,-12.2033195996088,0.0 -62.6158545,-12.2026359996088,0.0 -62.6150403,-12.2021930996088,0.0 -62.6145292,-12.2019189996088,0.0 -62.6142424,-12.2014520996088,0.0 -62.6145976,-12.2008210996088,0.0 -62.6145631,-12.2001596996089,0.0 -62.6142832,-12.1999156996089,0.0 -62.6137728,-12.1998586996089,0.0 -62.6134833,-12.1998472996089,0.0 -62.6133742,-12.1995610996089,0.0 -62.6136991,-12.1985362996089,0.0 -62.6135884,-12.1977580996089,0.0 -62.6132446,-12.197045499609,0.0 -62.6128532,-12.196075799609,0.0 -62.6124363,-12.195339899609,0.0 -62.6124706,-12.194742099609,0.0 -62.6126224,-12.194452399609,0.0 -62.6124978,-12.194280399609,0.0 -62.6121746,-12.194113699609,0.0 -62.6117805,-12.194126999609,0.0 -62.6113214,-12.194329699609,0.0 -62.6111508,-12.194591899609,0.0 -62.6112142,-12.195016199609,0.0 -62.6115892,-12.195331299609,0.0 -62.6117069,-12.195483899609,0.0 -62.6114658,-12.195716399609,0.0 -62.6107263,-12.195435899609,0.0 -62.6098868,-12.195050899609,0.0 -62.6089046,-12.1940532996091,0.0 -62.6088165,-12.1933602996091,0.0 -62.6087032,-12.1924169996091,0.0 -62.6085048,-12.1915302996091,0.0 -62.6086242,-12.1911034996091,0.0 -62.6092557,-12.1908029996092,0.0 -62.6094722,-12.1905604996092,0.0 -62.6093849,-12.1901927996092,0.0 -62.6089363,-12.1900927996092,0.0 -62.6084752,-12.1901535996092,0.0 -62.60844,-12.1898741996092,0.0 -62.6087702,-12.1896357996092,0.0 -62.6089611,-12.1892978996092,0.0 -62.6087523,-12.1890479996092,0.0 -62.6083588,-12.1889401996092,0.0 -62.6081204,-12.1886106996092,0.0 -62.6079055,-12.1878938996092,0.0 -62.6079092,-12.1874004996093,0.0 -62.607656,-12.1872803996093,0.0 -62.607292,-12.1872679996093,0.0 -62.6069199,-12.1869754996093,0.0 -62.6065416,-12.1864645996093,0.0 -62.6060731,-12.1855649996093,0.0 -62.6059278,-12.1847530996093,0.0 -62.6059922,-12.1840595996094,0.0 -62.6067794,-12.1832160996094,0.0 -62.607202,-12.1830978996094,0.0 -62.6072823,-12.1827550996094,0.0 -62.6069952,-12.1825500996094,0.0 -62.6065906,-12.1824875996094,0.0 -62.6065541,-12.1821988996094,0.0 -62.6068148,-12.1814898996094,0.0 -62.6065587,-12.1805123996095,0.0 -62.6063091,-12.1800557996095,0.0 -62.6059912,-12.1796522996095,0.0 -62.6058824,-12.1792638996095,0.0 -62.6063193,-12.1786872996095,0.0 -62.6065425,-12.1782883996095,0.0 -62.6064241,-12.1779613996095,0.0 -62.6064661,-12.1773032996095,0.0 -62.606868,-12.1771631996096,0.0 -62.6073718,-12.1773535996096,0.0 -62.6078535,-12.1775770996096,0.0 -62.6082507,-12.1766682996096,0.0 -62.6087193,-12.1755618996096,0.0 -62.608612,-12.1740071996097,0.0 -62.6087883,-12.1731453996097,0.0 -62.6091663,-12.1729479996097,0.0 -62.6092749,-12.1727999996097,0.0 -62.6090213,-12.1725231996097,0.0 -62.608639,-12.1720080996097,0.0 -62.608524,-12.1714985996097,0.0 -62.6087347,-12.1712122996097,0.0 -62.6093716,-12.1711049996097,0.0 -62.6095576,-12.1708737996097,0.0 -62.6093411,-12.1703974996098,0.0 -62.6089678,-12.1699428996098,0.0 -62.6084326,-12.1698006996098,0.0 -62.6081135,-12.1698721996098,0.0 -62.6079974,-12.1703059996098,0.0 -62.6077295,-12.1703211996098,0.0 -62.6075739,-12.1701035996098,0.0 -62.6073824,-12.1697355996098,0.0 -62.6070507,-12.1692766996098,0.0 -62.6066585,-12.1691163996098,0.0 -62.6061536,-12.1690048996098,0.0 -62.6057645,-12.1688624996098,0.0 -62.6052719,-12.1683766996098,0.0 -62.604852,-12.1677257996098,0.0 -62.6045542,-12.1669910996099,0.0 -62.6047537,-12.1662882996099,0.0 -62.6053431,-12.1665375996099,0.0 -62.606286,-12.1664678996099,0.0 -62.6068578,-12.1661584996099,0.0 -62.6071214,-12.1658284996099,0.0 -62.6071353,-12.1654679996099,0.0 -62.6066571,-12.1651002996099,0.0 -62.6061016,-12.1649395996099,0.0 -62.6053535,-12.1645597996099,0.0 -62.6049807,-12.1644705996099,0.0 -62.6049107,-12.1641727996099,0.0 -62.6056578,-12.16375209961,0.0 -62.6058663,-12.16338039961,0.0 -62.6055371,-12.16293739961,0.0 -62.6047457,-12.16248829961,0.0 -62.6049991,-12.16210839961,0.0 -62.605747,-12.16188849961,0.0 -62.6066884,-12.16149099961,0.0 -62.6071266,-12.16172749961,0.0 -62.6073619,-12.16162299961,0.0 -62.6072429,-12.16123999961,0.0 -62.6069524,-12.1603818996101,0.0 -62.606776,-12.1602384996101,0.0 -62.6063564,-12.1603165996101,0.0 -62.6052674,-12.1604117996101,0.0 -62.60439,-12.1606548996101,0.0 -62.6040669,-12.1606082996101,0.0 -62.6039069,-12.1603668996101,0.0 -62.6040151,-12.1601055996101,0.0 -62.6044041,-12.1598600996101,0.0 -62.6052814,-12.1597607996101,0.0 -62.6060341,-12.1594732996101,0.0 -62.606889,-12.1594111996101,0.0 -62.6074088,-12.1597266996101,0.0 -62.607917,-12.1596611996101,0.0 -62.6077533,-12.1593883996101,0.0 -62.6073075,-12.1589568996101,0.0 -62.6064134,-12.1583558996101,0.0 -62.6053963,-12.1576795996101,0.0 -62.6046292,-12.1573770996102,0.0 -62.6040289,-12.1572980996102,0.0 -62.6037981,-12.1570214996102,0.0 -62.6039701,-12.1565711996102,0.0 -62.6041373,-12.1559004996102,0.0 -62.6039195,-12.1553230996102,0.0 -62.6033484,-12.1545478996102,0.0 -62.6032389,-12.1537966996103,0.0 -62.6030208,-12.1531525996103,0.0 -62.6030973,-12.1528253996103,0.0 -62.6035898,-12.1524745996103,0.0 -62.6038292,-12.1521382996103,0.0 -62.6037634,-12.1516034996103,0.0 -62.6033027,-12.1510670996103,0.0 -62.6028936,-12.1501575996104,0.0 -62.6031723,-12.1496336996104,0.0 -62.6037862,-12.1492128996104,0.0 -62.6044795,-12.1493516996104,0.0 -62.605193,-12.1492890996104,0.0 -62.6053447,-12.1488428996104,0.0 -62.6051372,-12.1482525996104,0.0 -62.6051839,-12.1477585996104,0.0 -62.6056755,-12.1473993996104,0.0 -62.6060758,-12.1472397996105,0.0 -62.6062089,-12.1467751996105,0.0 -62.605904,-12.1463823996105,0.0 -62.6039115,-12.1458247996105,0.0 -62.6042202,-12.1454112996105,0.0 -62.6045099,-12.1449845996105,0.0 -62.6044169,-12.1441704996105,0.0 -62.6045958,-12.1436650996106,0.0 -62.6050163,-12.1440344996106,0.0 -62.6055985,-12.1441953996105,0.0 -62.6060998,-12.1440280996106,0.0 -62.6065846,-12.1440447996106,0.0 -62.6068337,-12.1443456996105,0.0 -62.6070138,-12.1447753996105,0.0 -62.6073389,-12.1447270996105,0.0 -62.6075157,-12.1443179996105,0.0 -62.6080355,-12.1433825996106,0.0 -62.6082625,-12.1425571996106,0.0 -62.6080759,-12.1420770996106,0.0 -62.6075068,-12.1417164996106,0.0 -62.6069266,-12.1414814996106,0.0 -62.6068326,-12.1411668996106,0.0 -62.6068387,-12.1406799996107,0.0 -62.6072377,-12.1399332996107,0.0 -62.6072037,-12.1391466996107,0.0 -62.6069391,-12.1387791996107,0.0 -62.6070086,-12.1384977996107,0.0 -62.6073532,-12.1385206996107,0.0 -62.6085942,-12.1388768996107,0.0 -62.60909,-12.1387324996107,0.0 -62.6094884,-12.1383877996107,0.0 -62.6095671,-12.1378798996107,0.0 -62.6094595,-12.1370511996108,0.0 -62.6091449,-12.1363580996108,0.0 -62.6085674,-12.1362397996108,0.0 -62.6080903,-12.1362490996108,0.0 -62.6080862,-12.1358349996108,0.0 -62.6083323,-12.1354337996108,0.0 -62.6090672,-12.1346243996108,0.0 -62.609744,-12.1334646996109,0.0 -62.6103883,-12.1332811996109,0.0 -62.6104482,-12.1328010996109,0.0 -62.6101107,-12.1323420996109,0.0 -62.6095252,-12.1319779996109,0.0 -62.6091932,-12.1313846996109,0.0 -62.6090527,-12.130562099611,0.0 -62.60898,-12.129342799611,0.0 -62.609144,-12.128877299611,0.0 -62.6097005,-12.128641399611,0.0 -62.6102493,-12.128755399611,0.0 -62.6111881,-12.129366199611,0.0 -62.61168,-12.129241399611,0.0 -62.6118205,-12.128871699611,0.0 -62.611599,-12.128431199611,0.0 -62.6112392,-12.128075099611,0.0 -62.6106058,-12.127649699611,0.0 -62.609875,-12.127630599611,0.0 -62.6089135,-12.127604499611,0.0 -62.6079126,-12.1272700996111,0.0 -62.6075607,-12.1266738996111,0.0 -62.6076387,-12.1260655996111,0.0 -62.6079272,-12.1255253996111,0.0 -62.6091973,-12.1253940996111,0.0 -62.6102499,-12.1252901996111,0.0 -62.6109525,-12.1250430996111,0.0 -62.6113578,-12.1244589996111,0.0 -62.6125542,-12.1231492996112,0.0 -62.6132777,-12.1214538996112,0.0 -62.6137054,-12.1208241996113,0.0 -62.6145003,-12.1200583996113,0.0 -62.6149529,-12.1197684996113,0.0 -62.6149224,-12.1193743996113,0.0 -62.6144608,-12.1183051996113,0.0 -62.6142454,-12.1171460996114,0.0 -62.6138701,-12.1169469996114,0.0 -62.6131505,-12.1168680996114,0.0 -62.6125339,-12.1170195996114,0.0 -62.6119492,-12.1168311996114,0.0 -62.611122,-12.1163384996114,0.0 -62.6100732,-12.1152332996114,0.0 -62.6090629,-12.1141082996115,0.0 -62.6087,-12.1125048996115,0.0 -62.6083523,-12.1122441996115,0.0 -62.6077754,-12.1122418996115,0.0 -62.6067812,-12.1126084996115,0.0 -62.6058391,-12.1130312996115,0.0 -62.6056831,-12.1123302996115,0.0 -62.606,-12.1113597996115,0.0 -62.6056634,-12.1104562996116,0.0 -62.6057471,-12.1099955996116,0.0 -62.6064081,-12.1094988996116,0.0 -62.6072606,-12.1094273996116,0.0 -62.6085165,-12.1097325996116,0.0 -62.6088411,-12.1096720996116,0.0 -62.6090398,-12.1093721996116,0.0 -62.6088271,-12.1091018996116,0.0 -62.6081294,-12.1088927996116,0.0 -62.6077452,-12.1083640996116,0.0 -62.607553,-12.1077025996116,0.0 -62.6075449,-12.1068065996117,0.0 -62.60794,-12.1056874996117,0.0 -62.6084774,-12.1051734996117,0.0 -62.6098022,-12.1049455996117,0.0 -62.6103668,-12.1046255996117,0.0 -62.6115422,-12.1032964996118,0.0 -62.6112219,-12.1030302996118,0.0 -62.6103628,-12.1033274996118,0.0 -62.6096876,-12.1032832996118,0.0 -62.6096877,-12.1030175996118,0.0 -62.6104183,-12.1026266996118,0.0 -62.6108534,-12.1021444996118,0.0 -62.6110523,-12.1013972996118,0.0 -62.6112245,-12.1004509996119,0.0 -62.6106965,-12.1003424996119,0.0 -62.6100108,-12.1007916996119,0.0 -62.6095222,-12.1006464996119,0.0 -62.6094846,-12.1001756996119,0.0 -62.6102453,-12.0987532996119,0.0 -62.6108666,-12.096987699612,0.0 -62.6107725,-12.096251599612,0.0 -62.6100287,-12.095691599612,0.0 -62.6090264,-12.095155599612,0.0 -62.608813,-12.094787399612,0.0 -62.6089942,-12.094526699612,0.0 -62.6094609,-12.094592399612,0.0 -62.610337,-12.094626899612,0.0 -62.6109811,-12.094524299612,0.0 -62.6115348,-12.0940197996121,0.0 -62.6116128,-12.0933743996121,0.0 -62.6115187,-12.0927802996121,0.0 -62.6116935,-12.0919451996121,0.0 -62.612265,-12.0912635996121,0.0 -62.6122907,-12.0907220996122,0.0 -62.611971,-12.0900296996122,0.0 -62.6118758,-12.0893624996122,0.0 -62.6119827,-12.0888121996122,0.0 -62.6128555,-12.0883227996122,0.0 -62.6134579,-12.0874326996123,0.0 -62.6134268,-12.0868021996123,0.0 -62.613358,-12.0861907996123,0.0 -62.6129064,-12.0854193996123,0.0 -62.6121411,-12.0854606996123,0.0 -62.6117384,-12.0860483996123,0.0 -62.6111893,-12.0862890996123,0.0 -62.6109136,-12.0862128996123,0.0 -62.6107629,-12.0857267996123,0.0 -62.6108107,-12.0851129996123,0.0 -62.6111667,-12.0846936996123,0.0 -62.6115559,-12.0841758996124,0.0 -62.6116128,-12.0838009996124,0.0 -62.6113872,-12.0832732996124,0.0 -62.6109069,-12.0832733996124,0.0 -62.6104444,-12.0836090996124,0.0 -62.6100272,-12.0845206996123,0.0 -62.6097747,-12.0847342996123,0.0 -62.6095408,-12.0844423996124,0.0 -62.6093219,-12.0835905996124,0.0 -62.6087884,-12.0826872996124,0.0 -62.6082209,-12.0820812996124,0.0 -62.6078059,-12.0821327996124,0.0 -62.607288,-12.0825782996124,0.0 -62.605936,-12.0817458996124,0.0 -62.6045723,-12.0807866996125,0.0 -62.6031187,-12.0802821996125,0.0 -62.6037016,-12.0792225996125,0.0 -62.6044938,-12.0787335996125,0.0 -62.6043765,-12.0782326996125,0.0 -62.6038107,-12.0778416996125,0.0 -62.6030971,-12.0772488996126,0.0 -62.6029605,-12.0763787996126,0.0 -62.6028309,-12.0756140996126,0.0 -62.6023901,-12.0757208996126,0.0 -62.6018777,-12.0766113996126,0.0 -62.6014323,-12.0772412996126,0.0 -62.6011956,-12.0777221996126,0.0 -62.6012924,-12.0783573996125,0.0 -62.6015642,-12.0788935996125,0.0 -62.6011283,-12.0793341996125,0.0 -62.6003746,-12.0785664996125,0.0 -62.599141,-12.0778076996125,0.0 -62.5993303,-12.0772822996126,0.0 -62.5994916,-12.0769287996126,0.0 -62.5991162,-12.0766557996126,0.0 -62.5987987,-12.0761909996126,0.0 -62.5984114,-12.0753664996126,0.0 -62.5983703,-12.0749433996126,0.0 -62.5986553,-12.0747617996126,0.0 -62.5991321,-12.0746647996126,0.0 -62.5990487,-12.0742721996127,0.0 -62.5985573,-12.0742785996127,0.0 -62.5978929,-12.0741795996127,0.0 -62.5972948,-12.0735458996127,0.0 -62.5968396,-12.0727405996127,0.0 -62.5965534,-12.0722958996127,0.0 -62.596275,-12.0723079996127,0.0 -62.5960689,-12.0727532996127,0.0 -62.5962497,-12.0735539996127,0.0 -62.5960133,-12.0739715996127,0.0 -62.5957041,-12.0738857996127,0.0 -62.5954624,-12.0735833996127,0.0 -62.5950365,-12.0734758996127,0.0 -62.5948139,-12.0737520996127,0.0 -62.5946589,-12.0740352996127,0.0 -62.5943866,-12.0743009996127,0.0 -62.5939792,-12.0743641996127,0.0 -62.5935607,-12.0742660996127,0.0 -62.5932816,-12.0739551996127,0.0 -62.5929872,-12.0735010996127,0.0 -62.591483,-12.0717638996127,0.0 -62.5900865,-12.0704986996128,0.0 -62.5897064,-12.0699109996128,0.0 -62.5891491,-12.0694344996128,0.0 -62.5887595,-12.0694336996128,0.0 -62.5886922,-12.0697130996128,0.0 -62.5890867,-12.0703514996128,0.0 -62.5893982,-12.0707452996128,0.0 -62.5890723,-12.0711110996128,0.0 -62.5886326,-12.0708328996128,0.0 -62.5882416,-12.0709175996128,0.0 -62.5878246,-12.0710961996127,0.0 -62.587467,-12.0709608996128,0.0 -62.5875253,-12.0704386996128,0.0 -62.5877006,-12.0699739996128,0.0 -62.5876814,-12.0696245996128,0.0 -62.5871104,-12.0696337996128,0.0 -62.5861183,-12.0697070996128,0.0 -62.585226,-12.0700222996128,0.0 -62.5846188,-12.0701829996128,0.0 -62.5841705,-12.0701221996128,0.0 -62.583886,-12.0697895996128,0.0 -62.5835417,-12.0697451996128,0.0 -62.5833422,-12.0701417996128,0.0 -62.5834507,-12.0709077996128,0.0 -62.5839415,-12.0713433996127,0.0 -62.5843159,-12.0719824996127,0.0 -62.5841279,-12.0724715996127,0.0 -62.5838277,-12.0728112996127,0.0 -62.583053,-12.0728522996127,0.0 -62.5818399,-12.0722457996127,0.0 -62.5815862,-12.0713970996127,0.0 -62.5821751,-12.0707305996128,0.0 -62.5819121,-12.0705881996128,0.0 -62.5812702,-12.0704740996128,0.0 -62.5810707,-12.0698193996128,0.0 -62.5810075,-12.0692939996128,0.0 -62.5802114,-12.0688662996128,0.0 -62.5797582,-12.0686816996128,0.0 -62.5794607,-12.0689451996128,0.0 -62.5789211,-12.0692752996128,0.0 -62.5783751,-12.0698587996128,0.0 -62.5778575,-12.0701862996128,0.0 -62.5776487,-12.0700366996128,0.0 -62.5772285,-12.0695050996128,0.0 -62.5766155,-12.0692902996128,0.0 -62.576139,-12.0692314996128,0.0 -62.5760032,-12.0689166996128,0.0 -62.5760727,-12.0685773996128,0.0 -62.5765471,-12.0683241996128,0.0 -62.5772458,-12.0678424996129,0.0 -62.5774764,-12.0675658996129,0.0 -62.5772882,-12.0673913996129,0.0 -62.5767025,-12.0667940996129,0.0 -62.5759204,-12.0662382996129,0.0 -62.5756313,-12.0656212996129,0.0 -62.5753769,-12.0650732996129,0.0 -62.5747501,-12.0647444996129,0.0 -62.5743305,-12.0646457996129,0.0 -62.5740362,-12.0650022996129,0.0 -62.5744924,-12.0655848996129,0.0 -62.5746299,-12.0661967996129,0.0 -62.5744744,-12.0667149996129,0.0 -62.5739967,-12.0668363996129,0.0 -62.5734369,-12.0666378996129,0.0 -62.5727961,-12.0660782996129,0.0 -62.5722819,-12.0653758996129,0.0 -62.5722166,-12.0649977996129,0.0 -62.572284,-12.064352599613,0.0 -62.5721089,-12.064039399613,0.0 -62.5717719,-12.063926299613,0.0 -62.5714783,-12.064057199613,0.0 -62.5711836,-12.064439199613,0.0 -62.5709284,-12.064537699613,0.0 -62.5707178,-12.064420599613,0.0 -62.5706948,-12.064103199613,0.0 -62.5709253,-12.063691999613,0.0 -62.570875,-12.063254899613,0.0 -62.5704428,-12.063074599613,0.0 -62.5697835,-12.062988199613,0.0 -62.5692681,-12.062704899613,0.0 -62.568896,-12.062150499613,0.0 -62.5684959,-12.061890299613,0.0 -62.5682748,-12.062231499613,0.0 -62.5679127,-12.062586899613,0.0 -62.5676138,-12.062662299613,0.0 -62.5672667,-12.062356799613,0.0 -62.5670751,-12.0607771996131,0.0 -62.5666766,-12.0598049996131,0.0 -62.5661478,-12.0593085996131,0.0 -62.5659233,-12.0593767996131,0.0 -62.5655492,-12.0595948996131,0.0 -62.5651922,-12.0596181996131,0.0 -62.5644717,-12.0595065996131,0.0 -62.5639476,-12.0597483996131,0.0 -62.5632941,-12.0603594996131,0.0 -62.5628528,-12.0602697996131,0.0 -62.5623936,-12.0598347996131,0.0 -62.5622899,-12.0593466996131,0.0 -62.5626076,-12.0586849996131,0.0 -62.5625426,-12.0584068996131,0.0 -62.5618636,-12.0582748996131,0.0 -62.5614454,-12.0581219996131,0.0 -62.5615315,-12.0576445996132,0.0 -62.5618288,-12.0572003996132,0.0 -62.5616664,-12.0570207996132,0.0 -62.5613635,-12.0569330996132,0.0 -62.5609258,-12.0571896996132,0.0 -62.5600701,-12.0575725996132,0.0 -62.5595026,-12.0574655996132,0.0 -62.5592049,-12.0571913996132,0.0 -62.5591699,-12.0568362996132,0.0 -62.5593156,-12.0564313996132,0.0 -62.5592288,-12.0560426996132,0.0 -62.5587654,-12.0559647996132,0.0 -62.5581672,-12.0559389996132,0.0 -62.5572063,-12.0559489996132,0.0 -62.5558657,-12.0560619996132,0.0 -62.5552302,-12.0558641996132,0.0 -62.554824,-12.0554766996132,0.0 -62.5551786,-12.0549241996132,0.0 -62.5557126,-12.0544284996133,0.0 -62.5558476,-12.0540296996133,0.0 -62.5551771,-12.0538729996133,0.0 -62.5532548,-12.0537705996133,0.0 -62.5530222,-12.0534084996133,0.0 -62.5533635,-12.0525489996133,0.0 -62.5535627,-12.0513334996133,0.0 -62.5531861,-12.0509525996134,0.0 -62.552663,-12.0510009996134,0.0 -62.5525198,-12.0514640996133,0.0 -62.5525261,-12.0520771996133,0.0 -62.552387,-12.0525652996133,0.0 -62.5520342,-12.0525535996133,0.0 -62.5518993,-12.0521614996133,0.0 -62.5520445,-12.0516346996133,0.0 -62.5519603,-12.0512391996133,0.0 -62.5510488,-12.0508613996134,0.0 -62.5495957,-12.0507770996134,0.0 -62.5488879,-12.0503138996134,0.0 -62.5477621,-12.0493161996134,0.0 -62.5463669,-12.0486263996134,0.0 -62.5451714,-12.0480064996134,0.0 -62.5463233,-12.0464919996135,0.0 -62.5467645,-12.0456229996135,0.0 -62.5462063,-12.0444185996136,0.0 -62.5460001,-12.0435095996136,0.0 -62.5464801,-12.0420971996136,0.0 -62.5465134,-12.0407454996137,0.0 -62.5475237,-12.0397023996137,0.0 -62.5481935,-12.0384534996137,0.0 -62.5479669,-12.0377886996138,0.0 -62.5472651,-12.0384347996137,0.0 -62.5461821,-12.0390720996137,0.0 -62.5458673,-12.0389084996137,0.0 -62.5457616,-12.0383916996137,0.0 -62.5462581,-12.0373495996138,0.0 -62.5461859,-12.0369060996138,0.0 -62.545947,-12.0364574996138,0.0 -62.5453935,-12.0359271996138,0.0 -62.5452387,-12.0352723996138,0.0 -62.5455402,-12.0346024996139,0.0 -62.5452668,-12.0343399996139,0.0 -62.5446237,-12.0337263996139,0.0 -62.5442815,-12.0330591996139,0.0 -62.5439521,-12.0331033996139,0.0 -62.5437832,-12.0338380996139,0.0 -62.543398,-12.0341546996139,0.0 -62.5429749,-12.0338703996139,0.0 -62.5425833,-12.0336436996139,0.0 -62.5421845,-12.0337185996139,0.0 -62.5418141,-12.0335415996139,0.0 -62.541622,-12.0332214996139,0.0 -62.5416255,-12.0324326996139,0.0 -62.5412743,-12.0321882996139,0.0 -62.5407937,-12.0320994996139,0.0 -62.5404571,-12.0317973996139,0.0 -62.5402051,-12.0317066996139,0.0 -62.5398834,-12.0319402996139,0.0 -62.5397934,-12.0325256996139,0.0 -62.5397253,-12.0327824996139,0.0 -62.5394585,-12.0328385996139,0.0 -62.5392699,-12.0327554996139,0.0 -62.5389118,-12.0321083996139,0.0 -62.5386343,-12.0318940996139,0.0 -62.5380936,-12.0318677996139,0.0 -62.5376947,-12.0318569996139,0.0 -62.5374209,-12.0316257996139,0.0 -62.537261,-12.0312874996139,0.0 -62.5375643,-12.030896699614,0.0 -62.5383745,-12.030734899614,0.0 -62.538602,-12.030454499614,0.0 -62.5385922,-12.030082599614,0.0 -62.5384446,-12.029415799614,0.0 -62.538203,-12.028850599614,0.0 -62.5375843,-12.028966799614,0.0 -62.5368125,-12.029621699614,0.0 -62.53661,-12.029407199614,0.0 -62.5366501,-12.028520999614,0.0 -62.536443,-12.0279281996141,0.0 -62.536161,-12.0275978996141,0.0 -62.5346549,-12.0272993996141,0.0 -62.5338987,-12.0271586996141,0.0 -62.5334695,-12.0274954996141,0.0 -62.5332787,-12.0279480996141,0.0 -62.5328037,-12.028087899614,0.0 -62.532153,-12.0278043996141,0.0 -62.5318645,-12.0274465996141,0.0 -62.5316109,-12.0271386996141,0.0 -62.5312526,-12.0271867996141,0.0 -62.5310943,-12.0275614996141,0.0 -62.5311505,-12.0279259996141,0.0 -62.5308851,-12.028325999614,0.0 -62.5304875,-12.028505799614,0.0 -62.5301112,-12.028534999614,0.0 -62.5300227,-12.0279118996141,0.0 -62.5298357,-12.0275332996141,0.0 -62.529433,-12.0274017996141,0.0 -62.5290942,-12.0271475996141,0.0 -62.5290715,-12.0266668996141,0.0 -62.5288999,-12.0263439996141,0.0 -62.5285731,-12.0263807996141,0.0 -62.5282019,-12.0267362996141,0.0 -62.5275836,-12.0267904996141,0.0 -62.5269704,-12.0265851996141,0.0 -62.5263578,-12.0265341996141,0.0 -62.5261508,-12.0262856996141,0.0 -62.5261526,-12.0259766996141,0.0 -62.5265957,-12.0254947996141,0.0 -62.5265819,-12.0252530996141,0.0 -62.5263501,-12.0251156996141,0.0 -62.5258153,-12.0252723996141,0.0 -62.5251915,-12.0253896996141,0.0 -62.524879,-12.0248511996141,0.0 -62.5245965,-12.0244727996142,0.0 -62.5241657,-12.0243470996142,0.0 -62.5235564,-12.0242708996142,0.0 -62.5231921,-12.0241859996142,0.0 -62.5230886,-12.0239776996142,0.0 -62.5232531,-12.0236168996142,0.0 -62.5236652,-12.0230978996142,0.0 -62.5238187,-12.0226728996142,0.0 -62.5230853,-12.0221590996142,0.0 -62.5226674,-12.0217831996142,0.0 -62.5223181,-12.0216098996142,0.0 -62.5220868,-12.0219086996142,0.0 -62.5219033,-12.0225529996142,0.0 -62.5215759,-12.0226088996142,0.0 -62.5214177,-12.0218822996142,0.0 -62.5214736,-12.0212123996143,0.0 -62.5210544,-12.0209157996143,0.0 -62.5207058,-12.0212623996143,0.0 -62.5207435,-12.0218352996142,0.0 -62.5206344,-12.0221871996142,0.0 -62.5203885,-12.0221691996142,0.0 -62.5201327,-12.0218814996142,0.0 -62.5199521,-12.0212235996143,0.0 -62.5197391,-12.0203241996143,0.0 -62.5201512,-12.0199554996143,0.0 -62.5207413,-12.0197202996143,0.0 -62.5206118,-12.0193971996143,0.0 -62.5200202,-12.0188649996143,0.0 -62.5195828,-12.0180714996143,0.0 -62.5192603,-12.0177371996144,0.0 -62.5186223,-12.0178182996144,0.0 -62.5179198,-12.0176953996144,0.0 -62.5173408,-12.0175959996144,0.0 -62.5167179,-12.0171263996144,0.0 -62.5161283,-12.0169265996144,0.0 -62.5152606,-12.0169331996144,0.0 -62.5150743,-12.0167458996144,0.0 -62.5151904,-12.0164728996144,0.0 -62.5161723,-12.0157318996144,0.0 -62.5164085,-12.0153130996144,0.0 -62.5161438,-12.0148559996144,0.0 -62.5156936,-12.0144723996145,0.0 -62.5152224,-12.0144035996145,0.0 -62.514631,-12.0142275996145,0.0 -62.514336,-12.0139142996145,0.0 -62.5146773,-12.0134714996145,0.0 -62.5147331,-12.0131219996145,0.0 -62.5142222,-12.0129918996145,0.0 -62.5139871,-12.0126220996145,0.0 -62.5139618,-12.0114426996145,0.0 -62.513702,-12.0106477996146,0.0 -62.513895,-12.0102872996146,0.0 -62.5144658,-12.0103090996146,0.0 -62.5151252,-12.0104331996146,0.0 -62.5154669,-12.0101738996146,0.0 -62.5153837,-12.0098468996146,0.0 -62.5148508,-12.0095595996146,0.0 -62.5141184,-12.0095495996146,0.0 -62.5135138,-12.0098333996146,0.0 -62.5131764,-12.0098795996146,0.0 -62.5130334,-12.0096241996146,0.0 -62.5132571,-12.0091331996146,0.0 -62.5139197,-12.0088989996146,0.0 -62.5142128,-12.0086360996146,0.0 -62.514358,-12.0081318996146,0.0 -62.5141418,-12.0076513996147,0.0 -62.5136377,-12.0068923996147,0.0 -62.5132927,-12.0072846996147,0.0 -62.5125126,-12.0082527996146,0.0 -62.5118915,-12.0084572996146,0.0 -62.51147,-12.0083119996146,0.0 -62.5110401,-12.0074823996147,0.0 -62.510554,-12.0075131996147,0.0 -62.5106557,-12.0079690996147,0.0 -62.5104861,-12.0086610996146,0.0 -62.5101084,-12.0087547996146,0.0 -62.5095281,-12.0079098996147,0.0 -62.5090785,-12.0078420996147,0.0 -62.5084055,-12.0081525996146,0.0 -62.5079639,-12.0081790996147,0.0 -62.5071383,-12.0079962996147,0.0 -62.5067744,-12.0081892996146,0.0 -62.5061507,-12.0083119996146,0.0 -62.5057592,-12.0080349996146,0.0 -62.505555,-12.0076595996147,0.0 -62.5048182,-12.0067758996147,0.0 -62.504483,-12.0062884996147,0.0 -62.5042442,-12.0060997996147,0.0 -62.5038148,-12.0062698996147,0.0 -62.5036798,-12.0069496996147,0.0 -62.5032277,-12.0068715996147,0.0 -62.5023475,-12.0064315996147,0.0 -62.5013932,-12.0064293996147,0.0 -62.5008896,-12.0069370996147,0.0 -62.5009836,-12.0077824996147,0.0 -62.501374,-12.0084234996146,0.0 -62.5012297,-12.0090092996146,0.0 -62.5004621,-12.0091249996146,0.0 -62.4992895,-12.0085363996146,0.0 -62.4981439,-12.0084148996146,0.0 -62.4968152,-12.0084233996146,0.0 -62.4964243,-12.0075044996147,0.0 -62.4959598,-12.0069851996147,0.0 -62.4953758,-12.0067786996147,0.0 -62.494459,-12.0069459996147,0.0 -62.4939897,-12.0067533996147,0.0 -62.4939965,-12.0063412996147,0.0 -62.4946589,-12.0059031996147,0.0 -62.4954784,-12.0057825996147,0.0 -62.4953523,-12.0053887996147,0.0 -62.4946617,-12.0052834996147,0.0 -62.4934161,-12.0053141996147,0.0 -62.4923097,-12.0053620996147,0.0 -62.4914378,-12.0051003996147,0.0 -62.48992,-12.0039434996148,0.0 -62.4888341,-12.0037516996148,0.0 -62.4880898,-12.0036014996148,0.0 -62.4877526,-12.0033861996148,0.0 -62.487762,-12.0030691996148,0.0 -62.4888566,-12.0026566996148,0.0 -62.4887787,-12.0022025996148,0.0 -62.488186,-12.0014213996149,0.0 -62.4872259,-12.0010065996149,0.0 -62.486659,-12.0012599996149,0.0 -62.4862845,-12.0010597996149,0.0 -62.4862871,-12.0002813996149,0.0 -62.4858192,-11.9997156996149,0.0 -62.4853746,-11.9994232996149,0.0 -62.484695,-11.9989420996149,0.0 -62.483832,-11.998133699615,0.0 -62.4839438,-11.997792599615,0.0 -62.4847135,-11.997508199615,0.0 -62.4845038,-11.997017799615,0.0 -62.4839933,-11.996554499615,0.0 -62.483571,-11.996176899615,0.0 -62.4832549,-11.996042199615,0.0 -62.4828998,-11.996147499615,0.0 -62.4828334,-11.996545699615,0.0 -62.4831071,-11.996859099615,0.0 -62.4830726,-11.997260299615,0.0 -62.4826005,-11.997248899615,0.0 -62.4815111,-11.996945399615,0.0 -62.4799823,-11.996977999615,0.0 -62.4793411,-11.996658199615,0.0 -62.4791271,-11.995940399615,0.0 -62.4788347,-11.995277899615,0.0 -62.4789397,-11.9946855996151,0.0 -62.480038,-11.9940401996151,0.0 -62.479739,-11.9935428996151,0.0 -62.4788887,-11.9934688996151,0.0 -62.4788081,-11.9929405996151,0.0 -62.4789576,-11.9916928996151,0.0 -62.4789206,-11.9908601996152,0.0 -62.4793612,-11.9904844996152,0.0 -62.4795544,-11.9900670996152,0.0 -62.480063,-11.9892605996152,0.0 -62.481586,-11.9884758996152,0.0 -62.4820203,-11.9880462996153,0.0 -62.4816829,-11.9876261996153,0.0 -62.4808419,-11.9878823996153,0.0 -62.4803346,-11.9878057996153,0.0 -62.4796665,-11.9875099996153,0.0 -62.4786584,-11.9872664996153,0.0 -62.4785572,-11.9868379996153,0.0 -62.4788006,-11.9861333996153,0.0 -62.4786133,-11.9856079996153,0.0 -62.4781624,-11.9852355996153,0.0 -62.4776327,-11.9848425996154,0.0 -62.4774555,-11.9843072996154,0.0 -62.4775728,-11.9839455996154,0.0 -62.4780807,-11.9831719996154,0.0 -62.4778764,-11.9828508996154,0.0 -62.4772395,-11.9831044996154,0.0 -62.4766654,-11.9835820996154,0.0 -62.4763314,-11.9833685996154,0.0 -62.4762221,-11.9825352996154,0.0 -62.4758264,-11.9822400996154,0.0 -62.4750761,-11.9820019996154,0.0 -62.4737882,-11.9819739996154,0.0 -62.4728129,-11.9824687996154,0.0 -62.4708433,-11.9829219996154,0.0 -62.4700353,-11.9829946996154,0.0 -62.4695927,-11.9825780996154,0.0 -62.4691216,-11.9816741996154,0.0 -62.468714,-11.9808945996155,0.0 -62.4691688,-11.9804982996155,0.0 -62.4692444,-11.9811136996155,0.0 -62.4696307,-11.9812725996155,0.0 -62.4700418,-11.9810542996155,0.0 -62.4704331,-11.9804299996155,0.0 -62.4703573,-11.9797631996155,0.0 -62.4696578,-11.9799445996155,0.0 -62.4690027,-11.9798591996155,0.0 -62.4685815,-11.9794848996155,0.0 -62.4681396,-11.9785884996155,0.0 -62.4675755,-11.9783168996155,0.0 -62.4672078,-11.9787084996155,0.0 -62.4669893,-11.9797210996155,0.0 -62.4669055,-11.9803079996155,0.0 -62.4665136,-11.9807167996155,0.0 -62.4662658,-11.9799352996155,0.0 -62.4667721,-11.9779965996156,0.0 -62.4671338,-11.9769616996156,0.0 -62.4669129,-11.9764003996156,0.0 -62.4659572,-11.9753151996156,0.0 -62.4651754,-11.9740524996157,0.0 -62.4650511,-11.9730697996157,0.0 -62.4644907,-11.9731424996157,0.0 -62.4648119,-11.9739657996157,0.0 -62.4647342,-11.9746497996157,0.0 -62.4643493,-11.9745870996157,0.0 -62.4639439,-11.9738819996157,0.0 -62.4632271,-11.9728519996157,0.0 -62.4624618,-11.9722135996157,0.0 -62.4614576,-11.9719946996157,0.0 -62.4607579,-11.9722614996157,0.0 -62.4604846,-11.9722989996157,0.0 -62.4604805,-11.9719307996157,0.0 -62.460887,-11.9712728996158,0.0 -62.4608787,-11.9708359996158,0.0 -62.4601894,-11.9701475996158,0.0 -62.4590184,-11.9696259996158,0.0 -62.4584014,-11.9696915996158,0.0 -62.4580654,-11.9701314996158,0.0 -62.4577694,-11.9700110996158,0.0 -62.4579224,-11.9687416996158,0.0 -62.4576678,-11.9683268996158,0.0 -62.4573969,-11.9683029996158,0.0 -62.4571041,-11.9687029996158,0.0 -62.456828,-11.9698263996158,0.0 -62.4565613,-11.9700100996158,0.0 -62.4562918,-11.9698809996158,0.0 -62.4563315,-11.9689393996158,0.0 -62.455879,-11.9686999996158,0.0 -62.4558329,-11.9693217996158,0.0 -62.4555999,-11.9701896996158,0.0 -62.455237,-11.9702594996158,0.0 -62.4551618,-11.9697895996158,0.0 -62.4549016,-11.9691737996158,0.0 -62.4549989,-11.9679937996159,0.0 -62.4544653,-11.9678813996159,0.0 -62.4530967,-11.9685101996158,0.0 -62.4530025,-11.9684040996158,0.0 -62.4528884,-11.9682755996159,0.0 -62.452841,-11.9682221996159,0.0 -62.4528343,-11.9682145996159,0.0 -62.4528272,-11.9682066996159,0.0 -62.4527972,-11.9681727996159,0.0 -62.4527922,-11.9681672996158,0.0 -62.4527895,-11.9681641996159,0.0 -62.4524823,-11.9678182996159,0.0 -62.4530682,-11.9666094996159,0.0 -62.4514297,-11.9650016996159,0.0 -62.4499013,-11.963123799616,0.0 -62.4483137,-11.961997699616,0.0 -62.448182,-11.9610179996161,0.0 -62.445206,-11.9613124996161,0.0 -62.4446764,-11.9590915996161,0.0 -62.4412595,-11.9587707996161,0.0 -62.4396771,-11.9557478996162,0.0 -62.4384297,-11.9528052996163,0.0 -62.4394281,-11.9504198996164,0.0 -62.4393678,-11.9485151996164,0.0 -62.4390378,-11.9476227996165,0.0 -62.4380126,-11.9471770996165,0.0 -62.4382873,-11.9453519996165,0.0 -62.436515,-11.9444836996166,0.0 -62.4364317,-11.9427237996166,0.0 -62.4353439,-11.9404718996167,0.0 -62.4330094,-11.9410433996167,0.0 -62.4311191,-11.9405077996167,0.0 -62.4311782,-11.9382773996168,0.0 -62.4288548,-11.9375496996168,0.0 -62.4272641,-11.9370517996168,0.0 -62.428318,-11.9336997996169,0.0 -62.4233717,-11.9338920996169,0.0 -62.4232295,-11.931683599617,0.0 -62.4220652,-11.931395899617,0.0 -62.420793,-11.9327493996169,0.0 -62.4197296,-11.930775899617,0.0 -62.4187862,-11.931421399617,0.0 -62.4180149,-11.930244799617,0.0 -62.416874,-11.928996899617,0.0 -62.4155971,-11.9283650996171,0.0 -62.414955,-11.9269143996171,0.0 -62.413623,-11.9260765996171,0.0 -62.4133944,-11.9275870996171,0.0 -62.4117595,-11.9278520996171,0.0 -62.4101221,-11.9271736996171,0.0 -62.4088174,-11.9262983996171,0.0 -62.4082077,-11.9252368996172,0.0 -62.4086228,-11.9241397996172,0.0 -62.4061543,-11.9238814996172,0.0 -62.4065929,-11.9226529996172,0.0 -62.4075358,-11.9213701996173,0.0 -62.4057614,-11.9195607996173,0.0 -62.4065334,-11.9189560996173,0.0 -62.4060373,-11.9177363996174,0.0 -62.4075444,-11.9168773996174,0.0 -62.4072878,-11.9154428996174,0.0 -62.405626,-11.9151607996175,0.0 -62.4040713,-11.9159952996174,0.0 -62.4039891,-11.9139040996175,0.0 -62.4024789,-11.9140721996175,0.0 -62.4014865,-11.9122744996175,0.0 -62.4000697,-11.9113038996176,0.0 -62.3993421,-11.9103138996176,0.0 -62.3963488,-11.9115219996176,0.0 -62.395346,-11.9093852996176,0.0 -62.3939581,-11.9087548996176,0.0 -62.3920625,-11.9083631996177,0.0 -62.3916135,-11.9084864996177,0.0 -62.3907885,-11.9087130996177,0.0 -62.3890126,-11.9083357996177,0.0 -62.38623,-11.9056883996177,0.0 -62.3847064,-11.9062514996177,0.0 -62.3860111,-11.9077608996177,0.0 -62.3829035,-11.9072892996177,0.0 -62.3805952,-11.9057566996177,0.0 -62.3797875,-11.9048485996178,0.0 -62.3787051,-11.9058122996177,0.0 -62.3779852,-11.9050707996178,0.0 -62.3749582,-11.9060468996177,0.0 -62.376766,-11.9067187996177,0.0 -62.3745423,-11.9089684996176,0.0 -62.3741511,-11.9076013996177,0.0 -62.3710699,-11.9084000996177,0.0 -62.3680082,-11.9079886996177,0.0 -62.3674599,-11.9056925996177,0.0 -62.3645122,-11.9053422996177,0.0 -62.3644279,-11.9065093996177,0.0 -62.3629798,-11.9063352996177,0.0 -62.3616525,-11.9070715996177,0.0 -62.3581759,-11.9038890996178,0.0 -62.3579596,-11.9039008996178,0.0 -62.3535362,-11.9041487996178,0.0 -62.3503981,-11.9048342996178,0.0 -62.3505386,-11.9033977996178,0.0 -62.3494263,-11.9030624996178,0.0 -62.3474823,-11.9013656996179,0.0 -62.345985,-11.9004247996179,0.0 -62.3470421,-11.8990240996179,0.0 -62.3447082,-11.897812299618,0.0 -62.3433706,-11.8990510996179,0.0 -62.3420413,-11.897988799618,0.0 -62.3412593,-11.9002766996179,0.0 -62.3392311,-11.8994497996179,0.0 -62.337977,-11.898413099618,0.0 -62.3372281,-11.8954957996181,0.0 -62.3351452,-11.896147599618,0.0 -62.3330922,-11.895679399618,0.0 -62.3304306,-11.896027599618,0.0 -62.3255133,-11.9006834996179,0.0 -62.3254554,-11.9018221996179,0.0 -62.3239297,-11.9011505996179,0.0 -62.324486,-11.9028531996178,0.0 -62.3233747,-11.9040486996178,0.0 -62.322097,-11.9021181996178,0.0 -62.3213754,-11.9029960996178,0.0 -62.3211753,-11.9032391996178,0.0 -62.3202582,-11.9009712996179,0.0 -62.3187896,-11.9009335996179,0.0 -62.3195685,-11.9029789996178,0.0 -62.3180405,-11.9022616996178,0.0 -62.3158452,-11.9046463996178,0.0 -62.3158998,-11.9013312996179,0.0 -62.3140365,-11.9007589996179,0.0 -62.3125437,-11.9035931996178,0.0 -62.3121221,-11.9015489996179,0.0 -62.3113785,-11.9010495996179,0.0 -62.309704,-11.8999255996179,0.0 -62.3081544,-11.898530199618,0.0 -62.3072302,-11.898306499618,0.0 -62.3070611,-11.9006759996179,0.0 -62.3048292,-11.9007839996179,0.0 -62.3015118,-11.896864199618,0.0 -62.3011734,-11.8951353996181,0.0 -62.3028982,-11.8945093996181,0.0 -62.3002587,-11.8940499996181,0.0 -62.2993845,-11.8926652996181,0.0 -62.2969523,-11.8925274996181,0.0 -62.2906731,-11.8950004996181,0.0 -62.2921481,-11.895791099618,0.0 -62.2915957,-11.8993276996179,0.0 -62.2881511,-11.9008327996179,0.0 -62.2861798,-11.9009348996179,0.0 -62.2844567,-11.8992380996179,0.0 -62.2837319,-11.8991382996179,0.0 -62.2820949,-11.8989109996179,0.0 -62.2827565,-11.9004604996179,0.0 -62.2803408,-11.9006837996179,0.0 -62.2811221,-11.9030893996178,0.0 -62.2791793,-11.9035549996178,0.0 -62.2784842,-11.9042476996178,0.0 -62.2765327,-11.9028905996178,0.0 -62.2737049,-11.9019779996179,0.0 -62.2736162,-11.9036208996178,0.0 -62.2706211,-11.9026405996178,0.0 -62.2716275,-11.9043581996178,0.0 -62.2700053,-11.9047365996178,0.0 -62.2689304,-11.9041481996178,0.0 -62.2676507,-11.9060934996177,0.0 -62.2642062,-11.9036862996178,0.0 -62.2626231,-11.9020291996178,0.0 -62.2622647,-11.9032590996178,0.0 -62.2582384,-11.9010101996179,0.0 -62.2578166,-11.9033872996178,0.0 -62.2535932,-11.9025712996178,0.0 -62.2500297,-11.9007447996179,0.0 -62.2490639,-11.9003895996179,0.0 -62.2462,-11.9014914996179,0.0 -62.2439822,-11.9017920996179,0.0 -62.2415108,-11.9032703996178,0.0 -62.2439007,-11.9057352996177,0.0 -62.2413414,-11.9082799996177,0.0 -62.2360114,-11.9103423996176,0.0 -62.2324861,-11.9087761996176,0.0 -62.2322378,-11.9080364996177,0.0 -62.2263013,-11.8903682996182,0.0 -62.2067012,-11.83199349962,0.0 -62.2024842,-11.83128139962,0.0 -62.1992863,-11.8278776996201,0.0 -62.1946467,-11.8274569996201,0.0 -62.1933175,-11.8284433996201,0.0 -62.189455,-11.8279457996201,0.0 -62.1839296,-11.8356613996199,0.0 -62.178065,-11.8418310996197,0.0 -62.1769512,-11.8466435996195,0.0 -62.1754797,-11.8502079996194,0.0 -62.1733181,-11.8522203996194,0.0 -62.1739565,-11.8545601996193,0.0 -62.1772629,-11.8585763996192,0.0 -62.1794842,-11.8622276996191,0.0 -62.1822877,-11.8656964996189,0.0 -62.1826193,-11.8672605996189,0.0 -62.1778741,-11.8679355996189,0.0 -62.1752044,-11.8695425996188,0.0 -62.1700368,-11.8711055996188,0.0 -62.1634528,-11.8719181996188,0.0 -62.1628257,-11.8717999996188,0.0 -62.1575937,-11.8708165996188,0.0 -62.1542271,-11.8656463996189,0.0 -62.149202,-11.8600299996191,0.0 -62.1407002,-11.8526583996193,0.0 -62.1341189,-11.8511788996194,0.0 -62.1319029,-11.8473385996195,0.0 -62.1292919,-11.8466039996195,0.0 -62.1271825,-11.8451385996196,0.0 -62.1264325,-11.8446179996196,0.0 -62.1240931,-11.8468716996195,0.0 -62.1212866,-11.8457045996196,0.0 -62.1200371,-11.8429275996196,0.0 -62.1165139,-11.8433150996196,0.0 -62.1138985,-11.8424917996196,0.0 -62.1106776,-11.8424218996196,0.0 -62.1065365,-11.8440189996196,0.0 -62.1024527,-11.8453170996196,0.0 -62.0975677,-11.8428191996196,0.0 -62.0941221,-11.8393184996197,0.0 -62.0923189,-11.8395038996197,0.0 -62.0921327,-11.8400340996197,0.0 -62.0913112,-11.8423656996197,0.0 -62.0917128,-11.8428451996196,0.0 -62.0914372,-11.8462496996195,0.0 -62.0906656,-11.8504179996194,0.0 -62.0905086,-11.8526510996193,0.0 -62.0898543,-11.8570891996192,0.0 -62.0890951,-11.8580548996192,0.0 -62.0888583,-11.8608115996191,0.0 -62.0879833,-11.862857199619,0.0 -62.0879737,-11.8656898996189,0.0 -62.0870122,-11.8707915996188,0.0 -62.0862491,-11.8728008996187,0.0 -62.0840447,-11.8765207996186,0.0 -62.0806036,-11.8772166996186,0.0 -62.0766734,-11.8774273996186,0.0 -62.0736125,-11.8773805996186,0.0 -62.0721019,-11.8770040996186,0.0 -62.0705936,-11.8761795996186,0.0 -62.0681269,-11.8735379996187,0.0 -62.0676956,-11.8730760996187,0.0 -62.0643792,-11.8700102996188,0.0 -62.0623057,-11.8686991996189,0.0 -62.058608,-11.8670468996189,0.0 -62.0564173,-11.8667404996189,0.0 -62.0542618,-11.8671578996189,0.0 -62.0530269,-11.8672204996189,0.0 -62.0504378,-11.8673516996189,0.0 -62.0488996,-11.8680615996189,0.0 -62.0456764,-11.8683593996189,0.0 -62.0409762,-11.8664931996189,0.0 -62.0364306,-11.864291899619,0.0 -62.035476,-11.864022299619,0.0 -62.031986,-11.864863099619,0.0 -62.029732,-11.863808499619,0.0 -62.0287078,-11.8604857996191,0.0 -62.0239567,-11.8584690996192,0.0 -62.0197863,-11.8578076996192,0.0 -62.0155398,-11.8585889996192,0.0 -62.0123668,-11.8615654996191,0.0 -62.0072264,-11.8681118996189,0.0 -62.0042097,-11.8691918996188,0.0 -62.0005404,-11.8674939996189,0.0 -61.994678,-11.8691311996188,0.0 -61.9913976,-11.8700472996188,0.0 -61.9865934,-11.8677850996189,0.0 -61.9851807,-11.8668587996189,0.0 -61.9810066,-11.865130699619,0.0 -61.9797714,-11.864839999619,0.0 -61.9781775,-11.864465199619,0.0 -61.9747048,-11.8681640996189,0.0 -61.9719528,-11.8679362996189,0.0 -61.9691477,-11.864636699619,0.0 -61.9668406,-11.863607099619,0.0 -61.9651724,-11.864648199619,0.0 -61.9618127,-11.8690794996188,0.0 -61.9577154,-11.8671624996189,0.0 -61.9555394,-11.8661443996189,0.0 -61.9525376,-11.864276399619,0.0 -61.9490604,-11.864084699619,0.0 -61.9435336,-11.864417799619,0.0 -61.9402043,-11.863881399619,0.0 -61.9328964,-11.862705499619,0.0 -61.9316171,-11.863862899619,0.0 -61.9295896,-11.8663842996189,0.0 -61.9236734,-11.8663684996189,0.0 -61.9210922,-11.8668693996189,0.0 -61.9233686,-11.8773011996186,0.0 -61.9222558,-11.8823224996184,0.0 -61.920762,-11.8877235996183,0.0 -61.9190104,-11.8906737996182,0.0 -61.91518,-11.8906305996182,0.0 -61.9127064,-11.8917110996182,0.0 -61.905477,-11.8920596996182,0.0 -61.900483,-11.8920404996182,0.0 -61.8993655,-11.896849699618,0.0 -61.8972819,-11.897829599618,0.0 -61.8948444,-11.9005677996179,0.0 -61.8951737,-11.9046351996178,0.0 -61.890527,-11.9068117996177,0.0 -61.886511,-11.9088301996176,0.0 -61.8871306,-11.9271548996171,0.0 -61.8884353,-11.9657110996159,0.0 -61.8902318,-11.964794499616,0.0 -61.8930116,-11.9653433996159,0.0 -61.8942586,-11.9649860996159,0.0 -61.8950941,-11.9652226996159,0.0 -61.8968008,-11.964786099616,0.0 -61.8990908,-11.9653262996159,0.0 -61.9004845,-11.9661566996159,0.0 -61.9012857,-11.9659442996159,0.0 -61.9018997,-11.9655525996159,0.0 -61.9032534,-11.9669575996159,0.0 -61.9058149,-11.9681137996158,0.0 -61.9066732,-11.9701688996158,0.0 -61.9080912,-11.9703182996158,0.0 -61.9084296,-11.9718367996157,0.0 -61.9091249,-11.9726525996157,0.0 -61.9099575,-11.9731686996157,0.0 -61.914121,-11.9744771996157,0.0 -61.9145387,-11.9749403996156,0.0 -61.9143691,-11.9754837996156,0.0 -61.9138695,-11.9756132996156,0.0 -61.9138164,-11.9763406996156,0.0 -61.9149852,-11.9767299996156,0.0 -61.9167305,-11.9763845996156,0.0 -61.9175313,-11.9759714996156,0.0 -61.9178145,-11.9758246996156,0.0 -61.9187056,-11.9749223996157,0.0 -61.9193106,-11.9738758996157,0.0 -61.9202593,-11.9736512996157,0.0 -61.9215062,-11.9738851996157,0.0 -61.9224812,-11.9736508996157,0.0 -61.9234292,-11.9727112996157,0.0 -61.9242665,-11.9723849996157,0.0 -61.9249196,-11.9725440996157,0.0 -61.925138,-11.9729116996157,0.0 -61.9259364,-11.9730729996157,0.0 -61.9260603,-11.9741663996157,0.0 -61.9263474,-11.9746520996157,0.0 -61.9268542,-11.9747408996157,0.0 -61.926749,-11.9735009996157,0.0 -61.9269927,-11.9726338996157,0.0 -61.9274891,-11.9720536996157,0.0 -61.9286668,-11.9729660996157,0.0 -61.9300418,-11.9729956996157,0.0 -61.9307472,-11.9734946996157,0.0</coordinates>
</LinearRing>
</outerBoundaryIs>
</Polygon>
</MultiGeometry>
</Placemark>
<Placemark id="13. Referência">
<name>TQ - Pedras Negras [234]</name>
<visibility>0</visibility>
<snippet> </snippet>
<description>&lt;center&gt;&lt;table&gt;&lt;tr&gt;&lt;th colspan='2' align='center'&gt;&lt;em&gt;Attributes&lt;/em&gt;&lt;/th&gt;&lt;/tr&gt;&lt;tr bgcolor="#E3E3F3"&gt;
&lt;th&gt;COD_TQ&lt;/th&gt;
&lt;td&gt;234&lt;/td&gt;
&lt;/tr&gt;&lt;tr bgcolor=""&gt;
&lt;th&gt;NOM_TQ&lt;/th&gt;
&lt;td&gt;Pedras Negras&lt;/td&gt;
&lt;/tr&gt;&lt;/table&gt;&lt;/center&gt;</description>
<Style>
<IconStyle>
<scale>0.7</scale>
</IconStyle>
<LabelStyle>
<scale>0.7</scale>
</LabelStyle>
<LineStyle>
<color>ffffaaff</color>
<width>3</width>
<gx:labelVisibility>1</gx:labelVisibility>
</LineStyle>
<PolyStyle>
<color>33ffaaff</color>
</PolyStyle>
</Style>
<ExtendedData>
<SchemaData schemaUrl="#kml_schema_ft_Território_Quilombola">
<SimpleData name="COD_TQ">234</SimpleData>
<SimpleData name="NOM_TQ">Pedras Negras</SimpleData>
</SchemaData>
</ExtendedData>
<Polygon>
<extrude>0</extrude>
<tessellate>1</tessellate>
<outerBoundaryIs>
<LinearRing>
<coordinates>-62.8159409050607,-12.8674810013707,0.0 -62.8159409039999,-12.867481002589,0.0 -62.8153044093989,-12.8672569137696,0.0 -62.8136257,-12.8666658995889,0.0 -62.8100991,-12.865995199589,0.0 -62.8086279,-12.8666253995889,0.0 -62.8086278799565,-12.8666253971791,0.0 -62.808627879,-12.8666253975888,0.0 -62.802741031,-12.8659176355889,0.0 -62.7997089969188,-12.8651719697288,0.0 -62.7977105,-12.864680499589,0.0 -62.7977105141121,-12.8646804843559,0.0 -62.79771045,-12.8646804685889,0.0 -62.8004121005412,-12.8617643069656,0.0 -62.8011298,-12.8609895995891,0.0 -62.7980207730832,-12.8602586898934,0.0 -62.7949952399999,-12.8595474445891,0.0 -62.7912260533667,-12.8605827145023,0.0 -62.7884407,-12.8613477995891,0.0 -62.7883871185683,-12.8624461642634,0.0 -62.788048746,-12.8693833565887,0.0 -62.7888155541524,-12.8734458047308,0.0 -62.7888188,-12.8734629995887,0.0 -62.7888187999347,-12.8734630004563,0.0 -62.7888188059999,-12.8734630325888,0.0 -62.7887508666351,-12.87436565545,0.0 -62.7885171,-12.8774717995886,0.0 -62.788517073068,-12.8774717695432,0.0 -62.788517069,-12.8774718235885,0.0 -62.7874536416971,-12.8762854049682,0.0 -62.7865396,-12.8752656995887,0.0 -62.7855534060684,-12.8754228574994,0.0 -62.781791819,-12.8760223475886,0.0 -62.7804734471787,-12.8769223095193,0.0 -62.7797661,-12.8774051995886,0.0 -62.7786168869353,-12.8764814519483,0.0 -62.777765485,-12.8757971315885,0.0 -62.7774377182583,-12.8762167614209,0.0 -62.7765736,-12.8773230995886,0.0 -62.7739016,-12.8820705995885,0.0 -62.773901593581,-12.8820706013598,0.0 -62.7739015669999,-12.8820706485885,0.0 -62.7709946438526,-12.8828727522065,0.0 -62.7673814,-12.8838697995884,0.0 -62.767381392802,-12.8838697519874,0.0 -62.7673813869999,-12.8838697535883,0.0 -62.7671499809775,-12.882339407379,0.0 -62.7665174037117,-12.8781561241342,0.0 -62.7624654059998,-12.8785406485885,0.0 -62.7593112378067,-12.8778205053176,0.0 -62.7579862,-12.8775179995886,0.0 -62.7579862348271,-12.8775179875311,0.0 -62.757986165,-12.8775179715886,0.0 -62.76218508615,-12.8760642855381,0.0 -62.7595194,-12.8733599995887,0.0 -62.7574921811442,-12.8733032668577,0.0 -62.752044105,-12.8731508445887,0.0 -62.752493213,-12.8801941885885,0.0 -62.7532305675301,-12.8827159699377,0.0 -62.7541562,-12.8858815995884,0.0 -62.7541561806384,-12.8858816029913,0.0 -62.754156189,-12.8858816315884,0.0 -62.750954566961,-12.8864443128113,0.0 -62.7492102,-12.8867508995883,0.0 -62.7492102043263,-12.8867508824465,0.0 -62.749210158,-12.8867508905883,0.0 -62.7499921869506,-12.8836524942676,0.0 -62.7501339976986,-12.8830906087072,0.0 -62.748898506761,-12.8826030702405,0.0 -62.7455722,-12.8812904995885,0.0 -62.7409904035684,-12.8820768818128,0.0 -62.7426732500913,-12.882285910408,0.0 -62.7447393,-12.8825424995885,0.0 -62.7447392533084,-12.8825425314036,0.0 -62.744739287,-12.8825425355885,0.0 -62.7411904309265,-12.8849606585341,0.0 -62.7388773,-12.8865367995884,0.0 -62.7368554544386,-12.8888401153122,0.0 -62.7343555429999,-12.8916880605882,0.0 -62.7379602779999,-12.894879554588,0.0 -62.7379602710092,-12.8948795739212,0.0 -62.7379603,-12.8948795995881,0.0 -62.7362126,-12.899712999588,0.0 -62.7371640001796,-12.904674518566,0.0 -62.7372950989998,-12.9053581625878,0.0 -62.7383114745451,-12.9069584912734,0.0 -62.7413241,-12.9117018995876,0.0 -62.7379036,-12.9158939995875,0.0 -62.7342715022223,-12.9138047008659,0.0 -62.7323775999999,-12.9189123105873,0.0 -62.7320418501074,-12.9195814593847,0.0 -62.7288766,-12.9258898995872,0.0 -62.7304291,-12.9273054995871,0.0 -62.7304290495333,-12.927305504542,0.0 -62.7304290769999,-12.9273055295872,0.0 -62.7274627620451,-12.9275967363896,0.0 -62.7245206,-12.9278855995871,0.0 -62.7245205880831,-12.927885573241,0.0 -62.724520554,-12.927885576587,0.0 -62.7239857303938,-12.9267030975603,0.0 -62.7231014,-12.9247479995872,0.0 -62.7202303221291,-12.9236030782818,0.0 -62.7165736549999,-12.9221449365872,0.0 -62.7151138392268,-12.9225852802006,0.0 -62.7120116,-12.9235210995873,0.0 -62.7118322846331,-12.9234518145252,0.0 -62.711221154,-12.9232157365873,0.0 -62.6532762209999,-12.9661330975859,0.0 -62.6554055349999,-12.9666126765859,0.0 -62.6586364681019,-12.9676804539218,0.0 -62.6589041,-12.9677688995859,0.0 -62.6595690218268,-12.9684036654671,0.0 -62.6606879169999,-12.9694717605859,0.0 -62.662452328518,-12.9738650987433,0.0 -62.6633238,-12.9760349995857,0.0 -62.6644292650842,-12.9802247403192,0.0 -62.6645449037584,-12.9806630051404,0.0 -62.6672094,-12.9846010995854,0.0 -62.6699911,-12.9871395995854,0.0 -62.6749101,-12.9909511995853,0.0 -62.6773504,-12.9918984995852,0.0 -62.6805387085929,-12.9925293463892,0.0 -62.6824685869999,-12.9929111765851,0.0 -62.6872995629999,-12.9928578815851,0.0 -62.6887484810139,-12.9923245008767,0.0 -62.6906586,-12.9916212995852,0.0 -62.6943784,-12.9922317995852,0.0 -62.6962311697862,-12.9969021790952,0.0 -62.6985773059999,-13.0028161745849,0.0 -62.6994363499701,-13.0027338984434,0.0 -62.7004342,-13.0026382995849,0.0 -62.7041191613107,-13.0010807058848,0.0 -62.7069332989999,-12.9998911825849,0.0 -62.7092944244956,-13.0025153109081,0.0 -62.7109851945591,-13.0032968745697,0.0 -62.713212582,-13.0043264745849,0.0 -62.719102514,-13.0034044895849,0.0 -62.7209022246084,-13.0027657860273,0.0 -62.7251595,-13.0012548995849,0.0 -62.7263041520127,-13.0022971094514,0.0 -62.7273215879999,-13.0032234555848,0.0 -62.7273663424989,-13.003374361971,0.0 -62.7289346,-13.0086621995847,0.0 -62.7273451041172,-13.013758068254,0.0 -62.7270202119999,-13.0147996935845,0.0 -62.7276880152413,-13.0166632298483,0.0 -62.7291584859065,-13.0207665602567,0.0 -62.7340205669999,-13.0218667575843,0.0 -62.736571795,-13.0185963995844,0.0 -62.7385746539999,-13.0144516175845,0.0 -62.7396785779891,-13.0134463896872,0.0 -62.7407373,-13.0124822995846,0.0 -62.7422925091689,-13.0108628451569,0.0 -62.744215888,-13.0088599835848,0.0 -62.7443505569999,-13.0050977485848,0.0 -62.7433783609999,-13.0021693765849,0.0 -62.743849907,-13.0003199665849,0.0 -62.7448740845707,-12.9998479404091,0.0 -62.7469084,-12.998910299585,0.0 -62.7485312243995,-12.9994097680339,0.0 -62.7503492009999,-12.999969252585,0.0 -62.7522109459999,-13.0020458755849,0.0 -62.7535416429999,-13.0047019065848,0.0 -62.7539983635527,-13.0062046789415,0.0 -62.7545969,-13.0081738995847,0.0 -62.7564090910758,-13.0171913551775,0.0 -62.759711914,-13.0182518845843,0.0 -62.7604115805716,-13.0178327938416,0.0 -62.7640737,-13.0156391995845,0.0 -62.7662849685699,-13.0137335619517,0.0 -62.767689777,-13.0125229005846,0.0 -62.7690958826513,-13.0119146373503,0.0 -62.7731596,-13.0101566995847,0.0 -62.7790974725561,-13.0095735022801,0.0 -62.7811841002437,-13.0083847993599,0.0 -62.7878648,-13.0022213995849,0.0 -62.7908573231219,-12.9989902681291,0.0 -62.79435126,-12.9952176725851,0.0 -62.7949652815203,-12.993867008187,0.0 -62.7957971,-12.9920370995852,0.0 -62.7964581888467,-12.9896184742525,0.0 -62.797069854,-12.9873804575853,0.0 -62.7975466738697,-12.9840315139986,0.0 -62.7975727,-12.9838486995855,0.0 -62.7993580112393,-12.9810632505294,0.0 -62.8035249539999,-12.9745618865857,0.0 -62.8057414920347,-12.9702813382778,0.0 -62.8068696,-12.9681026995859,0.0 -62.8089019,-12.9621373995861,0.0 -62.808566548171,-12.9605397324458,0.0 -62.8081263889999,-12.9584428395862,0.0 -62.8076056569999,-12.9549365205863,0.0 -62.8060195949999,-12.9526204075864,0.0 -62.803300775,-12.9450797155866,0.0 -62.8038212127665,-12.9442094659526,0.0 -62.805964,-12.9406262995867,0.0 -62.8103518,-12.9379773995868,0.0 -62.8150171,-12.9366847995869,0.0 -62.8171402153027,-12.9357222650677,0.0 -62.8180219539999,-12.9353225065869,0.0 -62.8229914509999,-12.9337692705869,0.0 -62.832097893,-12.9378215955867,0.0 -62.8320978941283,-12.9378215969739,0.0 -62.8320979,-12.9378215995868,0.0 -62.8341225771445,-12.9403109499685,0.0 -62.836514815,-12.9432522125866,0.0 -62.838909996,-12.9473401705865,0.0 -62.841985987,-12.9482922505864,0.0 -62.8444899504218,-12.9485683475729,0.0 -62.8458474,-12.9487179995865,0.0 -62.8475384519762,-12.9468864594358,0.0 -62.849852061,-12.9443805885866,0.0 -62.8501361140889,-12.9420049960548,0.0 -62.8502643,-12.9409327995867,0.0 -62.8472981,-12.9361138995869,0.0 -62.8434876,-12.932154899587,0.0 -62.8431264,-12.9271214995871,0.0 -62.8436714228906,-12.9262321640769,0.0 -62.845548596,-12.9231690665872,0.0 -62.8505198545245,-12.9206938498396,0.0 -62.8554887,-12.9182197995874,0.0 -62.8589363,-12.9153418995875,0.0 -62.8609038,-12.9128972995876,0.0 -62.8613428078155,-12.9126975597039,0.0 -62.8623464989999,-12.9122408615875,0.0 -62.8653541738827,-12.9120822526984,0.0 -62.8660737,-12.9120442995876,0.0 -62.8663527929561,-12.9119480522609,0.0 -62.870209856,-12.9106178575876,0.0 -62.872831468,-12.9063217435878,0.0 -62.8752472669999,-12.898751755588,0.0 -62.8755521379249,-12.8970218946935,0.0 -62.8758227,-12.8954864995881,0.0 -62.8784667,-12.8902660995882,0.0 -62.8805431,-12.8872088995883,0.0 -62.8847123,-12.8836344995884,0.0 -62.8870028879297,-12.882786503402,0.0 -62.88840666,-12.8822667895884,0.0 -62.8911253199999,-12.8799052685884,0.0 -62.8931558619999,-12.8771188755885,0.0 -62.8937184692621,-12.8746094018392,0.0 -62.8940789,-12.8730015995888,0.0 -62.8936583,-12.8694927995889,0.0 -62.8918258,-12.864330499589,0.0 -62.8917738298116,-12.8625337898838,0.0 -62.8917402769999,-12.8613746445891,0.0 -62.8918647146616,-12.8606170485517,0.0 -62.8921564,-12.8588409995892,0.0 -62.889522,-12.8604564995891,0.0 -62.8846862,-12.8616288995891,0.0 -62.8811825,-12.863167999589,0.0 -62.8779681,-12.8668612995889,0.0 -62.8776294,-12.8726490995888,0.0 -62.8720153,-12.8783721995886,0.0 -62.8658237,-12.8792518995886,0.0 -62.8639571,-12.8783736995886,0.0 -62.8615227,-12.8762471995887,0.0 -62.8610499,-12.8722667995888,0.0 -62.8587181,-12.8704569995888,0.0 -62.851104,-12.8699502995888,0.0 -62.8460207,-12.8672306995889,0.0 -62.8426272,-12.863544199589,0.0 -62.8366569,-12.865199899589,0.0 -62.8312186,-12.865999099589,0.0 -62.8255714,-12.866079799589,0.0 -62.8215765,-12.8667940995889,0.0 -62.8176851,-12.8680950995889,0.0 -62.8159409050607,-12.8674810013707,0.0</coordinates>
</LinearRing>
</outerBoundaryIs>
</Polygon>
</Placemark>
<Placemark id="13. Referência">
<name>TI - Massaco [50003]</name>
<visibility>0</visibility>
<snippet> </snippet>
<description>&lt;center&gt;&lt;table&gt;&lt;tr&gt;&lt;th colspan='2' align='center'&gt;&lt;em&gt;Attributes&lt;/em&gt;&lt;/th&gt;&lt;/tr&gt;&lt;tr bgcolor="#E3E3F3"&gt;
&lt;th&gt;COD_TI&lt;/th&gt;
&lt;td&gt;50003&lt;/td&gt;
&lt;/tr&gt;&lt;tr bgcolor=""&gt;
&lt;th&gt;NOM_TI&lt;/th&gt;
&lt;td&gt;Massaco&lt;/td&gt;
&lt;/tr&gt;&lt;/table&gt;&lt;/center&gt;</description>
<Style>
<IconStyle>
<scale>0.7</scale>
</IconStyle>
<LabelStyle>
<scale>0.7</scale>
</LabelStyle>
<LineStyle>
<color>ff00aaaa</color>
<width>3</width>
<gx:labelVisibility>1</gx:labelVisibility>
</LineStyle>
<PolyStyle>
<color>3300aaaa</color>
</PolyStyle>
</Style>
<ExtendedData>
<SchemaData schemaUrl="#kml_schema_ft_Terra_Indígena">
<SimpleData name="COD_TI">50003</SimpleData>
<SimpleData name="NOM_TI">Massaco</SimpleData>
</SchemaData>
</ExtendedData>
<MultiGeometry>
<Polygon>
<extrude>0</extrude>
<tessellate>1</tessellate>
<outerBoundaryIs>
<LinearRing>
<coordinates>-62.6167690957292,-12.8639806866638,0.0 -62.616264317586,-12.862453018776,0.0 -62.615515991,-12.8601883245891,0.0 -62.6143376140001,-12.8580058435891,0.0 -62.6143376201284,-12.8580058368687,0.0 -62.6143376,-12.8580057995892,0.0 -62.6132134,-12.8559217995893,0.0 -62.6074671,-12.8510099995894,0.0 -62.6037945,-12.8468601995895,0.0 -62.5987926,-12.8426458995897,0.0 -62.5949325,-12.8381269995898,0.0 -62.5939346,-12.83185899959,0.0 -62.5909884,-12.8268539995901,0.0 -62.5820432,-12.8169859995904,0.0 -62.5784827,-12.8127877995906,0.0 -62.5780692,-12.8098759995906,0.0 -62.5654037,-12.8092540995907,0.0 -62.5602662,-12.8104573995906,0.0 -62.557763,-12.8081226995907,0.0 -62.5538491,-12.8025105995908,0.0 -62.5488244,-12.8010612995909,0.0 -62.5476257,-12.796723799591,0.0 -62.5403757,-12.8022353995909,0.0 -62.5341779,-12.8064451995907,0.0 -62.5284838,-12.8086591995907,0.0 -62.5219353,-12.8095930995906,0.0 -62.5202947,-12.8060219995907,0.0 -62.5192963,-12.8021421995909,0.0 -62.5196262,-12.7914280995912,0.0 -62.5187415,-12.7887276995913,0.0 -62.5174041,-12.7867540995913,0.0 -62.5177698,-12.7828761995914,0.0 -62.5152044,-12.7786990995916,0.0 -62.5100056,-12.7735382995917,0.0 -62.5065134,-12.7679594995919,0.0 -62.5046556,-12.764205199592,0.0 -62.5021479,-12.7597242995921,0.0 -62.500547,-12.7568629995922,0.0 -62.5003469,-12.7555438995923,0.0 -62.4995169,-12.7544783995923,0.0 -62.4979047,-12.7536347995923,0.0 -62.4947937,-12.7529371995923,0.0 -62.4899368,-12.7504289995924,0.0 -62.4888214,-12.7500839995924,0.0 -62.4858219,-12.7495482995924,0.0 -62.4809001,-12.7496374995924,0.0 -62.4789381,-12.7493497995924,0.0 -62.4762376,-12.7476999995925,0.0 -62.4752671,-12.7478829995925,0.0 -62.474099,-12.7476961995925,0.0 -62.4731022,-12.7470654995925,0.0 -62.4721317,-12.7472484995925,0.0 -62.4690987,-12.7499491995924,0.0 -62.4681288,-12.7501508995924,0.0 -62.4661581,-12.7494372995924,0.0 -62.4642139,-12.7482520995925,0.0 -62.4627881,-12.7466673995925,0.0 -62.4622665,-12.7453949995926,0.0 -62.4615945,-12.7423810995926,0.0 -62.4599899,-12.7413443995927,0.0 -62.4583724,-12.7399768995927,0.0 -62.4579851,-12.7391388995927,0.0 -62.4576002,-12.7372981995928,0.0 -62.4570672,-12.7364835995928,0.0 -62.4547059,-12.7338326995929,0.0 -62.4540757,-12.7326746995929,0.0 -62.4537365,-12.731591699593,0.0 -62.4532995,-12.729262199593,0.0 -62.4522606,-12.7274779995931,0.0 -62.4479329,-12.7246706995932,0.0 -62.4444618,-12.7228799995932,0.0 -62.4435435,-12.7221399995932,0.0 -62.4421505,-12.7203937995933,0.0 -62.439719,-12.7185870995934,0.0 -62.4370946,-12.7171516995934,0.0 -62.4350097,-12.7156518995934,0.0 -62.4339884,-12.7151370995935,0.0 -62.4322166,-12.7137132995935,0.0 -62.4284857,-12.7114415995936,0.0 -62.4268227,-12.7101887995936,0.0 -62.4242663,-12.7072704995937,0.0 -62.4219019,-12.7034768995938,0.0 -62.4200667,-12.6992459995939,0.0 -62.4197058,-12.697808099594,0.0 -62.4195166,-12.6945699995941,0.0 -62.4191264,-12.6922753995941,0.0 -62.4178996,-12.6894404995942,0.0 -62.4167378,-12.6858157995943,0.0 -62.416122,-12.6849936995943,0.0 -62.415269,-12.6842684995944,0.0 -62.4125146,-12.6828697995944,0.0 -62.4105168,-12.6811446995945,0.0 -62.409653,-12.6801467995945,0.0 -62.4090957,-12.6789476995945,0.0 -62.4088718,-12.6779959995946,0.0 -62.4085997,-12.6734114995947,0.0 -62.4082384,-12.6722061995947,0.0 -62.4078215,-12.6712972995948,0.0 -62.4058468,-12.6686484995948,0.0 -62.4049225,-12.6672101995949,0.0 -62.4033798,-12.664810099595,0.0 -62.4017927,-12.6613416995951,0.0 -62.4010387,-12.6605693995951,0.0 -62.3999038,-12.6602288995951,0.0 -62.39777,-12.6605721995951,0.0 -62.3968162,-12.6612822995951,0.0 -62.3939918,-12.6605119995951,0.0 -62.3919294,-12.6605584995951,0.0 -62.3909823,-12.6603283995951,0.0 -62.3901845,-12.6595655995951,0.0 -62.3897116,-12.6586313995951,0.0 -62.3894304,-12.6576992995952,0.0 -62.389351,-12.6566561995952,0.0 -62.3889589,-12.6556559995952,0.0 -62.387566,-12.6541067995953,0.0 -62.3870258,-12.6532794995953,0.0 -62.3868209,-12.6522581995953,0.0 -62.3867328,-12.6484562995954,0.0 -62.3864561,-12.6473530995955,0.0 -62.3859831,-12.6463839995955,0.0 -62.3843484,-12.6445638995956,0.0 -62.3817952,-12.6430946995956,0.0 -62.3781003,-12.6393091995957,0.0 -62.3767313,-12.6364305995958,0.0 -62.3754486,-12.6344114995959,0.0 -62.3746245,-12.6334066995959,0.0 -62.3728282,-12.629570099596,0.0 -62.3684571,-12.6225241995962,0.0 -62.3677685,-12.6211229995963,0.0 -62.3671277,-12.6158922995964,0.0 -62.3662111,-12.6123611995965,0.0 -62.3633153,-12.6054930995967,0.0 -62.3626848,-12.6019762995968,0.0 -62.36235,-12.6010018995969,0.0 -62.3617378,-12.6000450995969,0.0 -62.3601834,-12.5984368995969,0.0 -62.3567664,-12.596152299597,0.0 -62.3546648,-12.5943900995971,0.0 -62.3537065,-12.5937482995971,0.0 -62.352013,-12.5929509995971,0.0 -62.3510687,-12.5922272995971,0.0 -62.3502639,-12.5909816995972,0.0 -62.348792,-12.5873466995973,0.0 -62.3469885,-12.5836511995974,0.0 -62.346151,-12.5825847995974,0.0 -62.3438124,-12.5808036995975,0.0 -62.3414013,-12.5792575995975,0.0 -62.3372946,-12.5772363995976,0.0 -62.3355414,-12.5768059995976,0.0 -62.3330181,-12.5765345995976,0.0 -62.330982,-12.5758989995976,0.0 -62.3266272,-12.5736326995977,0.0 -62.3239289,-12.5713698995977,0.0 -62.3219499,-12.5691682995978,0.0 -62.3176289,-12.563048899598,0.0 -62.3127367,-12.5575323995982,0.0 -62.3115057,-12.5564187995982,0.0 -62.3105145,-12.5557453995982,0.0 -62.3060453,-12.5529984995983,0.0 -62.3035953,-12.5518209995983,0.0 -62.3014028,-12.5505235995984,0.0 -62.2987347,-12.5481196995984,0.0 -62.2962662,-12.5450255995985,0.0 -62.2942316,-12.5432522995986,0.0 -62.292737,-12.5414095995986,0.0 -62.2920928,-12.5402724995987,0.0 -62.2908284,-12.5371127995988,0.0 -62.2894895,-12.5352124995988,0.0 -62.288621,-12.5345136995988,0.0 -62.2877611,-12.5341101995989,0.0 -62.2867672,-12.5338351995989,0.0 -62.2856832,-12.5339049995989,0.0 -62.2837386,-12.5327761995989,0.0 -62.2802035,-12.529819099599,0.0 -62.2765941,-12.5252361995991,0.0 -62.2746286,-12.5219024995992,0.0 -62.2693724,-12.5141468995995,0.0 -62.2683458,-12.5116985995995,0.0 -62.2678238,-12.5097704995996,0.0 -62.2676817,-12.5076337995997,0.0 -62.2679819,-12.5041010995998,0.0 -62.2683171,-12.5016060995998,0.0 -62.2692089,-12.5004238995999,0.0 -62.2701009,-12.5001101995999,0.0 -62.2697363,-12.4967723996,0.0 -62.2697351,-12.4926793996001,0.0 -62.2705959,-12.4885431996002,0.0 -62.2687334,-12.4841502996004,0.0 -62.2684038,-12.4810074996004,0.0 -62.2720421,-12.4805208996005,0.0 -62.2742092,-12.4760486996006,0.0 -62.2750934,-12.4732209996007,0.0 -62.2719293,-12.4689284996008,0.0 -62.2712637,-12.4653490996009,0.0 -62.269932,-12.463444599601,0.0 -62.2674293,-12.4565368996012,0.0 -62.2635715,-12.4533038996013,0.0 -62.2588214,-12.4509134996013,0.0 -62.2592947,-12.4470209996015,0.0 -62.2608201,-12.4423264996016,0.0 -62.2621222,-12.4361094996018,0.0 -62.2589026,-12.4332508996019,0.0 -62.262343,-12.4317410996019,0.0 -62.2642355,-12.4273319996021,0.0 -62.2612053,-12.4246386996021,0.0 -62.2561557,-12.4240944996022,0.0 -62.2520945,-12.4225406996022,0.0 -62.2532628,-12.4202130996023,0.0 -62.2522929,-12.4163836996024,0.0 -62.2551844,-12.4143972996024,0.0 -62.2527581,-12.4130367996025,0.0 -62.2520381,-12.4097720996026,0.0 -62.2557359,-12.4103492996026,0.0 -62.2527883,-12.4070541996027,0.0 -62.2526002,-12.4042838996027,0.0 -62.250928,-12.4020328996028,0.0 -62.2518691,-12.3997927996029,0.0 -62.2548994,-12.3981245996029,0.0 -62.2552896,-12.394208599603,0.0 -62.2552092,-12.3901904996032,0.0 -62.258319,-12.3878671996032,0.0 -62.2615648,-12.3806040996035,0.0 -62.2839047,-12.3343923996048,0.0 -62.2839047073454,-12.3343923844013,0.0 -62.2832937649998,-12.3339382266048,0.0 -62.282634249,-12.3332112946049,0.0 -62.2819160289999,-12.3331003676048,0.0 -62.2807405779999,-12.3329870666048,0.0 -62.277100474,-12.3334134346048,0.0 -62.27606986,-12.3339538886047,0.0 -62.2757370209999,-12.3344241306047,0.0 -62.2755118919999,-12.3359450396048,0.0 -62.2757684379999,-12.3366697796047,0.0 -62.2754723859999,-12.3371398136047,0.0 -62.274148608,-12.3372816666047,0.0 -62.2724030710001,-12.3367681996046,0.0 -62.272037993,-12.3361890826048,0.0 -62.2718562259999,-12.3352104746047,0.0 -62.2720087409999,-12.3335448876047,0.0 -62.2717522319999,-12.3326750766048,0.0 -62.271166364,-12.3320945256048,0.0 -62.268554092,-12.3331740286048,0.0 -62.2668269919999,-12.3329518606048,0.0 -62.2653930719999,-12.3329841426048,0.0 -62.2648764349999,-12.3334894466048,0.0 -62.2649308840001,-12.3339614976048,0.0 -62.2654068259998,-12.3344692556048,0.0 -62.265952849,-12.3367890566048,0.0 -62.265030485,-12.3377291886047,0.0 -62.2643672810001,-12.3380499596047,0.0 -62.2635955929999,-12.3377606096047,0.0 -62.262643408,-12.3368525506046,0.0 -62.2617281379999,-12.3353649216046,0.0 -62.2609933799999,-12.3352544356047,0.0 -62.260367808,-12.3353976646048,0.0 -62.2590606329998,-12.3362991816046,0.0 -62.258508422,-12.3364061816047,0.0 -62.257884052,-12.3362959596047,0.0 -62.2571498139998,-12.3358227896048,0.0 -62.2524492239999,-12.3340357516048,0.0 -62.25152924,-12.3344689576047,0.0 -62.251233268,-12.3352640406047,0.0 -62.250313489,-12.3355870986047,0.0 -62.247648286,-12.3353982836047,0.0 -62.247616041,-12.3338778446048,0.0 -62.2473976699998,-12.3333694866048,0.0 -62.2469907969999,-12.3334765886047,0.0 -62.247137401,-12.3341303706048,0.0 -62.246695962,-12.3344543166047,0.0 -62.2459946229999,-12.3343239796048,0.0 -62.245114713,-12.3341604796048,0.0 -62.2434953329998,-12.3345546056047,0.0 -62.2426140300001,-12.3345514296048,0.0 -62.2409232809998,-12.3344023296047,0.0 -62.2400788639998,-12.3341096956047,0.0 -62.2399888899999,-12.3335303216047,0.0 -62.2413506039998,-12.3326648426049,0.0 -62.2413518909999,-12.3322672096048,0.0 -62.2407648019998,-12.3320841836047,0.0 -62.2395884189999,-12.3321157896048,0.0 -62.2395170550001,-12.3317185366049,0.0 -62.2400670209999,-12.3313940406048,0.0 -62.2401784359999,-12.3309590836049,0.0 -62.2396651509999,-12.3309583166049,0.0 -62.239041561,-12.3305211626049,0.0 -62.23911622,-12.3300873046049,0.0 -62.2384593280001,-12.3288541586048,0.0 -62.2380533759999,-12.328961217605,0.0 -62.2368039789999,-12.328776485605,0.0 -62.236143204,-12.3282678956049,0.0 -62.234027214,-12.3291326036048,0.0 -62.233105539,-12.3302150436049,0.0 -62.2324049059999,-12.3304285126049,0.0 -62.2315225909999,-12.3310074006049,0.0 -62.23107945,-12.3316582406048,0.0 -62.2305645310001,-12.3316933256048,0.0 -62.2278498529999,-12.329546388605,0.0 -62.226748243,-12.3291467496049,0.0 -62.225333711,-12.3290340566049,0.0 -62.2248177859999,-12.3293593066049,0.0 -62.2247430579998,-12.3299382496048,0.0 -62.2235649859999,-12.3302966986049,0.0 -62.2227540350001,-12.3311277676048,0.0 -62.2221653949999,-12.3314516056049,0.0 -62.2208084709999,-12.3303610526048,0.0 -62.219633083,-12.3297791046049,0.0 -62.2177568620001,-12.329990895605,0.0 -62.2170953319999,-12.3302783906049,0.0 -62.215275149,-12.3304293906048,0.0 -62.2145414459998,-12.3300285746049,0.0 -62.212740487,-12.3295897186049,0.0 -62.211600464,-12.329548473605,0.0 -62.2090467099999,-12.3301538446048,0.0 -62.209520582,-12.3356768996048,0.0 -62.2110897909999,-12.3370253746046,0.0 -62.2119240640001,-12.3387844196047,0.0 -62.2123388739999,-12.3405425346045,0.0 -62.2121260889999,-12.3414712926045,0.0 -62.2125404449998,-12.3431264316045,0.0 -62.215049386,-12.3461304156043,0.0 -62.215199891,-12.3484041706043,0.0 -62.2145689960001,-12.3492289936043,0.0 -62.213721413,-12.3517071876042,0.0 -62.212665844,-12.3539775656042,0.0 -62.2111932589999,-12.3552135106041,0.0 -62.21077084,-12.3565551166041,0.0 -62.2111830499999,-12.358520173604,0.0 -62.2126962929999,-12.3614177276039,0.0 -62.213216067,-12.3629693956039,0.0 -62.2124784359999,-12.3637938466039,0.0 -62.2121613049999,-12.3648260366038,0.0 -62.2122609749999,-12.3660651786039,0.0 -62.2134136399999,-12.3670005966038,0.0 -62.2136170119999,-12.3687578396036,0.0 -62.2135075549999,-12.3703086096037,0.0 -62.212715064,-12.3723723576036,0.0 -62.212501985,-12.3736118946036,0.0 -62.2124956719999,-12.3755751186036,0.0 -62.21332763,-12.3777478956035,0.0 -62.2146868099999,-12.3799218986034,0.0 -62.2152079569999,-12.3811627426033,0.0 -62.216146881,-12.3824062996034,0.0 -62.2151991699998,-12.3837466386033,0.0 -62.2139904489999,-12.3845700076033,0.0 -62.211674523,-12.3872498526032,0.0 -62.208312582,-12.3889973996031,0.0 -62.2052693550001,-12.3890920416032,0.0 -62.204426811,-12.3899169836031,0.0 -62.204048711,-12.393221281603,0.0 -62.204779775,-12.3946708136029,0.0 -62.20509026,-12.3959117256029,0.0 -62.2040360000001,-12.3978732196029,0.0 -62.2035064889999,-12.3995234746029,0.0 -62.2026626919998,-12.4008643186027,0.0 -62.2032326059999,-12.4032428966026,0.0 -62.2019721430001,-12.4036531906027,0.0 -62.200185546,-12.4046819496026,0.0 -62.199657288,-12.4058172286027,0.0 -62.1992331069999,-12.4073649406026,0.0 -62.199017429,-12.4092225496025,0.0 -62.1991170989999,-12.4111889346023,0.0 -62.1998918319998,-12.4150140126023,0.0 -62.197246476,-12.4221369736022,0.0 -62.1963395779998,-12.427197311602,0.0 -62.1949658719999,-12.4302933176018,0.0 -62.194645394,-12.4321523066019,0.0 -62.1923263139999,-12.4357629766017,0.0 -62.190696373,-12.4366877216016,0.0 -62.1903793399999,-12.4379268746017,0.0 -62.1892218579998,-12.4385437046017,0.0 -62.187640713,-12.4408121756016,0.0 -62.1874280199999,-12.4417419146016,0.0 -62.1863775980001,-12.4420483456016,0.0 -62.184797696,-12.4440069116015,0.0 -62.184372106,-12.4454517406014,0.0 -62.183476355,-12.4471032186013,0.0 -62.183051279,-12.4486519286013,0.0 -62.1821049979998,-12.4493725966014,0.0 -62.1816820229999,-12.4504044796013,0.0 -62.1813619509999,-12.4521605186013,0.0 -62.180100404,-12.4527768966012,0.0 -62.1788385019999,-12.4537031666012,0.0 -62.177096666,-12.457211566601,0.0 -62.176776904,-12.4586568336011,0.0 -62.1772957689999,-12.460518505601,0.0 -62.177395232,-12.4618625396009,0.0 -62.17697116,-12.4636181356009,0.0 -62.176860581,-12.4656840716007,0.0 -62.1777961699999,-12.4680634446007,0.0 -62.177215001,-12.4693025066008,0.0 -62.176689614,-12.4697141316007,0.0 -62.176266637,-12.4707460406006,0.0 -62.1768923519999,-12.4714715336006,0.0 -62.177099788,-12.4722991356006,0.0 -62.1769924989999,-12.4733314256006,0.0 -62.1761489110001,-12.4743625246005,0.0 -62.1760416509998,-12.4753957116005,0.0 -62.1766692229999,-12.4761211436004,0.0 -62.177611902,-12.4765370806004,0.0 -62.1777135029999,-12.4773642726005,0.0 -62.17733889,-12.4796351746004,0.0 -62.1776518070001,-12.4805670806003,0.0 -62.177751937,-12.4822209756004,0.0 -62.1771138160001,-12.4848025176003,0.0 -62.176584644,-12.4861430386002,0.0 -62.174584926,-12.4881018236002,0.0 -62.1744750980001,-12.4895479806,0.0 -62.1750421679999,-12.4927534216,0.0 -62.1762857929999,-12.4978211285998,0.0 -62.1767457870001,-12.5004028255998,0.0 -62.1762117129999,-12.5046408685997,0.0 -62.1750485520001,-12.5073242235995,0.0 -62.1751402849999,-12.5113544855995,0.0 -62.1749252779998,-12.5131101205995,0.0 -62.174392954,-12.5152801305993,0.0 -62.173494064,-12.5172399545993,0.0 -62.17338566,-12.5185830845992,0.0 -62.1743242809999,-12.5205494085992,0.0 -62.175581294,-12.5213794315991,0.0 -62.1778805229998,-12.524073198599,0.0 -62.177981475,-12.526036950599,0.0 -62.1790747219999,-12.5285216075988,0.0 -62.1799108119998,-12.5296607165989,0.0 -62.181167494,-12.5305936845988,0.0 -62.1839984749999,-12.5315320035988,0.0 -62.1852542379999,-12.5324640705988,0.0 -62.185671413,-12.5341209025988,0.0 -62.184652758,-12.5404191335985,0.0 -62.1847527469998,-12.5419717945985,0.0 -62.185270896,-12.5439363495986,0.0 -62.1862116909999,-12.5459033595984,0.0 -62.1865178489999,-12.5481770215983,0.0 -62.1857772399999,-12.5497255145984,0.0 -62.185295976,-12.5530305315983,0.0 -62.1858131920001,-12.5555127635981,0.0 -62.185597495,-12.5572684125981,0.0 -62.1848565999999,-12.5591259175979,0.0 -62.1849579679998,-12.5600542915981,0.0 -62.1857962000001,-12.561195932598,0.0 -62.1863146290001,-12.562644581598,0.0 -62.1868818169999,-12.5660567185979,0.0 -62.1869623809999,-12.5734950105977,0.0 -62.1887906269999,-12.5768071495975,0.0 -62.1900335709999,-12.5822891195973,0.0 -62.190657437,-12.5841518795973,0.0 -62.19054612,-12.5861157305971,0.0 -62.1895964819999,-12.5876616675972,0.0 -62.188385839,-12.5885885925971,0.0 -62.187544864,-12.5888953005972,0.0 -62.1863879859998,-12.589718495597,0.0 -62.185439012,-12.5908533335971,0.0 -62.1845928010001,-12.5928135045971,0.0 -62.184480878,-12.5951911765969,0.0 -62.1849675519998,-12.5989263705968,0.0 -62.1862707449998,-12.6018173055967,0.0 -62.187789674,-12.6024393595967,0.0 -62.188471619,-12.6030617185968,0.0 -62.1884680109998,-12.6040434165967,0.0 -62.186988233,-12.6072390765966,0.0 -62.186774704,-12.6084806055965,0.0 -62.1871061459999,-12.6118479025965,0.0 -62.1877299199999,-12.6132413475965,0.0 -62.1878316029998,-12.6146927325964,0.0 -62.1889750639999,-12.6180523705963,0.0 -62.190960968,-12.6204854065961,0.0 -62.1909793479999,-12.623388401596,0.0 -62.1906031989999,-12.6262209945959,0.0 -62.1893355089999,-12.628388392596,0.0 -62.1888590849999,-12.6297292735959,0.0 -62.1882408469999,-12.6344903325958,0.0 -62.1878714039999,-12.6355198785958,0.0 -62.186712923,-12.6369576395956,0.0 -62.1862370570001,-12.6381435755956,0.0 -62.1860739,-12.6402075605957,0.0 -62.1862277859999,-12.6411871625955,0.0 -62.1868020829999,-12.6420662045955,0.0 -62.1874830729999,-12.6422228185954,0.0 -62.188164076,-12.6426382615954,0.0 -62.1877945439999,-12.6429468495955,0.0 -62.187267461,-12.6440286675955,0.0 -62.1858776360001,-12.6437664425954,0.0 -62.18561547,-12.6439195085955,0.0 -62.185613417,-12.6444873925955,0.0 -62.1857697859999,-12.6450558305955,0.0 -62.1866090459998,-12.6450070095955,0.0 -62.1877602979999,-12.6457842995954,0.0 -62.1884945589999,-12.6457350845955,0.0 -62.1891228859999,-12.6459434455953,0.0 -62.1889623949999,-12.6470266465954,0.0 -62.188540319,-12.6475920875955,0.0 -62.188801919,-12.6478519115954,0.0 -62.1893796319999,-12.6478029785953,0.0 -62.1896392659999,-12.6483172145954,0.0 -62.188800053,-12.6483678405954,0.0 -62.188432521,-12.6488823635954,0.0 -62.1896619309998,-12.6494539495954,0.0 -62.189767639,-12.6497632985954,0.0 -62.189344644,-12.6503287705953,0.0 -62.1889265419999,-12.6500710255953,0.0 -62.1880342229998,-12.6500166925953,0.0 -62.1880336859999,-12.6504304815952,0.0 -62.188924116,-12.6509998495952,0.0 -62.189965194,-12.6529626705953,0.0 -62.190595072,-12.6530178205952,0.0 -62.1908560749999,-12.6534308065951,0.0 -62.1903308729999,-12.6537387725951,0.0 -62.190801532,-12.6545143625952,0.0 -62.191485514,-12.6538451055951,0.0 -62.191643959,-12.6530718485953,0.0 -62.192429642,-12.6533327145953,0.0 -62.192244494,-12.6538479545952,0.0 -62.192398676,-12.6547773735951,0.0 -62.1931863839999,-12.6547282935951,0.0 -62.1937130589999,-12.6537494715953,0.0 -62.194185174,-12.6538533035952,0.0 -62.1942868060001,-12.6545228025952,0.0 -62.1947059299999,-12.6547831865952,0.0 -62.1952888169998,-12.6532894735952,0.0 -62.1958117909999,-12.6538583595952,0.0 -62.1958073299999,-12.6545794515952,0.0 -62.1966470199998,-12.6546864035952,0.0 -62.196223549,-12.6559244895951,0.0 -62.1966931409999,-12.6567520335951,0.0 -62.1973730630001,-12.6572176095952,0.0 -62.198080357,-12.657388593595,0.0 -62.198341184,-12.6581105475951,0.0 -62.19907439,-12.658371191595,0.0 -62.199176392,-12.659194710595,0.0 -62.198857803,-12.660428703595,0.0 -62.200109444,-12.662805028595,0.0 -62.199214205,-12.6638354095949,0.0 -62.2000494499998,-12.6649195565949,0.0 -62.2004146379999,-12.6673668035947,0.0 -62.199750598,-12.6681689255948,0.0 -62.2006380659999,-12.6693580425947,0.0 -62.2054648370001,-12.6731771475946,0.0 -62.2062144649999,-12.6723732935947,0.0 -62.2095177579999,-12.6726144325946,0.0 -62.210929901,-12.6743623935946,0.0 -62.2128149860001,-12.6751806005946,0.0 -62.2126957999998,-12.6762257885945,0.0 -62.2134000629999,-12.6771571225946,0.0 -62.2151736069999,-12.6761159435944,0.0 -62.217005587,-12.6756586665944,0.0 -62.2186495989998,-12.6785663565945,0.0 -62.2198270999999,-12.6791482295945,0.0 -62.2208909849999,-12.6789213115944,0.0 -62.221598499,-12.6790393455945,0.0 -62.2221875199999,-12.6797377395945,0.0 -62.2233684489999,-12.6797409635945,0.0 -62.2243087479998,-12.6809059095944,0.0 -62.2256557439998,-12.6843939485943,0.0 -62.2269514929998,-12.6853267735943,0.0 -62.2283666780001,-12.6856800945943,0.0 -62.2284799939998,-12.6871900725942,0.0 -62.2292986749999,-12.6897467785941,0.0 -62.2309469279999,-12.691494422594,0.0 -62.2312968169999,-12.6926568265941,0.0 -62.233362336,-12.692895203594,0.0 -62.2350166079999,-12.6925515665941,0.0 -62.2353672099998,-12.693365574594,0.0 -62.2360734830001,-12.694296713594,0.0 -62.237370863,-12.6947646145939,0.0 -62.238551029,-12.694884170594,0.0 -62.2386658999998,-12.6958137665938,0.0 -62.2384263470001,-12.6970909685939,0.0 -62.2398415929998,-12.697443285594,0.0 -62.241731451,-12.6967511645939,0.0 -62.24308802,-12.697452723594,0.0 -62.2433215589999,-12.6981494085938,0.0 -62.243318613,-12.6991945535939,0.0 -62.2436719609999,-12.6998929255939,0.0 -62.244264371,-12.6987320395939,0.0 -62.2449713139998,-12.6991992385938,0.0 -62.245206917,-12.7001295805938,0.0 -62.2472058079999,-12.7023426395937,0.0 -62.248739863,-12.7025792925937,0.0 -62.2522201259999,-12.7035180625936,0.0 -62.252807026,-12.7047975465936,0.0 -62.2523315889999,-12.7059566235937,0.0 -62.251385759,-12.7063036575937,0.0 -62.2509102490001,-12.7073472225935,0.0 -62.2524459149999,-12.7072354395936,0.0 -62.2537418619999,-12.7080524895935,0.0 -62.252792534,-12.7099076395935,0.0 -62.2515488069998,-12.7110662205935,0.0 -62.2497743809999,-12.7122223475935,0.0 -62.2490601599998,-12.7143111535934,0.0 -62.2491751239999,-12.7152407165934,0.0 -62.248695885,-12.7174449705934,0.0 -62.2488072229999,-12.7195378935932,0.0 -62.248334174,-12.7202321565932,0.0 -62.2475077550001,-12.7202298665932,0.0 -62.2482635150001,-12.724065269593,0.0 -62.2488511829999,-12.724997271593,0.0 -62.2508589019999,-12.725233554593,0.0 -62.251567242,-12.725003952593,0.0 -62.2518052809999,-12.7243070825931,0.0 -62.252397159,-12.7236127315931,0.0 -62.253104053,-12.7239616585931,0.0 -62.2534536009999,-12.725474097593,0.0 -62.254162031,-12.7254737315931,0.0 -62.2543983429998,-12.725941046593,0.0 -62.2538056819999,-12.726752734593,0.0 -62.253740911,-12.728526900593,0.0 -62.2542098329998,-12.7298001365929,0.0 -62.254201569,-12.7331674175928,0.0 -62.2535485239998,-12.7345012575928,0.0 -62.2541352809998,-12.7354314605928,0.0 -62.2561420199999,-12.7353802345928,0.0 -62.2557270839999,-12.7361327185928,0.0 -62.2561943879999,-12.7374113615926,0.0 -62.257464001,-12.7373569165926,0.0 -62.2576372909999,-12.7385183715926,0.0 -62.2588789129998,-12.7380573395928,0.0 -62.261000796,-12.7390502105926,0.0 -62.261529448,-12.7398639695925,0.0 -62.2625916990001,-12.7396941215926,0.0 -62.2633551000001,-12.7413208635925,0.0 -62.264053441,-12.7443411655926,0.0 -62.265320265,-12.7452162415926,0.0 -62.2667380989999,-12.7449879035925,0.0 -62.26762626,-12.7438876565925,0.0 -62.268926557,-12.7431355245926,0.0 -62.2697531659999,-12.7432541085925,0.0 -62.2704597619999,-12.7441267935925,0.0 -62.270512799,-12.7456375725925,0.0 -62.2715118519999,-12.7469166845924,0.0 -62.272868828,-12.7476169845924,0.0 -62.274370824,-12.7486664825924,0.0 -62.274541701,-12.7510466555923,0.0 -62.2752485699999,-12.7511653345922,0.0 -62.2761950779998,-12.7504133765924,0.0 -62.2767848779999,-12.7505303075923,0.0 -62.277609371,-12.7512873655923,0.0 -62.2780166119999,-12.7531462065922,0.0 -62.2801359889999,-12.7550683495921,0.0 -62.2806334379999,-12.7568106555921,0.0 -62.2819297309999,-12.757511852592,0.0 -62.285232918,-12.758217006592,0.0 -62.2858195649998,-12.759727281592,0.0 -62.2858734179998,-12.761005169592,0.0 -62.2857537319999,-12.7619920615919,0.0 -62.2852207909999,-12.762570937592,0.0 -62.2861900889999,-12.7642573615919,0.0 -62.2864241199999,-12.7651285015919,0.0 -62.288424897,-12.7671078955919,0.0 -62.2886582219999,-12.7681536565919,0.0 -62.2893063589999,-12.7685024235918,0.0 -62.290311855,-12.7677512545919,0.0 -62.2906095969999,-12.7669406035919,0.0 -62.2917897430001,-12.7667105085918,0.0 -62.2924970779999,-12.7672347185918,0.0 -62.2930260429998,-12.7681074135918,0.0 -62.29246044,-12.7703859125917,0.0 -62.293339678,-12.7723007095917,0.0 -62.293219541,-12.7736932265917,0.0 -62.291329154,-12.7742104795916,0.0 -62.290560268,-12.7747313485916,0.0 -62.2906151939999,-12.7761238015916,0.0 -62.289725685,-12.7776298005915,0.0 -62.289604254,-12.7787304635916,0.0 -62.289778887,-12.7799517525915,0.0 -62.288332101,-12.7800048175914,0.0 -62.288799859,-12.7813414545914,0.0 -62.288739806,-12.7820381675913,0.0 -62.2885643209999,-12.7816890415914,0.0 -62.2876808029998,-12.7810485415914,0.0 -62.287206652,-12.7814536935914,0.0 -62.2876747619999,-12.7831377475913,0.0 -62.287436909,-12.7838919285912,0.0 -62.2875497969998,-12.7851688695913,0.0 -62.2886105299999,-12.7860420285912,0.0 -62.2888123469999,-12.7877254045911,0.0 -62.288693231,-12.7883630685912,0.0 -62.287690949,-12.7878391015912,0.0 -62.2866889949999,-12.7876616475911,0.0 -62.286451144,-12.7884158325911,0.0 -62.2886869779999,-12.790163952591,0.0 -62.2896871519999,-12.7912682055911,0.0 -62.2897430849998,-12.7926615245911,0.0 -62.290446887,-12.7940561565909,0.0 -62.2923626379999,-12.7950629205911,0.0 -62.2925951699999,-12.796165092591,0.0 -62.2943565200001,-12.7987239055909,0.0 -62.2932917649998,-12.8000563335909,0.0 -62.293520486,-12.8026100795908,0.0 -62.2923973050001,-12.8036515375907,0.0 -62.2923055359999,-12.8048112725906,0.0 -62.2931886640001,-12.8049878925907,0.0 -62.296493411,-12.8048221525907,0.0 -62.2969635439999,-12.8056939375906,0.0 -62.2966680439998,-12.8059834175906,0.0 -62.2954867630001,-12.8062118825906,0.0 -62.2952499499999,-12.8070242405907,0.0 -62.297311726,-12.8078991995907,0.0 -62.2994653019999,-12.8079797365906,0.0 -62.2998170229999,-12.8085015215907,0.0 -62.2989295769999,-12.8093691045906,0.0 -62.2978074730001,-12.8098276505906,0.0 -62.2976273209998,-12.8110447525905,0.0 -62.298271383,-12.8124393855904,0.0 -62.2992129659999,-12.8137172765905,0.0 -62.2989736529999,-12.8147607265905,0.0 -62.299088403,-12.8159211645904,0.0 -62.2999369579999,-12.8183176145903,0.0 -62.301055746,-12.8190151015903,0.0 -62.3021725559999,-12.8204065725903,0.0 -62.303353841,-12.8201207385902,0.0 -62.3037641459999,-12.8210480765901,0.0 -62.302995272,-12.8216827645901,0.0 -62.3025207199999,-12.8225509065901,0.0 -62.3025781389999,-12.8235367315902,0.0 -62.3034524929999,-12.8270184435901,0.0 -62.3050115359999,-12.82812384759,0.0 -62.306957842,-12.8278391215899,0.0 -62.30837042,-12.8290019045899,0.0 -62.310666204,-12.8302838705899,0.0 -62.311252827,-12.83132921559,0.0 -62.309657503,-12.8329478605899,0.0 -62.3095356079999,-12.8342231165899,0.0 -62.3105362869999,-12.8346896175898,0.0 -62.3114519149999,-12.8342284795899,0.0 -62.3117482339999,-12.8331277365898,0.0 -62.3123405849999,-12.8321439745899,0.0 -62.3132258909998,-12.8324940995899,0.0 -62.3139303629999,-12.8334793295898,0.0 -62.3152790729999,-12.8364419415898,0.0 -62.315926673,-12.8368496355898,0.0 -62.316341693,-12.8356323615898,0.0 -62.317288263,-12.8348810345898,0.0 -62.3183790209999,-12.8344206595899,0.0 -62.3203234749999,-12.8348306725897,0.0 -62.32138263,-12.8355871725898,0.0 -62.3222091489999,-12.8353580115898,0.0 -62.3223892089999,-12.8341991485898,0.0 -62.322978496,-12.8344322655898,0.0 -62.324095499,-12.8357107175898,0.0 -62.325507998,-12.8366996445898,0.0 -62.3275731760001,-12.8363572925897,0.0 -62.327692864,-12.8355468325898,0.0 -62.3269567429999,-12.8351383715898,0.0 -62.3267226089998,-12.8344419755897,0.0 -62.3274325689999,-12.8339218915899,0.0 -62.3285514619999,-12.8338661945897,0.0 -62.3296710939998,-12.8343333475898,0.0 -62.329963004,-12.8354934995897,0.0 -62.329960746,-12.8365375365898,0.0 -62.3306085979999,-12.8371188675896,0.0 -62.3319059579999,-12.8367746205898,0.0 -62.3331447619999,-12.8360821325897,0.0 -62.3342665989999,-12.8361427065898,0.0 -62.334469887,-12.8371865455896,0.0 -62.3342848439999,-12.8400269725897,0.0 -62.3355782769999,-12.8414806435895,0.0 -62.337161207,-12.8449629615895,0.0 -62.339284733,-12.8447941375894,0.0 -62.3392884469998,-12.8435181885896,0.0 -62.3385524289999,-12.8425314025896,0.0 -62.3380268259999,-12.8410804885897,0.0 -62.338682302,-12.8385306045897,0.0 -62.3395106639999,-12.8376629725898,0.0 -62.34033536,-12.8374902225898,0.0 -62.341275788,-12.8383049485898,0.0 -62.3415694609998,-12.8393495035896,0.0 -62.3426870699999,-12.8402813055896,0.0 -62.3435122479999,-12.8404559085897,0.0 -62.344572951,-12.8402846725896,0.0 -62.3451907080001,-12.8410405805896,0.0 -62.3464807329999,-12.8445803295894,0.0 -62.346828765,-12.8462051005895,0.0 -62.3473006009999,-12.8461472765894,0.0 -62.3485451790001,-12.8437158555896,0.0 -62.3496070859998,-12.8437191405896,0.0 -62.3498414319998,-12.8445300675894,0.0 -62.3495439769998,-12.8453416195894,0.0 -62.350629958,-12.8473155835893,0.0 -62.350626865,-12.8483587025895,0.0 -62.350212115,-12.8489966815893,0.0 -62.349851739,-12.8515462035892,0.0 -62.3498489949999,-12.8528211975893,0.0 -62.350258254,-12.8540402375893,0.0 -62.3507897919999,-12.8538095155893,0.0 -62.3522638670001,-12.8538714035893,0.0 -62.3545598960001,-12.8549781445892,0.0 -62.3556526500001,-12.8546330335893,0.0 -62.356185201,-12.8538239155892,0.0 -62.354478267,-12.8527756175893,0.0 -62.354480245,-12.8522536005893,0.0 -62.3551293139999,-12.8517326785894,0.0 -62.356486548,-12.8513308915894,0.0 -62.3577860649999,-12.8505799695893,0.0 -62.3590248709999,-12.8505248015893,0.0 -62.3600255659999,-12.8508755345893,0.0 -62.3610283899999,-12.8508197405894,0.0 -62.3684979369999,-12.8467792265895,0.0 -62.3697956429999,-12.8466666555895,0.0 -62.3706209900001,-12.8469002325894,0.0 -62.370795728,-12.8478284705895,0.0 -62.3701457459998,-12.8483485395894,0.0 -62.369791117,-12.8491019025894,0.0 -62.3701422999998,-12.8496825825893,0.0 -62.371292985,-12.8492792035894,0.0 -62.371942105,-12.8493965795894,0.0 -62.3714664159999,-12.8505548385893,0.0 -62.3714054470001,-12.8516561365893,0.0 -62.372287894,-12.8518323895894,0.0 -62.372703276,-12.8510216015893,0.0 -62.373412706,-12.8502113775893,0.0 -62.3740039899998,-12.8498659375893,0.0 -62.3745922549999,-12.8505626635892,0.0 -62.3740568379999,-12.8524166265893,0.0 -62.3751754799999,-12.8527653515892,0.0 -62.376506342,-12.8520160605894,0.0 -62.378451378,-12.8514416275894,0.0 -62.3795153320001,-12.8504008595894,0.0 -62.3796361579999,-12.8498786975893,0.0 -62.380817485,-12.8484886615895,0.0 -62.3835930499998,-12.8473373985895,0.0 -62.3853629609998,-12.8468195085893,0.0 -62.38660319,-12.8459522125896,0.0 -62.3863407279999,-12.8452138945895,0.0 -62.3846293760001,-12.8454425635894,0.0 -62.3846317140001,-12.8445741185895,0.0 -62.3861661189999,-12.8424970365895,0.0 -62.386758732,-12.8412813905896,0.0 -62.38788966,-12.8371688065898,0.0 -62.3950657860001,-12.8310416265899,0.0 -62.3970679249999,-12.8311609415899,0.0 -62.399248604,-12.8316308815899,0.0 -62.4031022039999,-12.8346671845897,0.0 -62.4040981289999,-12.8379066725898,0.0 -62.4042061929999,-12.8419629245896,0.0 -62.4048509700001,-12.8433551045895,0.0 -62.4072291379998,-12.8469661115895,0.0 -62.4089370679998,-12.8481213565895,0.0 -62.4112288579999,-12.8504432725893,0.0 -62.4116377120001,-12.8518339345892,0.0 -62.4136961860001,-12.8535177825893,0.0 -62.41513429,-12.8557216915893,0.0 -62.415719596,-12.8572875515891,0.0 -62.416718906,-12.8583899905892,0.0 -62.4178980440001,-12.8584510085891,0.0 -62.4188418069999,-12.8572940255892,0.0 -62.418961931,-12.8563690925892,0.0 -62.4218474199998,-12.8570123485891,0.0 -62.4247078160001,-12.8554534065892,0.0 -62.4260642259999,-12.8551668165891,0.0 -62.428007427,-12.8551712845891,0.0 -62.430068519,-12.8556392495892,0.0 -62.432071746,-12.8557017505892,0.0 -62.440055506,-12.8551397605893,0.0 -62.443765362,-12.8559006195891,0.0 -62.445353821,-12.8570038075891,0.0 -62.4513900589998,-12.8575946255892,0.0 -62.455275346,-12.8589359685891,0.0 -62.4581622699998,-12.8592896025891,0.0 -62.4607519989999,-12.860396493589,0.0 -62.463605201,-12.861907556589,0.0 -62.466605707,-12.864694693589,0.0 -62.4679005350001,-12.8649862725889,0.0 -62.4696675139999,-12.8648742955889,0.0 -62.470847744,-12.8640659235889,0.0 -62.473207019,-12.8632601255889,0.0 -62.4751831969999,-12.8619474435891,0.0 -62.4794811039998,-12.863054047589,0.0 -62.4834799709999,-12.8676338835887,0.0 -62.48814907,-12.8738962045886,0.0 -62.4922640239999,-12.8777264545886,0.0 -62.4949113659999,-12.8793509635885,0.0 -62.4979447659998,-12.8799364685885,0.0 -62.4991796099999,-12.8805752215884,0.0 -62.500263643,-12.8807632595885,0.0 -62.5020652400001,-12.8805818785884,0.0 -62.5035981960001,-12.8800636555884,0.0 -62.5044240919999,-12.8791385555884,0.0 -62.5067809230001,-12.8789115665884,0.0 -62.5082536830001,-12.8791452515885,0.0 -62.512403574,-12.8793268505886,0.0 -62.514054482,-12.8792146825884,0.0 -62.515883167,-12.8777704575884,0.0 -62.5174742589999,-12.8773093775885,0.0 -62.5193001879999,-12.8771396485886,0.0 -62.5219508270001,-12.8763911785885,0.0 -62.5246351519999,-12.8746016875885,0.0 -62.5269331989999,-12.8740846985887,0.0 -62.5312913379999,-12.8742655995885,0.0 -62.5335905939999,-12.8730540655887,0.0 -62.536389898,-12.8724233155887,0.0 -62.5397501319999,-12.8712115595886,0.0 -62.5419447689999,-12.8698235065888,0.0 -62.5425799389999,-12.8694217775887,0.0 -62.545057548,-12.8668200445887,0.0 -62.5493409489999,-12.859705313589,0.0 -62.5497566139999,-12.8576220345891,0.0 -62.5512872340001,-12.8582035635892,0.0 -62.5545556829999,-12.858036372589,0.0 -62.5555596540001,-12.8572844965892,0.0 -62.557561876,-12.8569371005892,0.0 -62.5602704409999,-12.8570026885892,0.0 -62.562920435,-12.857296538589,0.0 -62.569541616,-12.8591595555891,0.0 -62.5708386599999,-12.859162367589,0.0 -62.5727253439998,-12.8586441025891,0.0 -62.578672137,-12.859059332589,0.0 -62.5801180879998,-12.8573257985892,0.0 -62.58229712,-12.8572704885892,0.0 -62.5846494729999,-12.8583737025891,0.0 -62.5867673119999,-12.8600571565891,0.0 -62.588946014,-12.8609869705889,0.0 -62.5952221699999,-12.858853479589,0.0 -62.597120242,-12.8580333175891,0.0 -62.5975755090001,-12.8578365955891,0.0 -62.601763895,-12.8560267845891,0.0 -62.6044728649998,-12.8559156365892,0.0 -62.606915691,-12.8566711815892,0.0 -62.60815127,-12.8575419455892,0.0 -62.611444262,-12.861310216589,0.0 -62.613326499,-12.862703040589,0.0 -62.6167690957292,-12.8639806866638,0.0</coordinates>
</LinearRing>
</outerBoundaryIs>
</Polygon>
<Polygon>
<extrude>0</extrude>
<tessellate>1</tessellate>
<outerBoundaryIs>
<LinearRing>
<coordinates>-62.5135394077169,-12.2856147015412,0.0 -62.495513864,-12.2679713546067,0.0 -62.493292308,-12.2657969026068,0.0 -62.4925549209999,-12.2650751506068,0.0 -62.492351104,-12.2648705136068,0.0 -62.4893398049999,-12.2618470956068,0.0 -62.4889903289999,-12.261503840607,0.0 -62.4886408539999,-12.261160585607,0.0 -62.4884020059999,-12.2609259886069,0.0 -62.488163158,-12.260691391607,0.0 -62.488093218,-12.2606226956069,0.0 -62.488009972,-12.260540931607,0.0 -62.487941904,-12.2604740746069,0.0 -62.487823783204,-12.2604971729074,0.0 -62.4878102739999,-12.260499814607,0.0 -62.4875891619998,-12.260543050607,0.0 -62.4872112949999,-12.2605423806069,0.0 -62.483859057,-12.260536437607,0.0 -62.4815661469999,-12.2603255926069,0.0 -62.479654145,-12.260614892607,0.0 -62.478874719,-12.260732825607,0.0 -62.4772209819999,-12.261552212607,0.0 -62.474193042,-12.2620762106069,0.0 -62.47260175,-12.2627791146068,0.0 -62.4700622610001,-12.2634796776069,0.0 -62.4674903229999,-12.2649446616068,0.0 -62.464797565,-12.2660275796068,0.0 -62.462870408,-12.2665823026068,0.0 -62.4614891729999,-12.2674989366068,0.0 -62.4601923799999,-12.2678383826068,0.0 -62.4579578469999,-12.2676139516068,0.0 -62.4573550150001,-12.2676510276067,0.0 -62.45564589,-12.2677561436068,0.0 -62.4534597679999,-12.2687528226066,0.0 -62.452061785,-12.2690917496068,0.0 -62.4497506179998,-12.2690870896068,0.0 -62.448942153,-12.2689256266066,0.0 -62.4484581799998,-12.2688289696067,0.0 -62.4480244539998,-12.2687423476067,0.0 -62.4452571049998,-12.2680766896067,0.0 -62.443226215,-12.2672909846067,0.0 -62.441829543,-12.2670686176067,0.0 -62.4402539229998,-12.2674316986067,0.0 -62.4382440059999,-12.2693081486067,0.0 -62.4368438189998,-12.2706978996067,0.0 -62.4352915289999,-12.2718183916065,0.0 -62.433537797,-12.2724500396066,0.0 -62.4325285719999,-12.2732129596066,0.0 -62.4322215259999,-12.2743357986066,0.0 -62.431914036,-12.2757030116066,0.0 -62.4314545189998,-12.2766308946064,0.0 -62.430843469,-12.2770200756064,0.0 -62.429319226,-12.2770656076064,0.0 -62.427693178,-12.2770623166064,0.0 -62.4260141889999,-12.2781338526064,0.0 -62.4224517959999,-12.2804711136064,0.0 -62.4208666499999,-12.2817844066064,0.0 -62.420568621,-12.2820313236062,0.0 -62.4190928350001,-12.2831029346062,0.0 -62.4172622999999,-12.2836366336062,0.0 -62.414922126,-12.2849994966061,0.0 -62.414006444,-12.2855841216062,0.0 -62.4112580389999,-12.2872386766061,0.0 -62.4088676129999,-12.2882109866062,0.0 -62.407902239,-12.2883065826062,0.0 -62.4066299330001,-12.2893299216061,0.0 -62.4054077489998,-12.290597901606,0.0 -62.404235957,-12.2915725336061,0.0 -62.40311853,-12.2917166066061,0.0 -62.4018993969999,-12.2914699006061,0.0 -62.400680531,-12.291173945606,0.0 -62.3983431229999,-12.291217216606,0.0 -62.3944796169998,-12.291941486606,0.0 -62.391175149,-12.2923739266061,0.0 -62.3886350349999,-12.292319435606,0.0 -62.3861456349998,-12.291923212606,0.0 -62.383960557,-12.2918695406059,0.0 -62.3823865379998,-12.291279901606,0.0 -62.3810171009999,-12.290299112606,0.0 -62.379953762,-12.2888802356061,0.0 -62.379142714,-12.2880472176062,0.0 -62.377518091,-12.2873113556062,0.0 -62.3762003529999,-12.2859887766062,0.0 -62.3748312009998,-12.2848127636062,0.0 -62.373156027,-12.2840765976063,0.0 -62.371225505,-12.2840723706063,0.0 -62.3685322139999,-12.2841144876062,0.0 -62.3661434529999,-12.2843049266062,0.0 -62.3636518580001,-12.2849344326062,0.0 -62.3614123939999,-12.2866386386061,0.0 -62.3591709379999,-12.2886857806061,0.0 -62.357592553,-12.2899519246061,0.0 -62.3565246869998,-12.290584915606,0.0 -62.354744506,-12.2909717576061,0.0 -62.351896177,-12.2921858536061,0.0 -62.3506249679999,-12.292671892606,0.0 -62.3501656589999,-12.293354527606,0.0 -62.350160705,-12.295455846606,0.0 -62.3491414359999,-12.2965770726059,0.0 -62.3471564970001,-12.2979888956058,0.0 -62.3461883149998,-12.2988659636059,0.0 -62.3450188720001,-12.2994008536057,0.0 -62.3432405679998,-12.2992987926057,0.0 -62.3416157159999,-12.2987578776057,0.0 -62.3402942589999,-12.2987055636058,0.0 -62.338005332,-12.2998722776058,0.0 -62.3362224529999,-12.3014803086057,0.0 -62.335457522,-12.3023583966057,0.0 -62.3352133649999,-12.3026925466057,0.0 -62.3338257899999,-12.3031946036056,0.0 -62.3336903629999,-12.3038135036056,0.0 -62.3336428229998,-12.3040307576057,0.0 -62.3334598559999,-12.3048669106056,0.0 -62.3329263589999,-12.3073049796056,0.0 -62.3317168199999,-12.3128325416055,0.0 -62.3315578320001,-12.3135591086054,0.0 -62.330093543,-12.3202508736052,0.0 -62.329236754,-12.324166375605,0.0 -62.329067731,-12.324938804605,0.0 -62.3290281309999,-12.325119775605,0.0 -62.3289327579999,-12.325556638605,0.0 -62.3288548698816,-12.3259115744733,0.0 -62.3288549,-12.3259115996051,0.0 -62.3300398,-12.3269008996051,0.0 -62.3335926,-12.327840999605,0.0 -62.338678,-12.330086599605,0.0 -62.3432944,-12.329444599605,0.0 -62.3476801,-12.330539199605,0.0 -62.3496204,-12.3308393996049,0.0 -62.355319,-12.3321438996049,0.0 -62.3592657,-12.3358817996048,0.0 -62.3636231,-12.3387055996047,0.0 -62.3688151,-12.3396928996047,0.0 -62.3734599,-12.3379491996047,0.0 -62.3774298,-12.3407011996046,0.0 -62.380626,-12.3425563996046,0.0 -62.3845954,-12.3421320996046,0.0 -62.3902391,-12.3431149996046,0.0 -62.3946838,-12.3434798996046,0.0 -62.3968213,-12.3410066996046,0.0 -62.4011814,-12.3386805996047,0.0 -62.4039287,-12.3360635996048,0.0 -62.4068496,-12.3324645996049,0.0 -62.4126206,-12.3314300996049,0.0 -62.4160112,-12.328711899605,0.0 -62.4176009,-12.3241697996051,0.0 -62.4193711,-12.3234086996052,0.0 -62.4224612,-12.3225355996052,0.0 -62.4250102,-12.3214542996052,0.0 -62.4283475,-12.3208349996052,0.0 -62.4311556,-12.3191728996053,0.0 -62.4341816,-12.3180241996053,0.0 -62.4385994,-12.3166807996054,0.0 -62.4419084,-12.3140392996054,0.0 -62.4441274,-12.3103983996056,0.0 -62.4466467,-12.3092561996056,0.0 -62.4564902,-12.3055796996057,0.0 -62.460487,-12.3043384996057,0.0 -62.4628203,-12.3016534996058,0.0 -62.4682064,-12.2992598996059,0.0 -62.4703159,-12.2993929996059,0.0 -62.4752339,-12.3007090996058,0.0 -62.4771533,-12.3028697996058,0.0 -62.4796562,-12.3029361996058,0.0 -62.4814584,-12.3017809996058,0.0 -62.4855149,-12.3020492996058,0.0 -62.4859293,-12.2986803996059,0.0 -62.4894315,-12.296057999606,0.0 -62.4949835,-12.295135599606,0.0 -62.4983199,-12.297028799606,0.0 -62.4998729,-12.294715999606,0.0 -62.5005433,-12.294115399606,0.0 -62.5017914,-12.2935203996061,0.0 -62.5023729,-12.2932438996061,0.0 -62.5056589,-12.2932948996061,0.0 -62.5076029,-12.2908715996061,0.0 -62.5091559,-12.2877362996062,0.0 -62.5108488,-12.2865655996063,0.0 -62.5135394,-12.2856146996063,0.0 -62.5135394077169,-12.2856147015412,0.0</coordinates>
</LinearRing>
</outerBoundaryIs>
</Polygon>
<Polygon>
<extrude>0</extrude>
<tessellate>1</tessellate>
<outerBoundaryIs>
<LinearRing>
<coordinates>-62.3282981905191,-12.3254470623881,0.0 -62.3272344199999,-12.324559386605,0.0 -62.323479161,-12.3230343626051,0.0 -62.32020862,-12.3222896806052,0.0 -62.3169207234326,-12.3211442503305,0.0 -62.3202086,-12.3222896996052,0.0 -62.3234792,-12.3230343996052,0.0 -62.3272344,-12.3245593996051,0.0 -62.3282981905191,-12.3254470623881,0.0</coordinates>
</LinearRing>
</outerBoundaryIs>
</Polygon>
<Polygon>
<extrude>0</extrude>
<tessellate>1</tessellate>
<outerBoundaryIs>
<LinearRing>
<coordinates>-62.3076971654877,-12.3211717524104,0.0 -62.306728209,-12.3209886966052,0.0 -62.3056807926891,-12.3203785195955,0.0 -62.3067282,-12.3209886996052,0.0 -62.3076971654877,-12.3211717524104,0.0</coordinates>
</LinearRing>
</outerBoundaryIs>
</Polygon>
<Polygon>
<extrude>0</extrude>
<tessellate>1</tessellate>
<outerBoundaryIs>
<LinearRing>
<coordinates>-62.293443836416,-12.3184189759833,0.0 -62.291429874,-12.3188256626052,0.0 -62.2875074110089,-12.3269397640487,0.0 -62.2914299,-12.3188256996053,0.0 -62.293443836416,-12.3184189759833,0.0</coordinates>
</LinearRing>
</outerBoundaryIs>
</Polygon>
</MultiGeometry>
</Placemark>
<Placemark id="13. Referência">
<name>TI - Rio Branco [7560]</name>
<visibility>0</visibility>
<snippet> </snippet>
<description>&lt;center&gt;&lt;table&gt;&lt;tr&gt;&lt;th colspan='2' align='center'&gt;&lt;em&gt;Attributes&lt;/em&gt;&lt;/th&gt;&lt;/tr&gt;&lt;tr bgcolor="#E3E3F3"&gt;
&lt;th&gt;COD_TI&lt;/th&gt;
&lt;td&gt;7560&lt;/td&gt;
&lt;/tr&gt;&lt;tr bgcolor=""&gt;
&lt;th&gt;NOM_TI&lt;/th&gt;
&lt;td&gt;Rio Branco&lt;/td&gt;
&lt;/tr&gt;&lt;/table&gt;&lt;/center&gt;</description>
<Style>
<IconStyle>
<scale>0.7</scale>
</IconStyle>
<LabelStyle>
<scale>0.7</scale>
</LabelStyle>
<LineStyle>
<color>ff00aaaa</color>
<width>3</width>
<gx:labelVisibility>1</gx:labelVisibility>
</LineStyle>
<PolyStyle>
<color>3300aaaa</color>
</PolyStyle>
</Style>
<ExtendedData>
<SchemaData schemaUrl="#kml_schema_ft_Terra_Indígena">
<SimpleData name="COD_TI">7560</SimpleData>
<SimpleData name="NOM_TI">Rio Branco</SimpleData>
</SchemaData>
</ExtendedData>
<Polygon>
<extrude>0</extrude>
<tessellate>1</tessellate>
<outerBoundaryIs>
<LinearRing>
<coordinates>-62.5130724084352,-12.2857797417081,0.0 -62.5135394,-12.2856146996063,0.0 -62.5146521,-12.2858936996063,0.0 -62.5159623,-12.2840366996064,0.0 -62.5170144,-12.2835836996064,0.0 -62.518102,-12.2836566996064,0.0 -62.5191248,-12.2828653996064,0.0 -62.5204912,-12.2833978996064,0.0 -62.5215922,-12.2838274996064,0.0 -62.5240142,-12.2838960996064,0.0 -62.5265935,-12.2851329996063,0.0 -62.5308195,-12.2838563996064,0.0 -62.5327898,-12.2845204996063,0.0 -62.5356533,-12.2849332996063,0.0 -62.5392071,-12.2827833996064,0.0 -62.5416244,-12.2799077996065,0.0 -62.5446223,-12.2793051996065,0.0 -62.5472095,-12.2774445996065,0.0 -62.5494857,-12.2778673996065,0.0 -62.5511269,-12.2765549996066,0.0 -62.5531224,-12.2754454996066,0.0 -62.5561802,-12.2750198996066,0.0 -62.558261,-12.2725476996067,0.0 -62.5600678,-12.2692883996068,0.0 -62.563126,-12.2685942996068,0.0 -62.5655407,-12.2695755996068,0.0 -62.5676836,-12.2721488996067,0.0 -62.5705937,-12.2702961996068,0.0 -62.5763475,-12.2676036996068,0.0 -62.5776845,-12.2657906996069,0.0 -62.5778423,-12.263861999607,0.0 -62.5802653,-12.262301699607,0.0 -62.5806,-12.261030599607,0.0 -62.5825122,-12.2595746996071,0.0 -62.5823229,-12.2568952996072,0.0 -62.5827348,-12.2528569996073,0.0 -62.584685,-12.2523125996073,0.0 -62.5878779,-12.2523747996073,0.0 -62.5909592,-12.2518319996073,0.0 -62.5929024,-12.2490696996074,0.0 -62.5953508,-12.2502992996074,0.0 -62.5972907,-12.2508484996073,0.0 -62.5986524,-12.2494641996074,0.0 -62.5997697,-12.2504495996074,0.0 -62.6010154,-12.2522719996073,0.0 -62.6028795,-12.2513185996073,0.0 -62.603956,-12.2522075996073,0.0 -62.6041813,-12.2543211996072,0.0 -62.6055679,-12.2548229996072,0.0 -62.6084367,-12.2562209996072,0.0 -62.6082335,-12.2547858996072,0.0 -62.6093526,-12.2538555996073,0.0 -62.6109048,-12.2537992996073,0.0 -62.6119317,-12.2542970996072,0.0 -62.611455,-12.2554374996072,0.0 -62.6127359,-12.2558011996072,0.0 -62.6162563,-12.2558081996072,0.0 -62.6197109,-12.2528449996073,0.0 -62.6205679,-12.2548680996072,0.0 -62.622289,-12.2543224996072,0.0 -62.6231219,-12.2536971996073,0.0 -62.6243179,-12.2523080996073,0.0 -62.6268781,-12.2521139996073,0.0 -62.6265999,-12.2497955996074,0.0 -62.6287616,-12.2484409996074,0.0 -62.6290415,-12.2474382996074,0.0 -62.6300126,-12.2473006996075,0.0 -62.6320453,-12.2462175996075,0.0 -62.6335137,-12.2432910996076,0.0 -62.6369287,-12.2418258996076,0.0 -62.6390679,-12.2410784996076,0.0 -62.6404631,-12.2401037996077,0.0 -62.6414637,-12.2397693996077,0.0 -62.6419689,-12.2377585996077,0.0 -62.6425229,-12.2371830996078,0.0 -62.6425289,-12.2354699996078,0.0 -62.6415568,-12.2350694996078,0.0 -62.6407892,-12.2349103996078,0.0 -62.6405039,-12.2336929996079,0.0 -62.6400071,-12.2332232996079,0.0 -62.6400245,-12.2323636996079,0.0 -62.6394392,-12.2317856996079,0.0 -62.6388044,-12.2315619996079,0.0 -62.6388014,-12.2310321996079,0.0 -62.6395138,-12.230399099608,0.0 -62.6402104,-12.230108999608,0.0 -62.6401195,-12.229753799608,0.0 -62.6395535,-12.229323899608,0.0 -62.6390639,-12.229019199608,0.0 -62.6387501,-12.228470199608,0.0 -62.6388602,-12.227936199608,0.0 -62.6394536,-12.227776199608,0.0 -62.6400476,-12.227727599608,0.0 -62.6403589,-12.227561999608,0.0 -62.6402306,-12.2272062996081,0.0 -62.6397138,-12.2270610996081,0.0 -62.6391438,-12.2272075996081,0.0 -62.6386323,-12.2272899996081,0.0 -62.6382284,-12.2268798996081,0.0 -62.6379693,-12.2264819996081,0.0 -62.6386813,-12.2258122996081,0.0 -62.6386204,-12.2252033996081,0.0 -62.638327,-12.2248080996081,0.0 -62.6383649,-12.2243019996081,0.0 -62.6386536,-12.2239270996082,0.0 -62.6391957,-12.2238329996082,0.0 -62.6395031,-12.2236700996082,0.0 -62.6394256,-12.2231316996082,0.0 -62.6387889,-12.2226538996082,0.0 -62.638067,-12.2224548996082,0.0 -62.6373343,-12.2220282996082,0.0 -62.6365343,-12.2211119996082,0.0 -62.6355742,-12.2204972996083,0.0 -62.6352941,-12.2205945996083,0.0 -62.6351749,-12.2211279996082,0.0 -62.6348162,-12.2214118996082,0.0 -62.6340438,-12.2209427996082,0.0 -62.6339459,-12.2203592996083,0.0 -62.6341053,-12.2196801996083,0.0 -62.6337071,-12.2194507996083,0.0 -62.6330972,-12.2194586996083,0.0 -62.6327918,-12.2189204996083,0.0 -62.6325899,-12.2179383996083,0.0 -62.6325982,-12.2173678996083,0.0 -62.6329428,-12.2170557996084,0.0 -62.6336887,-12.2170090996084,0.0 -62.6342471,-12.2168504996084,0.0 -62.634164,-12.2162980996084,0.0 -62.6336373,-12.2156380996084,0.0 -62.6332057,-12.2154572996084,0.0 -62.6328361,-12.2157767996084,0.0 -62.6325002,-12.2160416996084,0.0 -62.632087,-12.2159346996084,0.0 -62.6312742,-12.2150898996084,0.0 -62.6305158,-12.2144390996084,0.0 -62.6304924,-12.2138956996085,0.0 -62.6303385,-12.2134610996085,0.0 -62.6296968,-12.2132161996085,0.0 -62.6290962,-12.2131630996085,0.0 -62.6287177,-12.2129650996085,0.0 -62.6281985,-12.2120630996085,0.0 -62.6280722,-12.2116601996085,0.0 -62.6276976,-12.2119249996085,0.0 -62.6273462,-12.2122047996085,0.0 -62.6270447,-12.2121151996085,0.0 -62.6269632,-12.2117442996085,0.0 -62.6271157,-12.2113298996085,0.0 -62.6269998,-12.2108482996085,0.0 -62.6266754,-12.2103756996086,0.0 -62.625769,-12.2100164996086,0.0 -62.6252166,-12.2099392996086,0.0 -62.6250825,-12.2096023996086,0.0 -62.6255645,-12.2089959996086,0.0 -62.6261221,-12.2086508996086,0.0 -62.6260662,-12.2082452996086,0.0 -62.6255109,-12.2080616996086,0.0 -62.6250339,-12.2082741996086,0.0 -62.6246742,-12.2082999996086,0.0 -62.6241905,-12.2078735996086,0.0 -62.6236137,-12.2078252996086,0.0 -62.6229132,-12.2080964996086,0.0 -62.6226265,-12.2078751996086,0.0 -62.6226046,-12.2071062996087,0.0 -62.622445,-12.2063484996087,0.0 -62.6220767,-12.2056915996087,0.0 -62.6213947,-12.2052855996087,0.0 -62.6208144,-12.2053424996087,0.0 -62.6204581,-12.2058360996087,0.0 -62.6202488,-12.2062629996087,0.0 -62.6204005,-12.2067980996087,0.0 -62.6208446,-12.2075069996086,0.0 -62.6209523,-12.2080315996086,0.0 -62.6208096,-12.2084105996086,0.0 -62.6204034,-12.2086260996086,0.0 -62.6193294,-12.2084385996086,0.0 -62.6177332,-12.2080963996086,0.0 -62.6174069,-12.2078870996086,0.0 -62.617467,-12.2071491996087,0.0 -62.6171269,-12.2063326996087,0.0 -62.6165101,-12.2057399996087,0.0 -62.6154371,-12.2050613996087,0.0 -62.6150156,-12.2046793996087,0.0 -62.6150774,-12.2040612996087,0.0 -62.6155755,-12.2038815996088,0.0 -62.6161122,-12.2038338996088,0.0 -62.6163856,-12.2041451996087,0.0 -62.6165174,-12.2047240996087,0.0 -62.61698,-12.2048046996087,0.0 -62.6171251,-12.2043684996087,0.0 -62.6169358,-12.2039280996088,0.0 -62.616269,-12.2033195996088,0.0 -62.6158545,-12.2026359996088,0.0 -62.6150403,-12.2021930996088,0.0 -62.6145292,-12.2019189996088,0.0 -62.6142424,-12.2014520996088,0.0 -62.6145976,-12.2008210996088,0.0 -62.6145631,-12.2001596996089,0.0 -62.6142832,-12.1999156996089,0.0 -62.6137728,-12.1998586996089,0.0 -62.6134833,-12.1998472996089,0.0 -62.6133742,-12.1995610996089,0.0 -62.6136991,-12.1985362996089,0.0 -62.6135884,-12.1977580996089,0.0 -62.6132446,-12.197045499609,0.0 -62.6128532,-12.196075799609,0.0 -62.6124363,-12.195339899609,0.0 -62.6124706,-12.194742099609,0.0 -62.6126224,-12.194452399609,0.0 -62.6124978,-12.194280399609,0.0 -62.6121746,-12.194113699609,0.0 -62.6117805,-12.194126999609,0.0 -62.6113214,-12.194329699609,0.0 -62.6111508,-12.194591899609,0.0 -62.6112142,-12.195016199609,0.0 -62.6115892,-12.195331299609,0.0 -62.6117069,-12.195483899609,0.0 -62.6114658,-12.195716399609,0.0 -62.6107263,-12.195435899609,0.0 -62.6098868,-12.195050899609,0.0 -62.6089046,-12.1940532996091,0.0 -62.6088165,-12.1933602996091,0.0 -62.6087032,-12.1924169996091,0.0 -62.6085048,-12.1915302996091,0.0 -62.6086242,-12.1911034996091,0.0 -62.6092557,-12.1908029996092,0.0 -62.6094722,-12.1905604996092,0.0 -62.6093849,-12.1901927996092,0.0 -62.6089363,-12.1900927996092,0.0 -62.6084752,-12.1901535996092,0.0 -62.60844,-12.1898741996092,0.0 -62.6087702,-12.1896357996092,0.0 -62.6089611,-12.1892978996092,0.0 -62.6087523,-12.1890479996092,0.0 -62.6083588,-12.1889401996092,0.0 -62.6081204,-12.1886106996092,0.0 -62.6079055,-12.1878938996092,0.0 -62.6079092,-12.1874004996093,0.0 -62.607656,-12.1872803996093,0.0 -62.607292,-12.1872679996093,0.0 -62.6069199,-12.1869754996093,0.0 -62.6065416,-12.1864645996093,0.0 -62.6060731,-12.1855649996093,0.0 -62.6059278,-12.1847530996093,0.0 -62.6059922,-12.1840595996094,0.0 -62.6067794,-12.1832160996094,0.0 -62.607202,-12.1830978996094,0.0 -62.6072823,-12.1827550996094,0.0 -62.6069952,-12.1825500996094,0.0 -62.6065906,-12.1824875996094,0.0 -62.6065541,-12.1821988996094,0.0 -62.6068148,-12.1814898996094,0.0 -62.6065587,-12.1805123996095,0.0 -62.6063091,-12.1800557996095,0.0 -62.6059912,-12.1796522996095,0.0 -62.6058824,-12.1792638996095,0.0 -62.6063193,-12.1786872996095,0.0 -62.6065425,-12.1782883996095,0.0 -62.6064241,-12.1779613996095,0.0 -62.6064661,-12.1773032996095,0.0 -62.606868,-12.1771631996096,0.0 -62.6073718,-12.1773535996096,0.0 -62.6078535,-12.1775770996096,0.0 -62.6082507,-12.1766682996096,0.0 -62.6087193,-12.1755618996096,0.0 -62.608612,-12.1740071996097,0.0 -62.6087883,-12.1731453996097,0.0 -62.6091663,-12.1729479996097,0.0 -62.6092749,-12.1727999996097,0.0 -62.6090213,-12.1725231996097,0.0 -62.608639,-12.1720080996097,0.0 -62.608524,-12.1714985996097,0.0 -62.6087347,-12.1712122996097,0.0 -62.6093716,-12.1711049996097,0.0 -62.6095576,-12.1708737996097,0.0 -62.6093411,-12.1703974996098,0.0 -62.6089678,-12.1699428996098,0.0 -62.6084326,-12.1698006996098,0.0 -62.6081135,-12.1698721996098,0.0 -62.6079974,-12.1703059996098,0.0 -62.6077295,-12.1703211996098,0.0 -62.6075739,-12.1701035996098,0.0 -62.6073824,-12.1697355996098,0.0 -62.6070507,-12.1692766996098,0.0 -62.6066585,-12.1691163996098,0.0 -62.6061536,-12.1690048996098,0.0 -62.6057645,-12.1688624996098,0.0 -62.6052719,-12.1683766996098,0.0 -62.604852,-12.1677257996098,0.0 -62.6045542,-12.1669910996099,0.0 -62.6047537,-12.1662882996099,0.0 -62.6053431,-12.1665375996099,0.0 -62.606286,-12.1664678996099,0.0 -62.6068578,-12.1661584996099,0.0 -62.6071214,-12.1658284996099,0.0 -62.6071353,-12.1654679996099,0.0 -62.6066571,-12.1651002996099,0.0 -62.6061016,-12.1649395996099,0.0 -62.6053535,-12.1645597996099,0.0 -62.6049807,-12.1644705996099,0.0 -62.6049107,-12.1641727996099,0.0 -62.6056578,-12.16375209961,0.0 -62.6058663,-12.16338039961,0.0 -62.6055371,-12.16293739961,0.0 -62.6047457,-12.16248829961,0.0 -62.6049991,-12.16210839961,0.0 -62.605747,-12.16188849961,0.0 -62.6066884,-12.16149099961,0.0 -62.6071266,-12.16172749961,0.0 -62.6073619,-12.16162299961,0.0 -62.6072429,-12.16123999961,0.0 -62.6069524,-12.1603818996101,0.0 -62.606776,-12.1602384996101,0.0 -62.6063564,-12.1603165996101,0.0 -62.6052674,-12.1604117996101,0.0 -62.60439,-12.1606548996101,0.0 -62.6040669,-12.1606082996101,0.0 -62.6039069,-12.1603668996101,0.0 -62.6040151,-12.1601055996101,0.0 -62.6044041,-12.1598600996101,0.0 -62.6052814,-12.1597607996101,0.0 -62.6060341,-12.1594732996101,0.0 -62.606889,-12.1594111996101,0.0 -62.6074088,-12.1597266996101,0.0 -62.607917,-12.1596611996101,0.0 -62.6077533,-12.1593883996101,0.0 -62.6073075,-12.1589568996101,0.0 -62.6064134,-12.1583558996101,0.0 -62.6053963,-12.1576795996101,0.0 -62.6046292,-12.1573770996102,0.0 -62.6040289,-12.1572980996102,0.0 -62.6037981,-12.1570214996102,0.0 -62.6039701,-12.1565711996102,0.0 -62.6041373,-12.1559004996102,0.0 -62.6039195,-12.1553230996102,0.0 -62.6033484,-12.1545478996102,0.0 -62.6032389,-12.1537966996103,0.0 -62.6030208,-12.1531525996103,0.0 -62.6030973,-12.1528253996103,0.0 -62.6035898,-12.1524745996103,0.0 -62.6038292,-12.1521382996103,0.0 -62.6037634,-12.1516034996103,0.0 -62.6033027,-12.1510670996103,0.0 -62.6028936,-12.1501575996104,0.0 -62.6031723,-12.1496336996104,0.0 -62.6037862,-12.1492128996104,0.0 -62.6044795,-12.1493516996104,0.0 -62.605193,-12.1492890996104,0.0 -62.6053447,-12.1488428996104,0.0 -62.6051372,-12.1482525996104,0.0 -62.6051839,-12.1477585996104,0.0 -62.6056755,-12.1473993996104,0.0 -62.6060758,-12.1472397996105,0.0 -62.6062089,-12.1467751996105,0.0 -62.605904,-12.1463823996105,0.0 -62.6039115,-12.1458247996105,0.0 -62.6042202,-12.1454112996105,0.0 -62.6045099,-12.1449845996105,0.0 -62.6044169,-12.1441704996105,0.0 -62.6045958,-12.1436650996106,0.0 -62.6050163,-12.1440344996106,0.0 -62.6055985,-12.1441953996105,0.0 -62.6060998,-12.1440280996106,0.0 -62.6065846,-12.1440447996106,0.0 -62.6068337,-12.1443456996105,0.0 -62.6070138,-12.1447753996105,0.0 -62.6073389,-12.1447270996105,0.0 -62.6075157,-12.1443179996105,0.0 -62.6080355,-12.1433825996106,0.0 -62.6082625,-12.1425571996106,0.0 -62.6080759,-12.1420770996106,0.0 -62.6075068,-12.1417164996106,0.0 -62.6069266,-12.1414814996106,0.0 -62.6068326,-12.1411668996106,0.0 -62.6068387,-12.1406799996107,0.0 -62.6072377,-12.1399332996107,0.0 -62.6072037,-12.1391466996107,0.0 -62.6069391,-12.1387791996107,0.0 -62.6070086,-12.1384977996107,0.0 -62.6073532,-12.1385206996107,0.0 -62.6085942,-12.1388768996107,0.0 -62.60909,-12.1387324996107,0.0 -62.6094884,-12.1383877996107,0.0 -62.6095671,-12.1378798996107,0.0 -62.6094595,-12.1370511996108,0.0 -62.6091449,-12.1363580996108,0.0 -62.6085674,-12.1362397996108,0.0 -62.6080903,-12.1362490996108,0.0 -62.6080862,-12.1358349996108,0.0 -62.6083323,-12.1354337996108,0.0 -62.6090672,-12.1346243996108,0.0 -62.609744,-12.1334646996109,0.0 -62.6103883,-12.1332811996109,0.0 -62.6104482,-12.1328010996109,0.0 -62.6101107,-12.1323420996109,0.0 -62.6095252,-12.1319779996109,0.0 -62.6091932,-12.1313846996109,0.0 -62.6090527,-12.130562099611,0.0 -62.60898,-12.129342799611,0.0 -62.609144,-12.128877299611,0.0 -62.6097005,-12.128641399611,0.0 -62.6102493,-12.128755399611,0.0 -62.6111881,-12.129366199611,0.0 -62.61168,-12.129241399611,0.0 -62.6118205,-12.128871699611,0.0 -62.611599,-12.128431199611,0.0 -62.6112392,-12.128075099611,0.0 -62.6106058,-12.127649699611,0.0 -62.609875,-12.127630599611,0.0 -62.6089135,-12.127604499611,0.0 -62.6079126,-12.1272700996111,0.0 -62.6075607,-12.1266738996111,0.0 -62.6076387,-12.1260655996111,0.0 -62.6079272,-12.1255253996111,0.0 -62.6091973,-12.1253940996111,0.0 -62.6102499,-12.1252901996111,0.0 -62.6109525,-12.1250430996111,0.0 -62.6113578,-12.1244589996111,0.0 -62.6125542,-12.1231492996112,0.0 -62.6132777,-12.1214538996112,0.0 -62.6137054,-12.1208241996113,0.0 -62.6145003,-12.1200583996113,0.0 -62.6149529,-12.1197684996113,0.0 -62.6149224,-12.1193743996113,0.0 -62.6144608,-12.1183051996113,0.0 -62.6142454,-12.1171460996114,0.0 -62.6138701,-12.1169469996114,0.0 -62.6131505,-12.1168680996114,0.0 -62.6125339,-12.1170195996114,0.0 -62.6119492,-12.1168311996114,0.0 -62.611122,-12.1163384996114,0.0 -62.6100732,-12.1152332996114,0.0 -62.6090629,-12.1141082996115,0.0 -62.6087,-12.1125048996115,0.0 -62.6083523,-12.1122441996115,0.0 -62.6077754,-12.1122418996115,0.0 -62.6067812,-12.1126084996115,0.0 -62.6058391,-12.1130312996115,0.0 -62.6056831,-12.1123302996115,0.0 -62.606,-12.1113597996115,0.0 -62.6056634,-12.1104562996116,0.0 -62.6057471,-12.1099955996116,0.0 -62.6064081,-12.1094988996116,0.0 -62.6072606,-12.1094273996116,0.0 -62.6085165,-12.1097325996116,0.0 -62.6088411,-12.1096720996116,0.0 -62.6090398,-12.1093721996116,0.0 -62.6088271,-12.1091018996116,0.0 -62.6081294,-12.1088927996116,0.0 -62.6077452,-12.1083640996116,0.0 -62.607553,-12.1077025996116,0.0 -62.6075449,-12.1068065996117,0.0 -62.60794,-12.1056874996117,0.0 -62.6084774,-12.1051734996117,0.0 -62.6098022,-12.1049455996117,0.0 -62.6103668,-12.1046255996117,0.0 -62.6115422,-12.1032964996118,0.0 -62.6112219,-12.1030302996118,0.0 -62.6103628,-12.1033274996118,0.0 -62.6096876,-12.1032832996118,0.0 -62.6096877,-12.1030175996118,0.0 -62.6104183,-12.1026266996118,0.0 -62.6108534,-12.1021444996118,0.0 -62.6110523,-12.1013972996118,0.0 -62.6112245,-12.1004509996119,0.0 -62.6106965,-12.1003424996119,0.0 -62.6100108,-12.1007916996119,0.0 -62.6095222,-12.1006464996119,0.0 -62.6094846,-12.1001756996119,0.0 -62.6102453,-12.0987532996119,0.0 -62.6108666,-12.096987699612,0.0 -62.6107725,-12.096251599612,0.0 -62.6100287,-12.095691599612,0.0 -62.6090264,-12.095155599612,0.0 -62.608813,-12.094787399612,0.0 -62.6089942,-12.094526699612,0.0 -62.6094609,-12.094592399612,0.0 -62.610337,-12.094626899612,0.0 -62.6109811,-12.094524299612,0.0 -62.6115348,-12.0940197996121,0.0 -62.6116128,-12.0933743996121,0.0 -62.6115187,-12.0927802996121,0.0 -62.6116935,-12.0919451996121,0.0 -62.612265,-12.0912635996121,0.0 -62.6122907,-12.0907220996122,0.0 -62.611971,-12.0900296996122,0.0 -62.6118758,-12.0893624996122,0.0 -62.6119827,-12.0888121996122,0.0 -62.6128555,-12.0883227996122,0.0 -62.6134579,-12.0874326996123,0.0 -62.6134268,-12.0868021996123,0.0 -62.613358,-12.0861907996123,0.0 -62.6129064,-12.0854193996123,0.0 -62.6121411,-12.0854606996123,0.0 -62.6117384,-12.0860483996123,0.0 -62.6111893,-12.0862890996123,0.0 -62.6109136,-12.0862128996123,0.0 -62.6107629,-12.0857267996123,0.0 -62.6108107,-12.0851129996123,0.0 -62.6111667,-12.0846936996123,0.0 -62.6115559,-12.0841758996124,0.0 -62.6116128,-12.0838009996124,0.0 -62.6113872,-12.0832732996124,0.0 -62.6109069,-12.0832733996124,0.0 -62.6104444,-12.0836090996124,0.0 -62.6100272,-12.0845206996123,0.0 -62.6097747,-12.0847342996123,0.0 -62.6095408,-12.0844423996124,0.0 -62.6093219,-12.0835905996124,0.0 -62.6087884,-12.0826872996124,0.0 -62.6082209,-12.0820812996124,0.0 -62.6078059,-12.0821327996124,0.0 -62.607288,-12.0825782996124,0.0 -62.605936,-12.0817458996124,0.0 -62.6045723,-12.0807866996125,0.0 -62.6031187,-12.0802821996125,0.0 -62.6037016,-12.0792225996125,0.0 -62.6044938,-12.0787335996125,0.0 -62.6043765,-12.0782326996125,0.0 -62.6038107,-12.0778416996125,0.0 -62.6030971,-12.0772488996126,0.0 -62.6029605,-12.0763787996126,0.0 -62.6028309,-12.0756140996126,0.0 -62.6023901,-12.0757208996126,0.0 -62.6018777,-12.0766113996126,0.0 -62.6014323,-12.0772412996126,0.0 -62.6011956,-12.0777221996126,0.0 -62.6012924,-12.0783573996125,0.0 -62.6015642,-12.0788935996125,0.0 -62.6011283,-12.0793341996125,0.0 -62.6003746,-12.0785664996125,0.0 -62.599141,-12.0778076996125,0.0 -62.5993303,-12.0772822996126,0.0 -62.5994916,-12.0769287996126,0.0 -62.5991162,-12.0766557996126,0.0 -62.5987987,-12.0761909996126,0.0 -62.5984114,-12.0753664996126,0.0 -62.5983703,-12.0749433996126,0.0 -62.5986553,-12.0747617996126,0.0 -62.5991321,-12.0746647996126,0.0 -62.5990487,-12.0742721996127,0.0 -62.5985573,-12.0742785996127,0.0 -62.5978929,-12.0741795996127,0.0 -62.5972948,-12.0735458996127,0.0 -62.5968396,-12.0727405996127,0.0 -62.5965534,-12.0722958996127,0.0 -62.596275,-12.0723079996127,0.0 -62.5960689,-12.0727532996127,0.0 -62.5962497,-12.0735539996127,0.0 -62.5960133,-12.0739715996127,0.0 -62.5957041,-12.0738857996127,0.0 -62.5954624,-12.0735833996127,0.0 -62.5950365,-12.0734758996127,0.0 -62.5948139,-12.0737520996127,0.0 -62.5946589,-12.0740352996127,0.0 -62.5943866,-12.0743009996127,0.0 -62.5939792,-12.0743641996127,0.0 -62.5935607,-12.0742660996127,0.0 -62.5932816,-12.0739551996127,0.0 -62.5929872,-12.0735010996127,0.0 -62.591483,-12.0717638996127,0.0 -62.5900865,-12.0704986996128,0.0 -62.5897064,-12.0699109996128,0.0 -62.5891491,-12.0694344996128,0.0 -62.5887595,-12.0694336996128,0.0 -62.5886922,-12.0697130996128,0.0 -62.5890867,-12.0703514996128,0.0 -62.5893982,-12.0707452996128,0.0 -62.5890723,-12.0711110996128,0.0 -62.5886326,-12.0708328996128,0.0 -62.5882416,-12.0709175996128,0.0 -62.5878246,-12.0710961996127,0.0 -62.587467,-12.0709608996128,0.0 -62.5875253,-12.0704386996128,0.0 -62.5877006,-12.0699739996128,0.0 -62.5876814,-12.0696245996128,0.0 -62.5871104,-12.0696337996128,0.0 -62.5861183,-12.0697070996128,0.0 -62.585226,-12.0700222996128,0.0 -62.5846188,-12.0701829996128,0.0 -62.5841705,-12.0701221996128,0.0 -62.583886,-12.0697895996128,0.0 -62.5835417,-12.0697451996128,0.0 -62.5833422,-12.0701417996128,0.0 -62.5834507,-12.0709077996128,0.0 -62.5839415,-12.0713433996127,0.0 -62.5843159,-12.0719824996127,0.0 -62.5841279,-12.0724715996127,0.0 -62.5838277,-12.0728112996127,0.0 -62.583053,-12.0728522996127,0.0 -62.5818399,-12.0722457996127,0.0 -62.5815862,-12.0713970996127,0.0 -62.5821751,-12.0707305996128,0.0 -62.5819121,-12.0705881996128,0.0 -62.5812702,-12.0704740996128,0.0 -62.5810707,-12.0698193996128,0.0 -62.5810075,-12.0692939996128,0.0 -62.5802114,-12.0688662996128,0.0 -62.5797582,-12.0686816996128,0.0 -62.5794607,-12.0689451996128,0.0 -62.5789211,-12.0692752996128,0.0 -62.5783751,-12.0698587996128,0.0 -62.5778575,-12.0701862996128,0.0 -62.5776487,-12.0700366996128,0.0 -62.5772285,-12.0695050996128,0.0 -62.5766155,-12.0692902996128,0.0 -62.576139,-12.0692314996128,0.0 -62.5760032,-12.0689166996128,0.0 -62.5760727,-12.0685773996128,0.0 -62.5765471,-12.0683241996128,0.0 -62.5772458,-12.0678424996129,0.0 -62.5774764,-12.0675658996129,0.0 -62.5772882,-12.0673913996129,0.0 -62.5767025,-12.0667940996129,0.0 -62.5759204,-12.0662382996129,0.0 -62.5756313,-12.0656212996129,0.0 -62.5753769,-12.0650732996129,0.0 -62.5747501,-12.0647444996129,0.0 -62.5743305,-12.0646457996129,0.0 -62.5740362,-12.0650022996129,0.0 -62.5744924,-12.0655848996129,0.0 -62.5746299,-12.0661967996129,0.0 -62.5744744,-12.0667149996129,0.0 -62.5739967,-12.0668363996129,0.0 -62.5734369,-12.0666378996129,0.0 -62.5727961,-12.0660782996129,0.0 -62.5722819,-12.0653758996129,0.0 -62.5722166,-12.0649977996129,0.0 -62.572284,-12.064352599613,0.0 -62.5721089,-12.064039399613,0.0 -62.5717719,-12.063926299613,0.0 -62.5714783,-12.064057199613,0.0 -62.5711836,-12.064439199613,0.0 -62.5709284,-12.064537699613,0.0 -62.5707178,-12.064420599613,0.0 -62.5706948,-12.064103199613,0.0 -62.5709253,-12.063691999613,0.0 -62.570875,-12.063254899613,0.0 -62.5704428,-12.063074599613,0.0 -62.5697835,-12.062988199613,0.0 -62.5692681,-12.062704899613,0.0 -62.568896,-12.062150499613,0.0 -62.5684959,-12.061890299613,0.0 -62.5682748,-12.062231499613,0.0 -62.5679127,-12.062586899613,0.0 -62.5676138,-12.062662299613,0.0 -62.5672667,-12.062356799613,0.0 -62.5670751,-12.0607771996131,0.0 -62.5666766,-12.0598049996131,0.0 -62.5661478,-12.0593085996131,0.0 -62.5659233,-12.0593767996131,0.0 -62.5655492,-12.0595948996131,0.0 -62.5651922,-12.0596181996131,0.0 -62.5644717,-12.0595065996131,0.0 -62.5639476,-12.0597483996131,0.0 -62.5632941,-12.0603594996131,0.0 -62.5628528,-12.0602697996131,0.0 -62.5623936,-12.0598347996131,0.0 -62.5622899,-12.0593466996131,0.0 -62.5626076,-12.0586849996131,0.0 -62.5625426,-12.0584068996131,0.0 -62.5618636,-12.0582748996131,0.0 -62.5614454,-12.0581219996131,0.0 -62.5615315,-12.0576445996132,0.0 -62.5618288,-12.0572003996132,0.0 -62.5616664,-12.0570207996132,0.0 -62.5613635,-12.0569330996132,0.0 -62.5609258,-12.0571896996132,0.0 -62.5600701,-12.0575725996132,0.0 -62.5595026,-12.0574655996132,0.0 -62.5592049,-12.0571913996132,0.0 -62.5591699,-12.0568362996132,0.0 -62.5593156,-12.0564313996132,0.0 -62.5592288,-12.0560426996132,0.0 -62.5587654,-12.0559647996132,0.0 -62.5581672,-12.0559389996132,0.0 -62.5572063,-12.0559489996132,0.0 -62.5558657,-12.0560619996132,0.0 -62.5552302,-12.0558641996132,0.0 -62.554824,-12.0554766996132,0.0 -62.5551786,-12.0549241996132,0.0 -62.5557126,-12.0544284996133,0.0 -62.5558476,-12.0540296996133,0.0 -62.5551771,-12.0538729996133,0.0 -62.5532548,-12.0537705996133,0.0 -62.5530222,-12.0534084996133,0.0 -62.5533635,-12.0525489996133,0.0 -62.5535627,-12.0513334996133,0.0 -62.5531861,-12.0509525996134,0.0 -62.552663,-12.0510009996134,0.0 -62.5525198,-12.0514640996133,0.0 -62.5525261,-12.0520771996133,0.0 -62.552387,-12.0525652996133,0.0 -62.5520342,-12.0525535996133,0.0 -62.5518993,-12.0521614996133,0.0 -62.5520445,-12.0516346996133,0.0 -62.5519603,-12.0512391996133,0.0 -62.5510488,-12.0508613996134,0.0 -62.5495957,-12.0507770996134,0.0 -62.5488879,-12.0503138996134,0.0 -62.5477621,-12.0493161996134,0.0 -62.5463669,-12.0486263996134,0.0 -62.5451714,-12.0480064996134,0.0 -62.5463233,-12.0464919996135,0.0 -62.5467645,-12.0456229996135,0.0 -62.5462063,-12.0444185996136,0.0 -62.5460001,-12.0435095996136,0.0 -62.5464801,-12.0420971996136,0.0 -62.5465134,-12.0407454996137,0.0 -62.5475237,-12.0397023996137,0.0 -62.5481935,-12.0384534996137,0.0 -62.5479669,-12.0377886996138,0.0 -62.5472651,-12.0384347996137,0.0 -62.5461821,-12.0390720996137,0.0 -62.5458673,-12.0389084996137,0.0 -62.5457616,-12.0383916996137,0.0 -62.5462581,-12.0373495996138,0.0 -62.5461859,-12.0369060996138,0.0 -62.545947,-12.0364574996138,0.0 -62.5453935,-12.0359271996138,0.0 -62.5452387,-12.0352723996138,0.0 -62.5455402,-12.0346024996139,0.0 -62.5452668,-12.0343399996139,0.0 -62.5446237,-12.0337263996139,0.0 -62.5442815,-12.0330591996139,0.0 -62.5439521,-12.0331033996139,0.0 -62.5437832,-12.0338380996139,0.0 -62.543398,-12.0341546996139,0.0 -62.5429749,-12.0338703996139,0.0 -62.5425833,-12.0336436996139,0.0 -62.5421845,-12.0337185996139,0.0 -62.5418141,-12.0335415996139,0.0 -62.541622,-12.0332214996139,0.0 -62.5416255,-12.0324326996139,0.0 -62.5412743,-12.0321882996139,0.0 -62.5407937,-12.0320994996139,0.0 -62.5404571,-12.0317973996139,0.0 -62.5402051,-12.0317066996139,0.0 -62.5398834,-12.0319402996139,0.0 -62.5397934,-12.0325256996139,0.0 -62.5397253,-12.0327824996139,0.0 -62.5394585,-12.0328385996139,0.0 -62.5392699,-12.0327554996139,0.0 -62.5389118,-12.0321083996139,0.0 -62.5386343,-12.0318940996139,0.0 -62.5380936,-12.0318677996139,0.0 -62.5376947,-12.0318569996139,0.0 -62.5374209,-12.0316257996139,0.0 -62.537261,-12.0312874996139,0.0 -62.5375643,-12.030896699614,0.0 -62.5383745,-12.030734899614,0.0 -62.538602,-12.030454499614,0.0 -62.5385922,-12.030082599614,0.0 -62.5384446,-12.029415799614,0.0 -62.538203,-12.028850599614,0.0 -62.5375843,-12.028966799614,0.0 -62.5368125,-12.029621699614,0.0 -62.53661,-12.029407199614,0.0 -62.5366501,-12.028520999614,0.0 -62.536443,-12.0279281996141,0.0 -62.536161,-12.0275978996141,0.0 -62.5346549,-12.0272993996141,0.0 -62.5338987,-12.0271586996141,0.0 -62.5334695,-12.0274954996141,0.0 -62.5332787,-12.0279480996141,0.0 -62.5328037,-12.028087899614,0.0 -62.532153,-12.0278043996141,0.0 -62.5318645,-12.0274465996141,0.0 -62.5316109,-12.0271386996141,0.0 -62.5312526,-12.0271867996141,0.0 -62.5310943,-12.0275614996141,0.0 -62.5311505,-12.0279259996141,0.0 -62.5308851,-12.028325999614,0.0 -62.5304875,-12.028505799614,0.0 -62.5301112,-12.028534999614,0.0 -62.5300227,-12.0279118996141,0.0 -62.5298357,-12.0275332996141,0.0 -62.529433,-12.0274017996141,0.0 -62.5290942,-12.0271475996141,0.0 -62.5290715,-12.0266668996141,0.0 -62.5288999,-12.0263439996141,0.0 -62.5285731,-12.0263807996141,0.0 -62.5282019,-12.0267362996141,0.0 -62.5275836,-12.0267904996141,0.0 -62.5269704,-12.0265851996141,0.0 -62.5263578,-12.0265341996141,0.0 -62.5261508,-12.0262856996141,0.0 -62.5261526,-12.0259766996141,0.0 -62.5265957,-12.0254947996141,0.0 -62.5265819,-12.0252530996141,0.0 -62.5263501,-12.0251156996141,0.0 -62.5258153,-12.0252723996141,0.0 -62.5251915,-12.0253896996141,0.0 -62.524879,-12.0248511996141,0.0 -62.5245965,-12.0244727996142,0.0 -62.5241657,-12.0243470996142,0.0 -62.5235564,-12.0242708996142,0.0 -62.5231921,-12.0241859996142,0.0 -62.5230886,-12.0239776996142,0.0 -62.5232531,-12.0236168996142,0.0 -62.5236652,-12.0230978996142,0.0 -62.5238187,-12.0226728996142,0.0 -62.5230853,-12.0221590996142,0.0 -62.5226674,-12.0217831996142,0.0 -62.5223181,-12.0216098996142,0.0 -62.5220868,-12.0219086996142,0.0 -62.5219033,-12.0225529996142,0.0 -62.5215759,-12.0226088996142,0.0 -62.5214177,-12.0218822996142,0.0 -62.5214736,-12.0212123996143,0.0 -62.5210544,-12.0209157996143,0.0 -62.5207058,-12.0212623996143,0.0 -62.5207435,-12.0218352996142,0.0 -62.5206344,-12.0221871996142,0.0 -62.5203885,-12.0221691996142,0.0 -62.5201327,-12.0218814996142,0.0 -62.5199521,-12.0212235996143,0.0 -62.5197391,-12.0203241996143,0.0 -62.5201512,-12.0199554996143,0.0 -62.5207413,-12.0197202996143,0.0 -62.5206118,-12.0193971996143,0.0 -62.5200202,-12.0188649996143,0.0 -62.5195828,-12.0180714996143,0.0 -62.5192603,-12.0177371996144,0.0 -62.5186223,-12.0178182996144,0.0 -62.5179198,-12.0176953996144,0.0 -62.5173408,-12.0175959996144,0.0 -62.5167179,-12.0171263996144,0.0 -62.5161283,-12.0169265996144,0.0 -62.5152606,-12.0169331996144,0.0 -62.5150743,-12.0167458996144,0.0 -62.5151904,-12.0164728996144,0.0 -62.5161723,-12.0157318996144,0.0 -62.5164085,-12.0153130996144,0.0 -62.5161438,-12.0148559996144,0.0 -62.5156936,-12.0144723996145,0.0 -62.5152224,-12.0144035996145,0.0 -62.514631,-12.0142275996145,0.0 -62.514336,-12.0139142996145,0.0 -62.5146773,-12.0134714996145,0.0 -62.5147331,-12.0131219996145,0.0 -62.5142222,-12.0129918996145,0.0 -62.5139871,-12.0126220996145,0.0 -62.5139618,-12.0114426996145,0.0 -62.513702,-12.0106477996146,0.0 -62.513895,-12.0102872996146,0.0 -62.5144658,-12.0103090996146,0.0 -62.5151252,-12.0104331996146,0.0 -62.5154669,-12.0101738996146,0.0 -62.5153837,-12.0098468996146,0.0 -62.5148508,-12.0095595996146,0.0 -62.5141184,-12.0095495996146,0.0 -62.5135138,-12.0098333996146,0.0 -62.5131764,-12.0098795996146,0.0 -62.5130334,-12.0096241996146,0.0 -62.5132571,-12.0091331996146,0.0 -62.5139197,-12.0088989996146,0.0 -62.5142128,-12.0086360996146,0.0 -62.514358,-12.0081318996146,0.0 -62.5141418,-12.0076513996147,0.0 -62.5136377,-12.0068923996147,0.0 -62.5132927,-12.0072846996147,0.0 -62.5125126,-12.0082527996146,0.0 -62.5118915,-12.0084572996146,0.0 -62.51147,-12.0083119996146,0.0 -62.5110401,-12.0074823996147,0.0 -62.510554,-12.0075131996147,0.0 -62.5106557,-12.0079690996147,0.0 -62.5104861,-12.0086610996146,0.0 -62.5101084,-12.0087547996146,0.0 -62.5095281,-12.0079098996147,0.0 -62.5090785,-12.0078420996147,0.0 -62.5084055,-12.0081525996146,0.0 -62.5079639,-12.0081790996147,0.0 -62.5071383,-12.0079962996147,0.0 -62.5067744,-12.0081892996146,0.0 -62.5061507,-12.0083119996146,0.0 -62.5057592,-12.0080349996146,0.0 -62.505555,-12.0076595996147,0.0 -62.5048182,-12.0067758996147,0.0 -62.504483,-12.0062884996147,0.0 -62.5042442,-12.0060997996147,0.0 -62.5038148,-12.0062698996147,0.0 -62.5036798,-12.0069496996147,0.0 -62.5032277,-12.0068715996147,0.0 -62.5023475,-12.0064315996147,0.0 -62.5013932,-12.0064293996147,0.0 -62.5008896,-12.0069370996147,0.0 -62.5009836,-12.0077824996147,0.0 -62.501374,-12.0084234996146,0.0 -62.5012297,-12.0090092996146,0.0 -62.5004621,-12.0091249996146,0.0 -62.4992895,-12.0085363996146,0.0 -62.4981439,-12.0084148996146,0.0 -62.4968152,-12.0084233996146,0.0 -62.4964243,-12.0075044996147,0.0 -62.4959598,-12.0069851996147,0.0 -62.4953758,-12.0067786996147,0.0 -62.494459,-12.0069459996147,0.0 -62.4939897,-12.0067533996147,0.0 -62.4939965,-12.0063412996147,0.0 -62.4946589,-12.0059031996147,0.0 -62.4954784,-12.0057825996147,0.0 -62.4953523,-12.0053887996147,0.0 -62.4946617,-12.0052834996147,0.0 -62.4934161,-12.0053141996147,0.0 -62.4923097,-12.0053620996147,0.0 -62.4914378,-12.0051003996147,0.0 -62.48992,-12.0039434996148,0.0 -62.4888341,-12.0037516996148,0.0 -62.4880898,-12.0036014996148,0.0 -62.4877526,-12.0033861996148,0.0 -62.487762,-12.0030691996148,0.0 -62.4888566,-12.0026566996148,0.0 -62.4887787,-12.0022025996148,0.0 -62.488186,-12.0014213996149,0.0 -62.4872259,-12.0010065996149,0.0 -62.486659,-12.0012599996149,0.0 -62.4862845,-12.0010597996149,0.0 -62.4862871,-12.0002813996149,0.0 -62.4858192,-11.9997156996149,0.0 -62.4853746,-11.9994232996149,0.0 -62.484695,-11.9989420996149,0.0 -62.483832,-11.998133699615,0.0 -62.4839438,-11.997792599615,0.0 -62.4847135,-11.997508199615,0.0 -62.4845038,-11.997017799615,0.0 -62.4839933,-11.996554499615,0.0 -62.483571,-11.996176899615,0.0 -62.4832549,-11.996042199615,0.0 -62.4828998,-11.996147499615,0.0 -62.4828334,-11.996545699615,0.0 -62.4831071,-11.996859099615,0.0 -62.4830726,-11.997260299615,0.0 -62.4826005,-11.997248899615,0.0 -62.4815111,-11.996945399615,0.0 -62.4799823,-11.996977999615,0.0 -62.4793411,-11.996658199615,0.0 -62.4791271,-11.995940399615,0.0 -62.4788347,-11.995277899615,0.0 -62.4789397,-11.9946855996151,0.0 -62.480038,-11.9940401996151,0.0 -62.479739,-11.9935428996151,0.0 -62.4788887,-11.9934688996151,0.0 -62.4788081,-11.9929405996151,0.0 -62.4789576,-11.9916928996151,0.0 -62.4789206,-11.9908601996152,0.0 -62.4793612,-11.9904844996152,0.0 -62.4795544,-11.9900670996152,0.0 -62.480063,-11.9892605996152,0.0 -62.481586,-11.9884758996152,0.0 -62.4820203,-11.9880462996153,0.0 -62.4816829,-11.9876261996153,0.0 -62.4808419,-11.9878823996153,0.0 -62.4803346,-11.9878057996153,0.0 -62.4796665,-11.9875099996153,0.0 -62.4786584,-11.9872664996153,0.0 -62.4785572,-11.9868379996153,0.0 -62.4788006,-11.9861333996153,0.0 -62.4786133,-11.9856079996153,0.0 -62.4781624,-11.9852355996153,0.0 -62.4776327,-11.9848425996154,0.0 -62.4774555,-11.9843072996154,0.0 -62.4775728,-11.9839455996154,0.0 -62.4780807,-11.9831719996154,0.0 -62.4778764,-11.9828508996154,0.0 -62.4772395,-11.9831044996154,0.0 -62.4766654,-11.9835820996154,0.0 -62.4763314,-11.9833685996154,0.0 -62.4762221,-11.9825352996154,0.0 -62.4758264,-11.9822400996154,0.0 -62.4750761,-11.9820019996154,0.0 -62.4737882,-11.9819739996154,0.0 -62.4728129,-11.9824687996154,0.0 -62.4708433,-11.9829219996154,0.0 -62.4700353,-11.9829946996154,0.0 -62.4695927,-11.9825780996154,0.0 -62.4691216,-11.9816741996154,0.0 -62.468714,-11.9808945996155,0.0 -62.4691688,-11.9804982996155,0.0 -62.4692444,-11.9811136996155,0.0 -62.4696307,-11.9812725996155,0.0 -62.4700418,-11.9810542996155,0.0 -62.4704331,-11.9804299996155,0.0 -62.4703573,-11.9797631996155,0.0 -62.4696578,-11.9799445996155,0.0 -62.4690027,-11.9798591996155,0.0 -62.4685815,-11.9794848996155,0.0 -62.4681396,-11.9785884996155,0.0 -62.4675755,-11.9783168996155,0.0 -62.4672078,-11.9787084996155,0.0 -62.4669893,-11.9797210996155,0.0 -62.4669055,-11.9803079996155,0.0 -62.4665136,-11.9807167996155,0.0 -62.4662658,-11.9799352996155,0.0 -62.4667721,-11.9779965996156,0.0 -62.4671338,-11.9769616996156,0.0 -62.4669129,-11.9764003996156,0.0 -62.4659572,-11.9753151996156,0.0 -62.4651754,-11.9740524996157,0.0 -62.4650511,-11.9730697996157,0.0 -62.4644907,-11.9731424996157,0.0 -62.4648119,-11.9739657996157,0.0 -62.4647342,-11.9746497996157,0.0 -62.4643493,-11.9745870996157,0.0 -62.4639439,-11.9738819996157,0.0 -62.4632271,-11.9728519996157,0.0 -62.4624618,-11.9722135996157,0.0 -62.4614576,-11.9719946996157,0.0 -62.4607579,-11.9722614996157,0.0 -62.4604846,-11.9722989996157,0.0 -62.4604805,-11.9719307996157,0.0 -62.460887,-11.9712728996158,0.0 -62.4608787,-11.9708359996158,0.0 -62.4601894,-11.9701475996158,0.0 -62.4590184,-11.9696259996158,0.0 -62.4584014,-11.9696915996158,0.0 -62.4580654,-11.9701314996158,0.0 -62.4577694,-11.9700110996158,0.0 -62.4579224,-11.9687416996158,0.0 -62.4576678,-11.9683268996158,0.0 -62.4573969,-11.9683029996158,0.0 -62.4571041,-11.9687029996158,0.0 -62.456828,-11.9698263996158,0.0 -62.4565613,-11.9700100996158,0.0 -62.4562918,-11.9698809996158,0.0 -62.4563315,-11.9689393996158,0.0 -62.455879,-11.9686999996158,0.0 -62.4558329,-11.9693217996158,0.0 -62.4555999,-11.9701896996158,0.0 -62.455237,-11.9702594996158,0.0 -62.4551618,-11.9697895996158,0.0 -62.4549016,-11.9691737996158,0.0 -62.4549989,-11.9679937996159,0.0 -62.4544653,-11.9678813996159,0.0 -62.4530967,-11.9685101996158,0.0 -62.4530025,-11.9684040996158,0.0 -62.4528884,-11.9682755996159,0.0 -62.452841,-11.9682221996159,0.0 -62.4528343,-11.9682145996159,0.0 -62.4528272,-11.9682066996159,0.0 -62.4527972,-11.9681727996159,0.0 -62.4527922,-11.9681672996158,0.0 -62.4527895,-11.9681641996159,0.0 -62.4527189537668,-11.9680847662107,0.0 -62.4363996475269,-11.9837958795526,0.0 -62.4233193123017,-11.9964658785893,0.0 -62.4102106321439,-12.009136903931,0.0 -62.3971292337573,-12.0218252000993,0.0 -62.3840364460904,-12.0344692562313,0.0 -62.3709250413147,-12.0471319440275,0.0 -62.3591513658676,-12.0585196642586,0.0 -62.347038478869,-12.0702488353253,0.0 -62.3410349054443,-12.0760492384264,0.0 -62.3309309994611,-12.0856330176171,0.0 -62.3220126503147,-12.09405364978,0.0 -62.3349250953983,-12.1070279163801,0.0 -62.3478197298765,-12.119965549552,0.0 -62.3605648975256,-12.1327720144478,0.0 -62.3736532727742,-12.1459160027758,0.0 -62.3867623050097,-12.1590758783867,0.0 -62.3997026626119,-12.1720783052644,0.0 -62.412569533907,-12.1850278753739,0.0 -62.4189895375976,-12.1914936072745,0.0 -62.4254277604275,-12.1979405483538,0.0 -62.4383155012906,-12.2108599236545,0.0 -62.4511773642365,-12.2237787265193,0.0 -62.4640684642346,-12.2366952811577,0.0 -62.476961247378,-12.249610421636,0.0 -62.487823783204,-12.2604971729074,0.0 -62.4898465286458,-12.2625244275801,0.0 -62.5027142544366,-12.2754107599644,0.0 -62.5130724084352,-12.2857797417081,0.0</coordinates>
</LinearRing>
</outerBoundaryIs>
</Polygon>
</Placemark>
</Folder>
</Document></kml>
