<?xml version='1.0' encoding='UTF-8'?>
<kml xmlns:xsd="http://www.w3.org/2001/XMLSchema" xmlns:gx="http://www.google.com/kml/ext/2.2" xmlns:atom="http://www.w3.org/2005/Atom" xmlns="http://www.opengis.net/kml/2.2">
<Document>
<name>cambuquira_3110707_localidades_2022</name>
<visibility>1</visibility>
<Schema name="Povoados" id="kml_schema_ft_Povoados">
<SimpleField type="xsd:string" name="CD_UF">
<displayName>CD_UF</displayName>
</SimpleField>
<SimpleField type="xsd:string" name="NM_UF">
<displayName>NM_UF</displayName>
</SimpleField>
<SimpleField type="xsd:string" name="SIGLA_UF">
<displayName>SIGLA_UF</displayName>
</SimpleField>
<SimpleField type="xsd:string" name="CD_MUN">
<displayName>CD_MUN</displayName>
</SimpleField>
<SimpleField type="xsd:string" name="NM_MUN">
<displayName>NM_MUN</displayName>
</SimpleField>
<SimpleField type="xsd:string" name="CD_RGINT">
<displayName>CD_RGINT</displayName>
</SimpleField>
<SimpleField type="xsd:string" name="NM_RGINT">
<displayName>NM_RGINT</displayName>
</SimpleField>
<SimpleField type="xsd:string" name="CD_RGI">
<displayName>CD_RGI</displayName>
</SimpleField>
<SimpleField type="xsd:string" name="NM_RGI">
<displayName>NM_RGI</displayName>
</SimpleField>
<SimpleField type="xsd:string" name="CT_LOCALIDADE">
<displayName>CT_LOCALIDADE</displayName>
</SimpleField>
<SimpleField type="xsd:string" name="CD_LOCALIDADE">
<displayName>CD_LOCALIDADE</displayName>
</SimpleField>
<SimpleField type="xsd:string" name="NM_LOCALIDADE">
<displayName>NM_LOCALIDADE</displayName>
</SimpleField>
<SimpleField type="xsd:string" name="LAT_LOCALIDADE">
<displayName>LAT_LOCALIDADE</displayName>
</SimpleField>
<SimpleField type="xsd:string" name="LONG_LOCALIDADE">
<displayName>LONG_LOCALIDADE</displayName>
</SimpleField>
</Schema>
<Schema name="Localidades" id="kml_schema_ft_Localidades">
<SimpleField type="xsd:string" name="CD_UF">
<displayName>CD_UF</displayName>
</SimpleField>
<SimpleField type="xsd:string" name="NM_UF">
<displayName>NM_UF</displayName>
</SimpleField>
<SimpleField type="xsd:string" name="SIGLA_UF">
<displayName>SIGLA_UF</displayName>
</SimpleField>
<SimpleField type="xsd:string" name="CD_MUN">
<displayName>CD_MUN</displayName>
</SimpleField>
<SimpleField type="xsd:string" name="NM_MUN">
<displayName>NM_MUN</displayName>
</SimpleField>
<SimpleField type="xsd:string" name="CD_RGINT">
<displayName>CD_RGINT</displayName>
</SimpleField>
<SimpleField type="xsd:string" name="NM_RGINT">
<displayName>NM_RGINT</displayName>
</SimpleField>
<SimpleField type="xsd:string" name="CD_RGI">
<displayName>CD_RGI</displayName>
</SimpleField>
<SimpleField type="xsd:string" name="NM_RGI">
<displayName>NM_RGI</displayName>
</SimpleField>
<SimpleField type="xsd:string" name="CT_LOCALIDADE">
<displayName>CT_LOCALIDADE</displayName>
</SimpleField>
<SimpleField type="xsd:string" name="SCT_LOCALIDADE">
<displayName>SCT_LOCALIDADE</displayName>
</SimpleField>
<SimpleField type="xsd:string" name="CD_LOCALIDADE">
<displayName>CD_LOCALIDADE</displayName>
</SimpleField>
<SimpleField type="xsd:string" name="NM_LOCALIDADE">
<displayName>NM_LOCALIDADE</displayName>
</SimpleField>
</Schema>
<Schema name="01. Cidade" id="kml_schema_ft_01._Cidade">
<SimpleField type="xsd:string" name="CD_UF">
<displayName>CD_UF</displayName>
</SimpleField>
<SimpleField type="xsd:string" name="NM_UF">
<displayName>NM_UF</displayName>
</SimpleField>
<SimpleField type="xsd:string" name="SIGLA_UF">
<displayName>SIGLA_UF</displayName>
</SimpleField>
<SimpleField type="xsd:string" name="CD_MUN">
<displayName>CD_MUN</displayName>
</SimpleField>
<SimpleField type="xsd:string" name="NM_MUN">
<displayName>NM_MUN</displayName>
</SimpleField>
<SimpleField type="xsd:string" name="CD_RGINT">
<displayName>CD_RGINT</displayName>
</SimpleField>
<SimpleField type="xsd:string" name="NM_RGINT">
<displayName>NM_RGINT</displayName>
</SimpleField>
<SimpleField type="xsd:string" name="CD_RGI">
<displayName>CD_RGI</displayName>
</SimpleField>
<SimpleField type="xsd:string" name="NM_RGI">
<displayName>NM_RGI</displayName>
</SimpleField>
<SimpleField type="xsd:string" name="CT_LOCALIDADE">
<displayName>CT_LOCALIDADE</displayName>
</SimpleField>
<SimpleField type="xsd:string" name="SCT_LOCALIDADE">
<displayName>SCT_LOCALIDADE</displayName>
</SimpleField>
<SimpleField type="xsd:string" name="CD_LOCALIDADE">
<displayName>CD_LOCALIDADE</displayName>
</SimpleField>
<SimpleField type="xsd:string" name="NM_LOCALIDADE">
<displayName>NM_LOCALIDADE</displayName>
</SimpleField>
<SimpleField type="xsd:string" name="LAT_LOCALIDADE">
<displayName>LAT_LOCALIDADE</displayName>
</SimpleField>
<SimpleField type="xsd:string" name="LONG_LOCALIDADE">
<displayName>LONG_LOCALIDADE</displayName>
</SimpleField>
</Schema>
<Schema name="Município" id="kml_schema_ft_Município">
<SimpleField type="xsd:string" name="CD_UF">
<displayName>CD_UF</displayName>
</SimpleField>
<SimpleField type="xsd:string" name="NM_UF">
<displayName>NM_UF</displayName>
</SimpleField>
<SimpleField type="xsd:string" name="CD_MUN">
<displayName>CD_MUN</displayName>
</SimpleField>
<SimpleField type="xsd:string" name="NM_MUN">
<displayName>NM_MUN</displayName>
</SimpleField>
<SimpleField type="xsd:string" name="CD_RGINT">
<displayName>CD_RGINT</displayName>
</SimpleField>
<SimpleField type="xsd:string" name="NM_RGINT">
<displayName>NM_RGINT</displayName>
</SimpleField>
<SimpleField type="xsd:string" name="CD_RGI">
<displayName>CD_RGI</displayName>
</SimpleField>
<SimpleField type="xsd:string" name="NM_RGI">
<displayName>NM_RGI</displayName>
</SimpleField>
</Schema>
<Folder id="01. Cidade">
<name>01. Cidade</name>
<Folder id="01.03. Sede Municipal">
<name>01.03. Sede Municipal</name>
<Placemark id="01.03. Sede Municipal">
<name>Cambuquira [3110707]</name>
<visibility>1</visibility>
<snippet> </snippet>
<description>&lt;center&gt;&lt;table&gt;&lt;tr&gt;&lt;th colspan='2' align='center'&gt;&lt;em&gt;Atributos&lt;/em&gt;&lt;/th&gt;&lt;/tr&gt;&lt;tr bgcolor="#E3E3F3"&gt;
&lt;th&gt;CD_UF&lt;/th&gt;
&lt;td&gt;31&lt;/td&gt;
&lt;/tr&gt;&lt;tr bgcolor=""&gt;
&lt;th&gt;NM_UF&lt;/th&gt;
&lt;td&gt;Minas Gerais&lt;/td&gt;
&lt;/tr&gt;&lt;tr bgcolor="#E3E3F3"&gt;
&lt;th&gt;SIGLA_UF&lt;/th&gt;
&lt;td&gt;MG&lt;/td&gt;
&lt;/tr&gt;&lt;tr bgcolor=""&gt;
&lt;th&gt;CD_MUN&lt;/th&gt;
&lt;td&gt;3110707&lt;/td&gt;
&lt;/tr&gt;&lt;tr bgcolor="#E3E3F3"&gt;
&lt;th&gt;NM_MUN&lt;/th&gt;
&lt;td&gt;Cambuquira&lt;/td&gt;
&lt;/tr&gt;&lt;tr bgcolor=""&gt;
&lt;th&gt;CD_RGINT&lt;/th&gt;
&lt;td&gt;3108&lt;/td&gt;
&lt;/tr&gt;&lt;tr bgcolor="#E3E3F3"&gt;
&lt;th&gt;NM_RGINT&lt;/th&gt;
&lt;td&gt;Varginha&lt;/td&gt;
&lt;/tr&gt;&lt;tr bgcolor=""&gt;
&lt;th&gt;CD_RGI&lt;/th&gt;
&lt;td&gt;310045&lt;/td&gt;
&lt;/tr&gt;&lt;tr bgcolor="#E3E3F3"&gt;
&lt;th&gt;NM_RGI&lt;/th&gt;
&lt;td&gt;Três Corações&lt;/td&gt;
&lt;/tr&gt;&lt;tr bgcolor=""&gt;
&lt;th&gt;CT_LOCALIDADE&lt;/th&gt;
&lt;td&gt;Cidade&lt;/td&gt;
&lt;/tr&gt;&lt;tr bgcolor="#E3E3F3"&gt;
&lt;th&gt;SCT_LOCALIDADE&lt;/th&gt;
&lt;td&gt;Sede Municipal&lt;/td&gt;
&lt;/tr&gt;&lt;tr bgcolor=""&gt;
&lt;th&gt;CD_LOCALIDADE&lt;/th&gt;
&lt;td&gt;3110707&lt;/td&gt;
&lt;/tr&gt;&lt;tr bgcolor="#E3E3F3"&gt;
&lt;th&gt;NM_LOCALIDADE&lt;/th&gt;
&lt;td&gt;Cambuquira&lt;/td&gt;
&lt;/tr&gt;&lt;tr bgcolor=""&gt;
&lt;th&gt;LAT_LOCALIDADE&lt;/th&gt;
&lt;td&gt;-21.8509&lt;/td&gt;
&lt;/tr&gt;&lt;tr bgcolor="#E3E3F3"&gt;
&lt;th&gt;LONG_LOCALIDADE&lt;/th&gt;
&lt;td&gt;-45.2955&lt;/td&gt;
&lt;/tr&gt;&lt;/table&gt;&lt;/center&gt;</description>
<Style>
<IconStyle>
<color>ff00aaff</color>
<scale>1.0</scale>
<Icon>
<href>http://maps.google.com/mapfiles/kml/shapes/placemark_circle.png</href>
</Icon>
</IconStyle>
<LabelStyle>
<scale>1.0</scale>
</LabelStyle>
<LineStyle>
<color>ffffffff</color>
<width>3</width>
<gx:labelVisibility>1</gx:labelVisibility>
</LineStyle>
<PolyStyle>
<color>00ffffff</color>
</PolyStyle>
</Style>
<ExtendedData>
<SchemaData schemaUrl="#kml_schema_ft_01._Cidade">
<SimpleData name="CD_UF">31</SimpleData>
<SimpleData name="NM_UF">Minas Gerais</SimpleData>
<SimpleData name="SIGLA_UF">MG</SimpleData>
<SimpleData name="CD_MUN">3110707</SimpleData>
<SimpleData name="NM_MUN">Cambuquira</SimpleData>
<SimpleData name="CD_RGINT">3108</SimpleData>
<SimpleData name="NM_RGINT">Varginha</SimpleData>
<SimpleData name="CD_RGI">310045</SimpleData>
<SimpleData name="NM_RGI">Três Corações</SimpleData>
<SimpleData name="CT_LOCALIDADE">Cidade</SimpleData>
<SimpleData name="SCT_LOCALIDADE">Sede Municipal</SimpleData>
<SimpleData name="CD_LOCALIDADE">3110707</SimpleData>
<SimpleData name="NM_LOCALIDADE">Cambuquira</SimpleData>
<SimpleData name="LAT_LOCALIDADE">-21.8509</SimpleData>
<SimpleData name="LONG_LOCALIDADE">-45.2955</SimpleData>
</SchemaData>
</ExtendedData>
<Point>
<extrude>0</extrude>
<coordinates>-45.2955,-21.8508999993466,0.0</coordinates>
</Point>
</Placemark>
</Folder>
</Folder>
<Folder id="06. Povoados">
<name>06. Povoados</name>
<Placemark id="06. Povoados">
<name>Congonhal [311070700001]</name>
<visibility>1</visibility>
<snippet> </snippet>
<description>&lt;center&gt;&lt;table&gt;&lt;tr&gt;&lt;th colspan='2' align='center'&gt;&lt;em&gt;Atributos&lt;/em&gt;&lt;/th&gt;&lt;/tr&gt;&lt;tr bgcolor="#E3E3F3"&gt;
&lt;th&gt;CD_UF&lt;/th&gt;
&lt;td&gt;31&lt;/td&gt;
&lt;/tr&gt;&lt;tr bgcolor=""&gt;
&lt;th&gt;NM_UF&lt;/th&gt;
&lt;td&gt;Minas Gerais&lt;/td&gt;
&lt;/tr&gt;&lt;tr bgcolor="#E3E3F3"&gt;
&lt;th&gt;SIGLA_UF&lt;/th&gt;
&lt;td&gt;MG&lt;/td&gt;
&lt;/tr&gt;&lt;tr bgcolor=""&gt;
&lt;th&gt;CD_MUN&lt;/th&gt;
&lt;td&gt;3110707&lt;/td&gt;
&lt;/tr&gt;&lt;tr bgcolor="#E3E3F3"&gt;
&lt;th&gt;NM_MUN&lt;/th&gt;
&lt;td&gt;Cambuquira&lt;/td&gt;
&lt;/tr&gt;&lt;tr bgcolor=""&gt;
&lt;th&gt;CD_RGINT&lt;/th&gt;
&lt;td&gt;3108&lt;/td&gt;
&lt;/tr&gt;&lt;tr bgcolor="#E3E3F3"&gt;
&lt;th&gt;NM_RGINT&lt;/th&gt;
&lt;td&gt;Varginha&lt;/td&gt;
&lt;/tr&gt;&lt;tr bgcolor=""&gt;
&lt;th&gt;CD_RGI&lt;/th&gt;
&lt;td&gt;310045&lt;/td&gt;
&lt;/tr&gt;&lt;tr bgcolor="#E3E3F3"&gt;
&lt;th&gt;NM_RGI&lt;/th&gt;
&lt;td&gt;Três Corações&lt;/td&gt;
&lt;/tr&gt;&lt;tr bgcolor=""&gt;
&lt;th&gt;CT_LOCALIDADE&lt;/th&gt;
&lt;td&gt;Povoado&lt;/td&gt;
&lt;/tr&gt;&lt;tr bgcolor="#E3E3F3"&gt;
&lt;th&gt;CD_LOCALIDADE&lt;/th&gt;
&lt;td&gt;311070700001&lt;/td&gt;
&lt;/tr&gt;&lt;tr bgcolor=""&gt;
&lt;th&gt;NM_LOCALIDADE&lt;/th&gt;
&lt;td&gt;Congonhal&lt;/td&gt;
&lt;/tr&gt;&lt;tr bgcolor="#E3E3F3"&gt;
&lt;th&gt;LAT_LOCALIDADE&lt;/th&gt;
&lt;td&gt;-21.8285&lt;/td&gt;
&lt;/tr&gt;&lt;tr bgcolor=""&gt;
&lt;th&gt;LONG_LOCALIDADE&lt;/th&gt;
&lt;td&gt;-45.2494&lt;/td&gt;
&lt;/tr&gt;&lt;/table&gt;&lt;/center&gt;</description>
<Style>
<IconStyle>
<color>ff00ff54</color>
<scale>0.8</scale>
<Icon>
<href>http://maps.google.com/mapfiles/kml/shapes/placemark_circle.png</href>
</Icon>
</IconStyle>
<LabelStyle>
<scale>0.8</scale>
</LabelStyle>
<LineStyle>
<color>72ff54ff</color>
<width>1.0</width>
<gx:labelVisibility>1</gx:labelVisibility>
</LineStyle>
<PolyStyle>
<color>66ff54ff</color>
</PolyStyle>
</Style>
<ExtendedData>
<SchemaData schemaUrl="#kml_schema_ft_Povoados">
<SimpleData name="CD_UF">31</SimpleData>
<SimpleData name="NM_UF">Minas Gerais</SimpleData>
<SimpleData name="SIGLA_UF">MG</SimpleData>
<SimpleData name="CD_MUN">3110707</SimpleData>
<SimpleData name="NM_MUN">Cambuquira</SimpleData>
<SimpleData name="CD_RGINT">3108</SimpleData>
<SimpleData name="NM_RGINT">Varginha</SimpleData>
<SimpleData name="CD_RGI">310045</SimpleData>
<SimpleData name="NM_RGI">Três Corações</SimpleData>
<SimpleData name="CT_LOCALIDADE">Povoado</SimpleData>
<SimpleData name="CD_LOCALIDADE">311070700001</SimpleData>
<SimpleData name="NM_LOCALIDADE">Congonhal</SimpleData>
<SimpleData name="LAT_LOCALIDADE">-21.8285</SimpleData>
<SimpleData name="LONG_LOCALIDADE">-45.2494</SimpleData>
</SchemaData>
</ExtendedData>
<Point>
<extrude>0</extrude>
<coordinates>-45.249364113402,-21.8285009684193,0.0</coordinates>
</Point>
</Placemark>
</Folder>
<Folder id="12. Outras Localidades">
<name>12. Outras Localidades</name>
<Placemark id="12. Outras Localidades">
<name>Palestina [311070700002]</name>
<visibility>1</visibility>
<snippet> </snippet>
<description>&lt;center&gt;&lt;table&gt;&lt;tr&gt;&lt;th colspan='2' align='center'&gt;&lt;em&gt;Attributes&lt;/em&gt;&lt;/th&gt;&lt;/tr&gt;&lt;tr bgcolor="#E3E3F3"&gt;
&lt;th&gt;CD_UF&lt;/th&gt;
&lt;td&gt;31&lt;/td&gt;
&lt;/tr&gt;&lt;tr bgcolor=""&gt;
&lt;th&gt;NM_UF&lt;/th&gt;
&lt;td&gt;Minas Gerais&lt;/td&gt;
&lt;/tr&gt;&lt;tr bgcolor="#E3E3F3"&gt;
&lt;th&gt;SIGLA_UF&lt;/th&gt;
&lt;td&gt;MG&lt;/td&gt;
&lt;/tr&gt;&lt;tr bgcolor=""&gt;
&lt;th&gt;CD_MUN&lt;/th&gt;
&lt;td&gt;3110707&lt;/td&gt;
&lt;/tr&gt;&lt;tr bgcolor="#E3E3F3"&gt;
&lt;th&gt;NM_MUN&lt;/th&gt;
&lt;td&gt;Cambuquira&lt;/td&gt;
&lt;/tr&gt;&lt;tr bgcolor=""&gt;
&lt;th&gt;CD_RGINT&lt;/th&gt;
&lt;td&gt;3108&lt;/td&gt;
&lt;/tr&gt;&lt;tr bgcolor="#E3E3F3"&gt;
&lt;th&gt;NM_RGINT&lt;/th&gt;
&lt;td&gt;Varginha&lt;/td&gt;
&lt;/tr&gt;&lt;tr bgcolor=""&gt;
&lt;th&gt;CD_RGI&lt;/th&gt;
&lt;td&gt;310045&lt;/td&gt;
&lt;/tr&gt;&lt;tr bgcolor="#E3E3F3"&gt;
&lt;th&gt;NM_RGI&lt;/th&gt;
&lt;td&gt;Três Corações&lt;/td&gt;
&lt;/tr&gt;&lt;tr bgcolor=""&gt;
&lt;th&gt;CT_LOCALIDADE&lt;/th&gt;
&lt;td&gt;Outras Localidades&lt;/td&gt;
&lt;/tr&gt;&lt;tr bgcolor="#E3E3F3"&gt;
&lt;th&gt;SCT_LOCALIDADE&lt;/th&gt;
&lt;td&gt;&lt;/td&gt;
&lt;/tr&gt;&lt;tr bgcolor=""&gt;
&lt;th&gt;CD_LOCALIDADE&lt;/th&gt;
&lt;td&gt;311070700002&lt;/td&gt;
&lt;/tr&gt;&lt;tr bgcolor="#E3E3F3"&gt;
&lt;th&gt;NM_LOCALIDADE&lt;/th&gt;
&lt;td&gt;Palestina&lt;/td&gt;
&lt;/tr&gt;&lt;/table&gt;&lt;/center&gt;</description>
<Style>
<IconStyle>
<color>ff0069d3</color>
<scale>0.6</scale>
<Icon>
<href>http://maps.google.com/mapfiles/kml/shapes/placemark_circle.png</href>
</Icon>
</IconStyle>
<LabelStyle>
<scale>0.6</scale>
</LabelStyle>
<LineStyle>
<width>1.0</width>
<gx:labelVisibility>1</gx:labelVisibility>
</LineStyle>
</Style>
<ExtendedData>
<SchemaData schemaUrl="#kml_schema_ft_Localidades">
<SimpleData name="CD_UF">31</SimpleData>
<SimpleData name="NM_UF">Minas Gerais</SimpleData>
<SimpleData name="SIGLA_UF">MG</SimpleData>
<SimpleData name="CD_MUN">3110707</SimpleData>
<SimpleData name="NM_MUN">Cambuquira</SimpleData>
<SimpleData name="CD_RGINT">3108</SimpleData>
<SimpleData name="NM_RGINT">Varginha</SimpleData>
<SimpleData name="CD_RGI">310045</SimpleData>
<SimpleData name="NM_RGI">Três Corações</SimpleData>
<SimpleData name="CT_LOCALIDADE">Outras Localidades</SimpleData>
<SimpleData name="CD_LOCALIDADE">311070700002</SimpleData>
<SimpleData name="NM_LOCALIDADE">Palestina</SimpleData>
</SchemaData>
</ExtendedData>
<Point>
<extrude>0</extrude>
<coordinates>-45.188955,-21.8686439993462,0.0</coordinates>
</Point>
</Placemark>
<Placemark id="12. Outras Localidades">
<name>Lobo [311070700003]</name>
<visibility>1</visibility>
<snippet> </snippet>
<description>&lt;center&gt;&lt;table&gt;&lt;tr&gt;&lt;th colspan='2' align='center'&gt;&lt;em&gt;Attributes&lt;/em&gt;&lt;/th&gt;&lt;/tr&gt;&lt;tr bgcolor="#E3E3F3"&gt;
&lt;th&gt;CD_UF&lt;/th&gt;
&lt;td&gt;31&lt;/td&gt;
&lt;/tr&gt;&lt;tr bgcolor=""&gt;
&lt;th&gt;NM_UF&lt;/th&gt;
&lt;td&gt;Minas Gerais&lt;/td&gt;
&lt;/tr&gt;&lt;tr bgcolor="#E3E3F3"&gt;
&lt;th&gt;SIGLA_UF&lt;/th&gt;
&lt;td&gt;MG&lt;/td&gt;
&lt;/tr&gt;&lt;tr bgcolor=""&gt;
&lt;th&gt;CD_MUN&lt;/th&gt;
&lt;td&gt;3110707&lt;/td&gt;
&lt;/tr&gt;&lt;tr bgcolor="#E3E3F3"&gt;
&lt;th&gt;NM_MUN&lt;/th&gt;
&lt;td&gt;Cambuquira&lt;/td&gt;
&lt;/tr&gt;&lt;tr bgcolor=""&gt;
&lt;th&gt;CD_RGINT&lt;/th&gt;
&lt;td&gt;3108&lt;/td&gt;
&lt;/tr&gt;&lt;tr bgcolor="#E3E3F3"&gt;
&lt;th&gt;NM_RGINT&lt;/th&gt;
&lt;td&gt;Varginha&lt;/td&gt;
&lt;/tr&gt;&lt;tr bgcolor=""&gt;
&lt;th&gt;CD_RGI&lt;/th&gt;
&lt;td&gt;310045&lt;/td&gt;
&lt;/tr&gt;&lt;tr bgcolor="#E3E3F3"&gt;
&lt;th&gt;NM_RGI&lt;/th&gt;
&lt;td&gt;Três Corações&lt;/td&gt;
&lt;/tr&gt;&lt;tr bgcolor=""&gt;
&lt;th&gt;CT_LOCALIDADE&lt;/th&gt;
&lt;td&gt;Outras Localidades&lt;/td&gt;
&lt;/tr&gt;&lt;tr bgcolor="#E3E3F3"&gt;
&lt;th&gt;SCT_LOCALIDADE&lt;/th&gt;
&lt;td&gt;&lt;/td&gt;
&lt;/tr&gt;&lt;tr bgcolor=""&gt;
&lt;th&gt;CD_LOCALIDADE&lt;/th&gt;
&lt;td&gt;311070700003&lt;/td&gt;
&lt;/tr&gt;&lt;tr bgcolor="#E3E3F3"&gt;
&lt;th&gt;NM_LOCALIDADE&lt;/th&gt;
&lt;td&gt;Lobo&lt;/td&gt;
&lt;/tr&gt;&lt;/table&gt;&lt;/center&gt;</description>
<Style>
<IconStyle>
<color>ff0069d3</color>
<scale>0.6</scale>
<Icon>
<href>http://maps.google.com/mapfiles/kml/shapes/placemark_circle.png</href>
</Icon>
</IconStyle>
<LabelStyle>
<scale>0.6</scale>
</LabelStyle>
<LineStyle>
<width>1.0</width>
<gx:labelVisibility>1</gx:labelVisibility>
</LineStyle>
</Style>
<ExtendedData>
<SchemaData schemaUrl="#kml_schema_ft_Localidades">
<SimpleData name="CD_UF">31</SimpleData>
<SimpleData name="NM_UF">Minas Gerais</SimpleData>
<SimpleData name="SIGLA_UF">MG</SimpleData>
<SimpleData name="CD_MUN">3110707</SimpleData>
<SimpleData name="NM_MUN">Cambuquira</SimpleData>
<SimpleData name="CD_RGINT">3108</SimpleData>
<SimpleData name="NM_RGINT">Varginha</SimpleData>
<SimpleData name="CD_RGI">310045</SimpleData>
<SimpleData name="NM_RGI">Três Corações</SimpleData>
<SimpleData name="CT_LOCALIDADE">Outras Localidades</SimpleData>
<SimpleData name="CD_LOCALIDADE">311070700003</SimpleData>
<SimpleData name="NM_LOCALIDADE">Lobo</SimpleData>
</SchemaData>
</ExtendedData>
<Point>
<extrude>0</extrude>
<coordinates>-45.290195,-21.8253289993472,0.0</coordinates>
</Point>
</Placemark>
<Placemark id="12. Outras Localidades">
<name>Miranda [311070700004]</name>
<visibility>1</visibility>
<snippet> </snippet>
<description>&lt;center&gt;&lt;table&gt;&lt;tr&gt;&lt;th colspan='2' align='center'&gt;&lt;em&gt;Attributes&lt;/em&gt;&lt;/th&gt;&lt;/tr&gt;&lt;tr bgcolor="#E3E3F3"&gt;
&lt;th&gt;CD_UF&lt;/th&gt;
&lt;td&gt;31&lt;/td&gt;
&lt;/tr&gt;&lt;tr bgcolor=""&gt;
&lt;th&gt;NM_UF&lt;/th&gt;
&lt;td&gt;Minas Gerais&lt;/td&gt;
&lt;/tr&gt;&lt;tr bgcolor="#E3E3F3"&gt;
&lt;th&gt;SIGLA_UF&lt;/th&gt;
&lt;td&gt;MG&lt;/td&gt;
&lt;/tr&gt;&lt;tr bgcolor=""&gt;
&lt;th&gt;CD_MUN&lt;/th&gt;
&lt;td&gt;3110707&lt;/td&gt;
&lt;/tr&gt;&lt;tr bgcolor="#E3E3F3"&gt;
&lt;th&gt;NM_MUN&lt;/th&gt;
&lt;td&gt;Cambuquira&lt;/td&gt;
&lt;/tr&gt;&lt;tr bgcolor=""&gt;
&lt;th&gt;CD_RGINT&lt;/th&gt;
&lt;td&gt;3108&lt;/td&gt;
&lt;/tr&gt;&lt;tr bgcolor="#E3E3F3"&gt;
&lt;th&gt;NM_RGINT&lt;/th&gt;
&lt;td&gt;Varginha&lt;/td&gt;
&lt;/tr&gt;&lt;tr bgcolor=""&gt;
&lt;th&gt;CD_RGI&lt;/th&gt;
&lt;td&gt;310045&lt;/td&gt;
&lt;/tr&gt;&lt;tr bgcolor="#E3E3F3"&gt;
&lt;th&gt;NM_RGI&lt;/th&gt;
&lt;td&gt;Três Corações&lt;/td&gt;
&lt;/tr&gt;&lt;tr bgcolor=""&gt;
&lt;th&gt;CT_LOCALIDADE&lt;/th&gt;
&lt;td&gt;Outras Localidades&lt;/td&gt;
&lt;/tr&gt;&lt;tr bgcolor="#E3E3F3"&gt;
&lt;th&gt;SCT_LOCALIDADE&lt;/th&gt;
&lt;td&gt;&lt;/td&gt;
&lt;/tr&gt;&lt;tr bgcolor=""&gt;
&lt;th&gt;CD_LOCALIDADE&lt;/th&gt;
&lt;td&gt;311070700004&lt;/td&gt;
&lt;/tr&gt;&lt;tr bgcolor="#E3E3F3"&gt;
&lt;th&gt;NM_LOCALIDADE&lt;/th&gt;
&lt;td&gt;Miranda&lt;/td&gt;
&lt;/tr&gt;&lt;/table&gt;&lt;/center&gt;</description>
<Style>
<IconStyle>
<color>ff0069d3</color>
<scale>0.6</scale>
<Icon>
<href>http://maps.google.com/mapfiles/kml/shapes/placemark_circle.png</href>
</Icon>
</IconStyle>
<LabelStyle>
<scale>0.6</scale>
</LabelStyle>
<LineStyle>
<width>1.0</width>
<gx:labelVisibility>1</gx:labelVisibility>
</LineStyle>
</Style>
<ExtendedData>
<SchemaData schemaUrl="#kml_schema_ft_Localidades">
<SimpleData name="CD_UF">31</SimpleData>
<SimpleData name="NM_UF">Minas Gerais</SimpleData>
<SimpleData name="SIGLA_UF">MG</SimpleData>
<SimpleData name="CD_MUN">3110707</SimpleData>
<SimpleData name="NM_MUN">Cambuquira</SimpleData>
<SimpleData name="CD_RGINT">3108</SimpleData>
<SimpleData name="NM_RGINT">Varginha</SimpleData>
<SimpleData name="CD_RGI">310045</SimpleData>
<SimpleData name="NM_RGI">Três Corações</SimpleData>
<SimpleData name="CT_LOCALIDADE">Outras Localidades</SimpleData>
<SimpleData name="CD_LOCALIDADE">311070700004</SimpleData>
<SimpleData name="NM_LOCALIDADE">Miranda</SimpleData>
</SchemaData>
</ExtendedData>
<Point>
<extrude>0</extrude>
<coordinates>-45.2821083,-21.8893381993457,0.0</coordinates>
</Point>
</Placemark>
<Placemark id="12. Outras Localidades">
<name>São Domingos [311070700005]</name>
<visibility>1</visibility>
<snippet> </snippet>
<description>&lt;center&gt;&lt;table&gt;&lt;tr&gt;&lt;th colspan='2' align='center'&gt;&lt;em&gt;Attributes&lt;/em&gt;&lt;/th&gt;&lt;/tr&gt;&lt;tr bgcolor="#E3E3F3"&gt;
&lt;th&gt;CD_UF&lt;/th&gt;
&lt;td&gt;31&lt;/td&gt;
&lt;/tr&gt;&lt;tr bgcolor=""&gt;
&lt;th&gt;NM_UF&lt;/th&gt;
&lt;td&gt;Minas Gerais&lt;/td&gt;
&lt;/tr&gt;&lt;tr bgcolor="#E3E3F3"&gt;
&lt;th&gt;SIGLA_UF&lt;/th&gt;
&lt;td&gt;MG&lt;/td&gt;
&lt;/tr&gt;&lt;tr bgcolor=""&gt;
&lt;th&gt;CD_MUN&lt;/th&gt;
&lt;td&gt;3110707&lt;/td&gt;
&lt;/tr&gt;&lt;tr bgcolor="#E3E3F3"&gt;
&lt;th&gt;NM_MUN&lt;/th&gt;
&lt;td&gt;Cambuquira&lt;/td&gt;
&lt;/tr&gt;&lt;tr bgcolor=""&gt;
&lt;th&gt;CD_RGINT&lt;/th&gt;
&lt;td&gt;3108&lt;/td&gt;
&lt;/tr&gt;&lt;tr bgcolor="#E3E3F3"&gt;
&lt;th&gt;NM_RGINT&lt;/th&gt;
&lt;td&gt;Varginha&lt;/td&gt;
&lt;/tr&gt;&lt;tr bgcolor=""&gt;
&lt;th&gt;CD_RGI&lt;/th&gt;
&lt;td&gt;310045&lt;/td&gt;
&lt;/tr&gt;&lt;tr bgcolor="#E3E3F3"&gt;
&lt;th&gt;NM_RGI&lt;/th&gt;
&lt;td&gt;Três Corações&lt;/td&gt;
&lt;/tr&gt;&lt;tr bgcolor=""&gt;
&lt;th&gt;CT_LOCALIDADE&lt;/th&gt;
&lt;td&gt;Outras Localidades&lt;/td&gt;
&lt;/tr&gt;&lt;tr bgcolor="#E3E3F3"&gt;
&lt;th&gt;SCT_LOCALIDADE&lt;/th&gt;
&lt;td&gt;&lt;/td&gt;
&lt;/tr&gt;&lt;tr bgcolor=""&gt;
&lt;th&gt;CD_LOCALIDADE&lt;/th&gt;
&lt;td&gt;311070700005&lt;/td&gt;
&lt;/tr&gt;&lt;tr bgcolor="#E3E3F3"&gt;
&lt;th&gt;NM_LOCALIDADE&lt;/th&gt;
&lt;td&gt;São Domingos&lt;/td&gt;
&lt;/tr&gt;&lt;/table&gt;&lt;/center&gt;</description>
<Style>
<IconStyle>
<color>ff0069d3</color>
<scale>0.6</scale>
<Icon>
<href>http://maps.google.com/mapfiles/kml/shapes/placemark_circle.png</href>
</Icon>
</IconStyle>
<LabelStyle>
<scale>0.6</scale>
</LabelStyle>
<LineStyle>
<width>1.0</width>
<gx:labelVisibility>1</gx:labelVisibility>
</LineStyle>
</Style>
<ExtendedData>
<SchemaData schemaUrl="#kml_schema_ft_Localidades">
<SimpleData name="CD_UF">31</SimpleData>
<SimpleData name="NM_UF">Minas Gerais</SimpleData>
<SimpleData name="SIGLA_UF">MG</SimpleData>
<SimpleData name="CD_MUN">3110707</SimpleData>
<SimpleData name="NM_MUN">Cambuquira</SimpleData>
<SimpleData name="CD_RGINT">3108</SimpleData>
<SimpleData name="NM_RGINT">Varginha</SimpleData>
<SimpleData name="CD_RGI">310045</SimpleData>
<SimpleData name="NM_RGI">Três Corações</SimpleData>
<SimpleData name="CT_LOCALIDADE">Outras Localidades</SimpleData>
<SimpleData name="CD_LOCALIDADE">311070700005</SimpleData>
<SimpleData name="NM_LOCALIDADE">São Domingos</SimpleData>
</SchemaData>
</ExtendedData>
<Point>
<extrude>0</extrude>
<coordinates>-45.218155,-21.8889529993457,0.0</coordinates>
</Point>
</Placemark>
<Placemark id="12. Outras Localidades">
<name>Xororó [311070700006]</name>
<visibility>1</visibility>
<snippet> </snippet>
<description>&lt;center&gt;&lt;table&gt;&lt;tr&gt;&lt;th colspan='2' align='center'&gt;&lt;em&gt;Attributes&lt;/em&gt;&lt;/th&gt;&lt;/tr&gt;&lt;tr bgcolor="#E3E3F3"&gt;
&lt;th&gt;CD_UF&lt;/th&gt;
&lt;td&gt;31&lt;/td&gt;
&lt;/tr&gt;&lt;tr bgcolor=""&gt;
&lt;th&gt;NM_UF&lt;/th&gt;
&lt;td&gt;Minas Gerais&lt;/td&gt;
&lt;/tr&gt;&lt;tr bgcolor="#E3E3F3"&gt;
&lt;th&gt;SIGLA_UF&lt;/th&gt;
&lt;td&gt;MG&lt;/td&gt;
&lt;/tr&gt;&lt;tr bgcolor=""&gt;
&lt;th&gt;CD_MUN&lt;/th&gt;
&lt;td&gt;3110707&lt;/td&gt;
&lt;/tr&gt;&lt;tr bgcolor="#E3E3F3"&gt;
&lt;th&gt;NM_MUN&lt;/th&gt;
&lt;td&gt;Cambuquira&lt;/td&gt;
&lt;/tr&gt;&lt;tr bgcolor=""&gt;
&lt;th&gt;CD_RGINT&lt;/th&gt;
&lt;td&gt;3108&lt;/td&gt;
&lt;/tr&gt;&lt;tr bgcolor="#E3E3F3"&gt;
&lt;th&gt;NM_RGINT&lt;/th&gt;
&lt;td&gt;Varginha&lt;/td&gt;
&lt;/tr&gt;&lt;tr bgcolor=""&gt;
&lt;th&gt;CD_RGI&lt;/th&gt;
&lt;td&gt;310045&lt;/td&gt;
&lt;/tr&gt;&lt;tr bgcolor="#E3E3F3"&gt;
&lt;th&gt;NM_RGI&lt;/th&gt;
&lt;td&gt;Três Corações&lt;/td&gt;
&lt;/tr&gt;&lt;tr bgcolor=""&gt;
&lt;th&gt;CT_LOCALIDADE&lt;/th&gt;
&lt;td&gt;Outras Localidades&lt;/td&gt;
&lt;/tr&gt;&lt;tr bgcolor="#E3E3F3"&gt;
&lt;th&gt;SCT_LOCALIDADE&lt;/th&gt;
&lt;td&gt;&lt;/td&gt;
&lt;/tr&gt;&lt;tr bgcolor=""&gt;
&lt;th&gt;CD_LOCALIDADE&lt;/th&gt;
&lt;td&gt;311070700006&lt;/td&gt;
&lt;/tr&gt;&lt;tr bgcolor="#E3E3F3"&gt;
&lt;th&gt;NM_LOCALIDADE&lt;/th&gt;
&lt;td&gt;Xororó&lt;/td&gt;
&lt;/tr&gt;&lt;/table&gt;&lt;/center&gt;</description>
<Style>
<IconStyle>
<color>ff0069d3</color>
<scale>0.6</scale>
<Icon>
<href>http://maps.google.com/mapfiles/kml/shapes/placemark_circle.png</href>
</Icon>
</IconStyle>
<LabelStyle>
<scale>0.6</scale>
</LabelStyle>
<LineStyle>
<width>1.0</width>
<gx:labelVisibility>1</gx:labelVisibility>
</LineStyle>
</Style>
<ExtendedData>
<SchemaData schemaUrl="#kml_schema_ft_Localidades">
<SimpleData name="CD_UF">31</SimpleData>
<SimpleData name="NM_UF">Minas Gerais</SimpleData>
<SimpleData name="SIGLA_UF">MG</SimpleData>
<SimpleData name="CD_MUN">3110707</SimpleData>
<SimpleData name="NM_MUN">Cambuquira</SimpleData>
<SimpleData name="CD_RGINT">3108</SimpleData>
<SimpleData name="NM_RGINT">Varginha</SimpleData>
<SimpleData name="CD_RGI">310045</SimpleData>
<SimpleData name="NM_RGI">Três Corações</SimpleData>
<SimpleData name="CT_LOCALIDADE">Outras Localidades</SimpleData>
<SimpleData name="CD_LOCALIDADE">311070700006</SimpleData>
<SimpleData name="NM_LOCALIDADE">Xororó</SimpleData>
</SchemaData>
</ExtendedData>
<Point>
<extrude>0</extrude>
<coordinates>-45.2604664,-21.8709749993462,0.0</coordinates>
</Point>
</Placemark>
<Placemark id="12. Outras Localidades">
<name>Recanto dos Amores [311070700007]</name>
<visibility>1</visibility>
<snippet> </snippet>
<description>&lt;center&gt;&lt;table&gt;&lt;tr&gt;&lt;th colspan='2' align='center'&gt;&lt;em&gt;Attributes&lt;/em&gt;&lt;/th&gt;&lt;/tr&gt;&lt;tr bgcolor="#E3E3F3"&gt;
&lt;th&gt;CD_UF&lt;/th&gt;
&lt;td&gt;31&lt;/td&gt;
&lt;/tr&gt;&lt;tr bgcolor=""&gt;
&lt;th&gt;NM_UF&lt;/th&gt;
&lt;td&gt;Minas Gerais&lt;/td&gt;
&lt;/tr&gt;&lt;tr bgcolor="#E3E3F3"&gt;
&lt;th&gt;SIGLA_UF&lt;/th&gt;
&lt;td&gt;MG&lt;/td&gt;
&lt;/tr&gt;&lt;tr bgcolor=""&gt;
&lt;th&gt;CD_MUN&lt;/th&gt;
&lt;td&gt;3110707&lt;/td&gt;
&lt;/tr&gt;&lt;tr bgcolor="#E3E3F3"&gt;
&lt;th&gt;NM_MUN&lt;/th&gt;
&lt;td&gt;Cambuquira&lt;/td&gt;
&lt;/tr&gt;&lt;tr bgcolor=""&gt;
&lt;th&gt;CD_RGINT&lt;/th&gt;
&lt;td&gt;3108&lt;/td&gt;
&lt;/tr&gt;&lt;tr bgcolor="#E3E3F3"&gt;
&lt;th&gt;NM_RGINT&lt;/th&gt;
&lt;td&gt;Varginha&lt;/td&gt;
&lt;/tr&gt;&lt;tr bgcolor=""&gt;
&lt;th&gt;CD_RGI&lt;/th&gt;
&lt;td&gt;310045&lt;/td&gt;
&lt;/tr&gt;&lt;tr bgcolor="#E3E3F3"&gt;
&lt;th&gt;NM_RGI&lt;/th&gt;
&lt;td&gt;Três Corações&lt;/td&gt;
&lt;/tr&gt;&lt;tr bgcolor=""&gt;
&lt;th&gt;CT_LOCALIDADE&lt;/th&gt;
&lt;td&gt;Outras Localidades&lt;/td&gt;
&lt;/tr&gt;&lt;tr bgcolor="#E3E3F3"&gt;
&lt;th&gt;SCT_LOCALIDADE&lt;/th&gt;
&lt;td&gt;&lt;/td&gt;
&lt;/tr&gt;&lt;tr bgcolor=""&gt;
&lt;th&gt;CD_LOCALIDADE&lt;/th&gt;
&lt;td&gt;311070700007&lt;/td&gt;
&lt;/tr&gt;&lt;tr bgcolor="#E3E3F3"&gt;
&lt;th&gt;NM_LOCALIDADE&lt;/th&gt;
&lt;td&gt;Recanto dos Amores&lt;/td&gt;
&lt;/tr&gt;&lt;/table&gt;&lt;/center&gt;</description>
<Style>
<IconStyle>
<color>ff0069d3</color>
<scale>0.6</scale>
<Icon>
<href>http://maps.google.com/mapfiles/kml/shapes/placemark_circle.png</href>
</Icon>
</IconStyle>
<LabelStyle>
<scale>0.6</scale>
</LabelStyle>
<LineStyle>
<width>1.0</width>
<gx:labelVisibility>1</gx:labelVisibility>
</LineStyle>
</Style>
<ExtendedData>
<SchemaData schemaUrl="#kml_schema_ft_Localidades">
<SimpleData name="CD_UF">31</SimpleData>
<SimpleData name="NM_UF">Minas Gerais</SimpleData>
<SimpleData name="SIGLA_UF">MG</SimpleData>
<SimpleData name="CD_MUN">3110707</SimpleData>
<SimpleData name="NM_MUN">Cambuquira</SimpleData>
<SimpleData name="CD_RGINT">3108</SimpleData>
<SimpleData name="NM_RGINT">Varginha</SimpleData>
<SimpleData name="CD_RGI">310045</SimpleData>
<SimpleData name="NM_RGI">Três Corações</SimpleData>
<SimpleData name="CT_LOCALIDADE">Outras Localidades</SimpleData>
<SimpleData name="CD_LOCALIDADE">311070700007</SimpleData>
<SimpleData name="NM_LOCALIDADE">Recanto dos Amores</SimpleData>
</SchemaData>
</ExtendedData>
<Point>
<extrude>0</extrude>
<coordinates>-45.2985708,-21.833325299347,0.0</coordinates>
</Point>
</Placemark>
<Placemark id="12. Outras Localidades">
<name>Parque São João [311070700008]</name>
<visibility>1</visibility>
<snippet> </snippet>
<description>&lt;center&gt;&lt;table&gt;&lt;tr&gt;&lt;th colspan='2' align='center'&gt;&lt;em&gt;Attributes&lt;/em&gt;&lt;/th&gt;&lt;/tr&gt;&lt;tr bgcolor="#E3E3F3"&gt;
&lt;th&gt;CD_UF&lt;/th&gt;
&lt;td&gt;31&lt;/td&gt;
&lt;/tr&gt;&lt;tr bgcolor=""&gt;
&lt;th&gt;NM_UF&lt;/th&gt;
&lt;td&gt;Minas Gerais&lt;/td&gt;
&lt;/tr&gt;&lt;tr bgcolor="#E3E3F3"&gt;
&lt;th&gt;SIGLA_UF&lt;/th&gt;
&lt;td&gt;MG&lt;/td&gt;
&lt;/tr&gt;&lt;tr bgcolor=""&gt;
&lt;th&gt;CD_MUN&lt;/th&gt;
&lt;td&gt;3110707&lt;/td&gt;
&lt;/tr&gt;&lt;tr bgcolor="#E3E3F3"&gt;
&lt;th&gt;NM_MUN&lt;/th&gt;
&lt;td&gt;Cambuquira&lt;/td&gt;
&lt;/tr&gt;&lt;tr bgcolor=""&gt;
&lt;th&gt;CD_RGINT&lt;/th&gt;
&lt;td&gt;3108&lt;/td&gt;
&lt;/tr&gt;&lt;tr bgcolor="#E3E3F3"&gt;
&lt;th&gt;NM_RGINT&lt;/th&gt;
&lt;td&gt;Varginha&lt;/td&gt;
&lt;/tr&gt;&lt;tr bgcolor=""&gt;
&lt;th&gt;CD_RGI&lt;/th&gt;
&lt;td&gt;310045&lt;/td&gt;
&lt;/tr&gt;&lt;tr bgcolor="#E3E3F3"&gt;
&lt;th&gt;NM_RGI&lt;/th&gt;
&lt;td&gt;Três Corações&lt;/td&gt;
&lt;/tr&gt;&lt;tr bgcolor=""&gt;
&lt;th&gt;CT_LOCALIDADE&lt;/th&gt;
&lt;td&gt;Outras Localidades&lt;/td&gt;
&lt;/tr&gt;&lt;tr bgcolor="#E3E3F3"&gt;
&lt;th&gt;SCT_LOCALIDADE&lt;/th&gt;
&lt;td&gt;&lt;/td&gt;
&lt;/tr&gt;&lt;tr bgcolor=""&gt;
&lt;th&gt;CD_LOCALIDADE&lt;/th&gt;
&lt;td&gt;311070700008&lt;/td&gt;
&lt;/tr&gt;&lt;tr bgcolor="#E3E3F3"&gt;
&lt;th&gt;NM_LOCALIDADE&lt;/th&gt;
&lt;td&gt;Parque São João&lt;/td&gt;
&lt;/tr&gt;&lt;/table&gt;&lt;/center&gt;</description>
<Style>
<IconStyle>
<color>ff0069d3</color>
<scale>0.6</scale>
<Icon>
<href>http://maps.google.com/mapfiles/kml/shapes/placemark_circle.png</href>
</Icon>
</IconStyle>
<LabelStyle>
<scale>0.6</scale>
</LabelStyle>
<LineStyle>
<width>1.0</width>
<gx:labelVisibility>1</gx:labelVisibility>
</LineStyle>
</Style>
<ExtendedData>
<SchemaData schemaUrl="#kml_schema_ft_Localidades">
<SimpleData name="CD_UF">31</SimpleData>
<SimpleData name="NM_UF">Minas Gerais</SimpleData>
<SimpleData name="SIGLA_UF">MG</SimpleData>
<SimpleData name="CD_MUN">3110707</SimpleData>
<SimpleData name="NM_MUN">Cambuquira</SimpleData>
<SimpleData name="CD_RGINT">3108</SimpleData>
<SimpleData name="NM_RGINT">Varginha</SimpleData>
<SimpleData name="CD_RGI">310045</SimpleData>
<SimpleData name="NM_RGI">Três Corações</SimpleData>
<SimpleData name="CT_LOCALIDADE">Outras Localidades</SimpleData>
<SimpleData name="CD_LOCALIDADE">311070700008</SimpleData>
<SimpleData name="NM_LOCALIDADE">Parque São João</SimpleData>
</SchemaData>
</ExtendedData>
<Point>
<extrude>0</extrude>
<coordinates>-45.3059368,-21.8385612993469,0.0</coordinates>
</Point>
</Placemark>
</Folder>
<Folder id="13. Referência">
<name>13. Referência</name>
<Placemark id="13. Referência">
<name>Cambuquira [3110707]</name>
<visibility>1</visibility>
<snippet> </snippet>
<description>&lt;center&gt;&lt;table&gt;&lt;tr&gt;&lt;th colspan='2' align='center'&gt;&lt;em&gt;Attributes&lt;/em&gt;&lt;/th&gt;&lt;/tr&gt;&lt;tr bgcolor="#E3E3F3"&gt;
&lt;th&gt;CD_UF&lt;/th&gt;
&lt;td&gt;31&lt;/td&gt;
&lt;/tr&gt;&lt;tr bgcolor=""&gt;
&lt;th&gt;NM_UF&lt;/th&gt;
&lt;td&gt;Minas Gerais&lt;/td&gt;
&lt;/tr&gt;&lt;tr bgcolor="#E3E3F3"&gt;
&lt;th&gt;CD_MUN&lt;/th&gt;
&lt;td&gt;3110707&lt;/td&gt;
&lt;/tr&gt;&lt;tr bgcolor=""&gt;
&lt;th&gt;NM_MUN&lt;/th&gt;
&lt;td&gt;Cambuquira&lt;/td&gt;
&lt;/tr&gt;&lt;tr bgcolor="#E3E3F3"&gt;
&lt;th&gt;CD_RGINT&lt;/th&gt;
&lt;td&gt;3108&lt;/td&gt;
&lt;/tr&gt;&lt;tr bgcolor=""&gt;
&lt;th&gt;NM_RGINT&lt;/th&gt;
&lt;td&gt;Varginha&lt;/td&gt;
&lt;/tr&gt;&lt;tr bgcolor="#E3E3F3"&gt;
&lt;th&gt;CD_RGI&lt;/th&gt;
&lt;td&gt;310045&lt;/td&gt;
&lt;/tr&gt;&lt;tr bgcolor=""&gt;
&lt;th&gt;NM_RGI&lt;/th&gt;
&lt;td&gt;Três Corações&lt;/td&gt;
&lt;/tr&gt;&lt;/table&gt;&lt;/center&gt;</description>
<Style>
<IconStyle>
<scale>0.7</scale>
</IconStyle>
<LabelStyle>
<scale>0.7</scale>
</LabelStyle>
<LineStyle>
<color>ffffffff</color>
<width>3</width>
<gx:labelVisibility>1</gx:labelVisibility>
</LineStyle>
<PolyStyle>
<color>00ffffff</color>
</PolyStyle>
</Style>
<ExtendedData>
<SchemaData schemaUrl="#kml_schema_ft_Município">
<SimpleData name="CD_UF">31</SimpleData>
<SimpleData name="NM_UF">Minas Gerais</SimpleData>
<SimpleData name="CD_MUN">3110707</SimpleData>
<SimpleData name="NM_MUN">Cambuquira</SimpleData>
<SimpleData name="CD_RGINT">3108</SimpleData>
<SimpleData name="NM_RGINT">Varginha</SimpleData>
<SimpleData name="CD_RGI">310045</SimpleData>
<SimpleData name="NM_RGI">Três Corações</SimpleData>
</SchemaData>
</ExtendedData>
<MultiGeometry>
<Polygon>
<extrude>0</extrude>
<tessellate>1</tessellate>
<outerBoundaryIs>
<LinearRing>
<coordinates>-45.303585,-21.918336999345,0.0 -45.303872,-21.918156999345,0.0 -45.304108,-21.918020999345,0.0 -45.304369,-21.917897999345,0.0 -45.304556,-21.917726999345,0.0 -45.304719,-21.917555999345,0.0 -45.304919,-21.917339999345,0.0 -45.305095,-21.9171349993451,0.0 -45.305321,-21.9168719993451,0.0 -45.305508,-21.9167249993451,0.0 -45.305744,-21.9166009993451,0.0 -45.306029,-21.9165119993451,0.0 -45.306252,-21.9164339993451,0.0 -45.306537,-21.9163919993451,0.0 -45.306783,-21.9164289993451,0.0 -45.306941,-21.9166379993451,0.0 -45.307111,-21.9168359993451,0.0 -45.307293,-21.9170339993451,0.0 -45.307476,-21.917220999345,0.0 -45.30762,-21.917463999345,0.0 -45.307704,-21.917683999345,0.0 -45.307787,-21.917914999345,0.0 -45.30787,-21.918180999345,0.0 -45.307903,-21.918457999345,0.0 -45.307937,-21.918722999345,0.0 -45.308068,-21.919000999345,0.0 -45.308152,-21.919220999345,0.0 -45.30821,-21.919451999345,0.0 -45.308281,-21.919693999345,0.0 -45.308377,-21.919902999345,0.0 -45.308485,-21.920110999345,0.0 -45.308594,-21.920307999345,0.0 -45.308812,-21.920575999345,0.0 -45.309008,-21.920727999345,0.0 -45.309253,-21.920833999345,0.0 -45.309486,-21.920940999345,0.0 -45.3094944,-21.920946299345,0.0 -45.309743,-21.921104999345,0.0 -45.30995,-21.9212799993449,0.0 -45.310021,-21.921522999345,0.0 -45.310091,-21.9217889993449,0.0 -45.310187,-21.9220199993449,0.0 -45.310282,-21.9222859993449,0.0 -45.310341,-21.9225169993449,0.0 -45.310387,-21.9227359993449,0.0 -45.31047,-21.9229679993449,0.0 -45.310541,-21.9231869993449,0.0 -45.310587,-21.9234299993449,0.0 -45.310659,-21.9236489993449,0.0 -45.310753,-21.9239269993449,0.0 -45.310861,-21.9241929993449,0.0 -45.310957,-21.9244009993449,0.0 -45.311176,-21.9246339993449,0.0 -45.311396,-21.9247749993449,0.0 -45.311629,-21.9248819993449,0.0 -45.311862,-21.9249649993449,0.0 -45.312133,-21.9250029993449,0.0 -45.312466,-21.9250179993449,0.0 -45.312775,-21.9250219993449,0.0 -45.31301,-21.9249779993449,0.0 -45.313356,-21.9249709993449,0.0 -45.31375,-21.9249869993449,0.0 -45.314046,-21.9250369993449,0.0 -45.314316,-21.9251089993449,0.0 -45.314487,-21.9252609993449,0.0 -45.314632,-21.9255269993448,0.0 -45.314703,-21.9257589993448,0.0 -45.314711,-21.9260229993448,0.0 -45.314732,-21.9263119993448,0.0 -45.314816,-21.9265309993448,0.0 -45.314936,-21.9267289993448,0.0 -45.315082,-21.9269029993448,0.0 -45.315325,-21.9271589993448,0.0 -45.31552,-21.9273339993448,0.0 -45.315716,-21.9274749993448,0.0 -45.31595,-21.9275349993448,0.0 -45.316381,-21.9275859993448,0.0 -45.316689,-21.9276009993448,0.0 -45.316973,-21.9276049993448,0.0 -45.317258,-21.9275619993448,0.0 -45.317505,-21.9275419993448,0.0 -45.317838,-21.9275109993448,0.0 -45.318443,-21.9275189993448,0.0 -45.318764,-21.9275339993448,0.0 -45.319035,-21.9275719993448,0.0 -45.319281,-21.9276089993448,0.0 -45.319527,-21.9276929993448,0.0 -45.319772,-21.9277879993448,0.0 -45.320029,-21.9279289993448,0.0 -45.320224,-21.9281499993448,0.0 -45.320381,-21.9283709993448,0.0 -45.3205047,-21.9285183993448,0.0 -45.320527,-21.9285449993448,0.0 -45.320697,-21.9287309993448,0.0 -45.320855,-21.9289289993448,0.0 -45.321026,-21.9290919993448,0.0 -45.321258,-21.9292679993448,0.0 -45.321453,-21.9294079993448,0.0 -45.321698,-21.9295489993448,0.0 -45.321931,-21.9296669993448,0.0 -45.322177,-21.9297389993447,0.0 -45.32246,-21.9298229993448,0.0 -45.322755,-21.9298949993447,0.0 -45.323063,-21.9299339993447,0.0 -45.323384,-21.9299489993448,0.0 -45.323816,-21.9299659993447,0.0 -45.324136,-21.9299689993447,0.0 -45.324531,-21.9300199993447,0.0 -45.324913,-21.9300709993447,0.0 -45.325146,-21.9301419993447,0.0 -45.325429,-21.9302259993447,0.0 -45.32565,-21.9303209993447,0.0 -45.325981,-21.9304399993447,0.0 -45.326325,-21.9305709993447,0.0 -45.32662,-21.9306779993447,0.0 -45.327038,-21.9308209993447,0.0 -45.327332,-21.9309739993447,0.0 -45.327651,-21.9310819993447,0.0 -45.328044,-21.9312129993447,0.0 -45.328363,-21.9313659993447,0.0 -45.328584,-21.9314839993447,0.0 -45.328878,-21.9316599993447,0.0 -45.329085,-21.9318119993447,0.0 -45.329317,-21.9320219993447,0.0 -45.329549,-21.9321859993447,0.0 -45.329732,-21.9323499993447,0.0 -45.329903,-21.9325009993447,0.0 -45.330098,-21.9326879993447,0.0 -45.330194,-21.9328959993447,0.0 -45.330411,-21.9333129993447,0.0 -45.330519,-21.9335099993447,0.0 -45.330651,-21.9337649993447,0.0 -45.330784,-21.9339859993447,0.0 -45.330942,-21.9341719993446,0.0 -45.331111,-21.9344729993446,0.0 -45.331219,-21.9346699993446,0.0 -45.331414,-21.9348909993446,0.0 -45.331645,-21.9351129993446,0.0 -45.331816,-21.9352649993446,0.0 -45.332073,-21.9354399993446,0.0 -45.332379,-21.9356399993446,0.0 -45.332612,-21.9357339993446,0.0 -45.332845,-21.9358059993446,0.0 -45.333165,-21.9358909993446,0.0 -45.333867,-21.9360369993446,0.0 -45.334113,-21.9360859993446,0.0 -45.33436,-21.9360999993446,0.0 -45.334594,-21.9361149993446,0.0 -45.334841,-21.9361289993446,0.0 -45.335186,-21.9361449993446,0.0 -45.335494,-21.9361829993446,0.0 -45.3355333,-21.9361989993446,0.0 -45.335727,-21.9362779993446,0.0 -45.33596,-21.9364189993446,0.0 -45.33618,-21.9365589993446,0.0 -45.336388,-21.9366999993446,0.0 -45.336595,-21.9368869993446,0.0 -45.336766,-21.9370609993446,0.0 -45.336949,-21.9372249993446,0.0 -45.337119,-21.9374339993446,0.0 -45.337374,-21.9377019993446,0.0 -45.337679,-21.9380049993446,0.0 -45.337923,-21.9381919993446,0.0 -45.338131,-21.9383439993445,0.0 -45.338376,-21.9384969993445,0.0 -45.338596,-21.9386139993445,0.0 -45.33878,-21.9387659993445,0.0 -45.338938,-21.9389289993445,0.0 -45.339352,-21.9393249993445,0.0 -45.339547,-21.9395469993445,0.0 -45.339766,-21.9397449993445,0.0 -45.339985,-21.9399549993445,0.0 -45.340377,-21.9401779993445,0.0 -45.340598,-21.9402729993445,0.0 -45.340844,-21.9403789993445,0.0 -45.341077,-21.9404629993445,0.0 -45.341385,-21.9405579993445,0.0 -45.341679,-21.9406539993445,0.0 -45.34227,-21.9407989993445,0.0 -45.342639,-21.9408949993445,0.0 -45.342873,-21.9409669993445,0.0 -45.343204,-21.9410749993445,0.0 -45.343474,-21.9411809993445,0.0 -45.343939,-21.9415089993445,0.0 -45.344184,-21.9416849993445,0.0 -45.344477,-21.9419189993445,0.0 -45.344709,-21.9420709993445,0.0 -45.345039,-21.9423049993445,0.0 -45.345358,-21.9424589993445,0.0 -45.345566,-21.9425759993444,0.0 -45.345862,-21.9426489993444,0.0 -45.346108,-21.9427209993444,0.0 -45.346328,-21.9428609993444,0.0 -45.346609,-21.9430719993444,0.0 -45.346804,-21.9432469993444,0.0 -45.346975,-21.9434099993444,0.0 -45.347158,-21.9435499993444,0.0 -45.347366,-21.9437259993444,0.0 -45.347623,-21.9438779993444,0.0 -45.347929,-21.9440199993444,0.0 -45.348163,-21.9441029993444,0.0 -45.348358,-21.9442549993444,0.0 -45.348592,-21.9443510993444,0.0 -45.348677,-21.9443859993444,0.0 -45.348961,-21.9444469993444,0.0 -45.350997,-21.9444699993444,0.0 -45.351305,-21.9444849993444,0.0 -45.351601,-21.9445119993444,0.0 -45.351897,-21.9445499993444,0.0 -45.352193,-21.9445649993444,0.0 -45.352551,-21.9445799993444,0.0 -45.353328,-21.9445889993444,0.0 -45.353563,-21.9445809993444,0.0 -45.353798,-21.9445259993444,0.0 -45.354033,-21.9444819993444,0.0 -45.354281,-21.9444279993444,0.0 -45.354405,-21.9443719993444,0.0 -45.354404,-21.9441309993444,0.0 -45.354251,-21.9438749993444,0.0 -45.354068,-21.9437229993444,0.0 -45.35386,-21.9435939993444,0.0 -45.353591,-21.9434059993444,0.0 -45.353383,-21.9432659993444,0.0 -45.353163,-21.9431139993444,0.0 -45.352955,-21.9429839993444,0.0 -45.352759,-21.9428549993444,0.0 -45.352477,-21.9427139993444,0.0 -45.352269,-21.9425959993444,0.0 -45.352011,-21.9424549993444,0.0 -45.351778,-21.9423489993444,0.0 -45.351508,-21.9422419993445,0.0 -45.351274,-21.9421699993445,0.0 -45.350991,-21.9421209993445,0.0 -45.350634,-21.9420589993445,0.0 -45.350327,-21.9419519993445,0.0 -45.350093,-21.9418799993445,0.0 -45.34981,-21.9418309993445,0.0 -45.349515,-21.9417809993445,0.0 -45.349231,-21.9417319993445,0.0 -45.348972,-21.9417179993445,0.0 -45.348639,-21.9416909993445,0.0 -45.348381,-21.9416299993445,0.0 -45.3483034,-21.9416213993445,0.0 -45.348147,-21.9416039993445,0.0 -45.347851,-21.9416009993445,0.0 -45.347567,-21.9415859993445,0.0 -45.347272,-21.9415139993445,0.0 -45.346878,-21.9414049993445,0.0 -45.346632,-21.9413329993445,0.0 -45.3463,-21.9412259993445,0.0 -45.346018,-21.9411309993445,0.0 -45.34581,-21.9410129993445,0.0 -45.345345,-21.9406849993445,0.0 -45.3451,-21.9405209993445,0.0 -45.344893,-21.9403339993445,0.0 -45.344661,-21.9401699993445,0.0 -45.344392,-21.9399719993445,0.0 -45.344247,-21.9397509993445,0.0 -45.34404,-21.9394719993445,0.0 -45.343908,-21.9392399993445,0.0 -45.34375,-21.9390309993445,0.0 -45.343629,-21.9388339993445,0.0 -45.34351,-21.9384989993445,0.0 -45.343415,-21.9382559993445,0.0 -45.343381,-21.9380019993446,0.0 -45.343261,-21.9377359993446,0.0 -45.343067,-21.9375149993446,0.0 -45.342921,-21.9373169993446,0.0 -45.342739,-21.9371429993446,0.0 -45.342568,-21.9369679993446,0.0 -45.342385,-21.9368039993446,0.0 -45.342214,-21.9366529993446,0.0 -45.342021,-21.9363739993446,0.0 -45.341888,-21.9361649993446,0.0 -45.341767,-21.9359449993446,0.0 -45.341659,-21.9357369993446,0.0 -45.341514,-21.9355279993446,0.0 -45.341419,-21.9352499993446,0.0 -45.341349,-21.9349039993446,0.0 -45.341315,-21.9346729993446,0.0 -45.341283,-21.9343389993446,0.0 -45.34125,-21.9340509993447,0.0 -45.341241,-21.9337739993447,0.0 -45.341257,-21.9334859993447,0.0 -45.341347,-21.9331999993447,0.0 -45.341376,-21.9329239993447,0.0 -45.34138,-21.9326359993447,0.0 -45.341347,-21.9323239993447,0.0 -45.341302,-21.9320009993447,0.0 -45.3412853,-21.9319331993447,0.0 -45.341208,-21.9316199993447,0.0 -45.341138,-21.9313429993447,0.0 -45.34108,-21.9310659993447,0.0 -45.341009,-21.9308119993447,0.0 -45.340889,-21.9305569993447,0.0 -45.340794,-21.9303029993447,0.0 -45.340772,-21.9300489993447,0.0 -45.340783,-21.9292779993448,0.0 -45.340799,-21.9290019993448,0.0 -45.340803,-21.9287249993448,0.0 -45.340832,-21.9283689993448,0.0 -45.340872,-21.9281499993448,0.0 -45.340974,-21.9279099993448,0.0 -45.341064,-21.9276569993448,0.0 -45.341116,-21.9274159993448,0.0 -45.341173,-21.9268639993448,0.0 -45.341214,-21.9265999993448,0.0 -45.341291,-21.9263239993448,0.0 -45.341442,-21.9261069993448,0.0 -45.341507,-21.9258659993448,0.0 -45.341584,-21.9256479993449,0.0 -45.341711,-21.9253849993449,0.0 -45.34185,-21.9251679993449,0.0 -45.342001,-21.9249389993449,0.0 -45.342128,-21.9247099993449,0.0 -45.34218,-21.9244919993449,0.0 -45.342196,-21.9242039993449,0.0 -45.3422,-21.9238819993449,0.0 -45.342191,-21.9236399993449,0.0 -45.342182,-21.9234209993449,0.0 -45.342193,-21.9225919993449,0.0 -45.342209,-21.9223279993449,0.0 -45.342212,-21.9220629993449,0.0 -45.342204,-21.9217629993449,0.0 -45.342257,-21.921463999345,0.0 -45.342336,-21.921142999345,0.0 -45.342413,-21.920901999345,0.0 -45.342515,-21.920649999345,0.0 -45.342629,-21.920420999345,0.0 -45.342768,-21.920226999345,0.0 -45.342919,-21.919997999345,0.0 -45.343045,-21.919803999345,0.0 -45.343234,-21.919529999345,0.0 -45.343409,-21.919335999345,0.0 -45.343561,-21.919072999345,0.0 -45.343687,-21.918832999345,0.0 -45.343814,-21.918580999345,0.0 -45.343891,-21.918362999345,0.0 -45.343906,-21.918132999345,0.0 -45.343897,-21.917913999345,0.0 -45.343876,-21.917659999345,0.0 -45.343731,-21.9173819993451,0.0 -45.343573,-21.917207999345,0.0 -45.34344,-21.9169989993451,0.0 -45.343332,-21.9167899993451,0.0 -45.343236,-21.9165699993451,0.0 -45.343153,-21.9163049993451,0.0 -45.343095,-21.9160849993451,0.0 -45.343061,-21.9158659993451,0.0 -45.343071,-21.9150599993451,0.0 -45.343226,-21.9145549993451,0.0 -45.34323,-21.9142439993451,0.0 -45.343222,-21.9139449993451,0.0 -45.343152,-21.9136329993451,0.0 -45.343118,-21.9134019993451,0.0 -45.343097,-21.9131489993451,0.0 -45.343088,-21.9128839993452,0.0 -45.343091,-21.9126419993452,0.0 -45.343194,-21.9123439993452,0.0 -45.343204,-21.9115719993452,0.0 -45.343183,-21.9113189993452,0.0 -45.343174,-21.9110419993452,0.0 -45.343165,-21.9108119993452,0.0 -45.343132,-21.9105579993452,0.0 -45.343086,-21.9102699993452,0.0 -45.343065,-21.9099819993452,0.0 -45.343073,-21.9094399993452,0.0 -45.3431,-21.9092219993452,0.0 -45.343141,-21.9089689993452,0.0 -45.343193,-21.9087159993452,0.0 -45.343309,-21.9083949993453,0.0 -45.343436,-21.9081319993453,0.0 -45.343612,-21.9078579993453,0.0 -45.343763,-21.9076639993453,0.0 -45.34395,-21.9074929993453,0.0 -45.344171,-21.9075879993453,0.0 -45.344419,-21.9075099993453,0.0 -45.344654,-21.9074669993453,0.0 -45.344926,-21.9074009993453,0.0 -45.345186,-21.9073229993453,0.0 -45.345422,-21.9072339993453,0.0 -45.345645,-21.9071559993453,0.0 -45.345881,-21.9070779993453,0.0 -45.346128,-21.9070459993453,0.0 -45.346376,-21.9069799993453,0.0 -45.346563,-21.9068439993453,0.0 -45.346822,-21.9068469993453,0.0 -45.347154,-21.9068969993453,0.0 -45.347449,-21.9069809993453,0.0 -45.347917,-21.9070789993453,0.0 -45.348163,-21.9071389993453,0.0 -45.348433,-21.9072339993453,0.0 -45.348752,-21.9073419993453,0.0 -45.34896,-21.9075279993453,0.0 -45.34918,-21.9076459993453,0.0 -45.349463,-21.9077069993453,0.0 -45.349722,-21.9077669993453,0.0 -45.349992,-21.9078169993453,0.0 -45.350239,-21.9078309993453,0.0 -45.350498,-21.9078339993453,0.0 -45.350745,-21.9078139993453,0.0 -45.350968,-21.9077359993453,0.0 -45.351167,-21.9076119993453,0.0 -45.35133,-21.9074409993453,0.0 -45.351469,-21.9072349993453,0.0 -45.35167,-21.9069719993453,0.0 -45.351771,-21.9067659993453,0.0 -45.351885,-21.9065139993453,0.0 -45.351938,-21.9062849993453,0.0 -45.352002,-21.9060669993453,0.0 -45.352079,-21.9058489993453,0.0 -45.352107,-21.9056069993453,0.0 -45.35221,-21.9053319993453,0.0 -45.352275,-21.9050909993453,0.0 -45.35229,-21.9048719993453,0.0 -45.352296,-21.9043999993454,0.0 -45.352262,-21.9041579993454,0.0 -45.352191,-21.9039269993454,0.0 -45.352133,-21.9036729993454,0.0 -45.352111,-21.9034419993454,0.0 -45.352003,-21.9032219993454,0.0 -45.35192,-21.9030139993454,0.0 -45.351691,-21.9025739993454,0.0 -45.351521,-21.9023879993454,0.0 -45.351327,-21.9021549993454,0.0 -45.351096,-21.9018989993454,0.0 -45.350925,-21.9017359993454,0.0 -45.350792,-21.9015499993454,0.0 -45.350597,-21.9013519993454,0.0 -45.350353,-21.9011419993454,0.0 -45.350146,-21.9009319993454,0.0 -45.349976,-21.9007459993454,0.0 -45.349818,-21.9005369993454,0.0 -45.349648,-21.9003389993455,0.0 -45.349491,-21.9000959993455,0.0 -45.349333,-21.8999209993455,0.0 -45.349124,-21.8998149993455,0.0 -45.348954,-21.8996519993455,0.0 -45.348711,-21.8993839993455,0.0 -45.348465,-21.8992659993455,0.0 -45.348257,-21.8991599993455,0.0 -45.347889,-21.8990289993455,0.0 -45.347643,-21.8989219993455,0.0 -45.347411,-21.8987819993455,0.0 -45.347154,-21.8986289993455,0.0 -45.347008,-21.8984539993455,0.0 -45.346875,-21.8982459993455,0.0 -45.346804,-21.8979909993455,0.0 -45.346734,-21.8977029993455,0.0 -45.3467,-21.8974489993455,0.0 -45.346679,-21.8971839993455,0.0 -45.346671,-21.8968959993455,0.0 -45.346662,-21.8966199993455,0.0 -45.346641,-21.8963889993455,0.0 -45.346631,-21.8961469993456,0.0 -45.34661,-21.8959159993456,0.0 -45.346563,-21.8956969993456,0.0 -45.346555,-21.8954319993456,0.0 -45.34657,-21.8951909993456,0.0 -45.34661,-21.8949489993456,0.0 -45.3467,-21.8947199993456,0.0 -45.346826,-21.8945029993456,0.0 -45.347002,-21.8942969993456,0.0 -45.347214,-21.8941389993456,0.0 -45.347448,-21.8941069993456,0.0 -45.34766,-21.8940059993456,0.0 -45.347907,-21.8939509993456,0.0 -45.348142,-21.8938959993456,0.0 -45.34844,-21.8937609993456,0.0 -45.348677,-21.8936139993456,0.0 -45.348876,-21.8934549993456,0.0 -45.349111,-21.8933889993456,0.0 -45.349323,-21.8932649993456,0.0 -45.34962,-21.8931529993456,0.0 -45.349856,-21.8930639993456,0.0 -45.350092,-21.8929629993456,0.0 -45.350402,-21.8928399993456,0.0 -45.350626,-21.8927159993456,0.0 -45.350849,-21.8926029993456,0.0 -45.351048,-21.8924789993456,0.0 -45.351236,-21.8923199993456,0.0 -45.351435,-21.8921839993456,0.0 -45.351585,-21.8920129993456,0.0 -45.351772,-21.8918769993457,0.0 -45.351874,-21.8916129993457,0.0 -45.351877,-21.8913829993457,0.0 -45.351807,-21.8911059993457,0.0 -45.351724,-21.8908859993457,0.0 -45.351566,-21.8906649993457,0.0 -45.351375,-21.8902259993457,0.0 -45.3513027,-21.8900143993457,0.0 -45.35128,-21.8899479993457,0.0 -45.351111,-21.8896579993457,0.0 -45.3510854,-21.8895357993457,0.0 -45.351071,-21.8894669993457,0.0 -45.351053,-21.8893809993457,0.0 -45.351008,-21.8890579993457,0.0 -45.350937,-21.8888389993457,0.0 -45.350754,-21.8886179993457,0.0 -45.35056,-21.8884079993457,0.0 -45.350389,-21.8882569993457,0.0 -45.350083,-21.8880689993457,0.0 -45.349826,-21.8879509993457,0.0 -45.349592,-21.8878789993457,0.0 -45.34931,-21.8877599993458,0.0 -45.34909,-21.8876199993457,0.0 -45.348919,-21.8874679993458,0.0 -45.348649,-21.8873839993458,0.0 -45.348404,-21.8872549993458,0.0 -45.348109,-21.8871479993458,0.0 -45.347888,-21.8870409993458,0.0 -45.347656,-21.8869009993458,0.0 -45.347165,-21.8866649993458,0.0 -45.34692,-21.8865699993458,0.0 -45.346699,-21.8864749993458,0.0 -45.346516,-21.8862879993458,0.0 -45.346421,-21.8860799993458,0.0 -45.346399,-21.8858149993458,0.0 -45.346415,-21.8855729993458,0.0 -45.346505,-21.8853329993458,0.0 -45.346557,-21.8851029993458,0.0 -45.346548,-21.8848839993458,0.0 -45.346414,-21.8846869993458,0.0 -45.346405,-21.8844679993458,0.0 -45.346458,-21.8842149993458,0.0 -45.346522,-21.8839969993458,0.0 -45.346526,-21.8837439993458,0.0 -45.34643,-21.8835239993459,0.0 -45.346259,-21.8833719993459,0.0 -45.346076,-21.8832319993459,0.0 -45.34598,-21.8830229993459,0.0 -45.345995,-21.8828049993459,0.0 -45.346159,-21.8825419993459,0.0 -45.346273,-21.8823469993459,0.0 -45.346301,-21.8821059993459,0.0 -45.346267,-21.8818519993459,0.0 -45.346135,-21.8816319993459,0.0 -45.346014,-21.8814349993459,0.0 -45.346066,-21.8812159993459,0.0 -45.346167,-21.8810099993459,0.0 -45.346318,-21.8807929993459,0.0 -45.346346,-21.8805519993459,0.0 -45.346353,-21.8800909993459,0.0 -45.346417,-21.8798619993459,0.0 -45.34658,-21.8796679993459,0.0 -45.346621,-21.8794029993459,0.0 -45.34655,-21.8791609993459,0.0 -45.346454,-21.878940999346,0.0 -45.346531,-21.878722999346,0.0 -45.346547,-21.878492999346,0.0 -45.346513,-21.878273999346,0.0 -45.34638,-21.878052999346,0.0 -45.346297,-21.877810999346,0.0 -45.346435,-21.877592999346,0.0 -45.346598,-21.877422999346,0.0 -45.346712,-21.877216999346,0.0 -45.346678,-21.876950999346,0.0 -45.346545,-21.876742999346,0.0 -45.346375,-21.876590999346,0.0 -45.346279,-21.876370999346,0.0 -45.346344,-21.876094999346,0.0 -45.346458,-21.875865999346,0.0 -45.346609,-21.875660999346,0.0 -45.3466,-21.875406999346,0.0 -45.346517,-21.8751879993461,0.0 -45.346421,-21.8749559993461,0.0 -45.346375,-21.8747249993461,0.0 -45.346329,-21.8744829993461,0.0 -45.34632,-21.8741829993461,0.0 -45.3463213,-21.8740855993461,0.0 -45.346324,-21.8738839993461,0.0 -45.346291,-21.8736529993461,0.0 -45.346269,-21.8733879993461,0.0 -45.346236,-21.8731459993461,0.0 -45.346227,-21.8728929993461,0.0 -45.346233,-21.8724209993461,0.0 -45.346273,-21.8721909993461,0.0 -45.346338,-21.8719729993461,0.0 -45.346517,-21.8714449993461,0.0 -45.346607,-21.8712269993461,0.0 -45.346841,-21.8712419993461,0.0 -45.346832,-21.8710109993461,0.0 -45.34691,-21.8707239993462,0.0 -45.346999,-21.8705179993462,0.0 -45.347125,-21.8703239993462,0.0 -45.347312,-21.8701189993462,0.0 -45.347599,-21.8699259993462,0.0 -45.347872,-21.8698029993462,0.0 -45.348131,-21.8697829993462,0.0 -45.34839,-21.8698199993462,0.0 -45.348622,-21.8699379993462,0.0 -45.348843,-21.8700789993462,0.0 -45.349063,-21.8702309993462,0.0 -45.349309,-21.8702339993462,0.0 -45.349557,-21.8701909993462,0.0 -45.349854,-21.8701139993462,0.0 -45.350102,-21.8700359993462,0.0 -45.350289,-21.8698539993462,0.0 -45.35044,-21.8696709993462,0.0 -45.350676,-21.8694899993462,0.0 -45.3509,-21.8693539993462,0.0 -45.351124,-21.8692419993462,0.0 -45.351546,-21.8690389993462,0.0 -45.351696,-21.8688569993462,0.0 -45.351908,-21.8686979993462,0.0 -45.352194,-21.8685749993462,0.0 -45.352405,-21.8684619993462,0.0 -45.352616,-21.8683609993462,0.0 -45.352876,-21.8682599993462,0.0 -45.353124,-21.8681939993462,0.0 -45.353347,-21.8680929993462,0.0 -45.353582,-21.8680499993462,0.0 -45.353855,-21.8679839993462,0.0 -45.354091,-21.8678139993462,0.0 -45.354254,-21.8676539993462,0.0 -45.354417,-21.8674599993462,0.0 -45.354482,-21.8672079993462,0.0 -45.354559,-21.8669439993462,0.0 -45.354661,-21.8667379993462,0.0 -45.354774,-21.8665429993463,0.0 -45.355011,-21.8663959993463,0.0 -45.35521,-21.8662369993463,0.0 -45.35541,-21.8660899993463,0.0 -45.35567,-21.8660119993463,0.0 -45.355869,-21.8658769993463,0.0 -45.356044,-21.8657059993463,0.0 -45.35622,-21.8654779993463,0.0 -45.356321,-21.8652719993463,0.0 -45.35641,-21.8650649993463,0.0 -45.356475,-21.8648129993463,0.0 -45.356626,-21.8646189993463,0.0 -45.356801,-21.8644019993463,0.0 -45.356989,-21.8641969993463,0.0 -45.35714,-21.8640139993463,0.0 -45.357363,-21.8638899993463,0.0 -45.357599,-21.8637659993463,0.0 -45.357762,-21.8636069993463,0.0 -45.357827,-21.8633539993463,0.0 -45.35783,-21.8631009993463,0.0 -45.357871,-21.8627909993463,0.0 -45.35801,-21.8625849993463,0.0 -45.358136,-21.8623789993464,0.0 -45.358164,-21.8621379993464,0.0 -45.358167,-21.8618959993464,0.0 -45.358158,-21.8616419993464,0.0 -45.358137,-21.8613769993464,0.0 -45.358103,-21.8611579993464,0.0 -45.358069,-21.8609269993464,0.0 -45.358022,-21.8607079993464,0.0 -45.357964,-21.8604769993464,0.0 -45.357881,-21.8602109993464,0.0 -45.357786,-21.8598989993464,0.0 -45.357753,-21.8596569993464,0.0 -45.357768,-21.8594149993464,0.0 -45.357796,-21.8591969993464,0.0 -45.357873,-21.8589789993464,0.0 -45.357975,-21.8587149993464,0.0 -45.358076,-21.8584979993464,0.0 -45.358227,-21.8583039993465,0.0 -45.358438,-21.8582029993464,0.0 -45.35865,-21.8580779993465,0.0 -45.358739,-21.8578489993465,0.0 -45.358749,-21.8571009993465,0.0 -45.358814,-21.8568709993465,0.0 -45.358965,-21.8566189993465,0.0 -45.359164,-21.8564839993465,0.0 -45.359387,-21.8564059993465,0.0 -45.359634,-21.8564199993465,0.0 -45.359881,-21.8564109993465,0.0 -45.360043,-21.8562289993465,0.0 -45.36012,-21.8559999993465,0.0 -45.360234,-21.8557819993465,0.0 -45.36036,-21.8555759993465,0.0 -45.360474,-21.8553819993465,0.0 -45.360563,-21.8551759993465,0.0 -45.36064,-21.8549579993465,0.0 -45.360717,-21.8547279993465,0.0 -45.360782,-21.8544639993465,0.0 -45.360822,-21.8542339993466,0.0 -45.360912,-21.8539699993465,0.0 -45.360991,-21.8536259993466,0.0 -45.361056,-21.8533619993466,0.0 -45.361171,-21.8530869993466,0.0 -45.361248,-21.8528109993466,0.0 -45.361325,-21.8525819993466,0.0 -45.361415,-21.8523529993466,0.0 -45.361541,-21.8521119993466,0.0 -45.361655,-21.8519059993466,0.0 -45.361781,-21.8516889993466,0.0 -45.361933,-21.8514259993466,0.0 -45.362059,-21.8511849993466,0.0 -45.36221,-21.8509569993466,0.0 -45.362287,-21.8507389993466,0.0 -45.362352,-21.8505089993466,0.0 -45.36249,-21.8503149993466,0.0 -45.362494,-21.8500619993467,0.0 -45.362484,-21.8498319993467,0.0 -45.362451,-21.8495779993467,0.0 -45.362392,-21.8493469993467,0.0 -45.362358,-21.8491279993467,0.0 -45.362361,-21.8488739993467,0.0 -45.362438,-21.8486329993467,0.0 -45.362503,-21.8484149993467,0.0 -45.362531,-21.8481849993467,0.0 -45.36262,-21.8479559993467,0.0 -45.362845,-21.8477169993467,0.0 -45.36302,-21.8475579993467,0.0 -45.363208,-21.8473639993467,0.0 -45.363359,-21.8471349993467,0.0 -45.363485,-21.8469409993467,0.0 -45.363635,-21.8467359993467,0.0 -45.363725,-21.8465059993467,0.0 -45.363765,-21.8462879993467,0.0 -45.363772,-21.8457119993467,0.0 -45.363763,-21.8454929993468,0.0 -45.363655,-21.8452389993468,0.0 -45.363399,-21.8450629993468,0.0 -45.363166,-21.8449569993468,0.0 -45.36292,-21.8448849993468,0.0 -45.362674,-21.8448009993468,0.0 -45.362453,-21.8447179993468,0.0 -45.36222,-21.8446229993468,0.0 -45.361988,-21.8444709993468,0.0 -45.361745,-21.8442029993468,0.0 -45.361562,-21.8440289993468,0.0 -45.361454,-21.8438319993468,0.0 -45.361469,-21.8436009993468,0.0 -45.361485,-21.8433479993468,0.0 -45.361488,-21.8430829993468,0.0 -45.361305,-21.8429429993468,0.0 -45.361085,-21.8428019993468,0.0 -45.360928,-21.8425819993468,0.0 -45.360931,-21.8423519993468,0.0 -45.360971,-21.8421099993468,0.0 -45.361109,-21.8419159993468,0.0 -45.361247,-21.8417329993468,0.0 -45.361238,-21.8415139993469,0.0 -45.361129,-21.8413059993469,0.0 -45.361059,-21.8410629993469,0.0 -45.361074,-21.8408449993469,0.0 -45.361249,-21.8406849993469,0.0 -45.361411,-21.8405149993469,0.0 -45.361525,-21.8403089993469,0.0 -45.361565,-21.8400789993469,0.0 -45.361556,-21.8398479993469,0.0 -45.361509,-21.8396289993469,0.0 -45.361364,-21.8394429993469,0.0 -45.361342,-21.8392239993469,0.0 -45.361355,-21.8382449993469,0.0 -45.361327,-21.8375539993469,0.0 -45.361294,-21.837299999347,0.0 -45.36121,-21.837068999347,0.0 -45.361152,-21.836849999347,0.0 -45.361031,-21.836617999347,0.0 -45.360849,-21.836431999347,0.0 -45.360642,-21.836244999347,0.0 -45.360397,-21.836091999347,0.0 -45.360163,-21.836066999347,0.0 -45.359878,-21.836132999347,0.0 -45.359667,-21.836256999347,0.0 -45.359444,-21.836357999347,0.0 -45.359257,-21.836516999347,0.0 -45.359008,-21.836640999347,0.0 -45.358761,-21.836660999347,0.0 -45.358491,-21.836588999347,0.0 -45.358333,-21.836390999347,0.0 -45.358263,-21.836136999347,0.0 -45.358216,-21.835894999347,0.0 -45.358133,-21.835662999347,0.0 -45.35795,-21.835499999347,0.0 -45.357668,-21.835427999347,0.0 -45.357447,-21.835320999347,0.0 -45.357363,-21.835112999347,0.0 -45.357391,-21.834871999347,0.0 -45.357398,-21.834364999347,0.0 -45.357376,-21.834145999347,0.0 -45.357256,-21.833948999347,0.0 -45.357023,-21.833784999347,0.0 -45.356766,-21.833689999347,0.0 -45.356532,-21.833605999347,0.0 -45.356262,-21.833533999347,0.0 -45.356016,-21.833519999347,0.0 -45.355769,-21.833516999347,0.0 -45.355534,-21.833548999347,0.0 -45.355323,-21.833649999347,0.0 -45.355112,-21.833785999347,0.0 -45.354913,-21.833909999347,0.0 -45.354665,-21.833975999347,0.0 -45.354394,-21.833972999347,0.0 -45.354135,-21.833946999347,0.0 -45.353901,-21.833909999347,0.0 -45.353657,-21.833745999347,0.0 -45.353598,-21.833525999347,0.0 -45.353403,-21.833385999347,0.0 -45.353157,-21.833336999347,0.0 -45.352923,-21.833310999347,0.0 -45.352664,-21.833261999347,0.0 -45.352443,-21.8331789993471,0.0 -45.352385,-21.8329599993471,0.0 -45.352388,-21.8327059993471,0.0 -45.352354,-21.8324749993471,0.0 -45.352233,-21.8322669993471,0.0 -45.352013,-21.8321719993471,0.0 -45.351818,-21.8319969993471,0.0 -45.351747,-21.8317779993471,0.0 -45.351726,-21.8315119993471,0.0 -45.351741,-21.8312819993471,0.0 -45.351782,-21.8309829993471,0.0 -45.351909,-21.8306969993471,0.0 -45.351999,-21.8304559993471,0.0 -45.35199,-21.8302029993471,0.0 -45.351968,-21.8299489993471,0.0 -45.351873,-21.8297059993471,0.0 -45.351815,-21.8294639993471,0.0 -45.351781,-21.8291979993471,0.0 -45.351772,-21.8289449993471,0.0 -45.351788,-21.8286689993472,0.0 -45.351966,-21.8282559993472,0.0 -45.35208,-21.8280499993472,0.0 -45.352095,-21.8278319993472,0.0 -45.352102,-21.8272909993472,0.0 -45.35213,-21.8270719993472,0.0 -45.352232,-21.8268309993472,0.0 -45.352371,-21.8265909993472,0.0 -45.352521,-21.8264199993472,0.0 -45.35277,-21.8262729993472,0.0 -45.352957,-21.8260909993472,0.0 -45.353207,-21.8258289993472,0.0 -45.353383,-21.8256239993472,0.0 -45.353558,-21.8254299993472,0.0 -45.353746,-21.8252139993472,0.0 -45.35386,-21.8250079993472,0.0 -45.354048,-21.8247219993473,0.0 -45.354187,-21.8245279993473,0.0 -45.354337,-21.8243109993473,0.0 -45.354501,-21.8240939993473,0.0 -45.354801,-21.8237519993473,0.0 -45.354988,-21.8236159993473,0.0 -45.3552,-21.8234569993473,0.0 -45.355399,-21.8232979993473,0.0 -45.355551,-21.8230469993473,0.0 -45.355604,-21.8227709993473,0.0 -45.355619,-21.8225409993473,0.0 -45.355659,-21.8222879993473,0.0 -45.35581,-21.8220939993473,0.0 -45.355997,-21.8219579993473,0.0 -45.356208,-21.8218219993473,0.0 -45.35626,-21.8216039993473,0.0 -45.356267,-21.8211439993473,0.0 -45.356356,-21.8209139993473,0.0 -45.356518,-21.8207549993473,0.0 -45.356717,-21.8206189993474,0.0 -45.35677,-21.8203779993474,0.0 -45.356777,-21.8198479993474,0.0 -45.356805,-21.8195949993474,0.0 -45.35687,-21.8193659993474,0.0 -45.356947,-21.8191479993474,0.0 -45.357,-21.8188839993474,0.0 -45.357027,-21.8186649993474,0.0 -45.35703,-21.8184229993474,0.0 -45.356922,-21.8182029993474,0.0 -45.356937,-21.8170859993474,0.0 -45.356953,-21.8168219993474,0.0 -45.356956,-21.8165679993474,0.0 -45.35691,-21.8163379993474,0.0 -45.356864,-21.8160949993475,0.0 -45.356756,-21.8158749993475,0.0 -45.356623,-21.8156889993475,0.0 -45.35649,-21.8154919993475,0.0 -45.356295,-21.8153059993475,0.0 -45.356038,-21.8151299993475,0.0 -45.355831,-21.8149659993475,0.0 -45.35561,-21.8148829993475,0.0 -45.355377,-21.8147999993475,0.0 -45.355069,-21.8147269993475,0.0 -45.354836,-21.8146779993475,0.0 -45.354577,-21.8146289993475,0.0 -45.354369,-21.8145119993475,0.0 -45.354136,-21.8144049993475,0.0 -45.353966,-21.8142419993475,0.0 -45.353784,-21.8140439993475,0.0 -45.353663,-21.8138129993475,0.0 -45.353543,-21.8136149993475,0.0 -45.353472,-21.8133839993475,0.0 -45.353426,-21.8131189993475,0.0 -45.353429,-21.8128769993475,0.0 -45.353383,-21.8126579993475,0.0 -45.353237,-21.8124719993475,0.0 -45.35303,-21.8122849993475,0.0 -45.35286,-21.8121219993475,0.0 -45.352627,-21.8120269993476,0.0 -45.352381,-21.8119089993476,0.0 -45.352124,-21.8118019993476,0.0 -45.351877,-21.8117879993476,0.0 -45.351384,-21.8117819993476,0.0 -45.351126,-21.8117219993476,0.0 -45.350868,-21.8116269993476,0.0 -45.350586,-21.8114969993476,0.0 -45.350268,-21.8113659993476,0.0 -45.349997,-21.8113169993476,0.0 -45.349753,-21.8110949993476,0.0 -45.349595,-21.8109319993476,0.0 -45.34945,-21.8107459993476,0.0 -45.349292,-21.8105599993476,0.0 -45.349147,-21.8103509993476,0.0 -45.348891,-21.8100719993476,0.0 -45.348746,-21.8098749993476,0.0 -45.348564,-21.8096649993476,0.0 -45.348418,-21.8094909993476,0.0 -45.348224,-21.8092929993476,0.0 -45.347968,-21.8090479993476,0.0 -45.347734,-21.8089989993476,0.0 -45.347451,-21.8089379993476,0.0 -45.347144,-21.8088889993476,0.0 -45.346885,-21.8088399993476,0.0 -45.346652,-21.8087789993476,0.0 -45.346406,-21.8087069993476,0.0 -45.346199,-21.8085439993476,0.0 -45.345785,-21.8081469993476,0.0 -45.345628,-21.8079149993477,0.0 -45.345483,-21.8076829993477,0.0 -45.3454,-21.8074399993477,0.0 -45.345367,-21.8071179993477,0.0 -45.345349,-21.8066569993477,0.0 -45.34524,-21.8064479993477,0.0 -45.345182,-21.8062289993477,0.0 -45.344948,-21.8061449993477,0.0 -45.344703,-21.8060729993477,0.0 -45.344545,-21.8058869993477,0.0 -45.344424,-21.8056899993477,0.0 -45.344341,-21.8054469993477,0.0 -45.34427,-21.8052279993477,0.0 -45.34415,-21.8050079993477,0.0 -45.343942,-21.8048899993477,0.0 -45.343696,-21.8048299993477,0.0 -45.34345,-21.8047809993477,0.0 -45.343191,-21.8047549993477,0.0 -45.342933,-21.8047169993477,0.0 -45.342675,-21.8046559993477,0.0 -45.342368,-21.8045719993477,0.0 -45.342098,-21.8044419993477,0.0 -45.341902,-21.8043129993477,0.0 -45.34172,-21.8041619993477,0.0 -45.341525,-21.8039749993477,0.0 -45.341367,-21.8037889993477,0.0 -45.341186,-21.8035219993478,0.0 -45.34104,-21.8033359993478,0.0 -45.340845,-21.8031959993478,0.0 -45.340637,-21.8030199993478,0.0 -45.340454,-21.8028689993478,0.0 -45.340235,-21.8026469993478,0.0 -45.33999,-21.8025869993478,0.0 -45.339756,-21.8025609993478,0.0 -45.339497,-21.8025579993478,0.0 -45.339286,-21.8026709993478,0.0 -45.339111,-21.8028529993478,0.0 -45.33896,-21.8030349993478,0.0 -45.338759,-21.8033209993478,0.0 -45.338682,-21.8035389993478,0.0 -45.33863,-21.8037569993477,0.0 -45.338615,-21.8039759993477,0.0 -45.338574,-21.8042279993477,0.0 -45.338533,-21.8045499993477,0.0 -45.33848,-21.8048259993477,0.0 -45.338403,-21.8050439993477,0.0 -45.338253,-21.8052149993477,0.0 -45.338018,-21.8052239993477,0.0 -45.337747,-21.8051979993477,0.0 -45.337489,-21.8051599993477,0.0 -45.337193,-21.8051219993477,0.0 -45.33696,-21.8050849993477,0.0 -45.336689,-21.8050239993477,0.0 -45.336394,-21.8049279993477,0.0 -45.336087,-21.8048329993477,0.0 -45.335842,-21.8047719993477,0.0 -45.335509,-21.8047569993477,0.0 -45.335238,-21.8047539993477,0.0 -45.335003,-21.8048079993477,0.0 -45.334706,-21.8048739993477,0.0 -45.334434,-21.8049169993477,0.0 -45.333842,-21.8049099993477,0.0 -45.33351,-21.8048599993477,0.0 -45.33319,-21.8047869993477,0.0 -45.33297,-21.8046919993477,0.0 -45.332651,-21.8045159993477,0.0 -45.332418,-21.8044209993477,0.0 -45.332161,-21.8043259993477,0.0 -45.331928,-21.8042309993477,0.0 -45.331719,-21.8041249993477,0.0 -45.331475,-21.8039609993477,0.0 -45.331231,-21.8037739993477,0.0 -45.331011,-21.8036329993478,0.0 -45.33079,-21.8035269993477,0.0 -45.330446,-21.8034879993478,0.0 -45.330189,-21.8033119993478,0.0 -45.329957,-21.8031599993478,0.0 -45.329736,-21.8030419993478,0.0 -45.329541,-21.8029019993478,0.0 -45.329296,-21.8027609993478,0.0 -45.329101,-21.8026319993478,0.0 -45.328869,-21.8024559993478,0.0 -45.328711,-21.8022589993478,0.0 -45.328641,-21.8020049993478,0.0 -45.328656,-21.8017629993478,0.0 -45.328709,-21.8014989993478,0.0 -45.328737,-21.8012569993478,0.0 -45.328777,-21.8009929993478,0.0 -45.328832,-21.8006359993478,0.0 -45.328874,-21.8002449993478,0.0 -45.328878,-21.7999689993478,0.0 -45.328869,-21.7996929993479,0.0 -45.32886,-21.7994279993479,0.0 -45.328802,-21.7991619993479,0.0 -45.328731,-21.7989309993479,0.0 -45.328648,-21.7987109993479,0.0 -45.32854,-21.7984799993479,0.0 -45.328444,-21.7982709993479,0.0 -45.328312,-21.7980049993479,0.0 -45.328154,-21.7978189993479,0.0 -45.327972,-21.7976209993479,0.0 -45.327877,-21.7973889993479,0.0 -45.327806,-21.7971469993479,0.0 -45.327895,-21.7969289993479,0.0 -45.327984,-21.7967229993479,0.0 -45.328176,-21.7966129993479,0.0 -45.328118,-21.7964419993479,0.0 -45.328076,-21.7962859993479,0.0 -45.327907,-21.7960189993479,0.0 -45.327712,-21.7958559993479,0.0 -45.327518,-21.7956689993479,0.0 -45.327237,-21.7954359993479,0.0 -45.327017,-21.7952949993479,0.0 -45.326772,-21.795210999348,0.0 -45.326476,-21.795195999348,0.0 -45.326204,-21.795215999348,0.0 -45.325883,-21.7952699993479,0.0 -45.325624,-21.795289999348,0.0 -45.325389,-21.7953449993479,0.0 -45.325029,-21.7954899993479,0.0 -45.324658,-21.7956239993479,0.0 -45.324422,-21.7957019993479,0.0 -45.324125,-21.7958249993479,0.0 -45.323803,-21.7959129993479,0.0 -45.323543,-21.7959789993479,0.0 -45.323296,-21.7959879993479,0.0 -45.323062,-21.7959969993479,0.0 -45.322803,-21.7960049993479,0.0 -45.322531,-21.7960129993479,0.0 -45.321903,-21.7960059993479,0.0 -45.321484,-21.7959899993479,0.0 -45.321176,-21.7959509993479,0.0 -45.320856,-21.7958789993479,0.0 -45.320574,-21.7958059993479,0.0 -45.320291,-21.7957109993479,0.0 -45.320034,-21.7956269993479,0.0 -45.319652,-21.7955649993479,0.0 -45.319246,-21.7955139993479,0.0 -45.318963,-21.7954879993479,0.0 -45.318716,-21.7954619993479,0.0 -45.318001,-21.7954529993479,0.0 -45.317767,-21.7954849993479,0.0 -45.317482,-21.7955739993479,0.0 -45.317271,-21.7956859993479,0.0 -45.317072,-21.7958109993479,0.0 -45.316599,-21.7961509993479,0.0 -45.316362,-21.7962859993479,0.0 -45.31609,-21.7963859993479,0.0 -45.315841,-21.7965559993479,0.0 -45.315569,-21.7966339993479,0.0 -45.314718,-21.7966239993479,0.0 -45.314472,-21.7965859993479,0.0 -45.314177,-21.7964789993479,0.0 -45.313871,-21.7963259993479,0.0 -45.313676,-21.7961969993479,0.0 -45.313455,-21.7960789993479,0.0 -45.313247,-21.7959729993479,0.0 -45.313014,-21.7958659993479,0.0 -45.312733,-21.7957019993479,0.0 -45.312439,-21.7955489993479,0.0 -45.312145,-21.7954179993479,0.0 -45.311727,-21.7953099993479,0.0 -45.31142,-21.7952369993479,0.0 -45.311149,-21.795221999348,0.0 -45.31084,-21.7952419993479,0.0 -45.310556,-21.7952959993479,0.0 -45.310332,-21.7954539993479,0.0 -45.310145,-21.7955899993479,0.0 -45.309958,-21.7957489993479,0.0 -45.309783,-21.7959089993479,0.0 -45.30962,-21.7961249993479,0.0 -45.309469,-21.7963539993479,0.0 -45.309367,-21.7965599993479,0.0 -45.30924,-21.7968579993479,0.0 -45.309175,-21.7971109993479,0.0 -45.309159,-21.7973979993479,0.0 -45.309082,-21.7976159993479,0.0 -45.308954,-21.7978909993479,0.0 -45.308865,-21.7981319993479,0.0 -45.30875,-21.7984299993479,0.0 -45.30871,-21.7986599993479,0.0 -45.308607,-21.7989689993479,0.0 -45.308542,-21.7992329993479,0.0 -45.308477,-21.7994629993478,0.0 -45.308387,-21.7997149993478,0.0 -45.308297,-21.7999559993478,0.0 -45.30822,-21.8001849993478,0.0 -45.308106,-21.8004029993478,0.0 -45.30793,-21.8006769993478,0.0 -45.307792,-21.8008599993478,0.0 -45.307629,-21.8010539993478,0.0 -45.307454,-21.8012589993478,0.0 -45.307278,-21.8014519993478,0.0 -45.307041,-21.8016449993478,0.0 -45.306855,-21.8017809993478,0.0 -45.306544,-21.8019499993478,0.0 -45.306296,-21.8020739993478,0.0 -45.305986,-21.8022089993478,0.0 -45.305663,-21.8023199993478,0.0 -45.305353,-21.8024539993478,0.0 -45.305031,-21.8025889993478,0.0 -45.304807,-21.8027009993478,0.0 -45.304596,-21.8028019993478,0.0 -45.304373,-21.8029149993478,0.0 -45.304062,-21.8030839993478,0.0 -45.303851,-21.8031959993478,0.0 -45.303552,-21.8033889993478,0.0 -45.303389,-21.8035939993478,0.0 -45.303311,-21.8039269993477,0.0 -45.303135,-21.8041899993477,0.0 -45.302934,-21.8044289993477,0.0 -45.302722,-21.8046339993477,0.0 -45.302558,-21.8048509993477,0.0 -45.302408,-21.8050559993477,0.0 -45.302269,-21.8052499993477,0.0 -45.302143,-21.8054679993477,0.0 -45.302054,-21.8056849993477,0.0 -45.301952,-21.8059149993477,0.0 -45.301862,-21.8061439993477,0.0 -45.301797,-21.8064189993477,0.0 -45.301756,-21.8066839993477,0.0 -45.301741,-21.8069249993477,0.0 -45.301727,-21.8079389993477,0.0 -45.301711,-21.8082259993476,0.0 -45.301596,-21.8084899993476,0.0 -45.301568,-21.8087079993476,0.0 -45.301553,-21.8089379993476,0.0 -45.301536,-21.8092489993476,0.0 -45.301508,-21.8094909993476,0.0 -45.301493,-21.8097319993476,0.0 -45.301427,-21.8100419993476,0.0 -45.301374,-21.8103299993476,0.0 -45.301283,-21.8106159993476,0.0 -45.301205,-21.8109029993476,0.0 -45.301103,-21.8111559993476,0.0 -45.300989,-21.8113959993476,0.0 -45.300837,-21.8116589993476,0.0 -45.300736,-21.8118649993476,0.0 -45.300622,-21.8120599993476,0.0 -45.300496,-21.8122649993475,0.0 -45.300232,-21.8126309993475,0.0 -45.300082,-21.8128129993475,0.0 -45.299905,-21.8130989993475,0.0 -45.299729,-21.8133729993475,0.0 -45.299603,-21.8135669993475,0.0 -45.299452,-21.8137609993475,0.0 -45.299276,-21.8140239993475,0.0 -45.299124,-21.8142759993475,0.0 -45.298973,-21.8145039993475,0.0 -45.298847,-21.8147219993475,0.0 -45.298745,-21.8149389993475,0.0 -45.298656,-21.8151449993475,0.0 -45.298604,-21.8153749993475,0.0 -45.298551,-21.8156279993475,0.0 -45.298449,-21.8159029993475,0.0 -45.298384,-21.8161209993474,0.0 -45.29833,-21.8164769993474,0.0 -45.298289,-21.8167419993474,0.0 -45.298211,-21.8170059993474,0.0 -45.298081,-21.8175569993474,0.0 -45.298064,-21.8178329993474,0.0 -45.297938,-21.8180619993474,0.0 -45.29775,-21.8182779993474,0.0 -45.297426,-21.8185279993474,0.0 -45.297091,-21.8187079993474,0.0 -45.296843,-21.8187859993474,0.0 -45.296522,-21.8187929993474,0.0 -45.296214,-21.8187899993474,0.0 -45.295931,-21.8187289993474,0.0 -45.295698,-21.8186569993474,0.0 -45.29544,-21.8185619993474,0.0 -45.29517,-21.8184659993474,0.0 -45.294753,-21.8182879993474,0.0 -45.294435,-21.8181229993474,0.0 -45.294214,-21.8180059993474,0.0 -45.293859,-21.8178519993474,0.0 -45.293577,-21.8177329993474,0.0 -45.293382,-21.8175469993474,0.0 -45.293249,-21.8173489993474,0.0 -45.293016,-21.8172769993474,0.0 -45.292744,-21.8172739993474,0.0 -45.292496,-21.8173859993474,0.0 -45.292309,-21.8175679993474,0.0 -45.292133,-21.8178079993474,0.0 -45.291945,-21.8180479993474,0.0 -45.291768,-21.8183099993474,0.0 -45.291517,-21.8186299993474,0.0 -45.291329,-21.8188349993474,0.0 -45.29108,-21.8190279993474,0.0 -45.290845,-21.8191169993474,0.0 -45.290597,-21.8191829993474,0.0 -45.290313,-21.8192139993474,0.0 -45.289696,-21.8192069993474,0.0 -45.289439,-21.8190999993474,0.0 -45.289183,-21.8188899993474,0.0 -45.288988,-21.8187259993474,0.0 -45.288806,-21.8185169993474,0.0 -45.288624,-21.8182959993474,0.0 -45.288369,-21.8180049993474,0.0 -45.288211,-21.8178069993474,0.0 -45.288042,-21.8175859993474,0.0 -45.287703,-21.8171099993474,0.0 -45.287401,-21.8166459993474,0.0 -45.287232,-21.8163899993474,0.0 -45.287087,-21.8161469993475,0.0 -45.28693,-21.8159029993475,0.0 -45.286749,-21.8156359993475,0.0 -45.286531,-21.8153569993475,0.0 -45.286288,-21.8151009993475,0.0 -45.285898,-21.8147389993475,0.0 -45.28563,-21.8145289993475,0.0 -45.285191,-21.8141549993475,0.0 -45.284923,-21.8138869993475,0.0 -45.284728,-21.8137349993475,0.0 -45.284497,-21.8135019993475,0.0 -45.284351,-21.8133269993475,0.0 -45.284229,-21.8131942993475,0.0 -45.284169,-21.8131289993475,0.0 -45.283853,-21.8128259993475,0.0 -45.283485,-21.8126489993475,0.0 -45.283228,-21.8124959993475,0.0 -45.282983,-21.8124119993475,0.0 -45.282749,-21.8123979993475,0.0 -45.282453,-21.8123829993475,0.0 -45.282194,-21.8123679993475,0.0 -45.281947,-21.8123649993475,0.0 -45.281688,-21.8124079993475,0.0 -45.281416,-21.8124739993475,0.0 -45.281156,-21.8125169993475,0.0 -45.2808688,-21.8125410993475,0.0 -45.280798,-21.8125469993475,0.0 -45.2807702,-21.8125478993475,0.0 -45.280527,-21.8125559993475,0.0 -45.280267,-21.8125749993475,0.0 -45.27986,-21.8126169993475,0.0 -45.279527,-21.8126359993475,0.0 -45.279242,-21.8126779993475,0.0 -45.278958,-21.8127439993475,0.0 -45.278723,-21.8127639993475,0.0 -45.278477,-21.8127039993475,0.0 -45.278118,-21.8128369993475,0.0 -45.277794,-21.8130519993475,0.0 -45.277533,-21.8132449993475,0.0 -45.277197,-21.8134599993475,0.0 -45.27701,-21.8135959993475,0.0 -45.27681,-21.8137539993475,0.0 -45.276611,-21.8139019993475,0.0 -45.276361,-21.8141519993475,0.0 -45.27616,-21.8143909993475,0.0 -45.275972,-21.8145959993475,0.0 -45.275797,-21.8147669993475,0.0 -45.27556,-21.8149599993475,0.0 -45.27536,-21.8151759993475,0.0 -45.275184,-21.8154049993475,0.0 -45.274983,-21.8157249993475,0.0 -45.274806,-21.8160099993475,0.0 -45.274692,-21.8162159993474,0.0 -45.274565,-21.8165139993474,0.0 -45.274462,-21.8168239993474,0.0 -45.274384,-21.8170529993474,0.0 -45.274332,-21.8172939993474,0.0 -45.274278,-21.8176279993474,0.0 -45.2742,-21.8178919993474,0.0 -45.274123,-21.8181319993474,0.0 -45.274083,-21.8183739993474,0.0 -45.274071,-21.8192139993474,0.0 -45.274055,-21.8194669993474,0.0 -45.273889,-21.8198679993474,0.0 -45.273737,-21.8201659993474,0.0 -45.273636,-21.8203719993474,0.0 -45.273509,-21.8205659993473,0.0 -45.273383,-21.8207719993473,0.0 -45.273196,-21.8209659993473,0.0 -45.272996,-21.8211589993473,0.0 -45.272808,-21.8213179993473,0.0 -45.272547,-21.8215219993473,0.0 -45.27226,-21.8217029993473,0.0 -45.272024,-21.8218499993473,0.0 -45.271812,-21.8219969993473,0.0 -45.271514,-21.8221769993473,0.0 -45.271241,-21.8223009993473,0.0 -45.270992,-21.8224469993473,0.0 -45.27078,-21.8226059993473,0.0 -45.270557,-21.8227299993473,0.0 -45.27012,-21.8230469993473,0.0 -45.269873,-21.8231359993473,0.0 -45.269638,-21.8231679993473,0.0 -45.267776,-21.8231449993473,0.0 -45.267431,-21.8231179993473,0.0 -45.267185,-21.8230579993473,0.0 -45.266953,-21.8228939993473,0.0 -45.266586,-21.8227159993473,0.0 -45.266218,-21.8225159993473,0.0 -45.265961,-21.8224089993473,0.0 -45.265715,-21.8223139993473,0.0 -45.265421,-21.8221959993473,0.0 -45.265188,-21.8220779993473,0.0 -45.264981,-21.8219139993473,0.0 -45.264811,-21.8217619993473,0.0 -45.264591,-21.8215979993473,0.0 -45.264347,-21.8213879993473,0.0 -45.264006,-21.8210609993473,0.0 -45.2638,-21.8208169993474,0.0 -45.26362,-21.8204919993474,0.0 -45.263488,-21.8201909993474,0.0 -45.263333,-21.8198099993474,0.0 -45.263287,-21.8195789993474,0.0 -45.263304,-21.8183469993474,0.0 -45.26332,-21.8180819993474,0.0 -45.263336,-21.8178519993474,0.0 -45.263344,-21.8172649993474,0.0 -45.263298,-21.8170339993474,0.0 -45.26329,-21.8167339993474,0.0 -45.263301,-21.8159279993475,0.0 -45.263255,-21.8156509993475,0.0 -45.263138,-21.8152579993475,0.0 -45.262994,-21.8149109993475,0.0 -45.2628,-21.8146899993475,0.0 -45.26263,-21.8145039993475,0.0 -45.262386,-21.8143049993475,0.0 -45.262092,-21.8141629993475,0.0 -45.261786,-21.8140209993475,0.0 -45.261455,-21.8138789993475,0.0 -45.26121,-21.8137959993475,0.0 -45.260854,-21.8136529993475,0.0 -45.260646,-21.8135469993475,0.0 -45.260425,-21.8134519993475,0.0 -45.260033,-21.8132399993475,0.0 -45.259789,-21.8130869993475,0.0 -45.259644,-21.8129009993475,0.0 -45.259512,-21.8126229993475,0.0 -45.259429,-21.8123919993475,0.0 -45.259409,-21.8120459993475,0.0 -45.259363,-21.8117809993476,0.0 -45.259282,-21.8114459993476,0.0 -45.259235,-21.8112149993476,0.0 -45.259178,-21.8109379993476,0.0 -45.259047,-21.8106019993476,0.0 -45.258965,-21.8102439993476,0.0 -45.258919,-21.8100139993476,0.0 -45.258873,-21.8097939993476,0.0 -45.258815,-21.8095629993476,0.0 -45.258719,-21.8093199993476,0.0 -45.258612,-21.8090889993476,0.0 -45.258455,-21.8088329993476,0.0 -45.258311,-21.8085669993476,0.0 -45.258092,-21.8083219993476,0.0 -45.257873,-21.8081239993476,0.0 -45.257543,-21.8079009993476,0.0 -45.257298,-21.8078059993477,0.0 -45.257052,-21.8077449993477,0.0 -45.256647,-21.8076249993477,0.0 -45.256388,-21.8075869993477,0.0 -45.256092,-21.8075949993477,0.0 -45.25582,-21.8076269993477,0.0 -45.255572,-21.8077269993477,0.0 -45.255325,-21.8077819993477,0.0 -45.25504,-21.8078469993477,0.0 -45.254744,-21.8079129993476,0.0 -45.254337,-21.8079079993477,0.0 -45.254017,-21.8078579993476,0.0 -45.253734,-21.8078079993477,0.0 -45.2535,-21.8077819993477,0.0 -45.25328,-21.8076419993477,0.0 -45.253109,-21.8074779993477,0.0 -45.252914,-21.8073259993477,0.0 -45.252682,-21.8071619993477,0.0 -45.252487,-21.8069869993477,0.0 -45.252293,-21.8067999993477,0.0 -45.252036,-21.8066359993477,0.0 -45.251791,-21.8064949993477,0.0 -45.251422,-21.8064439993477,0.0 -45.251127,-21.8064059993477,0.0 -45.250869,-21.8063339993477,0.0 -45.250599,-21.8062609993477,0.0 -45.250353,-21.8061889993477,0.0 -45.25012,-21.8061169993477,0.0 -45.249912,-21.8060109993477,0.0 -45.249577,-21.8057779993477,0.0 -45.249374,-21.8056179993477,0.0 -45.249151,-21.8054569993477,0.0 -45.248905,-21.8054229993477,0.0 -45.248646,-21.8053309993477,0.0 -45.248412,-21.8052049993477,0.0 -45.248117,-21.8050329993477,0.0 -45.24787,-21.8048949993477,0.0 -45.247661,-21.8047809993477,0.0 -45.247439,-21.8045509993477,0.0 -45.247205,-21.8043219993477,0.0 -45.246946,-21.8040339993477,0.0 -45.246786,-21.8038389993477,0.0 -45.246675,-21.8036319993477,0.0 -45.246552,-21.8034369993478,0.0 -45.246416,-21.8032189993478,0.0 -45.246256,-21.8029549993478,0.0 -45.24612,-21.8027479993478,0.0 -45.245997,-21.8025299993478,0.0 -45.245935,-21.8022429993478,0.0 -45.245812,-21.8018629993478,0.0 -45.245639,-21.8015989993478,0.0 -45.245466,-21.8013699993478,0.0 -45.245294,-21.8011739993478,0.0 -45.245146,-21.8009789993478,0.0 -45.244961,-21.8008189993478,0.0 -45.244776,-21.8006809993478,0.0 -45.244542,-21.8004969993478,0.0 -45.244272,-21.8003819993478,0.0 -45.244013,-21.8002449993478,0.0 -45.243804,-21.8001189993478,0.0 -45.243582,-21.7999919993478,0.0 -45.243323,-21.7999009993478,0.0 -45.243053,-21.7997859993478,0.0 -45.242794,-21.7997059993478,0.0 -45.242548,-21.7996599993478,0.0 -45.242289,-21.7996029993478,0.0 -45.242006,-21.7995459993478,0.0 -45.241711,-21.7995119993478,0.0 -45.241391,-21.7994429993478,0.0 -45.241132,-21.7993739993479,0.0 -45.240886,-21.7993059993479,0.0 -45.240664,-21.7991789993479,0.0 -45.240443,-21.7989379993479,0.0 -45.240307,-21.7986739993479,0.0 -45.240208,-21.7984099993479,0.0 -45.240109,-21.7981689993479,0.0 -45.240035,-21.7979159993479,0.0 -45.239986,-21.7976289993479,0.0 -45.239825,-21.7973409993479,0.0 -45.239763,-21.7969619993479,0.0 -45.239739,-21.7966629993479,0.0 -45.239701,-21.7963989993479,0.0 -45.239639,-21.7961119993479,0.0 -45.239553,-21.7958129993479,0.0 -45.239503,-21.7954799993479,0.0 -45.239503,-21.7952269993479,0.0 -45.239478,-21.795008999348,0.0 -45.239441,-21.794778999348,0.0 -45.239342,-21.794479999348,0.0 -45.239231,-21.794146999348,0.0 -45.239108,-21.793893999348,0.0 -45.238984,-21.793652999348,0.0 -45.238836,-21.793388999348,0.0 -45.238664,-21.793158999348,0.0 -45.238491,-21.792940999348,0.0 -45.238319,-21.792779999348,0.0 -45.23811,-21.792630999348,0.0 -45.237826,-21.792446999348,0.0 -45.237518,-21.792309999348,0.0 -45.237235,-21.792171999348,0.0 -45.236989,-21.792033999348,0.0 -45.236755,-21.791896999348,0.0 -45.236533,-21.791724999348,0.0 -45.236324,-21.791540999348,0.0 -45.236151,-21.791310999348,0.0 -45.235967,-21.791092999348,0.0 -45.235782,-21.7908059993481,0.0 -45.235548,-21.7905879993481,0.0 -45.235387,-21.7903699993481,0.0 -45.235276,-21.7901049993481,0.0 -45.235202,-21.7898869993481,0.0 -45.235128,-21.7896109993481,0.0 -45.235127,-21.7888179993481,0.0 -45.235188,-21.7885309993481,0.0 -45.235324,-21.7882319993481,0.0 -45.235385,-21.7879329993481,0.0 -45.235421,-21.7876339993481,0.0 -45.235446,-21.7873469993481,0.0 -45.235445,-21.7866339993482,0.0 -45.235432,-21.7863009993482,0.0 -45.235395,-21.7859559993482,0.0 -45.235358,-21.7857029993482,0.0 -45.235271,-21.7854509993482,0.0 -45.23516,-21.7851629993482,0.0 -45.235012,-21.7848649993482,0.0 -45.234877,-21.7846349993482,0.0 -45.234716,-21.7844049993482,0.0 -45.234532,-21.7841989993482,0.0 -45.234347,-21.7839689993482,0.0 -45.234113,-21.7837619993482,0.0 -45.233879,-21.7836249993482,0.0 -45.233546,-21.7834409993482,0.0 -45.233312,-21.7833379993482,0.0 -45.233054,-21.7832579993482,0.0 -45.232808,-21.7831769993482,0.0 -45.232549,-21.7830969993482,0.0 -45.232303,-21.7830289993482,0.0 -45.23202,-21.7829479993482,0.0 -45.231737,-21.7829139993482,0.0 -45.231491,-21.7829029993482,0.0 -45.231257,-21.7828689993482,0.0 -45.230949,-21.7828339993482,0.0 -45.230715,-21.7828229993482,0.0 -45.230162,-21.7828239993482,0.0 -45.229928,-21.7828119993482,0.0 -45.229682,-21.7827899993482,0.0 -45.229399,-21.7827209993482,0.0 -45.229177,-21.7826409993482,0.0 -45.228919,-21.7824919993482,0.0 -45.228721,-21.7823189993483,0.0 -45.228537,-21.7821129993483,0.0 -45.228438,-21.7818479993483,0.0 -45.228339,-21.7815499993483,0.0 -45.228228,-21.7812389993483,0.0 -45.228154,-21.7809979993483,0.0 -45.22808,-21.7807679993483,0.0 -45.228006,-21.7805269993483,0.0 -45.227944,-21.7802739993483,0.0 -45.22787,-21.7800329993483,0.0 -45.227808,-21.7797569993483,0.0 -45.227734,-21.7794929993483,0.0 -45.227672,-21.7792399993483,0.0 -45.227573,-21.7788839993483,0.0 -45.227524,-21.7786429993483,0.0 -45.227475,-21.7783899993484,0.0 -45.227376,-21.7779879993484,0.0 -45.227302,-21.7777119993484,0.0 -45.22724,-21.7774249993484,0.0 -45.227178,-21.7771599993484,0.0 -45.22703,-21.7768389993484,0.0 -45.226944,-21.7766319993484,0.0 -45.226833,-21.7764139993484,0.0 -45.226635,-21.7760349993484,0.0 -45.226487,-21.7757819993484,0.0 -45.226167,-21.7753219993484,0.0 -45.22597,-21.7750119993484,0.0 -45.225797,-21.7747939993484,0.0 -45.225539,-21.7746219993484,0.0 -45.225305,-21.7744609993484,0.0 -45.225083,-21.7742659993484,0.0 -45.224898,-21.7740819993485,0.0 -45.224738,-21.7739219993485,0.0 -45.224541,-21.7737489993485,0.0 -45.224332,-21.7735889993485,0.0 -45.224036,-21.7733249993485,0.0 -45.22379,-21.7731179993485,0.0 -45.223605,-21.7729799993485,0.0 -45.223421,-21.7728189993485,0.0 -45.223211,-21.7726699993485,0.0 -45.223027,-21.7725099993485,0.0 -45.222817,-21.7723599993485,0.0 -45.222608,-21.7722229993485,0.0 -45.222386,-21.7719579993485,0.0 -45.222189,-21.7717859993485,0.0 -45.22198,-21.7715909993485,0.0 -45.221746,-21.7714189993485,0.0 -45.221512,-21.7712929993485,0.0 -45.221303,-21.7711549993485,0.0 -45.221019,-21.7710059993485,0.0 -45.220761,-21.7708909993485,0.0 -45.220527,-21.7708109993485,0.0 -45.220232,-21.7707079993485,0.0 -45.219998,-21.7706269993485,0.0 -45.219666,-21.7706159993485,0.0 -45.219419,-21.7705929993485,0.0 -45.219173,-21.7704899993485,0.0 -45.218927,-21.7703979993485,0.0 -45.218619,-21.7702259993486,0.0 -45.218398,-21.7700889993486,0.0 -45.218188,-21.7699849993486,0.0 -45.21793,-21.7698939993486,0.0 -45.217672,-21.7698129993486,0.0 -45.217462,-21.7696869993486,0.0 -45.217228,-21.7695609993486,0.0 -45.216921,-21.7693889993486,0.0 -45.216699,-21.7692629993486,0.0 -45.21649,-21.7691479993486,0.0 -45.216268,-21.7690099993486,0.0 -45.2162286,-21.7689795993486,0.0 -45.216059,-21.7688489993486,0.0 -45.2160159,-21.7688215993486,0.0 -45.215788,-21.7686769993486,0.0 -45.215579,-21.7685389993486,0.0 -45.2155005,-21.7684791993486,0.0 -45.215369,-21.7683789993486,0.0 -45.21516,-21.7682289993486,0.0 -45.214963,-21.7680569993486,0.0 -45.21484,-21.7678619993486,0.0 -45.214667,-21.7677009993486,0.0 -45.214483,-21.7674719993486,0.0 -45.2144195,-21.7674084993486,0.0 -45.21431,-21.7672989993486,0.0 -45.214125,-21.7671499993486,0.0 -45.213978,-21.7669659993486,0.0 -45.213805,-21.7668169993486,0.0 -45.213867,-21.7670929993486,0.0 -45.213978,-21.7672879993486,0.0 -45.214028,-21.7673915993486,0.0 -45.214089,-21.7675179993486,0.0 -45.214224,-21.7677249993486,0.0 -45.214262,-21.7679659993486,0.0 -45.214409,-21.7681839993486,0.0 -45.214557,-21.7683789993486,0.0 -45.214693,-21.7685749993486,0.0 -45.214915,-21.7688849993486,0.0 -45.215062,-21.7690569993486,0.0 -45.21521,-21.7692409993486,0.0 -45.21537,-21.7694589993486,0.0 -45.215457,-21.7696659993486,0.0 -45.215285,-21.7698839993486,0.0 -45.215076,-21.7699989993485,0.0 -45.214842,-21.7699309993486,0.0 -45.214559,-21.7699999993485,0.0 -45.214399,-21.7701609993485,0.0 -45.214362,-21.7703789993485,0.0 -45.214412,-21.7706209993485,0.0 -45.214572,-21.7708499993485,0.0 -45.21472,-21.7710689993485,0.0 -45.214917,-21.7713559993485,0.0 -45.215052,-21.7715739993485,0.0 -45.2152,-21.7717809993485,0.0 -45.215361,-21.7720099993485,0.0 -45.215533,-21.7722059993485,0.0 -45.215705,-21.7723549993485,0.0 -45.215804,-21.7725619993485,0.0 -45.215927,-21.7728259993485,0.0 -45.216014,-21.7730439993485,0.0 -45.216125,-21.7732629993485,0.0 -45.216186,-21.7734809993485,0.0 -45.216236,-21.7737219993485,0.0 -45.216236,-21.7739639993485,0.0 -45.216249,-21.7742159993485,0.0 -45.216187,-21.7744349993484,0.0 -45.215929,-21.7745959993484,0.0 -45.215658,-21.7746879993484,0.0 -45.215425,-21.7747339993484,0.0 -45.215154,-21.7748149993484,0.0 -45.214908,-21.7747919993484,0.0 -45.214674,-21.7747579993484,0.0 -45.214416,-21.7747579993484,0.0 -45.21417,-21.7747469993484,0.0 -45.213862,-21.7747129993484,0.0 -45.213591,-21.7747239993484,0.0 -45.213321,-21.7747249993484,0.0 -45.213075,-21.7747479993484,0.0 -45.212828,-21.7747819993484,0.0 -45.212582,-21.7748059993484,0.0 -45.212398,-21.7749669993484,0.0 -45.212164,-21.7750699993484,0.0 -45.211869,-21.7751849993484,0.0 -45.21166,-21.7753009993484,0.0 -45.211414,-21.7754159993484,0.0 -45.21118,-21.7754849993484,0.0 -45.210959,-21.7755879993484,0.0 -45.210713,-21.7756459993484,0.0 -45.210467,-21.7756689993484,0.0 -45.210208,-21.7756919993484,0.0 -45.209962,-21.7756699993484,0.0 -45.20979,-21.7755089993484,0.0 -45.209654,-21.7752909993484,0.0 -45.20947,-21.7751179993484,0.0 -45.209285,-21.7749809993484,0.0 -45.209039,-21.7749459993484,0.0 -45.208793,-21.7750159993484,0.0 -45.208633,-21.7751769993484,0.0 -45.208473,-21.7753719993484,0.0 -45.208338,-21.7755909993484,0.0 -45.208228,-21.7758089993484,0.0 -45.208105,-21.7760269993484,0.0 -45.208006,-21.7762339993484,0.0 -45.207896,-21.7764639993484,0.0 -45.20781,-21.7766939993484,0.0 -45.207749,-21.7769359993484,0.0 -45.207663,-21.7771429993484,0.0 -45.207503,-21.7773269993484,0.0 -45.207356,-21.7775449993484,0.0 -45.207208,-21.7777409993484,0.0 -45.207024,-21.7779019993484,0.0 -45.20679,-21.7779129993484,0.0 -45.206556,-21.7777869993484,0.0 -45.206359,-21.7776259993484,0.0 -45.206223,-21.7774199993484,0.0 -45.206051,-21.7771439993484,0.0 -45.205915,-21.7769599993484,0.0 -45.20578,-21.7767299993484,0.0 -45.205632,-21.7765579993484,0.0 -45.20541,-21.7764199993484,0.0 -45.205189,-21.7763169993484,0.0 -45.20498,-21.7764209993484,0.0 -45.204721,-21.7764319993484,0.0 -45.204438,-21.7764669993484,0.0 -45.204205,-21.7765129993484,0.0 -45.203971,-21.7766279993484,0.0 -45.203787,-21.7767889993484,0.0 -45.203676,-21.7769959993484,0.0 -45.203639,-21.7772259993484,0.0 -45.203639,-21.7774909993484,0.0 -45.203714,-21.7777549993484,0.0 -45.203824,-21.7779729993484,0.0 -45.203923,-21.7782029993484,0.0 -45.204034,-21.7783979993483,0.0 -45.204182,-21.7787079993483,0.0 -45.204281,-21.7789379993483,0.0 -45.204367,-21.7792019993483,0.0 -45.204404,-21.7794779993483,0.0 -45.204429,-21.7797309993483,0.0 -45.204466,-21.7799839993483,0.0 -45.204466,-21.7802139993483,0.0 -45.20438,-21.7805239993483,0.0 -45.20427,-21.7807999993483,0.0 -45.204123,-21.7810759993483,0.0 -45.203975,-21.7813629993483,0.0 -45.203791,-21.7817429993483,0.0 -45.203631,-21.7820189993483,0.0 -45.203447,-21.7822369993483,0.0 -45.203262,-21.7824329993483,0.0 -45.202955,-21.7826509993483,0.0 -45.202721,-21.7828129993482,0.0 -45.202537,-21.7829619993482,0.0 -45.20234,-21.7831349993482,0.0 -45.202156,-21.7832959993482,0.0 -45.201934,-21.7834799993482,0.0 -45.201787,-21.7836519993482,0.0 -45.201578,-21.7838939993482,0.0 -45.201406,-21.7841009993482,0.0 -45.201246,-21.7842959993482,0.0 -45.201111,-21.7845259993482,0.0 -45.200976,-21.7847789993482,0.0 -45.200853,-21.7850779993482,0.0 -45.200755,-21.7853079993482,0.0 -45.200656,-21.7855489993482,0.0 -45.20057,-21.7857789993482,0.0 -45.200509,-21.7860089993482,0.0 -45.200472,-21.7862279993482,0.0 -45.20046,-21.7864569993482,0.0 -45.200461,-21.7872499993481,0.0 -45.200486,-21.7874799993481,0.0 -45.200535,-21.7879629993481,0.0 -45.20056,-21.7882389993481,0.0 -45.200597,-21.7884919993481,0.0 -45.200708,-21.7886979993481,0.0 -45.200807,-21.7889859993481,0.0 -45.200881,-21.7892839993481,0.0 -45.200943,-21.7895489993481,0.0 -45.201091,-21.7900769993481,0.0 -45.201177,-21.7903069993481,0.0 -45.201264,-21.7905479993481,0.0 -45.201313,-21.7907899993481,0.0 -45.201338,-21.7911339993481,0.0 -45.201424,-21.791340999348,0.0 -45.201523,-21.791547999348,0.0 -45.201659,-21.791777999348,0.0 -45.20177,-21.791984999348,0.0 -45.201917,-21.792167999348,0.0 -45.202102,-21.792340999348,0.0 -45.202324,-21.792477999348,0.0 -45.20257,-21.792558999348,0.0 -45.202816,-21.792477999348,0.0 -45.202939,-21.792247999348,0.0 -45.202951,-21.792029999348,0.0 -45.202951,-21.791776999348,0.0 -45.202877,-21.791523999348,0.0 -45.202679,-21.791109999348,0.0 -45.202581,-21.7908919993481,0.0 -45.202568,-21.7906279993481,0.0 -45.202556,-21.7903859993481,0.0 -45.202506,-21.7901449993481,0.0 -45.202506,-21.7893289993481,0.0 -45.202555,-21.7890879993481,0.0 -45.202702,-21.7888689993481,0.0 -45.202923,-21.7887079993481,0.0 -45.20312,-21.7885589993481,0.0 -45.203391,-21.7885349993481,0.0 -45.203612,-21.7886499993481,0.0 -45.203846,-21.7888679993481,0.0 -45.203982,-21.7890639993481,0.0 -45.204105,-21.7892819993481,0.0 -45.204179,-21.7895229993481,0.0 -45.204253,-21.7897529993481,0.0 -45.204315,-21.7899709993481,0.0 -45.204352,-21.7901899993481,0.0 -45.204426,-21.7904189993481,0.0 -45.204574,-21.7906029993481,0.0 -45.204746,-21.7907529993481,0.0 -45.205017,-21.7908559993481,0.0 -45.205263,-21.7908899993481,0.0 -45.205522,-21.790981999348,0.0 -45.20578,-21.791118999348,0.0 -45.20599,-21.791222999348,0.0 -45.206199,-21.791348999348,0.0 -45.206445,-21.791520999348,0.0 -45.206618,-21.791704999348,0.0 -45.20668,-21.791934999348,0.0 -45.20668,-21.792164999348,0.0 -45.206495,-21.792348999348,0.0 -45.206249,-21.792440999348,0.0 -45.205966,-21.792486999348,0.0 -45.205634,-21.792521999348,0.0 -45.205376,-21.792567999348,0.0 -45.205154,-21.792705999348,0.0 -45.204921,-21.792820999348,0.0 -45.20465,-21.792912999348,0.0 -45.204404,-21.792970999348,0.0 -45.204232,-21.793119999348,0.0 -45.203998,-21.793338999348,0.0 -45.203838,-21.793557999348,0.0 -45.203703,-21.793844999348,0.0 -45.203666,-21.794074999348,0.0 -45.20363,-21.794338999348,0.0 -45.203605,-21.794557999348,0.0 -45.203556,-21.794798999348,0.0 -45.20352,-21.795028999348,0.0 -45.203446,-21.795258999348,0.0 -45.20336,-21.7954889993479,0.0 -45.203237,-21.7956839993479,0.0 -45.203028,-21.7958109993479,0.0 -45.202856,-21.7960289993479,0.0 -45.202696,-21.7962249993479,0.0 -45.202659,-21.7964659993479,0.0 -45.202672,-21.7967189993479,0.0 -45.202832,-21.7968909993479,0.0 -45.203041,-21.7970289993479,0.0 -45.203275,-21.7971549993479,0.0 -45.203485,-21.7973269993479,0.0 -45.203596,-21.7975459993479,0.0 -45.203621,-21.7977989993479,0.0 -45.203621,-21.7980279993479,0.0 -45.203486,-21.7982579993479,0.0 -45.203313,-21.7984539993479,0.0 -45.203055,-21.7985459993479,0.0 -45.202735,-21.7985579993479,0.0 -45.202452,-21.7985239993479,0.0 -45.202181,-21.7984089993479,0.0 -45.20196,-21.7982599993479,0.0 -45.20175,-21.7980529993479,0.0 -45.201529,-21.7978459993479,0.0 -45.201356,-21.7976389993479,0.0 -45.201184,-21.7973979993479,0.0 -45.200986,-21.7972259993479,0.0 -45.200777,-21.7970419993479,0.0 -45.200506,-21.7968129993479,0.0 -45.200321,-21.7966519993479,0.0 -45.200014,-21.7964909993479,0.0 -45.199804,-21.7963299993479,0.0 -45.199546,-21.7961469993479,0.0 -45.199312,-21.7959739993479,0.0 -45.199102,-21.7958479993479,0.0 -45.198844,-21.7957789993479,0.0 -45.19861,-21.7958139993479,0.0 -45.19834,-21.7959519993479,0.0 -45.198118,-21.7961019993479,0.0 -45.19786,-21.7962629993479,0.0 -45.197614,-21.7963549993479,0.0 -45.197331,-21.7964469993479,0.0 -45.197085,-21.7965159993479,0.0 -45.196826,-21.7965619993479,0.0 -45.196593,-21.7966199993479,0.0 -45.196347,-21.7966779993479,0.0 -45.1961,-21.7967469993479,0.0 -45.195805,-21.7968049993479,0.0 -45.19551,-21.7968049993479,0.0 -45.195178,-21.7969199993479,0.0 -45.194882,-21.7969089993479,0.0 -45.194648,-21.7968629993479,0.0 -45.194415,-21.7967709993479,0.0 -45.194144,-21.7966679993479,0.0 -45.193762,-21.7965419993479,0.0 -45.193504,-21.7964379993479,0.0 -45.193147,-21.7963239993479,0.0 -45.1929,-21.7962549993479,0.0 -45.192703,-21.7961289993479,0.0 -45.192433,-21.7960479993479,0.0 -45.192162,-21.7960489993479,0.0 -45.191916,-21.7960369993479,0.0 -45.191657,-21.7961869993479,0.0 -45.191571,-21.7964399993479,0.0 -45.191547,-21.7966699993479,0.0 -45.191547,-21.7969339993479,0.0 -45.191572,-21.7971869993479,0.0 -45.191658,-21.7974629993479,0.0 -45.191646,-21.7977959993479,0.0 -45.19161,-21.7980259993479,0.0 -45.191585,-21.7982559993479,0.0 -45.191499,-21.7984969993479,0.0 -45.191339,-21.7987159993479,0.0 -45.191106,-21.7988419993479,0.0 -45.19086,-21.7988999993479,0.0 -45.190626,-21.7989229993479,0.0 -45.190343,-21.7989229993479,0.0 -45.190109,-21.7989349993479,0.0 -45.189863,-21.7989459993479,0.0 -45.189605,-21.7990159993479,0.0 -45.189457,-21.7991879993479,0.0 -45.189346,-21.7993949993479,0.0 -45.189236,-21.7995899993478,0.0 -45.189174,-21.7998319993478,0.0 -45.189101,-21.8000499993478,0.0 -45.188904,-21.8001879993478,0.0 -45.188719,-21.8003489993478,0.0 -45.188535,-21.8005219993478,0.0 -45.188375,-21.8007059993478,0.0 -45.188006,-21.8009819993478,0.0 -45.187809,-21.8011079993478,0.0 -45.187588,-21.8012699993478,0.0 -45.187379,-21.8014419993478,0.0 -45.187219,-21.8016259993478,0.0 -45.187084,-21.8018099993478,0.0 -45.186899,-21.8020059993478,0.0 -45.186727,-21.8022129993478,0.0 -45.186641,-21.8024879993478,0.0 -45.186543,-21.8027179993478,0.0 -45.186432,-21.8029369993478,0.0 -45.186297,-21.8031779993478,0.0 -45.186211,-21.8033849993477,0.0 -45.186039,-21.8037189993478,0.0 -45.185892,-21.8039709993477,0.0 -45.185781,-21.8041669993477,0.0 -45.185671,-21.8043969993477,0.0 -45.185535,-21.8046039993477,0.0 -45.185363,-21.8047529993477,0.0 -45.185253,-21.8049719993477,0.0 -45.185167,-21.8052019993477,0.0 -45.185031,-21.8054089993477,0.0 -45.184859,-21.8055809993477,0.0 -45.184625,-21.8056499993477,0.0 -45.184367,-21.8056619993477,0.0 -45.183813,-21.8056619993477,0.0 -45.183555,-21.8056399993477,0.0 -45.183309,-21.8056169993477,0.0 -45.18305,-21.8056169993477,0.0 -45.182779,-21.8056629993477,0.0 -45.182533,-21.8057439993477,0.0 -45.182349,-21.8058819993477,0.0 -45.182177,-21.8060769993477,0.0 -45.182091,-21.8062839993477,0.0 -45.182078,-21.8065019993477,0.0 -45.182079,-21.8067669993477,0.0 -45.182116,-21.8070079993477,0.0 -45.182239,-21.8072029993477,0.0 -45.182424,-21.8073759993477,0.0 -45.182645,-21.8075249993477,0.0 -45.182867,-21.8077429993476,0.0 -45.183175,-21.8079609993476,0.0 -45.183483,-21.8080879993476,0.0 -45.183717,-21.8081559993476,0.0 -45.184012,-21.8082479993476,0.0 -45.184271,-21.8083399993476,0.0 -45.184603,-21.8084549993476,0.0 -45.184898,-21.8085579993476,0.0 -45.185157,-21.8086149993476,0.0 -45.18544,-21.8085919993476,0.0 -45.185711,-21.8085459993476,0.0 -45.187434,-21.8085449993476,0.0 -45.187667,-21.8085559993476,0.0 -45.188012,-21.8086019993476,0.0 -45.188295,-21.8086239993476,0.0 -45.188541,-21.8087159993476,0.0 -45.188849,-21.8088769993476,0.0 -45.189071,-21.8089919993476,0.0 -45.189342,-21.8091519993476,0.0 -45.189551,-21.8092789993476,0.0 -45.18976,-21.8094849993476,0.0 -45.189945,-21.8096459993476,0.0 -45.190118,-21.8098299993476,0.0 -45.190302,-21.8100249993476,0.0 -45.190795,-21.8103469993476,0.0 -45.191103,-21.8105189993476,0.0 -45.191349,-21.8106799993476,0.0 -45.191595,-21.8107939993476,0.0 -45.191866,-21.8109549993476,0.0 -45.192076,-21.8110699993476,0.0 -45.19231,-21.8112309993476,0.0 -45.192531,-21.8114259993476,0.0 -45.192679,-21.8117479993476,0.0 -45.192741,-21.8119659993476,0.0 -45.192778,-21.8121839993475,0.0 -45.192778,-21.8124369993475,0.0 -45.192741,-21.8126549993475,0.0 -45.192569,-21.8128739993475,0.0 -45.192397,-21.8130459993475,0.0 -45.192176,-21.8132529993475,0.0 -45.192016,-21.8134139993475,0.0 -45.191831,-21.8135519993475,0.0 -45.19161,-21.8136559993475,0.0 -45.191315,-21.8137479993475,0.0 -45.191044,-21.8138629993475,0.0 -45.190823,-21.8140129993475,0.0 -45.190601,-21.8141509993475,0.0 -45.190404,-21.8143119993475,0.0 -45.190257,-21.8144849993475,0.0 -45.190072,-21.8146689993475,0.0 -45.1899,-21.8148409993475,0.0 -45.189728,-21.8150709993475,0.0 -45.18963,-21.8153009993475,0.0 -45.189618,-21.8155189993475,0.0 -45.189618,-21.8157719993475,0.0 -45.189704,-21.8160129993475,0.0 -45.189815,-21.8162199993474,0.0 -45.189963,-21.8163929993474,0.0 -45.190172,-21.8165879993474,0.0 -45.190332,-21.8167719993474,0.0 -45.190566,-21.8168749993474,0.0 -45.190776,-21.8169899993474,0.0 -45.190997,-21.8171039993474,0.0 -45.191219,-21.8172419993474,0.0 -45.191416,-21.8174029993474,0.0 -45.191527,-21.8175979993474,0.0 -45.191527,-21.8178509993474,0.0 -45.191367,-21.8181039993474,0.0 -45.1912995,-21.8181959993474,0.0 -45.191232,-21.8182879993474,0.0 -45.190998,-21.8183799993474,0.0 -45.190703,-21.8183919993474,0.0 -45.19042,-21.8183919993474,0.0 -45.190149,-21.8184839993474,0.0 -45.189915,-21.8185529993474,0.0 -45.189657,-21.8185529993474,0.0 -45.189398,-21.8185649993474,0.0 -45.189005,-21.8185769993474,0.0 -45.188697,-21.8185889993474,0.0 -45.188389,-21.8185889993474,0.0 -45.188032,-21.8185999993474,0.0 -45.187786,-21.8186349993474,0.0 -45.18754,-21.8186809993474,0.0 -45.187171,-21.8187389993474,0.0 -45.186937,-21.8188079993474,0.0 -45.186629,-21.8188889993474,0.0 -45.186359,-21.8189919993474,0.0 -45.186113,-21.8191419993474,0.0 -45.185928,-21.8192799993474,0.0 -45.185731,-21.8194529993474,0.0 -45.185448,-21.8195679993474,0.0 -45.185202,-21.8196939993474,0.0 -45.185018,-21.8198669993474,0.0 -45.184833,-21.8200739993474,0.0 -45.184661,-21.8203039993473,0.0 -45.18444,-21.8205449993473,0.0 -45.184231,-21.8207519993473,0.0 -45.184058,-21.8209589993473,0.0 -45.183874,-21.8211889993473,0.0 -45.183702,-21.8214079993473,0.0 -45.183554,-21.8216029993473,0.0 -45.183358,-21.8218329993473,0.0 -45.183222,-21.8220289993473,0.0 -45.183087,-21.8222699993473,0.0 -45.18289,-21.8224769993473,0.0 -45.182718,-21.8226719993473,0.0 -45.182558,-21.8228909993473,0.0 -45.182349,-21.8230979993473,0.0 -45.182177,-21.8232819993473,0.0 -45.181993,-21.8234659993473,0.0 -45.181783,-21.8236269993473,0.0 -45.181587,-21.8237769993473,0.0 -45.181365,-21.8238799993473,0.0 -45.181156,-21.8240299993473,0.0 -45.180873,-21.8242139993473,0.0 -45.180652,-21.8244089993473,0.0 -45.180479,-21.8245819993472,0.0 -45.180307,-21.8247659993472,0.0 -45.18016,-21.8249959993472,0.0 -45.180037,-21.8252139993472,0.0 -45.179938,-21.8254329993472,0.0 -45.17984,-21.8257079993472,0.0 -45.179816,-21.8262829993472,0.0 -45.179804,-21.8265469993472,0.0 -45.179804,-21.8273289993472,0.0 -45.179792,-21.8276049993472,0.0 -45.179731,-21.8278809993472,0.0 -45.179608,-21.8280989993472,0.0 -45.17946,-21.8283059993472,0.0 -45.179251,-21.8285359993472,0.0 -45.179091,-21.8287199993472,0.0 -45.17887,-21.8289039993471,0.0 -45.178686,-21.8290769993471,0.0 -45.178464,-21.8292489993471,0.0 -45.17828,-21.8293869993471,0.0 -45.178058,-21.8296399993471,0.0 -45.177787,-21.8298359993471,0.0 -45.177652,-21.8300309993471,0.0 -45.177406,-21.8301689993471,0.0 -45.177135,-21.8302959993471,0.0 -45.176889,-21.8304339993471,0.0 -45.176656,-21.8305719993471,0.0 -45.176311,-21.8307449993471,0.0 -45.176003,-21.8308709993471,0.0 -45.175782,-21.8309749993471,0.0 -45.175536,-21.8309749993471,0.0 -45.175253,-21.8310549993471,0.0 -45.175043,-21.8311819993471,0.0 -45.174847,-21.8313659993471,0.0 -45.174662,-21.8315269993471,0.0 -45.174465,-21.8316879993471,0.0 -45.174244,-21.8318949993471,0.0 -45.173998,-21.8321019993471,0.0 -45.173838,-21.8322629993471,0.0 -45.173616,-21.8324929993471,0.0 -45.173174,-21.8329069993471,0.0 -45.172965,-21.833113999347,0.0 -45.172817,-21.833297999347,0.0 -45.172645,-21.833492999347,0.0 -45.17246,-21.833676999347,0.0 -45.172239,-21.833860999347,0.0 -45.172017,-21.833987999347,0.0 -45.171808,-21.834091999347,0.0 -45.171439,-21.834240999347,0.0 -45.171193,-21.834309999347,0.0 -45.170873,-21.834355999347,0.0 -45.170614,-21.834344999347,0.0 -45.16974,-21.834345999347,0.0 -45.16942,-21.834356999347,0.0 -45.169174,-21.834379999347,0.0 -45.16894,-21.834414999347,0.0 -45.168694,-21.834449999347,0.0 -45.16846,-21.834495999347,0.0 -45.168202,-21.834656999347,0.0 -45.167919,-21.834759999347,0.0 -45.167599,-21.834817999347,0.0 -45.167279,-21.834840999347,0.0 -45.166959,-21.834875999347,0.0 -45.166663,-21.834910999347,0.0 -45.166368,-21.834990999347,0.0 -45.166134,-21.835025999347,0.0 -45.165888,-21.835059999347,0.0 -45.165592,-21.835025999347,0.0 -45.165359,-21.835106999347,0.0 -45.165112,-21.835209999347,0.0 -45.164891,-21.835324999347,0.0 -45.164645,-21.835451999347,0.0 -45.164423,-21.835589999347,0.0 -45.164202,-21.835784999347,0.0 -45.16403,-21.835934999347,0.0 -45.16382,-21.836118999347,0.0 -45.163611,-21.836290999347,0.0 -45.163451,-21.836474999347,0.0 -45.163205,-21.836693999347,0.0 -45.163045,-21.836934999347,0.0 -45.162873,-21.837130999347,0.0 -45.162701,-21.8373379993469,0.0 -45.162553,-21.8375099993469,0.0 -45.162357,-21.8377629993469,0.0 -45.162086,-21.8381999993469,0.0 -45.161938,-21.8384299993469,0.0 -45.161766,-21.8386479993469,0.0 -45.161582,-21.8388439993469,0.0 -45.161397,-21.8391079993469,0.0 -45.161213,-21.8392809993469,0.0 -45.160979,-21.8394529993469,0.0 -45.160733,-21.8395799993469,0.0 -45.160548,-21.8397179993469,0.0 -45.160191,-21.8400509993469,0.0 -45.159945,-21.8403159993469,0.0 -45.159748,-21.8405109993469,0.0 -45.159589,-21.8406949993469,0.0 -45.159478,-21.8408909993469,0.0 -45.159195,-21.8410629993469,0.0 -45.15901,-21.8412589993469,0.0 -45.158752,-21.8414889993468,0.0 -45.158506,-21.8416729993468,0.0 -45.158284,-21.8417759993468,0.0 -45.158088,-21.8420749993468,0.0 -45.157965,-21.8422819993468,0.0 -45.157854,-21.8425119993468,0.0 -45.157756,-21.8427759993468,0.0 -45.157682,-21.8430179993468,0.0 -45.157633,-21.8433279993468,0.0 -45.157559,-21.8435579993468,0.0 -45.157485,-21.8438339993468,0.0 -45.157412,-21.8440749993468,0.0 -45.157313,-21.8443739993468,0.0 -45.157203,-21.8446499993468,0.0 -45.157043,-21.8449139993468,0.0 -45.156858,-21.8451099993468,0.0 -45.156661,-21.8452819993468,0.0 -45.156464,-21.8454429993468,0.0 -45.156218,-21.8456159993467,0.0 -45.155948,-21.8457879993467,0.0 -45.155665,-21.8458919993467,0.0 -45.155345,-21.8461099993467,0.0 -45.155172,-21.8462599993467,0.0 -45.154914,-21.8464549993467,0.0 -45.154692,-21.8466279993467,0.0 -45.154532,-21.8467889993467,0.0 -45.154348,-21.8469959993467,0.0 -45.1542,-21.8472139993467,0.0 -45.15404,-21.8474439993467,0.0 -45.153893,-21.8476859993467,0.0 -45.153696,-21.8479729993467,0.0 -45.153561,-21.8482029993467,0.0 -45.153401,-21.8483749993467,0.0 -45.153167,-21.8485019993467,0.0 -45.152982,-21.8486399993467,0.0 -45.152785,-21.8488009993467,0.0 -45.152589,-21.8489729993467,0.0 -45.152416,-21.8491569993467,0.0 -45.152244,-21.8494099993467,0.0 -45.152047,-21.8496859993466,0.0 -45.151838,-21.8499619993467,0.0 -45.151678,-21.8502149993466,0.0 -45.151481,-21.8504569993466,0.0 -45.151272,-21.8506979993466,0.0 -45.151112,-21.8508699993466,0.0 -45.150817,-21.8511459993466,0.0 -45.150657,-21.8513189993466,0.0 -45.150399,-21.8515599993466,0.0 -45.150214,-21.8517559993466,0.0 -45.149993,-21.8519739993466,0.0 -45.149845,-21.8521469993466,0.0 -45.149722,-21.8523419993466,0.0 -45.149623,-21.8525489993466,0.0 -45.149525,-21.8528359993466,0.0 -45.149402,-21.8531349993466,0.0 -45.149328,-21.8534229993466,0.0 -45.149292,-21.8536979993466,0.0 -45.14928,-21.8539739993466,0.0 -45.14928,-21.8552849993465,0.0 -45.149256,-21.8555489993465,0.0 -45.149219,-21.8557789993465,0.0 -45.149121,-21.8560429993465,0.0 -45.149022,-21.8563299993465,0.0 -45.148973,-21.8565599993465,0.0 -45.148924,-21.8569169993465,0.0 -45.148887,-21.8571579993465,0.0 -45.148863,-21.8573759993465,0.0 -45.148826,-21.8576289993465,0.0 -45.148764,-21.8579859993465,0.0 -45.148678,-21.8582609993465,0.0 -45.148592,-21.8584909993464,0.0 -45.148506,-21.8587099993464,0.0 -45.148334,-21.8589859993464,0.0 -45.148174,-21.8591929993464,0.0 -45.147977,-21.8593309993464,0.0 -45.147756,-21.8594109993464,0.0 -45.147509,-21.8595609993464,0.0 -45.147313,-21.8596869993464,0.0 -45.147153,-21.8598599993464,0.0 -45.147005,-21.8600779993464,0.0 -45.14687,-21.8602619993464,0.0 -45.146759,-21.8604569993464,0.0 -45.146587,-21.8606529993464,0.0 -45.146488,-21.8608709993464,0.0 -45.146341,-21.8610439993464,0.0 -45.146242,-21.8612619993464,0.0 -45.146132,-21.8614919993464,0.0 -45.146009,-21.8617219993464,0.0 -45.145824,-21.8619519993464,0.0 -45.145602,-21.8621129993464,0.0 -45.145369,-21.8622509993464,0.0 -45.145221,-21.8624229993464,0.0 -45.145061,-21.8625839993463,0.0 -45.144913,-21.8628029993463,0.0 -45.144753,-21.8629979993463,0.0 -45.144581,-21.8632049993463,0.0 -45.144433,-21.8634469993463,0.0 -45.144323,-21.8636759993463,0.0 -45.1442,-21.8638829993463,0.0 -45.144052,-21.8641129993463,0.0 -45.143892,-21.8642969993463,0.0 -45.143818,-21.8645159993463,0.0 -45.143683,-21.8647229993463,0.0 -45.14356,-21.8649289993463,0.0 -45.143412,-21.8651359993463,0.0 -45.143191,-21.8653549993463,0.0 -45.143043,-21.8655729993463,0.0 -45.142883,-21.8657459993463,0.0 -45.142748,-21.8659299993463,0.0 -45.1426,-21.8661479993463,0.0 -45.142465,-21.8663439993463,0.0 -45.142305,-21.8665499993463,0.0 -45.142133,-21.8667799993462,0.0 -45.141985,-21.8669989993462,0.0 -45.141887,-21.8672399993462,0.0 -45.141801,-21.8674699993462,0.0 -45.141702,-21.8676769993462,0.0 -45.141998,-21.8680329993462,0.0 -45.142219,-21.8681709993462,0.0 -45.142503,-21.8683429993462,0.0 -45.142737,-21.8684349993462,0.0 -45.142971,-21.8685499993462,0.0 -45.143192,-21.8686649993462,0.0 -45.143414,-21.8687449993462,0.0 -45.143747,-21.8688139993462,0.0 -45.144054,-21.8688829993462,0.0 -45.144301,-21.8689169993462,0.0 -45.144572,-21.8689629993462,0.0 -45.144855,-21.8690549993462,0.0 -45.145089,-21.8691349993462,0.0 -45.145347,-21.8692039993462,0.0 -45.145704,-21.8692839993462,0.0 -45.146061,-21.8692959993462,0.0 -45.146332,-21.8694099993462,0.0 -45.146628,-21.8696519993462,0.0 -45.146813,-21.8697899993462,0.0 -45.147022,-21.8699499993462,0.0 -45.147207,-21.8701109993462,0.0 -45.147367,-21.8703059993462,0.0 -45.147589,-21.8707429993462,0.0 -45.147688,-21.8709609993461,0.0 -45.147774,-21.8711679993461,0.0 -45.147823,-21.8714099993461,0.0 -45.14791,-21.8716509993461,0.0 -45.147971,-21.8718689993461,0.0 -45.148008,-21.8721449993461,0.0 -45.148107,-21.8724319993461,0.0 -45.148156,-21.8726849993461,0.0 -45.148193,-21.8729719993461,0.0 -45.148304,-21.8731789993461,0.0 -45.148514,-21.8732829993461,0.0 -45.148735,-21.8733969993461,0.0 -45.1488232,-21.8734751993461,0.0 -45.1488917,-21.8735358993461,0.0 -45.148982,-21.8736159993461,0.0 -45.149203,-21.8737879993461,0.0 -45.149425,-21.8740289993461,0.0 -45.14961,-21.8741899993461,0.0 -45.149819,-21.8743159993461,0.0 -45.150053,-21.8744429993461,0.0 -45.150275,-21.8745579993461,0.0 -45.150521,-21.8746609993461,0.0 -45.150792,-21.8747759993461,0.0 -45.151051,-21.8748559993461,0.0 -45.151334,-21.8749709993461,0.0 -45.151617,-21.875050999346,0.0 -45.151876,-21.875107999346,0.0 -45.152122,-21.8751429993461,0.0 -45.15243,-21.875153999346,0.0 -45.152812,-21.8751649993461,0.0 -45.15307,-21.8751649993461,0.0 -45.153464,-21.8750959993461,0.0 -45.153723,-21.8750619993461,0.0 -45.153969,-21.8750499993461,0.0 -45.154991,-21.8750489993461,0.0 -45.155238,-21.875060999346,0.0 -45.155496,-21.8750839993461,0.0 -45.155742,-21.875129999346,0.0 -45.156075,-21.875266999346,0.0 -45.156358,-21.875370999346,0.0 -45.156654,-21.875473999346,0.0 -45.1569,-21.875565999346,0.0 -45.157159,-21.875680999346,0.0 -45.157528,-21.875829999346,0.0 -45.157811,-21.875921999346,0.0 -45.158095,-21.876024999346,0.0 -45.158366,-21.876081999346,0.0 -45.158612,-21.876081999346,0.0 -45.15892,-21.876127999346,0.0 -45.159203,-21.876207999346,0.0 -45.159499,-21.876310999346,0.0 -45.159782,-21.876425999346,0.0 -45.16041,-21.876735999346,0.0 -45.160619,-21.876850999346,0.0 -45.160853,-21.877068999346,0.0 -45.161223,-21.877332999346,0.0 -45.161482,-21.877493999346,0.0 -45.161716,-21.877620999346,0.0 -45.16195,-21.877757999346,0.0 -45.162147,-21.877895999346,0.0 -45.162455,-21.878056999346,0.0 -45.162763,-21.878194999346,0.0 -45.162972,-21.878297999346,0.0 -45.163292,-21.878435999346,0.0 -45.163588,-21.878572999346,0.0 -45.163884,-21.878722999346,0.0 -45.164167,-21.878859999346,0.0 -45.164426,-21.879009999346,0.0 -45.164672,-21.879146999346,0.0 -45.164943,-21.8792849993459,0.0 -45.165201,-21.8794119993459,0.0 -45.165448,-21.8795379993459,0.0 -45.165682,-21.8797099993459,0.0 -45.165891,-21.8800199993459,0.0 -45.166039,-21.8802159993459,0.0 -45.166236,-21.8804679993459,0.0 -45.166384,-21.8806749993459,0.0 -45.166606,-21.8808359993459,0.0 -45.166865,-21.8809849993459,0.0 -45.167234,-21.8811799993459,0.0 -45.16753,-21.8813069993459,0.0 -45.168146,-21.8814899993459,0.0 -45.168762,-21.8817199993459,0.0 -45.169008,-21.8818229993459,0.0 -45.169353,-21.8819609993459,0.0 -45.169636,-21.8820639993459,0.0 -45.169944,-21.8821669993459,0.0 -45.170252,-21.8822589993459,0.0 -45.170474,-21.8823389993459,0.0 -45.170794,-21.8823849993459,0.0 -45.171114,-21.8824079993459,0.0 -45.171508,-21.8825109993459,0.0 -45.171754,-21.8825799993459,0.0 -45.172112,-21.8826599993459,0.0 -45.172419,-21.8827629993459,0.0 -45.172715,-21.8828549993459,0.0 -45.173023,-21.8829579993459,0.0 -45.173343,-21.8830619993459,0.0 -45.173639,-21.8831419993459,0.0 -45.173947,-21.8832339993459,0.0 -45.174242,-21.8833369993458,0.0 -45.174624,-21.8834629993458,0.0 -45.174907,-21.8835549993459,0.0 -45.175141,-21.8836579993458,0.0 -45.175474,-21.8838419993458,0.0 -45.175733,-21.8840949993458,0.0 -45.175979,-21.8842549993458,0.0 -45.176262,-21.8844159993458,0.0 -45.176546,-21.8845539993458,0.0 -45.176928,-21.8847719993458,0.0 -45.177223,-21.8849209993458,0.0 -45.177482,-21.8850469993458,0.0 -45.177778,-21.8852079993458,0.0 -45.178061,-21.8853339993458,0.0 -45.17832,-21.8854149993458,0.0 -45.178529,-21.8855749993458,0.0 -45.178763,-21.8857589993458,0.0 -45.1789222,-21.8858987993458,0.0 -45.1789433,-21.8859173993458,0.0 -45.178985,-21.8859539993458,0.0 -45.1790545,-21.8860124993458,0.0 -45.1790727,-21.8860277993458,0.0 -45.179231,-21.8861609993458,0.0 -45.179465,-21.8863559993458,0.0 -45.17981,-21.8866549993458,0.0 -45.1800135,-21.8868444993458,0.0 -45.180217,-21.8870339993458,0.0 -45.180464,-21.8872409993458,0.0 -45.180661,-21.8874819993458,0.0 -45.180821,-21.8876429993458,0.0 -45.180993,-21.8877919993458,0.0 -45.1812973,-21.8880191993457,0.0 -45.181301,-21.8880219993457,0.0 -45.1813037,-21.8880241993457,0.0 -45.1813167,-21.8880345993457,0.0 -45.1814318,-21.8881273993457,0.0 -45.181486,-21.8881709993457,0.0 -45.1815089,-21.8881887993457,0.0 -45.181782,-21.8884009993457,0.0 -45.181967,-21.8885499993457,0.0 -45.182238,-21.8887449993457,0.0 -45.182484,-21.8889749993457,0.0 -45.182681,-21.8891239993457,0.0 -45.182879,-21.8893769993457,0.0 -45.18299,-21.8895949993457,0.0 -45.183125,-21.8897789993457,0.0 -45.183384,-21.8899849993457,0.0 -45.183778,-21.8902609993457,0.0 -45.184037,-21.8904559993457,0.0 -45.184357,-21.8907319993457,0.0 -45.184616,-21.8909269993457,0.0 -45.184863,-21.8911219993457,0.0 -45.185257,-21.8913629993457,0.0 -45.185466,-21.8916049993457,0.0 -45.185664,-21.8918109993457,0.0 -45.185848,-21.8919949993457,0.0 -45.186046,-21.8921789993456,0.0 -45.186304,-21.8923859993456,0.0 -45.186563,-21.8925689993456,0.0 -45.18681,-21.8927299993456,0.0 -45.187093,-21.8928909993456,0.0 -45.187339,-21.8930509993456,0.0 -45.187573,-21.8931889993456,0.0 -45.187795,-21.8933149993456,0.0 -45.188103,-21.8934529993456,0.0 -45.188362,-21.8935789993456,0.0 -45.188608,-21.8936709993456,0.0 -45.188941,-21.8938549993456,0.0 -45.1892,-21.8939929993456,0.0 -45.189594,-21.8941649993456,0.0 -45.189877,-21.8942789993456,0.0 -45.190136,-21.8942789993456,0.0 -45.190419,-21.8943129993456,0.0 -45.19069,-21.8943819993456,0.0 -45.190949,-21.8944849993456,0.0 -45.191183,-21.8945769993456,0.0 -45.191602,-21.8947839993456,0.0 -45.19191,-21.8949449993456,0.0 -45.192131,-21.8950479993456,0.0 -45.192452,-21.8952199993456,0.0 -45.192686,-21.8954379993456,0.0 -45.192945,-21.8956099993456,0.0 -45.193179,-21.8957479993456,0.0 -45.193425,-21.8958859993456,0.0 -45.193671,-21.8960119993456,0.0 -45.194041,-21.8961959993455,0.0 -45.194287,-21.8963329993455,0.0 -45.194546,-21.8964709993455,0.0 -45.194817,-21.8966319993455,0.0 -45.195051,-21.8967469993455,0.0 -45.19531,-21.8968499993455,0.0 -45.195606,-21.8968959993455,0.0 -45.195901,-21.8969759993455,0.0 -45.196185,-21.8971139993455,0.0 -45.19648,-21.8972509993455,0.0 -45.196874,-21.8974459993455,0.0 -45.197232,-21.8976179993455,0.0 -45.19749,-21.8977329993455,0.0 -45.197712,-21.8978369993455,0.0 -45.198008,-21.8980089993455,0.0 -45.198279,-21.8981579993455,0.0 -45.198513,-21.8983189993455,0.0 -45.198957,-21.8986399993455,0.0 -45.199179,-21.8987889993455,0.0 -45.199413,-21.8989619993455,0.0 -45.19961,-21.8991569993455,0.0 -45.199795,-21.8993289993455,0.0 -45.200041,-21.8994779993455,0.0 -45.200312,-21.8996159993455,0.0 -45.200534,-21.8997769993455,0.0 -45.200781,-21.8999489993455,0.0 -45.201027,-21.9001099993455,0.0 -45.201249,-21.9002819993454,0.0 -45.201508,-21.9004539993454,0.0 -45.201754,-21.9006149993454,0.0 -45.202,-21.9008209993454,0.0 -45.202321,-21.9010619993454,0.0 -45.202555,-21.9012349993454,0.0 -45.202826,-21.9013949993454,0.0 -45.203171,-21.9015669993454,0.0 -45.20343,-21.9016939993454,0.0 -45.203676,-21.9017969993454,0.0 -45.203935,-21.9018889993454,0.0 -45.204181,-21.9019799993454,0.0 -45.20444,-21.9020839993454,0.0 -45.204674,-21.9022099993454,0.0 -45.205167,-21.9024849993454,0.0 -45.205426,-21.9026579993454,0.0 -45.205709,-21.9028409993454,0.0 -45.205906,-21.9029789993454,0.0 -45.20619,-21.9031629993454,0.0 -45.206473,-21.9033229993454,0.0 -45.206769,-21.9034949993454,0.0 -45.207065,-21.9036559993454,0.0 -45.207274,-21.9037589993454,0.0 -45.20757,-21.9038279993454,0.0 -45.207828,-21.9038969993454,0.0 -45.208063,-21.9040579993454,0.0 -45.208383,-21.9042639993454,0.0 -45.208629,-21.9044359993454,0.0 -45.208925,-21.9046659993453,0.0 -45.209159,-21.9048269993453,0.0 -45.209381,-21.9049989993453,0.0 -45.209566,-21.9051599993453,0.0 -45.209751,-21.9053659993453,0.0 -45.210022,-21.9055839993453,0.0 -45.210232,-21.9057449993453,0.0 -45.210491,-21.9059749993453,0.0 -45.2107,-21.9061469993453,0.0 -45.21091,-21.9063309993453,0.0 -45.211144,-21.9064919993453,0.0 -45.211366,-21.9066289993453,0.0 -45.211649,-21.9068239993453,0.0 -45.211932,-21.9069969993453,0.0 -45.212179,-21.9071229993453,0.0 -45.212401,-21.9072829993453,0.0 -45.212647,-21.9073639993453,0.0 -45.212857,-21.9074669993453,0.0 -45.213066,-21.9076049993453,0.0 -45.213362,-21.9077879993453,0.0 -45.213596,-21.9079149993453,0.0 -45.213793,-21.9081329993453,0.0 -45.213953,-21.9083169993453,0.0 -45.214138,-21.9084659993453,0.0 -45.214299,-21.9086379993453,0.0 -45.214459,-21.9087989993453,0.0 -45.214644,-21.9089599993453,0.0 -45.214829,-21.9091319993452,0.0 -45.215051,-21.9092689993452,0.0 -45.21526,-21.9093839993452,0.0 -45.21547,-21.9095449993452,0.0 -45.215668,-21.9097469993452,0.0 -45.216123,-21.9098659993452,0.0 -45.216357,-21.9098999993452,0.0 -45.216591,-21.9099119993452,0.0 -45.216911,-21.9099689993452,0.0 -45.217428,-21.9100829993452,0.0 -45.217724,-21.9101749993452,0.0 -45.217995,-21.9102549993452,0.0 -45.218229,-21.9103359993452,0.0 -45.218439,-21.9104389993452,0.0 -45.21866,-21.9105649993452,0.0 -45.218944,-21.9107139993452,0.0 -45.219178,-21.9108629993452,0.0 -45.2194,-21.9110239993452,0.0 -45.219646,-21.9111959993452,0.0 -45.219881,-21.9114029993452,0.0 -45.220029,-21.9116209993452,0.0 -45.220275,-21.9119309993452,0.0 -45.220472,-21.9121259993452,0.0 -45.220965,-21.9125169993452,0.0 -45.221224,-21.9126889993452,0.0 -45.221569,-21.9129529993452,0.0 -45.221853,-21.9131249993451,0.0 -45.222099,-21.9132629993451,0.0 -45.222333,-21.9133659993451,0.0 -45.222592,-21.9134919993451,0.0 -45.222826,-21.9135949993451,0.0 -45.223048,-21.9136869993451,0.0 -45.223332,-21.9137899993451,0.0 -45.223603,-21.9138819993451,0.0 -45.223824,-21.9139619993451,0.0 -45.224157,-21.9140769993451,0.0 -45.224453,-21.9142029993451,0.0 -45.224736,-21.9143289993451,0.0 -45.224983,-21.9144669993451,0.0 -45.225204,-21.9145699993451,0.0 -45.225414,-21.9146959993451,0.0 -45.225673,-21.9148569993451,0.0 -45.225919,-21.9150179993451,0.0 -45.226092,-21.9151669993451,0.0 -45.226252,-21.9153619993451,0.0 -45.226388,-21.9155569993451,0.0 -45.226536,-21.9157529993451,0.0 -45.226708,-21.9159589993451,0.0 -45.226906,-21.9161319993451,0.0 -45.227152,-21.9163379993451,0.0 -45.227313,-21.9165449993451,0.0 -45.227473,-21.9167289993451,0.0 -45.227695,-21.9168779993451,0.0 -45.227917,-21.9169699993451,0.0 -45.228175,-21.9170839993451,0.0 -45.228446,-21.917221999345,0.0 -45.228816,-21.917336999345,0.0 -45.229038,-21.917439999345,0.0 -45.229272,-21.917565999345,0.0 -45.229494,-21.917668999345,0.0 -45.229654,-21.917829999345,0.0 -45.229839,-21.918093999345,0.0 -45.229975,-21.918323999345,0.0 -45.230111,-21.918564999345,0.0 -45.230222,-21.918817999345,0.0 -45.230394,-21.919058999345,0.0 -45.230542,-21.919242999345,0.0 -45.230715,-21.919391999345,0.0 -45.230912,-21.919575999345,0.0 -45.231147,-21.919735999345,0.0 -45.231418,-21.919827999345,0.0 -45.231701,-21.919919999345,0.0 -45.231984,-21.919976999345,0.0 -45.232218,-21.920022999345,0.0 -45.232465,-21.920056999345,0.0 -45.232711,-21.920079999345,0.0 -45.233044,-21.920113999345,0.0 -45.23329,-21.920136999345,0.0 -45.233561,-21.920170999345,0.0 -45.233869,-21.920227999345,0.0 -45.234152,-21.920284999345,0.0 -45.23446,-21.920376999345,0.0 -45.234744,-21.920479999345,0.0 -45.23504,-21.920582999345,0.0 -45.235286,-21.920685999345,0.0 -45.23552,-21.920777999345,0.0 -45.23573,-21.920915999345,0.0 -45.235976,-21.921075999345,0.0 -45.236198,-21.921225999345,0.0 -45.236383,-21.921362999345,0.0 -45.236617,-21.9215119993449,0.0 -45.236987,-21.9216959993449,0.0 -45.237443,-21.9219369993449,0.0 -45.237751,-21.9221319993449,0.0 -45.238035,-21.9222809993449,0.0 -45.238281,-21.9224529993449,0.0 -45.2387,-21.9227289993449,0.0 -45.238885,-21.9228659993449,0.0 -45.239095,-21.9230039993449,0.0 -45.239341,-21.9231759993449,0.0 -45.239563,-21.9233599993449,0.0 -45.239847,-21.9235089993449,0.0 -45.240266,-21.9237839993449,0.0 -45.240475,-21.9239569993449,0.0 -45.24066,-21.9241059993449,0.0 -45.240894,-21.9241979993449,0.0 -45.241116,-21.9243239993449,0.0 -45.241326,-21.9244379993449,0.0 -45.24156,-21.9245529993449,0.0 -45.241782,-21.9246789993449,0.0 -45.241942,-21.9248629993449,0.0 -45.241967,-21.9251159993449,0.0 -45.242004,-21.9253569993449,0.0 -45.242017,-21.9255869993449,0.0 -45.241869,-21.9257829993448,0.0 -45.241685,-21.9259209993448,0.0 -45.241512,-21.9260929993448,0.0 -45.241315,-21.9262659993448,0.0 -45.241143,-21.9264839993448,0.0 -45.240983,-21.9267029993448,0.0 -45.240873,-21.9269329993448,0.0 -45.240787,-21.9271629993448,0.0 -45.240701,-21.9274389993448,0.0 -45.240664,-21.9277369993448,0.0 -45.240665,-21.9279789993448,0.0 -45.240677,-21.9281969993448,0.0 -45.240714,-21.9284389993448,0.0 -45.240776,-21.9287029993448,0.0 -45.24085,-21.9289209993448,0.0 -45.240949,-21.9291739993448,0.0 -45.24106,-21.9294039993448,0.0 -45.241209,-21.9296329993448,0.0 -45.241381,-21.9298399993447,0.0 -45.241554,-21.9299889993447,0.0 -45.241776,-21.9301729993447,0.0 -45.241948,-21.9303339993447,0.0 -45.242146,-21.9304939993447,0.0 -45.242343,-21.9306319993447,0.0 -45.242565,-21.9307579993447,0.0 -45.242799,-21.9308269993447,0.0 -45.243045,-21.9309189993447,0.0 -45.243292,-21.9309409993447,0.0 -45.2436,-21.9309979993447,0.0 -45.243858,-21.9310439993447,0.0 -45.244167,-21.9311359993447,0.0 -45.244413,-21.9312269993447,0.0 -45.244709,-21.9313189993447,0.0 -45.244992,-21.9314569993447,0.0 -45.245214,-21.9316289993447,0.0 -45.245831,-21.9322029993447,0.0 -45.24604,-21.9323749993447,0.0 -45.246238,-21.9325589993447,0.0 -45.246546,-21.9327309993447,0.0 -45.24678,-21.9328339993447,0.0 -45.247113,-21.9329139993447,0.0 -45.24747,-21.9330169993447,0.0 -45.247766,-21.9330629993447,0.0 -45.248037,-21.9331079993447,0.0 -45.24832,-21.9331539993447,0.0 -45.24853,-21.9332689993447,0.0 -45.248751,-21.9333949993447,0.0 -45.248961,-21.9335099993447,0.0 -45.249171,-21.9336359993447,0.0 -45.249442,-21.9338309993447,0.0 -45.249602,-21.9339919993447,0.0 -45.249775,-21.9341519993446,0.0 -45.24984,-21.9344029993446,0.0 -45.249982,-21.9345959993446,0.0 -45.250189,-21.9347709993446,0.0 -45.250372,-21.9349109993446,0.0 -45.250615,-21.9352019993446,0.0 -45.250821,-21.9354349993446,0.0 -45.251016,-21.9356219993446,0.0 -45.251283,-21.9359359993446,0.0 -45.251491,-21.9361229993446,0.0 -45.251698,-21.9362859993446,0.0 -45.251906,-21.9364389993446,0.0 -45.252272,-21.9367419993446,0.0 -45.252577,-21.9369539993446,0.0 -45.252933,-21.9371309993446,0.0 -45.253707,-21.9373819993446,0.0 -45.254002,-21.9374889993446,0.0 -45.254272,-21.9375849993446,0.0 -45.254518,-21.9376679993446,0.0 -45.254763,-21.9377629993446,0.0 -45.255021,-21.9378349993446,0.0 -45.25528,-21.9378959993446,0.0 -45.255526,-21.9379679993446,0.0 -45.255759,-21.9380399993446,0.0 -45.256005,-21.9381119993446,0.0 -45.2563917,-21.9382644993446,0.0 -45.256398,-21.9382669993446,0.0 -45.256528,-21.9383076993445,0.0 -45.256705,-21.9383629993445,0.0 -45.257012,-21.9384819993445,0.0 -45.257294,-21.9386119993445,0.0 -45.257748,-21.9387669993445,0.0 -45.258056,-21.9388509993445,0.0 -45.258363,-21.9389239993445,0.0 -45.258855,-21.9390449993445,0.0 -45.259273,-21.9391769993445,0.0 -45.259531,-21.9392719993445,0.0 -45.259801,-21.9393679993445,0.0 -45.260318,-21.9395119993445,0.0 -45.260551,-21.9395959993445,0.0 -45.260809,-21.9397019993445,0.0 -45.261042,-21.9397969993445,0.0 -45.261275,-21.9399149993445,0.0 -45.261569,-21.9400689993445,0.0 -45.261863,-21.9402449993445,0.0 -45.262131,-21.9404549993445,0.0 -45.262302,-21.9406069993445,0.0 -45.262497,-21.9407819993445,0.0 -45.262704,-21.9409689993445,0.0 -45.263009,-21.9412489993445,0.0 -45.263301,-21.9415179993445,0.0 -45.263484,-21.9417039993445,0.0 -45.263642,-21.9418789993445,0.0 -45.263837,-21.9420769993445,0.0 -45.264032,-21.9422629993445,0.0 -45.264263,-21.9424619993445,0.0 -45.264567,-21.9427879993444,0.0 -45.264786,-21.9430209993444,0.0 -45.26492,-21.9432069993444,0.0 -45.265078,-21.9433819993444,0.0 -45.265223,-21.9435559993444,0.0 -45.26543,-21.9437889993444,0.0 -45.265917,-21.9442549993444,0.0 -45.266112,-21.9444299993444,0.0 -45.26643,-21.9446649993444,0.0 -45.266687,-21.9448289993444,0.0 -45.266931,-21.9450159993444,0.0 -45.267126,-21.9451679993444,0.0 -45.267297,-21.9453319993444,0.0 -45.267516,-21.9455759993444,0.0 -45.26771,-21.9457859993444,0.0 -45.26788,-21.9460179993444,0.0 -45.268062,-21.9462509993444,0.0 -45.268281,-21.9464599993444,0.0 -45.268488,-21.9466469993444,0.0 -45.268659,-21.9467989993443,0.0 -45.268854,-21.9469859993443,0.0 -45.26911,-21.9472069993443,0.0 -45.269317,-21.9473939993443,0.0 -45.2695,-21.9475809993443,0.0 -45.269791,-21.9479299993443,0.0 -45.269961,-21.9481389993443,0.0 -45.270144,-21.9483249993443,0.0 -45.270422,-21.9486769993443,0.0 -45.270539,-21.9482959993443,0.0 -45.27058,-21.9480309993443,0.0 -45.270583,-21.9477669993443,0.0 -45.270576,-21.9474089993443,0.0 -45.270493,-21.9471779993443,0.0 -45.270361,-21.9469119993443,0.0 -45.270253,-21.9467029993443,0.0 -45.270083,-21.9464819993444,0.0 -45.269877,-21.9462149993444,0.0 -45.269582,-21.9460849993444,0.0 -45.269362,-21.9459319993444,0.0 -45.268996,-21.9456279993444,0.0 -45.268789,-21.9454529993444,0.0 -45.268569,-21.9452659993444,0.0 -45.268325,-21.9450449993444,0.0 -45.268193,-21.9448239993444,0.0 -45.268084,-21.9446269993444,0.0 -45.267939,-21.9444179993444,0.0 -45.267819,-21.9442089993444,0.0 -45.267785,-21.9439559993444,0.0 -45.267788,-21.9437249993444,0.0 -45.267754,-21.9434949993444,0.0 -45.267671,-21.9432629993444,0.0 -45.267501,-21.9430539993444,0.0 -45.267344,-21.9428449993444,0.0 -45.267098,-21.9427499993444,0.0 -45.266852,-21.9426889993444,0.0 -45.26662,-21.9425139993444,0.0 -45.2665,-21.9423049993445,0.0 -45.266466,-21.9420399993445,0.0 -45.26647,-21.9417749993445,0.0 -45.266462,-21.9414979993445,0.0 -45.266403,-21.9412669993445,0.0 -45.266345,-21.9410129993445,0.0 -45.2663394,-21.9408708993445,0.0 -45.266336,-21.9407829993445,0.0 -45.266347,-21.9399879993445,0.0 -45.266362,-21.9397699993445,0.0 -45.266391,-21.9394939993445,0.0 -45.266432,-21.9392179993445,0.0 -45.266558,-21.9389889993445,0.0 -45.266636,-21.9386909993445,0.0 -45.266714,-21.9384269993445,0.0 -45.266754,-21.9382079993446,0.0 -45.266758,-21.9379669993446,0.0 -45.266749,-21.9377019993446,0.0 -45.266691,-21.9374249993446,0.0 -45.266558,-21.9372039993446,0.0 -45.266401,-21.9369719993446,0.0 -45.266182,-21.9367499993446,0.0 -45.265988,-21.9365409993446,0.0 -45.265817,-21.9363779993446,0.0 -45.265597,-21.9362139993446,0.0 -45.265389,-21.9360609993446,0.0 -45.265108,-21.9358739993446,0.0 -45.264888,-21.9357329993446,0.0 -45.264631,-21.9355919993446,0.0 -45.26441,-21.9354509993446,0.0 -45.26419,-21.9353439993446,0.0 -45.263748,-21.9351779993446,0.0 -45.263453,-21.9350589993446,0.0 -45.263171,-21.9349179993446,0.0 -45.262952,-21.9346959993446,0.0 -45.262732,-21.9345779993446,0.0 -45.262575,-21.9343349993446,0.0 -45.26248,-21.9340449993446,0.0 -45.262446,-21.9338259993447,0.0 -45.262474,-21.9335849993447,0.0 -45.262576,-21.9333209993447,0.0 -45.262727,-21.9331159993447,0.0 -45.262903,-21.9329219993447,0.0 -45.263103,-21.9327059993447,0.0 -45.263542,-21.9322269993447,0.0 -45.263693,-21.9320569993447,0.0 -45.263819,-21.9318619993447,0.0 -45.263932,-21.9316679993447,0.0 -45.264072,-21.9314049993447,0.0 -45.264261,-21.9311189993447,0.0 -45.264375,-21.9309129993447,0.0 -45.264551,-21.9306619993447,0.0 -45.264726,-21.9304909993447,0.0 -45.264987,-21.9303789993447,0.0 -45.265296,-21.9303369993447,0.0 -45.265543,-21.9303289993447,0.0 -45.265805,-21.9301709993447,0.0 -45.266029,-21.9300119993448,0.0 -45.266204,-21.9298529993448,0.0 -45.266331,-21.9296359993448,0.0 -45.266396,-21.9293719993448,0.0 -45.266473,-21.9291539993448,0.0 -45.266624,-21.9289599993448,0.0 -45.266738,-21.9287309993448,0.0 -45.266766,-21.9284659993448,0.0 -45.266745,-21.9282009993448,0.0 -45.2667,-21.9279239993448,0.0 -45.266716,-21.9276709993448,0.0 -45.266805,-21.9274649993448,0.0 -45.266931,-21.9272589993448,0.0 -45.266959,-21.9270179993448,0.0 -45.266951,-21.9267529993448,0.0 -45.266867,-21.9265449993448,0.0 -45.266747,-21.9263239993448,0.0 -45.26675,-21.9260709993448,0.0 -45.266852,-21.9258649993448,0.0 -45.267088,-21.9257299993448,0.0 -45.267275,-21.9255939993449,0.0 -45.267475,-21.9254349993449,0.0 -45.267863,-21.9250829993449,0.0 -45.268001,-21.9248889993449,0.0 -45.268017,-21.9246579993449,0.0 -45.26802,-21.9244049993449,0.0 -45.268011,-21.9241749993449,0.0 -45.268064,-21.9239099993449,0.0 -45.268215,-21.9236699993449,0.0 -45.268317,-21.9234639993449,0.0 -45.268345,-21.9232229993449,0.0 -45.268348,-21.9229929993449,0.0 -45.268216,-21.9227379993449,0.0 -45.268033,-21.9225629993449,0.0 -45.267813,-21.9224219993449,0.0 -45.267556,-21.9222919993449,0.0 -45.267373,-21.9221289993449,0.0 -45.267141,-21.9219529993449,0.0 -45.266908,-21.9218469993449,0.0 -45.266564,-21.9217039993449,0.0 -45.266282,-21.9216199993449,0.0 -45.266037,-21.921501999345,0.0 -45.26573,-21.921348999345,0.0 -45.265522,-21.921219999345,0.0 -45.265314,-21.921101999345,0.0 -45.265107,-21.920926999345,0.0 -45.264886,-21.920819999345,0.0 -45.264715,-21.920656999345,0.0 -45.2646894,-21.920612799345,0.0 -45.264474,-21.920239999345,0.0 -45.264465,-21.920020999345,0.0 -45.264518,-21.919778999345,0.0 -45.264809,-21.919252999345,0.0 -45.264948,-21.919024999345,0.0 -45.265099,-21.918818999345,0.0 -45.265201,-21.918612999345,0.0 -45.26529,-21.918394999345,0.0 -45.265429,-21.918154999345,0.0 -45.265519,-21.917925999345,0.0 -45.265609,-21.917661999345,0.0 -45.265723,-21.917398999345,0.0 -45.265852,-21.9170319993451,0.0 -45.265941,-21.9168139993451,0.0 -45.266056,-21.9165849993451,0.0 -45.26617,-21.9163449993451,0.0 -45.266285,-21.9160809993451,0.0 -45.266437,-21.9158069993451,0.0 -45.266588,-21.9155439993451,0.0 -45.26669,-21.9153379993451,0.0 -45.266793,-21.9150169993451,0.0 -45.266858,-21.9147759993451,0.0 -45.266963,-21.9143159993451,0.0 -45.267042,-21.9139949993451,0.0 -45.26712,-21.9136959993451,0.0 -45.267198,-21.9134089993451,0.0 -45.267288,-21.9131459993451,0.0 -45.26744,-21.9128829993452,0.0 -45.267542,-21.9126759993452,0.0 -45.267706,-21.9123789993452,0.0 -45.267795,-21.9121729993452,0.0 -45.267972,-21.9118989993452,0.0 -45.268149,-21.9116129993452,0.0 -45.268313,-21.9113499993452,0.0 -45.268514,-21.9111109993452,0.0 -45.268739,-21.9109059993452,0.0 -45.268902,-21.9107009993452,0.0 -45.269128,-21.9104389993452,0.0 -45.26929,-21.9102789993452,0.0 -45.269503,-21.9100859993452,0.0 -45.26969,-21.9099499993452,0.0 -45.269877,-21.9097679993452,0.0 -45.270028,-21.9095859993452,0.0 -45.270192,-21.9093579993452,0.0 -45.270366,-21.9092099993452,0.0 -45.270864,-21.9088939993452,0.0 -45.271138,-21.9087589993453,0.0 -45.271424,-21.9086239993453,0.0 -45.271721,-21.9085239993453,0.0 -45.27208,-21.9084359993453,0.0 -45.272316,-21.9083699993453,0.0 -45.272576,-21.9083039993453,0.0 -45.272861,-21.9082149993453,0.0 -45.273145,-21.9081499993453,0.0 -45.273381,-21.9080719993453,0.0 -45.273641,-21.9080169993453,0.0 -45.2739,-21.9079859993453,0.0 -45.274197,-21.9079779993453,0.0 -45.274443,-21.9079809993453,0.0 -45.274764,-21.9080079993453,0.0 -45.274998,-21.9080449993453,0.0 -45.275316,-21.9082559993453,0.0 -45.27556,-21.9084209993453,0.0 -45.275805,-21.9085959993453,0.0 -45.276099,-21.9087499993453,0.0 -45.276467,-21.9088689993452,0.0 -45.276701,-21.9089059993453,0.0 -45.276936,-21.9088859993452,0.0 -45.277184,-21.9087969993453,0.0 -45.277557,-21.9086169993453,0.0 -45.277854,-21.9085289993453,0.0 -45.278164,-21.9084289993453,0.0 -45.278449,-21.9083749993453,0.0 -45.278684,-21.9083089993453,0.0 -45.27898,-21.9082889993453,0.0 -45.279289,-21.9082929993453,0.0 -45.279596,-21.9083769993453,0.0 -45.279829,-21.9084719993453,0.0 -45.280074,-21.9086249993452,0.0 -45.280307,-21.9087659993452,0.0 -45.280613,-21.9089189993453,0.0 -45.280833,-21.9090709993452,0.0 -45.2812,-21.9092949993452,0.0 -45.281494,-21.9094359993452,0.0 -45.281715,-21.9095769993452,0.0 -45.282082,-21.9097429993452,0.0 -45.282265,-21.9099519993452,0.0 -45.282447,-21.9101269993452,0.0 -45.282655,-21.9102679993452,0.0 -45.282876,-21.9103739993452,0.0 -45.283219,-21.9105629993452,0.0 -45.283513,-21.9106929993452,0.0 -45.283759,-21.9107879993452,0.0 -45.284004,-21.9108709993452,0.0 -45.284237,-21.9109659993452,0.0 -45.284495,-21.9110729993452,0.0 -45.28479,-21.9111689993452,0.0 -45.285072,-21.9112759993452,0.0 -45.285354,-21.9114059993452,0.0 -45.285624,-21.9115469993452,0.0 -45.285954,-21.9117699993452,0.0 -45.286173,-21.9119799993452,0.0 -45.286331,-21.9121429993452,0.0 -45.286563,-21.9123879993452,0.0 -45.286733,-21.9125849993452,0.0 -45.286903,-21.9127719993452,0.0 -45.287219,-21.9131439993451,0.0 -45.287425,-21.9133879993451,0.0 -45.287595,-21.9136089993451,0.0 -45.287789,-21.9138529993451,0.0 -45.287934,-21.9140509993451,0.0 -45.28803,-21.9142709993451,0.0 -45.288151,-21.9144679993451,0.0 -45.288344,-21.9147349993451,0.0 -45.288502,-21.9149329993451,0.0 -45.289087,-21.9154699993451,0.0 -45.289331,-21.9156449993451,0.0 -45.289552,-21.9157859993451,0.0 -45.289919,-21.9159749993451,0.0 -45.290263,-21.9160819993451,0.0 -45.290546,-21.9161429993451,0.0 -45.290841,-21.9162389993451,0.0 -45.291124,-21.9163459993451,0.0 -45.291344,-21.9164409993451,0.0 -45.291528,-21.9165809993451,0.0 -45.291685,-21.9167899993451,0.0 -45.291892,-21.9170229993451,0.0 -45.292098,-21.9172679993451,0.0 -45.292403,-21.917500999345,0.0 -45.292795,-21.917770999345,0.0 -45.293051,-21.917946999345,0.0 -45.293308,-21.918099999345,0.0 -45.293529,-21.918205999345,0.0 -45.293762,-21.918334999345,0.0 -45.29397,-21.918452999345,0.0 -45.294264,-21.918628999345,0.0 -45.294458,-21.918849999345,0.0 -45.294728,-21.918991999345,0.0 -45.294961,-21.919086999345,0.0 -45.295317,-21.919217999345,0.0 -45.295612,-21.919312999345,0.0 -45.295882,-21.919431999345,0.0 -45.296115,-21.919537999345,0.0 -45.296336,-21.919643999345,0.0 -45.296593,-21.919773999345,0.0 -45.296801,-21.919914999345,0.0 -45.297021,-21.920055999345,0.0 -45.297229,-21.920184999345,0.0 -45.297437,-21.920336999345,0.0 -45.297803,-21.920640999345,0.0 -45.298084,-21.920816999345,0.0 -45.298329,-21.920980999345,0.0 -45.298574,-21.921109999345,0.0 -45.298795,-21.921193999345,0.0 -45.299002,-21.921356999345,0.0 -45.299235,-21.921486999345,0.0 -45.299481,-21.9215359993449,0.0 -45.299729,-21.921503999345,0.0 -45.300026,-21.921380999345,0.0 -45.300275,-21.9212689993449,0.0 -45.300486,-21.921155999345,0.0 -45.300723,-21.920951999345,0.0 -45.300949,-21.920712999345,0.0 -45.301162,-21.920495999345,0.0 -45.301313,-21.920278999345,0.0 -45.301463,-21.920084999345,0.0 -45.30159,-21.919856999345,0.0 -45.301704,-21.919661999345,0.0 -45.301842,-21.919479999345,0.0 -45.302005,-21.919308999345,0.0 -45.302204,-21.919184999345,0.0 -45.302453,-21.919037999345,0.0 -45.302677,-21.918878999345,0.0 -45.302864,-21.918731999345,0.0 -45.303362,-21.918460999345,0.0 -45.303585,-21.918336999345,0.0</coordinates>
</LinearRing>
</outerBoundaryIs>
</Polygon>
</MultiGeometry>
</Placemark>
</Folder>
</Document></kml>
