<?xml version='1.0' encoding='UTF-8'?>
<kml xmlns:xsd="http://www.w3.org/2001/XMLSchema" xmlns:gx="http://www.google.com/kml/ext/2.2" xmlns:atom="http://www.w3.org/2005/Atom" xmlns="http://www.opengis.net/kml/2.2">
<Document>
<name>novo_cruzeiro_3145307_localidades_2022</name>
<visibility>1</visibility>
<Schema name="Povoados" id="kml_schema_ft_Povoados">
<SimpleField type="xsd:string" name="CD_UF">
<displayName>CD_UF</displayName>
</SimpleField>
<SimpleField type="xsd:string" name="NM_UF">
<displayName>NM_UF</displayName>
</SimpleField>
<SimpleField type="xsd:string" name="SIGLA_UF">
<displayName>SIGLA_UF</displayName>
</SimpleField>
<SimpleField type="xsd:string" name="CD_MUN">
<displayName>CD_MUN</displayName>
</SimpleField>
<SimpleField type="xsd:string" name="NM_MUN">
<displayName>NM_MUN</displayName>
</SimpleField>
<SimpleField type="xsd:string" name="CD_RGINT">
<displayName>CD_RGINT</displayName>
</SimpleField>
<SimpleField type="xsd:string" name="NM_RGINT">
<displayName>NM_RGINT</displayName>
</SimpleField>
<SimpleField type="xsd:string" name="CD_RGI">
<displayName>CD_RGI</displayName>
</SimpleField>
<SimpleField type="xsd:string" name="NM_RGI">
<displayName>NM_RGI</displayName>
</SimpleField>
<SimpleField type="xsd:string" name="CT_LOCALIDADE">
<displayName>CT_LOCALIDADE</displayName>
</SimpleField>
<SimpleField type="xsd:string" name="CD_LOCALIDADE">
<displayName>CD_LOCALIDADE</displayName>
</SimpleField>
<SimpleField type="xsd:string" name="NM_LOCALIDADE">
<displayName>NM_LOCALIDADE</displayName>
</SimpleField>
<SimpleField type="xsd:string" name="LAT_LOCALIDADE">
<displayName>LAT_LOCALIDADE</displayName>
</SimpleField>
<SimpleField type="xsd:string" name="LONG_LOCALIDADE">
<displayName>LONG_LOCALIDADE</displayName>
</SimpleField>
</Schema>
<Schema name="Vilas" id="kml_schema_ft_Vilas">
<SimpleField type="xsd:string" name="CD_UF">
<displayName>CD_UF</displayName>
</SimpleField>
<SimpleField type="xsd:string" name="NM_UF">
<displayName>NM_UF</displayName>
</SimpleField>
<SimpleField type="xsd:string" name="SIGLA_UF">
<displayName>SIGLA_UF</displayName>
</SimpleField>
<SimpleField type="xsd:string" name="CD_MUN">
<displayName>CD_MUN</displayName>
</SimpleField>
<SimpleField type="xsd:string" name="NM_MUN">
<displayName>NM_MUN</displayName>
</SimpleField>
<SimpleField type="xsd:string" name="CD_RGINT">
<displayName>CD_RGINT</displayName>
</SimpleField>
<SimpleField type="xsd:string" name="NM_RGINT">
<displayName>NM_RGINT</displayName>
</SimpleField>
<SimpleField type="xsd:string" name="CD_RGI">
<displayName>CD_RGI</displayName>
</SimpleField>
<SimpleField type="xsd:string" name="NM_RGI">
<displayName>NM_RGI</displayName>
</SimpleField>
<SimpleField type="xsd:string" name="CT_LOCALIDADE">
<displayName>CT_LOCALIDADE</displayName>
</SimpleField>
<SimpleField type="xsd:string" name="CD_LOCALIDADE">
<displayName>CD_LOCALIDADE</displayName>
</SimpleField>
<SimpleField type="xsd:string" name="NM_LOCALIDADE">
<displayName>NM_LOCALIDADE</displayName>
</SimpleField>
<SimpleField type="xsd:string" name="LAT_LOCALIDADE">
<displayName>LAT_LOCALIDADE</displayName>
</SimpleField>
<SimpleField type="xsd:string" name="LONG_LOCALIDADE">
<displayName>LONG_LOCALIDADE</displayName>
</SimpleField>
</Schema>
<Schema name="Núcleos Urbanos" id="kml_schema_ft_Núcleos_Urbanos">
<SimpleField type="xsd:string" name="CD_UF">
<displayName>CD_UF</displayName>
</SimpleField>
<SimpleField type="xsd:string" name="NM_UF">
<displayName>NM_UF</displayName>
</SimpleField>
<SimpleField type="xsd:string" name="SIGLA_UF">
<displayName>SIGLA_UF</displayName>
</SimpleField>
<SimpleField type="xsd:string" name="CD_MUN">
<displayName>CD_MUN</displayName>
</SimpleField>
<SimpleField type="xsd:string" name="NM_MUN">
<displayName>NM_MUN</displayName>
</SimpleField>
<SimpleField type="xsd:string" name="CD_RGINT">
<displayName>CD_RGINT</displayName>
</SimpleField>
<SimpleField type="xsd:string" name="NM_RGINT">
<displayName>NM_RGINT</displayName>
</SimpleField>
<SimpleField type="xsd:string" name="CD_RGI">
<displayName>CD_RGI</displayName>
</SimpleField>
<SimpleField type="xsd:string" name="NM_RGI">
<displayName>NM_RGI</displayName>
</SimpleField>
<SimpleField type="xsd:string" name="CT_LOCALIDADE">
<displayName>CT_LOCALIDADE</displayName>
</SimpleField>
<SimpleField type="xsd:string" name="CD_LOCALIDADE">
<displayName>CD_LOCALIDADE</displayName>
</SimpleField>
<SimpleField type="xsd:string" name="NM_LOCALIDADE">
<displayName>NM_LOCALIDADE</displayName>
</SimpleField>
<SimpleField type="xsd:string" name="LAT_LOCALIDADE">
<displayName>LAT_LOCALIDADE</displayName>
</SimpleField>
<SimpleField type="xsd:string" name="LONG_LOCALIDADE">
<displayName>LONG_LOCALIDADE</displayName>
</SimpleField>
</Schema>
<Schema name="01. Cidade" id="kml_schema_ft_01._Cidade">
<SimpleField type="xsd:string" name="CD_UF">
<displayName>CD_UF</displayName>
</SimpleField>
<SimpleField type="xsd:string" name="NM_UF">
<displayName>NM_UF</displayName>
</SimpleField>
<SimpleField type="xsd:string" name="SIGLA_UF">
<displayName>SIGLA_UF</displayName>
</SimpleField>
<SimpleField type="xsd:string" name="CD_MUN">
<displayName>CD_MUN</displayName>
</SimpleField>
<SimpleField type="xsd:string" name="NM_MUN">
<displayName>NM_MUN</displayName>
</SimpleField>
<SimpleField type="xsd:string" name="CD_RGINT">
<displayName>CD_RGINT</displayName>
</SimpleField>
<SimpleField type="xsd:string" name="NM_RGINT">
<displayName>NM_RGINT</displayName>
</SimpleField>
<SimpleField type="xsd:string" name="CD_RGI">
<displayName>CD_RGI</displayName>
</SimpleField>
<SimpleField type="xsd:string" name="NM_RGI">
<displayName>NM_RGI</displayName>
</SimpleField>
<SimpleField type="xsd:string" name="CT_LOCALIDADE">
<displayName>CT_LOCALIDADE</displayName>
</SimpleField>
<SimpleField type="xsd:string" name="SCT_LOCALIDADE">
<displayName>SCT_LOCALIDADE</displayName>
</SimpleField>
<SimpleField type="xsd:string" name="CD_LOCALIDADE">
<displayName>CD_LOCALIDADE</displayName>
</SimpleField>
<SimpleField type="xsd:string" name="NM_LOCALIDADE">
<displayName>NM_LOCALIDADE</displayName>
</SimpleField>
<SimpleField type="xsd:string" name="LAT_LOCALIDADE">
<displayName>LAT_LOCALIDADE</displayName>
</SimpleField>
<SimpleField type="xsd:string" name="LONG_LOCALIDADE">
<displayName>LONG_LOCALIDADE</displayName>
</SimpleField>
</Schema>
<Schema name="Localidades" id="kml_schema_ft_Localidades">
<SimpleField type="xsd:string" name="CD_UF">
<displayName>CD_UF</displayName>
</SimpleField>
<SimpleField type="xsd:string" name="NM_UF">
<displayName>NM_UF</displayName>
</SimpleField>
<SimpleField type="xsd:string" name="SIGLA_UF">
<displayName>SIGLA_UF</displayName>
</SimpleField>
<SimpleField type="xsd:string" name="CD_MUN">
<displayName>CD_MUN</displayName>
</SimpleField>
<SimpleField type="xsd:string" name="NM_MUN">
<displayName>NM_MUN</displayName>
</SimpleField>
<SimpleField type="xsd:string" name="CD_RGINT">
<displayName>CD_RGINT</displayName>
</SimpleField>
<SimpleField type="xsd:string" name="NM_RGINT">
<displayName>NM_RGINT</displayName>
</SimpleField>
<SimpleField type="xsd:string" name="CD_RGI">
<displayName>CD_RGI</displayName>
</SimpleField>
<SimpleField type="xsd:string" name="NM_RGI">
<displayName>NM_RGI</displayName>
</SimpleField>
<SimpleField type="xsd:string" name="CT_LOCALIDADE">
<displayName>CT_LOCALIDADE</displayName>
</SimpleField>
<SimpleField type="xsd:string" name="SCT_LOCALIDADE">
<displayName>SCT_LOCALIDADE</displayName>
</SimpleField>
<SimpleField type="xsd:string" name="CD_LOCALIDADE">
<displayName>CD_LOCALIDADE</displayName>
</SimpleField>
<SimpleField type="xsd:string" name="NM_LOCALIDADE">
<displayName>NM_LOCALIDADE</displayName>
</SimpleField>
</Schema>
<Schema name="Território Quilombola" id="kml_schema_ft_Território_Quilombola">
<SimpleField type="xsd:string" name="COD_TQ">
<displayName>COD_TQ</displayName>
</SimpleField>
<SimpleField type="xsd:string" name="NOM_TQ">
<displayName>NOM_TQ</displayName>
</SimpleField>
</Schema>
<Schema name="Município" id="kml_schema_ft_Município">
<SimpleField type="xsd:string" name="CD_UF">
<displayName>CD_UF</displayName>
</SimpleField>
<SimpleField type="xsd:string" name="NM_UF">
<displayName>NM_UF</displayName>
</SimpleField>
<SimpleField type="xsd:string" name="CD_MUN">
<displayName>CD_MUN</displayName>
</SimpleField>
<SimpleField type="xsd:string" name="NM_MUN">
<displayName>NM_MUN</displayName>
</SimpleField>
<SimpleField type="xsd:string" name="CD_RGINT">
<displayName>CD_RGINT</displayName>
</SimpleField>
<SimpleField type="xsd:string" name="NM_RGINT">
<displayName>NM_RGINT</displayName>
</SimpleField>
<SimpleField type="xsd:string" name="CD_RGI">
<displayName>CD_RGI</displayName>
</SimpleField>
<SimpleField type="xsd:string" name="NM_RGI">
<displayName>NM_RGI</displayName>
</SimpleField>
</Schema>
<Folder id="01. Cidade">
<name>01. Cidade</name>
<Folder id="01.03. Sede Municipal">
<name>01.03. Sede Municipal</name>
<Placemark id="01.03. Sede Municipal">
<name>Novo Cruzeiro [3145307]</name>
<visibility>1</visibility>
<snippet> </snippet>
<description>&lt;center&gt;&lt;table&gt;&lt;tr&gt;&lt;th colspan='2' align='center'&gt;&lt;em&gt;Atributos&lt;/em&gt;&lt;/th&gt;&lt;/tr&gt;&lt;tr bgcolor="#E3E3F3"&gt;
&lt;th&gt;CD_UF&lt;/th&gt;
&lt;td&gt;31&lt;/td&gt;
&lt;/tr&gt;&lt;tr bgcolor=""&gt;
&lt;th&gt;NM_UF&lt;/th&gt;
&lt;td&gt;Minas Gerais&lt;/td&gt;
&lt;/tr&gt;&lt;tr bgcolor="#E3E3F3"&gt;
&lt;th&gt;SIGLA_UF&lt;/th&gt;
&lt;td&gt;MG&lt;/td&gt;
&lt;/tr&gt;&lt;tr bgcolor=""&gt;
&lt;th&gt;CD_MUN&lt;/th&gt;
&lt;td&gt;3145307&lt;/td&gt;
&lt;/tr&gt;&lt;tr bgcolor="#E3E3F3"&gt;
&lt;th&gt;NM_MUN&lt;/th&gt;
&lt;td&gt;Novo Cruzeiro&lt;/td&gt;
&lt;/tr&gt;&lt;tr bgcolor=""&gt;
&lt;th&gt;CD_RGINT&lt;/th&gt;
&lt;td&gt;3103&lt;/td&gt;
&lt;/tr&gt;&lt;tr bgcolor="#E3E3F3"&gt;
&lt;th&gt;NM_RGINT&lt;/th&gt;
&lt;td&gt;Teófilo Otoni&lt;/td&gt;
&lt;/tr&gt;&lt;tr bgcolor=""&gt;
&lt;th&gt;CD_RGI&lt;/th&gt;
&lt;td&gt;310013&lt;/td&gt;
&lt;/tr&gt;&lt;tr bgcolor="#E3E3F3"&gt;
&lt;th&gt;NM_RGI&lt;/th&gt;
&lt;td&gt;Teófilo Otoni&lt;/td&gt;
&lt;/tr&gt;&lt;tr bgcolor=""&gt;
&lt;th&gt;CT_LOCALIDADE&lt;/th&gt;
&lt;td&gt;Cidade&lt;/td&gt;
&lt;/tr&gt;&lt;tr bgcolor="#E3E3F3"&gt;
&lt;th&gt;SCT_LOCALIDADE&lt;/th&gt;
&lt;td&gt;Sede Municipal&lt;/td&gt;
&lt;/tr&gt;&lt;tr bgcolor=""&gt;
&lt;th&gt;CD_LOCALIDADE&lt;/th&gt;
&lt;td&gt;3145307&lt;/td&gt;
&lt;/tr&gt;&lt;tr bgcolor="#E3E3F3"&gt;
&lt;th&gt;NM_LOCALIDADE&lt;/th&gt;
&lt;td&gt;Novo Cruzeiro&lt;/td&gt;
&lt;/tr&gt;&lt;tr bgcolor=""&gt;
&lt;th&gt;LAT_LOCALIDADE&lt;/th&gt;
&lt;td&gt;-17.4671&lt;/td&gt;
&lt;/tr&gt;&lt;tr bgcolor="#E3E3F3"&gt;
&lt;th&gt;LONG_LOCALIDADE&lt;/th&gt;
&lt;td&gt;-41.8793&lt;/td&gt;
&lt;/tr&gt;&lt;/table&gt;&lt;/center&gt;</description>
<Style>
<IconStyle>
<color>ff00aaff</color>
<scale>1.0</scale>
<Icon>
<href>http://maps.google.com/mapfiles/kml/shapes/placemark_circle.png</href>
</Icon>
</IconStyle>
<LabelStyle>
<scale>1.0</scale>
</LabelStyle>
<LineStyle>
<color>ffffffff</color>
<width>3</width>
<gx:labelVisibility>1</gx:labelVisibility>
</LineStyle>
<PolyStyle>
<color>00ffffff</color>
</PolyStyle>
</Style>
<ExtendedData>
<SchemaData schemaUrl="#kml_schema_ft_01._Cidade">
<SimpleData name="CD_UF">31</SimpleData>
<SimpleData name="NM_UF">Minas Gerais</SimpleData>
<SimpleData name="SIGLA_UF">MG</SimpleData>
<SimpleData name="CD_MUN">3145307</SimpleData>
<SimpleData name="NM_MUN">Novo Cruzeiro</SimpleData>
<SimpleData name="CD_RGINT">3103</SimpleData>
<SimpleData name="NM_RGINT">Teófilo Otoni</SimpleData>
<SimpleData name="CD_RGI">310013</SimpleData>
<SimpleData name="NM_RGI">Teófilo Otoni</SimpleData>
<SimpleData name="CT_LOCALIDADE">Cidade</SimpleData>
<SimpleData name="SCT_LOCALIDADE">Sede Municipal</SimpleData>
<SimpleData name="CD_LOCALIDADE">3145307</SimpleData>
<SimpleData name="NM_LOCALIDADE">Novo Cruzeiro</SimpleData>
<SimpleData name="LAT_LOCALIDADE">-17.4671</SimpleData>
<SimpleData name="LONG_LOCALIDADE">-41.8793</SimpleData>
</SchemaData>
</ExtendedData>
<Point>
<extrude>0</extrude>
<coordinates>-41.8793,-17.4670999994582,0.0</coordinates>
</Point>
</Placemark>
</Folder>
</Folder>
<Folder id="04. Vilas">
<name>04. Vilas</name>
<Placemark id="04. Vilas">
<name>Lufa [314530710]</name>
<visibility>1</visibility>
<snippet> </snippet>
<description>&lt;center&gt;&lt;table&gt;&lt;tr&gt;&lt;th colspan='2' align='center'&gt;&lt;em&gt;Atributos&lt;/em&gt;&lt;/th&gt;&lt;/tr&gt;&lt;tr bgcolor="#E3E3F3"&gt;
&lt;th&gt;CD_UF&lt;/th&gt;
&lt;td&gt;31&lt;/td&gt;
&lt;/tr&gt;&lt;tr bgcolor=""&gt;
&lt;th&gt;NM_UF&lt;/th&gt;
&lt;td&gt;Minas Gerais&lt;/td&gt;
&lt;/tr&gt;&lt;tr bgcolor="#E3E3F3"&gt;
&lt;th&gt;SIGLA_UF&lt;/th&gt;
&lt;td&gt;MG&lt;/td&gt;
&lt;/tr&gt;&lt;tr bgcolor=""&gt;
&lt;th&gt;CD_MUN&lt;/th&gt;
&lt;td&gt;3145307&lt;/td&gt;
&lt;/tr&gt;&lt;tr bgcolor="#E3E3F3"&gt;
&lt;th&gt;NM_MUN&lt;/th&gt;
&lt;td&gt;Novo Cruzeiro&lt;/td&gt;
&lt;/tr&gt;&lt;tr bgcolor=""&gt;
&lt;th&gt;CD_RGINT&lt;/th&gt;
&lt;td&gt;3103&lt;/td&gt;
&lt;/tr&gt;&lt;tr bgcolor="#E3E3F3"&gt;
&lt;th&gt;NM_RGINT&lt;/th&gt;
&lt;td&gt;Teófilo Otoni&lt;/td&gt;
&lt;/tr&gt;&lt;tr bgcolor=""&gt;
&lt;th&gt;CD_RGI&lt;/th&gt;
&lt;td&gt;310013&lt;/td&gt;
&lt;/tr&gt;&lt;tr bgcolor="#E3E3F3"&gt;
&lt;th&gt;NM_RGI&lt;/th&gt;
&lt;td&gt;Teófilo Otoni&lt;/td&gt;
&lt;/tr&gt;&lt;tr bgcolor=""&gt;
&lt;th&gt;CT_LOCALIDADE&lt;/th&gt;
&lt;td&gt;Vila&lt;/td&gt;
&lt;/tr&gt;&lt;tr bgcolor="#E3E3F3"&gt;
&lt;th&gt;CD_LOCALIDADE&lt;/th&gt;
&lt;td&gt;314530710&lt;/td&gt;
&lt;/tr&gt;&lt;tr bgcolor=""&gt;
&lt;th&gt;NM_LOCALIDADE&lt;/th&gt;
&lt;td&gt;Lufa&lt;/td&gt;
&lt;/tr&gt;&lt;tr bgcolor="#E3E3F3"&gt;
&lt;th&gt;LAT_LOCALIDADE&lt;/th&gt;
&lt;td&gt;-17.238&lt;/td&gt;
&lt;/tr&gt;&lt;tr bgcolor=""&gt;
&lt;th&gt;LONG_LOCALIDADE&lt;/th&gt;
&lt;td&gt;-41.9338&lt;/td&gt;
&lt;/tr&gt;&lt;/table&gt;&lt;/center&gt;</description>
<Style>
<IconStyle>
<color>ffff5400</color>
<scale>1.0</scale>
<Icon>
<href>http://maps.google.com/mapfiles/kml/shapes/placemark_circle.png</href>
</Icon>
</IconStyle>
<LabelStyle>
<scale>0.9</scale>
</LabelStyle>
<LineStyle>
<color>72ffffff</color>
<width>1.0</width>
<gx:labelVisibility>1</gx:labelVisibility>
</LineStyle>
<PolyStyle>
<color>660054ff</color>
</PolyStyle>
</Style>
<ExtendedData>
<SchemaData schemaUrl="#kml_schema_ft_Vilas">
<SimpleData name="CD_UF">31</SimpleData>
<SimpleData name="NM_UF">Minas Gerais</SimpleData>
<SimpleData name="SIGLA_UF">MG</SimpleData>
<SimpleData name="CD_MUN">3145307</SimpleData>
<SimpleData name="NM_MUN">Novo Cruzeiro</SimpleData>
<SimpleData name="CD_RGINT">3103</SimpleData>
<SimpleData name="NM_RGINT">Teófilo Otoni</SimpleData>
<SimpleData name="CD_RGI">310013</SimpleData>
<SimpleData name="NM_RGI">Teófilo Otoni</SimpleData>
<SimpleData name="CT_LOCALIDADE">Vila</SimpleData>
<SimpleData name="CD_LOCALIDADE">314530710</SimpleData>
<SimpleData name="NM_LOCALIDADE">Lufa</SimpleData>
<SimpleData name="LAT_LOCALIDADE">-17.238</SimpleData>
<SimpleData name="LONG_LOCALIDADE">-41.9338</SimpleData>
</SchemaData>
</ExtendedData>
<Point>
<extrude>0</extrude>
<coordinates>-41.9338,-17.2379999994644,0.0</coordinates>
</Point>
</Placemark>
<Placemark id="04. Vilas">
<name>Novilhona [314530715]</name>
<visibility>1</visibility>
<snippet> </snippet>
<description>&lt;center&gt;&lt;table&gt;&lt;tr&gt;&lt;th colspan='2' align='center'&gt;&lt;em&gt;Atributos&lt;/em&gt;&lt;/th&gt;&lt;/tr&gt;&lt;tr bgcolor="#E3E3F3"&gt;
&lt;th&gt;CD_UF&lt;/th&gt;
&lt;td&gt;31&lt;/td&gt;
&lt;/tr&gt;&lt;tr bgcolor=""&gt;
&lt;th&gt;NM_UF&lt;/th&gt;
&lt;td&gt;Minas Gerais&lt;/td&gt;
&lt;/tr&gt;&lt;tr bgcolor="#E3E3F3"&gt;
&lt;th&gt;SIGLA_UF&lt;/th&gt;
&lt;td&gt;MG&lt;/td&gt;
&lt;/tr&gt;&lt;tr bgcolor=""&gt;
&lt;th&gt;CD_MUN&lt;/th&gt;
&lt;td&gt;3145307&lt;/td&gt;
&lt;/tr&gt;&lt;tr bgcolor="#E3E3F3"&gt;
&lt;th&gt;NM_MUN&lt;/th&gt;
&lt;td&gt;Novo Cruzeiro&lt;/td&gt;
&lt;/tr&gt;&lt;tr bgcolor=""&gt;
&lt;th&gt;CD_RGINT&lt;/th&gt;
&lt;td&gt;3103&lt;/td&gt;
&lt;/tr&gt;&lt;tr bgcolor="#E3E3F3"&gt;
&lt;th&gt;NM_RGINT&lt;/th&gt;
&lt;td&gt;Teófilo Otoni&lt;/td&gt;
&lt;/tr&gt;&lt;tr bgcolor=""&gt;
&lt;th&gt;CD_RGI&lt;/th&gt;
&lt;td&gt;310013&lt;/td&gt;
&lt;/tr&gt;&lt;tr bgcolor="#E3E3F3"&gt;
&lt;th&gt;NM_RGI&lt;/th&gt;
&lt;td&gt;Teófilo Otoni&lt;/td&gt;
&lt;/tr&gt;&lt;tr bgcolor=""&gt;
&lt;th&gt;CT_LOCALIDADE&lt;/th&gt;
&lt;td&gt;Vila&lt;/td&gt;
&lt;/tr&gt;&lt;tr bgcolor="#E3E3F3"&gt;
&lt;th&gt;CD_LOCALIDADE&lt;/th&gt;
&lt;td&gt;314530715&lt;/td&gt;
&lt;/tr&gt;&lt;tr bgcolor=""&gt;
&lt;th&gt;NM_LOCALIDADE&lt;/th&gt;
&lt;td&gt;Novilhona&lt;/td&gt;
&lt;/tr&gt;&lt;tr bgcolor="#E3E3F3"&gt;
&lt;th&gt;LAT_LOCALIDADE&lt;/th&gt;
&lt;td&gt;-17.4715&lt;/td&gt;
&lt;/tr&gt;&lt;tr bgcolor=""&gt;
&lt;th&gt;LONG_LOCALIDADE&lt;/th&gt;
&lt;td&gt;-42.0232&lt;/td&gt;
&lt;/tr&gt;&lt;/table&gt;&lt;/center&gt;</description>
<Style>
<IconStyle>
<color>ffff5400</color>
<scale>1.0</scale>
<Icon>
<href>http://maps.google.com/mapfiles/kml/shapes/placemark_circle.png</href>
</Icon>
</IconStyle>
<LabelStyle>
<scale>0.9</scale>
</LabelStyle>
<LineStyle>
<color>72ffffff</color>
<width>1.0</width>
<gx:labelVisibility>1</gx:labelVisibility>
</LineStyle>
<PolyStyle>
<color>660054ff</color>
</PolyStyle>
</Style>
<ExtendedData>
<SchemaData schemaUrl="#kml_schema_ft_Vilas">
<SimpleData name="CD_UF">31</SimpleData>
<SimpleData name="NM_UF">Minas Gerais</SimpleData>
<SimpleData name="SIGLA_UF">MG</SimpleData>
<SimpleData name="CD_MUN">3145307</SimpleData>
<SimpleData name="NM_MUN">Novo Cruzeiro</SimpleData>
<SimpleData name="CD_RGINT">3103</SimpleData>
<SimpleData name="NM_RGINT">Teófilo Otoni</SimpleData>
<SimpleData name="CD_RGI">310013</SimpleData>
<SimpleData name="NM_RGI">Teófilo Otoni</SimpleData>
<SimpleData name="CT_LOCALIDADE">Vila</SimpleData>
<SimpleData name="CD_LOCALIDADE">314530715</SimpleData>
<SimpleData name="NM_LOCALIDADE">Novilhona</SimpleData>
<SimpleData name="LAT_LOCALIDADE">-17.4715</SimpleData>
<SimpleData name="LONG_LOCALIDADE">-42.0232</SimpleData>
</SchemaData>
</ExtendedData>
<Point>
<extrude>0</extrude>
<coordinates>-42.0232,-17.471499999458,0.0</coordinates>
</Point>
</Placemark>
<Placemark id="04. Vilas">
<name>Queixada [314530720]</name>
<visibility>1</visibility>
<snippet> </snippet>
<description>&lt;center&gt;&lt;table&gt;&lt;tr&gt;&lt;th colspan='2' align='center'&gt;&lt;em&gt;Atributos&lt;/em&gt;&lt;/th&gt;&lt;/tr&gt;&lt;tr bgcolor="#E3E3F3"&gt;
&lt;th&gt;CD_UF&lt;/th&gt;
&lt;td&gt;31&lt;/td&gt;
&lt;/tr&gt;&lt;tr bgcolor=""&gt;
&lt;th&gt;NM_UF&lt;/th&gt;
&lt;td&gt;Minas Gerais&lt;/td&gt;
&lt;/tr&gt;&lt;tr bgcolor="#E3E3F3"&gt;
&lt;th&gt;SIGLA_UF&lt;/th&gt;
&lt;td&gt;MG&lt;/td&gt;
&lt;/tr&gt;&lt;tr bgcolor=""&gt;
&lt;th&gt;CD_MUN&lt;/th&gt;
&lt;td&gt;3145307&lt;/td&gt;
&lt;/tr&gt;&lt;tr bgcolor="#E3E3F3"&gt;
&lt;th&gt;NM_MUN&lt;/th&gt;
&lt;td&gt;Novo Cruzeiro&lt;/td&gt;
&lt;/tr&gt;&lt;tr bgcolor=""&gt;
&lt;th&gt;CD_RGINT&lt;/th&gt;
&lt;td&gt;3103&lt;/td&gt;
&lt;/tr&gt;&lt;tr bgcolor="#E3E3F3"&gt;
&lt;th&gt;NM_RGINT&lt;/th&gt;
&lt;td&gt;Teófilo Otoni&lt;/td&gt;
&lt;/tr&gt;&lt;tr bgcolor=""&gt;
&lt;th&gt;CD_RGI&lt;/th&gt;
&lt;td&gt;310013&lt;/td&gt;
&lt;/tr&gt;&lt;tr bgcolor="#E3E3F3"&gt;
&lt;th&gt;NM_RGI&lt;/th&gt;
&lt;td&gt;Teófilo Otoni&lt;/td&gt;
&lt;/tr&gt;&lt;tr bgcolor=""&gt;
&lt;th&gt;CT_LOCALIDADE&lt;/th&gt;
&lt;td&gt;Vila&lt;/td&gt;
&lt;/tr&gt;&lt;tr bgcolor="#E3E3F3"&gt;
&lt;th&gt;CD_LOCALIDADE&lt;/th&gt;
&lt;td&gt;314530720&lt;/td&gt;
&lt;/tr&gt;&lt;tr bgcolor=""&gt;
&lt;th&gt;NM_LOCALIDADE&lt;/th&gt;
&lt;td&gt;Queixada&lt;/td&gt;
&lt;/tr&gt;&lt;tr bgcolor="#E3E3F3"&gt;
&lt;th&gt;LAT_LOCALIDADE&lt;/th&gt;
&lt;td&gt;-17.282&lt;/td&gt;
&lt;/tr&gt;&lt;tr bgcolor=""&gt;
&lt;th&gt;LONG_LOCALIDADE&lt;/th&gt;
&lt;td&gt;-42.0132&lt;/td&gt;
&lt;/tr&gt;&lt;/table&gt;&lt;/center&gt;</description>
<Style>
<IconStyle>
<color>ffff5400</color>
<scale>1.0</scale>
<Icon>
<href>http://maps.google.com/mapfiles/kml/shapes/placemark_circle.png</href>
</Icon>
</IconStyle>
<LabelStyle>
<scale>0.9</scale>
</LabelStyle>
<LineStyle>
<color>72ffffff</color>
<width>1.0</width>
<gx:labelVisibility>1</gx:labelVisibility>
</LineStyle>
<PolyStyle>
<color>660054ff</color>
</PolyStyle>
</Style>
<ExtendedData>
<SchemaData schemaUrl="#kml_schema_ft_Vilas">
<SimpleData name="CD_UF">31</SimpleData>
<SimpleData name="NM_UF">Minas Gerais</SimpleData>
<SimpleData name="SIGLA_UF">MG</SimpleData>
<SimpleData name="CD_MUN">3145307</SimpleData>
<SimpleData name="NM_MUN">Novo Cruzeiro</SimpleData>
<SimpleData name="CD_RGINT">3103</SimpleData>
<SimpleData name="NM_RGINT">Teófilo Otoni</SimpleData>
<SimpleData name="CD_RGI">310013</SimpleData>
<SimpleData name="NM_RGI">Teófilo Otoni</SimpleData>
<SimpleData name="CT_LOCALIDADE">Vila</SimpleData>
<SimpleData name="CD_LOCALIDADE">314530720</SimpleData>
<SimpleData name="NM_LOCALIDADE">Queixada</SimpleData>
<SimpleData name="LAT_LOCALIDADE">-17.282</SimpleData>
<SimpleData name="LONG_LOCALIDADE">-42.0132</SimpleData>
</SchemaData>
</ExtendedData>
<Point>
<extrude>0</extrude>
<coordinates>-42.0132,-17.2819999994632,0.0</coordinates>
</Point>
</Placemark>
</Folder>
<Folder id="05. Núcleos Urbanos">
<name>05. Núcleos Urbanos</name>
<Placemark id="localidades">
<name>Lambari [3145307002]</name>
<visibility>1</visibility>
<snippet> </snippet>
<description>&lt;center&gt;&lt;table&gt;&lt;tr&gt;&lt;th colspan='2' align='center'&gt;&lt;em&gt;Attributes&lt;/em&gt;&lt;/th&gt;&lt;/tr&gt;&lt;tr bgcolor="#E3E3F3"&gt;
&lt;th&gt;CD_UF&lt;/th&gt;
&lt;td&gt;31&lt;/td&gt;
&lt;/tr&gt;&lt;tr bgcolor=""&gt;
&lt;th&gt;NM_UF&lt;/th&gt;
&lt;td&gt;Minas Gerais&lt;/td&gt;
&lt;/tr&gt;&lt;tr bgcolor="#E3E3F3"&gt;
&lt;th&gt;SIGLA_UF&lt;/th&gt;
&lt;td&gt;MG&lt;/td&gt;
&lt;/tr&gt;&lt;tr bgcolor=""&gt;
&lt;th&gt;CD_MUN&lt;/th&gt;
&lt;td&gt;3145307&lt;/td&gt;
&lt;/tr&gt;&lt;tr bgcolor="#E3E3F3"&gt;
&lt;th&gt;NM_MUN&lt;/th&gt;
&lt;td&gt;Novo Cruzeiro&lt;/td&gt;
&lt;/tr&gt;&lt;tr bgcolor=""&gt;
&lt;th&gt;CD_RGINT&lt;/th&gt;
&lt;td&gt;3103&lt;/td&gt;
&lt;/tr&gt;&lt;tr bgcolor="#E3E3F3"&gt;
&lt;th&gt;NM_RGINT&lt;/th&gt;
&lt;td&gt;Teófilo Otoni&lt;/td&gt;
&lt;/tr&gt;&lt;tr bgcolor=""&gt;
&lt;th&gt;CD_RGI&lt;/th&gt;
&lt;td&gt;310013&lt;/td&gt;
&lt;/tr&gt;&lt;tr bgcolor="#E3E3F3"&gt;
&lt;th&gt;NM_RGI&lt;/th&gt;
&lt;td&gt;Teófilo Otoni&lt;/td&gt;
&lt;/tr&gt;&lt;tr bgcolor=""&gt;
&lt;th&gt;CT_LOCALIDADE&lt;/th&gt;
&lt;td&gt;Núcleo Urbano&lt;/td&gt;
&lt;/tr&gt;&lt;tr bgcolor="#E3E3F3"&gt;
&lt;th&gt;CD_LOCALIDADE&lt;/th&gt;
&lt;td&gt;3145307002&lt;/td&gt;
&lt;/tr&gt;&lt;tr bgcolor=""&gt;
&lt;th&gt;NM_LOCALIDADE&lt;/th&gt;
&lt;td&gt;Lambari&lt;/td&gt;
&lt;/tr&gt;&lt;tr bgcolor="#E3E3F3"&gt;
&lt;th&gt;LAT_LOCALIDADE&lt;/th&gt;
&lt;td&gt;-17.461&lt;/td&gt;
&lt;/tr&gt;&lt;tr bgcolor=""&gt;
&lt;th&gt;LONG_LOCALIDADE&lt;/th&gt;
&lt;td&gt;-42.0648&lt;/td&gt;
&lt;/tr&gt;&lt;/table&gt;&lt;/center&gt;</description>
<Style>
<IconStyle>
<color>ff0000ff</color>
<scale>0.9</scale>
<Icon>
<href>http://maps.google.com/mapfiles/kml/shapes/placemark_circle.png</href>
</Icon>
</IconStyle>
<LabelStyle>
<scale>0.9</scale>
</LabelStyle>
<LineStyle>
<color>72ffffff</color>
<width>1.0</width>
<gx:labelVisibility>1</gx:labelVisibility>
</LineStyle>
<PolyStyle>
<color>66ff54ff</color>
</PolyStyle>
</Style>
<ExtendedData>
<SchemaData schemaUrl="#kml_schema_ft_Núcleos_Urbanos">
<SimpleData name="CD_UF">31</SimpleData>
<SimpleData name="NM_UF">Minas Gerais</SimpleData>
<SimpleData name="SIGLA_UF">MG</SimpleData>
<SimpleData name="CD_MUN">3145307</SimpleData>
<SimpleData name="NM_MUN">Novo Cruzeiro</SimpleData>
<SimpleData name="CD_RGINT">3103</SimpleData>
<SimpleData name="NM_RGINT">Teófilo Otoni</SimpleData>
<SimpleData name="CD_RGI">310013</SimpleData>
<SimpleData name="NM_RGI">Teófilo Otoni</SimpleData>
<SimpleData name="CT_LOCALIDADE">Núcleo Urbano</SimpleData>
<SimpleData name="CD_LOCALIDADE">3145307002</SimpleData>
<SimpleData name="NM_LOCALIDADE">Lambari</SimpleData>
<SimpleData name="LAT_LOCALIDADE">-17.461</SimpleData>
<SimpleData name="LONG_LOCALIDADE">-42.0648</SimpleData>
</SchemaData>
</ExtendedData>
<Point>
<extrude>0</extrude>
<coordinates>-42.0648389467455,-17.4609837302275,0.0</coordinates>
</Point>
</Placemark>
</Folder>
<Folder id="06. Povoados">
<name>06. Povoados</name>
<Placemark id="06. Povoados">
<name>Santa Cruz [314530700001]</name>
<visibility>1</visibility>
<snippet> </snippet>
<description>&lt;center&gt;&lt;table&gt;&lt;tr&gt;&lt;th colspan='2' align='center'&gt;&lt;em&gt;Atributos&lt;/em&gt;&lt;/th&gt;&lt;/tr&gt;&lt;tr bgcolor="#E3E3F3"&gt;
&lt;th&gt;CD_UF&lt;/th&gt;
&lt;td&gt;31&lt;/td&gt;
&lt;/tr&gt;&lt;tr bgcolor=""&gt;
&lt;th&gt;NM_UF&lt;/th&gt;
&lt;td&gt;Minas Gerais&lt;/td&gt;
&lt;/tr&gt;&lt;tr bgcolor="#E3E3F3"&gt;
&lt;th&gt;SIGLA_UF&lt;/th&gt;
&lt;td&gt;MG&lt;/td&gt;
&lt;/tr&gt;&lt;tr bgcolor=""&gt;
&lt;th&gt;CD_MUN&lt;/th&gt;
&lt;td&gt;3145307&lt;/td&gt;
&lt;/tr&gt;&lt;tr bgcolor="#E3E3F3"&gt;
&lt;th&gt;NM_MUN&lt;/th&gt;
&lt;td&gt;Novo Cruzeiro&lt;/td&gt;
&lt;/tr&gt;&lt;tr bgcolor=""&gt;
&lt;th&gt;CD_RGINT&lt;/th&gt;
&lt;td&gt;3103&lt;/td&gt;
&lt;/tr&gt;&lt;tr bgcolor="#E3E3F3"&gt;
&lt;th&gt;NM_RGINT&lt;/th&gt;
&lt;td&gt;Teófilo Otoni&lt;/td&gt;
&lt;/tr&gt;&lt;tr bgcolor=""&gt;
&lt;th&gt;CD_RGI&lt;/th&gt;
&lt;td&gt;310013&lt;/td&gt;
&lt;/tr&gt;&lt;tr bgcolor="#E3E3F3"&gt;
&lt;th&gt;NM_RGI&lt;/th&gt;
&lt;td&gt;Teófilo Otoni&lt;/td&gt;
&lt;/tr&gt;&lt;tr bgcolor=""&gt;
&lt;th&gt;CT_LOCALIDADE&lt;/th&gt;
&lt;td&gt;Povoado&lt;/td&gt;
&lt;/tr&gt;&lt;tr bgcolor="#E3E3F3"&gt;
&lt;th&gt;CD_LOCALIDADE&lt;/th&gt;
&lt;td&gt;314530700001&lt;/td&gt;
&lt;/tr&gt;&lt;tr bgcolor=""&gt;
&lt;th&gt;NM_LOCALIDADE&lt;/th&gt;
&lt;td&gt;Santa Cruz&lt;/td&gt;
&lt;/tr&gt;&lt;tr bgcolor="#E3E3F3"&gt;
&lt;th&gt;LAT_LOCALIDADE&lt;/th&gt;
&lt;td&gt;-17.4201&lt;/td&gt;
&lt;/tr&gt;&lt;tr bgcolor=""&gt;
&lt;th&gt;LONG_LOCALIDADE&lt;/th&gt;
&lt;td&gt;-41.8302&lt;/td&gt;
&lt;/tr&gt;&lt;/table&gt;&lt;/center&gt;</description>
<Style>
<IconStyle>
<color>ff00ff54</color>
<scale>0.8</scale>
<Icon>
<href>http://maps.google.com/mapfiles/kml/shapes/placemark_circle.png</href>
</Icon>
</IconStyle>
<LabelStyle>
<scale>0.8</scale>
</LabelStyle>
<LineStyle>
<color>72ff54ff</color>
<width>1.0</width>
<gx:labelVisibility>1</gx:labelVisibility>
</LineStyle>
<PolyStyle>
<color>66ff54ff</color>
</PolyStyle>
</Style>
<ExtendedData>
<SchemaData schemaUrl="#kml_schema_ft_Povoados">
<SimpleData name="CD_UF">31</SimpleData>
<SimpleData name="NM_UF">Minas Gerais</SimpleData>
<SimpleData name="SIGLA_UF">MG</SimpleData>
<SimpleData name="CD_MUN">3145307</SimpleData>
<SimpleData name="NM_MUN">Novo Cruzeiro</SimpleData>
<SimpleData name="CD_RGINT">3103</SimpleData>
<SimpleData name="NM_RGINT">Teófilo Otoni</SimpleData>
<SimpleData name="CD_RGI">310013</SimpleData>
<SimpleData name="NM_RGI">Teófilo Otoni</SimpleData>
<SimpleData name="CT_LOCALIDADE">Povoado</SimpleData>
<SimpleData name="CD_LOCALIDADE">314530700001</SimpleData>
<SimpleData name="NM_LOCALIDADE">Santa Cruz</SimpleData>
<SimpleData name="LAT_LOCALIDADE">-17.4201</SimpleData>
<SimpleData name="LONG_LOCALIDADE">-41.8302</SimpleData>
</SchemaData>
</ExtendedData>
<Point>
<extrude>0</extrude>
<coordinates>-41.8302054859812,-17.4201247471229,0.0</coordinates>
</Point>
</Placemark>
<Placemark id="06. Povoados">
<name>Santa Bárbara [314530700008]</name>
<visibility>1</visibility>
<snippet> </snippet>
<description>&lt;center&gt;&lt;table&gt;&lt;tr&gt;&lt;th colspan='2' align='center'&gt;&lt;em&gt;Atributos&lt;/em&gt;&lt;/th&gt;&lt;/tr&gt;&lt;tr bgcolor="#E3E3F3"&gt;
&lt;th&gt;CD_UF&lt;/th&gt;
&lt;td&gt;31&lt;/td&gt;
&lt;/tr&gt;&lt;tr bgcolor=""&gt;
&lt;th&gt;NM_UF&lt;/th&gt;
&lt;td&gt;Minas Gerais&lt;/td&gt;
&lt;/tr&gt;&lt;tr bgcolor="#E3E3F3"&gt;
&lt;th&gt;SIGLA_UF&lt;/th&gt;
&lt;td&gt;MG&lt;/td&gt;
&lt;/tr&gt;&lt;tr bgcolor=""&gt;
&lt;th&gt;CD_MUN&lt;/th&gt;
&lt;td&gt;3145307&lt;/td&gt;
&lt;/tr&gt;&lt;tr bgcolor="#E3E3F3"&gt;
&lt;th&gt;NM_MUN&lt;/th&gt;
&lt;td&gt;Novo Cruzeiro&lt;/td&gt;
&lt;/tr&gt;&lt;tr bgcolor=""&gt;
&lt;th&gt;CD_RGINT&lt;/th&gt;
&lt;td&gt;3103&lt;/td&gt;
&lt;/tr&gt;&lt;tr bgcolor="#E3E3F3"&gt;
&lt;th&gt;NM_RGINT&lt;/th&gt;
&lt;td&gt;Teófilo Otoni&lt;/td&gt;
&lt;/tr&gt;&lt;tr bgcolor=""&gt;
&lt;th&gt;CD_RGI&lt;/th&gt;
&lt;td&gt;310013&lt;/td&gt;
&lt;/tr&gt;&lt;tr bgcolor="#E3E3F3"&gt;
&lt;th&gt;NM_RGI&lt;/th&gt;
&lt;td&gt;Teófilo Otoni&lt;/td&gt;
&lt;/tr&gt;&lt;tr bgcolor=""&gt;
&lt;th&gt;CT_LOCALIDADE&lt;/th&gt;
&lt;td&gt;Povoado&lt;/td&gt;
&lt;/tr&gt;&lt;tr bgcolor="#E3E3F3"&gt;
&lt;th&gt;CD_LOCALIDADE&lt;/th&gt;
&lt;td&gt;314530700008&lt;/td&gt;
&lt;/tr&gt;&lt;tr bgcolor=""&gt;
&lt;th&gt;NM_LOCALIDADE&lt;/th&gt;
&lt;td&gt;Santa Bárbara&lt;/td&gt;
&lt;/tr&gt;&lt;tr bgcolor="#E3E3F3"&gt;
&lt;th&gt;LAT_LOCALIDADE&lt;/th&gt;
&lt;td&gt;-17.5128&lt;/td&gt;
&lt;/tr&gt;&lt;tr bgcolor=""&gt;
&lt;th&gt;LONG_LOCALIDADE&lt;/th&gt;
&lt;td&gt;-42.1232&lt;/td&gt;
&lt;/tr&gt;&lt;/table&gt;&lt;/center&gt;</description>
<Style>
<IconStyle>
<color>ff00ff54</color>
<scale>0.8</scale>
<Icon>
<href>http://maps.google.com/mapfiles/kml/shapes/placemark_circle.png</href>
</Icon>
</IconStyle>
<LabelStyle>
<scale>0.8</scale>
</LabelStyle>
<LineStyle>
<color>72ff54ff</color>
<width>1.0</width>
<gx:labelVisibility>1</gx:labelVisibility>
</LineStyle>
<PolyStyle>
<color>66ff54ff</color>
</PolyStyle>
</Style>
<ExtendedData>
<SchemaData schemaUrl="#kml_schema_ft_Povoados">
<SimpleData name="CD_UF">31</SimpleData>
<SimpleData name="NM_UF">Minas Gerais</SimpleData>
<SimpleData name="SIGLA_UF">MG</SimpleData>
<SimpleData name="CD_MUN">3145307</SimpleData>
<SimpleData name="NM_MUN">Novo Cruzeiro</SimpleData>
<SimpleData name="CD_RGINT">3103</SimpleData>
<SimpleData name="NM_RGINT">Teófilo Otoni</SimpleData>
<SimpleData name="CD_RGI">310013</SimpleData>
<SimpleData name="NM_RGI">Teófilo Otoni</SimpleData>
<SimpleData name="CT_LOCALIDADE">Povoado</SimpleData>
<SimpleData name="CD_LOCALIDADE">314530700008</SimpleData>
<SimpleData name="NM_LOCALIDADE">Santa Bárbara</SimpleData>
<SimpleData name="LAT_LOCALIDADE">-17.5128</SimpleData>
<SimpleData name="LONG_LOCALIDADE">-42.1232</SimpleData>
</SchemaData>
</ExtendedData>
<Point>
<extrude>0</extrude>
<coordinates>-42.1232313472222,-17.5127714300124,0.0</coordinates>
</Point>
</Placemark>
</Folder>
<Folder id="10. Localidades Quilombolas">
<name>10. Localidades Quilombolas</name>
<visibility>1</visibility>
<Style>
<IconStyle>
<color>ffffa0ef</color>
<scale>0.8</scale>
<Icon>
<href>http://maps.google.com/mapfiles/kml/shapes/placemark_circle.png</href>
</Icon>
</IconStyle>
<LabelStyle>
<scale>0.8</scale>
</LabelStyle>
<LineStyle>
<width>1.0</width>
<gx:labelVisibility>1</gx:labelVisibility>
</LineStyle>
</Style>
<Folder id="10.02. Outras Localidades Quilombolas">
<name>10.02. Outras Localidades Quilombolas</name>
<visibility>1</visibility>
<Style>
<IconStyle>
<color>ffffa0ef</color>
<scale>0.8</scale>
<Icon>
<href>http://maps.google.com/mapfiles/kml/shapes/placemark_circle.png</href>
</Icon>
</IconStyle>
<LabelStyle>
<scale>0.8</scale>
</LabelStyle>
<LineStyle>
<width>1.0</width>
<gx:labelVisibility>1</gx:labelVisibility>
</LineStyle>
</Style>
<Placemark id="10.02. Outras Localidades Quilombolas">
<name>Comunidade Quilombola Lagoa Grande [314530700014]</name>
<visibility>1</visibility>
<snippet> </snippet>
<description>&lt;center&gt;&lt;table&gt;&lt;tr&gt;&lt;th colspan='2' align='center'&gt;&lt;em&gt;Attributes&lt;/em&gt;&lt;/th&gt;&lt;/tr&gt;&lt;tr bgcolor="#E3E3F3"&gt;
&lt;th&gt;CD_UF&lt;/th&gt;
&lt;td&gt;31&lt;/td&gt;
&lt;/tr&gt;&lt;tr bgcolor=""&gt;
&lt;th&gt;NM_UF&lt;/th&gt;
&lt;td&gt;Minas Gerais&lt;/td&gt;
&lt;/tr&gt;&lt;tr bgcolor="#E3E3F3"&gt;
&lt;th&gt;SIGLA_UF&lt;/th&gt;
&lt;td&gt;MG&lt;/td&gt;
&lt;/tr&gt;&lt;tr bgcolor=""&gt;
&lt;th&gt;CD_MUN&lt;/th&gt;
&lt;td&gt;3145307&lt;/td&gt;
&lt;/tr&gt;&lt;tr bgcolor="#E3E3F3"&gt;
&lt;th&gt;NM_MUN&lt;/th&gt;
&lt;td&gt;Novo Cruzeiro&lt;/td&gt;
&lt;/tr&gt;&lt;tr bgcolor=""&gt;
&lt;th&gt;CD_RGINT&lt;/th&gt;
&lt;td&gt;3103&lt;/td&gt;
&lt;/tr&gt;&lt;tr bgcolor="#E3E3F3"&gt;
&lt;th&gt;NM_RGINT&lt;/th&gt;
&lt;td&gt;Teófilo Otoni&lt;/td&gt;
&lt;/tr&gt;&lt;tr bgcolor=""&gt;
&lt;th&gt;CD_RGI&lt;/th&gt;
&lt;td&gt;310013&lt;/td&gt;
&lt;/tr&gt;&lt;tr bgcolor="#E3E3F3"&gt;
&lt;th&gt;NM_RGI&lt;/th&gt;
&lt;td&gt;Teófilo Otoni&lt;/td&gt;
&lt;/tr&gt;&lt;tr bgcolor=""&gt;
&lt;th&gt;CT_LOCALIDADE&lt;/th&gt;
&lt;td&gt;Localidade Quilombola&lt;/td&gt;
&lt;/tr&gt;&lt;tr bgcolor="#E3E3F3"&gt;
&lt;th&gt;SCT_LOCALIDADE&lt;/th&gt;
&lt;td&gt;Outras Localidades Quilombolas&lt;/td&gt;
&lt;/tr&gt;&lt;tr bgcolor=""&gt;
&lt;th&gt;CD_LOCALIDADE&lt;/th&gt;
&lt;td&gt;314530700014&lt;/td&gt;
&lt;/tr&gt;&lt;tr bgcolor="#E3E3F3"&gt;
&lt;th&gt;NM_LOCALIDADE&lt;/th&gt;
&lt;td&gt;Comunidade Quilombola Lagoa Grande&lt;/td&gt;
&lt;/tr&gt;&lt;/table&gt;&lt;/center&gt;</description>
<Style>
<IconStyle>
<color>ffffa0ef</color>
<scale>0.8</scale>
<Icon>
<href>http://maps.google.com/mapfiles/kml/shapes/placemark_circle.png</href>
</Icon>
</IconStyle>
<LabelStyle>
<scale>0.8</scale>
</LabelStyle>
<LineStyle>
<width>1.0</width>
<gx:labelVisibility>1</gx:labelVisibility>
</LineStyle>
</Style>
<ExtendedData>
<SchemaData schemaUrl="#kml_schema_ft_Localidades">
<SimpleData name="CD_UF">31</SimpleData>
<SimpleData name="NM_UF">Minas Gerais</SimpleData>
<SimpleData name="SIGLA_UF">MG</SimpleData>
<SimpleData name="CD_MUN">3145307</SimpleData>
<SimpleData name="NM_MUN">Novo Cruzeiro</SimpleData>
<SimpleData name="CD_RGINT">3103</SimpleData>
<SimpleData name="NM_RGINT">Teófilo Otoni</SimpleData>
<SimpleData name="CD_RGI">310013</SimpleData>
<SimpleData name="NM_RGI">Teófilo Otoni</SimpleData>
<SimpleData name="CT_LOCALIDADE">Localidade Quilombola</SimpleData>
<SimpleData name="SCT_LOCALIDADE">Outras Localidades Quilombolas</SimpleData>
<SimpleData name="CD_LOCALIDADE">314530700014</SimpleData>
<SimpleData name="NM_LOCALIDADE">Comunidade Quilombola Lagoa Grande</SimpleData>
</SchemaData>
</ExtendedData>
<Point>
<extrude>0</extrude>
<coordinates>-42.080909684,-17.2455195131642,0.0</coordinates>
</Point>
</Placemark>
</Folder>
</Folder>
<Folder id="12. Outras Localidades">
<name>12. Outras Localidades</name>
<Placemark id="12. Outras Localidades">
<name>Capão [314530700003]</name>
<visibility>1</visibility>
<snippet> </snippet>
<description>&lt;center&gt;&lt;table&gt;&lt;tr&gt;&lt;th colspan='2' align='center'&gt;&lt;em&gt;Attributes&lt;/em&gt;&lt;/th&gt;&lt;/tr&gt;&lt;tr bgcolor="#E3E3F3"&gt;
&lt;th&gt;CD_UF&lt;/th&gt;
&lt;td&gt;31&lt;/td&gt;
&lt;/tr&gt;&lt;tr bgcolor=""&gt;
&lt;th&gt;NM_UF&lt;/th&gt;
&lt;td&gt;Minas Gerais&lt;/td&gt;
&lt;/tr&gt;&lt;tr bgcolor="#E3E3F3"&gt;
&lt;th&gt;SIGLA_UF&lt;/th&gt;
&lt;td&gt;MG&lt;/td&gt;
&lt;/tr&gt;&lt;tr bgcolor=""&gt;
&lt;th&gt;CD_MUN&lt;/th&gt;
&lt;td&gt;3145307&lt;/td&gt;
&lt;/tr&gt;&lt;tr bgcolor="#E3E3F3"&gt;
&lt;th&gt;NM_MUN&lt;/th&gt;
&lt;td&gt;Novo Cruzeiro&lt;/td&gt;
&lt;/tr&gt;&lt;tr bgcolor=""&gt;
&lt;th&gt;CD_RGINT&lt;/th&gt;
&lt;td&gt;3103&lt;/td&gt;
&lt;/tr&gt;&lt;tr bgcolor="#E3E3F3"&gt;
&lt;th&gt;NM_RGINT&lt;/th&gt;
&lt;td&gt;Teófilo Otoni&lt;/td&gt;
&lt;/tr&gt;&lt;tr bgcolor=""&gt;
&lt;th&gt;CD_RGI&lt;/th&gt;
&lt;td&gt;310013&lt;/td&gt;
&lt;/tr&gt;&lt;tr bgcolor="#E3E3F3"&gt;
&lt;th&gt;NM_RGI&lt;/th&gt;
&lt;td&gt;Teófilo Otoni&lt;/td&gt;
&lt;/tr&gt;&lt;tr bgcolor=""&gt;
&lt;th&gt;CT_LOCALIDADE&lt;/th&gt;
&lt;td&gt;Outras Localidades&lt;/td&gt;
&lt;/tr&gt;&lt;tr bgcolor="#E3E3F3"&gt;
&lt;th&gt;SCT_LOCALIDADE&lt;/th&gt;
&lt;td&gt;&lt;/td&gt;
&lt;/tr&gt;&lt;tr bgcolor=""&gt;
&lt;th&gt;CD_LOCALIDADE&lt;/th&gt;
&lt;td&gt;314530700003&lt;/td&gt;
&lt;/tr&gt;&lt;tr bgcolor="#E3E3F3"&gt;
&lt;th&gt;NM_LOCALIDADE&lt;/th&gt;
&lt;td&gt;Capão&lt;/td&gt;
&lt;/tr&gt;&lt;/table&gt;&lt;/center&gt;</description>
<Style>
<IconStyle>
<color>ff0069d3</color>
<scale>0.6</scale>
<Icon>
<href>http://maps.google.com/mapfiles/kml/shapes/placemark_circle.png</href>
</Icon>
</IconStyle>
<LabelStyle>
<scale>0.6</scale>
</LabelStyle>
<LineStyle>
<width>1.0</width>
<gx:labelVisibility>1</gx:labelVisibility>
</LineStyle>
</Style>
<ExtendedData>
<SchemaData schemaUrl="#kml_schema_ft_Localidades">
<SimpleData name="CD_UF">31</SimpleData>
<SimpleData name="NM_UF">Minas Gerais</SimpleData>
<SimpleData name="SIGLA_UF">MG</SimpleData>
<SimpleData name="CD_MUN">3145307</SimpleData>
<SimpleData name="NM_MUN">Novo Cruzeiro</SimpleData>
<SimpleData name="CD_RGINT">3103</SimpleData>
<SimpleData name="NM_RGINT">Teófilo Otoni</SimpleData>
<SimpleData name="CD_RGI">310013</SimpleData>
<SimpleData name="NM_RGI">Teófilo Otoni</SimpleData>
<SimpleData name="CT_LOCALIDADE">Outras Localidades</SimpleData>
<SimpleData name="CD_LOCALIDADE">314530700003</SimpleData>
<SimpleData name="NM_LOCALIDADE">Capão</SimpleData>
</SchemaData>
</ExtendedData>
<Point>
<extrude>0</extrude>
<coordinates>-42.0607643,-17.1843484994658,0.0</coordinates>
</Point>
</Placemark>
<Placemark id="12. Outras Localidades">
<name>Córrego Fundo [314530700004]</name>
<visibility>1</visibility>
<snippet> </snippet>
<description>&lt;center&gt;&lt;table&gt;&lt;tr&gt;&lt;th colspan='2' align='center'&gt;&lt;em&gt;Attributes&lt;/em&gt;&lt;/th&gt;&lt;/tr&gt;&lt;tr bgcolor="#E3E3F3"&gt;
&lt;th&gt;CD_UF&lt;/th&gt;
&lt;td&gt;31&lt;/td&gt;
&lt;/tr&gt;&lt;tr bgcolor=""&gt;
&lt;th&gt;NM_UF&lt;/th&gt;
&lt;td&gt;Minas Gerais&lt;/td&gt;
&lt;/tr&gt;&lt;tr bgcolor="#E3E3F3"&gt;
&lt;th&gt;SIGLA_UF&lt;/th&gt;
&lt;td&gt;MG&lt;/td&gt;
&lt;/tr&gt;&lt;tr bgcolor=""&gt;
&lt;th&gt;CD_MUN&lt;/th&gt;
&lt;td&gt;3145307&lt;/td&gt;
&lt;/tr&gt;&lt;tr bgcolor="#E3E3F3"&gt;
&lt;th&gt;NM_MUN&lt;/th&gt;
&lt;td&gt;Novo Cruzeiro&lt;/td&gt;
&lt;/tr&gt;&lt;tr bgcolor=""&gt;
&lt;th&gt;CD_RGINT&lt;/th&gt;
&lt;td&gt;3103&lt;/td&gt;
&lt;/tr&gt;&lt;tr bgcolor="#E3E3F3"&gt;
&lt;th&gt;NM_RGINT&lt;/th&gt;
&lt;td&gt;Teófilo Otoni&lt;/td&gt;
&lt;/tr&gt;&lt;tr bgcolor=""&gt;
&lt;th&gt;CD_RGI&lt;/th&gt;
&lt;td&gt;310013&lt;/td&gt;
&lt;/tr&gt;&lt;tr bgcolor="#E3E3F3"&gt;
&lt;th&gt;NM_RGI&lt;/th&gt;
&lt;td&gt;Teófilo Otoni&lt;/td&gt;
&lt;/tr&gt;&lt;tr bgcolor=""&gt;
&lt;th&gt;CT_LOCALIDADE&lt;/th&gt;
&lt;td&gt;Outras Localidades&lt;/td&gt;
&lt;/tr&gt;&lt;tr bgcolor="#E3E3F3"&gt;
&lt;th&gt;SCT_LOCALIDADE&lt;/th&gt;
&lt;td&gt;&lt;/td&gt;
&lt;/tr&gt;&lt;tr bgcolor=""&gt;
&lt;th&gt;CD_LOCALIDADE&lt;/th&gt;
&lt;td&gt;314530700004&lt;/td&gt;
&lt;/tr&gt;&lt;tr bgcolor="#E3E3F3"&gt;
&lt;th&gt;NM_LOCALIDADE&lt;/th&gt;
&lt;td&gt;Córrego Fundo&lt;/td&gt;
&lt;/tr&gt;&lt;/table&gt;&lt;/center&gt;</description>
<Style>
<IconStyle>
<color>ff0069d3</color>
<scale>0.6</scale>
<Icon>
<href>http://maps.google.com/mapfiles/kml/shapes/placemark_circle.png</href>
</Icon>
</IconStyle>
<LabelStyle>
<scale>0.6</scale>
</LabelStyle>
<LineStyle>
<width>1.0</width>
<gx:labelVisibility>1</gx:labelVisibility>
</LineStyle>
</Style>
<ExtendedData>
<SchemaData schemaUrl="#kml_schema_ft_Localidades">
<SimpleData name="CD_UF">31</SimpleData>
<SimpleData name="NM_UF">Minas Gerais</SimpleData>
<SimpleData name="SIGLA_UF">MG</SimpleData>
<SimpleData name="CD_MUN">3145307</SimpleData>
<SimpleData name="NM_MUN">Novo Cruzeiro</SimpleData>
<SimpleData name="CD_RGINT">3103</SimpleData>
<SimpleData name="NM_RGINT">Teófilo Otoni</SimpleData>
<SimpleData name="CD_RGI">310013</SimpleData>
<SimpleData name="NM_RGI">Teófilo Otoni</SimpleData>
<SimpleData name="CT_LOCALIDADE">Outras Localidades</SimpleData>
<SimpleData name="CD_LOCALIDADE">314530700004</SimpleData>
<SimpleData name="NM_LOCALIDADE">Córrego Fundo</SimpleData>
</SchemaData>
</ExtendedData>
<Point>
<extrude>0</extrude>
<coordinates>-41.9045821,-17.4452453994588,0.0</coordinates>
</Point>
</Placemark>
<Placemark id="12. Outras Localidades">
<name>Fazenda Santo Antônio [314530700005]</name>
<visibility>1</visibility>
<snippet> </snippet>
<description>&lt;center&gt;&lt;table&gt;&lt;tr&gt;&lt;th colspan='2' align='center'&gt;&lt;em&gt;Attributes&lt;/em&gt;&lt;/th&gt;&lt;/tr&gt;&lt;tr bgcolor="#E3E3F3"&gt;
&lt;th&gt;CD_UF&lt;/th&gt;
&lt;td&gt;31&lt;/td&gt;
&lt;/tr&gt;&lt;tr bgcolor=""&gt;
&lt;th&gt;NM_UF&lt;/th&gt;
&lt;td&gt;Minas Gerais&lt;/td&gt;
&lt;/tr&gt;&lt;tr bgcolor="#E3E3F3"&gt;
&lt;th&gt;SIGLA_UF&lt;/th&gt;
&lt;td&gt;MG&lt;/td&gt;
&lt;/tr&gt;&lt;tr bgcolor=""&gt;
&lt;th&gt;CD_MUN&lt;/th&gt;
&lt;td&gt;3145307&lt;/td&gt;
&lt;/tr&gt;&lt;tr bgcolor="#E3E3F3"&gt;
&lt;th&gt;NM_MUN&lt;/th&gt;
&lt;td&gt;Novo Cruzeiro&lt;/td&gt;
&lt;/tr&gt;&lt;tr bgcolor=""&gt;
&lt;th&gt;CD_RGINT&lt;/th&gt;
&lt;td&gt;3103&lt;/td&gt;
&lt;/tr&gt;&lt;tr bgcolor="#E3E3F3"&gt;
&lt;th&gt;NM_RGINT&lt;/th&gt;
&lt;td&gt;Teófilo Otoni&lt;/td&gt;
&lt;/tr&gt;&lt;tr bgcolor=""&gt;
&lt;th&gt;CD_RGI&lt;/th&gt;
&lt;td&gt;310013&lt;/td&gt;
&lt;/tr&gt;&lt;tr bgcolor="#E3E3F3"&gt;
&lt;th&gt;NM_RGI&lt;/th&gt;
&lt;td&gt;Teófilo Otoni&lt;/td&gt;
&lt;/tr&gt;&lt;tr bgcolor=""&gt;
&lt;th&gt;CT_LOCALIDADE&lt;/th&gt;
&lt;td&gt;Outras Localidades&lt;/td&gt;
&lt;/tr&gt;&lt;tr bgcolor="#E3E3F3"&gt;
&lt;th&gt;SCT_LOCALIDADE&lt;/th&gt;
&lt;td&gt;&lt;/td&gt;
&lt;/tr&gt;&lt;tr bgcolor=""&gt;
&lt;th&gt;CD_LOCALIDADE&lt;/th&gt;
&lt;td&gt;314530700005&lt;/td&gt;
&lt;/tr&gt;&lt;tr bgcolor="#E3E3F3"&gt;
&lt;th&gt;NM_LOCALIDADE&lt;/th&gt;
&lt;td&gt;Fazenda Santo Antônio&lt;/td&gt;
&lt;/tr&gt;&lt;/table&gt;&lt;/center&gt;</description>
<Style>
<IconStyle>
<color>ff0069d3</color>
<scale>0.6</scale>
<Icon>
<href>http://maps.google.com/mapfiles/kml/shapes/placemark_circle.png</href>
</Icon>
</IconStyle>
<LabelStyle>
<scale>0.6</scale>
</LabelStyle>
<LineStyle>
<width>1.0</width>
<gx:labelVisibility>1</gx:labelVisibility>
</LineStyle>
</Style>
<ExtendedData>
<SchemaData schemaUrl="#kml_schema_ft_Localidades">
<SimpleData name="CD_UF">31</SimpleData>
<SimpleData name="NM_UF">Minas Gerais</SimpleData>
<SimpleData name="SIGLA_UF">MG</SimpleData>
<SimpleData name="CD_MUN">3145307</SimpleData>
<SimpleData name="NM_MUN">Novo Cruzeiro</SimpleData>
<SimpleData name="CD_RGINT">3103</SimpleData>
<SimpleData name="NM_RGINT">Teófilo Otoni</SimpleData>
<SimpleData name="CD_RGI">310013</SimpleData>
<SimpleData name="NM_RGI">Teófilo Otoni</SimpleData>
<SimpleData name="CT_LOCALIDADE">Outras Localidades</SimpleData>
<SimpleData name="CD_LOCALIDADE">314530700005</SimpleData>
<SimpleData name="NM_LOCALIDADE">Fazenda Santo Antônio</SimpleData>
</SchemaData>
</ExtendedData>
<Point>
<extrude>0</extrude>
<coordinates>-42.1051346,-17.4819877994578,0.0</coordinates>
</Point>
</Placemark>
<Placemark id="12. Outras Localidades">
<name>Grota do Triângulo [314530700006]</name>
<visibility>1</visibility>
<snippet> </snippet>
<description>&lt;center&gt;&lt;table&gt;&lt;tr&gt;&lt;th colspan='2' align='center'&gt;&lt;em&gt;Attributes&lt;/em&gt;&lt;/th&gt;&lt;/tr&gt;&lt;tr bgcolor="#E3E3F3"&gt;
&lt;th&gt;CD_UF&lt;/th&gt;
&lt;td&gt;31&lt;/td&gt;
&lt;/tr&gt;&lt;tr bgcolor=""&gt;
&lt;th&gt;NM_UF&lt;/th&gt;
&lt;td&gt;Minas Gerais&lt;/td&gt;
&lt;/tr&gt;&lt;tr bgcolor="#E3E3F3"&gt;
&lt;th&gt;SIGLA_UF&lt;/th&gt;
&lt;td&gt;MG&lt;/td&gt;
&lt;/tr&gt;&lt;tr bgcolor=""&gt;
&lt;th&gt;CD_MUN&lt;/th&gt;
&lt;td&gt;3145307&lt;/td&gt;
&lt;/tr&gt;&lt;tr bgcolor="#E3E3F3"&gt;
&lt;th&gt;NM_MUN&lt;/th&gt;
&lt;td&gt;Novo Cruzeiro&lt;/td&gt;
&lt;/tr&gt;&lt;tr bgcolor=""&gt;
&lt;th&gt;CD_RGINT&lt;/th&gt;
&lt;td&gt;3103&lt;/td&gt;
&lt;/tr&gt;&lt;tr bgcolor="#E3E3F3"&gt;
&lt;th&gt;NM_RGINT&lt;/th&gt;
&lt;td&gt;Teófilo Otoni&lt;/td&gt;
&lt;/tr&gt;&lt;tr bgcolor=""&gt;
&lt;th&gt;CD_RGI&lt;/th&gt;
&lt;td&gt;310013&lt;/td&gt;
&lt;/tr&gt;&lt;tr bgcolor="#E3E3F3"&gt;
&lt;th&gt;NM_RGI&lt;/th&gt;
&lt;td&gt;Teófilo Otoni&lt;/td&gt;
&lt;/tr&gt;&lt;tr bgcolor=""&gt;
&lt;th&gt;CT_LOCALIDADE&lt;/th&gt;
&lt;td&gt;Outras Localidades&lt;/td&gt;
&lt;/tr&gt;&lt;tr bgcolor="#E3E3F3"&gt;
&lt;th&gt;SCT_LOCALIDADE&lt;/th&gt;
&lt;td&gt;&lt;/td&gt;
&lt;/tr&gt;&lt;tr bgcolor=""&gt;
&lt;th&gt;CD_LOCALIDADE&lt;/th&gt;
&lt;td&gt;314530700006&lt;/td&gt;
&lt;/tr&gt;&lt;tr bgcolor="#E3E3F3"&gt;
&lt;th&gt;NM_LOCALIDADE&lt;/th&gt;
&lt;td&gt;Grota do Triângulo&lt;/td&gt;
&lt;/tr&gt;&lt;/table&gt;&lt;/center&gt;</description>
<Style>
<IconStyle>
<color>ff0069d3</color>
<scale>0.6</scale>
<Icon>
<href>http://maps.google.com/mapfiles/kml/shapes/placemark_circle.png</href>
</Icon>
</IconStyle>
<LabelStyle>
<scale>0.6</scale>
</LabelStyle>
<LineStyle>
<width>1.0</width>
<gx:labelVisibility>1</gx:labelVisibility>
</LineStyle>
</Style>
<ExtendedData>
<SchemaData schemaUrl="#kml_schema_ft_Localidades">
<SimpleData name="CD_UF">31</SimpleData>
<SimpleData name="NM_UF">Minas Gerais</SimpleData>
<SimpleData name="SIGLA_UF">MG</SimpleData>
<SimpleData name="CD_MUN">3145307</SimpleData>
<SimpleData name="NM_MUN">Novo Cruzeiro</SimpleData>
<SimpleData name="CD_RGINT">3103</SimpleData>
<SimpleData name="NM_RGINT">Teófilo Otoni</SimpleData>
<SimpleData name="CD_RGI">310013</SimpleData>
<SimpleData name="NM_RGI">Teófilo Otoni</SimpleData>
<SimpleData name="CT_LOCALIDADE">Outras Localidades</SimpleData>
<SimpleData name="CD_LOCALIDADE">314530700006</SimpleData>
<SimpleData name="NM_LOCALIDADE">Grota do Triângulo</SimpleData>
</SchemaData>
</ExtendedData>
<Point>
<extrude>0</extrude>
<coordinates>-41.9035049,-17.4928432994575,0.0</coordinates>
</Point>
</Placemark>
<Placemark id="12. Outras Localidades">
<name>PA Aruega [314530700007]</name>
<visibility>1</visibility>
<snippet> </snippet>
<description>&lt;center&gt;&lt;table&gt;&lt;tr&gt;&lt;th colspan='2' align='center'&gt;&lt;em&gt;Attributes&lt;/em&gt;&lt;/th&gt;&lt;/tr&gt;&lt;tr bgcolor="#E3E3F3"&gt;
&lt;th&gt;CD_UF&lt;/th&gt;
&lt;td&gt;31&lt;/td&gt;
&lt;/tr&gt;&lt;tr bgcolor=""&gt;
&lt;th&gt;NM_UF&lt;/th&gt;
&lt;td&gt;Minas Gerais&lt;/td&gt;
&lt;/tr&gt;&lt;tr bgcolor="#E3E3F3"&gt;
&lt;th&gt;SIGLA_UF&lt;/th&gt;
&lt;td&gt;MG&lt;/td&gt;
&lt;/tr&gt;&lt;tr bgcolor=""&gt;
&lt;th&gt;CD_MUN&lt;/th&gt;
&lt;td&gt;3145307&lt;/td&gt;
&lt;/tr&gt;&lt;tr bgcolor="#E3E3F3"&gt;
&lt;th&gt;NM_MUN&lt;/th&gt;
&lt;td&gt;Novo Cruzeiro&lt;/td&gt;
&lt;/tr&gt;&lt;tr bgcolor=""&gt;
&lt;th&gt;CD_RGINT&lt;/th&gt;
&lt;td&gt;3103&lt;/td&gt;
&lt;/tr&gt;&lt;tr bgcolor="#E3E3F3"&gt;
&lt;th&gt;NM_RGINT&lt;/th&gt;
&lt;td&gt;Teófilo Otoni&lt;/td&gt;
&lt;/tr&gt;&lt;tr bgcolor=""&gt;
&lt;th&gt;CD_RGI&lt;/th&gt;
&lt;td&gt;310013&lt;/td&gt;
&lt;/tr&gt;&lt;tr bgcolor="#E3E3F3"&gt;
&lt;th&gt;NM_RGI&lt;/th&gt;
&lt;td&gt;Teófilo Otoni&lt;/td&gt;
&lt;/tr&gt;&lt;tr bgcolor=""&gt;
&lt;th&gt;CT_LOCALIDADE&lt;/th&gt;
&lt;td&gt;Outras Localidades&lt;/td&gt;
&lt;/tr&gt;&lt;tr bgcolor="#E3E3F3"&gt;
&lt;th&gt;SCT_LOCALIDADE&lt;/th&gt;
&lt;td&gt;&lt;/td&gt;
&lt;/tr&gt;&lt;tr bgcolor=""&gt;
&lt;th&gt;CD_LOCALIDADE&lt;/th&gt;
&lt;td&gt;314530700007&lt;/td&gt;
&lt;/tr&gt;&lt;tr bgcolor="#E3E3F3"&gt;
&lt;th&gt;NM_LOCALIDADE&lt;/th&gt;
&lt;td&gt;PA Aruega&lt;/td&gt;
&lt;/tr&gt;&lt;/table&gt;&lt;/center&gt;</description>
<Style>
<IconStyle>
<color>ff0069d3</color>
<scale>0.6</scale>
<Icon>
<href>http://maps.google.com/mapfiles/kml/shapes/placemark_circle.png</href>
</Icon>
</IconStyle>
<LabelStyle>
<scale>0.6</scale>
</LabelStyle>
<LineStyle>
<width>1.0</width>
<gx:labelVisibility>1</gx:labelVisibility>
</LineStyle>
</Style>
<ExtendedData>
<SchemaData schemaUrl="#kml_schema_ft_Localidades">
<SimpleData name="CD_UF">31</SimpleData>
<SimpleData name="NM_UF">Minas Gerais</SimpleData>
<SimpleData name="SIGLA_UF">MG</SimpleData>
<SimpleData name="CD_MUN">3145307</SimpleData>
<SimpleData name="NM_MUN">Novo Cruzeiro</SimpleData>
<SimpleData name="CD_RGINT">3103</SimpleData>
<SimpleData name="NM_RGINT">Teófilo Otoni</SimpleData>
<SimpleData name="CD_RGI">310013</SimpleData>
<SimpleData name="NM_RGI">Teófilo Otoni</SimpleData>
<SimpleData name="CT_LOCALIDADE">Outras Localidades</SimpleData>
<SimpleData name="CD_LOCALIDADE">314530700007</SimpleData>
<SimpleData name="NM_LOCALIDADE">PA Aruega</SimpleData>
</SchemaData>
</ExtendedData>
<Point>
<extrude>0</extrude>
<coordinates>-41.9786074,-17.5044601994572,0.0</coordinates>
</Point>
</Placemark>
<Placemark id="12. Outras Localidades">
<name>Pau d'Alho [314530700009]</name>
<visibility>1</visibility>
<snippet> </snippet>
<description>&lt;center&gt;&lt;table&gt;&lt;tr&gt;&lt;th colspan='2' align='center'&gt;&lt;em&gt;Attributes&lt;/em&gt;&lt;/th&gt;&lt;/tr&gt;&lt;tr bgcolor="#E3E3F3"&gt;
&lt;th&gt;CD_UF&lt;/th&gt;
&lt;td&gt;31&lt;/td&gt;
&lt;/tr&gt;&lt;tr bgcolor=""&gt;
&lt;th&gt;NM_UF&lt;/th&gt;
&lt;td&gt;Minas Gerais&lt;/td&gt;
&lt;/tr&gt;&lt;tr bgcolor="#E3E3F3"&gt;
&lt;th&gt;SIGLA_UF&lt;/th&gt;
&lt;td&gt;MG&lt;/td&gt;
&lt;/tr&gt;&lt;tr bgcolor=""&gt;
&lt;th&gt;CD_MUN&lt;/th&gt;
&lt;td&gt;3145307&lt;/td&gt;
&lt;/tr&gt;&lt;tr bgcolor="#E3E3F3"&gt;
&lt;th&gt;NM_MUN&lt;/th&gt;
&lt;td&gt;Novo Cruzeiro&lt;/td&gt;
&lt;/tr&gt;&lt;tr bgcolor=""&gt;
&lt;th&gt;CD_RGINT&lt;/th&gt;
&lt;td&gt;3103&lt;/td&gt;
&lt;/tr&gt;&lt;tr bgcolor="#E3E3F3"&gt;
&lt;th&gt;NM_RGINT&lt;/th&gt;
&lt;td&gt;Teófilo Otoni&lt;/td&gt;
&lt;/tr&gt;&lt;tr bgcolor=""&gt;
&lt;th&gt;CD_RGI&lt;/th&gt;
&lt;td&gt;310013&lt;/td&gt;
&lt;/tr&gt;&lt;tr bgcolor="#E3E3F3"&gt;
&lt;th&gt;NM_RGI&lt;/th&gt;
&lt;td&gt;Teófilo Otoni&lt;/td&gt;
&lt;/tr&gt;&lt;tr bgcolor=""&gt;
&lt;th&gt;CT_LOCALIDADE&lt;/th&gt;
&lt;td&gt;Outras Localidades&lt;/td&gt;
&lt;/tr&gt;&lt;tr bgcolor="#E3E3F3"&gt;
&lt;th&gt;SCT_LOCALIDADE&lt;/th&gt;
&lt;td&gt;&lt;/td&gt;
&lt;/tr&gt;&lt;tr bgcolor=""&gt;
&lt;th&gt;CD_LOCALIDADE&lt;/th&gt;
&lt;td&gt;314530700009&lt;/td&gt;
&lt;/tr&gt;&lt;tr bgcolor="#E3E3F3"&gt;
&lt;th&gt;NM_LOCALIDADE&lt;/th&gt;
&lt;td&gt;Pau d'Alho&lt;/td&gt;
&lt;/tr&gt;&lt;/table&gt;&lt;/center&gt;</description>
<Style>
<IconStyle>
<color>ff0069d3</color>
<scale>0.6</scale>
<Icon>
<href>http://maps.google.com/mapfiles/kml/shapes/placemark_circle.png</href>
</Icon>
</IconStyle>
<LabelStyle>
<scale>0.6</scale>
</LabelStyle>
<LineStyle>
<width>1.0</width>
<gx:labelVisibility>1</gx:labelVisibility>
</LineStyle>
</Style>
<ExtendedData>
<SchemaData schemaUrl="#kml_schema_ft_Localidades">
<SimpleData name="CD_UF">31</SimpleData>
<SimpleData name="NM_UF">Minas Gerais</SimpleData>
<SimpleData name="SIGLA_UF">MG</SimpleData>
<SimpleData name="CD_MUN">3145307</SimpleData>
<SimpleData name="NM_MUN">Novo Cruzeiro</SimpleData>
<SimpleData name="CD_RGINT">3103</SimpleData>
<SimpleData name="NM_RGINT">Teófilo Otoni</SimpleData>
<SimpleData name="CD_RGI">310013</SimpleData>
<SimpleData name="NM_RGI">Teófilo Otoni</SimpleData>
<SimpleData name="CT_LOCALIDADE">Outras Localidades</SimpleData>
<SimpleData name="CD_LOCALIDADE">314530700009</SimpleData>
<SimpleData name="NM_LOCALIDADE">Pau d'Alho</SimpleData>
</SchemaData>
</ExtendedData>
<Point>
<extrude>0</extrude>
<coordinates>-42.132998,-17.4605007994583,0.0</coordinates>
</Point>
</Placemark>
<Placemark id="12. Outras Localidades">
<name>Assentamento Nova Vida [314530700010]</name>
<visibility>1</visibility>
<snippet> </snippet>
<description>&lt;center&gt;&lt;table&gt;&lt;tr&gt;&lt;th colspan='2' align='center'&gt;&lt;em&gt;Attributes&lt;/em&gt;&lt;/th&gt;&lt;/tr&gt;&lt;tr bgcolor="#E3E3F3"&gt;
&lt;th&gt;CD_UF&lt;/th&gt;
&lt;td&gt;31&lt;/td&gt;
&lt;/tr&gt;&lt;tr bgcolor=""&gt;
&lt;th&gt;NM_UF&lt;/th&gt;
&lt;td&gt;Minas Gerais&lt;/td&gt;
&lt;/tr&gt;&lt;tr bgcolor="#E3E3F3"&gt;
&lt;th&gt;SIGLA_UF&lt;/th&gt;
&lt;td&gt;MG&lt;/td&gt;
&lt;/tr&gt;&lt;tr bgcolor=""&gt;
&lt;th&gt;CD_MUN&lt;/th&gt;
&lt;td&gt;3145307&lt;/td&gt;
&lt;/tr&gt;&lt;tr bgcolor="#E3E3F3"&gt;
&lt;th&gt;NM_MUN&lt;/th&gt;
&lt;td&gt;Novo Cruzeiro&lt;/td&gt;
&lt;/tr&gt;&lt;tr bgcolor=""&gt;
&lt;th&gt;CD_RGINT&lt;/th&gt;
&lt;td&gt;3103&lt;/td&gt;
&lt;/tr&gt;&lt;tr bgcolor="#E3E3F3"&gt;
&lt;th&gt;NM_RGINT&lt;/th&gt;
&lt;td&gt;Teófilo Otoni&lt;/td&gt;
&lt;/tr&gt;&lt;tr bgcolor=""&gt;
&lt;th&gt;CD_RGI&lt;/th&gt;
&lt;td&gt;310013&lt;/td&gt;
&lt;/tr&gt;&lt;tr bgcolor="#E3E3F3"&gt;
&lt;th&gt;NM_RGI&lt;/th&gt;
&lt;td&gt;Teófilo Otoni&lt;/td&gt;
&lt;/tr&gt;&lt;tr bgcolor=""&gt;
&lt;th&gt;CT_LOCALIDADE&lt;/th&gt;
&lt;td&gt;Outras Localidades&lt;/td&gt;
&lt;/tr&gt;&lt;tr bgcolor="#E3E3F3"&gt;
&lt;th&gt;SCT_LOCALIDADE&lt;/th&gt;
&lt;td&gt;&lt;/td&gt;
&lt;/tr&gt;&lt;tr bgcolor=""&gt;
&lt;th&gt;CD_LOCALIDADE&lt;/th&gt;
&lt;td&gt;314530700010&lt;/td&gt;
&lt;/tr&gt;&lt;tr bgcolor="#E3E3F3"&gt;
&lt;th&gt;NM_LOCALIDADE&lt;/th&gt;
&lt;td&gt;Assentamento Nova Vida&lt;/td&gt;
&lt;/tr&gt;&lt;/table&gt;&lt;/center&gt;</description>
<Style>
<IconStyle>
<color>ff0069d3</color>
<scale>0.6</scale>
<Icon>
<href>http://maps.google.com/mapfiles/kml/shapes/placemark_circle.png</href>
</Icon>
</IconStyle>
<LabelStyle>
<scale>0.6</scale>
</LabelStyle>
<LineStyle>
<width>1.0</width>
<gx:labelVisibility>1</gx:labelVisibility>
</LineStyle>
</Style>
<ExtendedData>
<SchemaData schemaUrl="#kml_schema_ft_Localidades">
<SimpleData name="CD_UF">31</SimpleData>
<SimpleData name="NM_UF">Minas Gerais</SimpleData>
<SimpleData name="SIGLA_UF">MG</SimpleData>
<SimpleData name="CD_MUN">3145307</SimpleData>
<SimpleData name="NM_MUN">Novo Cruzeiro</SimpleData>
<SimpleData name="CD_RGINT">3103</SimpleData>
<SimpleData name="NM_RGINT">Teófilo Otoni</SimpleData>
<SimpleData name="CD_RGI">310013</SimpleData>
<SimpleData name="NM_RGI">Teófilo Otoni</SimpleData>
<SimpleData name="CT_LOCALIDADE">Outras Localidades</SimpleData>
<SimpleData name="CD_LOCALIDADE">314530700010</SimpleData>
<SimpleData name="NM_LOCALIDADE">Assentamento Nova Vida</SimpleData>
</SchemaData>
</ExtendedData>
<Point>
<extrude>0</extrude>
<coordinates>-41.8898339,-17.4152210994596,0.0</coordinates>
</Point>
</Placemark>
<Placemark id="12. Outras Localidades">
<name>Córrego Barreiro [314530700011]</name>
<visibility>1</visibility>
<snippet> </snippet>
<description>&lt;center&gt;&lt;table&gt;&lt;tr&gt;&lt;th colspan='2' align='center'&gt;&lt;em&gt;Attributes&lt;/em&gt;&lt;/th&gt;&lt;/tr&gt;&lt;tr bgcolor="#E3E3F3"&gt;
&lt;th&gt;CD_UF&lt;/th&gt;
&lt;td&gt;31&lt;/td&gt;
&lt;/tr&gt;&lt;tr bgcolor=""&gt;
&lt;th&gt;NM_UF&lt;/th&gt;
&lt;td&gt;Minas Gerais&lt;/td&gt;
&lt;/tr&gt;&lt;tr bgcolor="#E3E3F3"&gt;
&lt;th&gt;SIGLA_UF&lt;/th&gt;
&lt;td&gt;MG&lt;/td&gt;
&lt;/tr&gt;&lt;tr bgcolor=""&gt;
&lt;th&gt;CD_MUN&lt;/th&gt;
&lt;td&gt;3145307&lt;/td&gt;
&lt;/tr&gt;&lt;tr bgcolor="#E3E3F3"&gt;
&lt;th&gt;NM_MUN&lt;/th&gt;
&lt;td&gt;Novo Cruzeiro&lt;/td&gt;
&lt;/tr&gt;&lt;tr bgcolor=""&gt;
&lt;th&gt;CD_RGINT&lt;/th&gt;
&lt;td&gt;3103&lt;/td&gt;
&lt;/tr&gt;&lt;tr bgcolor="#E3E3F3"&gt;
&lt;th&gt;NM_RGINT&lt;/th&gt;
&lt;td&gt;Teófilo Otoni&lt;/td&gt;
&lt;/tr&gt;&lt;tr bgcolor=""&gt;
&lt;th&gt;CD_RGI&lt;/th&gt;
&lt;td&gt;310013&lt;/td&gt;
&lt;/tr&gt;&lt;tr bgcolor="#E3E3F3"&gt;
&lt;th&gt;NM_RGI&lt;/th&gt;
&lt;td&gt;Teófilo Otoni&lt;/td&gt;
&lt;/tr&gt;&lt;tr bgcolor=""&gt;
&lt;th&gt;CT_LOCALIDADE&lt;/th&gt;
&lt;td&gt;Outras Localidades&lt;/td&gt;
&lt;/tr&gt;&lt;tr bgcolor="#E3E3F3"&gt;
&lt;th&gt;SCT_LOCALIDADE&lt;/th&gt;
&lt;td&gt;&lt;/td&gt;
&lt;/tr&gt;&lt;tr bgcolor=""&gt;
&lt;th&gt;CD_LOCALIDADE&lt;/th&gt;
&lt;td&gt;314530700011&lt;/td&gt;
&lt;/tr&gt;&lt;tr bgcolor="#E3E3F3"&gt;
&lt;th&gt;NM_LOCALIDADE&lt;/th&gt;
&lt;td&gt;Córrego Barreiro&lt;/td&gt;
&lt;/tr&gt;&lt;/table&gt;&lt;/center&gt;</description>
<Style>
<IconStyle>
<color>ff0069d3</color>
<scale>0.6</scale>
<Icon>
<href>http://maps.google.com/mapfiles/kml/shapes/placemark_circle.png</href>
</Icon>
</IconStyle>
<LabelStyle>
<scale>0.6</scale>
</LabelStyle>
<LineStyle>
<width>1.0</width>
<gx:labelVisibility>1</gx:labelVisibility>
</LineStyle>
</Style>
<ExtendedData>
<SchemaData schemaUrl="#kml_schema_ft_Localidades">
<SimpleData name="CD_UF">31</SimpleData>
<SimpleData name="NM_UF">Minas Gerais</SimpleData>
<SimpleData name="SIGLA_UF">MG</SimpleData>
<SimpleData name="CD_MUN">3145307</SimpleData>
<SimpleData name="NM_MUN">Novo Cruzeiro</SimpleData>
<SimpleData name="CD_RGINT">3103</SimpleData>
<SimpleData name="NM_RGINT">Teófilo Otoni</SimpleData>
<SimpleData name="CD_RGI">310013</SimpleData>
<SimpleData name="NM_RGI">Teófilo Otoni</SimpleData>
<SimpleData name="CT_LOCALIDADE">Outras Localidades</SimpleData>
<SimpleData name="CD_LOCALIDADE">314530700011</SimpleData>
<SimpleData name="NM_LOCALIDADE">Córrego Barreiro</SimpleData>
</SchemaData>
</ExtendedData>
<Point>
<extrude>0</extrude>
<coordinates>-41.9622821,-17.2443808994642,0.0</coordinates>
</Point>
</Placemark>
<Placemark id="12. Outras Localidades">
<name>Córrego do Gato [314530700012]</name>
<visibility>1</visibility>
<snippet> </snippet>
<description>&lt;center&gt;&lt;table&gt;&lt;tr&gt;&lt;th colspan='2' align='center'&gt;&lt;em&gt;Attributes&lt;/em&gt;&lt;/th&gt;&lt;/tr&gt;&lt;tr bgcolor="#E3E3F3"&gt;
&lt;th&gt;CD_UF&lt;/th&gt;
&lt;td&gt;31&lt;/td&gt;
&lt;/tr&gt;&lt;tr bgcolor=""&gt;
&lt;th&gt;NM_UF&lt;/th&gt;
&lt;td&gt;Minas Gerais&lt;/td&gt;
&lt;/tr&gt;&lt;tr bgcolor="#E3E3F3"&gt;
&lt;th&gt;SIGLA_UF&lt;/th&gt;
&lt;td&gt;MG&lt;/td&gt;
&lt;/tr&gt;&lt;tr bgcolor=""&gt;
&lt;th&gt;CD_MUN&lt;/th&gt;
&lt;td&gt;3145307&lt;/td&gt;
&lt;/tr&gt;&lt;tr bgcolor="#E3E3F3"&gt;
&lt;th&gt;NM_MUN&lt;/th&gt;
&lt;td&gt;Novo Cruzeiro&lt;/td&gt;
&lt;/tr&gt;&lt;tr bgcolor=""&gt;
&lt;th&gt;CD_RGINT&lt;/th&gt;
&lt;td&gt;3103&lt;/td&gt;
&lt;/tr&gt;&lt;tr bgcolor="#E3E3F3"&gt;
&lt;th&gt;NM_RGINT&lt;/th&gt;
&lt;td&gt;Teófilo Otoni&lt;/td&gt;
&lt;/tr&gt;&lt;tr bgcolor=""&gt;
&lt;th&gt;CD_RGI&lt;/th&gt;
&lt;td&gt;310013&lt;/td&gt;
&lt;/tr&gt;&lt;tr bgcolor="#E3E3F3"&gt;
&lt;th&gt;NM_RGI&lt;/th&gt;
&lt;td&gt;Teófilo Otoni&lt;/td&gt;
&lt;/tr&gt;&lt;tr bgcolor=""&gt;
&lt;th&gt;CT_LOCALIDADE&lt;/th&gt;
&lt;td&gt;Outras Localidades&lt;/td&gt;
&lt;/tr&gt;&lt;tr bgcolor="#E3E3F3"&gt;
&lt;th&gt;SCT_LOCALIDADE&lt;/th&gt;
&lt;td&gt;&lt;/td&gt;
&lt;/tr&gt;&lt;tr bgcolor=""&gt;
&lt;th&gt;CD_LOCALIDADE&lt;/th&gt;
&lt;td&gt;314530700012&lt;/td&gt;
&lt;/tr&gt;&lt;tr bgcolor="#E3E3F3"&gt;
&lt;th&gt;NM_LOCALIDADE&lt;/th&gt;
&lt;td&gt;Córrego do Gato&lt;/td&gt;
&lt;/tr&gt;&lt;/table&gt;&lt;/center&gt;</description>
<Style>
<IconStyle>
<color>ff0069d3</color>
<scale>0.6</scale>
<Icon>
<href>http://maps.google.com/mapfiles/kml/shapes/placemark_circle.png</href>
</Icon>
</IconStyle>
<LabelStyle>
<scale>0.6</scale>
</LabelStyle>
<LineStyle>
<width>1.0</width>
<gx:labelVisibility>1</gx:labelVisibility>
</LineStyle>
</Style>
<ExtendedData>
<SchemaData schemaUrl="#kml_schema_ft_Localidades">
<SimpleData name="CD_UF">31</SimpleData>
<SimpleData name="NM_UF">Minas Gerais</SimpleData>
<SimpleData name="SIGLA_UF">MG</SimpleData>
<SimpleData name="CD_MUN">3145307</SimpleData>
<SimpleData name="NM_MUN">Novo Cruzeiro</SimpleData>
<SimpleData name="CD_RGINT">3103</SimpleData>
<SimpleData name="NM_RGINT">Teófilo Otoni</SimpleData>
<SimpleData name="CD_RGI">310013</SimpleData>
<SimpleData name="NM_RGI">Teófilo Otoni</SimpleData>
<SimpleData name="CT_LOCALIDADE">Outras Localidades</SimpleData>
<SimpleData name="CD_LOCALIDADE">314530700012</SimpleData>
<SimpleData name="NM_LOCALIDADE">Córrego do Gato</SimpleData>
</SchemaData>
</ExtendedData>
<Point>
<extrude>0</extrude>
<coordinates>-41.7828338,-17.4478768994587,0.0</coordinates>
</Point>
</Placemark>
<Placemark id="12. Outras Localidades">
<name>Capoeira Grande [314530700013]</name>
<visibility>1</visibility>
<snippet> </snippet>
<description>&lt;center&gt;&lt;table&gt;&lt;tr&gt;&lt;th colspan='2' align='center'&gt;&lt;em&gt;Attributes&lt;/em&gt;&lt;/th&gt;&lt;/tr&gt;&lt;tr bgcolor="#E3E3F3"&gt;
&lt;th&gt;CD_UF&lt;/th&gt;
&lt;td&gt;31&lt;/td&gt;
&lt;/tr&gt;&lt;tr bgcolor=""&gt;
&lt;th&gt;NM_UF&lt;/th&gt;
&lt;td&gt;Minas Gerais&lt;/td&gt;
&lt;/tr&gt;&lt;tr bgcolor="#E3E3F3"&gt;
&lt;th&gt;SIGLA_UF&lt;/th&gt;
&lt;td&gt;MG&lt;/td&gt;
&lt;/tr&gt;&lt;tr bgcolor=""&gt;
&lt;th&gt;CD_MUN&lt;/th&gt;
&lt;td&gt;3145307&lt;/td&gt;
&lt;/tr&gt;&lt;tr bgcolor="#E3E3F3"&gt;
&lt;th&gt;NM_MUN&lt;/th&gt;
&lt;td&gt;Novo Cruzeiro&lt;/td&gt;
&lt;/tr&gt;&lt;tr bgcolor=""&gt;
&lt;th&gt;CD_RGINT&lt;/th&gt;
&lt;td&gt;3103&lt;/td&gt;
&lt;/tr&gt;&lt;tr bgcolor="#E3E3F3"&gt;
&lt;th&gt;NM_RGINT&lt;/th&gt;
&lt;td&gt;Teófilo Otoni&lt;/td&gt;
&lt;/tr&gt;&lt;tr bgcolor=""&gt;
&lt;th&gt;CD_RGI&lt;/th&gt;
&lt;td&gt;310013&lt;/td&gt;
&lt;/tr&gt;&lt;tr bgcolor="#E3E3F3"&gt;
&lt;th&gt;NM_RGI&lt;/th&gt;
&lt;td&gt;Teófilo Otoni&lt;/td&gt;
&lt;/tr&gt;&lt;tr bgcolor=""&gt;
&lt;th&gt;CT_LOCALIDADE&lt;/th&gt;
&lt;td&gt;Outras Localidades&lt;/td&gt;
&lt;/tr&gt;&lt;tr bgcolor="#E3E3F3"&gt;
&lt;th&gt;SCT_LOCALIDADE&lt;/th&gt;
&lt;td&gt;&lt;/td&gt;
&lt;/tr&gt;&lt;tr bgcolor=""&gt;
&lt;th&gt;CD_LOCALIDADE&lt;/th&gt;
&lt;td&gt;314530700013&lt;/td&gt;
&lt;/tr&gt;&lt;tr bgcolor="#E3E3F3"&gt;
&lt;th&gt;NM_LOCALIDADE&lt;/th&gt;
&lt;td&gt;Capoeira Grande&lt;/td&gt;
&lt;/tr&gt;&lt;/table&gt;&lt;/center&gt;</description>
<Style>
<IconStyle>
<color>ff0069d3</color>
<scale>0.6</scale>
<Icon>
<href>http://maps.google.com/mapfiles/kml/shapes/placemark_circle.png</href>
</Icon>
</IconStyle>
<LabelStyle>
<scale>0.6</scale>
</LabelStyle>
<LineStyle>
<width>1.0</width>
<gx:labelVisibility>1</gx:labelVisibility>
</LineStyle>
</Style>
<ExtendedData>
<SchemaData schemaUrl="#kml_schema_ft_Localidades">
<SimpleData name="CD_UF">31</SimpleData>
<SimpleData name="NM_UF">Minas Gerais</SimpleData>
<SimpleData name="SIGLA_UF">MG</SimpleData>
<SimpleData name="CD_MUN">3145307</SimpleData>
<SimpleData name="NM_MUN">Novo Cruzeiro</SimpleData>
<SimpleData name="CD_RGINT">3103</SimpleData>
<SimpleData name="NM_RGINT">Teófilo Otoni</SimpleData>
<SimpleData name="CD_RGI">310013</SimpleData>
<SimpleData name="NM_RGI">Teófilo Otoni</SimpleData>
<SimpleData name="CT_LOCALIDADE">Outras Localidades</SimpleData>
<SimpleData name="CD_LOCALIDADE">314530700013</SimpleData>
<SimpleData name="NM_LOCALIDADE">Capoeira Grande</SimpleData>
</SchemaData>
</ExtendedData>
<Point>
<extrude>0</extrude>
<coordinates>-42.142698,-17.4863449994576,0.0</coordinates>
</Point>
</Placemark>
</Folder>
<Folder id="13. Referência">
<name>13. Referência</name>
<Placemark id="13. Referência">
<name>Novo Cruzeiro [3145307]</name>
<visibility>1</visibility>
<snippet> </snippet>
<description>&lt;center&gt;&lt;table&gt;&lt;tr&gt;&lt;th colspan='2' align='center'&gt;&lt;em&gt;Attributes&lt;/em&gt;&lt;/th&gt;&lt;/tr&gt;&lt;tr bgcolor="#E3E3F3"&gt;
&lt;th&gt;CD_UF&lt;/th&gt;
&lt;td&gt;31&lt;/td&gt;
&lt;/tr&gt;&lt;tr bgcolor=""&gt;
&lt;th&gt;NM_UF&lt;/th&gt;
&lt;td&gt;Minas Gerais&lt;/td&gt;
&lt;/tr&gt;&lt;tr bgcolor="#E3E3F3"&gt;
&lt;th&gt;CD_MUN&lt;/th&gt;
&lt;td&gt;3145307&lt;/td&gt;
&lt;/tr&gt;&lt;tr bgcolor=""&gt;
&lt;th&gt;NM_MUN&lt;/th&gt;
&lt;td&gt;Novo Cruzeiro&lt;/td&gt;
&lt;/tr&gt;&lt;tr bgcolor="#E3E3F3"&gt;
&lt;th&gt;CD_RGINT&lt;/th&gt;
&lt;td&gt;3103&lt;/td&gt;
&lt;/tr&gt;&lt;tr bgcolor=""&gt;
&lt;th&gt;NM_RGINT&lt;/th&gt;
&lt;td&gt;Teófilo Otoni&lt;/td&gt;
&lt;/tr&gt;&lt;tr bgcolor="#E3E3F3"&gt;
&lt;th&gt;CD_RGI&lt;/th&gt;
&lt;td&gt;310013&lt;/td&gt;
&lt;/tr&gt;&lt;tr bgcolor=""&gt;
&lt;th&gt;NM_RGI&lt;/th&gt;
&lt;td&gt;Teófilo Otoni&lt;/td&gt;
&lt;/tr&gt;&lt;/table&gt;&lt;/center&gt;</description>
<Style>
<IconStyle>
<scale>0.7</scale>
</IconStyle>
<LabelStyle>
<scale>0.7</scale>
</LabelStyle>
<LineStyle>
<color>ffffffff</color>
<width>3</width>
<gx:labelVisibility>1</gx:labelVisibility>
</LineStyle>
<PolyStyle>
<color>00ffffff</color>
</PolyStyle>
</Style>
<ExtendedData>
<SchemaData schemaUrl="#kml_schema_ft_Município">
<SimpleData name="CD_UF">31</SimpleData>
<SimpleData name="NM_UF">Minas Gerais</SimpleData>
<SimpleData name="CD_MUN">3145307</SimpleData>
<SimpleData name="NM_MUN">Novo Cruzeiro</SimpleData>
<SimpleData name="CD_RGINT">3103</SimpleData>
<SimpleData name="NM_RGINT">Teófilo Otoni</SimpleData>
<SimpleData name="CD_RGI">310013</SimpleData>
<SimpleData name="NM_RGI">Teófilo Otoni</SimpleData>
</SchemaData>
</ExtendedData>
<MultiGeometry>
<Polygon>
<extrude>0</extrude>
<tessellate>1</tessellate>
<outerBoundaryIs>
<LinearRing>
<coordinates>-41.9621928,-17.0778363994687,0.0 -41.962047,-17.0777049994687,0.0 -41.961187,-17.0768719994688,0.0 -41.961093,-17.0764339994688,0.0 -41.96104,-17.0762629994688,0.0 -41.960903,-17.0759719994688,0.0 -41.960713,-17.0755329994688,0.0 -41.960596,-17.0750489994688,0.0 -41.960502,-17.0745869994688,0.0 -41.960384,-17.0741489994688,0.0 -41.960242,-17.0736639994688,0.0 -41.95998,-17.0732709994688,0.0 -41.95967,-17.0729009994689,0.0 -41.959191,-17.0728299994689,0.0 -41.958806,-17.0731049994689,0.0 -41.958302,-17.0733339994688,0.0 -41.957893,-17.0735629994688,0.0 -41.957437,-17.0738839994688,0.0 -41.956908,-17.0742039994688,0.0 -41.956499,-17.0745249994688,0.0 -41.956115,-17.0747779994688,0.0 -41.955754,-17.0750529994688,0.0 -41.955345,-17.0754659994688,0.0 -41.95496,-17.0757409994688,0.0 -41.954599,-17.0760169994688,0.0 -41.954215,-17.0762689994688,0.0 -41.953878,-17.0765669994688,0.0 -41.953469,-17.0769339994688,0.0 -41.953083,-17.0773709994687,0.0 -41.95277,-17.0777149994687,0.0 -41.952385,-17.0780829994687,0.0 -41.951952,-17.0784729994687,0.0 -41.951591,-17.0788169994687,0.0 -41.951158,-17.0791379994687,0.0 -41.950773,-17.0795519994687,0.0 -41.950412,-17.0799189994687,0.0 -41.950099,-17.0802869994687,0.0 -41.949689,-17.0807689994686,0.0 -41.9494,-17.0812059994686,0.0 -41.949087,-17.0815739994686,0.0 -41.948678,-17.0819639994686,0.0 -41.948365,-17.0823089994686,0.0 -41.947859,-17.0827449994686,0.0 -41.94745,-17.0830659994686,0.0 -41.946585,-17.0836619994686,0.0 -41.946224,-17.0840059994686,0.0 -41.945839,-17.0843279994685,0.0 -41.945358,-17.0847639994685,0.0 -41.944901,-17.0851539994685,0.0 -41.944468,-17.0854979994685,0.0 -41.944011,-17.0858879994685,0.0 -41.943314,-17.0863459994685,0.0 -41.942809,-17.0866439994685,0.0 -41.942329,-17.0868729994685,0.0 -41.941728,-17.0871699994685,0.0 -41.941319,-17.0874909994685,0.0 -41.940862,-17.0877889994685,0.0 -41.940454,-17.0880409994684,0.0 -41.939589,-17.0885449994684,0.0 -41.939036,-17.0889349994684,0.0 -41.938675,-17.0892329994684,0.0 -41.938146,-17.0896459994684,0.0 -41.937809,-17.0900129994684,0.0 -41.937327,-17.0904949994684,0.0 -41.936845,-17.0910239994684,0.0 -41.936412,-17.0914369994684,0.0 -41.936051,-17.0917349994683,0.0 -41.935474,-17.0921479994683,0.0 -41.934993,-17.0924229994683,0.0 -41.934344,-17.0928349994683,0.0 -41.933936,-17.0930409994683,0.0 -41.933504,-17.0932699994683,0.0 -41.932999,-17.0934749994683,0.0 -41.932495,-17.0936579994683,0.0 -41.931967,-17.0938859994683,0.0 -41.931199,-17.0940669994683,0.0 -41.930623,-17.0942959994683,0.0 -41.930166,-17.0944319994683,0.0 -41.929687,-17.0945219994683,0.0 -41.929087,-17.0946119994683,0.0 -41.928631,-17.0946799994683,0.0 -41.928128,-17.0947239994683,0.0 -41.927624,-17.0947909994683,0.0 -41.927024,-17.0948579994683,0.0 -41.926473,-17.0948549994683,0.0 -41.925849,-17.0949909994683,0.0 -41.925273,-17.0950809994683,0.0 -41.92465,-17.0951709994683,0.0 -41.923499,-17.0951659994683,0.0 -41.922851,-17.0952559994683,0.0 -41.922348,-17.0953229994682,0.0 -41.921796,-17.0953439994683,0.0 -41.921316,-17.0954339994682,0.0 -41.920813,-17.0954319994682,0.0 -41.920213,-17.0954989994682,0.0 -41.919758,-17.0954739994682,0.0 -41.918583,-17.0954689994683,0.0 -41.918104,-17.0955129994682,0.0 -41.917576,-17.0956029994683,0.0 -41.917048,-17.0956469994682,0.0 -41.916425,-17.0957829994682,0.0 -41.915897,-17.0958499994682,0.0 -41.915297,-17.0960319994682,0.0 -41.914864,-17.0962609994682,0.0 -41.914024,-17.0966259994682,0.0 -41.913591,-17.0968319994682,0.0 -41.913063,-17.0970139994682,0.0 -41.912559,-17.0971269994682,0.0 -41.912007,-17.0972399994682,0.0 -41.911527,-17.0973079994682,0.0 -41.910999,-17.0974669994682,0.0 -41.910351,-17.0976489994682,0.0 -41.909775,-17.0978999994682,0.0 -41.909295,-17.0980129994682,0.0 -41.90879,-17.0982179994682,0.0 -41.908334,-17.0983319994682,0.0 -41.907807,-17.0983989994682,0.0 -41.906704,-17.0983939994682,0.0 -41.906081,-17.0983689994682,0.0 -41.905577,-17.0983669994682,0.0 -41.90493,-17.0984099994682,0.0 -41.904426,-17.0984769994682,0.0 -41.903707,-17.0985429994682,0.0 -41.903131,-17.0986329994682,0.0 -41.902675,-17.0987239994682,0.0 -41.902195,-17.0988599994682,0.0 -41.901643,-17.0989729994682,0.0 -41.901067,-17.0991319994681,0.0 -41.900419,-17.0993599994681,0.0 -41.90001,-17.0995889994681,0.0 -41.899506,-17.0997709994681,0.0 -41.899002,-17.0999299994681,0.0 -41.898522,-17.1000899994681,0.0 -41.897945,-17.1002719994681,0.0 -41.897442,-17.1003619994681,0.0 -41.896914,-17.1004519994681,0.0 -41.896458,-17.1005419994681,0.0 -41.895187,-17.1005369994681,0.0 -41.89466,-17.1004649994681,0.0 -41.894205,-17.1003479994681,0.0 -41.89375,-17.1002999994681,0.0 -41.893128,-17.1000899994681,0.0 -41.892601,-17.0998799994681,0.0 -41.892003,-17.0996929994681,0.0 -41.891547,-17.0996449994681,0.0 -41.890924,-17.0996429994681,0.0 -41.890445,-17.0995029994681,0.0 -41.889991,-17.0992929994681,0.0 -41.889488,-17.0990369994681,0.0 -41.889034,-17.0988969994682,0.0 -41.888579,-17.0987109994682,0.0 -41.888172,-17.0985019994682,0.0 -41.887718,-17.0983149994682,0.0 -41.887238,-17.0982899994682,0.0 -41.886783,-17.0982419994682,0.0 -41.886328,-17.0982169994682,0.0 -41.885848,-17.0983069994682,0.0 -41.884793,-17.0983029994682,0.0 -41.884289,-17.0984849994682,0.0 -41.88376,-17.0986669994682,0.0 -41.883304,-17.0989419994682,0.0 -41.882247,-17.0994449994681,0.0 -41.881838,-17.0996509994681,0.0 -41.881309,-17.0999019994681,0.0 -41.880781,-17.1000609994681,0.0 -41.880325,-17.1001979994681,0.0 -41.879797,-17.1003339994681,0.0 -41.879268,-17.1006079994681,0.0 -41.878788,-17.1008369994681,0.0 -41.878356,-17.1010189994681,0.0 -41.877539,-17.1014309994681,0.0 -41.87713,-17.1016829994681,0.0 -41.876697,-17.1020029994681,0.0 -41.87636,-17.1023019994681,0.0 -41.875975,-17.1025769994681,0.0 -41.875301,-17.103172999468,0.0 -41.874939,-17.103609999468,0.0 -41.87465,-17.104046999468,0.0 -41.874336,-17.104413999468,0.0 -41.874022,-17.105057999468,0.0 -41.873732,-17.105494999468,0.0 -41.873466,-17.105954999468,0.0 -41.873152,-17.1063919994679,0.0 -41.872791,-17.1068279994679,0.0 -41.872333,-17.1071949994679,0.0 -41.871901,-17.1074699994679,0.0 -41.87142,-17.1076989994679,0.0 -41.870508,-17.1080169994679,0.0 -41.870027,-17.1082229994679,0.0 -41.869571,-17.1083589994679,0.0 -41.869042,-17.1085869994679,0.0 -41.868586,-17.1087469994679,0.0 -41.868198,-17.1088379994679,0.0 -41.868583,-17.1093459994679,0.0 -41.86887,-17.1096929994679,0.0 -41.869155,-17.1101099994678,0.0 -41.869369,-17.1105259994678,0.0 -41.869534,-17.1110569994678,0.0 -41.869676,-17.1114949994678,0.0 -41.869746,-17.1119339994678,0.0 -41.869768,-17.1123719994678,0.0 -41.869837,-17.1129709994678,0.0 -41.869907,-17.1134329994678,0.0 -41.869953,-17.1139629994677,0.0 -41.869926,-17.1145399994677,0.0 -41.869827,-17.1151389994677,0.0 -41.869777,-17.1156689994677,0.0 -41.869774,-17.1161759994677,0.0 -41.86994,-17.1165909994677,0.0 -41.87013,-17.1170069994677,0.0 -41.870104,-17.1174449994676,0.0 -41.86991,-17.1179979994676,0.0 -41.869692,-17.1183889994676,0.0 -41.869306,-17.1188709994676,0.0 -41.868921,-17.1192379994676,0.0 -41.868584,-17.1196059994676,0.0 -41.868078,-17.1200189994676,0.0 -41.867597,-17.1203389994676,0.0 -41.867165,-17.1205219994676,0.0 -41.866684,-17.1207269994676,0.0 -41.866204,-17.1209099994675,0.0 -41.865339,-17.1212749994675,0.0 -41.864739,-17.1214109994675,0.0 -41.864211,-17.1214549994675,0.0 -41.863612,-17.1215209994675,0.0 -41.863084,-17.1215879994675,0.0 -41.861453,-17.1215809994675,0.0 -41.860901,-17.1217399994675,0.0 -41.860445,-17.1218759994675,0.0 -41.859965,-17.1220359994675,0.0 -41.859485,-17.1221489994675,0.0 -41.858909,-17.1221919994675,0.0 -41.858453,-17.1222829994675,0.0 -41.857806,-17.1223259994675,0.0 -41.85723,-17.1223699994675,0.0 -41.856774,-17.1225059994675,0.0 -41.856174,-17.1225959994675,0.0 -41.855718,-17.1226399994675,0.0 -41.855238,-17.1227299994675,0.0 -41.854782,-17.1227509994675,0.0 -41.854303,-17.1227029994675,0.0 -41.853848,-17.1226779994675,0.0 -41.853273,-17.1225829994675,0.0 -41.852625,-17.1225799994675,0.0 -41.852122,-17.1226239994675,0.0 -41.851474,-17.1226209994675,0.0 -41.850802,-17.1227099994675,0.0 -41.850154,-17.1228459994675,0.0 -41.84929,-17.1231649994675,0.0 -41.848833,-17.1233469994675,0.0 -41.848185,-17.1236209994675,0.0 -41.847584,-17.1238949994675,0.0 -41.847008,-17.1240309994675,0.0 -41.846384,-17.1241669994675,0.0 -41.845903,-17.1243029994675,0.0 -41.845303,-17.1244389994675,0.0 -41.844824,-17.1244829994675,0.0 -41.844128,-17.1245949994675,0.0 -41.843552,-17.1247079994675,0.0 -41.843047,-17.1248899994674,0.0 -41.842447,-17.1250949994674,0.0 -41.841967,-17.1252309994674,0.0 -41.841486,-17.1254129994674,0.0 -41.84091,-17.1255489994674,0.0 -41.840406,-17.1256849994674,0.0 -41.839902,-17.1258439994674,0.0 -41.839421,-17.1260259994674,0.0 -41.838941,-17.1261859994674,0.0 -41.83846,-17.1264599994674,0.0 -41.838075,-17.1268039994674,0.0 -41.83769,-17.1271019994674,0.0 -41.8374,-17.1274469994674,0.0 -41.837063,-17.1278599994674,0.0 -41.836653,-17.1283429994674,0.0 -41.836291,-17.1286639994673,0.0 -41.83593,-17.1289389994673,0.0 -41.835498,-17.1291449994673,0.0 -41.834993,-17.1294649994673,0.0 -41.834536,-17.1297169994673,0.0 -41.834103,-17.1299679994673,0.0 -41.833622,-17.1302659994673,0.0 -41.833261,-17.1305639994673,0.0 -41.832252,-17.1310209994673,0.0 -41.831843,-17.1312259994673,0.0 -41.831362,-17.1315009994673,0.0 -41.830905,-17.1318679994673,0.0 -41.830543,-17.1322349994672,0.0 -41.830158,-17.1326019994672,0.0 -41.829748,-17.1330149994672,0.0 -41.829291,-17.1333589994672,0.0 -41.828857,-17.1338179994672,0.0 -41.828448,-17.1341159994672,0.0 -41.828039,-17.1345059994672,0.0 -41.827653,-17.1348039994672,0.0 -41.827172,-17.1351249994672,0.0 -41.826643,-17.1353989994672,0.0 -41.826139,-17.1356509994672,0.0 -41.825611,-17.1357179994672,0.0 -41.824939,-17.1357149994672,0.0 -41.824484,-17.1357359994672,0.0 -41.82386,-17.1357329994671,0.0 -41.823333,-17.1357529994672,0.0 -41.822782,-17.1355659994672,0.0 -41.822351,-17.1353339994672,0.0 -41.821849,-17.1351009994672,0.0 -41.821467,-17.1347999994672,0.0 -41.821013,-17.1345209994672,0.0 -41.820583,-17.1341499994672,0.0 -41.820128,-17.1339409994672,0.0 -41.819578,-17.1336149994672,0.0 -41.819124,-17.1334059994672,0.0 -41.818645,-17.1331269994672,0.0 -41.818191,-17.1328939994672,0.0 -41.817641,-17.1326379994672,0.0 -41.817018,-17.1324279994672,0.0 -41.816564,-17.1322409994672,0.0 -41.815941,-17.1320539994672,0.0 -41.815271,-17.1318669994673,0.0 -41.814792,-17.1317719994673,0.0 -41.814336,-17.1317239994673,0.0 -41.813833,-17.1316529994673,0.0 -41.812731,-17.1315089994673,0.0 -41.81218,-17.1314139994673,0.0 -41.811365,-17.1312949994673,0.0 -41.810214,-17.1312899994673,0.0 -41.80971,-17.1313799994673,0.0 -41.80923,-17.1314239994673,0.0 -41.808655,-17.1314209994673,0.0 -41.80815,-17.1315569994673,0.0 -41.807718,-17.1317169994673,0.0 -41.806925,-17.1320129994673,0.0 -41.806348,-17.1323099994672,0.0 -41.805796,-17.1324689994672,0.0 -41.80534,-17.1326049994672,0.0 -41.804691,-17.1327869994672,0.0 -41.804235,-17.1328999994672,0.0 -41.803635,-17.1330119994672,0.0 -41.803083,-17.1331479994672,0.0 -41.802531,-17.1333069994672,0.0 -41.801954,-17.1334659994672,0.0 -41.801426,-17.1336479994672,0.0 -41.800873,-17.1338529994672,0.0 -41.800321,-17.1340349994672,0.0 -41.799744,-17.1342389994672,0.0 -41.79924,-17.1344449994672,0.0 -41.798759,-17.1346729994672,0.0 -41.798326,-17.1349009994672,0.0 -41.797869,-17.1352909994672,0.0 -41.797363,-17.1356809994672,0.0 -41.796953,-17.1360939994671,0.0 -41.796567,-17.1365299994671,0.0 -41.796181,-17.1370359994671,0.0 -41.795892,-17.1374029994671,0.0 -41.795506,-17.1378629994671,0.0 -41.795144,-17.1382989994671,0.0 -41.794878,-17.1386899994671,0.0 -41.79466,-17.1390809994671,0.0 -41.794442,-17.139517999467,0.0 -41.794248,-17.140023999467,0.0 -41.794006,-17.140437999467,0.0 -41.793739,-17.140989999467,0.0 -41.793015,-17.142046999467,0.0 -41.792629,-17.142529999467,0.0 -41.792002,-17.143171999467,0.0 -41.791472,-17.1436309994669,0.0 -41.79111,-17.1440679994669,0.0 -41.790725,-17.1443189994669,0.0 -41.790316,-17.1445709994669,0.0 -41.789907,-17.1447999994669,0.0 -41.789522,-17.1451209994669,0.0 -41.789113,-17.1454189994669,0.0 -41.788632,-17.1457159994669,0.0 -41.78815,-17.1461059994669,0.0 -41.787741,-17.1464269994669,0.0 -41.787284,-17.1467009994669,0.0 -41.786923,-17.1469759994668,0.0 -41.786393,-17.1473199994668,0.0 -41.786032,-17.1476179994668,0.0 -41.785695,-17.1479159994668,0.0 -41.785429,-17.1483759994668,0.0 -41.785378,-17.1489059994668,0.0 -41.785328,-17.1493899994668,0.0 -41.785349,-17.1498279994668,0.0 -41.785539,-17.1502899994668,0.0 -41.785944,-17.1507529994667,0.0 -41.786254,-17.1512159994667,0.0 -41.786371,-17.1516539994667,0.0 -41.7864042,-17.1519696994667,0.0 -41.786417,-17.1520919994667,0.0 -41.786487,-17.1525309994667,0.0 -41.786389,-17.1529679994667,0.0 -41.786242,-17.1534519994667,0.0 -41.786144,-17.1539589994667,0.0 -41.786238,-17.1543969994666,0.0 -41.786474,-17.1549749994666,0.0 -41.786568,-17.1555049994666,0.0 -41.786493,-17.1560119994666,0.0 -41.786251,-17.1564489994666,0.0 -41.786129,-17.1569789994666,0.0 -41.785982,-17.1574159994666,0.0 -41.785977,-17.1584079994665,0.0 -41.785999,-17.1588689994665,0.0 -41.785972,-17.1594219994665,0.0 -41.785874,-17.1599519994665,0.0 -41.785824,-17.1603899994665,0.0 -41.785773,-17.1609199994665,0.0 -41.785722,-17.1614039994665,0.0 -41.785768,-17.1618649994664,0.0 -41.785958,-17.1623039994664,0.0 -41.786388,-17.1626289994664,0.0 -41.786674,-17.1630219994664,0.0 -41.786935,-17.1635309994664,0.0 -41.787028,-17.1641079994664,0.0 -41.787073,-17.1646609994664,0.0 -41.787214,-17.1651689994663,0.0 -41.787404,-17.1656079994663,0.0 -41.787545,-17.1661619994663,0.0 -41.788355,-17.1672729994663,0.0 -41.788665,-17.1676659994663,0.0 -41.789047,-17.1680139994663,0.0 -41.789501,-17.1684309994663,0.0 -41.789859,-17.1687089994663,0.0 -41.790241,-17.1690569994662,0.0 -41.790743,-17.1693589994662,0.0 -41.791293,-17.1696839994662,0.0 -41.791771,-17.1699859994662,0.0 -41.792274,-17.1702189994662,0.0 -41.792704,-17.1704289994662,0.0 -41.793111,-17.1707069994662,0.0 -41.793397,-17.1710769994662,0.0 -41.793706,-17.1715399994662,0.0 -41.794015,-17.1720719994662,0.0 -41.794133,-17.1725099994662,0.0 -41.794179,-17.1729479994661,0.0 -41.794152,-17.1735019994661,0.0 -41.79415,-17.1739629994661,0.0 -41.794195,-17.1744469994661,0.0 -41.794313,-17.1749319994661,0.0 -41.794526,-17.1754169994661,0.0 -41.794836,-17.1757639994661,0.0 -41.795266,-17.176157999466,0.0 -41.795624,-17.176528999466,0.0 -41.796054,-17.176853999466,0.0 -41.796364,-17.177223999466,0.0 -41.796434,-17.177684999466,0.0 -41.796551,-17.178169999466,0.0 -41.796813,-17.178585999466,0.0 -41.797267,-17.179049999466,0.0 -41.7974411,-17.179162599466,0.0 -41.797697,-17.179327999466,0.0 -41.798079,-17.179606999466,0.0 -41.798413,-17.1799999994659,0.0 -41.798915,-17.1803939994659,0.0 -41.799321,-17.1807879994659,0.0 -41.799655,-17.1810899994659,0.0 -41.79982,-17.1815979994659,0.0 -41.799866,-17.1821279994659,0.0 -41.799743,-17.1826349994659,0.0 -41.799597,-17.1831869994659,0.0 -41.799355,-17.1836239994658,0.0 -41.799688,-17.1840179994658,0.0 -41.800239,-17.1842049994658,0.0 -41.800766,-17.1843459994658,0.0 -41.801268,-17.1846709994658,0.0 -41.80165,-17.1850409994658,0.0 -41.801912,-17.1854569994658,0.0 -41.801909,-17.1860569994658,0.0 -41.801691,-17.1865629994658,0.0 -41.80152,-17.1871619994658,0.0 -41.801493,-17.1877149994657,0.0 -41.801515,-17.1881989994657,0.0 -41.801704,-17.1886149994657,0.0 -41.802087,-17.1889169994657,0.0 -41.802469,-17.1892409994657,0.0 -41.802876,-17.1894509994657,0.0 -41.803355,-17.1895449994657,0.0 -41.80381,-17.1896849994657,0.0 -41.804241,-17.1899179994657,0.0 -41.804551,-17.1902649994657,0.0 -41.804812,-17.1907969994657,0.0 -41.805098,-17.1912129994656,0.0 -41.805407,-17.1917219994656,0.0 -41.805814,-17.1919539994656,0.0 -41.806268,-17.1921639994656,0.0 -41.806891,-17.1923969994656,0.0 -41.807371,-17.1923989994656,0.0 -41.807874,-17.1925859994656,0.0 -41.808305,-17.1927489994656,0.0 -41.808663,-17.1930509994656,0.0 -41.808948,-17.1936739994656,0.0 -41.809185,-17.1942059994656,0.0 -41.809374,-17.1947369994655,0.0 -41.809468,-17.1951979994655,0.0 -41.809609,-17.1957289994655,0.0 -41.809702,-17.1962829994655,0.0 -41.809988,-17.1966989994655,0.0 -41.810611,-17.1969789994655,0.0 -41.811114,-17.1970499994655,0.0 -41.811713,-17.1972139994655,0.0 -41.8119905,-17.1973382994655,0.0 -41.812287,-17.1974709994655,0.0 -41.812766,-17.1976109994655,0.0 -41.813222,-17.1977049994655,0.0 -41.813677,-17.1977769994655,0.0 -41.814276,-17.1979639994655,0.0 -41.814778,-17.1981969994654,0.0 -41.815257,-17.1984289994654,0.0 -41.81576,-17.1986619994654,0.0 -41.816214,-17.1990099994654,0.0 -41.816715,-17.1995659994654,0.0 -41.817072,-17.2000279994654,0.0 -41.817334,-17.2003979994654,0.0 -41.817644,-17.2008609994654,0.0 -41.817953,-17.2014389994654,0.0 -41.818167,-17.2019009994653,0.0 -41.818428,-17.2023859994653,0.0 -41.818714,-17.2027559994653,0.0 -41.819096,-17.2032879994653,0.0 -41.819381,-17.2037049994653,0.0 -41.819643,-17.2040979994653,0.0 -41.819881,-17.2044909994653,0.0 -41.820168,-17.2048379994653,0.0 -41.820454,-17.2052309994653,0.0 -41.820931,-17.2057859994652,0.0 -41.821358,-17.2066179994652,0.0 -41.82162,-17.2071959994652,0.0 -41.821737,-17.2076579994652,0.0 -41.821877,-17.2085339994652,0.0 -41.822018,-17.2091109994652,0.0 -41.822232,-17.2095039994651,0.0 -41.822374,-17.2099659994651,0.0 -41.822371,-17.2105189994651,0.0 -41.822321,-17.2110259994651,0.0 -41.822246,-17.2116249994651,0.0 -41.822099,-17.2122469994651,0.0 -41.822,-17.212914999465,0.0 -41.821974,-17.213375999465,0.0 -41.821947,-17.213813999465,0.0 -41.821897,-17.214297999465,0.0 -41.821894,-17.214897999465,0.0 -41.821987,-17.215589999465,0.0 -41.822032,-17.216142999465,0.0 -41.822101,-17.2167659994649,0.0 -41.822146,-17.2174579994649,0.0 -41.822215,-17.2180349994649,0.0 -41.822201,-17.2210549994648,0.0 -41.822318,-17.2214939994648,0.0 -41.822364,-17.2219319994648,0.0 -41.822482,-17.2224169994648,0.0 -41.822647,-17.2229479994648,0.0 -41.822885,-17.2233639994648,0.0 -41.823075,-17.2237799994648,0.0 -41.823409,-17.2241499994647,0.0 -41.823695,-17.2245429994647,0.0 -41.823981,-17.2249589994647,0.0 -41.824267,-17.2253059994647,0.0 -41.824313,-17.2257909994647,0.0 -41.824407,-17.2262749994647,0.0 -41.824524,-17.2267369994647,0.0 -41.82469,-17.2271989994647,0.0 -41.824808,-17.2276379994647,0.0 -41.824998,-17.2280989994646,0.0 -41.825236,-17.2284919994646,0.0 -41.825401,-17.2289539994646,0.0 -41.825447,-17.2293929994646,0.0 -41.825421,-17.2298539994646,0.0 -41.825227,-17.2302909994646,0.0 -41.824985,-17.2308199994646,0.0 -41.824767,-17.2312109994646,0.0 -41.824501,-17.2316249994645,0.0 -41.824211,-17.2320149994645,0.0 -41.823825,-17.2325899994645,0.0 -41.823487,-17.2330269994645,0.0 -41.823221,-17.2333939994645,0.0 -41.822811,-17.2338079994645,0.0 -41.822449,-17.2341979994645,0.0 -41.822063,-17.2347269994645,0.0 -41.821773,-17.2350939994644,0.0 -41.821436,-17.2354619994644,0.0 -41.821097,-17.2359439994644,0.0 -41.820784,-17.2362659994644,0.0 -41.820446,-17.2366329994644,0.0 -41.820181,-17.2370009994644,0.0 -41.819699,-17.2373909994644,0.0 -41.819361,-17.2377349994644,0.0 -41.819024,-17.2380329994644,0.0 -41.818615,-17.2382619994644,0.0 -41.818278,-17.2385829994644,0.0 -41.81794,-17.2388809994643,0.0 -41.817435,-17.2391329994643,0.0 -41.817074,-17.2394079994643,0.0 -41.816617,-17.2397289994643,0.0 -41.816183,-17.2400259994643,0.0 -41.815798,-17.2403699994643,0.0 -41.815364,-17.2406909994643,0.0 -41.814979,-17.2410589994643,0.0 -41.814449,-17.2414019994643,0.0 -41.81404,-17.2416539994643,0.0 -41.813631,-17.2418589994643,0.0 -41.813175,-17.2420189994643,0.0 -41.812574,-17.2421539994643,0.0 -41.812046,-17.2422439994643,0.0 -41.811566,-17.2422419994643,0.0 -41.811038,-17.2422629994643,0.0 -41.810054,-17.2422579994643,0.0 -41.809599,-17.2421869994643,0.0 -41.809071,-17.2421849994643,0.0 -41.808567,-17.2422289994643,0.0 -41.807942,-17.2423409994643,0.0 -41.807342,-17.2424309994642,0.0 -41.806838,-17.2425439994642,0.0 -41.806189,-17.2426559994642,0.0 -41.805613,-17.2427459994642,0.0 -41.805109,-17.2428359994642,0.0 -41.804629,-17.2428799994642,0.0 -41.804125,-17.2429469994642,0.0 -41.803573,-17.2428059994642,0.0 -41.803045,-17.2428259994642,0.0 -41.802589,-17.2429169994642,0.0 -41.802133,-17.2430299994642,0.0 -41.801652,-17.2431199994642,0.0 -41.801172,-17.2431869994642,0.0 -41.80062,-17.2432999994642,0.0 -41.800115,-17.2434819994642,0.0 -41.799634,-17.2436409994642,0.0 -41.799081,-17.2439839994642,0.0 -41.798672,-17.2442359994642,0.0 -41.798095,-17.2444179994642,0.0 -41.797614,-17.2445769994642,0.0 -41.797133,-17.2448059994642,0.0 -41.796605,-17.2448949994642,0.0 -41.79598,-17.2450539994642,0.0 -41.7958159,-17.2450727994642,0.0 -41.795404,-17.2451199994642,0.0 -41.795119,-17.2452055994642,0.0 -41.794515,-17.2454159994642,0.0 -41.794082,-17.2456679994642,0.0 -41.7939874,-17.2457715994642,0.0 -41.793768,-17.2460119994641,0.0 -41.793431,-17.2463099994641,0.0 -41.792972,-17.2468159994641,0.0 -41.792658,-17.2472059994641,0.0 -41.792297,-17.2474809994641,0.0 -41.792007,-17.2478949994641,0.0 -41.791861,-17.2483549994641,0.0 -41.791787,-17.2487929994641,0.0 -41.791159,-17.2496889994641,0.0 -41.790844,-17.250194999464,0.0 -41.790674,-17.250631999464,0.0 -41.790575,-17.251138999464,0.0 -41.790357,-17.251667999464,0.0 -41.790186,-17.252220999464,0.0 -41.790064,-17.252658999464,0.0 -41.789918,-17.253164999464,0.0 -41.789675,-17.2536709994639,0.0 -41.789481,-17.2541079994639,0.0 -41.789239,-17.2545219994639,0.0 -41.789069,-17.2549369994639,0.0 -41.788803,-17.2553729994639,0.0 -41.788441,-17.2558559994639,0.0 -41.78815,-17.2563849994639,0.0 -41.787788,-17.2567979994639,0.0 -41.787402,-17.2572809994638,0.0 -41.787016,-17.2576939994638,0.0 -41.78663,-17.2580149994638,0.0 -41.786148,-17.2584279994638,0.0 -41.785739,-17.2587719994638,0.0 -41.785353,-17.2590699994638,0.0 -41.784968,-17.2593909994638,0.0 -41.78451,-17.2596879994638,0.0 -41.784101,-17.2599629994638,0.0 -41.783619,-17.2602609994638,0.0 -41.783234,-17.2605129994638,0.0 -41.782801,-17.2607869994638,0.0 -41.782391,-17.2611769994637,0.0 -41.781957,-17.2615209994637,0.0 -41.781548,-17.2619109994637,0.0 -41.781234,-17.2623019994637,0.0 -41.78092,-17.2627149994637,0.0 -41.780291,-17.2636349994637,0.0 -41.780073,-17.2640719994637,0.0 -41.779758,-17.2646009994636,0.0 -41.77954,-17.2649919994636,0.0 -41.779298,-17.2654979994636,0.0 -41.779104,-17.2659349994636,0.0 -41.778837,-17.2664639994636,0.0 -41.778643,-17.2668779994636,0.0 -41.778377,-17.2673149994636,0.0 -41.778087,-17.2677049994636,0.0 -41.777653,-17.2681649994635,0.0 -41.777291,-17.2685549994635,0.0 -41.776471,-17.2693349994635,0.0 -41.776158,-17.2696559994635,0.0 -41.775796,-17.2699539994635,0.0 -41.775387,-17.2702289994635,0.0 -41.775001,-17.2705039994635,0.0 -41.774496,-17.2708009994635,0.0 -41.774087,-17.2710299994635,0.0 -41.773653,-17.2713049994635,0.0 -41.773292,-17.2716259994635,0.0 -41.7731717,-17.2717468994635,0.0 -41.772858,-17.2720619994634,0.0 -41.7724342,-17.2725225994634,0.0 -41.772351,-17.2726129994634,0.0 -41.772012,-17.2731189994634,0.0 -41.771747,-17.2735089994634,0.0 -41.771432,-17.2739919994634,0.0 -41.771419,-17.2740079994634,0.0 -41.771118,-17.2743829994634,0.0 -41.770876,-17.2747729994634,0.0 -41.770682,-17.2752339994634,0.0 -41.770416,-17.2756709994633,0.0 -41.76998,-17.2764519994633,0.0 -41.769785,-17.2769359994633,0.0 -41.769591,-17.2773499994633,0.0 -41.769349,-17.2777869994633,0.0 -41.769083,-17.2782929994633,0.0 -41.768817,-17.2786839994633,0.0 -41.768527,-17.2790739994633,0.0 -41.768044,-17.2796249994632,0.0 -41.767658,-17.2800379994632,0.0 -41.767271,-17.2805209994632,0.0 -41.766909,-17.2809109994632,0.0 -41.766499,-17.2813469994632,0.0 -41.766066,-17.2816909994632,0.0 -41.76568,-17.2820349994632,0.0 -41.764957,-17.2826309994632,0.0 -41.764379,-17.2829279994631,0.0 -41.76397,-17.2831569994631,0.0 -41.763561,-17.2834779994631,0.0 -41.763199,-17.2837529994631,0.0 -41.762766,-17.2840509994631,0.0 -41.762307,-17.2844859994631,0.0 -41.761825,-17.2849909994631,0.0 -41.761463,-17.2854049994631,0.0 -41.761149,-17.2857719994631,0.0 -41.760883,-17.2861399994631,0.0 -41.760569,-17.2865529994631,0.0 -41.760303,-17.286966999463,0.0 -41.760061,-17.287380999463,0.0 -41.759818,-17.288002999463,0.0 -41.759575,-17.288462999463,0.0 -41.759453,-17.288899999463,0.0 -41.759402,-17.289475999463,0.0 -41.759399,-17.290052999463,0.0 -41.759445,-17.2905599994629,0.0 -41.759778,-17.2910229994629,0.0 -41.760016,-17.2914619994629,0.0 -41.760325,-17.2919939994629,0.0 -41.760707,-17.2924799994629,0.0 -41.761041,-17.2928729994629,0.0 -41.761399,-17.2932209994629,0.0 -41.761733,-17.2935679994629,0.0 -41.761971,-17.2939609994629,0.0 -41.762185,-17.2943769994628,0.0 -41.762447,-17.2947469994628,0.0 -41.762661,-17.2952559994628,0.0 -41.762754,-17.2958559994628,0.0 -41.762701,-17.2967779994628,0.0 -41.762555,-17.2972149994628,0.0 -41.762265,-17.2976289994628,0.0 -41.761999,-17.2980419994627,0.0 -41.761876,-17.2985259994627,0.0 -41.76173,-17.2990099994627,0.0 -41.761631,-17.2994929994627,0.0 -41.761509,-17.2999539994627,0.0 -41.761458,-17.3004839994627,0.0 -41.761383,-17.3010599994627,0.0 -41.761381,-17.3015439994626,0.0 -41.761643,-17.3020299994626,0.0 -41.762215,-17.3027699994626,0.0 -41.7622375,-17.3028002994626,0.0 -41.762525,-17.3031869994626,0.0 -41.762835,-17.3035799994626,0.0 -41.763097,-17.3039499994626,0.0 -41.763263,-17.3043659994626,0.0 -41.7635,-17.3048509994626,0.0 -41.763498,-17.3054049994625,0.0 -41.763183,-17.3058409994625,0.0 -41.762798,-17.3060929994625,0.0 -41.762365,-17.3063219994625,0.0 -41.761909,-17.3062269994625,0.0 -41.761479,-17.3059719994625,0.0 -41.760976,-17.3056919994625,0.0 -41.760496,-17.3056209994625,0.0 -41.76004,-17.3056879994625,0.0 -41.759439,-17.3058929994625,0.0 -41.75891,-17.3059359994625,0.0 -41.758431,-17.3058189994625,0.0 -41.757975,-17.3057709994625,0.0 -41.757519,-17.3056989994625,0.0 -41.757016,-17.3056279994625,0.0 -41.756536,-17.3055559994625,0.0 -41.756008,-17.3054849994625,0.0 -41.755528,-17.3054829994625,0.0 -41.755023,-17.3056649994625,0.0 -41.75459,-17.3059389994625,0.0 -41.754156,-17.3063749994625,0.0 -41.753842,-17.3067429994625,0.0 -41.753552,-17.3071329994625,0.0 -41.753213,-17.3076619994625,0.0 -41.752994,-17.3083299994625,0.0 -41.752847,-17.3088819994625,0.0 -41.752772,-17.3093889994624,0.0 -41.752746,-17.3098269994624,0.0 -41.752743,-17.3103109994624,0.0 -41.752765,-17.3107959994624,0.0 -41.752834,-17.3113259994624,0.0 -41.75288,-17.3118569994624,0.0 -41.752997,-17.3124109994624,0.0 -41.7530378,-17.3125579994623,0.0 -41.753138,-17.3129189994623,0.0 -41.753256,-17.3133799994623,0.0 -41.753445,-17.3138879994623,0.0 -41.753491,-17.3143729994623,0.0 -41.753488,-17.3148569994623,0.0 -41.753868,-17.3157809994623,0.0 -41.754057,-17.3162199994622,0.0 -41.75444,-17.3166139994622,0.0 -41.754749,-17.3170299994622,0.0 -41.755011,-17.3176079994622,0.0 -41.755247,-17.3182319994622,0.0 -41.755388,-17.3189009994622,0.0 -41.755482,-17.3194089994622,0.0 -41.755695,-17.3198709994621,0.0 -41.755933,-17.3202639994621,0.0 -41.756219,-17.3207029994621,0.0 -41.756553,-17.3210509994621,0.0 -41.756959,-17.3214449994621,0.0 -41.757294,-17.3217919994621,0.0 -41.757508,-17.3221849994621,0.0 -41.757674,-17.3226239994621,0.0 -41.757815,-17.3231319994621,0.0 -41.757812,-17.323684999462,0.0 -41.757618,-17.324190999462,0.0 -41.757207,-17.324603999462,0.0 -41.756941,-17.325017999462,0.0 -41.756627,-17.325454999462,0.0 -41.756264,-17.326052999462,0.0 -41.756022,-17.326466999462,0.0 -41.755732,-17.326879999462,0.0 -41.755514,-17.3272709994619,0.0 -41.755176,-17.3275919994619,0.0 -41.754886,-17.3279369994619,0.0 -41.7545,-17.3282349994619,0.0 -41.754138,-17.3286249994619,0.0 -41.753848,-17.3289929994619,0.0 -41.753702,-17.3294529994619,0.0 -41.753436,-17.3298439994619,0.0 -41.753194,-17.3302349994619,0.0 -41.752976,-17.3306259994619,0.0 -41.752638,-17.3309469994618,0.0 -41.752324,-17.3312679994618,0.0 -41.751867,-17.3314729994618,0.0 -41.75129,-17.3317939994618,0.0 -41.750808,-17.3319989994618,0.0 -41.750351,-17.3322269994618,0.0 -41.749942,-17.3325019994618,0.0 -41.74946,-17.3328689994618,0.0 -41.74905,-17.3331199994618,0.0 -41.748617,-17.3334179994618,0.0 -41.748231,-17.3337389994618,0.0 -41.747797,-17.3340599994618,0.0 -41.747364,-17.3343339994618,0.0 -41.746978,-17.3346549994617,0.0 -41.746568,-17.3349989994617,0.0 -41.746206,-17.3354129994617,0.0 -41.745963,-17.3358959994617,0.0 -41.745793,-17.3363559994617,0.0 -41.745692,-17.3373699994617,0.0 -41.745832,-17.3380619994617,0.0 -41.745901,-17.3385699994616,0.0 -41.746187,-17.3389859994616,0.0 -41.746521,-17.3394029994616,0.0 -41.746783,-17.3398189994616,0.0 -41.74707,-17.3401659994616,0.0 -41.747404,-17.3404909994616,0.0 -41.747977,-17.3410929994616,0.0 -41.748311,-17.3415099994616,0.0 -41.748573,-17.3419489994616,0.0 -41.748787,-17.3423879994615,0.0 -41.748953,-17.3428039994615,0.0 -41.749095,-17.3432419994615,0.0 -41.749212,-17.3437729994615,0.0 -41.749042,-17.3441879994615,0.0 -41.748776,-17.3445779994615,0.0 -41.748413,-17.3450149994615,0.0 -41.748123,-17.3453819994615,0.0 -41.747736,-17.3459569994614,0.0 -41.747374,-17.3463929994614,0.0 -41.746988,-17.3467369994614,0.0 -41.746674,-17.3471279994614,0.0 -41.746071,-17.3477009994614,0.0 -41.745637,-17.3480449994614,0.0 -41.745179,-17.3484579994614,0.0 -41.744768,-17.3488479994614,0.0 -41.744334,-17.3492379994614,0.0 -41.743852,-17.3496509994613,0.0 -41.74337,-17.3499709994613,0.0 -41.74296,-17.3502919994613,0.0 -41.742575,-17.3505439994613,0.0 -41.742117,-17.3509109994613,0.0 -41.741417,-17.3515759994613,0.0 -41.741104,-17.3518969994613,0.0 -41.740766,-17.3521949994613,0.0 -41.740428,-17.3525399994613,0.0 -41.74009,-17.3529299994613,0.0 -41.739752,-17.3533429994612,0.0 -41.739462,-17.3537109994612,0.0 -41.739171,-17.3541249994612,0.0 -41.738953,-17.3545159994612,0.0 -41.738759,-17.3549759994612,0.0 -41.738445,-17.3553659994612,0.0 -41.73801,-17.3557789994612,0.0 -41.737553,-17.3560309994612,0.0 -41.737025,-17.3560279994612,0.0 -41.736544,-17.3560489994612,0.0 -41.73604,-17.3560699994612,0.0 -41.734456,-17.3560619994612,0.0 -41.733087,-17.3559859994612,0.0 -41.733204,-17.3567019994611,0.0 -41.7332754,-17.3570314994611,0.0 -41.733344,-17.3573479994611,0.0 -41.733701,-17.3579489994611,0.0 -41.733891,-17.3583879994611,0.0 -41.734201,-17.3589429994611,0.0 -41.734462,-17.3593819994611,0.0 -41.734771,-17.3599829994611,0.0 -41.735129,-17.3604229994611,0.0 -41.735488,-17.360723999461,0.0 -41.73575,-17.361186999461,0.0 -41.736155,-17.361672999461,0.0 -41.736633,-17.362112999461,0.0 -41.737015,-17.362552999461,0.0 -41.737277,-17.363015999461,0.0 -41.737635,-17.363385999461,0.0 -41.7377176,-17.363582399461,0.0 -41.737849,-17.363894999461,0.0 -41.738111,-17.3642879994609,0.0 -41.738493,-17.3645659994609,0.0 -41.738852,-17.3648679994609,0.0 -41.739042,-17.3652839994609,0.0 -41.739135,-17.3658839994609,0.0 -41.739127,-17.3674049994609,0.0 -41.739197,-17.3678439994608,0.0 -41.739146,-17.3684199994608,0.0 -41.739095,-17.3690419994608,0.0 -41.739044,-17.3695259994608,0.0 -41.738778,-17.3699859994608,0.0 -41.738536,-17.3703769994608,0.0 -41.738389,-17.3708369994608,0.0 -41.738242,-17.3713669994608,0.0 -41.73812,-17.3718499994607,0.0 -41.738093,-17.3723809994607,0.0 -41.738378,-17.3730969994607,0.0 -41.738688,-17.3734439994607,0.0 -41.739095,-17.3737229994607,0.0 -41.739789,-17.3740489994607,0.0 -41.740196,-17.3742809994607,0.0 -41.740676,-17.3744909994607,0.0 -41.741058,-17.3747929994607,0.0 -41.741392,-17.3752089994607,0.0 -41.741894,-17.3756269994606,0.0 -41.742229,-17.3759739994606,0.0 -41.742515,-17.3763209994606,0.0 -41.742537,-17.3768289994606,0.0 -41.74251,-17.3773819994606,0.0 -41.742459,-17.3779349994606,0.0 -41.742337,-17.3783719994606,0.0 -41.742357,-17.3789949994605,0.0 -41.742595,-17.3794339994605,0.0 -41.742785,-17.3798499994605,0.0 -41.743119,-17.3802439994605,0.0 -41.743309,-17.3806599994605,0.0 -41.743595,-17.3810989994605,0.0 -41.743882,-17.3814689994605,0.0 -41.744047,-17.3819079994605,0.0 -41.744428,-17.3826479994604,0.0 -41.744787,-17.3829259994604,0.0 -41.745025,-17.3833419994604,0.0 -41.745287,-17.3837359994604,0.0 -41.745741,-17.3841069994604,0.0 -41.746052,-17.3844539994604,0.0 -41.746817,-17.3850109994604,0.0 -41.747248,-17.3852659994604,0.0 -41.747775,-17.3854999994604,0.0 -41.748326,-17.3857559994604,0.0 -41.748878,-17.3858039994604,0.0 -41.749502,-17.3858299994604,0.0 -41.750006,-17.3859019994604,0.0 -41.750534,-17.3860659994604,0.0 -41.751013,-17.3862059994604,0.0 -41.751469,-17.3863699994603,0.0 -41.751972,-17.3866029994603,0.0 -41.752523,-17.3869279994603,0.0 -41.752954,-17.3871839994603,0.0 -41.753312,-17.3874849994603,0.0 -41.753695,-17.3877639994603,0.0 -41.754199,-17.3877659994603,0.0 -41.75468,-17.3877449994603,0.0 -41.755232,-17.3876789994603,0.0 -41.755713,-17.3875189994603,0.0 -41.756218,-17.3874059994603,0.0 -41.756675,-17.3873619994603,0.0 -41.757154,-17.3874569994603,0.0 -41.757562,-17.3876889994603,0.0 -41.758064,-17.3880609994603,0.0 -41.758447,-17.3883849994603,0.0 -41.758684,-17.3888929994603,0.0 -41.75885,-17.3893779994603,0.0 -41.75904,-17.3898169994603,0.0 -41.759252,-17.3904869994602,0.0 -41.759418,-17.3910409994602,0.0 -41.759559,-17.3916179994602,0.0 -41.759652,-17.3921719994602,0.0 -41.759794,-17.3927029994602,0.0 -41.760056,-17.3931649994602,0.0 -41.760581,-17.3936979994601,0.0 -41.761011,-17.3941379994601,0.0 -41.761297,-17.3945309994601,0.0 -41.761825,-17.3946719994601,0.0 -41.762352,-17.3949509994601,0.0 -41.762687,-17.3952519994601,0.0 -41.762973,-17.3956229994601,0.0 -41.763163,-17.3961309994601,0.0 -41.763256,-17.3966149994601,0.0 -41.763398,-17.3971229994601,0.0 -41.763563,-17.39767699946,0.0 -41.763753,-17.39813899946,0.0 -41.763822,-17.39869299946,0.0 -41.763815,-17.40014599946,0.0 -41.764053,-17.40063099946,0.0 -41.764267,-17.40106999946,0.0 -41.764433,-17.4015089994599,0.0 -41.764478,-17.4020849994599,0.0 -41.764547,-17.4026619994599,0.0 -41.764569,-17.4030999994599,0.0 -41.764494,-17.4036299994599,0.0 -41.764444,-17.4040679994599,0.0 -41.764345,-17.4045979994599,0.0 -41.764031,-17.4049879994598,0.0 -41.763572,-17.4055859994598,0.0 -41.763281,-17.4060229994598,0.0 -41.762991,-17.4064819994598,0.0 -41.762749,-17.4068729994598,0.0 -41.762483,-17.4072639994598,0.0 -41.762144,-17.4077469994598,0.0 -41.761854,-17.4081829994598,0.0 -41.761611,-17.4086429994597,0.0 -41.761464,-17.4092189994597,0.0 -41.761317,-17.4098409994597,0.0 -41.761194,-17.4105549994597,0.0 -41.761191,-17.4110619994597,0.0 -41.761237,-17.4115469994597,0.0 -41.761426,-17.4121929994596,0.0 -41.761639,-17.4127009994596,0.0 -41.761901,-17.4132329994596,0.0 -41.762307,-17.4135809994596,0.0 -41.762785,-17.4140439994596,0.0 -41.763096,-17.4143679994596,0.0 -41.763574,-17.4148079994596,0.0 -41.763836,-17.4152019994596,0.0 -41.764171,-17.4155719994596,0.0 -41.764601,-17.4159659994595,0.0 -41.765055,-17.4163829994595,0.0 -41.765486,-17.4167309994595,0.0 -41.7657,-17.4171469994595,0.0 -41.76596,-17.4180009994595,0.0 -41.766126,-17.4184629994595,0.0 -41.76634,-17.4189019994595,0.0 -41.766674,-17.4192029994595,0.0 -41.76696,-17.4197349994594,0.0 -41.767198,-17.4201969994594,0.0 -41.767556,-17.4206369994594,0.0 -41.767746,-17.4211449994594,0.0 -41.767791,-17.4216749994594,0.0 -41.767837,-17.4221139994594,0.0 -41.767786,-17.4226669994594,0.0 -41.767616,-17.4230809994594,0.0 -41.767302,-17.4234249994593,0.0 -41.766869,-17.4236079994593,0.0 -41.766459,-17.4238369994593,0.0 -41.765882,-17.4241339994593,0.0 -41.765472,-17.4243619994593,0.0 -41.764967,-17.4246139994593,0.0 -41.764509,-17.4249109994593,0.0 -41.764051,-17.4251399994593,0.0 -41.763618,-17.4253219994593,0.0 -41.763065,-17.4254809994593,0.0 -41.762392,-17.4255929994593,0.0 -41.761791,-17.4255909994593,0.0 -41.76119,-17.4256799994593,0.0 -41.760662,-17.4257699994593,0.0 -41.760037,-17.4258819994593,0.0 -41.759555,-17.4260189994593,0.0 -41.758906,-17.4261309994593,0.0 -41.758306,-17.4261279994593,0.0 -41.75768,-17.4263329994593,0.0 -41.757319,-17.4266079994593,0.0 -41.756956,-17.4270439994592,0.0 -41.756666,-17.4275039994592,0.0 -41.756375,-17.4279409994592,0.0 -41.756037,-17.4284229994592,0.0 -41.755795,-17.4288369994592,0.0 -41.755648,-17.4294129994592,0.0 -41.755597,-17.4298969994592,0.0 -41.755474,-17.4305879994591,0.0 -41.755303,-17.4311409994591,0.0 -41.755011,-17.4318079994591,0.0 -41.75472,-17.4323369994591,0.0 -41.754502,-17.4327969994591,0.0 -41.754187,-17.4332339994591,0.0 -41.753945,-17.4336239994591,0.0 -41.75351,-17.4341759994591,0.0 -41.753099,-17.434772999459,0.0 -41.752856,-17.435209999459,0.0 -41.752614,-17.435600999459,0.0 -41.75242,-17.436014999459,0.0 -41.752225,-17.436498999459,0.0 -41.752223,-17.437074999459,0.0 -41.752436,-17.437698999459,0.0 -41.752602,-17.4381369994589,0.0 -41.7526958,-17.4383566994589,0.0 -41.752839,-17.4386919994589,0.0 -41.753218,-17.4397079994589,0.0 -41.7532738,-17.4398941994589,0.0 -41.7532761,-17.4399018994589,0.0 -41.753384,-17.4402619994589,0.0 -41.753477,-17.4407009994589,0.0 -41.753619,-17.4411859994589,0.0 -41.75376,-17.4417399994589,0.0 -41.753896,-17.4420699994588,0.0 -41.754454,-17.4423419994588,0.0 -41.754933,-17.4425519994588,0.0 -41.755341,-17.4427609994588,0.0 -41.755845,-17.4428789994588,0.0 -41.756565,-17.4428819994588,0.0 -41.756972,-17.4431379994588,0.0 -41.757475,-17.4433939994588,0.0 -41.758003,-17.4435339994588,0.0 -41.758483,-17.4436979994588,0.0 -41.759082,-17.4439079994588,0.0 -41.759538,-17.4440029994588,0.0 -41.759994,-17.4440509994588,0.0 -41.760474,-17.4441219994588,0.0 -41.761003,-17.4441479994588,0.0 -41.761459,-17.4442189994588,0.0 -41.762514,-17.4444999994588,0.0 -41.762873,-17.4448019994588,0.0 -41.763304,-17.4451959994588,0.0 -41.763662,-17.4455889994587,0.0 -41.76402,-17.4459599994587,0.0 -41.764307,-17.4463759994587,0.0 -41.764593,-17.4467459994587,0.0 -41.765119,-17.4471639994587,0.0 -41.765502,-17.4475569994587,0.0 -41.765861,-17.4478359994587,0.0 -41.766268,-17.4481139994587,0.0 -41.766627,-17.4483919994587,0.0 -41.767009,-17.4488089994587,0.0 -41.767223,-17.4492019994586,0.0 -41.767509,-17.4496179994586,0.0 -41.767699,-17.4502419994586,0.0 -41.767792,-17.4507959994586,0.0 -41.767789,-17.4513489994586,0.0 -41.767858,-17.4520179994586,0.0 -41.767903,-17.4526409994586,0.0 -41.76814,-17.4531949994585,0.0 -41.76845,-17.4537039994585,0.0 -41.768689,-17.4540969994585,0.0 -41.769095,-17.4544209994585,0.0 -41.769575,-17.4545849994585,0.0 -41.770103,-17.4547259994585,0.0 -41.77068,-17.4546129994585,0.0 -41.771185,-17.4545459994585,0.0 -41.77181,-17.4544569994585,0.0 -41.772267,-17.4543429994585,0.0 -41.772819,-17.4542539994585,0.0 -41.773276,-17.4541629994585,0.0 -41.773877,-17.4540969994585,0.0 -41.774454,-17.4540769994585,0.0 -41.774935,-17.4539859994585,0.0 -41.775439,-17.4539429994585,0.0 -41.775992,-17.4539449994585,0.0 -41.776568,-17.4540399994585,0.0 -41.777023,-17.4542259994585,0.0 -41.777574,-17.4546209994585,0.0 -41.778029,-17.4549919994585,0.0 -41.778459,-17.4553859994585,0.0 -41.778793,-17.4559639994585,0.0 -41.779127,-17.4563109994585,0.0 -41.779605,-17.4568429994584,0.0 -41.77994,-17.4572139994584,0.0 -41.780226,-17.4576069994584,0.0 -41.780656,-17.4580929994584,0.0 -41.781062,-17.4585559994584,0.0 -41.781445,-17.4589269994584,0.0 -41.781755,-17.4593889994584,0.0 -41.781993,-17.4598969994584,0.0 -41.782086,-17.4603819994583,0.0 -41.781987,-17.4610959994583,0.0 -41.781888,-17.4616259994583,0.0 -41.781789,-17.4621789994583,0.0 -41.78169,-17.4627779994583,0.0 -41.78152,-17.4632609994583,0.0 -41.781206,-17.4636749994583,0.0 -41.780818,-17.4642499994582,0.0 -41.780456,-17.4647089994582,0.0 -41.780141,-17.4651919994582,0.0 -41.779875,-17.4655599994582,0.0 -41.779488,-17.4660649994582,0.0 -41.779174,-17.4664099994582,0.0 -41.778884,-17.4667539994582,0.0 -41.778498,-17.4671669994582,0.0 -41.778111,-17.4676729994582,0.0 -41.777844,-17.4682479994581,0.0 -41.777769,-17.4688009994581,0.0 -41.777935,-17.4692629994581,0.0 -41.77815,-17.4696559994581,0.0 -41.778677,-17.4698889994581,0.0 -41.779181,-17.4699599994581,0.0 -41.779782,-17.4700319994581,0.0 -41.780358,-17.4700809994581,0.0 -41.780838,-17.4701979994581,0.0 -41.781317,-17.4703849994581,0.0 -41.7817,-17.4707089994581,0.0 -41.782106,-17.4711949994581,0.0 -41.782392,-17.471680999458,0.0 -41.782606,-17.472096999458,0.0 -41.782724,-17.472534999458,0.0 -41.782938,-17.473158999458,0.0 -41.783248,-17.473551999458,0.0 -41.783559,-17.473921999458,0.0 -41.783941,-17.474269999458,0.0 -41.784373,-17.474455999458,0.0 -41.784853,-17.474619999458,0.0 -41.785452,-17.474760999458,0.0 -41.786029,-17.474785999458,0.0 -41.786557,-17.474788999458,0.0 -41.787038,-17.474674999458,0.0 -41.787568,-17.474515999458,0.0 -41.788048,-17.474471999458,0.0 -41.788625,-17.474474999458,0.0 -41.789105,-17.474568999458,0.0 -41.789536,-17.4748939994579,0.0 -41.789894,-17.4752639994579,0.0 -41.790277,-17.4757039994579,0.0 -41.790733,-17.4758209994579,0.0 -41.791333,-17.4759159994579,0.0 -41.791861,-17.4760569994579,0.0 -41.792437,-17.4762209994579,0.0 -41.793036,-17.4764309994579,0.0 -41.793468,-17.4766399994579,0.0 -41.793874,-17.4769649994579,0.0 -41.794425,-17.4773359994579,0.0 -41.794712,-17.4776829994579,0.0 -41.795095,-17.4779619994579,0.0 -41.795574,-17.4783559994579,0.0 -41.796005,-17.4786339994579,0.0 -41.796388,-17.4789129994578,0.0 -41.796747,-17.4792369994578,0.0 -41.797129,-17.4796309994578,0.0 -41.797439,-17.4800699994578,0.0 -41.797822,-17.4803939994578,0.0 -41.798325,-17.4807419994578,0.0 -41.798708,-17.4810209994578,0.0 -41.799067,-17.4813219994578,0.0 -41.799547,-17.4815319994578,0.0 -41.799978,-17.4817869994578,0.0 -41.800409,-17.4821579994578,0.0 -41.800695,-17.4825279994577,0.0 -41.801005,-17.4830599994577,0.0 -41.801291,-17.4834989994577,0.0 -41.801577,-17.4840769994577,0.0 -41.801887,-17.4846079994577,0.0 -41.802197,-17.4851169994577,0.0 -41.802459,-17.4855789994577,0.0 -41.802529,-17.4860399994577,0.0 -41.802766,-17.4865949994576,0.0 -41.802884,-17.4871259994576,0.0 -41.803074,-17.4876569994576,0.0 -41.803288,-17.4881419994576,0.0 -41.803621,-17.4887889994576,0.0 -41.8036232,-17.4887915994576,0.0 -41.803955,-17.4891819994576,0.0 -41.804386,-17.4895759994576,0.0 -41.804696,-17.4900609994575,0.0 -41.804959,-17.4904309994575,0.0 -41.805221,-17.4909169994575,0.0 -41.805386,-17.4914709994575,0.0 -41.8056,-17.4920249994575,0.0 -41.805645,-17.4926019994575,0.0 -41.805763,-17.4930859994575,0.0 -41.806239,-17.4940109994574,0.0 -41.806502,-17.4944499994574,0.0 -41.806644,-17.4949109994574,0.0 -41.806785,-17.4954189994574,0.0 -41.807047,-17.4959509994574,0.0 -41.807237,-17.4965049994574,0.0 -41.807427,-17.4969439994574,0.0 -41.807737,-17.4973829994574,0.0 -41.808119,-17.4979839994573,0.0 -41.808452,-17.4986079994573,0.0 -41.808715,-17.4990009994573,0.0 -41.809025,-17.4993709994573,0.0 -41.809433,-17.4996729994573,0.0 -41.809911,-17.5000439994573,0.0 -41.810294,-17.5003449994573,0.0 -41.810702,-17.5005769994573,0.0 -41.810958,-17.5006929994573,0.0 -41.811272,-17.5008209994573,0.0 -41.811787,-17.5012249994572,0.0 -41.812108,-17.5015879994572,0.0 -41.812574,-17.5019699994572,0.0 -41.812966,-17.5022389994572,0.0 -41.813334,-17.5025539994572,0.0 -41.813797,-17.5027749994572,0.0 -41.814308,-17.5030169994572,0.0 -41.814699,-17.5032629994572,0.0 -41.815159,-17.5034139994572,0.0 -41.815742,-17.5036319994572,0.0 -41.8157892,-17.5036453994572,0.0 -41.816348,-17.5038039994572,0.0 -41.817289,-17.5039219994572,0.0 -41.817985,-17.5038369994572,0.0 -41.818489,-17.5037799994572,0.0 -41.818918,-17.5036089994572,0.0 -41.819562,-17.5033869994572,0.0 -41.820059,-17.5030299994572,0.0 -41.820461,-17.5027209994572,0.0 -41.820913,-17.5025259994572,0.0 -41.821367,-17.5023779994572,0.0 -41.82201,-17.5020869994572,0.0 -41.822515,-17.5020749994572,0.0 -41.823023,-17.5022029994572,0.0 -41.823627,-17.5022819994572,0.0 -41.824227,-17.5022229994572,0.0 -41.82476,-17.5023719994572,0.0 -41.8252,-17.5026629994572,0.0 -41.825686,-17.5028829994572,0.0 -41.826442,-17.5033049994572,0.0 -41.826906,-17.5035719994572,0.0 -41.827543,-17.5040429994572,0.0 -41.82791,-17.5043119994572,0.0 -41.828327,-17.5046259994571,0.0 -41.828744,-17.5049629994571,0.0 -41.829188,-17.5054379994571,0.0 -41.829509,-17.5057549994571,0.0 -41.82998,-17.5063449994571,0.0 -41.830301,-17.5066839994571,0.0 -41.830623,-17.5070919994571,0.0 -41.831042,-17.5074989994571,0.0 -41.831684,-17.5081769994571,0.0 -41.832007,-17.508585999457,0.0 -41.832257,-17.508995999457,0.0 -41.83251,-17.509520999457,0.0 -41.832738,-17.510000999457,0.0 -41.833018,-17.510641999457,0.0 -41.833368,-17.511164999457,0.0 -41.833688,-17.511480999457,0.0 -41.83406,-17.511934999457,0.0 -41.834477,-17.5122719994569,0.0 -41.834846,-17.5126099994569,0.0 -41.835331,-17.5127609994569,0.0 -41.836007,-17.5128389994569,0.0 -41.83656,-17.5128259994569,0.0 -41.837136,-17.5127679994569,0.0 -41.837807,-17.5126599994569,0.0 -41.838383,-17.5125779994569,0.0 -41.838884,-17.5123829994569,0.0 -41.839365,-17.5123719994569,0.0 -41.840285,-17.5126059994569,0.0 -41.840769,-17.5127339994569,0.0 -41.841391,-17.5125809994569,0.0 -41.841914,-17.5123159994569,0.0 -41.842465,-17.5122339994569,0.0 -41.843069,-17.5123129994569,0.0 -41.843509,-17.5125809994569,0.0 -41.844043,-17.5127769994569,0.0 -41.844503,-17.5129279994569,0.0 -41.845017,-17.5132859994569,0.0 -41.845503,-17.5134829994569,0.0 -41.845945,-17.5138199994569,0.0 -41.846388,-17.5142259994569,0.0 -41.846853,-17.5145849994569,0.0 -41.84739,-17.5148959994569,0.0 -41.847805,-17.5151179994569,0.0 -41.848505,-17.5152179994569,0.0 -41.849111,-17.5154129994569,0.0 -41.849761,-17.5153979994569,0.0 -41.85029,-17.5154099994569,0.0 -41.85101,-17.5153239994569,0.0 -41.851916,-17.5149809994569,0.0 -41.852537,-17.5147599994569,0.0 -41.853155,-17.5144459994569,0.0 -41.853632,-17.5142969994569,0.0 -41.85406,-17.5140789994569,0.0 -41.854487,-17.5138159994569,0.0 -41.855109,-17.5136639994569,0.0 -41.855685,-17.5136049994569,0.0 -41.856286,-17.5135679994569,0.0 -41.856768,-17.5135809994569,0.0 -41.8571493,-17.5136870994569,0.0 -41.857228,-17.5137089994569,0.0 -41.857735,-17.5137899994569,0.0 -41.858266,-17.5138479994569,0.0 -41.858795,-17.5138359994569,0.0 -41.859465,-17.5136599994569,0.0 -41.860571,-17.5136349994569,0.0 -41.861047,-17.5134169994569,0.0 -41.862169,-17.5130459994569,0.0 -41.86334,-17.5126959994569,0.0 -41.864103,-17.5124019994569,0.0 -41.864815,-17.512016999457,0.0 -41.865317,-17.511843999457,0.0 -41.86577,-17.511672999457,0.0 -41.866536,-17.511516999457,0.0 -41.867322,-17.511199999457,0.0 -41.867922,-17.511116999457,0.0 -41.868475,-17.511104999457,0.0 -41.869013,-17.511438999457,0.0 -41.869619,-17.511656999457,0.0 -41.870154,-17.511852999457,0.0 -41.870591,-17.5120279994569,0.0 -41.870936,-17.5123659994569,0.0 -41.871426,-17.5127249994569,0.0 -41.871798,-17.5132009994569,0.0 -41.872194,-17.5136539994569,0.0 -41.872688,-17.5141509994569,0.0 -41.873181,-17.5146709994569,0.0 -41.8736,-17.5150549994569,0.0 -41.873949,-17.5155549994569,0.0 -41.874222,-17.5159179994568,0.0 -41.874546,-17.5163959994568,0.0 -41.874846,-17.5168279994568,0.0 -41.875143,-17.5171909994568,0.0 -41.87535,-17.5177629994568,0.0 -41.875656,-17.5184949994568,0.0 -41.875884,-17.5189749994568,0.0 -41.87611,-17.5193629994567,0.0 -41.876409,-17.5197719994567,0.0 -41.876878,-17.5202689994567,0.0 -41.877423,-17.5209269994567,0.0 -41.877966,-17.5214689994567,0.0 -41.878361,-17.5218749994567,0.0 -41.878922,-17.5222089994567,0.0 -41.879384,-17.5224069994567,0.0 -41.879845,-17.5225579994567,0.0 -41.8802835,-17.5226115994567,0.0 -41.880328,-17.5226169994567,0.0 -41.880789,-17.5227909994567,0.0 -41.881251,-17.5229889994567,0.0 -41.881736,-17.5231389994567,0.0 -41.882392,-17.5234019994566,0.0 -41.88283,-17.5235999994566,0.0 -41.883342,-17.5238659994566,0.0 -41.883735,-17.5241799994566,0.0 -41.884128,-17.5245409994566,0.0 -41.884427,-17.5249269994566,0.0 -41.884678,-17.5253599994566,0.0 -41.885051,-17.5258819994566,0.0 -41.885349,-17.5262679994566,0.0 -41.885696,-17.5266529994566,0.0 -41.886065,-17.5270139994565,0.0 -41.886611,-17.5276719994565,0.0 -41.887033,-17.5281929994565,0.0 -41.887284,-17.5286489994565,0.0 -41.887582,-17.5290119994565,0.0 -41.887955,-17.5295349994565,0.0 -41.888397,-17.5298949994565,0.0 -41.888935,-17.5302519994565,0.0 -41.889376,-17.5305419994565,0.0 -41.890048,-17.5304809994565,0.0 -41.890557,-17.5306309994564,0.0 -41.891044,-17.5308509994564,0.0 -41.8913529,-17.5308907994564,0.0 -41.891502,-17.5309099994564,0.0 -41.892224,-17.5309169994564,0.0 -41.892922,-17.5309019994564,0.0 -41.893473,-17.5307969994564,0.0 -41.8939023,-17.5307685994564,0.0 -41.894002,-17.5307619994564,0.0 -41.894721,-17.5306539994564,0.0 -41.895224,-17.5305499994565,0.0 -41.895709,-17.5307009994565,0.0 -41.89624,-17.5307579994564,0.0 -41.896868,-17.5308829994564,0.0 -41.897398,-17.5308939994564,0.0 -41.897861,-17.5311149994564,0.0 -41.898593,-17.5315369994564,0.0 -41.89906,-17.5319419994564,0.0 -41.899525,-17.5322779994564,0.0 -41.899846,-17.5326169994564,0.0 -41.90032,-17.5332989994564,0.0 -41.900621,-17.5337999994564,0.0 -41.900965,-17.5340929994564,0.0 -41.90164,-17.5341239994564,0.0 -41.902167,-17.5340429994564,0.0 -41.902718,-17.5339379994564,0.0 -41.903172,-17.5337899994564,0.0 -41.903722,-17.5336619994564,0.0 -41.904223,-17.5334889994564,0.0 -41.904675,-17.5332709994564,0.0 -41.905272,-17.5330499994564,0.0 -41.905676,-17.5328329994564,0.0 -41.906028,-17.5324789994564,0.0 -41.906665,-17.5319569994564,0.0 -41.907091,-17.5316469994564,0.0 -41.907564,-17.5313359994564,0.0 -41.907942,-17.5310509994564,0.0 -41.908294,-17.5306499994564,0.0 -41.908769,-17.5303859994565,0.0 -41.909514,-17.5303689994565,0.0 -41.910094,-17.5304709994565,0.0 -41.910557,-17.5306919994564,0.0 -41.910634,-17.5307489994564,0.0 -41.911071,-17.5310729994564,0.0 -41.911487,-17.5313409994564,0.0 -41.911831,-17.5316329994564,0.0 -41.912419,-17.5320589994564,0.0 -41.912789,-17.5324429994564,0.0 -41.913163,-17.5329649994564,0.0 -41.913512,-17.5334419994564,0.0 -41.913834,-17.5338509994564,0.0 -41.91404,-17.5343769994563,0.0 -41.914266,-17.5347649994563,0.0 -41.914469,-17.5351989994563,0.0 -41.914624,-17.5356339994563,0.0 -41.914757,-17.5361619994563,0.0 -41.91506,-17.5367549994563,0.0 -41.915264,-17.5371899994563,0.0 -41.915561,-17.5375289994563,0.0 -41.916227,-17.5382069994562,0.0 -41.916722,-17.5387499994562,0.0 -41.917162,-17.5390629994562,0.0 -41.917625,-17.5392839994562,0.0 -41.918062,-17.5394589994562,0.0 -41.918383,-17.5397749994562,0.0 -41.918611,-17.5402309994562,0.0 -41.918887,-17.5407099994562,0.0 -41.9189654,-17.5412344994562,0.0 -41.918973,-17.5412849994562,0.0 -41.918743,-17.5417059994561,0.0 -41.918325,-17.5423159994561,0.0 -41.918022,-17.5427379994561,0.0 -41.917718,-17.5430909994561,0.0 -41.917342,-17.5434689994561,0.0 -41.916869,-17.5438029994561,0.0 -41.916326,-17.5442309994561,0.0 -41.915952,-17.5446779994561,0.0 -41.915727,-17.545351999456,0.0 -41.91572,-17.546021999456,0.0 -41.915757,-17.546574999456,0.0 -41.915532,-17.547203999456,0.0 -41.915205,-17.547626999456,0.0 -41.915096,-17.548090999456,0.0 -41.915019,-17.548854999456,0.0 -41.91503,-17.5493159994559,0.0 -41.914921,-17.5498029994559,0.0 -41.914667,-17.5502249994559,0.0 -41.914632,-17.5507799994559,0.0 -41.914794,-17.5514689994559,0.0 -41.914949,-17.5519039994559,0.0 -41.915134,-17.5526149994559,0.0 -41.91534,-17.5531419994558,0.0 -41.91545,-17.5537159994558,0.0 -41.915484,-17.5551239994558,0.0 -41.915552,-17.5559309994558,0.0 -41.915574,-17.5568309994557,0.0 -41.915519,-17.5575239994557,0.0 -41.915314,-17.5579909994557,0.0 -41.91497,-17.5586909994557,0.0 -41.914911,-17.5592239994557,0.0 -41.91483,-17.5598719994557,0.0 -41.914891,-17.5604009994556,0.0 -41.914881,-17.5609559994556,0.0 -41.914892,-17.5614169994556,0.0 -41.915169,-17.5619189994556,0.0 -41.915562,-17.5622559994556,0.0 -41.91598,-17.5626169994556,0.0 -41.916487,-17.5626509994556,0.0 -41.917035,-17.5624309994556,0.0 -41.917606,-17.5621639994556,0.0 -41.9182,-17.5618509994556,0.0 -41.918454,-17.5614299994556,0.0 -41.918661,-17.5610319994556,0.0 -41.918867,-17.5605659994556,0.0 -41.919214,-17.5600039994557,0.0 -41.919777,-17.5594139994557,0.0 -41.920246,-17.5589189994557,0.0 -41.920621,-17.5584949994557,0.0 -41.920947,-17.5580489994557,0.0 -41.921151,-17.5575129994557,0.0 -41.921529,-17.5572279994557,0.0 -41.922035,-17.5572629994557,0.0 -41.922524,-17.5575519994557,0.0 -41.922868,-17.5578439994557,0.0 -41.923074,-17.5583939994557,0.0 -41.923205,-17.5588519994557,0.0 -41.92329,-17.5593579994557,0.0 -41.923494,-17.5598159994557,0.0 -41.924101,-17.5600329994557,0.0 -41.924634,-17.5602049994557,0.0 -41.925142,-17.5602859994557,0.0 -41.925597,-17.5602069994557,0.0 -41.926051,-17.5600579994557,0.0 -41.926507,-17.5600019994557,0.0 -41.927112,-17.5601269994557,0.0 -41.927456,-17.5604419994556,0.0 -41.927613,-17.5609459994556,0.0 -41.927887,-17.5613329994556,0.0 -41.928138,-17.5617429994556,0.0 -41.928134,-17.5625509994556,0.0 -41.928148,-17.5631509994556,0.0 -41.928117,-17.5638439994556,0.0 -41.928012,-17.5644699994555,0.0 -41.928071,-17.5649069994555,0.0 -41.927987,-17.5654169994555,0.0 -41.927926,-17.5658569994555,0.0 -41.927841,-17.5663439994555,0.0 -41.927734,-17.5668769994555,0.0 -41.927723,-17.5674089994555,0.0 -41.927687,-17.5678939994554,0.0 -41.927801,-17.5686069994554,0.0 -41.927862,-17.5691369994554,0.0 -41.92814,-17.5696849994554,0.0 -41.928273,-17.5702129994554,0.0 -41.928644,-17.5705969994554,0.0 -41.929259,-17.5711369994554,0.0 -41.929607,-17.5716139994553,0.0 -41.930182,-17.5724789994553,0.0 -41.930579,-17.5729549994553,0.0 -41.930662,-17.5733909994553,0.0 -41.930577,-17.5738779994553,0.0 -41.930522,-17.5745489994553,0.0 -41.930563,-17.5752639994552,0.0 -41.930309,-17.5756849994552,0.0 -41.930102,-17.5761049994552,0.0 -41.929852,-17.5766879994552,0.0 -41.929916,-17.5773559994552,0.0 -41.930169,-17.5778349994552,0.0 -41.930539,-17.5782189994552,0.0 -41.930884,-17.5785119994552,0.0 -41.931493,-17.5788439994552,0.0 -41.932027,-17.5789939994551,0.0 -41.932534,-17.5790749994551,0.0 -41.933133,-17.5789459994551,0.0 -41.933637,-17.5788879994551,0.0 -41.934092,-17.5787859994551,0.0 -41.934573,-17.5787749994551,0.0 -41.935297,-17.5788739994551,0.0 -41.935756,-17.5789329994551,0.0 -41.936263,-17.5789909994551,0.0 -41.936772,-17.5791409994551,0.0 -41.937167,-17.5795239994551,0.0 -41.937635,-17.5799759994551,0.0 -41.93798,-17.5802909994551,0.0 -41.93847,-17.5806259994551,0.0 -41.938961,-17.5810079994551,0.0 -41.939448,-17.5812509994551,0.0 -41.939866,-17.5816109994551,0.0 -41.940187,-17.5819269994551,0.0 -41.94058,-17.5822639994551,0.0 -41.941042,-17.5824609994551,0.0 -41.941553,-17.582657999455,0.0 -41.942137,-17.582920999455,0.0 -41.9426,-17.583141999455,0.0 -41.942993,-17.583455999455,0.0 -41.943314,-17.583794999455,0.0 -41.943659,-17.584110999455,0.0 -41.944057,-17.584655999455,0.0 -41.94438,-17.585063999455,0.0 -41.944658,-17.585588999455,0.0 -41.944911,-17.586113999455,0.0 -41.945175,-17.5870319994549,0.0 -41.945405,-17.5876039994549,0.0 -41.945516,-17.5881779994549,0.0 -41.945841,-17.5886789994549,0.0 -41.946073,-17.5892969994549,0.0 -41.946135,-17.5898499994548,0.0 -41.946026,-17.5903369994548,0.0 -41.945844,-17.5907569994548,0.0 -41.945929,-17.5912859994548,0.0 -41.946061,-17.5917439994548,0.0 -41.946217,-17.5922029994548,0.0 -41.946428,-17.5929829994548,0.0 -41.94671,-17.5936459994548,0.0 -41.947011,-17.5941699994547,0.0 -41.947145,-17.5947209994547,0.0 -41.947443,-17.5950609994547,0.0 -41.947889,-17.5955819994547,0.0 -41.94835,-17.5957329994547,0.0 -41.949052,-17.5958789994547,0.0 -41.949511,-17.5959609994547,0.0 -41.949992,-17.5959499994547,0.0 -41.950615,-17.5958199994547,0.0 -41.95107,-17.5957409994547,0.0 -41.951546,-17.5955219994547,0.0 -41.952,-17.5953729994547,0.0 -41.952453,-17.5952009994547,0.0 -41.952909,-17.5951219994547,0.0 -41.953388,-17.5950179994547,0.0 -41.954042,-17.5952109994547,0.0 -41.954578,-17.5954759994547,0.0 -41.955018,-17.5957429994547,0.0 -41.955363,-17.5960589994547,0.0 -41.955755,-17.5963269994547,0.0 -41.95596,-17.5968299994547,0.0 -41.956117,-17.5973349994547,0.0 -41.956248,-17.5977699994546,0.0 -41.956526,-17.5982949994546,0.0 -41.956657,-17.5987309994546,0.0 -41.956862,-17.5992339994546,0.0 -41.957065,-17.5996449994546,0.0 -41.957533,-17.6000729994546,0.0 -41.958049,-17.6005229994546,0.0 -41.958464,-17.6007669994546,0.0 -41.958996,-17.6008479994546,0.0 -41.959547,-17.6007429994546,0.0 -41.96005,-17.6006389994546,0.0 -41.960532,-17.6006509994546,0.0 -41.961234,-17.6007969994546,0.0 -41.961628,-17.6011569994545,0.0 -41.96195,-17.6015419994545,0.0 -41.962107,-17.6020239994545,0.0 -41.96231,-17.6024809994545,0.0 -41.962498,-17.6032619994545,0.0 -41.962655,-17.6037659994545,0.0 -41.96279,-17.6043399994545,0.0 -41.963138,-17.6047939994545,0.0 -41.96327,-17.6052529994544,0.0 -41.963757,-17.6054949994544,0.0 -41.964195,-17.6056929994544,0.0 -41.964754,-17.6058879994544,0.0 -41.965212,-17.6059239994544,0.0 -41.965667,-17.6057979994544,0.0 -41.966126,-17.6058799994544,0.0 -41.966658,-17.6059839994544,0.0 -41.96722,-17.6062939994544,0.0 -41.967663,-17.6067229994544,0.0 -41.968206,-17.6072409994544,0.0 -41.968574,-17.6075329994544,0.0 -41.968874,-17.6079649994544,0.0 -41.969219,-17.6083029994544,0.0 -41.969809,-17.6087749994543,0.0 -41.970379,-17.6094309994543,0.0 -41.970867,-17.6096969994543,0.0 -41.97135,-17.6097779994543,0.0 -41.972103,-17.6100149994543,0.0 -41.972783,-17.6102769994543,0.0 -41.973151,-17.6105689994543,0.0 -41.973735,-17.6107859994543,0.0 -41.974173,-17.6110069994543,0.0 -41.974565,-17.6112749994543,0.0 -41.974887,-17.6116139994543,0.0 -41.975233,-17.6119989994543,0.0 -41.975676,-17.6123809994542,0.0 -41.976093,-17.6126949994542,0.0 -41.976441,-17.6131249994542,0.0 -41.976667,-17.6135129994542,0.0 -41.976871,-17.6139699994542,0.0 -41.977099,-17.6144029994542,0.0 -41.977325,-17.6147909994542,0.0 -41.977482,-17.6153179994542,0.0 -41.977787,-17.6159579994541,0.0 -41.97799,-17.6163679994541,0.0 -41.978073,-17.6168049994541,0.0 -41.978098,-17.6177969994541,0.0 -41.978231,-17.6183019994541,0.0 -41.978366,-17.6189229994541,0.0 -41.978594,-17.6193789994541,0.0 -41.978877,-17.620110999454,0.0 -41.978967,-17.620801999454,0.0 -41.979241,-17.621164999454,0.0 -41.979588,-17.621595999454,0.0 -41.979911,-17.622003999454,0.0 -41.980138,-17.622390999454,0.0 -41.980585,-17.622934999454,0.0 -41.98086,-17.623367999454,0.0 -41.981355,-17.6238869994539,0.0 -41.981823,-17.6243379994539,0.0 -41.982413,-17.6248099994539,0.0 -41.982759,-17.6251939994539,0.0 -41.983081,-17.6255329994539,0.0 -41.983546,-17.6258229994539,0.0 -41.984086,-17.6262489994539,0.0 -41.984478,-17.6265169994539,0.0 -41.984895,-17.6268309994539,0.0 -41.985363,-17.6272819994538,0.0 -41.985738,-17.6278039994538,0.0 -41.986036,-17.6281669994538,0.0 -41.986431,-17.6285729994538,0.0 -41.986634,-17.6290069994538,0.0 -41.986935,-17.6294619994538,0.0 -41.987304,-17.6297769994538,0.0 -41.987601,-17.6301159994538,0.0 -41.987922,-17.6304549994538,0.0 -41.988367,-17.6309069994537,0.0 -41.988716,-17.6313839994537,0.0 -41.98923,-17.6317409994537,0.0 -41.989575,-17.6320569994537,0.0 -41.989992,-17.6323469994537,0.0 -41.990291,-17.6327559994537,0.0 -41.990662,-17.6331629994537,0.0 -41.991105,-17.6335449994537,0.0 -41.991475,-17.6339059994537,0.0 -41.991891,-17.6341509994537,0.0 -41.992236,-17.6344659994537,0.0 -41.992731,-17.6350089994536,0.0 -41.993173,-17.6353679994536,0.0 -41.993636,-17.6355879994536,0.0 -41.994076,-17.6358319994536,0.0 -41.994327,-17.6362419994536,0.0 -41.994671,-17.6365339994536,0.0 -41.99516,-17.6368229994536,0.0 -41.995384,-17.6370519994536,0.0 -41.995654,-17.6373429994536,0.0 -41.996125,-17.6378859994536,0.0 -41.996547,-17.6383839994535,0.0 -41.996607,-17.6388449994535,0.0 -41.996306,-17.6393599994535,0.0 -41.996438,-17.6398179994535,0.0 -41.996689,-17.6402049994535,0.0 -41.996821,-17.6406639994535,0.0 -41.996738,-17.6412199994535,0.0 -41.996797,-17.6416569994535,0.0 -41.996471,-17.6420799994534,0.0 -41.996168,-17.6425019994534,0.0 -41.995767,-17.6428119994534,0.0 -41.995246,-17.6431699994534,0.0 -41.994892,-17.6434549994534,0.0 -41.994467,-17.6437879994534,0.0 -41.994117,-17.6442579994534,0.0 -41.993789,-17.6446349994534,0.0 -41.993583,-17.6450319994534,0.0 -41.993379,-17.6455449994534,0.0 -41.993271,-17.6460549994533,0.0 -41.993115,-17.6465659994533,0.0 -41.992717,-17.6470139994533,0.0 -41.992463,-17.6474589994533,0.0 -41.992093,-17.6480439994533,0.0 -41.99179,-17.6484669994533,0.0 -41.991436,-17.6487519994533,0.0 -41.991181,-17.6491499994533,0.0 -41.990999,-17.6495699994532,0.0 -41.990842,-17.6500579994532,0.0 -41.990685,-17.6505239994532,0.0 -41.990337,-17.6510399994532,0.0 -41.990013,-17.6515549994532,0.0 -41.989663,-17.6520019994532,0.0 -41.989215,-17.6524039994532,0.0 -41.98862,-17.6526949994532,0.0 -41.988069,-17.6527769994532,0.0 -41.987374,-17.6529309994532,0.0 -41.986799,-17.6530369994532,0.0 -41.986396,-17.6532769994532,0.0 -41.985971,-17.6536329994531,0.0 -41.985498,-17.6539899994531,0.0 -41.985001,-17.6543249994531,0.0 -41.984601,-17.6547029994531,0.0 -41.984368,-17.6550089994531,0.0 -41.984874,-17.6550429994531,0.0 -41.985383,-17.6551699994531,0.0 -41.985821,-17.6553449994531,0.0 -41.9865895,-17.6552099994531,0.0 -41.986732,-17.6551849994531,0.0 -41.987214,-17.6552209994531,0.0 -41.987675,-17.6553249994531,0.0 -41.988158,-17.6553839994531,0.0 -41.988644,-17.6555569994531,0.0 -41.98913,-17.6557539994531,0.0 -41.989616,-17.6559269994531,0.0 -41.990175,-17.6561449994531,0.0 -41.990567,-17.6564139994531,0.0 -41.991048,-17.6563789994531,0.0 -41.991531,-17.6564149994531,0.0 -41.991983,-17.6562199994531,0.0 -41.992335,-17.6558419994531,0.0 -41.99259,-17.6554439994531,0.0 -41.992772,-17.6550009994531,0.0 -41.993001,-17.6545569994531,0.0 -41.993159,-17.6541379994531,0.0 -41.993414,-17.6537399994531,0.0 -41.993524,-17.6532979994531,0.0 -41.993561,-17.6528589994532,0.0 -41.993477,-17.6523759994532,0.0 -41.993465,-17.6518909994532,0.0 -41.993525,-17.6514049994532,0.0 -41.99373,-17.6509619994532,0.0 -41.993767,-17.6504989994532,0.0 -41.993972,-17.6500329994532,0.0 -41.994201,-17.6495429994532,0.0 -41.994431,-17.6491219994533,0.0 -41.99476,-17.6488139994533,0.0 -41.994991,-17.6484169994533,0.0 -41.995321,-17.6481089994533,0.0 -41.995748,-17.6478449994533,0.0 -41.995855,-17.6473119994533,0.0 -41.995939,-17.6468249994533,0.0 -41.996169,-17.6464039994533,0.0 -41.996598,-17.6462099994533,0.0 -41.997024,-17.6459229994533,0.0 -41.997526,-17.6457729994533,0.0 -41.998001,-17.6455079994534,0.0 -41.998303,-17.6450619994534,0.0 -41.998582,-17.6446869994534,0.0 -41.998763,-17.6442209994534,0.0 -41.999314,-17.6436739994534,0.0 -41.999367,-17.6436239994534,0.0 -41.999781,-17.6434009994534,0.0 -42.000219,-17.6431779994534,0.0 -42.000634,-17.6429089994534,0.0 -42.001026,-17.6425939994534,0.0 -42.001394,-17.6422779994534,0.0 -42.001761,-17.6419849994534,0.0 -42.002353,-17.6413039994535,0.0 -42.00277,-17.6409189994535,0.0 -42.003113,-17.6406259994535,0.0 -42.003411,-17.6402159994535,0.0 -42.003802,-17.6399009994535,0.0 -42.004171,-17.6395609994535,0.0 -42.004468,-17.6391749994535,0.0 -42.004788,-17.6388119994535,0.0 -42.00487,-17.6383279994536,0.0 -42.005002,-17.6377769994536,0.0 -42.005012,-17.6372929994536,0.0 -42.004901,-17.6368519994536,0.0 -42.004815,-17.6363649994536,0.0 -42.004752,-17.6359259994536,0.0 -42.004739,-17.6354179994536,0.0 -42.004653,-17.6349079994536,0.0 -42.00459,-17.6344679994537,0.0 -42.004457,-17.6339349994537,0.0 -42.00437,-17.6334719994537,0.0 -42.00438,-17.6330099994537,0.0 -42.004437,-17.6325729994537,0.0 -42.004638,-17.6321609994537,0.0 -42.004935,-17.6317749994537,0.0 -42.00528,-17.6313889994537,0.0 -42.0056,-17.6310489994537,0.0 -42.005991,-17.6308019994538,0.0 -42.006407,-17.6304639994538,0.0 -42.006798,-17.6301949994538,0.0 -42.007239,-17.6298109994538,0.0 -42.007677,-17.6295879994538,0.0 -42.008092,-17.6293189994538,0.0 -42.008459,-17.6290489994538,0.0 -42.008636,-17.6286369994538,0.0 -42.008846,-17.6277639994538,0.0 -42.008953,-17.6272819994538,0.0 -42.009202,-17.6268709994539,0.0 -42.009474,-17.6265069994539,0.0 -42.009723,-17.6261189994539,0.0 -42.010043,-17.6257789994539,0.0 -42.010339,-17.6254389994539,0.0 -42.01066,-17.6250519994539,0.0 -42.010934,-17.6246189994539,0.0 -42.011231,-17.6242319994539,0.0 -42.011586,-17.623361999454,0.0 -42.011645,-17.622831999454,0.0 -42.011631,-17.622370999454,0.0 -42.011665,-17.621909999454,0.0 -42.011674,-17.621447999454,0.0 -42.011828,-17.621012999454,0.0 -42.012029,-17.620600999454,0.0 -42.012353,-17.620075999454,0.0 -42.012649,-17.6197129994541,0.0 -42.012945,-17.6193719994541,0.0 -42.013196,-17.6188689994541,0.0 -42.013494,-17.6184589994541,0.0 -42.01379,-17.6180959994541,0.0 -42.014062,-17.6177319994541,0.0 -42.01446,-17.6171389994541,0.0 -42.014851,-17.6168699994541,0.0 -42.015194,-17.6165529994541,0.0 -42.015611,-17.6161919994541,0.0 -42.016028,-17.6158069994542,0.0 -42.01654,-17.6155169994542,0.0 -42.017023,-17.6154109994542,0.0 -42.017747,-17.6153319994542,0.0 -42.018229,-17.6152959994542,0.0 -42.018686,-17.6153269994542,0.0 -42.019144,-17.6152669994542,0.0 -42.019628,-17.6151379994542,0.0 -42.019995,-17.6148679994542,0.0 -42.020683,-17.6141879994542,0.0 -42.021169,-17.6139669994542,0.0 -42.021771,-17.6139779994542,0.0 -42.022226,-17.6140559994542,0.0 -42.022778,-17.6141359994542,0.0 -42.023304,-17.6143079994542,0.0 -42.02376,-17.6143859994542,0.0 -42.024288,-17.6144419994542,0.0 -42.024842,-17.6144529994542,0.0 -42.025369,-17.6145779994542,0.0 -42.025827,-17.6145409994542,0.0 -42.026358,-17.6144579994542,0.0 -42.026819,-17.6143059994542,0.0 -42.027353,-17.6140619994542,0.0 -42.027768,-17.6137699994542,0.0 -42.028088,-17.6134529994542,0.0 -42.028338,-17.6130189994542,0.0 -42.028467,-17.6125829994542,0.0 -42.028621,-17.6121009994542,0.0 -42.028894,-17.6117369994543,0.0 -42.029191,-17.6113499994543,0.0 -42.029511,-17.6109869994543,0.0 -42.029807,-17.6106229994543,0.0 -42.030081,-17.6102129994543,0.0 -42.030306,-17.6098019994543,0.0 -42.030437,-17.6092969994543,0.0 -42.030518,-17.6088369994543,0.0 -42.03065,-17.6083079994544,0.0 -42.030807,-17.6076649994544,0.0 -42.030961,-17.6072289994544,0.0 -42.03121,-17.6068189994544,0.0 -42.031459,-17.6064309994544,0.0 -42.031802,-17.6061139994544,0.0 -42.032195,-17.6057299994544,0.0 -42.03261,-17.6054839994544,0.0 -42.0329156,-17.6052220994544,0.0 -42.032953,-17.6051899994544,0.0 -42.033368,-17.6048749994544,0.0 -42.033736,-17.6045819994545,0.0 -42.034199,-17.6042669994545,0.0 -42.034761,-17.6038629994545,0.0 -42.0349414,-17.6037063994545,0.0 -42.035178,-17.6035009994545,0.0 -42.035736,-17.6032809994545,0.0 -42.036191,-17.6033819994545,0.0 -42.036649,-17.6033679994545,0.0 -42.037086,-17.6031909994545,0.0 -42.037548,-17.6029459994545,0.0 -42.037915,-17.6026759994545,0.0 -42.038426,-17.6023859994545,0.0 -42.03896,-17.6021879994545,0.0 -42.039442,-17.6021509994545,0.0 -42.040068,-17.6021629994545,0.0 -42.040697,-17.6019909994545,0.0 -42.04125,-17.6020009994545,0.0 -42.041757,-17.6019409994545,0.0 -42.042215,-17.6019039994545,0.0 -42.042769,-17.6018679994545,0.0 -42.043227,-17.6018539994545,0.0 -42.043684,-17.6018859994545,0.0 -42.044113,-17.6020559994545,0.0 -42.04457,-17.6020869994545,0.0 -42.044889,-17.6017699994545,0.0 -42.045233,-17.6014299994545,0.0 -42.045647,-17.6012079994545,0.0 -42.046084,-17.6010309994546,0.0 -42.046567,-17.6009709994546,0.0 -42.047022,-17.6010719994545,0.0 -42.047426,-17.6013109994545,0.0 -42.048336,-17.6015589994545,0.0 -42.048763,-17.6018439994545,0.0 -42.049239,-17.6020839994545,0.0 -42.049858,-17.6024179994545,0.0 -42.050455,-17.6026609994545,0.0 -42.051004,-17.6028559994545,0.0 -42.051408,-17.6031399994545,0.0 -42.051861,-17.6033339994545,0.0 -42.052317,-17.6033879994545,0.0 -42.052795,-17.6035589994545,0.0 -42.053248,-17.6037519994545,0.0 -42.053752,-17.6038309994545,0.0 -42.054232,-17.6038859994545,0.0 -42.054891,-17.6046369994545,0.0 -42.055441,-17.6048329994545,0.0 -42.056088,-17.6049599994544,0.0 -42.056571,-17.6048769994544,0.0 -42.057105,-17.6046559994545,0.0 -42.057565,-17.6045269994545,0.0 -42.058048,-17.6044199994545,0.0 -42.058508,-17.6042909994545,0.0 -42.059687,-17.6043129994545,0.0 -42.060146,-17.6042519994545,0.0 -42.060606,-17.6040989994545,0.0 -42.06109,-17.6039929994545,0.0 -42.061695,-17.6038429994545,0.0 -42.062153,-17.6037819994545,0.0 -42.06266,-17.6036999994545,0.0 -42.063118,-17.6036849994545,0.0 -42.063599,-17.6036939994545,0.0 -42.064124,-17.6039119994545,0.0 -42.064554,-17.6041049994545,0.0 -42.065009,-17.6041829994545,0.0 -42.065515,-17.6041919994545,0.0 -42.06607,-17.6041099994545,0.0 -42.066552,-17.6040499994545,0.0 -42.067057,-17.6040829994545,0.0 -42.067513,-17.6041609994545,0.0 -42.068038,-17.6043549994545,0.0 -42.06849,-17.6046409994545,0.0 -42.06892,-17.6048099994544,0.0 -42.069399,-17.6049119994544,0.0 -42.0699,-17.6051059994544,0.0 -42.07033,-17.6052759994544,0.0 -42.070783,-17.6054919994544,0.0 -42.071239,-17.6055469994544,0.0 -42.071644,-17.6057849994544,0.0 -42.072144,-17.6060249994544,0.0 -42.072596,-17.6062879994544,0.0 -42.072951,-17.6065719994544,0.0 -42.073405,-17.6067419994544,0.0 -42.073884,-17.6068659994544,0.0 -42.07434,-17.6069439994544,0.0 -42.074821,-17.6069529994544,0.0 -42.07528,-17.6068689994544,0.0 -42.075786,-17.6068559994544,0.0 -42.076291,-17.6068649994544,0.0 -42.076825,-17.6066679994544,0.0 -42.077283,-17.6066299994544,0.0 -42.077862,-17.6065259994544,0.0 -42.078277,-17.6062799994544,0.0 -42.078668,-17.6059639994544,0.0 -42.079227,-17.6056969994544,0.0 -42.079709,-17.6056599994544,0.0 -42.080168,-17.6056229994544,0.0 -42.080625,-17.6056079994544,0.0 -42.081085,-17.6054779994544,0.0 -42.081544,-17.6053949994544,0.0 -42.0815554,-17.6053934994544,0.0 -42.082003,-17.6053339994544,0.0 -42.082417,-17.6050879994544,0.0 -42.08288,-17.6047969994545,0.0 -42.083365,-17.6046439994545,0.0 -42.083846,-17.6046299994545,0.0 -42.08433,-17.6045009994545,0.0 -42.084768,-17.6043009994545,0.0 -42.08523,-17.6040559994545,0.0 -42.085597,-17.6037629994545,0.0 -42.085917,-17.6034229994545,0.0 -42.086287,-17.6029679994545,0.0 -42.086679,-17.6026289994545,0.0 -42.0870427,-17.6021910994545,0.0 -42.087321,-17.6018559994545,0.0 -42.08757,-17.6014679994545,0.0 -42.08794,-17.6009909994546,0.0 -42.08833,-17.6007439994546,0.0 -42.088769,-17.6004979994546,0.0 -42.089228,-17.6003919994546,0.0 -42.089687,-17.6003309994546,0.0 -42.090142,-17.6004319994546,0.0 -42.090368,-17.6005336994546,0.0 -42.090571,-17.6006249994546,0.0 -42.091108,-17.6002649994546,0.0 -42.091743,-17.5998389994546,0.0 -42.092179,-17.5996849994546,0.0 -42.092639,-17.5995779994546,0.0 -42.093094,-17.5996559994546,0.0 -42.093598,-17.5997349994546,0.0 -42.094034,-17.5995819994546,0.0 -42.094496,-17.5993819994546,0.0 -42.094981,-17.5991839994546,0.0 -42.095421,-17.5988689994546,0.0 -42.095902,-17.5988779994546,0.0 -42.096406,-17.5989799994546,0.0 -42.09681,-17.5992179994546,0.0 -42.097269,-17.5991109994546,0.0 -42.097875,-17.5989379994546,0.0 -42.098313,-17.5986919994546,0.0 -42.098822,-17.5985169994546,0.0 -42.099281,-17.5984099994546,0.0 -42.099739,-17.5983729994546,0.0 -42.100342,-17.5983379994546,0.0 -42.100806,-17.5980229994546,0.0 -42.101079,-17.5975899994546,0.0 -42.101304,-17.5971789994547,0.0 -42.101505,-17.5967439994547,0.0 -42.101801,-17.5964029994547,0.0 -42.102121,-17.5960629994547,0.0 -42.102535,-17.5958399994547,0.0 -42.102996,-17.5956409994547,0.0 -42.103627,-17.5953979994547,0.0 -42.104017,-17.5951289994547,0.0 -42.104385,-17.5948119994547,0.0 -42.104894,-17.5946369994547,0.0 -42.105357,-17.5943689994547,0.0 -42.105835,-17.5945389994547,0.0 -42.106289,-17.5946629994547,0.0 -42.107492,-17.5946859994547,0.0 -42.108023,-17.5946499994547,0.0 -42.108577,-17.5945909994547,0.0 -42.109081,-17.5946919994547,0.0 -42.109541,-17.5945619994547,0.0 -42.109908,-17.5942459994547,0.0 -42.110228,-17.5939059994547,0.0 -42.110645,-17.5935209994548,0.0 -42.111011,-17.5932509994548,0.0 -42.111425,-17.5930509994548,0.0 -42.111887,-17.5927829994548,0.0 -42.112064,-17.5923699994548,0.0 -42.11229,-17.5919129994548,0.0 -42.112467,-17.5914779994548,0.0 -42.112717,-17.5910209994548,0.0 -42.112968,-17.5905409994548,0.0 -42.113263,-17.5901999994548,0.0 -42.113607,-17.5898829994549,0.0 -42.113879,-17.5894959994549,0.0 -42.114202,-17.5889939994549,0.0 -42.114475,-17.5886069994549,0.0 -42.114724,-17.5882189994549,0.0 -42.114948,-17.5878079994549,0.0 -42.115197,-17.5874199994549,0.0 -42.115516,-17.5871029994549,0.0 -42.115955,-17.5868109994549,0.0 -42.116393,-17.5865879994549,0.0 -42.116879,-17.5863659994549,0.0 -42.117387,-17.5862369994549,0.0 -42.117823,-17.586083999455,0.0 -42.118355,-17.585977999455,0.0 -42.118835,-17.586032999455,0.0 -42.119295,-17.585925999455,0.0 -42.119875,-17.585775999455,0.0 -42.120333,-17.585760999455,0.0 -42.120794,-17.585584999455,0.0 -42.121278,-17.585455999455,0.0 -42.121905,-17.585397999455,0.0 -42.12251,-17.585200999455,0.0 -42.122592,-17.584740999455,0.0 -42.122408,-17.584298999455,0.0 -42.122418,-17.583837999455,0.0 -42.122499,-17.583400999455,0.0 -42.122583,-17.582801999455,0.0 -42.122927,-17.582461999455,0.0 -42.123152,-17.5820509994551,0.0 -42.123424,-17.5816869994551,0.0 -42.12379,-17.5814159994551,0.0 -42.124086,-17.5810759994551,0.0 -42.124429,-17.5807819994551,0.0 -42.124796,-17.5804659994551,0.0 -42.125281,-17.5802899994551,0.0 -42.12579,-17.5800919994551,0.0 -42.126318,-17.5801709994551,0.0 -42.126971,-17.5800439994551,0.0 -42.127314,-17.5797049994551,0.0 -42.127729,-17.5794119994551,0.0 -42.127739,-17.5789509994551,0.0 -42.127433,-17.5785759994552,0.0 -42.127056,-17.5782219994552,0.0 -42.126677,-17.5779149994552,0.0 -42.126469,-17.5774729994552,0.0 -42.127108,-17.5767919994552,0.0 -42.127499,-17.5765219994552,0.0 -42.127748,-17.5760879994552,0.0 -42.128103,-17.5752179994552,0.0 -42.128305,-17.5747599994553,0.0 -42.128742,-17.5745599994553,0.0 -42.129197,-17.5746839994553,0.0 -42.12975,-17.5746939994553,0.0 -42.130208,-17.5746569994553,0.0 -42.130667,-17.5745499994553,0.0 -42.13101,-17.5742559994553,0.0 -42.131307,-17.5738689994553,0.0 -42.131388,-17.5734089994553,0.0 -42.131325,-17.5729459994553,0.0 -42.131431,-17.5725099994553,0.0 -42.131584,-17.5720509994553,0.0 -42.132021,-17.5718509994553,0.0 -42.13248,-17.5717899994553,0.0 -42.132917,-17.5716139994553,0.0 -42.1332098,-17.5712754994553,0.0 -42.133212,-17.5712729994554,0.0 -42.133149,-17.5708099994554,0.0 -42.132843,-17.5704809994554,0.0 -42.132537,-17.5701289994554,0.0 -42.132233,-17.5697309994554,0.0 -42.131927,-17.5693559994554,0.0 -42.131573,-17.5690269994554,0.0 -42.131292,-17.5686519994554,0.0 -42.131204,-17.5682119994554,0.0 -42.130997,-17.5677459994554,0.0 -42.131007,-17.5672619994555,0.0 -42.131136,-17.5668019994555,0.0 -42.131437,-17.5662079994555,0.0 -42.13171,-17.5658209994555,0.0 -42.132029,-17.5655029994555,0.0 -42.13242,-17.5651869994555,0.0 -42.132812,-17.5648479994555,0.0 -42.133158,-17.5643929994555,0.0 -42.133478,-17.5640299994555,0.0 -42.133822,-17.5636899994556,0.0 -42.134119,-17.5633029994556,0.0 -42.134295,-17.5628909994556,0.0 -42.134305,-17.5624059994556,0.0 -42.134196,-17.5618729994556,0.0 -42.134087,-17.5612939994556,0.0 -42.13396,-17.5604139994556,0.0 -42.133946,-17.5599059994557,0.0 -42.133975,-17.5584989994557,0.0 -42.133815,-17.5580799994557,0.0 -42.133534,-17.5576829994557,0.0 -42.133206,-17.5572609994557,0.0 -42.132804,-17.5568839994557,0.0 -42.1324,-17.5566459994557,0.0 -42.132094,-17.5563169994558,0.0 -42.131788,-17.5559649994558,0.0 -42.131436,-17.5554969994558,0.0 -42.131131,-17.5551219994558,0.0 -42.130924,-17.5546569994558,0.0 -42.130837,-17.5541929994558,0.0 -42.130749,-17.5537529994558,0.0 -42.130663,-17.5532439994558,0.0 -42.130552,-17.5528029994559,0.0 -42.130465,-17.5523629994559,0.0 -42.130136,-17.5519639994559,0.0 -42.129732,-17.5516799994559,0.0 -42.12918,-17.5516229994559,0.0 -42.128674,-17.5516369994559,0.0 -42.128418,-17.5512399994559,0.0 -42.128436,-17.5503169994559,0.0 -42.1284354,-17.5502977994559,0.0 -42.128422,-17.5498549994559,0.0 -42.128262,-17.5494369994559,0.0 -42.127907,-17.5491299994559,0.0 -42.127698,-17.548733999456,0.0 -42.128112,-17.548509999456,0.0 -42.12857,-17.548472999456,0.0 -42.129028,-17.548411999456,0.0 -42.129418,-17.548164999456,0.0 -42.12962,-17.547683999456,0.0 -42.129845,-17.547272999456,0.0 -42.13007,-17.546884999456,0.0 -42.130342,-17.546519999456,0.0 -42.130685,-17.546179999456,0.0 -42.130863,-17.545744999456,0.0 -42.131205,-17.5454509994561,0.0 -42.131549,-17.5451349994561,0.0 -42.131917,-17.5447719994561,0.0 -42.13226,-17.5444779994561,0.0 -42.132653,-17.5440699994561,0.0 -42.132996,-17.5437759994561,0.0 -42.133363,-17.5434599994561,0.0 -42.13373,-17.5431669994561,0.0 -42.13412,-17.5428969994561,0.0 -42.134557,-17.5426969994561,0.0 -42.135065,-17.5425679994561,0.0 -42.135317,-17.5419959994561,0.0 -42.135374,-17.5415579994562,0.0 -42.135019,-17.5412749994562,0.0 -42.134688,-17.5409679994562,0.0 -42.134359,-17.5405699994562,0.0 -42.1342,-17.5401279994562,0.0 -42.134234,-17.5396209994562,0.0 -42.134244,-17.5391369994562,0.0 -42.134277,-17.5386989994562,0.0 -42.134453,-17.5382859994562,0.0 -42.134725,-17.5379219994563,0.0 -42.135071,-17.5374669994563,0.0 -42.135463,-17.5371279994563,0.0 -42.135712,-17.5367169994563,0.0 -42.135721,-17.5362549994563,0.0 -42.135707,-17.5357929994563,0.0 -42.135571,-17.5353519994563,0.0 -42.135057,-17.5346039994563,0.0 -42.134825,-17.5341839994564,0.0 -42.134761,-17.5337449994564,0.0 -42.134674,-17.5333039994564,0.0 -42.134635,-17.5328649994564,0.0 -42.134547,-17.5324249994564,0.0 -42.134291,-17.5320049994564,0.0 -42.134034,-17.5316309994564,0.0 -42.133778,-17.5312099994564,0.0 -42.133473,-17.5308119994564,0.0 -42.133217,-17.5303689994565,0.0 -42.132985,-17.5299259994565,0.0 -42.132778,-17.5294839994565,0.0 -42.132569,-17.5290869994565,0.0 -42.132578,-17.5286259994565,0.0 -42.132683,-17.5281889994565,0.0 -42.132909,-17.5277319994565,0.0 -42.133112,-17.5272279994565,0.0 -42.133145,-17.5267899994566,0.0 -42.133274,-17.5263299994566,0.0 -42.133523,-17.5259189994566,0.0 -42.133556,-17.5254809994566,0.0 -42.133733,-17.5250459994566,0.0 -42.134124,-17.5247299994566,0.0 -42.134443,-17.5244129994566,0.0 -42.134739,-17.5240719994566,0.0 -42.135106,-17.5237559994566,0.0 -42.135473,-17.5234619994566,0.0 -42.135913,-17.5231239994567,0.0 -42.13633,-17.5227169994567,0.0 -42.136461,-17.5222109994567,0.0 -42.136566,-17.5217739994567,0.0 -42.136814,-17.5213869994567,0.0 -42.137251,-17.5212099994567,0.0 -42.137688,-17.5209869994567,0.0 -42.138055,-17.5206939994567,0.0 -42.138065,-17.5201859994567,0.0 -42.137954,-17.5197459994567,0.0 -42.137599,-17.5194389994568,0.0 -42.137169,-17.5192689994568,0.0 -42.136987,-17.5187809994568,0.0 -42.13733,-17.5184649994568,0.0 -42.137743,-17.5182639994568,0.0 -42.138085,-17.5179709994568,0.0 -42.138405,-17.5176069994568,0.0 -42.138535,-17.5171709994568,0.0 -42.138736,-17.5167359994568,0.0 -42.139055,-17.5164189994568,0.0 -42.139422,-17.5161019994568,0.0 -42.13991,-17.5157649994568,0.0 -42.140371,-17.5155889994569,0.0 -42.14083,-17.5154589994569,0.0 -42.141314,-17.5153289994569,0.0 -42.141796,-17.5153149994569,0.0 -42.142253,-17.5152769994569,0.0 -42.142805,-17.5153569994569,0.0 -42.143209,-17.5155949994569,0.0 -42.143711,-17.5157659994568,0.0 -42.144238,-17.5158909994568,0.0 -42.144721,-17.5158079994568,0.0 -42.14518,-17.5157239994568,0.0 -42.14557,-17.5154309994569,0.0 -42.146053,-17.5153709994569,0.0 -42.146482,-17.5155629994569,0.0 -42.147034,-17.5156429994569,0.0 -42.147493,-17.5155589994569,0.0 -42.147932,-17.5152669994569,0.0 -42.148438,-17.5152069994569,0.0 -42.148919,-17.5152159994569,0.0 -42.149836,-17.5150939994569,0.0 -42.150318,-17.5150109994569,0.0 -42.150824,-17.5150199994569,0.0 -42.151285,-17.5147979994569,0.0 -42.151628,-17.5145039994569,0.0 -42.151995,-17.5141869994569,0.0 -42.152196,-17.5137519994569,0.0 -42.152472,-17.5132029994569,0.0 -42.152625,-17.5127449994569,0.0 -42.152898,-17.5123339994569,0.0 -42.153194,-17.511969999457,0.0 -42.153442,-17.511581999457,0.0 -42.153738,-17.511217999457,0.0 -42.154105,-17.510947999457,0.0 -42.15452,-17.510632999457,0.0 -42.154697,-17.510219999457,0.0 -42.154875,-17.509715999457,0.0 -42.154618,-17.509341999457,0.0 -42.154138,-17.509263999457,0.0 -42.153658,-17.509231999457,0.0 -42.153376,-17.508879999457,0.0 -42.153385,-17.508418999457,0.0 -42.153298,-17.5079789994571,0.0 -42.153139,-17.5075139994571,0.0 -42.152857,-17.5071389994571,0.0 -42.152963,-17.5066799994571,0.0 -42.15314,-17.5062669994571,0.0 -42.153435,-17.5059039994571,0.0 -42.153802,-17.5056329994571,0.0 -42.154192,-17.5053629994571,0.0 -42.154654,-17.5051179994571,0.0 -42.155162,-17.5049659994571,0.0 -42.155591,-17.5051579994571,0.0 -42.155971,-17.5054419994571,0.0 -42.156301,-17.5057479994571,0.0 -42.156779,-17.5059189994571,0.0 -42.15726,-17.5059279994571,0.0 -42.157697,-17.5057509994571,0.0 -42.157802,-17.5053139994571,0.0 -42.157787,-17.5048519994571,0.0 -42.157796,-17.5043909994572,0.0 -42.157925,-17.5039319994572,0.0 -42.158292,-17.5036379994572,0.0 -42.158821,-17.5036479994572,0.0 -42.159279,-17.5036099994572,0.0 -42.159576,-17.5031769994572,0.0 -42.159659,-17.5026479994572,0.0 -42.159645,-17.5021629994572,0.0 -42.159509,-17.5017209994572,0.0 -42.158996,-17.5009269994573,0.0 -42.15857,-17.5005499994573,0.0 -42.158105,-17.4997569994573,0.0 -42.157994,-17.4992929994573,0.0 -42.157906,-17.4988529994573,0.0 -42.157901,-17.4985179994573,0.0 -42.158003,-17.4980799994573,0.0 -42.158272,-17.4977139994573,0.0 -42.158686,-17.4973959994573,0.0 -42.159191,-17.4973779994573,0.0 -42.159671,-17.4975229994573,0.0 -42.160127,-17.4975739994573,0.0 -42.160586,-17.4974639994573,0.0 -42.161091,-17.4974469994573,0.0 -42.161572,-17.4974529994573,0.0 -42.162052,-17.4975739994573,0.0 -42.16251,-17.4975099994573,0.0 -42.162875,-17.4971679994574,0.0 -42.162881,-17.4967059994574,0.0 -42.162815,-17.4962439994574,0.0 -42.162845,-17.4958059994574,0.0 -42.162923,-17.4953219994574,0.0 -42.163407,-17.4951189994574,0.0 -42.163864,-17.4951479994574,0.0 -42.164875,-17.4951599994574,0.0 -42.165404,-17.4951889994574,0.0 -42.16606,-17.4954434994574,0.0 -42.166265,-17.4955229994574,0.0 -42.166748,-17.4954129994574,0.0 -42.16716,-17.4951869994574,0.0 -42.167286,-17.4947269994574,0.0 -42.167388,-17.4942889994574,0.0 -42.167685,-17.4936919994574,0.0 -42.167907,-17.4932329994575,0.0 -42.167913,-17.4927709994575,0.0 -42.167848,-17.4922399994575,0.0 -42.167805,-17.4917999994575,0.0 -42.167643,-17.4913139994575,0.0 -42.167384,-17.4908489994575,0.0 -42.167149,-17.4904529994575,0.0 -42.166816,-17.4901029994575,0.0 -42.166435,-17.4897979994576,0.0 -42.166029,-17.4895629994576,0.0 -42.1656,-17.4893039994576,0.0 -42.165169,-17.4890679994576,0.0 -42.164788,-17.4887629994576,0.0 -42.164456,-17.4883899994576,0.0 -42.164123,-17.4880849994576,0.0 -42.163937,-17.4876209994576,0.0 -42.163726,-17.4871799994576,0.0 -42.1634427,-17.4864543994576,0.0 -42.1634,-17.4863449994576,0.0 -42.163383,-17.4858139994577,0.0 -42.163491,-17.4848909994577,0.0 -42.163569,-17.4844539994577,0.0 -42.163599,-17.4839689994577,0.0 -42.163725,-17.4835319994577,0.0 -42.163827,-17.4830939994577,0.0 -42.164049,-17.4826579994577,0.0 -42.164319,-17.4822689994578,0.0 -42.164636,-17.4819029994578,0.0 -42.164977,-17.4816069994578,0.0 -42.165295,-17.4811949994578,0.0 -42.165493,-17.4807819994578,0.0 -42.165547,-17.4803209994578,0.0 -42.165263,-17.4799249994578,0.0 -42.165028,-17.4794829994578,0.0 -42.164646,-17.4792249994578,0.0 -42.164289,-17.4789439994578,0.0 -42.163859,-17.4786849994579,0.0 -42.163526,-17.4783799994579,0.0 -42.163194,-17.4780529994579,0.0 -42.162958,-17.4776579994579,0.0 -42.16282,-17.4771939994579,0.0 -42.162754,-17.4766859994579,0.0 -42.16252,-17.4761749994579,0.0 -42.162163,-17.4758939994579,0.0 -42.161806,-17.4755889994579,0.0 -42.161376,-17.4753069994579,0.0 -42.160946,-17.4750939994579,0.0 -42.160515,-17.474903999458,0.0 -42.160085,-17.474737999458,0.0 -42.159777,-17.474363999458,0.0 -42.159639,-17.473854999458,0.0 -42.159645,-17.473369999458,0.0 -42.159867,-17.472956999458,0.0 -42.160327,-17.472707999458,0.0 -42.160784,-17.472736999458,0.0 -42.161265,-17.472788999458,0.0 -42.161719,-17.472978999458,0.0 -42.162125,-17.473214999458,0.0 -42.162604,-17.473381999458,0.0 -42.163061,-17.473433999458,0.0 -42.163541,-17.473531999458,0.0 -42.163997,-17.473582999458,0.0 -42.164525,-17.473704999458,0.0 -42.164982,-17.473732999458,0.0 -42.165439,-17.473715999458,0.0 -42.16592,-17.473697999458,0.0 -42.166426,-17.473657999458,0.0 -42.166885,-17.473501999458,0.0 -42.167297,-17.473275999458,0.0 -42.167685,-17.473025999458,0.0 -42.168098,-17.472730999458,0.0 -42.16832,-17.472340999458,0.0 -42.168545,-17.471696999458,0.0 -42.16855,-17.4712359994581,0.0 -42.168418,-17.4703099994581,0.0 -42.168328,-17.4698479994581,0.0 -42.168237,-17.4694079994581,0.0 -42.168099,-17.4689209994581,0.0 -42.168105,-17.4684359994581,0.0 -42.168184,-17.4679289994581,0.0 -42.168382,-17.4674699994582,0.0 -42.168723,-17.4671509994582,0.0 -42.169088,-17.4668779994582,0.0 -42.169404,-17.4665579994582,0.0 -42.169578,-17.4661219994582,0.0 -42.169778,-17.4655929994582,0.0 -42.169976,-17.4651329994582,0.0 -42.169553,-17.4643429994582,0.0 -42.169318,-17.4638789994582,0.0 -42.169421,-17.4633949994583,0.0 -42.16988,-17.4632389994583,0.0 -42.170361,-17.4632449994583,0.0 -42.170821,-17.4630189994583,0.0 -42.171019,-17.4625599994583,0.0 -42.170929,-17.4620969994583,0.0 -42.170863,-17.4616569994583,0.0 -42.170893,-17.4611959994583,0.0 -42.171066,-17.4607819994583,0.0 -42.171312,-17.4603699994583,0.0 -42.171559,-17.4599109994584,0.0 -42.17178,-17.4595209994584,0.0 -42.172002,-17.4591079994584,0.0 -42.172319,-17.4587419994584,0.0 -42.172684,-17.4584689994584,0.0 -42.173048,-17.4581729994584,0.0 -42.173006,-17.4577109994584,0.0 -42.172867,-17.4572709994584,0.0 -42.172657,-17.4568059994584,0.0 -42.172542,-17.4563659994584,0.0 -42.172452,-17.4559259994585,0.0 -42.17224,-17.4555309994585,0.0 -42.171981,-17.4551359994585,0.0 -42.171697,-17.4547399994585,0.0 -42.171462,-17.4543219994585,0.0 -42.1714468,-17.4542878994585,0.0 -42.171275,-17.4539039994585,0.0 -42.171015,-17.4535309994585,0.0 -42.170948,-17.4530919994585,0.0 -42.170978,-17.4526069994586,0.0 -42.171033,-17.4521229994586,0.0 -42.171159,-17.4516859994586,0.0 -42.171236,-17.4512479994586,0.0 -42.171506,-17.4508589994586,0.0 -42.171919,-17.4505859994586,0.0 -42.172354,-17.4503839994586,0.0 -42.172861,-17.4502509994586,0.0 -42.17332,-17.4501409994586,0.0 -42.173826,-17.4500309994586,0.0 -42.174287,-17.4497599994586,0.0 -42.174722,-17.4496029994586,0.0 -42.175158,-17.4493779994586,0.0 -42.17564,-17.4492449994586,0.0 -42.176098,-17.4491809994586,0.0 -42.177614,-17.4491989994587,0.0 -42.17807,-17.4492269994586,0.0 -42.178575,-17.4492559994586,0.0 -42.179056,-17.4492619994586,0.0 -42.179514,-17.4492439994586,0.0 -42.179972,-17.4491339994587,0.0 -42.180407,-17.4489769994587,0.0 -42.180796,-17.4486589994587,0.0 -42.181138,-17.4482469994587,0.0 -42.181432,-17.4478349994587,0.0 -42.18163,-17.4474219994587,0.0 -42.181828,-17.4469849994587,0.0 -42.182075,-17.4464799994587,0.0 -42.182297,-17.4459979994587,0.0 -42.182519,-17.4456079994587,0.0 -42.182813,-17.4452189994588,0.0 -42.18325,-17.4449009994588,0.0 -42.183708,-17.4447669994588,0.0 -42.18417,-17.4444029994588,0.0 -42.184536,-17.4440379994588,0.0 -42.185019,-17.4438819994588,0.0 -42.185476,-17.4438409994588,0.0 -42.185959,-17.4437319994588,0.0 -42.186252,-17.4433889994588,0.0 -42.186545,-17.4429999994588,0.0 -42.186935,-17.4426579994588,0.0 -42.187393,-17.4425939994588,0.0 -42.187874,-17.4425989994588,0.0 -42.188331,-17.4425819994588,0.0 -42.188789,-17.4425179994588,0.0 -42.189246,-17.4424769994588,0.0 -42.189705,-17.4423899994588,0.0 -42.190163,-17.4422569994588,0.0 -42.190237,-17.4421229994588,0.0 -42.190409,-17.4418669994588,0.0 -42.1904427,-17.4417150994589,0.0 -42.1904779,-17.4415563994589,0.0 -42.190511,-17.4414069994589,0.0 -42.1905852,-17.4412346994589,0.0 -42.190709,-17.4409469994589,0.0 -42.1907736,-17.4408591994589,0.0 -42.1908956,-17.4406931994589,0.0 -42.1910079,-17.4405404994589,0.0 -42.1911332,-17.4403700994589,0.0 -42.191248,-17.4402139994589,0.0 -42.191464,-17.4399827994589,0.0 -42.191589,-17.4398489994589,0.0 -42.1917802,-17.4398900994589,0.0 -42.192045,-17.4399469994589,0.0 -42.192401,-17.4403199994589,0.0 -42.1925941,-17.4405573994589,0.0 -42.19278,-17.4407859994589,0.0 -42.1929969,-17.4409329994589,0.0 -42.193162,-17.4410449994589,0.0 -42.1933463,-17.4411808994589,0.0 -42.193543,-17.4413259994589,0.0 -42.1937925,-17.4414495994589,0.0 -42.193973,-17.4415389994589,0.0 -42.1942234,-17.4416700994589,0.0 -42.1942578,-17.4416879994589,0.0 -42.19438,-17.4417519994589,0.0 -42.19481,-17.4419419994588,0.0 -42.1950569,-17.4420239994588,0.0 -42.195313,-17.4421089994588,0.0 -42.1956855,-17.4422694994588,0.0 -42.195863,-17.4423459994588,0.0 -42.1959944,-17.4423856994588,0.0 -42.1962264,-17.4424557994588,0.0 -42.196343,-17.4424909994588,0.0 -42.1965087,-17.4425156994588,0.0 -42.1967063,-17.4425450994588,0.0 -42.196847,-17.4425659994588,0.0 -42.1971377,-17.4426579994588,0.0 -42.197302,-17.4427099994588,0.0 -42.1974328,-17.4427245994588,0.0 -42.1975793,-17.4427408994588,0.0 -42.197759,-17.4427609994588,0.0 -42.1978974,-17.4427207994588,0.0 -42.198053,-17.4426755994588,0.0 -42.198217,-17.4426279994588,0.0 -42.1984542,-17.4424220994588,0.0 -42.198558,-17.4423319994588,0.0 -42.1986516,-17.4420450994588,0.0 -42.198708,-17.4418719994588,0.0 -42.1987338,-17.4417116994588,0.0 -42.1987608,-17.4415445994589,0.0 -42.198786,-17.4413879994589,0.0 -42.1988195,-17.4411155994589,0.0 -42.19884,-17.4409489994589,0.0 -42.1989565,-17.4406724994589,0.0 -42.199014,-17.4405359994589,0.0 -42.1991636,-17.4402837994589,0.0 -42.199259,-17.4401229994589,0.0 -42.1993194,-17.4399641994589,0.0 -42.1993819,-17.4397998994589,0.0 -42.199434,-17.4396629994589,0.0 -42.1994357,-17.4395022994589,0.0 -42.1994375,-17.4393419994589,0.0 -42.199439,-17.4392019994589,0.0 -42.1994701,-17.4390417994589,0.0 -42.1995071,-17.4388517994589,0.0 -42.199542,-17.4386719994589,0.0 -42.1996075,-17.4384103994589,0.0 -42.199669,-17.4381649994589,0.0 -42.1997701,-17.437870599459,0.0 -42.199819,-17.437727999459,0.0 -42.1999739,-17.437549099459,0.0 -42.200136,-17.437361999459,0.0 -42.200344,-17.437204299459,0.0 -42.200525,-17.437066999459,0.0 -42.2008371,-17.436877199459,0.0 -42.20101,-17.436771999459,0.0 -42.2011548,-17.436625799459,0.0 -42.201326,-17.436452999459,0.0 -42.2013809,-17.436285499459,0.0 -42.2013993,-17.436229299459,0.0 -42.2014368,-17.436114699459,0.0 -42.201477,-17.435991999459,0.0 -42.2015184,-17.435757299459,0.0 -42.201554,-17.435554999459,0.0 -42.2016292,-17.435293599459,0.0 -42.20168,-17.435116999459,0.0 -42.2018372,-17.434824599459,0.0 -42.201902,-17.434703999459,0.0 -42.202071,-17.434523099459,0.0 -42.202243,-17.4343389994591,0.0 -42.202608,-17.4340199994591,0.0 -42.202901,-17.4336539994591,0.0 -42.2029769,-17.4334634994591,0.0 -42.203075,-17.4332169994591,0.0 -42.2031266,-17.4330805994591,0.0 -42.2031813,-17.4329358994591,0.0 -42.203249,-17.4327569994591,0.0 -42.2033009,-17.4325771994591,0.0 -42.203375,-17.4323199994591,0.0 -42.2034467,-17.4322062994591,0.0 -42.2035321,-17.4320708994591,0.0 -42.203621,-17.4319299994591,0.0 -42.2037223,-17.4318539994591,0.0 -42.203879,-17.4317364994591,0.0 -42.203985,-17.4316569994591,0.0 -42.2042444,-17.4315365994591,0.0 -42.20442,-17.4314549994591,0.0 -42.2046721,-17.4313508994591,0.0 -42.2047084,-17.4313358994591,0.0 -42.204856,-17.4312749994591,0.0 -42.2051214,-17.4312017994591,0.0 -42.205338,-17.4311419994591,0.0 -42.2055585,-17.4310708994591,0.0 -42.205822,-17.4309859994591,0.0 -42.2060416,-17.4308950994591,0.0 -42.206257,-17.4308059994591,0.0 -42.20651,-17.4307514994591,0.0 -42.2066239,-17.4307269994591,0.0 -42.206763,-17.4306969994591,0.0 -42.2070607,-17.4306149994591,0.0 -42.207246,-17.4305639994591,0.0 -42.2073341,-17.4305156994591,0.0 -42.2074088,-17.4304746994592,0.0 -42.2075246,-17.4304111994592,0.0 -42.207658,-17.4303379994592,0.0 -42.2077315,-17.4302144994592,0.0 -42.2078211,-17.4300641994592,0.0 -42.207904,-17.4299249994592,0.0 -42.2079456,-17.4298095994592,0.0 -42.2080256,-17.4295874994592,0.0 -42.208078,-17.4294419994592,0.0 -42.2083127,-17.4292659994592,0.0 -42.208442,-17.4291689994592,0.0 -42.2086684,-17.4292687994592,0.0 -42.208873,-17.4293589994592,0.0 -42.2090749,-17.4293610994592,0.0 -42.209354,-17.4293639994592,0.0 -42.2095766,-17.4293560994592,0.0 -42.209835,-17.4293469994592,0.0 -42.2100471,-17.4292424994592,0.0 -42.210247,-17.4291439994592,0.0 -42.2104648,-17.4290585994592,0.0 -42.210706,-17.4289639994592,0.0 -42.210928,-17.4285509994592,0.0 -42.2109433,-17.4282776994592,0.0 -42.210959,-17.4279969994592,0.0 -42.2109459,-17.4278559994592,0.0 -42.210916,-17.4275349994592,0.0 -42.2108972,-17.4273177994592,0.0 -42.210874,-17.4270499994592,0.0 -42.2107562,-17.4267866994593,0.0 -42.210687,-17.4266319994593,0.0 -42.210525,-17.4261679994593,0.0 -42.210411,-17.4256819994593,0.0 -42.21044,-17.4252439994593,0.0 -42.2104772,-17.4246712994593,0.0 -42.2105,-17.4243209994593,0.0 -42.210602,-17.4238369994593,0.0 -42.2106344,-17.4236772994593,0.0 -42.210705,-17.4233299994593,0.0 -42.210782,-17.4231262994594,0.0 -42.210879,-17.4228699994594,0.0 -42.2111168,-17.4226320994594,0.0 -42.211244,-17.4225049994594,0.0 -42.2114518,-17.4223587994594,0.0 -42.211632,-17.4222319994594,0.0 -42.2116503,-17.4222077994594,0.0 -42.2118913,-17.4218888994594,0.0 -42.211926,-17.4218429994594,0.0 -42.211884,-17.4213809994594,0.0 -42.211721,-17.4209399994594,0.0 -42.211558,-17.4205229994594,0.0 -42.211323,-17.4200809994594,0.0 -42.211112,-17.4196399994594,0.0 -42.210829,-17.4191519994595,0.0 -42.21057,-17.4187559994595,0.0 -42.210407,-17.4183159994595,0.0 -42.210244,-17.4178979994595,0.0 -42.210033,-17.4174109994595,0.0 -42.209943,-17.4169479994595,0.0 -42.209996,-17.4165099994595,0.0 -42.209978,-17.4160479994595,0.0 -42.209767,-17.4156299994596,0.0 -42.209458,-17.4153029994596,0.0 -42.209028,-17.4151359994596,0.0 -42.208572,-17.4150159994596,0.0 -42.208216,-17.4146419994596,0.0 -42.208174,-17.4141799994596,0.0 -42.208514,-17.4138599994596,0.0 -42.20888,-17.4134719994596,0.0 -42.208741,-17.4130319994596,0.0 -42.208627,-17.4125689994596,0.0 -42.208561,-17.4120829994596,0.0 -42.2085759,-17.4118573994597,0.0 -42.20859,-17.4116449994597,0.0 -42.20811,-17.4116159994597,0.0 -42.207704,-17.4113569994597,0.0 -42.207248,-17.4112599994597,0.0 -42.206791,-17.4112999994597,0.0 -42.20645,-17.4115969994597,0.0 -42.206157,-17.4119399994597,0.0 -42.205912,-17.4123519994596,0.0 -42.205618,-17.4127179994596,0.0 -42.205349,-17.4130849994596,0.0 -42.204866,-17.4132179994596,0.0 -42.204412,-17.4130509994596,0.0 -42.204006,-17.4128149994596,0.0 -42.20355,-17.4126949994596,0.0 -42.20307,-17.4126429994596,0.0 -42.202588,-17.4126599994596,0.0 -42.202131,-17.4127239994596,0.0 -42.201695,-17.4129499994596,0.0 -42.20126,-17.4131069994596,0.0 -42.200802,-17.4131479994596,0.0 -42.200345,-17.4132109994596,0.0 -42.199887,-17.4132289994596,0.0 -42.199406,-17.4132929994596,0.0 -42.1989,-17.4133559994596,0.0 -42.198394,-17.4133969994596,0.0 -42.197937,-17.4134379994596,0.0 -42.197431,-17.4134779994596,0.0 -42.196853,-17.4135399994596,0.0 -42.196395,-17.4135809994596,0.0 -42.195721,-17.4136199994596,0.0 -42.195215,-17.4137289994596,0.0 -42.194734,-17.4137239994596,0.0 -42.194254,-17.4136719994596,0.0 -42.193749,-17.4135969994596,0.0 -42.193221,-17.4135209994596,0.0 -42.192668,-17.4135149994596,0.0 -42.192212,-17.4134629994596,0.0 -42.19166,-17.4133409994596,0.0 -42.191133,-17.4131739994596,0.0 -42.190581,-17.4130519994596,0.0 -42.190102,-17.4129309994596,0.0 -42.189598,-17.4128549994596,0.0 -42.189116,-17.4128729994596,0.0 -42.188633,-17.4130289994596,0.0 -42.188198,-17.4132089994596,0.0 -42.187786,-17.4134349994596,0.0 -42.187421,-17.4137769994596,0.0 -42.186986,-17.4139559994596,0.0 -42.186529,-17.4139739994596,0.0 -42.186046,-17.4140839994596,0.0 -42.185612,-17.4142409994596,0.0 -42.185153,-17.4143279994596,0.0 -42.184696,-17.4143919994596,0.0 -42.184215,-17.4143859994596,0.0 -42.183733,-17.4144259994596,0.0 -42.183298,-17.4146289994596,0.0 -42.182933,-17.4149019994596,0.0 -42.182568,-17.4152439994596,0.0 -42.182109,-17.4153769994596,0.0 -42.18163,-17.4152789994596,0.0 -42.181174,-17.4151819994596,0.0 -42.180691,-17.4153139994596,0.0 -42.180326,-17.4156329994596,0.0 -42.179938,-17.4159059994595,0.0 -42.179479,-17.4160389994595,0.0 -42.179021,-17.4161259994595,0.0 -42.178491,-17.4161889994595,0.0 -42.177986,-17.4161829994595,0.0 -42.177482,-17.4161539994595,0.0 -42.177001,-17.4161489994595,0.0 -42.176522,-17.4159809994595,0.0 -42.176066,-17.4158369994596,0.0 -42.175612,-17.4156469994596,0.0 -42.175206,-17.4153889994596,0.0 -42.1748,-17.4151529994596,0.0 -42.17437,-17.4149169994596,0.0 -42.173916,-17.4147269994596,0.0 -42.173486,-17.4145139994596,0.0 -42.17303,-17.4144159994596,0.0 -42.172574,-17.4142959994596,0.0 -42.172046,-17.4142429994596,0.0 -42.171565,-17.4142139994596,0.0 -42.171085,-17.4141629994596,0.0 -42.170654,-17.4139729994596,0.0 -42.170199,-17.4138749994596,0.0 -42.169768,-17.4136849994596,0.0 -42.169387,-17.4134039994596,0.0 -42.16903,-17.4130759994596,0.0 -42.168675,-17.4126559994596,0.0 -42.168367,-17.4122829994596,0.0 -42.167986,-17.4119789994596,0.0 -42.167532,-17.4117659994597,0.0 -42.167076,-17.4116679994597,0.0 -42.166596,-17.4116159994597,0.0 -42.166089,-17.4117489994597,0.0 -42.165631,-17.4118359994597,0.0 -42.165173,-17.4118759994597,0.0 -42.164716,-17.4118939994597,0.0 -42.16421,-17.4119569994597,0.0 -42.163753,-17.4119979994597,0.0 -42.163225,-17.4118529994597,0.0 -42.162869,-17.4115259994597,0.0 -42.162561,-17.4111759994597,0.0 -42.16218,-17.4108249994597,0.0 -42.161824,-17.4104979994597,0.0 -42.161467,-17.4102159994597,0.0 -42.161037,-17.4099799994597,0.0 -42.160535,-17.4097429994597,0.0 -42.16008,-17.4095299994597,0.0 -42.159625,-17.4093629994597,0.0 -42.159219,-17.4091509994597,0.0 -42.158765,-17.4089839994597,0.0 -42.158189,-17.4088379994597,0.0 -42.157709,-17.4087629994597,0.0 -42.157254,-17.4086419994597,0.0 -42.156703,-17.4084509994597,0.0 -42.156151,-17.4083519994597,0.0 -42.155648,-17.4082309994598,0.0 -42.155169,-17.4080169994598,0.0 -42.154667,-17.4078039994598,0.0 -42.154093,-17.4075659994598,0.0 -42.153614,-17.4073529994598,0.0 -42.15316,-17.4071389994598,0.0 -42.152682,-17.4069029994598,0.0 -42.152204,-17.4067119994598,0.0 -42.151749,-17.4065449994598,0.0 -42.151318,-17.4063789994598,0.0 -42.150863,-17.4062349994598,0.0 -42.150407,-17.4061369994598,0.0 -42.149977,-17.4059699994598,0.0 -42.149473,-17.4058489994598,0.0 -42.148969,-17.4057499994598,0.0 -42.148058,-17.4055089994598,0.0 -42.147628,-17.4052959994598,0.0 -42.147222,-17.4050599994598,0.0 -42.146768,-17.4048239994599,0.0 -42.146313,-17.4046799994598,0.0 -42.145811,-17.4044889994599,0.0 -42.145236,-17.4042749994599,0.0 -42.144782,-17.4040609994599,0.0 -42.144327,-17.4039399994599,0.0 -42.143776,-17.4037719994599,0.0 -42.143248,-17.4036739994599,0.0 -42.142768,-17.4035759994599,0.0 -42.142216,-17.4034999994599,0.0 -42.141786,-17.4033099994599,0.0 -42.141356,-17.4030739994599,0.0 -42.140878,-17.4028369994599,0.0 -42.140447,-17.4026469994599,0.0 -42.139944,-17.4025029994599,0.0 -42.139417,-17.4023349994599,0.0 -42.138938,-17.4022139994599,0.0 -42.138411,-17.4019999994599,0.0 -42.137955,-17.4019479994599,0.0 -42.137451,-17.4018499994599,0.0 -42.136924,-17.4017279994599,0.0 -42.13642,-17.4016529994599,0.0 -42.135989,-17.4014859994599,0.0 -42.135368,-17.4011779994599,0.0 -42.134556,-17.40070699946,0.0 -42.134175,-17.40044799946,0.0 -42.133721,-17.40018899946,0.0 -42.133244,-17.39985999946,0.0 -42.132791,-17.39955399946,0.0 -42.132435,-17.39922699946,0.0 -42.132078,-17.39894599946,0.0 -42.131554,-17.39852399946,0.0 -42.130414,-17.39740199946,0.0 -42.130082,-17.3970509994601,0.0 -42.129678,-17.3966539994601,0.0 -42.129419,-17.3962819994601,0.0 -42.129112,-17.3958619994601,0.0 -42.128781,-17.3954199994601,0.0 -42.128449,-17.3949999994601,0.0 -42.128069,-17.3946949994601,0.0 -42.12764,-17.3943899994601,0.0 -42.127235,-17.3940619994601,0.0 -42.126806,-17.3938029994601,0.0 -42.126399,-17.3935899994602,0.0 -42.125945,-17.3934229994602,0.0 -42.125395,-17.3931619994602,0.0 -42.124989,-17.3929269994602,0.0 -42.124608,-17.3926679994602,0.0 -42.124178,-17.3924089994602,0.0 -42.123748,-17.3921729994602,0.0 -42.123271,-17.3919359994602,0.0 -42.122767,-17.3917919994602,0.0 -42.122361,-17.3915789994602,0.0 -42.121908,-17.3912729994602,0.0 -42.121502,-17.3910609994602,0.0 -42.121072,-17.3908479994602,0.0 -42.120642,-17.3906579994602,0.0 -42.120164,-17.3904439994602,0.0 -42.119709,-17.3902539994602,0.0 -42.119279,-17.3900869994602,0.0 -42.118849,-17.3898739994603,0.0 -42.118393,-17.3897299994603,0.0 -42.117915,-17.3895399994603,0.0 -42.117389,-17.3893029994603,0.0 -42.116909,-17.3892279994603,0.0 -42.116433,-17.3891389994603,0.0 -42.116262,-17.3890349994603,0.0 -42.115999,-17.3889169994603,0.0 -42.115497,-17.3887259994603,0.0 -42.115019,-17.3884659994603,0.0 -42.114589,-17.3882759994603,0.0 -42.114134,-17.3880859994603,0.0 -42.113608,-17.3878719994603,0.0 -42.113153,-17.3877509994603,0.0 -42.112578,-17.3875359994603,0.0 -42.111835,-17.3873659994603,0.0 -42.11078,-17.3871219994603,0.0 -42.110228,-17.3870689994603,0.0 -42.109748,-17.3869939994603,0.0 -42.109292,-17.3869429994603,0.0 -42.108669,-17.3867729994603,0.0 -42.108165,-17.3866519994603,0.0 -42.107686,-17.3865539994603,0.0 -42.107231,-17.3863869994604,0.0 -42.106776,-17.3861959994604,0.0 -42.106227,-17.3859129994604,0.0 -42.105772,-17.3857689994604,0.0 -42.105318,-17.3855319994604,0.0 -42.104889,-17.3852959994604,0.0 -42.10434,-17.3849429994604,0.0 -42.103864,-17.3845679994604,0.0 -42.103411,-17.3843089994604,0.0 -42.102813,-17.3840009994604,0.0 -42.102383,-17.3837879994604,0.0 -42.101978,-17.3835289994604,0.0 -42.101549,-17.3832239994604,0.0 -42.10112,-17.3829419994604,0.0 -42.100642,-17.3826819994604,0.0 -42.100261,-17.3823999994605,0.0 -42.099832,-17.3821639994605,0.0 -42.09945,-17.3819059994605,0.0 -42.09902,-17.3817159994605,0.0 -42.098399,-17.3814079994605,0.0 -42.097896,-17.3812399994605,0.0 -42.097392,-17.3811649994605,0.0 -42.096936,-17.3810669994605,0.0 -42.096456,-17.3810149994605,0.0 -42.095903,-17.3809849994605,0.0 -42.095375,-17.3809329994605,0.0 -42.094317,-17.3809199994605,0.0 -42.093813,-17.3808449994605,0.0 -42.092779,-17.3808319994605,0.0 -42.092322,-17.3808959994605,0.0 -42.091839,-17.3810509994605,0.0 -42.091427,-17.3812999994605,0.0 -42.090968,-17.3814559994605,0.0 -42.090533,-17.3816359994605,0.0 -42.090052,-17.3816299994605,0.0 -42.089547,-17.3815779994605,0.0 -42.089044,-17.3814559994605,0.0 -42.088591,-17.3811969994605,0.0 -42.08816,-17.3810299994605,0.0 -42.087657,-17.3808849994605,0.0 -42.087202,-17.3807409994605,0.0 -42.086749,-17.3804589994605,0.0 -42.086417,-17.3801079994605,0.0 -42.086134,-17.3796659994605,0.0 -42.086213,-17.3791589994605,0.0 -42.086363,-17.3787219994606,0.0 -42.086632,-17.3783329994606,0.0 -42.086926,-17.3779669994606,0.0 -42.087243,-17.3776479994606,0.0 -42.087584,-17.3772589994606,0.0 -42.087926,-17.3768939994606,0.0 -42.088267,-17.3765519994606,0.0 -42.088655,-17.3762789994606,0.0 -42.089069,-17.3759149994606,0.0 -42.089457,-17.3756429994606,0.0 -42.08987,-17.3753709994606,0.0 -42.090282,-17.3750759994606,0.0 -42.09067,-17.3748259994607,0.0 -42.091252,-17.3744639994607,0.0 -42.091688,-17.3742379994607,0.0 -42.092172,-17.3739899994607,0.0 -42.092753,-17.3737199994607,0.0 -42.093165,-17.3734709994607,0.0 -42.093578,-17.3731529994607,0.0 -42.094039,-17.3728349994607,0.0 -42.094452,-17.3725169994607,0.0 -42.094817,-17.3721979994607,0.0 -42.09523,-17.3718569994607,0.0 -42.095913,-17.3711259994608,0.0 -42.09623,-17.3707379994608,0.0 -42.096525,-17.3702559994608,0.0 -42.09682,-17.3697519994608,0.0 -42.097091,-17.3692699994608,0.0 -42.097315,-17.3687189994608,0.0 -42.097536,-17.3683289994608,0.0 -42.09788,-17.3678019994609,0.0 -42.098199,-17.3672979994609,0.0 -42.098445,-17.3668619994609,0.0 -42.098692,-17.3664029994609,0.0 -42.098964,-17.3658289994609,0.0 -42.099186,-17.3654169994609,0.0 -42.099529,-17.3648899994609,0.0 -42.099775,-17.3644769994609,0.0 -42.10007,-17.363995999461,0.0 -42.100341,-17.363467999461,0.0 -42.100982,-17.362274999461,0.0 -42.101398,-17.361702999461,0.0 -42.10174,-17.361290999461,0.0 -42.102034,-17.360901999461,0.0 -42.102448,-17.360468999461,0.0 -42.102694,-17.3600789994611,0.0 -42.103059,-17.3597139994611,0.0 -42.103352,-17.3593709994611,0.0 -42.103622,-17.3590049994611,0.0 -42.103939,-17.3586389994611,0.0 -42.104185,-17.3581809994611,0.0 -42.104359,-17.3577439994611,0.0 -42.104461,-17.3573069994611,0.0 -42.104468,-17.3567759994612,0.0 -42.104379,-17.3562199994612,0.0 -42.104313,-17.3557809994612,0.0 -42.104271,-17.3552719994612,0.0 -42.104229,-17.3548329994612,0.0 -42.103921,-17.3545059994612,0.0 -42.103826,-17.3544069994612,0.0 -42.103613,-17.3541559994612,0.0 -42.10328,-17.3538289994612,0.0 -42.102899,-17.3535699994612,0.0 -42.10252,-17.3531729994612,0.0 -42.102236,-17.3528229994613,0.0 -42.101881,-17.3523569994613,0.0 -42.10131,-17.3519119994613,0.0 -42.100881,-17.3515829994613,0.0 -42.10055,-17.3512099994613,0.0 -42.100195,-17.3507669994613,0.0 -42.099839,-17.3503699994613,0.0 -42.099459,-17.3500649994613,0.0 -42.099055,-17.3497139994613,0.0 -42.098724,-17.3492949994613,0.0 -42.09844,-17.3489219994614,0.0 -42.09811,-17.3484329994614,0.0 -42.097876,-17.3479449994614,0.0 -42.097592,-17.3475489994614,0.0 -42.097334,-17.3470839994614,0.0 -42.097172,-17.3466199994614,0.0 -42.096986,-17.3461099994614,0.0 -42.096801,-17.3455769994614,0.0 -42.0967429,-17.3453293994615,0.0 -42.096687,-17.3450909994615,0.0 -42.096528,-17.3443729994615,0.0 -42.096534,-17.3439109994615,0.0 -42.096661,-17.3434279994615,0.0 -42.096932,-17.3429229994615,0.0 -42.09732,-17.3426509994615,0.0 -42.097684,-17.3423549994615,0.0 -42.098049,-17.3420819994615,0.0 -42.098462,-17.3417639994616,0.0 -42.098924,-17.3413309994616,0.0 -42.099288,-17.3410579994616,0.0 -42.099751,-17.3406249994616,0.0 -42.100068,-17.3402829994616,0.0 -42.100456,-17.3400329994616,0.0 -42.100916,-17.3397159994616,0.0 -42.101304,-17.3394659994616,0.0 -42.101767,-17.3390559994616,0.0 -42.102107,-17.3387599994616,0.0 -42.102569,-17.3383269994616,0.0 -42.102934,-17.3380309994617,0.0 -42.103323,-17.3377129994617,0.0 -42.103616,-17.3373699994617,0.0 -42.103957,-17.3370279994617,0.0 -42.104443,-17.3365949994617,0.0 -42.104807,-17.3363219994617,0.0 -42.105342,-17.3358899994617,0.0 -42.106073,-17.3351599994617,0.0 -42.106559,-17.3347499994617,0.0 -42.1069,-17.3344309994618,0.0 -42.107384,-17.3341139994618,0.0 -42.107797,-17.3338409994618,0.0 -42.108234,-17.3335229994618,0.0 -42.108671,-17.3331819994618,0.0 -42.10906,-17.3328409994618,0.0 -42.109836,-17.3323419994618,0.0 -42.110248,-17.3320699994618,0.0 -42.110659,-17.3318669994618,0.0 -42.111094,-17.3316879994618,0.0 -42.111823,-17.3310959994618,0.0 -42.112189,-17.3307309994619,0.0 -42.112506,-17.3303189994619,0.0 -42.1128,-17.3299299994619,0.0 -42.113022,-17.3295169994619,0.0 -42.11327,-17.3289429994619,0.0 -42.113372,-17.3284819994619,0.0 -42.113426,-17.3279979994619,0.0 -42.113577,-17.3274459994619,0.0 -42.113679,-17.327007999462,0.0 -42.113686,-17.326476999462,0.0 -42.113717,-17.325992999462,0.0 -42.113723,-17.325530999462,0.0 -42.113776,-17.325092999462,0.0 -42.113807,-17.324607999462,0.0 -42.113885,-17.324147999462,0.0 -42.113939,-17.323685999462,0.0 -42.113993,-17.3232479994621,0.0 -42.114022,-17.3228099994621,0.0 -42.114045,-17.3210789994621,0.0 -42.114099,-17.3206399994621,0.0 -42.114178,-17.3200869994621,0.0 -42.11428,-17.3196269994622,0.0 -42.114382,-17.3191429994622,0.0 -42.114437,-17.3186129994622,0.0 -42.114567,-17.3179209994622,0.0 -42.114719,-17.3173229994622,0.0 -42.114797,-17.3168619994622,0.0 -42.114899,-17.3163779994622,0.0 -42.11493,-17.3162189994622,0.0 -42.115002,-17.3158719994623,0.0 -42.115008,-17.3153869994623,0.0 -42.115064,-17.3147639994623,0.0 -42.115071,-17.3142789994623,0.0 -42.115054,-17.3137019994623,0.0 -42.115012,-17.3132159994623,0.0 -42.114898,-17.3127529994623,0.0 -42.114808,-17.3122899994624,0.0 -42.114672,-17.3116649994624,0.0 -42.11456,-17.3110179994624,0.0 -42.114494,-17.3105089994624,0.0 -42.114357,-17.3100219994624,0.0 -42.114146,-17.3095579994624,0.0 -42.114034,-17.3089559994624,0.0 -42.113897,-17.3083769994625,0.0 -42.113831,-17.3079149994625,0.0 -42.113742,-17.3073599994625,0.0 -42.113628,-17.3069189994625,0.0 -42.113418,-17.3063629994625,0.0 -42.113161,-17.3058289994625,0.0 -42.112857,-17.3051549994626,0.0 -42.112719,-17.3047149994626,0.0 -42.112557,-17.3042509994626,0.0 -42.112394,-17.3038339994626,0.0 -42.111925,-17.3029049994626,0.0 -42.111667,-17.3024399994626,0.0 -42.111408,-17.3020209994626,0.0 -42.111173,-17.3015789994626,0.0 -42.11089,-17.3011839994627,0.0 -42.110467,-17.3003929994627,0.0 -42.11028,-17.2999759994627,0.0 -42.110142,-17.2995119994627,0.0 -42.110149,-17.2990269994627,0.0 -42.11018,-17.2984969994627,0.0 -42.110209,-17.2980579994627,0.0 -42.110337,-17.2975059994628,0.0 -42.110415,-17.2970219994628,0.0 -42.110615,-17.2964469994628,0.0 -42.110744,-17.2957789994628,0.0 -42.11087,-17.2953179994628,0.0 -42.111123,-17.2943519994628,0.0 -42.111226,-17.2937989994629,0.0 -42.111184,-17.2932899994629,0.0 -42.111095,-17.2927809994629,0.0 -42.110981,-17.2922949994629,0.0 -42.110771,-17.2918079994629,0.0 -42.110465,-17.2912959994629,0.0 -42.110085,-17.2909909994629,0.0 -42.109585,-17.2906159994629,0.0 -42.109228,-17.2903339994629,0.0 -42.108872,-17.289983999463,0.0 -42.108348,-17.289630999463,0.0 -42.107943,-17.289348999463,0.0 -42.107513,-17.289135999463,0.0 -42.107107,-17.288923999463,0.0 -42.106702,-17.288664999463,0.0 -42.106274,-17.288335999463,0.0 -42.10575,-17.287914999463,0.0 -42.105297,-17.287631999463,0.0 -42.104843,-17.287441999463,0.0 -42.10384,-17.286944999463,0.0 -42.103386,-17.286754999463,0.0 -42.102861,-17.2864939994631,0.0 -42.10243,-17.2863049994631,0.0 -42.101976,-17.2861139994631,0.0 -42.101523,-17.2858779994631,0.0 -42.101068,-17.2857339994631,0.0 -42.100637,-17.2855669994631,0.0 -42.100087,-17.2853989994631,0.0 -42.099608,-17.2852319994631,0.0 -42.099155,-17.2849949994631,0.0 -42.098701,-17.2847819994631,0.0 -42.098295,-17.2845459994631,0.0 -42.097987,-17.2842189994631,0.0 -42.09768,-17.2838459994631,0.0 -42.097348,-17.2834959994631,0.0 -42.096921,-17.2830519994631,0.0 -42.096637,-17.2826789994632,0.0 -42.096427,-17.2822379994632,0.0 -42.096169,-17.2817499994632,0.0 -42.095984,-17.2811699994632,0.0 -42.095894,-17.2807309994632,0.0 -42.095781,-17.2801749994632,0.0 -42.095739,-17.2797129994632,0.0 -42.095696,-17.2792739994632,0.0 -42.095631,-17.2787879994633,0.0 -42.095518,-17.2782089994633,0.0 -42.095405,-17.2776999994633,0.0 -42.0953855,-17.2775631994633,0.0 -42.095339,-17.2772369994633,0.0 -42.095177,-17.2767509994633,0.0 -42.094991,-17.2762639994633,0.0 -42.094756,-17.2757989994633,0.0 -42.094522,-17.2753799994633,0.0 -42.094052,-17.2744969994634,0.0 -42.093747,-17.2739629994634,0.0 -42.093512,-17.2735669994634,0.0 -42.093253,-17.2731719994634,0.0 -42.093042,-17.2727769994634,0.0 -42.092572,-17.2718939994634,0.0 -42.092314,-17.2714059994635,0.0 -42.092079,-17.2710099994635,0.0 -42.091844,-17.2705919994635,0.0 -42.091609,-17.2701959994635,0.0 -42.09135,-17.2698009994635,0.0 -42.091066,-17.2694509994635,0.0 -42.090807,-17.2690319994635,0.0 -42.090524,-17.2686359994635,0.0 -42.090218,-17.2681479994636,0.0 -42.090032,-17.2677069994636,0.0 -42.089774,-17.2671959994636,0.0 -42.089514,-17.2668229994636,0.0 -42.089231,-17.2664499994636,0.0 -42.088948,-17.2660309994636,0.0 -42.088689,-17.2656359994636,0.0 -42.088357,-17.2652849994636,0.0 -42.087977,-17.2649569994636,0.0 -42.087645,-17.2646069994637,0.0 -42.087291,-17.2641179994637,0.0 -42.087033,-17.2636529994637,0.0 -42.086798,-17.2632119994637,0.0 -42.086587,-17.2627929994637,0.0 -42.08633,-17.2622589994637,0.0 -42.086167,-17.2618189994637,0.0 -42.086053,-17.2613549994637,0.0 -42.085963,-17.2608929994637,0.0 -42.085736,-17.2599199994638,0.0 -42.085647,-17.2593649994638,0.0 -42.08563,-17.2588339994638,0.0 -42.085587,-17.2583939994638,0.0 -42.085546,-17.2579089994638,0.0 -42.085565,-17.2564309994639,0.0 -42.085643,-17.2559479994639,0.0 -42.085753,-17.2549329994639,0.0 -42.085831,-17.2544719994639,0.0 -42.085909,-17.2540339994639,0.0 -42.085987,-17.2535729994639,0.0 -42.08609,-17.253020999464,0.0 -42.086217,-17.252513999464,0.0 -42.08632,-17.252006999464,0.0 -42.0864,-17.251407999464,0.0 -42.086478,-17.250946999464,0.0 -42.086557,-17.250416999464,0.0 -42.086685,-17.2497949994641,0.0 -42.086811,-17.2493579994641,0.0 -42.086831,-17.2478339994641,0.0 -42.086813,-17.2473259994641,0.0 -42.086827,-17.2462869994641,0.0 -42.086785,-17.2458019994642,0.0 -42.086767,-17.2453399994642,0.0 -42.086629,-17.2448999994642,0.0 -42.0865244,-17.2445719994642,0.0 -42.086444,-17.2443199994642,0.0 -42.086402,-17.2438579994642,0.0 -42.086167,-17.2434619994642,0.0 -42.085883,-17.2431129994642,0.0 -42.085528,-17.2427159994642,0.0 -42.085148,-17.2424109994642,0.0 -42.084695,-17.2421049994643,0.0 -42.084314,-17.2418239994643,0.0 -42.083861,-17.2415409994643,0.0 -42.083385,-17.2412349994643,0.0 -42.082527,-17.2407169994643,0.0 -42.082097,-17.2405039994643,0.0 -42.081692,-17.2402449994643,0.0 -42.081192,-17.2399159994643,0.0 -42.080787,-17.2396339994643,0.0 -42.080358,-17.2393289994643,0.0 -42.080026,-17.2390239994643,0.0 -42.079671,-17.2386039994644,0.0 -42.079388,-17.2382089994644,0.0 -42.079251,-17.2376759994644,0.0 -42.079209,-17.2371899994644,0.0 -42.079143,-17.2367509994644,0.0 -42.079168,-17.2348119994645,0.0 -42.079222,-17.2343279994645,0.0 -42.079276,-17.2338659994645,0.0 -42.079379,-17.2334059994645,0.0 -42.079505,-17.2328989994645,0.0 -42.079657,-17.2323469994645,0.0 -42.079783,-17.2319099994645,0.0 -42.079958,-17.2313349994646,0.0 -42.080085,-17.2308279994646,0.0 -42.080235,-17.2303679994646,0.0 -42.080362,-17.2298619994646,0.0 -42.080488,-17.2294019994646,0.0 -42.08071,-17.2289429994646,0.0 -42.080837,-17.2284819994646,0.0 -42.081036,-17.2279539994646,0.0 -42.081162,-17.2274469994647,0.0 -42.081316,-17.2267559994647,0.0 -42.08149,-17.2263199994647,0.0 -42.081666,-17.2256519994647,0.0 -42.081816,-17.2252149994647,0.0 -42.08199,-17.2247789994647,0.0 -42.082141,-17.2242959994647,0.0 -42.082268,-17.2237659994648,0.0 -42.082418,-17.2232829994648,0.0 -42.082473,-17.2227759994648,0.0 -42.082527,-17.2222919994648,0.0 -42.082606,-17.2218079994648,0.0 -42.082633,-17.2197069994649,0.0 -42.082615,-17.2192679994649,0.0 -42.082621,-17.2188059994649,0.0 -42.082459,-17.2182959994649,0.0 -42.082345,-17.2178329994649,0.0 -42.082231,-17.2173469994649,0.0 -42.082141,-17.2169069994649,0.0 -42.081908,-17.216372999465,0.0 -42.081673,-17.215931999465,0.0 -42.081462,-17.215536999465,0.0 -42.081179,-17.215117999465,0.0 -42.08092,-17.214744999465,0.0 -42.080637,-17.214302999465,0.0 -42.080308,-17.213790999465,0.0 -42.080121,-17.213349999465,0.0 -42.079912,-17.2128629994651,0.0 -42.079773,-17.2123989994651,0.0 -42.079771,-17.2121109994651,0.0 -42.07978,-17.2119139994651,0.0 -42.079834,-17.2114069994651,0.0 -42.079937,-17.2108999994651,0.0 -42.080141,-17.2100259994651,0.0 -42.080291,-17.2095659994651,0.0 -42.080393,-17.2090819994652,0.0 -42.080471,-17.2086439994652,0.0 -42.080525,-17.2081829994652,0.0 -42.080551,-17.2061979994652,0.0 -42.080582,-17.2056669994652,0.0 -42.080588,-17.2051819994653,0.0 -42.080571,-17.2046969994653,0.0 -42.080577,-17.2041889994653,0.0 -42.080536,-17.2036809994653,0.0 -42.080519,-17.2031259994653,0.0 -42.080526,-17.2026179994653,0.0 -42.080484,-17.2021329994653,0.0 -42.080371,-17.2015779994654,0.0 -42.080305,-17.2011149994654,0.0 -42.080192,-17.2006059994654,0.0 -42.080101,-17.2001659994654,0.0 -42.07994,-17.1996329994654,0.0 -42.079777,-17.1992149994654,0.0 -42.079567,-17.1987969994654,0.0 -42.079097,-17.1980059994655,0.0 -42.078958,-17.1975659994655,0.0 -42.078771,-17.1971479994655,0.0 -42.078514,-17.1966599994655,0.0 -42.07823,-17.1963099994655,0.0 -42.077898,-17.1960059994655,0.0 -42.077517,-17.1957019994655,0.0 -42.077113,-17.1954199994655,0.0 -42.076709,-17.1950679994655,0.0 -42.07564,-17.1941549994656,0.0 -42.075212,-17.1938029994656,0.0 -42.074403,-17.1932399994656,0.0 -42.073808,-17.1927939994656,0.0 -42.073282,-17.1925559994656,0.0 -42.072804,-17.1924119994656,0.0 -42.072325,-17.1922909994656,0.0 -42.071823,-17.1920999994656,0.0 -42.071369,-17.1919329994656,0.0 -42.070939,-17.1917429994656,0.0 -42.070485,-17.1915529994656,0.0 -42.070031,-17.1913859994656,0.0 -42.069576,-17.1912649994656,0.0 -42.069098,-17.1910509994656,0.0 -42.068742,-17.1907699994657,0.0 -42.068362,-17.1904419994657,0.0 -42.068102,-17.1900689994657,0.0 -42.067819,-17.1896729994657,0.0 -42.067586,-17.1891399994657,0.0 -42.0674,-17.1886749994657,0.0 -42.06712,-17.1880489994657,0.0 -42.066885,-17.1876299994657,0.0 -42.06665,-17.1872349994658,0.0 -42.06644,-17.1868169994658,0.0 -42.066133,-17.1863969994658,0.0 -42.065801,-17.1860239994658,0.0 -42.065542,-17.1856509994658,0.0 -42.065188,-17.1852079994658,0.0 -42.064856,-17.1848809994658,0.0 -42.064524,-17.1845079994658,0.0 -42.064145,-17.1840869994658,0.0 -42.06379,-17.1836909994658,0.0 -42.063458,-17.1833629994659,0.0 -42.063053,-17.1831039994659,0.0 -42.062576,-17.1828909994659,0.0 -42.062094,-17.1830239994659,0.0 -42.0619753,-17.1830914994659,0.0 -42.061796,-17.1831934994659,0.0 -42.061658,-17.1832719994659,0.0 -42.0616183,-17.1832828994659,0.0 -42.061176,-17.1834049994658,0.0 -42.060648,-17.1833749994659,0.0 -42.060143,-17.1833689994659,0.0 -42.05964,-17.1833169994659,0.0 -42.05868,-17.1832129994659,0.0 -42.0582,-17.1832069994659,0.0 -42.057693,-17.1833859994658,0.0 -42.057305,-17.1836809994658,0.0 -42.056891,-17.1841379994658,0.0 -42.056548,-17.1846189994658,0.0 -42.05635,-17.1850549994658,0.0 -42.056176,-17.1854679994658,0.0 -42.055907,-17.1858809994658,0.0 -42.055637,-17.1863159994658,0.0 -42.055273,-17.1865889994658,0.0 -42.054813,-17.1868369994658,0.0 -42.054282,-17.1870379994658,0.0 -42.053826,-17.1870559994658,0.0 -42.053346,-17.1869809994658,0.0 -42.052916,-17.1867909994658,0.0 -42.052391,-17.1865539994658,0.0 -42.051938,-17.1862939994658,0.0 -42.051459,-17.1861729994658,0.0 -42.050811,-17.1861419994658,0.0 -42.050354,-17.1861589994658,0.0 -42.049873,-17.1862689994658,0.0 -42.049416,-17.1863099994658,0.0 -42.048912,-17.1862799994658,0.0 -42.048409,-17.1861359994658,0.0 -42.047979,-17.1859459994658,0.0 -42.047478,-17.1857089994658,0.0 -42.046571,-17.1852589994658,0.0 -42.046069,-17.1851139994658,0.0 -42.045614,-17.1849929994658,0.0 -42.04511,-17.1849869994658,0.0 -42.044653,-17.1850279994658,0.0 -42.04417,-17.1851599994658,0.0 -42.043713,-17.1852239994658,0.0 -42.043254,-17.1854719994658,0.0 -42.042819,-17.1856749994658,0.0 -42.042336,-17.1858069994658,0.0 -42.041784,-17.1858239994658,0.0 -42.041303,-17.1858179994658,0.0 -42.040798,-17.1858809994658,0.0 -42.04034,-17.1860139994658,0.0 -42.039856,-17.1863079994658,0.0 -42.039444,-17.1865799994658,0.0 -42.039103,-17.1869449994658,0.0 -42.038786,-17.1872879994657,0.0 -42.038375,-17.1874909994657,0.0 -42.037652,-17.1876199994657,0.0 -42.037196,-17.1876609994657,0.0 -42.036714,-17.1877469994657,0.0 -42.036256,-17.1878339994657,0.0 -42.035774,-17.1879669994657,0.0 -42.035316,-17.1880769994657,0.0 -42.034762,-17.1882079994657,0.0 -42.034207,-17.1883859994657,0.0 -42.03375,-17.1884499994657,0.0 -42.033269,-17.1885359994657,0.0 -42.032811,-17.1886459994657,0.0 -42.032281,-17.1887319994657,0.0 -42.031801,-17.1887259994657,0.0 -42.031248,-17.1887419994657,0.0 -42.029687,-17.1887229994657,0.0 -42.029206,-17.1887399994657,0.0 -42.028771,-17.1889889994657,0.0 -42.028335,-17.1892139994657,0.0 -42.027854,-17.1892779994657,0.0 -42.027373,-17.1893639994657,0.0 -42.026844,-17.1893579994657,0.0 -42.026389,-17.1893059994657,0.0 -42.025934,-17.1891849994657,0.0 -42.025477,-17.1892479994657,0.0 -42.025019,-17.1893349994657,0.0 -42.024394,-17.1893739994657,0.0 -42.023794,-17.1893429994657,0.0 -42.023364,-17.1891759994657,0.0 -42.022886,-17.1889859994657,0.0 -42.022407,-17.1888409994657,0.0 -42.021927,-17.1888349994657,0.0 -42.021397,-17.1889439994657,0.0 -42.020939,-17.1890769994657,0.0 -42.020551,-17.1893259994657,0.0 -42.020211,-17.1896449994657,0.0 -42.019844,-17.1901259994657,0.0 -42.019886,-17.1905879994657,0.0 -42.019418,-17.1914589994656,0.0 -42.0191,-17.1918709994656,0.0 -42.018831,-17.1922369994656,0.0 -42.018608,-17.1927189994656,0.0 -42.018265,-17.1932459994656,0.0 -42.018067,-17.1936589994656,0.0 -42.017916,-17.1941649994656,0.0 -42.017814,-17.1946259994655,0.0 -42.01764,-17.1951089994655,0.0 -42.01749,-17.1955449994655,0.0 -42.017316,-17.1959589994655,0.0 -42.017262,-17.1964199994655,0.0 -42.01728,-17.1968819994655,0.0 -42.017346,-17.1973209994655,0.0 -42.01758,-17.1977629994655,0.0 -42.017478,-17.1981999994654,0.0 -42.017423,-17.1987079994654,0.0 -42.017417,-17.1991919994654,0.0 -42.017554,-17.1997019994654,0.0 -42.017668,-17.2001649994654,0.0 -42.017806,-17.2006289994654,0.0 -42.017848,-17.2010679994654,0.0 -42.017914,-17.2015309994654,0.0 -42.018052,-17.2020169994653,0.0 -42.018238,-17.2024579994653,0.0 -42.018521,-17.2028769994653,0.0 -42.018828,-17.2032499994653,0.0 -42.019086,-17.2036919994653,0.0 -42.01937,-17.2040419994653,0.0 -42.019772,-17.2044859994653,0.0 -42.019717,-17.2049929994653,0.0 -42.019615,-17.2054529994652,0.0 -42.019537,-17.2059139994652,0.0 -42.019243,-17.2063259994652,0.0 -42.018902,-17.2067149994652,0.0 -42.018489,-17.2070329994652,0.0 -42.018028,-17.2073729994652,0.0 -42.01764,-17.2076689994652,0.0 -42.017203,-17.2080099994652,0.0 -42.016742,-17.2083269994652,0.0 -42.016258,-17.2085519994652,0.0 -42.015678,-17.2088449994652,0.0 -42.015025,-17.2091829994651,0.0 -42.014469,-17.2094069994651,0.0 -42.014009,-17.2096789994651,0.0 -42.013573,-17.2099729994651,0.0 -42.012993,-17.2102199994651,0.0 -42.012293,-17.2104649994651,0.0 -42.011738,-17.2106659994651,0.0 -42.01128,-17.2107759994651,0.0 -42.010821,-17.2109319994651,0.0 -42.009906,-17.2111509994651,0.0 -42.009447,-17.2113299994651,0.0 -42.008773,-17.2113909994651,0.0 -42.00827,-17.2113159994651,0.0 -42.00642,-17.2112929994651,0.0 -42.005628,-17.2112599994651,0.0 -42.005076,-17.2112529994651,0.0 -42.004596,-17.2112009994651,0.0 -42.004044,-17.2111709994651,0.0 -42.003565,-17.2110259994651,0.0 -42.003111,-17.2108359994651,0.0 -42.002706,-17.2106229994651,0.0 -42.002325,-17.2103649994651,0.0 -42.001993,-17.2100599994651,0.0 -42.001687,-17.2095479994651,0.0 -42.001333,-17.2091279994652,0.0 -42.001074,-17.2087329994652,0.0 -42.0005,-17.2082979994652,0.0 -41.999873,-17.2079209994652,0.0 -41.999656,-17.2078299994652,0.0 -41.999438,-17.2077129994652,0.0 -41.998907,-17.2073869994652,0.0 -41.998566,-17.2070489994652,0.0 -41.998165,-17.2067519994652,0.0 -41.99795,-17.2063589994652,0.0 -41.997712,-17.2058279994652,0.0 -41.997499,-17.2052739994653,0.0 -41.997309,-17.2047429994653,0.0 -41.997119,-17.2043039994653,0.0 -41.996881,-17.2037269994653,0.0 -41.996523,-17.2031729994653,0.0 -41.9962323,-17.2026682994653,0.0 -41.99619,-17.2025949994653,0.0 -41.996024,-17.2021789994653,0.0 -41.995737,-17.2017869994654,0.0 -41.995499,-17.2013939994654,0.0 -41.995189,-17.2010239994654,0.0 -41.994711,-17.2005609994654,0.0 -41.994449,-17.2001449994654,0.0 -41.994211,-17.1996829994654,0.0 -41.993804,-17.1993359994654,0.0 -41.993422,-17.1990349994654,0.0 -41.99292,-17.1986179994654,0.0 -41.992513,-17.1982019994655,0.0 -41.992155,-17.1979009994655,0.0 -41.991821,-17.1975309994655,0.0 -41.991438,-17.1971379994655,0.0 -41.991032,-17.1968589994655,0.0 -41.990601,-17.1964889994655,0.0 -41.990267,-17.1961419994655,0.0 -41.989957,-17.1957949994655,0.0 -41.989646,-17.1954249994655,0.0 -41.989168,-17.1951469994655,0.0 -41.98857,-17.1947529994655,0.0 -41.988187,-17.1944289994656,0.0 -41.98778,-17.1941739994656,0.0 -41.9877097,-17.1941214994656,0.0 -41.987159,-17.1937099994656,0.0 -41.986968,-17.1934099994656,0.0 -41.986634,-17.1929709994656,0.0 -41.986324,-17.1926009994656,0.0 -41.985798,-17.1921839994656,0.0 -41.985367,-17.1919749994656,0.0 -41.984792,-17.1918569994656,0.0 -41.984289,-17.1916479994656,0.0 -41.983762,-17.1913229994656,0.0 -41.983116,-17.1910899994656,0.0 -41.982661,-17.1909739994656,0.0 -41.981894,-17.1906479994657,0.0 -41.98132,-17.1903919994657,0.0 -41.980769,-17.1902059994657,0.0 -41.98029,-17.1899739994657,0.0 -41.979811,-17.1898099994657,0.0 -41.979164,-17.1897619994657,0.0 -41.97866,-17.1898059994657,0.0 -41.97818,-17.1900119994657,0.0 -41.977699,-17.1902409994657,0.0 -41.977267,-17.1904229994657,0.0 -41.97669,-17.1906289994657,0.0 -41.97609,-17.1908569994656,0.0 -41.975609,-17.1910629994656,0.0 -41.975129,-17.1912919994656,0.0 -41.974696,-17.1915209994656,0.0 -41.974167,-17.1918179994656,0.0 -41.973734,-17.1920699994656,0.0 -41.973254,-17.1923679994656,0.0 -41.972845,-17.1926889994656,0.0 -41.972435,-17.1930339994656,0.0 -41.972122,-17.1933549994656,0.0 -41.971809,-17.1937229994656,0.0 -41.971496,-17.1941369994656,0.0 -41.97123,-17.1945509994656,0.0 -41.970916,-17.1950109994655,0.0 -41.970603,-17.1954939994655,0.0 -41.970312,-17.1962069994655,0.0 -41.970142,-17.1966909994655,0.0 -41.969852,-17.1971739994655,0.0 -41.969658,-17.1977949994655,0.0 -41.96944,-17.1983019994655,0.0 -41.968836,-17.1994519994654,0.0 -41.968642,-17.1998889994654,0.0 -41.968256,-17.2003949994654,0.0 -41.967847,-17.2007389994654,0.0 -41.967415,-17.2010139994654,0.0 -41.966958,-17.2012889994654,0.0 -41.966357,-17.2016099994654,0.0 -41.965924,-17.2017699994654,0.0 -41.96542,-17.2019979994653,0.0 -41.964939,-17.2023419994653,0.0 -41.964554,-17.2026869994653,0.0 -41.96424,-17.2030079994653,0.0 -41.963903,-17.2033759994653,0.0 -41.963494,-17.2038349994653,0.0 -41.963132,-17.2042259994653,0.0 -41.962747,-17.2045009994653,0.0 -41.962386,-17.2047989994653,0.0 -41.961929,-17.2051199994653,0.0 -41.961473,-17.2053029994653,0.0 -41.96104,-17.2055319994653,0.0 -41.960584,-17.2056689994652,0.0 -41.960079,-17.2058509994652,0.0 -41.958568,-17.2058449994652,0.0 -41.958065,-17.2057049994652,0.0 -41.957586,-17.2055879994652,0.0 -41.957155,-17.2053789994653,0.0 -41.956724,-17.2051239994653,0.0 -41.95627,-17.2048449994653,0.0 -41.956007,-17.2044759994653,0.0 -41.955697,-17.2040819994653,0.0 -41.955435,-17.2036669994653,0.0 -41.955173,-17.2031579994653,0.0 -41.954983,-17.2027429994653,0.0 -41.954721,-17.2022809994653,0.0 -41.954531,-17.2018419994654,0.0 -41.954269,-17.2014719994654,0.0 -41.954055,-17.2010329994654,0.0 -41.953889,-17.2005479994654,0.0 -41.953675,-17.2000639994654,0.0 -41.953343,-17.1992319994654,0.0 -41.953201,-17.1987709994654,0.0 -41.953203,-17.1982409994655,0.0 -41.953086,-17.1975249994655,0.0 -41.952992,-17.1970639994655,0.0 -41.952754,-17.1965329994655,0.0 -41.952444,-17.1961169994655,0.0 -41.952278,-17.1956779994655,0.0 -41.952089,-17.1950779994655,0.0 -41.951874,-17.1946389994655,0.0 -41.951638,-17.1939239994656,0.0 -41.951448,-17.1934619994656,0.0 -41.951258,-17.1929769994656,0.0 -41.951188,-17.1924229994656,0.0 -41.95107,-17.1918929994656,0.0 -41.951073,-17.1913389994656,0.0 -41.951027,-17.1908549994656,0.0 -41.950957,-17.1902089994657,0.0 -41.950961,-17.1892869994657,0.0 -41.951011,-17.1887339994657,0.0 -41.951016,-17.1876509994657,0.0 -41.951066,-17.1870979994657,0.0 -41.951092,-17.1865669994658,0.0 -41.951099,-17.1850689994658,0.0 -41.951173,-17.1845619994658,0.0 -41.951175,-17.1840319994658,0.0 -41.951105,-17.1835939994658,0.0 -41.95111,-17.1823719994659,0.0 -41.95116,-17.1819109994659,0.0 -41.95126,-17.1809429994659,0.0 -41.951286,-17.1804129994659,0.0 -41.951264,-17.179974999466,0.0 -41.951266,-17.179513999466,0.0 -41.951291,-17.179075999466,0.0 -41.951269,-17.178637999466,0.0 -41.951272,-17.178014999466,0.0 -41.951394,-17.177531999466,0.0 -41.951612,-17.176978999466,0.0 -41.951806,-17.176472999466,0.0 -41.95188,-17.1759659994661,0.0 -41.952026,-17.1753899994661,0.0 -41.952148,-17.1749529994661,0.0 -41.952222,-17.1745149994661,0.0 -41.952295,-17.1740309994661,0.0 -41.952369,-17.1735929994661,0.0 -41.952372,-17.1730169994661,0.0 -41.952543,-17.1722799994662,0.0 -41.952641,-17.1716119994662,0.0 -41.952835,-17.1711739994662,0.0 -41.953053,-17.1706679994662,0.0 -41.953199,-17.1702079994662,0.0 -41.953249,-17.1696549994662,0.0 -41.953395,-17.1691249994662,0.0 -41.953565,-17.1686409994663,0.0 -41.953663,-17.1682039994663,0.0 -41.953785,-17.1676969994663,0.0 -41.95381,-17.1672359994663,0.0 -41.953885,-17.1667289994663,0.0 -41.953983,-17.1660839994663,0.0 -41.954081,-17.1655079994663,0.0 -41.95418,-17.1648859994664,0.0 -41.954302,-17.1642869994664,0.0 -41.9544,-17.1637799994664,0.0 -41.954546,-17.1632739994664,0.0 -41.954764,-17.1627669994664,0.0 -41.954934,-17.1622839994664,0.0 -41.955032,-17.1618229994664,0.0 -41.955202,-17.1613399994665,0.0 -41.955443,-17.1608799994665,0.0 -41.955589,-17.1604419994665,0.0 -41.955783,-17.1600279994665,0.0 -41.956051,-17.1590149994665,0.0 -41.956245,-17.1584159994665,0.0 -41.956247,-17.1578629994666,0.0 -41.956297,-17.1574019994666,0.0 -41.956299,-17.1569409994666,0.0 -41.956349,-17.1564569994666,0.0 -41.956424,-17.1558349994666,0.0 -41.956378,-17.1552809994666,0.0 -41.956404,-17.1547049994666,0.0 -41.956478,-17.1541749994666,0.0 -41.95648,-17.1536679994667,0.0 -41.956579,-17.1531149994667,0.0 -41.956584,-17.1519389994667,0.0 -41.956657,-17.1515019994667,0.0 -41.956732,-17.1507409994667,0.0 -41.95695,-17.1501889994668,0.0 -41.957,-17.1497509994668,0.0 -41.95717,-17.1492899994668,0.0 -41.957196,-17.1488519994668,0.0 -41.9572,-17.1477459994668,0.0 -41.957058,-17.1472839994668,0.0 -41.95694,-17.1468229994668,0.0 -41.956535,-17.1462449994669,0.0 -41.956154,-17.1457359994669,0.0 -41.956012,-17.1452979994669,0.0 -41.955798,-17.1447439994669,0.0 -41.955704,-17.1442589994669,0.0 -41.955611,-17.1436589994669,0.0 -41.955565,-17.1431749994669,0.0 -41.955495,-17.142713999467,0.0 -41.955497,-17.142229999467,0.0 -41.955403,-17.141721999467,0.0 -41.955333,-17.141237999467,0.0 -41.955263,-17.140798999467,0.0 -41.955265,-17.140314999467,0.0 -41.955123,-17.139760999467,0.0 -41.955053,-17.1393229994671,0.0 -41.954936,-17.1387919994671,0.0 -41.954818,-17.1382389994671,0.0 -41.954748,-17.1377539994671,0.0 -41.954654,-17.1372239994671,0.0 -41.954537,-17.1367389994671,0.0 -41.954443,-17.1362319994671,0.0 -41.954445,-17.1356779994671,0.0 -41.954496,-17.1350559994672,0.0 -41.954546,-17.1345259994672,0.0 -41.95462,-17.1340419994672,0.0 -41.954694,-17.1336049994672,0.0 -41.954696,-17.1330969994672,0.0 -41.95465,-17.1325209994672,0.0 -41.9547,-17.1320369994673,0.0 -41.954702,-17.1314839994673,0.0 -41.95468,-17.1310459994673,0.0 -41.954658,-17.1305379994673,0.0 -41.954612,-17.1300769994673,0.0 -41.954542,-17.1295699994673,0.0 -41.954521,-17.1289929994673,0.0 -41.954451,-17.1284629994673,0.0 -41.954453,-17.1279559994674,0.0 -41.954336,-17.1272399994674,0.0 -41.954338,-17.1267789994674,0.0 -41.954268,-17.1263409994674,0.0 -41.954247,-17.1257649994674,0.0 -41.954129,-17.1251419994674,0.0 -41.954131,-17.1246809994675,0.0 -41.954158,-17.1241269994675,0.0 -41.954256,-17.1236209994675,0.0 -41.954258,-17.1231599994675,0.0 -41.954284,-17.1226529994675,0.0 -41.954333,-17.1222149994675,0.0 -41.954504,-17.1216389994675,0.0 -41.954649,-17.1211789994676,0.0 -41.954795,-17.1207409994676,0.0 -41.955061,-17.1201429994676,0.0 -41.955183,-17.1197049994676,0.0 -41.955472,-17.1193139994676,0.0 -41.955762,-17.1188309994676,0.0 -41.956196,-17.1183489994676,0.0 -41.956461,-17.1179579994676,0.0 -41.956702,-17.1175439994676,0.0 -41.956896,-17.1170379994677,0.0 -41.957066,-17.1165539994677,0.0 -41.957212,-17.1160009994677,0.0 -41.957334,-17.1155179994677,0.0 -41.957384,-17.1150339994677,0.0 -41.95741,-17.1145269994677,0.0 -41.957412,-17.1140429994677,0.0 -41.95751,-17.1135819994678,0.0 -41.957512,-17.1130979994678,0.0 -41.957587,-17.1124759994678,0.0 -41.957589,-17.1119919994678,0.0 -41.957638,-17.1115539994678,0.0 -41.957664,-17.1110699994678,0.0 -41.957714,-17.1105629994678,0.0 -41.95774,-17.1101249994678,0.0 -41.95779,-17.1095949994679,0.0 -41.957864,-17.1091339994679,0.0 -41.957914,-17.1086959994679,0.0 -41.957964,-17.1081889994679,0.0 -41.958014,-17.1076129994679,0.0 -41.958022,-17.105906999468,0.0 -41.958072,-17.105307999468,0.0 -41.958146,-17.104777999468,0.0 -41.958196,-17.104270999468,0.0 -41.958294,-17.103809999468,0.0 -41.958368,-17.103233999468,0.0 -41.958418,-17.1027959994681,0.0 -41.958492,-17.1022429994681,0.0 -41.958542,-17.1017359994681,0.0 -41.958665,-17.1011139994681,0.0 -41.958715,-17.1005839994681,0.0 -41.958717,-17.1000539994681,0.0 -41.958767,-17.0996159994681,0.0 -41.958817,-17.0991559994681,0.0 -41.958963,-17.0986949994682,0.0 -41.959157,-17.0981659994682,0.0 -41.95935,-17.0976819994682,0.0 -41.959496,-17.0971989994682,0.0 -41.959666,-17.0967839994682,0.0 -41.959836,-17.0963009994682,0.0 -41.960077,-17.0959099994682,0.0 -41.960223,-17.0954489994682,0.0 -41.96044,-17.0950119994683,0.0 -41.960634,-17.0944599994683,0.0 -41.960828,-17.0940219994683,0.0 -41.961022,-17.0935619994683,0.0 -41.961239,-17.0930559994683,0.0 -41.961457,-17.0925259994683,0.0 -41.961627,-17.0921119994683,0.0 -41.961821,-17.0915829994684,0.0 -41.961991,-17.0911219994684,0.0 -41.962208,-17.0906849994684,0.0 -41.962402,-17.0902709994684,0.0 -41.962595,-17.0898329994684,0.0 -41.962789,-17.0894189994684,0.0 -41.963079,-17.0888899994684,0.0 -41.963392,-17.0884069994684,0.0 -41.963634,-17.0879239994685,0.0 -41.963875,-17.0874869994685,0.0 -41.964045,-17.0869569994685,0.0 -41.964359,-17.0865439994685,0.0 -41.964528,-17.0860829994685,0.0 -41.964746,-17.0856919994685,0.0 -41.964892,-17.0852319994685,0.0 -41.964941,-17.0847709994685,0.0 -41.964967,-17.0843329994686,0.0 -41.964969,-17.0838259994686,0.0 -41.964947,-17.0833879994686,0.0 -41.964901,-17.0829489994686,0.0 -41.964831,-17.0825109994686,0.0 -41.964761,-17.0819809994686,0.0 -41.964763,-17.0814959994686,0.0 -41.964717,-17.0809889994686,0.0 -41.964504,-17.0805499994687,0.0 -41.964337,-17.0801349994687,0.0 -41.964123,-17.0797419994687,0.0 -41.963861,-17.0793489994687,0.0 -41.963527,-17.0790249994687,0.0 -41.962811,-17.0782379994687,0.0 -41.962381,-17.0780059994687,0.0 -41.9621928,-17.0778363994687,0.0</coordinates>
</LinearRing>
</outerBoundaryIs>
</Polygon>
</MultiGeometry>
</Placemark>
<Placemark id="13. Referência">
<name>TQ - Lagoa Grande [370]</name>
<visibility>0</visibility>
<snippet> </snippet>
<description>&lt;center&gt;&lt;table&gt;&lt;tr&gt;&lt;th colspan='2' align='center'&gt;&lt;em&gt;Attributes&lt;/em&gt;&lt;/th&gt;&lt;/tr&gt;&lt;tr bgcolor="#E3E3F3"&gt;
&lt;th&gt;COD_TQ&lt;/th&gt;
&lt;td&gt;370&lt;/td&gt;
&lt;/tr&gt;&lt;tr bgcolor=""&gt;
&lt;th&gt;NOM_TQ&lt;/th&gt;
&lt;td&gt;Lagoa Grande&lt;/td&gt;
&lt;/tr&gt;&lt;/table&gt;&lt;/center&gt;</description>
<Style>
<IconStyle>
<scale>0.7</scale>
</IconStyle>
<LabelStyle>
<scale>0.7</scale>
</LabelStyle>
<LineStyle>
<color>ffffaaff</color>
<width>3</width>
<gx:labelVisibility>1</gx:labelVisibility>
</LineStyle>
<PolyStyle>
<color>33ffaaff</color>
</PolyStyle>
</Style>
<ExtendedData>
<SchemaData schemaUrl="#kml_schema_ft_Território_Quilombola">
<SimpleData name="COD_TQ">370</SimpleData>
<SimpleData name="NOM_TQ">Lagoa Grande</SimpleData>
</SchemaData>
</ExtendedData>
<MultiGeometry>
<Polygon>
<extrude>0</extrude>
<tessellate>1</tessellate>
<outerBoundaryIs>
<LinearRing>
<coordinates>-42.0953855005761,-17.2775632035051,0.0 -42.0953855,-17.2775631994633,0.0 -42.095339,-17.2772369994633,0.0 -42.095177,-17.2767509994633,0.0 -42.094991,-17.2762639994633,0.0 -42.094756,-17.2757989994633,0.0 -42.094522,-17.2753799994633,0.0 -42.094052,-17.2744969994634,0.0 -42.093747,-17.2739629994634,0.0 -42.093512,-17.2735669994634,0.0 -42.093253,-17.2731719994634,0.0 -42.093042,-17.2727769994634,0.0 -42.092572,-17.2718939994634,0.0 -42.092314,-17.2714059994635,0.0 -42.092079,-17.2710099994635,0.0 -42.091844,-17.2705919994635,0.0 -42.091609,-17.2701959994635,0.0 -42.09135,-17.2698009994635,0.0 -42.091066,-17.2694509994635,0.0 -42.090807,-17.2690319994635,0.0 -42.090524,-17.2686359994635,0.0 -42.090218,-17.2681479994636,0.0 -42.090032,-17.2677069994636,0.0 -42.089774,-17.2671959994636,0.0 -42.089514,-17.2668229994636,0.0 -42.089231,-17.2664499994636,0.0 -42.088948,-17.2660309994636,0.0 -42.088689,-17.2656359994636,0.0 -42.088357,-17.2652849994636,0.0 -42.087977,-17.2649569994636,0.0 -42.087645,-17.2646069994637,0.0 -42.087291,-17.2641179994637,0.0 -42.087033,-17.2636529994637,0.0 -42.086798,-17.2632119994637,0.0 -42.086587,-17.2627929994637,0.0 -42.08633,-17.2622589994637,0.0 -42.086167,-17.2618189994637,0.0 -42.086053,-17.2613549994637,0.0 -42.085963,-17.2608929994637,0.0 -42.085736,-17.2599199994638,0.0 -42.085647,-17.2593649994638,0.0 -42.08563,-17.2588339994638,0.0 -42.085587,-17.2583939994638,0.0 -42.085546,-17.2579089994638,0.0 -42.085565,-17.2564309994639,0.0 -42.085643,-17.2559479994639,0.0 -42.085753,-17.2549329994639,0.0 -42.085831,-17.2544719994639,0.0 -42.085909,-17.2540339994639,0.0 -42.085987,-17.2535729994639,0.0 -42.08609,-17.253020999464,0.0 -42.086217,-17.252513999464,0.0 -42.08632,-17.252006999464,0.0 -42.0864,-17.251407999464,0.0 -42.086478,-17.250946999464,0.0 -42.086557,-17.250416999464,0.0 -42.086685,-17.2497949994641,0.0 -42.086811,-17.2493579994641,0.0 -42.086831,-17.2478339994641,0.0 -42.086813,-17.2473259994641,0.0 -42.086827,-17.2462869994641,0.0 -42.086785,-17.2458019994642,0.0 -42.086767,-17.2453399994642,0.0 -42.086629,-17.2448999994642,0.0 -42.0865244,-17.2445719994642,0.0 -42.086444,-17.2443199994642,0.0 -42.086402,-17.2438579994642,0.0 -42.086167,-17.2434619994642,0.0 -42.085883,-17.2431129994642,0.0 -42.085528,-17.2427159994642,0.0 -42.085148,-17.2424109994642,0.0 -42.084695,-17.2421049994643,0.0 -42.084314,-17.2418239994643,0.0 -42.083861,-17.2415409994643,0.0 -42.083385,-17.2412349994643,0.0 -42.082527,-17.2407169994643,0.0 -42.082097,-17.2405039994643,0.0 -42.081692,-17.2402449994643,0.0 -42.081192,-17.2399159994643,0.0 -42.080787,-17.2396339994643,0.0 -42.080358,-17.2393289994643,0.0 -42.080026,-17.2390239994643,0.0 -42.079671,-17.2386039994644,0.0 -42.079388,-17.2382089994644,0.0 -42.079251,-17.2376759994644,0.0 -42.079209,-17.2371899994644,0.0 -42.079143,-17.2367509994644,0.0 -42.079168,-17.2348119994645,0.0 -42.079222,-17.2343279994645,0.0 -42.079276,-17.2338659994645,0.0 -42.079379,-17.2334059994645,0.0 -42.079505,-17.2328989994645,0.0 -42.079657,-17.2323469994645,0.0 -42.079783,-17.2319099994645,0.0 -42.079958,-17.2313349994646,0.0 -42.080085,-17.2308279994646,0.0 -42.080235,-17.2303679994646,0.0 -42.080362,-17.2298619994646,0.0 -42.080488,-17.2294019994646,0.0 -42.08071,-17.2289429994646,0.0 -42.080837,-17.2284819994646,0.0 -42.081036,-17.2279539994646,0.0 -42.081162,-17.2274469994647,0.0 -42.081316,-17.2267559994647,0.0 -42.08149,-17.2263199994647,0.0 -42.081666,-17.2256519994647,0.0 -42.081816,-17.2252149994647,0.0 -42.08199,-17.2247789994647,0.0 -42.082141,-17.2242959994647,0.0 -42.082268,-17.2237659994648,0.0 -42.082418,-17.2232829994648,0.0 -42.082473,-17.2227759994648,0.0 -42.082527,-17.2222919994648,0.0 -42.082606,-17.2218079994648,0.0 -42.082633,-17.2197069994649,0.0 -42.0826329999706,-17.2197069987474,0.0 -42.0826059999999,-17.2218079964647,0.0 -42.082527,-17.2222919964648,0.0 -42.0824729999999,-17.2227759964647,0.0 -42.082418,-17.2232829964648,0.0 -42.0822679999999,-17.2237659964647,0.0 -42.082141,-17.2242959964647,0.0 -42.08199,-17.2247789964646,0.0 -42.0818159999999,-17.2252149964647,0.0 -42.081666,-17.2256519964646,0.0 -42.08149,-17.2263199964647,0.0 -42.081316,-17.2267559964646,0.0 -42.0811619999999,-17.2274469964647,0.0 -42.081036,-17.2279539964645,0.0 -42.080837,-17.2284819964646,0.0 -42.08071,-17.2289429964645,0.0 -42.0804879999999,-17.2294019964646,0.0 -42.080362,-17.2298619964645,0.0 -42.080235,-17.2303679964646,0.0 -42.0800849999999,-17.2308279964645,0.0 -42.079958,-17.2313349964646,0.0 -42.079783,-17.2319099964644,0.0 -42.0796569999999,-17.2323469964645,0.0 -42.079505,-17.2328989964644,0.0 -42.076232121,-17.2370208444644,0.0 -42.0770799389999,-17.2388064924643,0.0 -42.077198016,-17.2391191874643,0.0 -42.077250673,-17.2390750764642,0.0 -42.077916526,-17.2399934034643,0.0 -42.078242948,-17.2403226714642,0.0 -42.0784874399999,-17.2407410444642,0.0 -42.0785273829999,-17.2407883084643,0.0 -42.078796122,-17.2413378724643,0.0 -42.0791569859999,-17.2418791134643,0.0 -42.0793703369999,-17.2422762654642,0.0 -42.079635346,-17.2423882904642,0.0 -42.0811710629999,-17.2427222114642,0.0 -42.0820250579999,-17.2428584984643,0.0 -42.082714026,-17.2431634984641,0.0 -42.083104781,-17.2432986544642,0.0 -42.0833543919999,-17.2434879264641,0.0 -42.083543493,-17.2437366374642,0.0 -42.083624683,-17.2440414814641,0.0 -42.084401827,-17.2457202584641,0.0 -42.0846032279999,-17.2462270334642,0.0 -42.084964933,-17.2472725844641,0.0 -42.08434277,-17.2473914164641,0.0 -42.0842343699999,-17.2474186474642,0.0 -42.082853556,-17.2479039024641,0.0 -42.082715391,-17.248001402464,0.0 -42.082023219,-17.2486577364641,0.0 -42.0801598859999,-17.250203529464,0.0 -42.08004504,-17.2501745014639,0.0 -42.078320053,-17.2498199324641,0.0 -42.077560197,-17.2496295534641,0.0 -42.076500913,-17.2485830554641,0.0 -42.075969442,-17.2476991824641,0.0 -42.075767957,-17.2474318644641,0.0 -42.0754076339999,-17.2471187124641,0.0 -42.07449281,-17.246995685464,0.0 -42.0739820969999,-17.2468580434641,0.0 -42.0731266559999,-17.2465746974642,0.0 -42.072745681,-17.2464571814641,0.0 -42.071141939,-17.246426046464,0.0 -42.070128011,-17.2467418354641,0.0 -42.0693320679999,-17.247231456464,0.0 -42.0681405939999,-17.2478465924641,0.0 -42.067839807,-17.2482562954641,0.0 -42.0668735159999,-17.249284738464,0.0 -42.066341442,-17.2502483624641,0.0 -42.065197849,-17.2516780934639,0.0 -42.064471436,-17.252433270464,0.0 -42.063063041,-17.2534035774639,0.0 -42.0624189489999,-17.2539263564639,0.0 -42.0619509749999,-17.2543530164639,0.0 -42.0613859709999,-17.2549725684639,0.0 -42.0604816659999,-17.2557438144639,0.0 -42.0599776189999,-17.2565780724639,0.0 -42.06000496,-17.2566376154638,0.0 -42.0602966659999,-17.2567138504638,0.0 -42.060227541,-17.2572033184637,0.0 -42.060530742,-17.2587712964638,0.0 -42.060999457,-17.2595140574638,0.0 -42.0613203899999,-17.2607405304637,0.0 -42.061260524,-17.2638407304636,0.0 -42.061462923,-17.2643877184637,0.0 -42.061693523,-17.2647564254636,0.0 -42.0617483899999,-17.2650241394637,0.0 -42.0617613699999,-17.2654324604635,0.0 -42.061422251,-17.2661821784635,0.0 -42.060923765,-17.2673451874636,0.0 -42.060780989,-17.2674887414636,0.0 -42.060385055,-17.2680694064635,0.0 -42.059199818,-17.2689204954635,0.0 -42.058983957,-17.2691744904634,0.0 -42.0583629019999,-17.2716864964634,0.0 -42.0584637659999,-17.2719986774633,0.0 -42.0583856289999,-17.2723562714634,0.0 -42.057739516,-17.2733380494633,0.0 -42.057676608,-17.2736005154633,0.0 -42.0580506329999,-17.2744716504633,0.0 -42.058056338,-17.2747396374634,0.0 -42.058178089,-17.2753108184634,0.0 -42.058321732,-17.2756989324632,0.0 -42.058328305,-17.2774328594633,0.0 -42.0586349179999,-17.2784421494632,0.0 -42.0586386809999,-17.2787377374633,0.0 -42.05865077,-17.2791718694632,0.0 -42.058719868,-17.2797563644633,0.0 -42.0588591329999,-17.2801954304633,0.0 -42.059824243,-17.2819012434632,0.0 -42.0599281309999,-17.2835678834631,0.0 -42.059999768,-17.284838923463,0.0 -42.060041422,-17.2850035084631,0.0 -42.060140272,-17.2851648694631,0.0 -42.061779037,-17.2861715604629,0.0 -42.06194248,-17.2863493074631,0.0 -42.0619932509999,-17.286608744463,0.0 -42.061770638,-17.2876655394631,0.0 -42.0617158169999,-17.2878033384629,0.0 -42.0613792,-17.288581347463,0.0 -42.0647652599999,-17.2920716214629,0.0 -42.0650705099999,-17.2921863404628,0.0 -42.065904831,-17.2924319654629,0.0 -42.069213389,-17.2929393314628,0.0 -42.0701438769999,-17.2930186684628,0.0 -42.0727216829999,-17.2938937244629,0.0 -42.072988481,-17.2939680504628,0.0 -42.07326861,-17.2940374244628,0.0 -42.07358762,-17.2940791934628,0.0 -42.074120407,-17.2940176234627,0.0 -42.0751411749999,-17.2938212294628,0.0 -42.076666385,-17.2933583214628,0.0 -42.0767971019999,-17.2933184204629,0.0 -42.077343447,-17.2932195674628,0.0 -42.078028525,-17.2933944344629,0.0 -42.0790287999999,-17.2941087124628,0.0 -42.079145812,-17.2940140724629,0.0 -42.079261924,-17.2933275314629,0.0 -42.0793166449999,-17.2931955034629,0.0 -42.0796467769999,-17.2927471194628,0.0 -42.0799845719999,-17.2923907674629,0.0 -42.0803713079999,-17.2915894284628,0.0 -42.080496894,-17.2907607184628,0.0 -42.0808621589998,-17.2895445164629,0.0 -42.077110588,-17.2891939624629,0.0 -42.074500026,-17.2899113894628,0.0 -42.0746143489999,-17.288714478463,0.0 -42.074899978,-17.2874186644631,0.0 -42.075315976,-17.2867585334629,0.0 -42.07544195,-17.2865664164631,0.0 -42.075892552,-17.2851018954631,0.0 -42.076173539,-17.284110665463,0.0 -42.076182457,-17.2831414744631,0.0 -42.0771204129999,-17.2831976744631,0.0 -42.0791353069999,-17.2826150054632,0.0 -42.081110764,-17.282714826463,0.0 -42.0838096059999,-17.2826146684631,0.0 -42.0848048899999,-17.2822417664631,0.0 -42.085171413,-17.2828047614632,0.0 -42.085183661,-17.2829580814631,0.0 -42.085596026,-17.2832003794631,0.0 -42.085736465,-17.283306531463,0.0 -42.086031948,-17.2831941614631,0.0 -42.0866722979999,-17.282960838463,0.0 -42.0871812469999,-17.283271264463,0.0 -42.0874807119999,-17.283437424463,0.0 -42.0876081599999,-17.2833956624631,0.0 -42.087587845,-17.2833009174632,0.0 -42.0878971609999,-17.2832889744631,0.0 -42.088084973,-17.2830186454632,0.0 -42.090142992,-17.2815387594631,0.0 -42.0911923429999,-17.2806489394631,0.0 -42.0914916209999,-17.2803184594631,0.0 -42.0923231049999,-17.2796555474631,0.0 -42.092836744,-17.2791706954631,0.0 -42.0945764579999,-17.2775043714633,0.0 -42.0953855,-17.2775632034632,0.0 -42.0953855005761,-17.2775632035051,0.0</coordinates>
</LinearRing>
</outerBoundaryIs>
</Polygon>
<Polygon>
<extrude>0</extrude>
<tessellate>1</tessellate>
<outerBoundaryIs>
<LinearRing>
<coordinates>-42.0826209999626,-17.218805999347,0.0 -42.082615,-17.2192679964649,0.0 -42.0826150000296,-17.219267997186,0.0 -42.082621,-17.2188059994649,0.0 -42.0826209999626,-17.218805999347,0.0</coordinates>
</LinearRing>
</outerBoundaryIs>
</Polygon>
<Polygon>
<extrude>0</extrude>
<tessellate>1</tessellate>
<outerBoundaryIs>
<LinearRing>
<coordinates>-42.0797710001411,-17.2121109963769,0.0 -42.0797709999999,-17.212110996465,0.0 -42.079771000018,-17.2121109990711,0.0 -42.0797710001411,-17.2121109963769,0.0</coordinates>
</LinearRing>
</outerBoundaryIs>
</Polygon>
</MultiGeometry>
</Placemark>
</Folder>
</Document></kml>
