<?xml version='1.0' encoding='UTF-8'?>
<kml xmlns:xsd="http://www.w3.org/2001/XMLSchema" xmlns:gx="http://www.google.com/kml/ext/2.2" xmlns:atom="http://www.w3.org/2005/Atom" xmlns="http://www.opengis.net/kml/2.2">
<Document>
<name>sao_miguel_do_iguacu_4125704_localidades_2022</name>
<visibility>1</visibility>
<Schema name="Agrovilas do PA" id="kml_schema_ft_Agrovilas_do_PA">
<SimpleField type="xsd:string" name="CD_UF">
<displayName>CD_UF</displayName>
</SimpleField>
<SimpleField type="xsd:string" name="NM_UF">
<displayName>NM_UF</displayName>
</SimpleField>
<SimpleField type="xsd:string" name="SIGLA_UF">
<displayName>SIGLA_UF</displayName>
</SimpleField>
<SimpleField type="xsd:string" name="CD_MUN">
<displayName>CD_MUN</displayName>
</SimpleField>
<SimpleField type="xsd:string" name="NM_MUN">
<displayName>NM_MUN</displayName>
</SimpleField>
<SimpleField type="xsd:string" name="CD_RGINT">
<displayName>CD_RGINT</displayName>
</SimpleField>
<SimpleField type="xsd:string" name="NM_RGINT">
<displayName>NM_RGINT</displayName>
</SimpleField>
<SimpleField type="xsd:string" name="CD_RGI">
<displayName>CD_RGI</displayName>
</SimpleField>
<SimpleField type="xsd:string" name="NM_RGI">
<displayName>NM_RGI</displayName>
</SimpleField>
<SimpleField type="xsd:string" name="CT_LOCALIDADE">
<displayName>CT_LOCALIDADE</displayName>
</SimpleField>
<SimpleField type="xsd:string" name="CD_LOCALIDADE">
<displayName>CD_LOCALIDADE</displayName>
</SimpleField>
<SimpleField type="xsd:string" name="NM_LOCALIDADE">
<displayName>NM_LOCALIDADE</displayName>
</SimpleField>
<SimpleField type="xsd:string" name="LAT_LOCALIDADE">
<displayName>LAT_LOCALIDADE</displayName>
</SimpleField>
<SimpleField type="xsd:string" name="LONG_LOCALIDADE">
<displayName>LONG_LOCALIDADE</displayName>
</SimpleField>
</Schema>
<Schema name="Povoados" id="kml_schema_ft_Povoados">
<SimpleField type="xsd:string" name="CD_UF">
<displayName>CD_UF</displayName>
</SimpleField>
<SimpleField type="xsd:string" name="NM_UF">
<displayName>NM_UF</displayName>
</SimpleField>
<SimpleField type="xsd:string" name="SIGLA_UF">
<displayName>SIGLA_UF</displayName>
</SimpleField>
<SimpleField type="xsd:string" name="CD_MUN">
<displayName>CD_MUN</displayName>
</SimpleField>
<SimpleField type="xsd:string" name="NM_MUN">
<displayName>NM_MUN</displayName>
</SimpleField>
<SimpleField type="xsd:string" name="CD_RGINT">
<displayName>CD_RGINT</displayName>
</SimpleField>
<SimpleField type="xsd:string" name="NM_RGINT">
<displayName>NM_RGINT</displayName>
</SimpleField>
<SimpleField type="xsd:string" name="CD_RGI">
<displayName>CD_RGI</displayName>
</SimpleField>
<SimpleField type="xsd:string" name="NM_RGI">
<displayName>NM_RGI</displayName>
</SimpleField>
<SimpleField type="xsd:string" name="CT_LOCALIDADE">
<displayName>CT_LOCALIDADE</displayName>
</SimpleField>
<SimpleField type="xsd:string" name="CD_LOCALIDADE">
<displayName>CD_LOCALIDADE</displayName>
</SimpleField>
<SimpleField type="xsd:string" name="NM_LOCALIDADE">
<displayName>NM_LOCALIDADE</displayName>
</SimpleField>
<SimpleField type="xsd:string" name="LAT_LOCALIDADE">
<displayName>LAT_LOCALIDADE</displayName>
</SimpleField>
<SimpleField type="xsd:string" name="LONG_LOCALIDADE">
<displayName>LONG_LOCALIDADE</displayName>
</SimpleField>
</Schema>
<Schema name="Lugarejos" id="kml_schema_ft_Lugarejos">
<SimpleField type="xsd:string" name="CD_UF">
<displayName>CD_UF</displayName>
</SimpleField>
<SimpleField type="xsd:string" name="NM_UF">
<displayName>NM_UF</displayName>
</SimpleField>
<SimpleField type="xsd:string" name="SIGLA_UF">
<displayName>SIGLA_UF</displayName>
</SimpleField>
<SimpleField type="xsd:string" name="CD_MUN">
<displayName>CD_MUN</displayName>
</SimpleField>
<SimpleField type="xsd:string" name="NM_MUN">
<displayName>NM_MUN</displayName>
</SimpleField>
<SimpleField type="xsd:string" name="CD_RGINT">
<displayName>CD_RGINT</displayName>
</SimpleField>
<SimpleField type="xsd:string" name="NM_RGINT">
<displayName>NM_RGINT</displayName>
</SimpleField>
<SimpleField type="xsd:string" name="CD_RGI">
<displayName>CD_RGI</displayName>
</SimpleField>
<SimpleField type="xsd:string" name="NM_RGI">
<displayName>NM_RGI</displayName>
</SimpleField>
<SimpleField type="xsd:string" name="CT_LOCALIDADE">
<displayName>CT_LOCALIDADE</displayName>
</SimpleField>
<SimpleField type="xsd:string" name="CD_LOCALIDADE">
<displayName>CD_LOCALIDADE</displayName>
</SimpleField>
<SimpleField type="xsd:string" name="NM_LOCALIDADE">
<displayName>NM_LOCALIDADE</displayName>
</SimpleField>
<SimpleField type="xsd:string" name="LAT_LOCALIDADE">
<displayName>LAT_LOCALIDADE</displayName>
</SimpleField>
<SimpleField type="xsd:string" name="LONG_LOCALIDADE">
<displayName>LONG_LOCALIDADE</displayName>
</SimpleField>
</Schema>
<Schema name="Vilas" id="kml_schema_ft_Vilas">
<SimpleField type="xsd:string" name="CD_UF">
<displayName>CD_UF</displayName>
</SimpleField>
<SimpleField type="xsd:string" name="NM_UF">
<displayName>NM_UF</displayName>
</SimpleField>
<SimpleField type="xsd:string" name="SIGLA_UF">
<displayName>SIGLA_UF</displayName>
</SimpleField>
<SimpleField type="xsd:string" name="CD_MUN">
<displayName>CD_MUN</displayName>
</SimpleField>
<SimpleField type="xsd:string" name="NM_MUN">
<displayName>NM_MUN</displayName>
</SimpleField>
<SimpleField type="xsd:string" name="CD_RGINT">
<displayName>CD_RGINT</displayName>
</SimpleField>
<SimpleField type="xsd:string" name="NM_RGINT">
<displayName>NM_RGINT</displayName>
</SimpleField>
<SimpleField type="xsd:string" name="CD_RGI">
<displayName>CD_RGI</displayName>
</SimpleField>
<SimpleField type="xsd:string" name="NM_RGI">
<displayName>NM_RGI</displayName>
</SimpleField>
<SimpleField type="xsd:string" name="CT_LOCALIDADE">
<displayName>CT_LOCALIDADE</displayName>
</SimpleField>
<SimpleField type="xsd:string" name="CD_LOCALIDADE">
<displayName>CD_LOCALIDADE</displayName>
</SimpleField>
<SimpleField type="xsd:string" name="NM_LOCALIDADE">
<displayName>NM_LOCALIDADE</displayName>
</SimpleField>
<SimpleField type="xsd:string" name="LAT_LOCALIDADE">
<displayName>LAT_LOCALIDADE</displayName>
</SimpleField>
<SimpleField type="xsd:string" name="LONG_LOCALIDADE">
<displayName>LONG_LOCALIDADE</displayName>
</SimpleField>
</Schema>
<Schema name="Agrupamentos Quilombolas" id="kml_schema_ft_Agrupamentos_Quilombolas">
<SimpleField type="xsd:string" name="CD_UF">
<displayName>CD_UF</displayName>
</SimpleField>
<SimpleField type="xsd:string" name="NM_UF">
<displayName>NM_UF</displayName>
</SimpleField>
<SimpleField type="xsd:string" name="SIGLA_UF">
<displayName>SIGLA_UF</displayName>
</SimpleField>
<SimpleField type="xsd:string" name="CD_MUN">
<displayName>CD_MUN</displayName>
</SimpleField>
<SimpleField type="xsd:string" name="NM_MUN">
<displayName>NM_MUN</displayName>
</SimpleField>
<SimpleField type="xsd:string" name="CD_RGINT">
<displayName>CD_RGINT</displayName>
</SimpleField>
<SimpleField type="xsd:string" name="NM_RGINT">
<displayName>NM_RGINT</displayName>
</SimpleField>
<SimpleField type="xsd:string" name="CD_RGI">
<displayName>CD_RGI</displayName>
</SimpleField>
<SimpleField type="xsd:string" name="NM_RGI">
<displayName>NM_RGI</displayName>
</SimpleField>
<SimpleField type="xsd:string" name="CT_LOCALIDADE">
<displayName>CT_LOCALIDADE</displayName>
</SimpleField>
<SimpleField type="xsd:string" name="SCT_LOCALIDADE">
<displayName>SCT_LOCALIDADE</displayName>
</SimpleField>
<SimpleField type="xsd:string" name="CD_LOCALIDADE">
<displayName>CD_LOCALIDADE</displayName>
</SimpleField>
<SimpleField type="xsd:string" name="NM_LOCALIDADE">
<displayName>NM_LOCALIDADE</displayName>
</SimpleField>
<SimpleField type="xsd:string" name="LAT_LOCALIDADE">
<displayName>LAT_LOCALIDADE</displayName>
</SimpleField>
<SimpleField type="xsd:string" name="LONG_LOCALIDADE">
<displayName>LONG_LOCALIDADE</displayName>
</SimpleField>
</Schema>
<Schema name="Localidades" id="kml_schema_ft_Localidades">
<SimpleField type="xsd:string" name="CD_UF">
<displayName>CD_UF</displayName>
</SimpleField>
<SimpleField type="xsd:string" name="NM_UF">
<displayName>NM_UF</displayName>
</SimpleField>
<SimpleField type="xsd:string" name="SIGLA_UF">
<displayName>SIGLA_UF</displayName>
</SimpleField>
<SimpleField type="xsd:string" name="CD_MUN">
<displayName>CD_MUN</displayName>
</SimpleField>
<SimpleField type="xsd:string" name="NM_MUN">
<displayName>NM_MUN</displayName>
</SimpleField>
<SimpleField type="xsd:string" name="CD_RGINT">
<displayName>CD_RGINT</displayName>
</SimpleField>
<SimpleField type="xsd:string" name="NM_RGINT">
<displayName>NM_RGINT</displayName>
</SimpleField>
<SimpleField type="xsd:string" name="CD_RGI">
<displayName>CD_RGI</displayName>
</SimpleField>
<SimpleField type="xsd:string" name="NM_RGI">
<displayName>NM_RGI</displayName>
</SimpleField>
<SimpleField type="xsd:string" name="CT_LOCALIDADE">
<displayName>CT_LOCALIDADE</displayName>
</SimpleField>
<SimpleField type="xsd:string" name="SCT_LOCALIDADE">
<displayName>SCT_LOCALIDADE</displayName>
</SimpleField>
<SimpleField type="xsd:string" name="CD_LOCALIDADE">
<displayName>CD_LOCALIDADE</displayName>
</SimpleField>
<SimpleField type="xsd:string" name="NM_LOCALIDADE">
<displayName>NM_LOCALIDADE</displayName>
</SimpleField>
</Schema>
<Schema name="Agrupamentos Indígenas" id="kml_schema_ft_Agrupamentos_Indígenas">
<SimpleField type="xsd:string" name="CD_UF">
<displayName>CD_UF</displayName>
</SimpleField>
<SimpleField type="xsd:string" name="NM_UF">
<displayName>NM_UF</displayName>
</SimpleField>
<SimpleField type="xsd:string" name="SIGLA_UF">
<displayName>SIGLA_UF</displayName>
</SimpleField>
<SimpleField type="xsd:string" name="CD_MUN">
<displayName>CD_MUN</displayName>
</SimpleField>
<SimpleField type="xsd:string" name="NM_MUN">
<displayName>NM_MUN</displayName>
</SimpleField>
<SimpleField type="xsd:string" name="CD_RGINT">
<displayName>CD_RGINT</displayName>
</SimpleField>
<SimpleField type="xsd:string" name="NM_RGINT">
<displayName>NM_RGINT</displayName>
</SimpleField>
<SimpleField type="xsd:string" name="CD_RGI">
<displayName>CD_RGI</displayName>
</SimpleField>
<SimpleField type="xsd:string" name="NM_RGI">
<displayName>NM_RGI</displayName>
</SimpleField>
<SimpleField type="xsd:string" name="CT_LOCALIDADE">
<displayName>CT_LOCALIDADE</displayName>
</SimpleField>
<SimpleField type="xsd:string" name="SCT_LOCALIDADE">
<displayName>SCT_LOCALIDADE</displayName>
</SimpleField>
<SimpleField type="xsd:string" name="CD_LOCALIDADE">
<displayName>CD_LOCALIDADE</displayName>
</SimpleField>
<SimpleField type="xsd:string" name="NM_LOCALIDADE">
<displayName>NM_LOCALIDADE</displayName>
</SimpleField>
<SimpleField type="xsd:string" name="LAT_LOCALIDADE">
<displayName>LAT_LOCALIDADE</displayName>
</SimpleField>
<SimpleField type="xsd:string" name="LONG_LOCALIDADE">
<displayName>LONG_LOCALIDADE</displayName>
</SimpleField>
</Schema>
<Schema name="Núcleos Urbanos" id="kml_schema_ft_Núcleos_Urbanos">
<SimpleField type="xsd:string" name="CD_UF">
<displayName>CD_UF</displayName>
</SimpleField>
<SimpleField type="xsd:string" name="NM_UF">
<displayName>NM_UF</displayName>
</SimpleField>
<SimpleField type="xsd:string" name="SIGLA_UF">
<displayName>SIGLA_UF</displayName>
</SimpleField>
<SimpleField type="xsd:string" name="CD_MUN">
<displayName>CD_MUN</displayName>
</SimpleField>
<SimpleField type="xsd:string" name="NM_MUN">
<displayName>NM_MUN</displayName>
</SimpleField>
<SimpleField type="xsd:string" name="CD_RGINT">
<displayName>CD_RGINT</displayName>
</SimpleField>
<SimpleField type="xsd:string" name="NM_RGINT">
<displayName>NM_RGINT</displayName>
</SimpleField>
<SimpleField type="xsd:string" name="CD_RGI">
<displayName>CD_RGI</displayName>
</SimpleField>
<SimpleField type="xsd:string" name="NM_RGI">
<displayName>NM_RGI</displayName>
</SimpleField>
<SimpleField type="xsd:string" name="CT_LOCALIDADE">
<displayName>CT_LOCALIDADE</displayName>
</SimpleField>
<SimpleField type="xsd:string" name="CD_LOCALIDADE">
<displayName>CD_LOCALIDADE</displayName>
</SimpleField>
<SimpleField type="xsd:string" name="NM_LOCALIDADE">
<displayName>NM_LOCALIDADE</displayName>
</SimpleField>
<SimpleField type="xsd:string" name="LAT_LOCALIDADE">
<displayName>LAT_LOCALIDADE</displayName>
</SimpleField>
<SimpleField type="xsd:string" name="LONG_LOCALIDADE">
<displayName>LONG_LOCALIDADE</displayName>
</SimpleField>
</Schema>
<Schema name="01. Cidade" id="kml_schema_ft_01._Cidade">
<SimpleField type="xsd:string" name="CD_UF">
<displayName>CD_UF</displayName>
</SimpleField>
<SimpleField type="xsd:string" name="NM_UF">
<displayName>NM_UF</displayName>
</SimpleField>
<SimpleField type="xsd:string" name="SIGLA_UF">
<displayName>SIGLA_UF</displayName>
</SimpleField>
<SimpleField type="xsd:string" name="CD_MUN">
<displayName>CD_MUN</displayName>
</SimpleField>
<SimpleField type="xsd:string" name="NM_MUN">
<displayName>NM_MUN</displayName>
</SimpleField>
<SimpleField type="xsd:string" name="CD_RGINT">
<displayName>CD_RGINT</displayName>
</SimpleField>
<SimpleField type="xsd:string" name="NM_RGINT">
<displayName>NM_RGINT</displayName>
</SimpleField>
<SimpleField type="xsd:string" name="CD_RGI">
<displayName>CD_RGI</displayName>
</SimpleField>
<SimpleField type="xsd:string" name="NM_RGI">
<displayName>NM_RGI</displayName>
</SimpleField>
<SimpleField type="xsd:string" name="CT_LOCALIDADE">
<displayName>CT_LOCALIDADE</displayName>
</SimpleField>
<SimpleField type="xsd:string" name="SCT_LOCALIDADE">
<displayName>SCT_LOCALIDADE</displayName>
</SimpleField>
<SimpleField type="xsd:string" name="CD_LOCALIDADE">
<displayName>CD_LOCALIDADE</displayName>
</SimpleField>
<SimpleField type="xsd:string" name="NM_LOCALIDADE">
<displayName>NM_LOCALIDADE</displayName>
</SimpleField>
<SimpleField type="xsd:string" name="LAT_LOCALIDADE">
<displayName>LAT_LOCALIDADE</displayName>
</SimpleField>
<SimpleField type="xsd:string" name="LONG_LOCALIDADE">
<displayName>LONG_LOCALIDADE</displayName>
</SimpleField>
</Schema>
<Schema name="Terra Indígena" id="kml_schema_ft_Terra_Indígena">
<SimpleField type="xsd:string" name="COD_TI">
<displayName>COD_TI</displayName>
</SimpleField>
<SimpleField type="xsd:string" name="NOM_TI">
<displayName>NOM_TI</displayName>
</SimpleField>
</Schema>
<Schema name="Município" id="kml_schema_ft_Município">
<SimpleField type="xsd:string" name="CD_UF">
<displayName>CD_UF</displayName>
</SimpleField>
<SimpleField type="xsd:string" name="NM_UF">
<displayName>NM_UF</displayName>
</SimpleField>
<SimpleField type="xsd:string" name="CD_MUN">
<displayName>CD_MUN</displayName>
</SimpleField>
<SimpleField type="xsd:string" name="NM_MUN">
<displayName>NM_MUN</displayName>
</SimpleField>
<SimpleField type="xsd:string" name="CD_RGINT">
<displayName>CD_RGINT</displayName>
</SimpleField>
<SimpleField type="xsd:string" name="NM_RGINT">
<displayName>NM_RGINT</displayName>
</SimpleField>
<SimpleField type="xsd:string" name="CD_RGI">
<displayName>CD_RGI</displayName>
</SimpleField>
<SimpleField type="xsd:string" name="NM_RGI">
<displayName>NM_RGI</displayName>
</SimpleField>
</Schema>
<Folder id="01. Cidade">
<name>01. Cidade</name>
<Folder id="01.03. Sede Municipal">
<name>01.03. Sede Municipal</name>
<Placemark id="01.03. Sede Municipal">
<name>São Miguel do Iguaçu [4125704]</name>
<visibility>1</visibility>
<snippet> </snippet>
<description>&lt;center&gt;&lt;table&gt;&lt;tr&gt;&lt;th colspan='2' align='center'&gt;&lt;em&gt;Atributos&lt;/em&gt;&lt;/th&gt;&lt;/tr&gt;&lt;tr bgcolor="#E3E3F3"&gt;
&lt;th&gt;CD_UF&lt;/th&gt;
&lt;td&gt;41&lt;/td&gt;
&lt;/tr&gt;&lt;tr bgcolor=""&gt;
&lt;th&gt;NM_UF&lt;/th&gt;
&lt;td&gt;Paraná&lt;/td&gt;
&lt;/tr&gt;&lt;tr bgcolor="#E3E3F3"&gt;
&lt;th&gt;SIGLA_UF&lt;/th&gt;
&lt;td&gt;PR&lt;/td&gt;
&lt;/tr&gt;&lt;tr bgcolor=""&gt;
&lt;th&gt;CD_MUN&lt;/th&gt;
&lt;td&gt;4125704&lt;/td&gt;
&lt;/tr&gt;&lt;tr bgcolor="#E3E3F3"&gt;
&lt;th&gt;NM_MUN&lt;/th&gt;
&lt;td&gt;São Miguel do Iguaçu&lt;/td&gt;
&lt;/tr&gt;&lt;tr bgcolor=""&gt;
&lt;th&gt;CD_RGINT&lt;/th&gt;
&lt;td&gt;4103&lt;/td&gt;
&lt;/tr&gt;&lt;tr bgcolor="#E3E3F3"&gt;
&lt;th&gt;NM_RGINT&lt;/th&gt;
&lt;td&gt;Cascavel&lt;/td&gt;
&lt;/tr&gt;&lt;tr bgcolor=""&gt;
&lt;th&gt;CD_RGI&lt;/th&gt;
&lt;td&gt;410007&lt;/td&gt;
&lt;/tr&gt;&lt;tr bgcolor="#E3E3F3"&gt;
&lt;th&gt;NM_RGI&lt;/th&gt;
&lt;td&gt;Foz do Iguaçu&lt;/td&gt;
&lt;/tr&gt;&lt;tr bgcolor=""&gt;
&lt;th&gt;CT_LOCALIDADE&lt;/th&gt;
&lt;td&gt;Cidade&lt;/td&gt;
&lt;/tr&gt;&lt;tr bgcolor="#E3E3F3"&gt;
&lt;th&gt;SCT_LOCALIDADE&lt;/th&gt;
&lt;td&gt;Sede Municipal&lt;/td&gt;
&lt;/tr&gt;&lt;tr bgcolor=""&gt;
&lt;th&gt;CD_LOCALIDADE&lt;/th&gt;
&lt;td&gt;4125704&lt;/td&gt;
&lt;/tr&gt;&lt;tr bgcolor="#E3E3F3"&gt;
&lt;th&gt;NM_LOCALIDADE&lt;/th&gt;
&lt;td&gt;São Miguel do Iguaçu&lt;/td&gt;
&lt;/tr&gt;&lt;tr bgcolor=""&gt;
&lt;th&gt;LAT_LOCALIDADE&lt;/th&gt;
&lt;td&gt;-25.3445&lt;/td&gt;
&lt;/tr&gt;&lt;tr bgcolor="#E3E3F3"&gt;
&lt;th&gt;LONG_LOCALIDADE&lt;/th&gt;
&lt;td&gt;-54.2386&lt;/td&gt;
&lt;/tr&gt;&lt;/table&gt;&lt;/center&gt;</description>
<Style>
<IconStyle>
<color>ff00aaff</color>
<scale>1.0</scale>
<Icon>
<href>http://maps.google.com/mapfiles/kml/shapes/placemark_circle.png</href>
</Icon>
</IconStyle>
<LabelStyle>
<scale>1.0</scale>
</LabelStyle>
<LineStyle>
<color>ffffffff</color>
<width>3</width>
<gx:labelVisibility>1</gx:labelVisibility>
</LineStyle>
<PolyStyle>
<color>00ffffff</color>
</PolyStyle>
</Style>
<ExtendedData>
<SchemaData schemaUrl="#kml_schema_ft_01._Cidade">
<SimpleData name="CD_UF">41</SimpleData>
<SimpleData name="NM_UF">Paraná</SimpleData>
<SimpleData name="SIGLA_UF">PR</SimpleData>
<SimpleData name="CD_MUN">4125704</SimpleData>
<SimpleData name="NM_MUN">São Miguel do Iguaçu</SimpleData>
<SimpleData name="CD_RGINT">4103</SimpleData>
<SimpleData name="NM_RGINT">Cascavel</SimpleData>
<SimpleData name="CD_RGI">410007</SimpleData>
<SimpleData name="NM_RGI">Foz do Iguaçu</SimpleData>
<SimpleData name="CT_LOCALIDADE">Cidade</SimpleData>
<SimpleData name="SCT_LOCALIDADE">Sede Municipal</SimpleData>
<SimpleData name="CD_LOCALIDADE">4125704</SimpleData>
<SimpleData name="NM_LOCALIDADE">São Miguel do Iguaçu</SimpleData>
<SimpleData name="LAT_LOCALIDADE">-25.3445</SimpleData>
<SimpleData name="LONG_LOCALIDADE">-54.2386</SimpleData>
</SchemaData>
</ExtendedData>
<Point>
<extrude>0</extrude>
<coordinates>-54.238601,-25.3445119992686,0.0</coordinates>
</Point>
</Placemark>
</Folder>
</Folder>
<Folder id="04. Vilas">
<name>04. Vilas</name>
<Placemark id="04. Vilas">
<name>Aurora do Iguaçu [412570410]</name>
<visibility>1</visibility>
<snippet> </snippet>
<description>&lt;center&gt;&lt;table&gt;&lt;tr&gt;&lt;th colspan='2' align='center'&gt;&lt;em&gt;Atributos&lt;/em&gt;&lt;/th&gt;&lt;/tr&gt;&lt;tr bgcolor="#E3E3F3"&gt;
&lt;th&gt;CD_UF&lt;/th&gt;
&lt;td&gt;41&lt;/td&gt;
&lt;/tr&gt;&lt;tr bgcolor=""&gt;
&lt;th&gt;NM_UF&lt;/th&gt;
&lt;td&gt;Paraná&lt;/td&gt;
&lt;/tr&gt;&lt;tr bgcolor="#E3E3F3"&gt;
&lt;th&gt;SIGLA_UF&lt;/th&gt;
&lt;td&gt;PR&lt;/td&gt;
&lt;/tr&gt;&lt;tr bgcolor=""&gt;
&lt;th&gt;CD_MUN&lt;/th&gt;
&lt;td&gt;4125704&lt;/td&gt;
&lt;/tr&gt;&lt;tr bgcolor="#E3E3F3"&gt;
&lt;th&gt;NM_MUN&lt;/th&gt;
&lt;td&gt;São Miguel do Iguaçu&lt;/td&gt;
&lt;/tr&gt;&lt;tr bgcolor=""&gt;
&lt;th&gt;CD_RGINT&lt;/th&gt;
&lt;td&gt;4103&lt;/td&gt;
&lt;/tr&gt;&lt;tr bgcolor="#E3E3F3"&gt;
&lt;th&gt;NM_RGINT&lt;/th&gt;
&lt;td&gt;Cascavel&lt;/td&gt;
&lt;/tr&gt;&lt;tr bgcolor=""&gt;
&lt;th&gt;CD_RGI&lt;/th&gt;
&lt;td&gt;410007&lt;/td&gt;
&lt;/tr&gt;&lt;tr bgcolor="#E3E3F3"&gt;
&lt;th&gt;NM_RGI&lt;/th&gt;
&lt;td&gt;Foz do Iguaçu&lt;/td&gt;
&lt;/tr&gt;&lt;tr bgcolor=""&gt;
&lt;th&gt;CT_LOCALIDADE&lt;/th&gt;
&lt;td&gt;Vila&lt;/td&gt;
&lt;/tr&gt;&lt;tr bgcolor="#E3E3F3"&gt;
&lt;th&gt;CD_LOCALIDADE&lt;/th&gt;
&lt;td&gt;412570410&lt;/td&gt;
&lt;/tr&gt;&lt;tr bgcolor=""&gt;
&lt;th&gt;NM_LOCALIDADE&lt;/th&gt;
&lt;td&gt;Aurora do Iguaçu&lt;/td&gt;
&lt;/tr&gt;&lt;tr bgcolor="#E3E3F3"&gt;
&lt;th&gt;LAT_LOCALIDADE&lt;/th&gt;
&lt;td&gt;-25.3713&lt;/td&gt;
&lt;/tr&gt;&lt;tr bgcolor=""&gt;
&lt;th&gt;LONG_LOCALIDADE&lt;/th&gt;
&lt;td&gt;-54.161&lt;/td&gt;
&lt;/tr&gt;&lt;/table&gt;&lt;/center&gt;</description>
<Style>
<IconStyle>
<color>ffff5400</color>
<scale>1.0</scale>
<Icon>
<href>http://maps.google.com/mapfiles/kml/shapes/placemark_circle.png</href>
</Icon>
</IconStyle>
<LabelStyle>
<scale>0.9</scale>
</LabelStyle>
<LineStyle>
<color>72ffffff</color>
<width>1.0</width>
<gx:labelVisibility>1</gx:labelVisibility>
</LineStyle>
<PolyStyle>
<color>660054ff</color>
</PolyStyle>
</Style>
<ExtendedData>
<SchemaData schemaUrl="#kml_schema_ft_Vilas">
<SimpleData name="CD_UF">41</SimpleData>
<SimpleData name="NM_UF">Paraná</SimpleData>
<SimpleData name="SIGLA_UF">PR</SimpleData>
<SimpleData name="CD_MUN">4125704</SimpleData>
<SimpleData name="NM_MUN">São Miguel do Iguaçu</SimpleData>
<SimpleData name="CD_RGINT">4103</SimpleData>
<SimpleData name="NM_RGINT">Cascavel</SimpleData>
<SimpleData name="CD_RGI">410007</SimpleData>
<SimpleData name="NM_RGI">Foz do Iguaçu</SimpleData>
<SimpleData name="CT_LOCALIDADE">Vila</SimpleData>
<SimpleData name="CD_LOCALIDADE">412570410</SimpleData>
<SimpleData name="NM_LOCALIDADE">Aurora do Iguaçu</SimpleData>
<SimpleData name="LAT_LOCALIDADE">-25.3713</SimpleData>
<SimpleData name="LONG_LOCALIDADE">-54.161</SimpleData>
</SchemaData>
</ExtendedData>
<Point>
<extrude>0</extrude>
<coordinates>-54.160979,-25.3712709992681,0.0</coordinates>
</Point>
</Placemark>
<Placemark id="04. Vilas">
<name>São José do Iguaçu [412570420]</name>
<visibility>1</visibility>
<snippet> </snippet>
<description>&lt;center&gt;&lt;table&gt;&lt;tr&gt;&lt;th colspan='2' align='center'&gt;&lt;em&gt;Atributos&lt;/em&gt;&lt;/th&gt;&lt;/tr&gt;&lt;tr bgcolor="#E3E3F3"&gt;
&lt;th&gt;CD_UF&lt;/th&gt;
&lt;td&gt;41&lt;/td&gt;
&lt;/tr&gt;&lt;tr bgcolor=""&gt;
&lt;th&gt;NM_UF&lt;/th&gt;
&lt;td&gt;Paraná&lt;/td&gt;
&lt;/tr&gt;&lt;tr bgcolor="#E3E3F3"&gt;
&lt;th&gt;SIGLA_UF&lt;/th&gt;
&lt;td&gt;PR&lt;/td&gt;
&lt;/tr&gt;&lt;tr bgcolor=""&gt;
&lt;th&gt;CD_MUN&lt;/th&gt;
&lt;td&gt;4125704&lt;/td&gt;
&lt;/tr&gt;&lt;tr bgcolor="#E3E3F3"&gt;
&lt;th&gt;NM_MUN&lt;/th&gt;
&lt;td&gt;São Miguel do Iguaçu&lt;/td&gt;
&lt;/tr&gt;&lt;tr bgcolor=""&gt;
&lt;th&gt;CD_RGINT&lt;/th&gt;
&lt;td&gt;4103&lt;/td&gt;
&lt;/tr&gt;&lt;tr bgcolor="#E3E3F3"&gt;
&lt;th&gt;NM_RGINT&lt;/th&gt;
&lt;td&gt;Cascavel&lt;/td&gt;
&lt;/tr&gt;&lt;tr bgcolor=""&gt;
&lt;th&gt;CD_RGI&lt;/th&gt;
&lt;td&gt;410007&lt;/td&gt;
&lt;/tr&gt;&lt;tr bgcolor="#E3E3F3"&gt;
&lt;th&gt;NM_RGI&lt;/th&gt;
&lt;td&gt;Foz do Iguaçu&lt;/td&gt;
&lt;/tr&gt;&lt;tr bgcolor=""&gt;
&lt;th&gt;CT_LOCALIDADE&lt;/th&gt;
&lt;td&gt;Vila&lt;/td&gt;
&lt;/tr&gt;&lt;tr bgcolor="#E3E3F3"&gt;
&lt;th&gt;CD_LOCALIDADE&lt;/th&gt;
&lt;td&gt;412570420&lt;/td&gt;
&lt;/tr&gt;&lt;tr bgcolor=""&gt;
&lt;th&gt;NM_LOCALIDADE&lt;/th&gt;
&lt;td&gt;São José do Iguaçu&lt;/td&gt;
&lt;/tr&gt;&lt;tr bgcolor="#E3E3F3"&gt;
&lt;th&gt;LAT_LOCALIDADE&lt;/th&gt;
&lt;td&gt;-25.5088&lt;/td&gt;
&lt;/tr&gt;&lt;tr bgcolor=""&gt;
&lt;th&gt;LONG_LOCALIDADE&lt;/th&gt;
&lt;td&gt;-54.2721&lt;/td&gt;
&lt;/tr&gt;&lt;/table&gt;&lt;/center&gt;</description>
<Style>
<IconStyle>
<color>ffff5400</color>
<scale>1.0</scale>
<Icon>
<href>http://maps.google.com/mapfiles/kml/shapes/placemark_circle.png</href>
</Icon>
</IconStyle>
<LabelStyle>
<scale>0.9</scale>
</LabelStyle>
<LineStyle>
<color>72ffffff</color>
<width>1.0</width>
<gx:labelVisibility>1</gx:labelVisibility>
</LineStyle>
<PolyStyle>
<color>660054ff</color>
</PolyStyle>
</Style>
<ExtendedData>
<SchemaData schemaUrl="#kml_schema_ft_Vilas">
<SimpleData name="CD_UF">41</SimpleData>
<SimpleData name="NM_UF">Paraná</SimpleData>
<SimpleData name="SIGLA_UF">PR</SimpleData>
<SimpleData name="CD_MUN">4125704</SimpleData>
<SimpleData name="NM_MUN">São Miguel do Iguaçu</SimpleData>
<SimpleData name="CD_RGINT">4103</SimpleData>
<SimpleData name="NM_RGINT">Cascavel</SimpleData>
<SimpleData name="CD_RGI">410007</SimpleData>
<SimpleData name="NM_RGI">Foz do Iguaçu</SimpleData>
<SimpleData name="CT_LOCALIDADE">Vila</SimpleData>
<SimpleData name="CD_LOCALIDADE">412570420</SimpleData>
<SimpleData name="NM_LOCALIDADE">São José do Iguaçu</SimpleData>
<SimpleData name="LAT_LOCALIDADE">-25.5088</SimpleData>
<SimpleData name="LONG_LOCALIDADE">-54.2721</SimpleData>
</SchemaData>
</ExtendedData>
<Point>
<extrude>0</extrude>
<coordinates>-54.272134,-25.5087849992652,0.0</coordinates>
</Point>
</Placemark>
<Placemark id="04. Vilas">
<name>São Jorge [412570430]</name>
<visibility>1</visibility>
<snippet> </snippet>
<description>&lt;center&gt;&lt;table&gt;&lt;tr&gt;&lt;th colspan='2' align='center'&gt;&lt;em&gt;Atributos&lt;/em&gt;&lt;/th&gt;&lt;/tr&gt;&lt;tr bgcolor="#E3E3F3"&gt;
&lt;th&gt;CD_UF&lt;/th&gt;
&lt;td&gt;41&lt;/td&gt;
&lt;/tr&gt;&lt;tr bgcolor=""&gt;
&lt;th&gt;NM_UF&lt;/th&gt;
&lt;td&gt;Paraná&lt;/td&gt;
&lt;/tr&gt;&lt;tr bgcolor="#E3E3F3"&gt;
&lt;th&gt;SIGLA_UF&lt;/th&gt;
&lt;td&gt;PR&lt;/td&gt;
&lt;/tr&gt;&lt;tr bgcolor=""&gt;
&lt;th&gt;CD_MUN&lt;/th&gt;
&lt;td&gt;4125704&lt;/td&gt;
&lt;/tr&gt;&lt;tr bgcolor="#E3E3F3"&gt;
&lt;th&gt;NM_MUN&lt;/th&gt;
&lt;td&gt;São Miguel do Iguaçu&lt;/td&gt;
&lt;/tr&gt;&lt;tr bgcolor=""&gt;
&lt;th&gt;CD_RGINT&lt;/th&gt;
&lt;td&gt;4103&lt;/td&gt;
&lt;/tr&gt;&lt;tr bgcolor="#E3E3F3"&gt;
&lt;th&gt;NM_RGINT&lt;/th&gt;
&lt;td&gt;Cascavel&lt;/td&gt;
&lt;/tr&gt;&lt;tr bgcolor=""&gt;
&lt;th&gt;CD_RGI&lt;/th&gt;
&lt;td&gt;410007&lt;/td&gt;
&lt;/tr&gt;&lt;tr bgcolor="#E3E3F3"&gt;
&lt;th&gt;NM_RGI&lt;/th&gt;
&lt;td&gt;Foz do Iguaçu&lt;/td&gt;
&lt;/tr&gt;&lt;tr bgcolor=""&gt;
&lt;th&gt;CT_LOCALIDADE&lt;/th&gt;
&lt;td&gt;Vila&lt;/td&gt;
&lt;/tr&gt;&lt;tr bgcolor="#E3E3F3"&gt;
&lt;th&gt;CD_LOCALIDADE&lt;/th&gt;
&lt;td&gt;412570430&lt;/td&gt;
&lt;/tr&gt;&lt;tr bgcolor=""&gt;
&lt;th&gt;NM_LOCALIDADE&lt;/th&gt;
&lt;td&gt;São Jorge&lt;/td&gt;
&lt;/tr&gt;&lt;tr bgcolor="#E3E3F3"&gt;
&lt;th&gt;LAT_LOCALIDADE&lt;/th&gt;
&lt;td&gt;-25.3959&lt;/td&gt;
&lt;/tr&gt;&lt;tr bgcolor=""&gt;
&lt;th&gt;LONG_LOCALIDADE&lt;/th&gt;
&lt;td&gt;-54.2045&lt;/td&gt;
&lt;/tr&gt;&lt;/table&gt;&lt;/center&gt;</description>
<Style>
<IconStyle>
<color>ffff5400</color>
<scale>1.0</scale>
<Icon>
<href>http://maps.google.com/mapfiles/kml/shapes/placemark_circle.png</href>
</Icon>
</IconStyle>
<LabelStyle>
<scale>0.9</scale>
</LabelStyle>
<LineStyle>
<color>72ffffff</color>
<width>1.0</width>
<gx:labelVisibility>1</gx:labelVisibility>
</LineStyle>
<PolyStyle>
<color>660054ff</color>
</PolyStyle>
</Style>
<ExtendedData>
<SchemaData schemaUrl="#kml_schema_ft_Vilas">
<SimpleData name="CD_UF">41</SimpleData>
<SimpleData name="NM_UF">Paraná</SimpleData>
<SimpleData name="SIGLA_UF">PR</SimpleData>
<SimpleData name="CD_MUN">4125704</SimpleData>
<SimpleData name="NM_MUN">São Miguel do Iguaçu</SimpleData>
<SimpleData name="CD_RGINT">4103</SimpleData>
<SimpleData name="NM_RGINT">Cascavel</SimpleData>
<SimpleData name="CD_RGI">410007</SimpleData>
<SimpleData name="NM_RGI">Foz do Iguaçu</SimpleData>
<SimpleData name="CT_LOCALIDADE">Vila</SimpleData>
<SimpleData name="CD_LOCALIDADE">412570430</SimpleData>
<SimpleData name="NM_LOCALIDADE">São Jorge</SimpleData>
<SimpleData name="LAT_LOCALIDADE">-25.3959</SimpleData>
<SimpleData name="LONG_LOCALIDADE">-54.2045</SimpleData>
</SchemaData>
</ExtendedData>
<Point>
<extrude>0</extrude>
<coordinates>-54.204483,-25.3958909992676,0.0</coordinates>
</Point>
</Placemark>
<Placemark id="04. Vilas">
<name>Santa Rosa do Ocoi [412570435]</name>
<visibility>1</visibility>
<snippet> </snippet>
<description>&lt;center&gt;&lt;table&gt;&lt;tr&gt;&lt;th colspan='2' align='center'&gt;&lt;em&gt;Atributos&lt;/em&gt;&lt;/th&gt;&lt;/tr&gt;&lt;tr bgcolor="#E3E3F3"&gt;
&lt;th&gt;CD_UF&lt;/th&gt;
&lt;td&gt;41&lt;/td&gt;
&lt;/tr&gt;&lt;tr bgcolor=""&gt;
&lt;th&gt;NM_UF&lt;/th&gt;
&lt;td&gt;Paraná&lt;/td&gt;
&lt;/tr&gt;&lt;tr bgcolor="#E3E3F3"&gt;
&lt;th&gt;SIGLA_UF&lt;/th&gt;
&lt;td&gt;PR&lt;/td&gt;
&lt;/tr&gt;&lt;tr bgcolor=""&gt;
&lt;th&gt;CD_MUN&lt;/th&gt;
&lt;td&gt;4125704&lt;/td&gt;
&lt;/tr&gt;&lt;tr bgcolor="#E3E3F3"&gt;
&lt;th&gt;NM_MUN&lt;/th&gt;
&lt;td&gt;São Miguel do Iguaçu&lt;/td&gt;
&lt;/tr&gt;&lt;tr bgcolor=""&gt;
&lt;th&gt;CD_RGINT&lt;/th&gt;
&lt;td&gt;4103&lt;/td&gt;
&lt;/tr&gt;&lt;tr bgcolor="#E3E3F3"&gt;
&lt;th&gt;NM_RGINT&lt;/th&gt;
&lt;td&gt;Cascavel&lt;/td&gt;
&lt;/tr&gt;&lt;tr bgcolor=""&gt;
&lt;th&gt;CD_RGI&lt;/th&gt;
&lt;td&gt;410007&lt;/td&gt;
&lt;/tr&gt;&lt;tr bgcolor="#E3E3F3"&gt;
&lt;th&gt;NM_RGI&lt;/th&gt;
&lt;td&gt;Foz do Iguaçu&lt;/td&gt;
&lt;/tr&gt;&lt;tr bgcolor=""&gt;
&lt;th&gt;CT_LOCALIDADE&lt;/th&gt;
&lt;td&gt;Vila&lt;/td&gt;
&lt;/tr&gt;&lt;tr bgcolor="#E3E3F3"&gt;
&lt;th&gt;CD_LOCALIDADE&lt;/th&gt;
&lt;td&gt;412570435&lt;/td&gt;
&lt;/tr&gt;&lt;tr bgcolor=""&gt;
&lt;th&gt;NM_LOCALIDADE&lt;/th&gt;
&lt;td&gt;Santa Rosa do Ocoi&lt;/td&gt;
&lt;/tr&gt;&lt;tr bgcolor="#E3E3F3"&gt;
&lt;th&gt;LAT_LOCALIDADE&lt;/th&gt;
&lt;td&gt;-25.2522&lt;/td&gt;
&lt;/tr&gt;&lt;tr bgcolor=""&gt;
&lt;th&gt;LONG_LOCALIDADE&lt;/th&gt;
&lt;td&gt;-54.2906&lt;/td&gt;
&lt;/tr&gt;&lt;/table&gt;&lt;/center&gt;</description>
<Style>
<IconStyle>
<color>ffff5400</color>
<scale>1.0</scale>
<Icon>
<href>http://maps.google.com/mapfiles/kml/shapes/placemark_circle.png</href>
</Icon>
</IconStyle>
<LabelStyle>
<scale>0.9</scale>
</LabelStyle>
<LineStyle>
<color>72ffffff</color>
<width>1.0</width>
<gx:labelVisibility>1</gx:labelVisibility>
</LineStyle>
<PolyStyle>
<color>660054ff</color>
</PolyStyle>
</Style>
<ExtendedData>
<SchemaData schemaUrl="#kml_schema_ft_Vilas">
<SimpleData name="CD_UF">41</SimpleData>
<SimpleData name="NM_UF">Paraná</SimpleData>
<SimpleData name="SIGLA_UF">PR</SimpleData>
<SimpleData name="CD_MUN">4125704</SimpleData>
<SimpleData name="NM_MUN">São Miguel do Iguaçu</SimpleData>
<SimpleData name="CD_RGINT">4103</SimpleData>
<SimpleData name="NM_RGINT">Cascavel</SimpleData>
<SimpleData name="CD_RGI">410007</SimpleData>
<SimpleData name="NM_RGI">Foz do Iguaçu</SimpleData>
<SimpleData name="CT_LOCALIDADE">Vila</SimpleData>
<SimpleData name="CD_LOCALIDADE">412570435</SimpleData>
<SimpleData name="NM_LOCALIDADE">Santa Rosa do Ocoi</SimpleData>
<SimpleData name="LAT_LOCALIDADE">-25.2522</SimpleData>
<SimpleData name="LONG_LOCALIDADE">-54.2906</SimpleData>
</SchemaData>
</ExtendedData>
<Point>
<extrude>0</extrude>
<coordinates>-54.290648,-25.2522299992706,0.0</coordinates>
</Point>
</Placemark>
</Folder>
<Folder id="05. Núcleos Urbanos">
<name>05. Núcleos Urbanos</name>
<Placemark id="localidades">
<name>Vila Ipiranga [4125704001]</name>
<visibility>1</visibility>
<snippet> </snippet>
<description>&lt;center&gt;&lt;table&gt;&lt;tr&gt;&lt;th colspan='2' align='center'&gt;&lt;em&gt;Attributes&lt;/em&gt;&lt;/th&gt;&lt;/tr&gt;&lt;tr bgcolor="#E3E3F3"&gt;
&lt;th&gt;CD_UF&lt;/th&gt;
&lt;td&gt;41&lt;/td&gt;
&lt;/tr&gt;&lt;tr bgcolor=""&gt;
&lt;th&gt;NM_UF&lt;/th&gt;
&lt;td&gt;Paraná&lt;/td&gt;
&lt;/tr&gt;&lt;tr bgcolor="#E3E3F3"&gt;
&lt;th&gt;SIGLA_UF&lt;/th&gt;
&lt;td&gt;PR&lt;/td&gt;
&lt;/tr&gt;&lt;tr bgcolor=""&gt;
&lt;th&gt;CD_MUN&lt;/th&gt;
&lt;td&gt;4125704&lt;/td&gt;
&lt;/tr&gt;&lt;tr bgcolor="#E3E3F3"&gt;
&lt;th&gt;NM_MUN&lt;/th&gt;
&lt;td&gt;São Miguel do Iguaçu&lt;/td&gt;
&lt;/tr&gt;&lt;tr bgcolor=""&gt;
&lt;th&gt;CD_RGINT&lt;/th&gt;
&lt;td&gt;4103&lt;/td&gt;
&lt;/tr&gt;&lt;tr bgcolor="#E3E3F3"&gt;
&lt;th&gt;NM_RGINT&lt;/th&gt;
&lt;td&gt;Cascavel&lt;/td&gt;
&lt;/tr&gt;&lt;tr bgcolor=""&gt;
&lt;th&gt;CD_RGI&lt;/th&gt;
&lt;td&gt;410007&lt;/td&gt;
&lt;/tr&gt;&lt;tr bgcolor="#E3E3F3"&gt;
&lt;th&gt;NM_RGI&lt;/th&gt;
&lt;td&gt;Foz do Iguaçu&lt;/td&gt;
&lt;/tr&gt;&lt;tr bgcolor=""&gt;
&lt;th&gt;CT_LOCALIDADE&lt;/th&gt;
&lt;td&gt;Núcleo Urbano&lt;/td&gt;
&lt;/tr&gt;&lt;tr bgcolor="#E3E3F3"&gt;
&lt;th&gt;CD_LOCALIDADE&lt;/th&gt;
&lt;td&gt;4125704001&lt;/td&gt;
&lt;/tr&gt;&lt;tr bgcolor=""&gt;
&lt;th&gt;NM_LOCALIDADE&lt;/th&gt;
&lt;td&gt;Vila Ipiranga&lt;/td&gt;
&lt;/tr&gt;&lt;tr bgcolor="#E3E3F3"&gt;
&lt;th&gt;LAT_LOCALIDADE&lt;/th&gt;
&lt;td&gt;-25.2401&lt;/td&gt;
&lt;/tr&gt;&lt;tr bgcolor=""&gt;
&lt;th&gt;LONG_LOCALIDADE&lt;/th&gt;
&lt;td&gt;-54.228&lt;/td&gt;
&lt;/tr&gt;&lt;/table&gt;&lt;/center&gt;</description>
<Style>
<IconStyle>
<color>ff0000ff</color>
<scale>0.9</scale>
<Icon>
<href>http://maps.google.com/mapfiles/kml/shapes/placemark_circle.png</href>
</Icon>
</IconStyle>
<LabelStyle>
<scale>0.9</scale>
</LabelStyle>
<LineStyle>
<color>72ffffff</color>
<width>1.0</width>
<gx:labelVisibility>1</gx:labelVisibility>
</LineStyle>
<PolyStyle>
<color>66ff54ff</color>
</PolyStyle>
</Style>
<ExtendedData>
<SchemaData schemaUrl="#kml_schema_ft_Núcleos_Urbanos">
<SimpleData name="CD_UF">41</SimpleData>
<SimpleData name="NM_UF">Paraná</SimpleData>
<SimpleData name="SIGLA_UF">PR</SimpleData>
<SimpleData name="CD_MUN">4125704</SimpleData>
<SimpleData name="NM_MUN">São Miguel do Iguaçu</SimpleData>
<SimpleData name="CD_RGINT">4103</SimpleData>
<SimpleData name="NM_RGINT">Cascavel</SimpleData>
<SimpleData name="CD_RGI">410007</SimpleData>
<SimpleData name="NM_RGI">Foz do Iguaçu</SimpleData>
<SimpleData name="CT_LOCALIDADE">Núcleo Urbano</SimpleData>
<SimpleData name="CD_LOCALIDADE">4125704001</SimpleData>
<SimpleData name="NM_LOCALIDADE">Vila Ipiranga</SimpleData>
<SimpleData name="LAT_LOCALIDADE">-25.2401</SimpleData>
<SimpleData name="LONG_LOCALIDADE">-54.228</SimpleData>
</SchemaData>
</ExtendedData>
<Point>
<extrude>0</extrude>
<coordinates>-54.228043813253,-25.2401380715599,0.0</coordinates>
</Point>
</Placemark>
<Placemark id="localidades">
<name>Barro Branco [4125704002]</name>
<visibility>1</visibility>
<snippet> </snippet>
<description>&lt;center&gt;&lt;table&gt;&lt;tr&gt;&lt;th colspan='2' align='center'&gt;&lt;em&gt;Attributes&lt;/em&gt;&lt;/th&gt;&lt;/tr&gt;&lt;tr bgcolor="#E3E3F3"&gt;
&lt;th&gt;CD_UF&lt;/th&gt;
&lt;td&gt;41&lt;/td&gt;
&lt;/tr&gt;&lt;tr bgcolor=""&gt;
&lt;th&gt;NM_UF&lt;/th&gt;
&lt;td&gt;Paraná&lt;/td&gt;
&lt;/tr&gt;&lt;tr bgcolor="#E3E3F3"&gt;
&lt;th&gt;SIGLA_UF&lt;/th&gt;
&lt;td&gt;PR&lt;/td&gt;
&lt;/tr&gt;&lt;tr bgcolor=""&gt;
&lt;th&gt;CD_MUN&lt;/th&gt;
&lt;td&gt;4125704&lt;/td&gt;
&lt;/tr&gt;&lt;tr bgcolor="#E3E3F3"&gt;
&lt;th&gt;NM_MUN&lt;/th&gt;
&lt;td&gt;São Miguel do Iguaçu&lt;/td&gt;
&lt;/tr&gt;&lt;tr bgcolor=""&gt;
&lt;th&gt;CD_RGINT&lt;/th&gt;
&lt;td&gt;4103&lt;/td&gt;
&lt;/tr&gt;&lt;tr bgcolor="#E3E3F3"&gt;
&lt;th&gt;NM_RGINT&lt;/th&gt;
&lt;td&gt;Cascavel&lt;/td&gt;
&lt;/tr&gt;&lt;tr bgcolor=""&gt;
&lt;th&gt;CD_RGI&lt;/th&gt;
&lt;td&gt;410007&lt;/td&gt;
&lt;/tr&gt;&lt;tr bgcolor="#E3E3F3"&gt;
&lt;th&gt;NM_RGI&lt;/th&gt;
&lt;td&gt;Foz do Iguaçu&lt;/td&gt;
&lt;/tr&gt;&lt;tr bgcolor=""&gt;
&lt;th&gt;CT_LOCALIDADE&lt;/th&gt;
&lt;td&gt;Núcleo Urbano&lt;/td&gt;
&lt;/tr&gt;&lt;tr bgcolor="#E3E3F3"&gt;
&lt;th&gt;CD_LOCALIDADE&lt;/th&gt;
&lt;td&gt;4125704002&lt;/td&gt;
&lt;/tr&gt;&lt;tr bgcolor=""&gt;
&lt;th&gt;NM_LOCALIDADE&lt;/th&gt;
&lt;td&gt;Barro Branco&lt;/td&gt;
&lt;/tr&gt;&lt;tr bgcolor="#E3E3F3"&gt;
&lt;th&gt;LAT_LOCALIDADE&lt;/th&gt;
&lt;td&gt;-25.344&lt;/td&gt;
&lt;/tr&gt;&lt;tr bgcolor=""&gt;
&lt;th&gt;LONG_LOCALIDADE&lt;/th&gt;
&lt;td&gt;-54.2201&lt;/td&gt;
&lt;/tr&gt;&lt;/table&gt;&lt;/center&gt;</description>
<Style>
<IconStyle>
<color>ff0000ff</color>
<scale>0.9</scale>
<Icon>
<href>http://maps.google.com/mapfiles/kml/shapes/placemark_circle.png</href>
</Icon>
</IconStyle>
<LabelStyle>
<scale>0.9</scale>
</LabelStyle>
<LineStyle>
<color>72ffffff</color>
<width>1.0</width>
<gx:labelVisibility>1</gx:labelVisibility>
</LineStyle>
<PolyStyle>
<color>66ff54ff</color>
</PolyStyle>
</Style>
<ExtendedData>
<SchemaData schemaUrl="#kml_schema_ft_Núcleos_Urbanos">
<SimpleData name="CD_UF">41</SimpleData>
<SimpleData name="NM_UF">Paraná</SimpleData>
<SimpleData name="SIGLA_UF">PR</SimpleData>
<SimpleData name="CD_MUN">4125704</SimpleData>
<SimpleData name="NM_MUN">São Miguel do Iguaçu</SimpleData>
<SimpleData name="CD_RGINT">4103</SimpleData>
<SimpleData name="NM_RGINT">Cascavel</SimpleData>
<SimpleData name="CD_RGI">410007</SimpleData>
<SimpleData name="NM_RGI">Foz do Iguaçu</SimpleData>
<SimpleData name="CT_LOCALIDADE">Núcleo Urbano</SimpleData>
<SimpleData name="CD_LOCALIDADE">4125704002</SimpleData>
<SimpleData name="NM_LOCALIDADE">Barro Branco</SimpleData>
<SimpleData name="LAT_LOCALIDADE">-25.344</SimpleData>
<SimpleData name="LONG_LOCALIDADE">-54.2201</SimpleData>
</SchemaData>
</ExtendedData>
<Point>
<extrude>0</extrude>
<coordinates>-54.2200706351351,-25.3439844452145,0.0</coordinates>
</Point>
</Placemark>
</Folder>
<Folder id="06. Povoados">
<name>06. Povoados</name>
<Placemark id="06. Povoados">
<name>Vila Rural Verdes Campos [412570400003]</name>
<visibility>1</visibility>
<snippet> </snippet>
<description>&lt;center&gt;&lt;table&gt;&lt;tr&gt;&lt;th colspan='2' align='center'&gt;&lt;em&gt;Atributos&lt;/em&gt;&lt;/th&gt;&lt;/tr&gt;&lt;tr bgcolor="#E3E3F3"&gt;
&lt;th&gt;CD_UF&lt;/th&gt;
&lt;td&gt;41&lt;/td&gt;
&lt;/tr&gt;&lt;tr bgcolor=""&gt;
&lt;th&gt;NM_UF&lt;/th&gt;
&lt;td&gt;Paraná&lt;/td&gt;
&lt;/tr&gt;&lt;tr bgcolor="#E3E3F3"&gt;
&lt;th&gt;SIGLA_UF&lt;/th&gt;
&lt;td&gt;PR&lt;/td&gt;
&lt;/tr&gt;&lt;tr bgcolor=""&gt;
&lt;th&gt;CD_MUN&lt;/th&gt;
&lt;td&gt;4125704&lt;/td&gt;
&lt;/tr&gt;&lt;tr bgcolor="#E3E3F3"&gt;
&lt;th&gt;NM_MUN&lt;/th&gt;
&lt;td&gt;São Miguel do Iguaçu&lt;/td&gt;
&lt;/tr&gt;&lt;tr bgcolor=""&gt;
&lt;th&gt;CD_RGINT&lt;/th&gt;
&lt;td&gt;4103&lt;/td&gt;
&lt;/tr&gt;&lt;tr bgcolor="#E3E3F3"&gt;
&lt;th&gt;NM_RGINT&lt;/th&gt;
&lt;td&gt;Cascavel&lt;/td&gt;
&lt;/tr&gt;&lt;tr bgcolor=""&gt;
&lt;th&gt;CD_RGI&lt;/th&gt;
&lt;td&gt;410007&lt;/td&gt;
&lt;/tr&gt;&lt;tr bgcolor="#E3E3F3"&gt;
&lt;th&gt;NM_RGI&lt;/th&gt;
&lt;td&gt;Foz do Iguaçu&lt;/td&gt;
&lt;/tr&gt;&lt;tr bgcolor=""&gt;
&lt;th&gt;CT_LOCALIDADE&lt;/th&gt;
&lt;td&gt;Povoado&lt;/td&gt;
&lt;/tr&gt;&lt;tr bgcolor="#E3E3F3"&gt;
&lt;th&gt;CD_LOCALIDADE&lt;/th&gt;
&lt;td&gt;412570400003&lt;/td&gt;
&lt;/tr&gt;&lt;tr bgcolor=""&gt;
&lt;th&gt;NM_LOCALIDADE&lt;/th&gt;
&lt;td&gt;Vila Rural Verdes Campos&lt;/td&gt;
&lt;/tr&gt;&lt;tr bgcolor="#E3E3F3"&gt;
&lt;th&gt;LAT_LOCALIDADE&lt;/th&gt;
&lt;td&gt;-25.4418&lt;/td&gt;
&lt;/tr&gt;&lt;tr bgcolor=""&gt;
&lt;th&gt;LONG_LOCALIDADE&lt;/th&gt;
&lt;td&gt;-54.2343&lt;/td&gt;
&lt;/tr&gt;&lt;/table&gt;&lt;/center&gt;</description>
<Style>
<IconStyle>
<color>ff00ff54</color>
<scale>0.8</scale>
<Icon>
<href>http://maps.google.com/mapfiles/kml/shapes/placemark_circle.png</href>
</Icon>
</IconStyle>
<LabelStyle>
<scale>0.8</scale>
</LabelStyle>
<LineStyle>
<color>72ff54ff</color>
<width>1.0</width>
<gx:labelVisibility>1</gx:labelVisibility>
</LineStyle>
<PolyStyle>
<color>66ff54ff</color>
</PolyStyle>
</Style>
<ExtendedData>
<SchemaData schemaUrl="#kml_schema_ft_Povoados">
<SimpleData name="CD_UF">41</SimpleData>
<SimpleData name="NM_UF">Paraná</SimpleData>
<SimpleData name="SIGLA_UF">PR</SimpleData>
<SimpleData name="CD_MUN">4125704</SimpleData>
<SimpleData name="NM_MUN">São Miguel do Iguaçu</SimpleData>
<SimpleData name="CD_RGINT">4103</SimpleData>
<SimpleData name="NM_RGINT">Cascavel</SimpleData>
<SimpleData name="CD_RGI">410007</SimpleData>
<SimpleData name="NM_RGI">Foz do Iguaçu</SimpleData>
<SimpleData name="CT_LOCALIDADE">Povoado</SimpleData>
<SimpleData name="CD_LOCALIDADE">412570400003</SimpleData>
<SimpleData name="NM_LOCALIDADE">Vila Rural Verdes Campos</SimpleData>
<SimpleData name="LAT_LOCALIDADE">-25.4418</SimpleData>
<SimpleData name="LONG_LOCALIDADE">-54.2343</SimpleData>
</SchemaData>
</ExtendedData>
<Point>
<extrude>0</extrude>
<coordinates>-54.2343497407407,-25.4418274955629,0.0</coordinates>
</Point>
</Placemark>
</Folder>
<Folder id="08. Lugarejos">
<name>08. Lugarejos</name>
<Placemark id="localidades">
<name>Aldeia Indígena Ocoy [412570400004]</name>
<visibility>1</visibility>
<snippet> </snippet>
<description>&lt;center&gt;&lt;table&gt;&lt;tr&gt;&lt;th colspan='2' align='center'&gt;&lt;em&gt;Attributes&lt;/em&gt;&lt;/th&gt;&lt;/tr&gt;&lt;tr bgcolor="#E3E3F3"&gt;
&lt;th&gt;CD_UF&lt;/th&gt;
&lt;td&gt;41&lt;/td&gt;
&lt;/tr&gt;&lt;tr bgcolor=""&gt;
&lt;th&gt;NM_UF&lt;/th&gt;
&lt;td&gt;Paraná&lt;/td&gt;
&lt;/tr&gt;&lt;tr bgcolor="#E3E3F3"&gt;
&lt;th&gt;SIGLA_UF&lt;/th&gt;
&lt;td&gt;PR&lt;/td&gt;
&lt;/tr&gt;&lt;tr bgcolor=""&gt;
&lt;th&gt;CD_MUN&lt;/th&gt;
&lt;td&gt;4125704&lt;/td&gt;
&lt;/tr&gt;&lt;tr bgcolor="#E3E3F3"&gt;
&lt;th&gt;NM_MUN&lt;/th&gt;
&lt;td&gt;São Miguel do Iguaçu&lt;/td&gt;
&lt;/tr&gt;&lt;tr bgcolor=""&gt;
&lt;th&gt;CD_RGINT&lt;/th&gt;
&lt;td&gt;4103&lt;/td&gt;
&lt;/tr&gt;&lt;tr bgcolor="#E3E3F3"&gt;
&lt;th&gt;NM_RGINT&lt;/th&gt;
&lt;td&gt;Cascavel&lt;/td&gt;
&lt;/tr&gt;&lt;tr bgcolor=""&gt;
&lt;th&gt;CD_RGI&lt;/th&gt;
&lt;td&gt;410007&lt;/td&gt;
&lt;/tr&gt;&lt;tr bgcolor="#E3E3F3"&gt;
&lt;th&gt;NM_RGI&lt;/th&gt;
&lt;td&gt;Foz do Iguaçu&lt;/td&gt;
&lt;/tr&gt;&lt;tr bgcolor=""&gt;
&lt;th&gt;CT_LOCALIDADE&lt;/th&gt;
&lt;td&gt;Lugarejo&lt;/td&gt;
&lt;/tr&gt;&lt;tr bgcolor="#E3E3F3"&gt;
&lt;th&gt;CD_LOCALIDADE&lt;/th&gt;
&lt;td&gt;412570400004&lt;/td&gt;
&lt;/tr&gt;&lt;tr bgcolor=""&gt;
&lt;th&gt;NM_LOCALIDADE&lt;/th&gt;
&lt;td&gt;Aldeia Indígena Ocoy&lt;/td&gt;
&lt;/tr&gt;&lt;tr bgcolor="#E3E3F3"&gt;
&lt;th&gt;LAT_LOCALIDADE&lt;/th&gt;
&lt;td&gt;-25.2264&lt;/td&gt;
&lt;/tr&gt;&lt;tr bgcolor=""&gt;
&lt;th&gt;LONG_LOCALIDADE&lt;/th&gt;
&lt;td&gt;-54.3166&lt;/td&gt;
&lt;/tr&gt;&lt;/table&gt;&lt;/center&gt;</description>
<Style>
<IconStyle>
<color>ffffff00</color>
<scale>0.8</scale>
<Icon>
<href>http://maps.google.com/mapfiles/kml/shapes/placemark_circle.png</href>
</Icon>
</IconStyle>
<LabelStyle>
<scale>0.8</scale>
</LabelStyle>
<LineStyle>
<color>72ff54ff</color>
<width>1.0</width>
<gx:labelVisibility>1</gx:labelVisibility>
</LineStyle>
<PolyStyle>
<color>66ff54ff</color>
</PolyStyle>
</Style>
<ExtendedData>
<SchemaData schemaUrl="#kml_schema_ft_Lugarejos">
<SimpleData name="CD_UF">41</SimpleData>
<SimpleData name="NM_UF">Paraná</SimpleData>
<SimpleData name="SIGLA_UF">PR</SimpleData>
<SimpleData name="CD_MUN">4125704</SimpleData>
<SimpleData name="NM_MUN">São Miguel do Iguaçu</SimpleData>
<SimpleData name="CD_RGINT">4103</SimpleData>
<SimpleData name="NM_RGINT">Cascavel</SimpleData>
<SimpleData name="CD_RGI">410007</SimpleData>
<SimpleData name="NM_RGI">Foz do Iguaçu</SimpleData>
<SimpleData name="CT_LOCALIDADE">Lugarejo</SimpleData>
<SimpleData name="CD_LOCALIDADE">412570400004</SimpleData>
<SimpleData name="NM_LOCALIDADE">Aldeia Indígena Ocoy</SimpleData>
<SimpleData name="LAT_LOCALIDADE">-25.2264</SimpleData>
<SimpleData name="LONG_LOCALIDADE">-54.3166</SimpleData>
</SchemaData>
</ExtendedData>
<Point>
<extrude>0</extrude>
<coordinates>-54.31663195,-25.2263560309764,0.0</coordinates>
</Point>
</Placemark>
<Placemark id="localidades">
<name>Comunidade Quilombola Apepú [412570400005]</name>
<visibility>1</visibility>
<snippet> </snippet>
<description>&lt;center&gt;&lt;table&gt;&lt;tr&gt;&lt;th colspan='2' align='center'&gt;&lt;em&gt;Attributes&lt;/em&gt;&lt;/th&gt;&lt;/tr&gt;&lt;tr bgcolor="#E3E3F3"&gt;
&lt;th&gt;CD_UF&lt;/th&gt;
&lt;td&gt;41&lt;/td&gt;
&lt;/tr&gt;&lt;tr bgcolor=""&gt;
&lt;th&gt;NM_UF&lt;/th&gt;
&lt;td&gt;Paraná&lt;/td&gt;
&lt;/tr&gt;&lt;tr bgcolor="#E3E3F3"&gt;
&lt;th&gt;SIGLA_UF&lt;/th&gt;
&lt;td&gt;PR&lt;/td&gt;
&lt;/tr&gt;&lt;tr bgcolor=""&gt;
&lt;th&gt;CD_MUN&lt;/th&gt;
&lt;td&gt;4125704&lt;/td&gt;
&lt;/tr&gt;&lt;tr bgcolor="#E3E3F3"&gt;
&lt;th&gt;NM_MUN&lt;/th&gt;
&lt;td&gt;São Miguel do Iguaçu&lt;/td&gt;
&lt;/tr&gt;&lt;tr bgcolor=""&gt;
&lt;th&gt;CD_RGINT&lt;/th&gt;
&lt;td&gt;4103&lt;/td&gt;
&lt;/tr&gt;&lt;tr bgcolor="#E3E3F3"&gt;
&lt;th&gt;NM_RGINT&lt;/th&gt;
&lt;td&gt;Cascavel&lt;/td&gt;
&lt;/tr&gt;&lt;tr bgcolor=""&gt;
&lt;th&gt;CD_RGI&lt;/th&gt;
&lt;td&gt;410007&lt;/td&gt;
&lt;/tr&gt;&lt;tr bgcolor="#E3E3F3"&gt;
&lt;th&gt;NM_RGI&lt;/th&gt;
&lt;td&gt;Foz do Iguaçu&lt;/td&gt;
&lt;/tr&gt;&lt;tr bgcolor=""&gt;
&lt;th&gt;CT_LOCALIDADE&lt;/th&gt;
&lt;td&gt;Lugarejo&lt;/td&gt;
&lt;/tr&gt;&lt;tr bgcolor="#E3E3F3"&gt;
&lt;th&gt;CD_LOCALIDADE&lt;/th&gt;
&lt;td&gt;412570400005&lt;/td&gt;
&lt;/tr&gt;&lt;tr bgcolor=""&gt;
&lt;th&gt;NM_LOCALIDADE&lt;/th&gt;
&lt;td&gt;Comunidade Quilombola Apepú&lt;/td&gt;
&lt;/tr&gt;&lt;tr bgcolor="#E3E3F3"&gt;
&lt;th&gt;LAT_LOCALIDADE&lt;/th&gt;
&lt;td&gt;-25.5301&lt;/td&gt;
&lt;/tr&gt;&lt;tr bgcolor=""&gt;
&lt;th&gt;LONG_LOCALIDADE&lt;/th&gt;
&lt;td&gt;-54.3046&lt;/td&gt;
&lt;/tr&gt;&lt;/table&gt;&lt;/center&gt;</description>
<Style>
<IconStyle>
<color>ffffff00</color>
<scale>0.8</scale>
<Icon>
<href>http://maps.google.com/mapfiles/kml/shapes/placemark_circle.png</href>
</Icon>
</IconStyle>
<LabelStyle>
<scale>0.8</scale>
</LabelStyle>
<LineStyle>
<color>72ff54ff</color>
<width>1.0</width>
<gx:labelVisibility>1</gx:labelVisibility>
</LineStyle>
<PolyStyle>
<color>66ff54ff</color>
</PolyStyle>
</Style>
<ExtendedData>
<SchemaData schemaUrl="#kml_schema_ft_Lugarejos">
<SimpleData name="CD_UF">41</SimpleData>
<SimpleData name="NM_UF">Paraná</SimpleData>
<SimpleData name="SIGLA_UF">PR</SimpleData>
<SimpleData name="CD_MUN">4125704</SimpleData>
<SimpleData name="NM_MUN">São Miguel do Iguaçu</SimpleData>
<SimpleData name="CD_RGINT">4103</SimpleData>
<SimpleData name="NM_RGINT">Cascavel</SimpleData>
<SimpleData name="CD_RGI">410007</SimpleData>
<SimpleData name="NM_RGI">Foz do Iguaçu</SimpleData>
<SimpleData name="CT_LOCALIDADE">Lugarejo</SimpleData>
<SimpleData name="CD_LOCALIDADE">412570400005</SimpleData>
<SimpleData name="NM_LOCALIDADE">Comunidade Quilombola Apepú</SimpleData>
<SimpleData name="LAT_LOCALIDADE">-25.5301</SimpleData>
<SimpleData name="LONG_LOCALIDADE">-54.3046</SimpleData>
</SchemaData>
</ExtendedData>
<Point>
<extrude>0</extrude>
<coordinates>-54.3045898947368,-25.5300536308437,0.0</coordinates>
</Point>
</Placemark>
<Placemark id="localidades">
<name>Agrovila do PA Sebastião Camargo [412570400012]</name>
<visibility>1</visibility>
<snippet> </snippet>
<description>&lt;center&gt;&lt;table&gt;&lt;tr&gt;&lt;th colspan='2' align='center'&gt;&lt;em&gt;Attributes&lt;/em&gt;&lt;/th&gt;&lt;/tr&gt;&lt;tr bgcolor="#E3E3F3"&gt;
&lt;th&gt;CD_UF&lt;/th&gt;
&lt;td&gt;41&lt;/td&gt;
&lt;/tr&gt;&lt;tr bgcolor=""&gt;
&lt;th&gt;NM_UF&lt;/th&gt;
&lt;td&gt;Paraná&lt;/td&gt;
&lt;/tr&gt;&lt;tr bgcolor="#E3E3F3"&gt;
&lt;th&gt;SIGLA_UF&lt;/th&gt;
&lt;td&gt;PR&lt;/td&gt;
&lt;/tr&gt;&lt;tr bgcolor=""&gt;
&lt;th&gt;CD_MUN&lt;/th&gt;
&lt;td&gt;4125704&lt;/td&gt;
&lt;/tr&gt;&lt;tr bgcolor="#E3E3F3"&gt;
&lt;th&gt;NM_MUN&lt;/th&gt;
&lt;td&gt;São Miguel do Iguaçu&lt;/td&gt;
&lt;/tr&gt;&lt;tr bgcolor=""&gt;
&lt;th&gt;CD_RGINT&lt;/th&gt;
&lt;td&gt;4103&lt;/td&gt;
&lt;/tr&gt;&lt;tr bgcolor="#E3E3F3"&gt;
&lt;th&gt;NM_RGINT&lt;/th&gt;
&lt;td&gt;Cascavel&lt;/td&gt;
&lt;/tr&gt;&lt;tr bgcolor=""&gt;
&lt;th&gt;CD_RGI&lt;/th&gt;
&lt;td&gt;410007&lt;/td&gt;
&lt;/tr&gt;&lt;tr bgcolor="#E3E3F3"&gt;
&lt;th&gt;NM_RGI&lt;/th&gt;
&lt;td&gt;Foz do Iguaçu&lt;/td&gt;
&lt;/tr&gt;&lt;tr bgcolor=""&gt;
&lt;th&gt;CT_LOCALIDADE&lt;/th&gt;
&lt;td&gt;Lugarejo&lt;/td&gt;
&lt;/tr&gt;&lt;tr bgcolor="#E3E3F3"&gt;
&lt;th&gt;CD_LOCALIDADE&lt;/th&gt;
&lt;td&gt;412570400012&lt;/td&gt;
&lt;/tr&gt;&lt;tr bgcolor=""&gt;
&lt;th&gt;NM_LOCALIDADE&lt;/th&gt;
&lt;td&gt;Agrovila do PA Sebastião Camargo&lt;/td&gt;
&lt;/tr&gt;&lt;tr bgcolor="#E3E3F3"&gt;
&lt;th&gt;LAT_LOCALIDADE&lt;/th&gt;
&lt;td&gt;-25.4156&lt;/td&gt;
&lt;/tr&gt;&lt;tr bgcolor=""&gt;
&lt;th&gt;LONG_LOCALIDADE&lt;/th&gt;
&lt;td&gt;-54.3471&lt;/td&gt;
&lt;/tr&gt;&lt;/table&gt;&lt;/center&gt;</description>
<Style>
<IconStyle>
<color>ffffff00</color>
<scale>0.8</scale>
<Icon>
<href>http://maps.google.com/mapfiles/kml/shapes/placemark_circle.png</href>
</Icon>
</IconStyle>
<LabelStyle>
<scale>0.8</scale>
</LabelStyle>
<LineStyle>
<color>72ff54ff</color>
<width>1.0</width>
<gx:labelVisibility>1</gx:labelVisibility>
</LineStyle>
<PolyStyle>
<color>66ff54ff</color>
</PolyStyle>
</Style>
<ExtendedData>
<SchemaData schemaUrl="#kml_schema_ft_Lugarejos">
<SimpleData name="CD_UF">41</SimpleData>
<SimpleData name="NM_UF">Paraná</SimpleData>
<SimpleData name="SIGLA_UF">PR</SimpleData>
<SimpleData name="CD_MUN">4125704</SimpleData>
<SimpleData name="NM_MUN">São Miguel do Iguaçu</SimpleData>
<SimpleData name="CD_RGINT">4103</SimpleData>
<SimpleData name="NM_RGINT">Cascavel</SimpleData>
<SimpleData name="CD_RGI">410007</SimpleData>
<SimpleData name="NM_RGI">Foz do Iguaçu</SimpleData>
<SimpleData name="CT_LOCALIDADE">Lugarejo</SimpleData>
<SimpleData name="CD_LOCALIDADE">412570400012</SimpleData>
<SimpleData name="NM_LOCALIDADE">Agrovila do PA Sebastião Camargo</SimpleData>
<SimpleData name="LAT_LOCALIDADE">-25.4156</SimpleData>
<SimpleData name="LONG_LOCALIDADE">-54.3471</SimpleData>
</SchemaData>
</ExtendedData>
<Point>
<extrude>0</extrude>
<coordinates>-54.3471188155339,-25.4156250283934,0.0</coordinates>
</Point>
</Placemark>
</Folder>
<Folder id="09. Localidades Indígenas">
<name>09. Localidades Indígenas</name>
<visibility>1</visibility>
<Style>
<IconStyle>
<color>ffffaaaa</color>
<scale>0.8</scale>
<Icon>
<href>http://maps.google.com/mapfiles/kml/shapes/placemark_circle.png</href>
</Icon>
</IconStyle>
<LabelStyle>
<scale>0.8</scale>
</LabelStyle>
<LineStyle>
<color>7a0000ff</color>
<width>1.0</width>
<gx:labelVisibility>1</gx:labelVisibility>
</LineStyle>
<PolyStyle>
<color>660000ff</color>
</PolyStyle>
</Style>
<Folder id="09.01. Agrupamentos Indígenas">
<name>09.01. Agrupamentos Indígenas</name>
<visibility>1</visibility>
<Style>
<IconStyle>
<color>ffffaaaa</color>
<scale>0.8</scale>
<Icon>
<href>http://maps.google.com/mapfiles/kml/shapes/placemark_circle.png</href>
</Icon>
</IconStyle>
<LabelStyle>
<scale>0.8</scale>
</LabelStyle>
<LineStyle>
<color>7a0000ff</color>
<width>1.0</width>
<gx:labelVisibility>1</gx:labelVisibility>
</LineStyle>
<PolyStyle>
<color>660000ff</color>
</PolyStyle>
</Style>
<Placemark id="09.01. Agrupamentos Indígenas">
<name>Aldeia Indígena Ocoy [412570400004]</name>
<visibility>1</visibility>
<snippet> </snippet>
<description>&lt;center&gt;&lt;table&gt;&lt;tr&gt;&lt;th colspan='2' align='center'&gt;&lt;em&gt;Attributes&lt;/em&gt;&lt;/th&gt;&lt;/tr&gt;&lt;tr bgcolor="#E3E3F3"&gt;
&lt;th&gt;CD_UF&lt;/th&gt;
&lt;td&gt;41&lt;/td&gt;
&lt;/tr&gt;&lt;tr bgcolor=""&gt;
&lt;th&gt;NM_UF&lt;/th&gt;
&lt;td&gt;Paraná&lt;/td&gt;
&lt;/tr&gt;&lt;tr bgcolor="#E3E3F3"&gt;
&lt;th&gt;SIGLA_UF&lt;/th&gt;
&lt;td&gt;PR&lt;/td&gt;
&lt;/tr&gt;&lt;tr bgcolor=""&gt;
&lt;th&gt;CD_MUN&lt;/th&gt;
&lt;td&gt;4125704&lt;/td&gt;
&lt;/tr&gt;&lt;tr bgcolor="#E3E3F3"&gt;
&lt;th&gt;NM_MUN&lt;/th&gt;
&lt;td&gt;São Miguel do Iguaçu&lt;/td&gt;
&lt;/tr&gt;&lt;tr bgcolor=""&gt;
&lt;th&gt;CD_RGINT&lt;/th&gt;
&lt;td&gt;4103&lt;/td&gt;
&lt;/tr&gt;&lt;tr bgcolor="#E3E3F3"&gt;
&lt;th&gt;NM_RGINT&lt;/th&gt;
&lt;td&gt;Cascavel&lt;/td&gt;
&lt;/tr&gt;&lt;tr bgcolor=""&gt;
&lt;th&gt;CD_RGI&lt;/th&gt;
&lt;td&gt;410007&lt;/td&gt;
&lt;/tr&gt;&lt;tr bgcolor="#E3E3F3"&gt;
&lt;th&gt;NM_RGI&lt;/th&gt;
&lt;td&gt;Foz do Iguaçu&lt;/td&gt;
&lt;/tr&gt;&lt;tr bgcolor=""&gt;
&lt;th&gt;CT_LOCALIDADE&lt;/th&gt;
&lt;td&gt;Localidade Indígena&lt;/td&gt;
&lt;/tr&gt;&lt;tr bgcolor="#E3E3F3"&gt;
&lt;th&gt;SCT_LOCALIDADE&lt;/th&gt;
&lt;td&gt;Agrupamento Indígena&lt;/td&gt;
&lt;/tr&gt;&lt;tr bgcolor=""&gt;
&lt;th&gt;CD_LOCALIDADE&lt;/th&gt;
&lt;td&gt;412570400004&lt;/td&gt;
&lt;/tr&gt;&lt;tr bgcolor="#E3E3F3"&gt;
&lt;th&gt;NM_LOCALIDADE&lt;/th&gt;
&lt;td&gt;Aldeia Indígena Ocoy&lt;/td&gt;
&lt;/tr&gt;&lt;tr bgcolor=""&gt;
&lt;th&gt;LAT_LOCALIDADE&lt;/th&gt;
&lt;td&gt;-25.2264&lt;/td&gt;
&lt;/tr&gt;&lt;tr bgcolor="#E3E3F3"&gt;
&lt;th&gt;LONG_LOCALIDADE&lt;/th&gt;
&lt;td&gt;-54.3166&lt;/td&gt;
&lt;/tr&gt;&lt;/table&gt;&lt;/center&gt;</description>
<Style>
<IconStyle>
<color>ffffaaaa</color>
<scale>0.8</scale>
<Icon>
<href>http://maps.google.com/mapfiles/kml/shapes/placemark_circle.png</href>
</Icon>
</IconStyle>
<LabelStyle>
<scale>0.8</scale>
</LabelStyle>
<LineStyle>
<color>7a0000ff</color>
<width>1.0</width>
<gx:labelVisibility>1</gx:labelVisibility>
</LineStyle>
<PolyStyle>
<color>660000ff</color>
</PolyStyle>
</Style>
<ExtendedData>
<SchemaData schemaUrl="#kml_schema_ft_Agrupamentos_Indígenas">
<SimpleData name="CD_UF">41</SimpleData>
<SimpleData name="NM_UF">Paraná</SimpleData>
<SimpleData name="SIGLA_UF">PR</SimpleData>
<SimpleData name="CD_MUN">4125704</SimpleData>
<SimpleData name="NM_MUN">São Miguel do Iguaçu</SimpleData>
<SimpleData name="CD_RGINT">4103</SimpleData>
<SimpleData name="NM_RGINT">Cascavel</SimpleData>
<SimpleData name="CD_RGI">410007</SimpleData>
<SimpleData name="NM_RGI">Foz do Iguaçu</SimpleData>
<SimpleData name="CT_LOCALIDADE">Localidade Indígena</SimpleData>
<SimpleData name="SCT_LOCALIDADE">Agrupamento Indígena</SimpleData>
<SimpleData name="CD_LOCALIDADE">412570400004</SimpleData>
<SimpleData name="NM_LOCALIDADE">Aldeia Indígena Ocoy</SimpleData>
<SimpleData name="LAT_LOCALIDADE">-25.2264</SimpleData>
<SimpleData name="LONG_LOCALIDADE">-54.3166</SimpleData>
</SchemaData>
</ExtendedData>
<Point>
<extrude>0</extrude>
<coordinates>-54.31663195,-25.2263560309764,0.0</coordinates>
</Point>
</Placemark>
</Folder>
</Folder>
<Folder id="10. Localidades Quilombolas">
<name>10. Localidades Quilombolas</name>
<visibility>1</visibility>
<Style>
<IconStyle>
<color>ffff54ff</color>
<scale>0.8</scale>
<Icon>
<href>http://maps.google.com/mapfiles/kml/shapes/placemark_circle.png</href>
</Icon>
</IconStyle>
<LabelStyle>
<scale>0.8</scale>
</LabelStyle>
<LineStyle>
<color>7200ffff</color>
<width>1.0</width>
<gx:labelVisibility>1</gx:labelVisibility>
</LineStyle>
<PolyStyle>
<color>6600ffff</color>
</PolyStyle>
</Style>
<Folder id="10.01. Agrupamentos Quilombolas">
<name>10.01. Agrupamentos Quilombolas</name>
<visibility>1</visibility>
<Style>
<IconStyle>
<color>ffff54ff</color>
<scale>0.8</scale>
<Icon>
<href>http://maps.google.com/mapfiles/kml/shapes/placemark_circle.png</href>
</Icon>
</IconStyle>
<LabelStyle>
<scale>0.8</scale>
</LabelStyle>
<LineStyle>
<color>7200ffff</color>
<width>1.0</width>
<gx:labelVisibility>1</gx:labelVisibility>
</LineStyle>
<PolyStyle>
<color>6600ffff</color>
</PolyStyle>
</Style>
<Placemark id="10.01. Agrupamentos Quilombolas">
<name>Comunidade Quilombola Apepú [412570400005]</name>
<visibility>1</visibility>
<snippet> </snippet>
<description>&lt;center&gt;&lt;table&gt;&lt;tr&gt;&lt;th colspan='2' align='center'&gt;&lt;em&gt;Attributes&lt;/em&gt;&lt;/th&gt;&lt;/tr&gt;&lt;tr bgcolor="#E3E3F3"&gt;
&lt;th&gt;CD_UF&lt;/th&gt;
&lt;td&gt;41&lt;/td&gt;
&lt;/tr&gt;&lt;tr bgcolor=""&gt;
&lt;th&gt;NM_UF&lt;/th&gt;
&lt;td&gt;Paraná&lt;/td&gt;
&lt;/tr&gt;&lt;tr bgcolor="#E3E3F3"&gt;
&lt;th&gt;SIGLA_UF&lt;/th&gt;
&lt;td&gt;PR&lt;/td&gt;
&lt;/tr&gt;&lt;tr bgcolor=""&gt;
&lt;th&gt;CD_MUN&lt;/th&gt;
&lt;td&gt;4125704&lt;/td&gt;
&lt;/tr&gt;&lt;tr bgcolor="#E3E3F3"&gt;
&lt;th&gt;NM_MUN&lt;/th&gt;
&lt;td&gt;São Miguel do Iguaçu&lt;/td&gt;
&lt;/tr&gt;&lt;tr bgcolor=""&gt;
&lt;th&gt;CD_RGINT&lt;/th&gt;
&lt;td&gt;4103&lt;/td&gt;
&lt;/tr&gt;&lt;tr bgcolor="#E3E3F3"&gt;
&lt;th&gt;NM_RGINT&lt;/th&gt;
&lt;td&gt;Cascavel&lt;/td&gt;
&lt;/tr&gt;&lt;tr bgcolor=""&gt;
&lt;th&gt;CD_RGI&lt;/th&gt;
&lt;td&gt;410007&lt;/td&gt;
&lt;/tr&gt;&lt;tr bgcolor="#E3E3F3"&gt;
&lt;th&gt;NM_RGI&lt;/th&gt;
&lt;td&gt;Foz do Iguaçu&lt;/td&gt;
&lt;/tr&gt;&lt;tr bgcolor=""&gt;
&lt;th&gt;CT_LOCALIDADE&lt;/th&gt;
&lt;td&gt;Localidade Quilombola&lt;/td&gt;
&lt;/tr&gt;&lt;tr bgcolor="#E3E3F3"&gt;
&lt;th&gt;SCT_LOCALIDADE&lt;/th&gt;
&lt;td&gt;Agrupamento Quilombola&lt;/td&gt;
&lt;/tr&gt;&lt;tr bgcolor=""&gt;
&lt;th&gt;CD_LOCALIDADE&lt;/th&gt;
&lt;td&gt;412570400005&lt;/td&gt;
&lt;/tr&gt;&lt;tr bgcolor="#E3E3F3"&gt;
&lt;th&gt;NM_LOCALIDADE&lt;/th&gt;
&lt;td&gt;Comunidade Quilombola Apepú&lt;/td&gt;
&lt;/tr&gt;&lt;tr bgcolor=""&gt;
&lt;th&gt;LAT_LOCALIDADE&lt;/th&gt;
&lt;td&gt;-25.5301&lt;/td&gt;
&lt;/tr&gt;&lt;tr bgcolor="#E3E3F3"&gt;
&lt;th&gt;LONG_LOCALIDADE&lt;/th&gt;
&lt;td&gt;-54.3046&lt;/td&gt;
&lt;/tr&gt;&lt;/table&gt;&lt;/center&gt;</description>
<Style>
<IconStyle>
<color>ffff54ff</color>
<scale>0.8</scale>
<Icon>
<href>http://maps.google.com/mapfiles/kml/shapes/placemark_circle.png</href>
</Icon>
</IconStyle>
<LabelStyle>
<scale>0.8</scale>
</LabelStyle>
<LineStyle>
<color>7200ffff</color>
<width>1.0</width>
<gx:labelVisibility>1</gx:labelVisibility>
</LineStyle>
<PolyStyle>
<color>6600ffff</color>
</PolyStyle>
</Style>
<ExtendedData>
<SchemaData schemaUrl="#kml_schema_ft_Agrupamentos_Quilombolas">
<SimpleData name="CD_UF">41</SimpleData>
<SimpleData name="NM_UF">Paraná</SimpleData>
<SimpleData name="SIGLA_UF">PR</SimpleData>
<SimpleData name="CD_MUN">4125704</SimpleData>
<SimpleData name="NM_MUN">São Miguel do Iguaçu</SimpleData>
<SimpleData name="CD_RGINT">4103</SimpleData>
<SimpleData name="NM_RGINT">Cascavel</SimpleData>
<SimpleData name="CD_RGI">410007</SimpleData>
<SimpleData name="NM_RGI">Foz do Iguaçu</SimpleData>
<SimpleData name="CT_LOCALIDADE">Localidade Quilombola</SimpleData>
<SimpleData name="SCT_LOCALIDADE">Agrupamento Quilombola</SimpleData>
<SimpleData name="CD_LOCALIDADE">412570400005</SimpleData>
<SimpleData name="NM_LOCALIDADE">Comunidade Quilombola Apepú</SimpleData>
<SimpleData name="LAT_LOCALIDADE">-25.5301</SimpleData>
<SimpleData name="LONG_LOCALIDADE">-54.3046</SimpleData>
</SchemaData>
</ExtendedData>
<Point>
<extrude>0</extrude>
<coordinates>-54.3045898947368,-25.5300536308437,0.0</coordinates>
</Point>
</Placemark>
</Folder>
</Folder>
<Folder id="11. Agrovilas do PA">
<name>11. Agrovilas do PA</name>
<Placemark id="localidades">
<name>Agrovila do PA Sebastião Camargo [412570400012]</name>
<visibility>1</visibility>
<snippet> </snippet>
<description>&lt;center&gt;&lt;table&gt;&lt;tr&gt;&lt;th colspan='2' align='center'&gt;&lt;em&gt;Attributes&lt;/em&gt;&lt;/th&gt;&lt;/tr&gt;&lt;tr bgcolor="#E3E3F3"&gt;
&lt;th&gt;CD_UF&lt;/th&gt;
&lt;td&gt;41&lt;/td&gt;
&lt;/tr&gt;&lt;tr bgcolor=""&gt;
&lt;th&gt;NM_UF&lt;/th&gt;
&lt;td&gt;Paraná&lt;/td&gt;
&lt;/tr&gt;&lt;tr bgcolor="#E3E3F3"&gt;
&lt;th&gt;SIGLA_UF&lt;/th&gt;
&lt;td&gt;PR&lt;/td&gt;
&lt;/tr&gt;&lt;tr bgcolor=""&gt;
&lt;th&gt;CD_MUN&lt;/th&gt;
&lt;td&gt;4125704&lt;/td&gt;
&lt;/tr&gt;&lt;tr bgcolor="#E3E3F3"&gt;
&lt;th&gt;NM_MUN&lt;/th&gt;
&lt;td&gt;São Miguel do Iguaçu&lt;/td&gt;
&lt;/tr&gt;&lt;tr bgcolor=""&gt;
&lt;th&gt;CD_RGINT&lt;/th&gt;
&lt;td&gt;4103&lt;/td&gt;
&lt;/tr&gt;&lt;tr bgcolor="#E3E3F3"&gt;
&lt;th&gt;NM_RGINT&lt;/th&gt;
&lt;td&gt;Cascavel&lt;/td&gt;
&lt;/tr&gt;&lt;tr bgcolor=""&gt;
&lt;th&gt;CD_RGI&lt;/th&gt;
&lt;td&gt;410007&lt;/td&gt;
&lt;/tr&gt;&lt;tr bgcolor="#E3E3F3"&gt;
&lt;th&gt;NM_RGI&lt;/th&gt;
&lt;td&gt;Foz do Iguaçu&lt;/td&gt;
&lt;/tr&gt;&lt;tr bgcolor=""&gt;
&lt;th&gt;CT_LOCALIDADE&lt;/th&gt;
&lt;td&gt;Agrovila do PA&lt;/td&gt;
&lt;/tr&gt;&lt;tr bgcolor="#E3E3F3"&gt;
&lt;th&gt;CD_LOCALIDADE&lt;/th&gt;
&lt;td&gt;412570400012&lt;/td&gt;
&lt;/tr&gt;&lt;tr bgcolor=""&gt;
&lt;th&gt;NM_LOCALIDADE&lt;/th&gt;
&lt;td&gt;Agrovila do PA Sebastião Camargo&lt;/td&gt;
&lt;/tr&gt;&lt;tr bgcolor="#E3E3F3"&gt;
&lt;th&gt;LAT_LOCALIDADE&lt;/th&gt;
&lt;td&gt;-25.4156&lt;/td&gt;
&lt;/tr&gt;&lt;tr bgcolor=""&gt;
&lt;th&gt;LONG_LOCALIDADE&lt;/th&gt;
&lt;td&gt;-54.3471&lt;/td&gt;
&lt;/tr&gt;&lt;/table&gt;&lt;/center&gt;</description>
<Style>
<IconStyle>
<color>ff00aaff</color>
<scale>0.8</scale>
<Icon>
<href>http://maps.google.com/mapfiles/kml/shapes/placemark_circle.png</href>
</Icon>
</IconStyle>
<LabelStyle>
<scale>0.8</scale>
</LabelStyle>
<LineStyle>
<color>7200ffff</color>
<width>1.0</width>
<gx:labelVisibility>1</gx:labelVisibility>
</LineStyle>
<PolyStyle>
<color>6600ffff</color>
</PolyStyle>
</Style>
<ExtendedData>
<SchemaData schemaUrl="#kml_schema_ft_Agrovilas_do_PA">
<SimpleData name="CD_UF">41</SimpleData>
<SimpleData name="NM_UF">Paraná</SimpleData>
<SimpleData name="SIGLA_UF">PR</SimpleData>
<SimpleData name="CD_MUN">4125704</SimpleData>
<SimpleData name="NM_MUN">São Miguel do Iguaçu</SimpleData>
<SimpleData name="CD_RGINT">4103</SimpleData>
<SimpleData name="NM_RGINT">Cascavel</SimpleData>
<SimpleData name="CD_RGI">410007</SimpleData>
<SimpleData name="NM_RGI">Foz do Iguaçu</SimpleData>
<SimpleData name="CT_LOCALIDADE">Agrovila do PA</SimpleData>
<SimpleData name="CD_LOCALIDADE">412570400012</SimpleData>
<SimpleData name="NM_LOCALIDADE">Agrovila do PA Sebastião Camargo</SimpleData>
<SimpleData name="LAT_LOCALIDADE">-25.4156</SimpleData>
<SimpleData name="LONG_LOCALIDADE">-54.3471</SimpleData>
</SchemaData>
</ExtendedData>
<Point>
<extrude>0</extrude>
<coordinates>-54.3471188155339,-25.4156250283934,0.0</coordinates>
</Point>
</Placemark>
</Folder>
<Folder id="12. Outras Localidades">
<name>12. Outras Localidades</name>
<Placemark id="12. Outras Localidades">
<name>Santa Rita [412570400006]</name>
<visibility>1</visibility>
<snippet> </snippet>
<description>&lt;center&gt;&lt;table&gt;&lt;tr&gt;&lt;th colspan='2' align='center'&gt;&lt;em&gt;Attributes&lt;/em&gt;&lt;/th&gt;&lt;/tr&gt;&lt;tr bgcolor="#E3E3F3"&gt;
&lt;th&gt;CD_UF&lt;/th&gt;
&lt;td&gt;41&lt;/td&gt;
&lt;/tr&gt;&lt;tr bgcolor=""&gt;
&lt;th&gt;NM_UF&lt;/th&gt;
&lt;td&gt;Paraná&lt;/td&gt;
&lt;/tr&gt;&lt;tr bgcolor="#E3E3F3"&gt;
&lt;th&gt;SIGLA_UF&lt;/th&gt;
&lt;td&gt;PR&lt;/td&gt;
&lt;/tr&gt;&lt;tr bgcolor=""&gt;
&lt;th&gt;CD_MUN&lt;/th&gt;
&lt;td&gt;4125704&lt;/td&gt;
&lt;/tr&gt;&lt;tr bgcolor="#E3E3F3"&gt;
&lt;th&gt;NM_MUN&lt;/th&gt;
&lt;td&gt;São Miguel do Iguaçu&lt;/td&gt;
&lt;/tr&gt;&lt;tr bgcolor=""&gt;
&lt;th&gt;CD_RGINT&lt;/th&gt;
&lt;td&gt;4103&lt;/td&gt;
&lt;/tr&gt;&lt;tr bgcolor="#E3E3F3"&gt;
&lt;th&gt;NM_RGINT&lt;/th&gt;
&lt;td&gt;Cascavel&lt;/td&gt;
&lt;/tr&gt;&lt;tr bgcolor=""&gt;
&lt;th&gt;CD_RGI&lt;/th&gt;
&lt;td&gt;410007&lt;/td&gt;
&lt;/tr&gt;&lt;tr bgcolor="#E3E3F3"&gt;
&lt;th&gt;NM_RGI&lt;/th&gt;
&lt;td&gt;Foz do Iguaçu&lt;/td&gt;
&lt;/tr&gt;&lt;tr bgcolor=""&gt;
&lt;th&gt;CT_LOCALIDADE&lt;/th&gt;
&lt;td&gt;Outras Localidades&lt;/td&gt;
&lt;/tr&gt;&lt;tr bgcolor="#E3E3F3"&gt;
&lt;th&gt;SCT_LOCALIDADE&lt;/th&gt;
&lt;td&gt;&lt;/td&gt;
&lt;/tr&gt;&lt;tr bgcolor=""&gt;
&lt;th&gt;CD_LOCALIDADE&lt;/th&gt;
&lt;td&gt;412570400006&lt;/td&gt;
&lt;/tr&gt;&lt;tr bgcolor="#E3E3F3"&gt;
&lt;th&gt;NM_LOCALIDADE&lt;/th&gt;
&lt;td&gt;Santa Rita&lt;/td&gt;
&lt;/tr&gt;&lt;/table&gt;&lt;/center&gt;</description>
<Style>
<IconStyle>
<color>ff0069d3</color>
<scale>0.6</scale>
<Icon>
<href>http://maps.google.com/mapfiles/kml/shapes/placemark_circle.png</href>
</Icon>
</IconStyle>
<LabelStyle>
<scale>0.6</scale>
</LabelStyle>
<LineStyle>
<width>1.0</width>
<gx:labelVisibility>1</gx:labelVisibility>
</LineStyle>
</Style>
<ExtendedData>
<SchemaData schemaUrl="#kml_schema_ft_Localidades">
<SimpleData name="CD_UF">41</SimpleData>
<SimpleData name="NM_UF">Paraná</SimpleData>
<SimpleData name="SIGLA_UF">PR</SimpleData>
<SimpleData name="CD_MUN">4125704</SimpleData>
<SimpleData name="NM_MUN">São Miguel do Iguaçu</SimpleData>
<SimpleData name="CD_RGINT">4103</SimpleData>
<SimpleData name="NM_RGINT">Cascavel</SimpleData>
<SimpleData name="CD_RGI">410007</SimpleData>
<SimpleData name="NM_RGI">Foz do Iguaçu</SimpleData>
<SimpleData name="CT_LOCALIDADE">Outras Localidades</SimpleData>
<SimpleData name="CD_LOCALIDADE">412570400006</SimpleData>
<SimpleData name="NM_LOCALIDADE">Santa Rita</SimpleData>
</SchemaData>
</ExtendedData>
<Point>
<extrude>0</extrude>
<coordinates>-54.3217358,-25.3490624992685,0.0</coordinates>
</Point>
</Placemark>
<Placemark id="12. Outras Localidades">
<name>São Francisco [412570400007]</name>
<visibility>1</visibility>
<snippet> </snippet>
<description>&lt;center&gt;&lt;table&gt;&lt;tr&gt;&lt;th colspan='2' align='center'&gt;&lt;em&gt;Attributes&lt;/em&gt;&lt;/th&gt;&lt;/tr&gt;&lt;tr bgcolor="#E3E3F3"&gt;
&lt;th&gt;CD_UF&lt;/th&gt;
&lt;td&gt;41&lt;/td&gt;
&lt;/tr&gt;&lt;tr bgcolor=""&gt;
&lt;th&gt;NM_UF&lt;/th&gt;
&lt;td&gt;Paraná&lt;/td&gt;
&lt;/tr&gt;&lt;tr bgcolor="#E3E3F3"&gt;
&lt;th&gt;SIGLA_UF&lt;/th&gt;
&lt;td&gt;PR&lt;/td&gt;
&lt;/tr&gt;&lt;tr bgcolor=""&gt;
&lt;th&gt;CD_MUN&lt;/th&gt;
&lt;td&gt;4125704&lt;/td&gt;
&lt;/tr&gt;&lt;tr bgcolor="#E3E3F3"&gt;
&lt;th&gt;NM_MUN&lt;/th&gt;
&lt;td&gt;São Miguel do Iguaçu&lt;/td&gt;
&lt;/tr&gt;&lt;tr bgcolor=""&gt;
&lt;th&gt;CD_RGINT&lt;/th&gt;
&lt;td&gt;4103&lt;/td&gt;
&lt;/tr&gt;&lt;tr bgcolor="#E3E3F3"&gt;
&lt;th&gt;NM_RGINT&lt;/th&gt;
&lt;td&gt;Cascavel&lt;/td&gt;
&lt;/tr&gt;&lt;tr bgcolor=""&gt;
&lt;th&gt;CD_RGI&lt;/th&gt;
&lt;td&gt;410007&lt;/td&gt;
&lt;/tr&gt;&lt;tr bgcolor="#E3E3F3"&gt;
&lt;th&gt;NM_RGI&lt;/th&gt;
&lt;td&gt;Foz do Iguaçu&lt;/td&gt;
&lt;/tr&gt;&lt;tr bgcolor=""&gt;
&lt;th&gt;CT_LOCALIDADE&lt;/th&gt;
&lt;td&gt;Outras Localidades&lt;/td&gt;
&lt;/tr&gt;&lt;tr bgcolor="#E3E3F3"&gt;
&lt;th&gt;SCT_LOCALIDADE&lt;/th&gt;
&lt;td&gt;&lt;/td&gt;
&lt;/tr&gt;&lt;tr bgcolor=""&gt;
&lt;th&gt;CD_LOCALIDADE&lt;/th&gt;
&lt;td&gt;412570400007&lt;/td&gt;
&lt;/tr&gt;&lt;tr bgcolor="#E3E3F3"&gt;
&lt;th&gt;NM_LOCALIDADE&lt;/th&gt;
&lt;td&gt;São Francisco&lt;/td&gt;
&lt;/tr&gt;&lt;/table&gt;&lt;/center&gt;</description>
<Style>
<IconStyle>
<color>ff0069d3</color>
<scale>0.6</scale>
<Icon>
<href>http://maps.google.com/mapfiles/kml/shapes/placemark_circle.png</href>
</Icon>
</IconStyle>
<LabelStyle>
<scale>0.6</scale>
</LabelStyle>
<LineStyle>
<width>1.0</width>
<gx:labelVisibility>1</gx:labelVisibility>
</LineStyle>
</Style>
<ExtendedData>
<SchemaData schemaUrl="#kml_schema_ft_Localidades">
<SimpleData name="CD_UF">41</SimpleData>
<SimpleData name="NM_UF">Paraná</SimpleData>
<SimpleData name="SIGLA_UF">PR</SimpleData>
<SimpleData name="CD_MUN">4125704</SimpleData>
<SimpleData name="NM_MUN">São Miguel do Iguaçu</SimpleData>
<SimpleData name="CD_RGINT">4103</SimpleData>
<SimpleData name="NM_RGINT">Cascavel</SimpleData>
<SimpleData name="CD_RGI">410007</SimpleData>
<SimpleData name="NM_RGI">Foz do Iguaçu</SimpleData>
<SimpleData name="CT_LOCALIDADE">Outras Localidades</SimpleData>
<SimpleData name="CD_LOCALIDADE">412570400007</SimpleData>
<SimpleData name="NM_LOCALIDADE">São Francisco</SimpleData>
</SchemaData>
</ExtendedData>
<Point>
<extrude>0</extrude>
<coordinates>-54.2730896,-25.2829597992699,0.0</coordinates>
</Point>
</Placemark>
<Placemark id="12. Outras Localidades">
<name>Santa Cruz [412570400008]</name>
<visibility>1</visibility>
<snippet> </snippet>
<description>&lt;center&gt;&lt;table&gt;&lt;tr&gt;&lt;th colspan='2' align='center'&gt;&lt;em&gt;Attributes&lt;/em&gt;&lt;/th&gt;&lt;/tr&gt;&lt;tr bgcolor="#E3E3F3"&gt;
&lt;th&gt;CD_UF&lt;/th&gt;
&lt;td&gt;41&lt;/td&gt;
&lt;/tr&gt;&lt;tr bgcolor=""&gt;
&lt;th&gt;NM_UF&lt;/th&gt;
&lt;td&gt;Paraná&lt;/td&gt;
&lt;/tr&gt;&lt;tr bgcolor="#E3E3F3"&gt;
&lt;th&gt;SIGLA_UF&lt;/th&gt;
&lt;td&gt;PR&lt;/td&gt;
&lt;/tr&gt;&lt;tr bgcolor=""&gt;
&lt;th&gt;CD_MUN&lt;/th&gt;
&lt;td&gt;4125704&lt;/td&gt;
&lt;/tr&gt;&lt;tr bgcolor="#E3E3F3"&gt;
&lt;th&gt;NM_MUN&lt;/th&gt;
&lt;td&gt;São Miguel do Iguaçu&lt;/td&gt;
&lt;/tr&gt;&lt;tr bgcolor=""&gt;
&lt;th&gt;CD_RGINT&lt;/th&gt;
&lt;td&gt;4103&lt;/td&gt;
&lt;/tr&gt;&lt;tr bgcolor="#E3E3F3"&gt;
&lt;th&gt;NM_RGINT&lt;/th&gt;
&lt;td&gt;Cascavel&lt;/td&gt;
&lt;/tr&gt;&lt;tr bgcolor=""&gt;
&lt;th&gt;CD_RGI&lt;/th&gt;
&lt;td&gt;410007&lt;/td&gt;
&lt;/tr&gt;&lt;tr bgcolor="#E3E3F3"&gt;
&lt;th&gt;NM_RGI&lt;/th&gt;
&lt;td&gt;Foz do Iguaçu&lt;/td&gt;
&lt;/tr&gt;&lt;tr bgcolor=""&gt;
&lt;th&gt;CT_LOCALIDADE&lt;/th&gt;
&lt;td&gt;Outras Localidades&lt;/td&gt;
&lt;/tr&gt;&lt;tr bgcolor="#E3E3F3"&gt;
&lt;th&gt;SCT_LOCALIDADE&lt;/th&gt;
&lt;td&gt;&lt;/td&gt;
&lt;/tr&gt;&lt;tr bgcolor=""&gt;
&lt;th&gt;CD_LOCALIDADE&lt;/th&gt;
&lt;td&gt;412570400008&lt;/td&gt;
&lt;/tr&gt;&lt;tr bgcolor="#E3E3F3"&gt;
&lt;th&gt;NM_LOCALIDADE&lt;/th&gt;
&lt;td&gt;Santa Cruz&lt;/td&gt;
&lt;/tr&gt;&lt;/table&gt;&lt;/center&gt;</description>
<Style>
<IconStyle>
<color>ff0069d3</color>
<scale>0.6</scale>
<Icon>
<href>http://maps.google.com/mapfiles/kml/shapes/placemark_circle.png</href>
</Icon>
</IconStyle>
<LabelStyle>
<scale>0.6</scale>
</LabelStyle>
<LineStyle>
<width>1.0</width>
<gx:labelVisibility>1</gx:labelVisibility>
</LineStyle>
</Style>
<ExtendedData>
<SchemaData schemaUrl="#kml_schema_ft_Localidades">
<SimpleData name="CD_UF">41</SimpleData>
<SimpleData name="NM_UF">Paraná</SimpleData>
<SimpleData name="SIGLA_UF">PR</SimpleData>
<SimpleData name="CD_MUN">4125704</SimpleData>
<SimpleData name="NM_MUN">São Miguel do Iguaçu</SimpleData>
<SimpleData name="CD_RGINT">4103</SimpleData>
<SimpleData name="NM_RGINT">Cascavel</SimpleData>
<SimpleData name="CD_RGI">410007</SimpleData>
<SimpleData name="NM_RGI">Foz do Iguaçu</SimpleData>
<SimpleData name="CT_LOCALIDADE">Outras Localidades</SimpleData>
<SimpleData name="CD_LOCALIDADE">412570400008</SimpleData>
<SimpleData name="NM_LOCALIDADE">Santa Cruz</SimpleData>
</SchemaData>
</ExtendedData>
<Point>
<extrude>0</extrude>
<coordinates>-54.3173306,-25.2699191992702,0.0</coordinates>
</Point>
</Placemark>
<Placemark id="12. Outras Localidades">
<name>Guanabara [412570400009]</name>
<visibility>1</visibility>
<snippet> </snippet>
<description>&lt;center&gt;&lt;table&gt;&lt;tr&gt;&lt;th colspan='2' align='center'&gt;&lt;em&gt;Attributes&lt;/em&gt;&lt;/th&gt;&lt;/tr&gt;&lt;tr bgcolor="#E3E3F3"&gt;
&lt;th&gt;CD_UF&lt;/th&gt;
&lt;td&gt;41&lt;/td&gt;
&lt;/tr&gt;&lt;tr bgcolor=""&gt;
&lt;th&gt;NM_UF&lt;/th&gt;
&lt;td&gt;Paraná&lt;/td&gt;
&lt;/tr&gt;&lt;tr bgcolor="#E3E3F3"&gt;
&lt;th&gt;SIGLA_UF&lt;/th&gt;
&lt;td&gt;PR&lt;/td&gt;
&lt;/tr&gt;&lt;tr bgcolor=""&gt;
&lt;th&gt;CD_MUN&lt;/th&gt;
&lt;td&gt;4125704&lt;/td&gt;
&lt;/tr&gt;&lt;tr bgcolor="#E3E3F3"&gt;
&lt;th&gt;NM_MUN&lt;/th&gt;
&lt;td&gt;São Miguel do Iguaçu&lt;/td&gt;
&lt;/tr&gt;&lt;tr bgcolor=""&gt;
&lt;th&gt;CD_RGINT&lt;/th&gt;
&lt;td&gt;4103&lt;/td&gt;
&lt;/tr&gt;&lt;tr bgcolor="#E3E3F3"&gt;
&lt;th&gt;NM_RGINT&lt;/th&gt;
&lt;td&gt;Cascavel&lt;/td&gt;
&lt;/tr&gt;&lt;tr bgcolor=""&gt;
&lt;th&gt;CD_RGI&lt;/th&gt;
&lt;td&gt;410007&lt;/td&gt;
&lt;/tr&gt;&lt;tr bgcolor="#E3E3F3"&gt;
&lt;th&gt;NM_RGI&lt;/th&gt;
&lt;td&gt;Foz do Iguaçu&lt;/td&gt;
&lt;/tr&gt;&lt;tr bgcolor=""&gt;
&lt;th&gt;CT_LOCALIDADE&lt;/th&gt;
&lt;td&gt;Outras Localidades&lt;/td&gt;
&lt;/tr&gt;&lt;tr bgcolor="#E3E3F3"&gt;
&lt;th&gt;SCT_LOCALIDADE&lt;/th&gt;
&lt;td&gt;&lt;/td&gt;
&lt;/tr&gt;&lt;tr bgcolor=""&gt;
&lt;th&gt;CD_LOCALIDADE&lt;/th&gt;
&lt;td&gt;412570400009&lt;/td&gt;
&lt;/tr&gt;&lt;tr bgcolor="#E3E3F3"&gt;
&lt;th&gt;NM_LOCALIDADE&lt;/th&gt;
&lt;td&gt;Guanabara&lt;/td&gt;
&lt;/tr&gt;&lt;/table&gt;&lt;/center&gt;</description>
<Style>
<IconStyle>
<color>ff0069d3</color>
<scale>0.6</scale>
<Icon>
<href>http://maps.google.com/mapfiles/kml/shapes/placemark_circle.png</href>
</Icon>
</IconStyle>
<LabelStyle>
<scale>0.6</scale>
</LabelStyle>
<LineStyle>
<width>1.0</width>
<gx:labelVisibility>1</gx:labelVisibility>
</LineStyle>
</Style>
<ExtendedData>
<SchemaData schemaUrl="#kml_schema_ft_Localidades">
<SimpleData name="CD_UF">41</SimpleData>
<SimpleData name="NM_UF">Paraná</SimpleData>
<SimpleData name="SIGLA_UF">PR</SimpleData>
<SimpleData name="CD_MUN">4125704</SimpleData>
<SimpleData name="NM_MUN">São Miguel do Iguaçu</SimpleData>
<SimpleData name="CD_RGINT">4103</SimpleData>
<SimpleData name="NM_RGINT">Cascavel</SimpleData>
<SimpleData name="CD_RGI">410007</SimpleData>
<SimpleData name="NM_RGI">Foz do Iguaçu</SimpleData>
<SimpleData name="CT_LOCALIDADE">Outras Localidades</SimpleData>
<SimpleData name="CD_LOCALIDADE">412570400009</SimpleData>
<SimpleData name="NM_LOCALIDADE">Guanabara</SimpleData>
</SchemaData>
</ExtendedData>
<Point>
<extrude>0</extrude>
<coordinates>-54.3263975,-25.469999099266,0.0</coordinates>
</Point>
</Placemark>
<Placemark id="12. Outras Localidades">
<name>Vila São Vicente [412570400010]</name>
<visibility>1</visibility>
<snippet> </snippet>
<description>&lt;center&gt;&lt;table&gt;&lt;tr&gt;&lt;th colspan='2' align='center'&gt;&lt;em&gt;Attributes&lt;/em&gt;&lt;/th&gt;&lt;/tr&gt;&lt;tr bgcolor="#E3E3F3"&gt;
&lt;th&gt;CD_UF&lt;/th&gt;
&lt;td&gt;41&lt;/td&gt;
&lt;/tr&gt;&lt;tr bgcolor=""&gt;
&lt;th&gt;NM_UF&lt;/th&gt;
&lt;td&gt;Paraná&lt;/td&gt;
&lt;/tr&gt;&lt;tr bgcolor="#E3E3F3"&gt;
&lt;th&gt;SIGLA_UF&lt;/th&gt;
&lt;td&gt;PR&lt;/td&gt;
&lt;/tr&gt;&lt;tr bgcolor=""&gt;
&lt;th&gt;CD_MUN&lt;/th&gt;
&lt;td&gt;4125704&lt;/td&gt;
&lt;/tr&gt;&lt;tr bgcolor="#E3E3F3"&gt;
&lt;th&gt;NM_MUN&lt;/th&gt;
&lt;td&gt;São Miguel do Iguaçu&lt;/td&gt;
&lt;/tr&gt;&lt;tr bgcolor=""&gt;
&lt;th&gt;CD_RGINT&lt;/th&gt;
&lt;td&gt;4103&lt;/td&gt;
&lt;/tr&gt;&lt;tr bgcolor="#E3E3F3"&gt;
&lt;th&gt;NM_RGINT&lt;/th&gt;
&lt;td&gt;Cascavel&lt;/td&gt;
&lt;/tr&gt;&lt;tr bgcolor=""&gt;
&lt;th&gt;CD_RGI&lt;/th&gt;
&lt;td&gt;410007&lt;/td&gt;
&lt;/tr&gt;&lt;tr bgcolor="#E3E3F3"&gt;
&lt;th&gt;NM_RGI&lt;/th&gt;
&lt;td&gt;Foz do Iguaçu&lt;/td&gt;
&lt;/tr&gt;&lt;tr bgcolor=""&gt;
&lt;th&gt;CT_LOCALIDADE&lt;/th&gt;
&lt;td&gt;Outras Localidades&lt;/td&gt;
&lt;/tr&gt;&lt;tr bgcolor="#E3E3F3"&gt;
&lt;th&gt;SCT_LOCALIDADE&lt;/th&gt;
&lt;td&gt;&lt;/td&gt;
&lt;/tr&gt;&lt;tr bgcolor=""&gt;
&lt;th&gt;CD_LOCALIDADE&lt;/th&gt;
&lt;td&gt;412570400010&lt;/td&gt;
&lt;/tr&gt;&lt;tr bgcolor="#E3E3F3"&gt;
&lt;th&gt;NM_LOCALIDADE&lt;/th&gt;
&lt;td&gt;Vila São Vicente&lt;/td&gt;
&lt;/tr&gt;&lt;/table&gt;&lt;/center&gt;</description>
<Style>
<IconStyle>
<color>ff0069d3</color>
<scale>0.6</scale>
<Icon>
<href>http://maps.google.com/mapfiles/kml/shapes/placemark_circle.png</href>
</Icon>
</IconStyle>
<LabelStyle>
<scale>0.6</scale>
</LabelStyle>
<LineStyle>
<width>1.0</width>
<gx:labelVisibility>1</gx:labelVisibility>
</LineStyle>
</Style>
<ExtendedData>
<SchemaData schemaUrl="#kml_schema_ft_Localidades">
<SimpleData name="CD_UF">41</SimpleData>
<SimpleData name="NM_UF">Paraná</SimpleData>
<SimpleData name="SIGLA_UF">PR</SimpleData>
<SimpleData name="CD_MUN">4125704</SimpleData>
<SimpleData name="NM_MUN">São Miguel do Iguaçu</SimpleData>
<SimpleData name="CD_RGINT">4103</SimpleData>
<SimpleData name="NM_RGINT">Cascavel</SimpleData>
<SimpleData name="CD_RGI">410007</SimpleData>
<SimpleData name="NM_RGI">Foz do Iguaçu</SimpleData>
<SimpleData name="CT_LOCALIDADE">Outras Localidades</SimpleData>
<SimpleData name="CD_LOCALIDADE">412570400010</SimpleData>
<SimpleData name="NM_LOCALIDADE">Vila São Vicente</SimpleData>
</SchemaData>
</ExtendedData>
<Point>
<extrude>0</extrude>
<coordinates>-54.2689344,-25.4039280992674,0.0</coordinates>
</Point>
</Placemark>
<Placemark id="12. Outras Localidades">
<name>Linha Cacic [412570400011]</name>
<visibility>1</visibility>
<snippet> </snippet>
<description>&lt;center&gt;&lt;table&gt;&lt;tr&gt;&lt;th colspan='2' align='center'&gt;&lt;em&gt;Attributes&lt;/em&gt;&lt;/th&gt;&lt;/tr&gt;&lt;tr bgcolor="#E3E3F3"&gt;
&lt;th&gt;CD_UF&lt;/th&gt;
&lt;td&gt;41&lt;/td&gt;
&lt;/tr&gt;&lt;tr bgcolor=""&gt;
&lt;th&gt;NM_UF&lt;/th&gt;
&lt;td&gt;Paraná&lt;/td&gt;
&lt;/tr&gt;&lt;tr bgcolor="#E3E3F3"&gt;
&lt;th&gt;SIGLA_UF&lt;/th&gt;
&lt;td&gt;PR&lt;/td&gt;
&lt;/tr&gt;&lt;tr bgcolor=""&gt;
&lt;th&gt;CD_MUN&lt;/th&gt;
&lt;td&gt;4125704&lt;/td&gt;
&lt;/tr&gt;&lt;tr bgcolor="#E3E3F3"&gt;
&lt;th&gt;NM_MUN&lt;/th&gt;
&lt;td&gt;São Miguel do Iguaçu&lt;/td&gt;
&lt;/tr&gt;&lt;tr bgcolor=""&gt;
&lt;th&gt;CD_RGINT&lt;/th&gt;
&lt;td&gt;4103&lt;/td&gt;
&lt;/tr&gt;&lt;tr bgcolor="#E3E3F3"&gt;
&lt;th&gt;NM_RGINT&lt;/th&gt;
&lt;td&gt;Cascavel&lt;/td&gt;
&lt;/tr&gt;&lt;tr bgcolor=""&gt;
&lt;th&gt;CD_RGI&lt;/th&gt;
&lt;td&gt;410007&lt;/td&gt;
&lt;/tr&gt;&lt;tr bgcolor="#E3E3F3"&gt;
&lt;th&gt;NM_RGI&lt;/th&gt;
&lt;td&gt;Foz do Iguaçu&lt;/td&gt;
&lt;/tr&gt;&lt;tr bgcolor=""&gt;
&lt;th&gt;CT_LOCALIDADE&lt;/th&gt;
&lt;td&gt;Outras Localidades&lt;/td&gt;
&lt;/tr&gt;&lt;tr bgcolor="#E3E3F3"&gt;
&lt;th&gt;SCT_LOCALIDADE&lt;/th&gt;
&lt;td&gt;&lt;/td&gt;
&lt;/tr&gt;&lt;tr bgcolor=""&gt;
&lt;th&gt;CD_LOCALIDADE&lt;/th&gt;
&lt;td&gt;412570400011&lt;/td&gt;
&lt;/tr&gt;&lt;tr bgcolor="#E3E3F3"&gt;
&lt;th&gt;NM_LOCALIDADE&lt;/th&gt;
&lt;td&gt;Linha Cacic&lt;/td&gt;
&lt;/tr&gt;&lt;/table&gt;&lt;/center&gt;</description>
<Style>
<IconStyle>
<color>ff0069d3</color>
<scale>0.6</scale>
<Icon>
<href>http://maps.google.com/mapfiles/kml/shapes/placemark_circle.png</href>
</Icon>
</IconStyle>
<LabelStyle>
<scale>0.6</scale>
</LabelStyle>
<LineStyle>
<width>1.0</width>
<gx:labelVisibility>1</gx:labelVisibility>
</LineStyle>
</Style>
<ExtendedData>
<SchemaData schemaUrl="#kml_schema_ft_Localidades">
<SimpleData name="CD_UF">41</SimpleData>
<SimpleData name="NM_UF">Paraná</SimpleData>
<SimpleData name="SIGLA_UF">PR</SimpleData>
<SimpleData name="CD_MUN">4125704</SimpleData>
<SimpleData name="NM_MUN">São Miguel do Iguaçu</SimpleData>
<SimpleData name="CD_RGINT">4103</SimpleData>
<SimpleData name="NM_RGINT">Cascavel</SimpleData>
<SimpleData name="CD_RGI">410007</SimpleData>
<SimpleData name="NM_RGI">Foz do Iguaçu</SimpleData>
<SimpleData name="CT_LOCALIDADE">Outras Localidades</SimpleData>
<SimpleData name="CD_LOCALIDADE">412570400011</SimpleData>
<SimpleData name="NM_LOCALIDADE">Linha Cacic</SimpleData>
</SchemaData>
</ExtendedData>
<Point>
<extrude>0</extrude>
<coordinates>-54.2711622,-25.374332099268,0.0</coordinates>
</Point>
</Placemark>
<Placemark id="12. Outras Localidades">
<name>Linha Marfim [412570400013]</name>
<visibility>1</visibility>
<snippet> </snippet>
<description>&lt;center&gt;&lt;table&gt;&lt;tr&gt;&lt;th colspan='2' align='center'&gt;&lt;em&gt;Attributes&lt;/em&gt;&lt;/th&gt;&lt;/tr&gt;&lt;tr bgcolor="#E3E3F3"&gt;
&lt;th&gt;CD_UF&lt;/th&gt;
&lt;td&gt;41&lt;/td&gt;
&lt;/tr&gt;&lt;tr bgcolor=""&gt;
&lt;th&gt;NM_UF&lt;/th&gt;
&lt;td&gt;Paraná&lt;/td&gt;
&lt;/tr&gt;&lt;tr bgcolor="#E3E3F3"&gt;
&lt;th&gt;SIGLA_UF&lt;/th&gt;
&lt;td&gt;PR&lt;/td&gt;
&lt;/tr&gt;&lt;tr bgcolor=""&gt;
&lt;th&gt;CD_MUN&lt;/th&gt;
&lt;td&gt;4125704&lt;/td&gt;
&lt;/tr&gt;&lt;tr bgcolor="#E3E3F3"&gt;
&lt;th&gt;NM_MUN&lt;/th&gt;
&lt;td&gt;São Miguel do Iguaçu&lt;/td&gt;
&lt;/tr&gt;&lt;tr bgcolor=""&gt;
&lt;th&gt;CD_RGINT&lt;/th&gt;
&lt;td&gt;4103&lt;/td&gt;
&lt;/tr&gt;&lt;tr bgcolor="#E3E3F3"&gt;
&lt;th&gt;NM_RGINT&lt;/th&gt;
&lt;td&gt;Cascavel&lt;/td&gt;
&lt;/tr&gt;&lt;tr bgcolor=""&gt;
&lt;th&gt;CD_RGI&lt;/th&gt;
&lt;td&gt;410007&lt;/td&gt;
&lt;/tr&gt;&lt;tr bgcolor="#E3E3F3"&gt;
&lt;th&gt;NM_RGI&lt;/th&gt;
&lt;td&gt;Foz do Iguaçu&lt;/td&gt;
&lt;/tr&gt;&lt;tr bgcolor=""&gt;
&lt;th&gt;CT_LOCALIDADE&lt;/th&gt;
&lt;td&gt;Outras Localidades&lt;/td&gt;
&lt;/tr&gt;&lt;tr bgcolor="#E3E3F3"&gt;
&lt;th&gt;SCT_LOCALIDADE&lt;/th&gt;
&lt;td&gt;&lt;/td&gt;
&lt;/tr&gt;&lt;tr bgcolor=""&gt;
&lt;th&gt;CD_LOCALIDADE&lt;/th&gt;
&lt;td&gt;412570400013&lt;/td&gt;
&lt;/tr&gt;&lt;tr bgcolor="#E3E3F3"&gt;
&lt;th&gt;NM_LOCALIDADE&lt;/th&gt;
&lt;td&gt;Linha Marfim&lt;/td&gt;
&lt;/tr&gt;&lt;/table&gt;&lt;/center&gt;</description>
<Style>
<IconStyle>
<color>ff0069d3</color>
<scale>0.6</scale>
<Icon>
<href>http://maps.google.com/mapfiles/kml/shapes/placemark_circle.png</href>
</Icon>
</IconStyle>
<LabelStyle>
<scale>0.6</scale>
</LabelStyle>
<LineStyle>
<width>1.0</width>
<gx:labelVisibility>1</gx:labelVisibility>
</LineStyle>
</Style>
<ExtendedData>
<SchemaData schemaUrl="#kml_schema_ft_Localidades">
<SimpleData name="CD_UF">41</SimpleData>
<SimpleData name="NM_UF">Paraná</SimpleData>
<SimpleData name="SIGLA_UF">PR</SimpleData>
<SimpleData name="CD_MUN">4125704</SimpleData>
<SimpleData name="NM_MUN">São Miguel do Iguaçu</SimpleData>
<SimpleData name="CD_RGINT">4103</SimpleData>
<SimpleData name="NM_RGINT">Cascavel</SimpleData>
<SimpleData name="CD_RGI">410007</SimpleData>
<SimpleData name="NM_RGI">Foz do Iguaçu</SimpleData>
<SimpleData name="CT_LOCALIDADE">Outras Localidades</SimpleData>
<SimpleData name="CD_LOCALIDADE">412570400013</SimpleData>
<SimpleData name="NM_LOCALIDADE">Linha Marfim</SimpleData>
</SchemaData>
</ExtendedData>
<Point>
<extrude>0</extrude>
<coordinates>-54.194833,-25.4658029992661,0.0</coordinates>
</Point>
</Placemark>
</Folder>
<Folder id="13. Referência">
<name>13. Referência</name>
<Placemark id="13. Referência">
<name>São Miguel do Iguaçu [4125704]</name>
<visibility>1</visibility>
<snippet> </snippet>
<description>&lt;center&gt;&lt;table&gt;&lt;tr&gt;&lt;th colspan='2' align='center'&gt;&lt;em&gt;Attributes&lt;/em&gt;&lt;/th&gt;&lt;/tr&gt;&lt;tr bgcolor="#E3E3F3"&gt;
&lt;th&gt;CD_UF&lt;/th&gt;
&lt;td&gt;41&lt;/td&gt;
&lt;/tr&gt;&lt;tr bgcolor=""&gt;
&lt;th&gt;NM_UF&lt;/th&gt;
&lt;td&gt;Paraná&lt;/td&gt;
&lt;/tr&gt;&lt;tr bgcolor="#E3E3F3"&gt;
&lt;th&gt;CD_MUN&lt;/th&gt;
&lt;td&gt;4125704&lt;/td&gt;
&lt;/tr&gt;&lt;tr bgcolor=""&gt;
&lt;th&gt;NM_MUN&lt;/th&gt;
&lt;td&gt;São Miguel do Iguaçu&lt;/td&gt;
&lt;/tr&gt;&lt;tr bgcolor="#E3E3F3"&gt;
&lt;th&gt;CD_RGINT&lt;/th&gt;
&lt;td&gt;4103&lt;/td&gt;
&lt;/tr&gt;&lt;tr bgcolor=""&gt;
&lt;th&gt;NM_RGINT&lt;/th&gt;
&lt;td&gt;Cascavel&lt;/td&gt;
&lt;/tr&gt;&lt;tr bgcolor="#E3E3F3"&gt;
&lt;th&gt;CD_RGI&lt;/th&gt;
&lt;td&gt;410007&lt;/td&gt;
&lt;/tr&gt;&lt;tr bgcolor=""&gt;
&lt;th&gt;NM_RGI&lt;/th&gt;
&lt;td&gt;Foz do Iguaçu&lt;/td&gt;
&lt;/tr&gt;&lt;/table&gt;&lt;/center&gt;</description>
<Style>
<IconStyle>
<scale>0.7</scale>
</IconStyle>
<LabelStyle>
<scale>0.7</scale>
</LabelStyle>
<LineStyle>
<color>ffffffff</color>
<width>3</width>
<gx:labelVisibility>1</gx:labelVisibility>
</LineStyle>
<PolyStyle>
<color>00ffffff</color>
</PolyStyle>
</Style>
<ExtendedData>
<SchemaData schemaUrl="#kml_schema_ft_Município">
<SimpleData name="CD_UF">41</SimpleData>
<SimpleData name="NM_UF">Paraná</SimpleData>
<SimpleData name="CD_MUN">4125704</SimpleData>
<SimpleData name="NM_MUN">São Miguel do Iguaçu</SimpleData>
<SimpleData name="CD_RGINT">4103</SimpleData>
<SimpleData name="NM_RGINT">Cascavel</SimpleData>
<SimpleData name="CD_RGI">410007</SimpleData>
<SimpleData name="NM_RGI">Foz do Iguaçu</SimpleData>
</SchemaData>
</ExtendedData>
<MultiGeometry>
<Polygon>
<extrude>0</extrude>
<tessellate>1</tessellate>
<outerBoundaryIs>
<LinearRing>
<coordinates>-54.3220532,-25.5330506992647,0.0 -54.3224683,-25.5335082992647,0.0 -54.3269092,-25.5333115992647,0.0 -54.3280263,-25.5317880992648,0.0 -54.3309683,-25.5310593992648,0.0 -54.3342756,-25.5289937992648,0.0 -54.3362752,-25.5271422992649,0.0 -54.3389435,-25.521870899265,0.0 -54.3403083,-25.5154568992651,0.0 -54.34386,-25.5089583992652,0.0 -54.344273,-25.5002998992654,0.0 -54.349137,-25.4934469992656,0.0 -54.3539735,-25.4906451992656,0.0 -54.3604462,-25.4896545992656,0.0 -54.3641622,-25.4890856992656,0.0 -54.3433571,-25.4544982992664,0.0 -54.3436689,-25.4522299992664,0.0 -54.3442994,-25.4513452992664,0.0 -54.3466169,-25.4480932992665,0.0 -54.3484459,-25.4465588992665,0.0 -54.3576937,-25.4440903992666,0.0 -54.3599969,-25.4429672992666,0.0 -54.3641924,-25.4396530992667,0.0 -54.3664757,-25.4389153992667,0.0 -54.3675804,-25.4389838992667,0.0 -54.3689161,-25.4368601992667,0.0 -54.3715035,-25.4345066992668,0.0 -54.3738445,-25.4334878992668,0.0 -54.3744641,-25.4331252992668,0.0 -54.3745971,-25.4330474992668,0.0 -54.3767242,-25.4318024992668,0.0 -54.3783574,-25.4295415992669,0.0 -54.3830283,-25.425702099267,0.0 -54.3835388,-25.424293499267,0.0 -54.3838992,-25.423982199267,0.0 -54.3868012,-25.421475799267,0.0 -54.3866178,-25.4169537992671,0.0 -54.3871662,-25.4143887992672,0.0 -54.391005,-25.4088974992673,0.0 -54.394496,-25.4068688992673,0.0 -54.396194,-25.4033627992674,0.0 -54.3990573,-25.4006270992675,0.0 -54.3983894,-25.3966832992676,0.0 -54.3988025,-25.3956801992676,0.0 -54.3999125,-25.3947473992676,0.0 -54.3991403,-25.3926272992676,0.0 -54.3967711,-25.3889787992677,0.0 -54.3969181,-25.3874265992678,0.0 -54.3986134,-25.3834745992678,0.0 -54.3983331,-25.3795161992679,0.0 -54.3991389,-25.377083099268,0.0 -54.3947652,-25.3529241992685,0.0 -54.3885475,-25.3185796992692,0.0 -54.3876093,-25.3133972992693,0.0 -54.3871987,-25.3092107992694,0.0 -54.3885283,-25.3057128992694,0.0 -54.3907527,-25.3034500992695,0.0 -54.3911066,-25.3030899992695,0.0 -54.3931101,-25.3010518992696,0.0 -54.3919997,-25.2951331992697,0.0 -54.3895569,-25.2888820992698,0.0 -54.3903092,-25.27916259927,0.0 -54.3901948,-25.2710249992702,0.0 -54.3884447,-25.2651286992703,0.0 -54.3851215,-25.2596308992704,0.0 -54.3862998,-25.2527166992706,0.0 -54.385026,-25.2501129992706,0.0 -54.3855577,-25.2487394992706,0.0 -54.3866376,-25.2481138992707,0.0 -54.3853897,-25.2455172992707,0.0 -54.386315,-25.2443503992707,0.0 -54.3918799,-25.2451255992707,0.0 -54.3927704,-25.2448668992707,0.0 -54.3938382,-25.2435731992707,0.0 -54.3936656,-25.2423901992708,0.0 -54.3917252,-25.2405528992708,0.0 -54.391305,-25.2395068992708,0.0 -54.3912443,-25.2366725992709,0.0 -54.3915219,-25.2356508992709,0.0 -54.3881883,-25.2366453992709,0.0 -54.3861963,-25.2366036992709,0.0 -54.3850577,-25.2352995992709,0.0 -54.383052,-25.2346999992709,0.0 -54.3815819,-25.233664799271,0.0 -54.3814723,-25.230358399271,0.0 -54.3805864,-25.229514899271,0.0 -54.3783587,-25.2286620992711,0.0 -54.3760255,-25.2283439992711,0.0 -54.3747181,-25.229206699271,0.0 -54.374107,-25.230559599271,0.0 -54.3760252,-25.2350149992709,0.0 -54.3755866,-25.2366490992709,0.0 -54.3747251,-25.2369852992709,0.0 -54.3718038,-25.2368761992709,0.0 -54.3692167,-25.2350041992709,0.0 -54.3664117,-25.2359336992709,0.0 -54.3633698,-25.2349762992709,0.0 -54.3614681,-25.2355929992709,0.0 -54.3598111,-25.2354155992709,0.0 -54.3588555,-25.2347958992709,0.0 -54.3612212,-25.232667899271,0.0 -54.3611378,-25.231968499271,0.0 -54.3607883,-25.231582099271,0.0 -54.3580917,-25.230193099271,0.0 -54.3570282,-25.229644999271,0.0 -54.3568348,-25.2290234992711,0.0 -54.3621392,-25.2212363992712,0.0 -54.3622737,-25.2197646992712,0.0 -54.3599199,-25.2174170992713,0.0 -54.3584377,-25.2178972992713,0.0 -54.357664,-25.2176545992713,0.0 -54.3575516,-25.2168983992713,0.0 -54.3609719,-25.2154519992713,0.0 -54.3635217,-25.2156280992713,0.0 -54.3638872,-25.2150584992713,0.0 -54.3609961,-25.2105167992714,0.0 -54.3591388,-25.2106188992714,0.0 -54.3571966,-25.2098309992715,0.0 -54.3526245,-25.2096324992715,0.0 -54.3518293,-25.2094818992715,0.0 -54.3511888,-25.2096620992715,0.0 -54.3520008,-25.2114944992714,0.0 -54.3517544,-25.2124067992714,0.0 -54.3495544,-25.2134320992714,0.0 -54.3478033,-25.2149617992713,0.0 -54.346414,-25.2153071992713,0.0 -54.3461685,-25.2091954992715,0.0 -54.3474938,-25.2073165992715,0.0 -54.3459882,-25.2068307992715,0.0 -54.3447732,-25.2070232992715,0.0 -54.343281,-25.2095632992715,0.0 -54.339855,-25.2121908992714,0.0 -54.3336928,-25.2151026992713,0.0 -54.3302467,-25.2181163992713,0.0 -54.3287733,-25.2159892992713,0.0 -54.3276091,-25.2155675992713,0.0 -54.3255255,-25.2156805992713,0.0 -54.3236081,-25.2144561992714,0.0 -54.3224655,-25.2142961992714,0.0 -54.3209179,-25.2178670992713,0.0 -54.3182752,-25.2204987992712,0.0 -54.3170761,-25.2211250992712,0.0 -54.316079,-25.2189426992713,0.0 -54.3134648,-25.2176185992713,0.0 -54.3127706,-25.2143187992714,0.0 -54.3098861,-25.2147906992713,0.0 -54.3084202,-25.2162497992713,0.0 -54.3075199,-25.2181193992713,0.0 -54.3058046,-25.2179044992713,0.0 -54.3043936,-25.2171807992713,0.0 -54.304212,-25.2167685992713,0.0 -54.3041437,-25.2092562992715,0.0 -54.3021923,-25.2082266992715,0.0 -54.30218,-25.2068383992715,0.0 -54.3053557,-25.2050336992716,0.0 -54.3056399,-25.2044236992716,0.0 -54.3044976,-25.2031143992716,0.0 -54.3018478,-25.2025168992716,0.0 -54.300618,-25.2002968992717,0.0 -54.2999841,-25.1999559992717,0.0 -54.2996774,-25.1999250992717,0.0 -54.2961754,-25.2013357992716,0.0 -54.2949676,-25.2012082992716,0.0 -54.2928609,-25.1994448992717,0.0 -54.2908055,-25.1992142992717,0.0 -54.2879751,-25.2014828992716,0.0 -54.2850625,-25.2017024992716,0.0 -54.2838298,-25.2032539992716,0.0 -54.2778842,-25.2057991992715,0.0 -54.2776324,-25.2089888992715,0.0 -54.2794714,-25.2086803992715,0.0 -54.2802514,-25.2091473992715,0.0 -54.2801342,-25.2095429992715,0.0 -54.276079,-25.2113948992714,0.0 -54.2741522,-25.2137120992714,0.0 -54.2721381,-25.2147692992713,0.0 -54.2713596,-25.2176395992713,0.0 -54.2705535,-25.2174974992713,0.0 -54.2672497,-25.2169167992713,0.0 -54.2644721,-25.2173477992713,0.0 -54.2632731,-25.2186101992713,0.0 -54.2618301,-25.2218010992712,0.0 -54.2574183,-25.2219532992712,0.0 -54.2533575,-25.2258329992711,0.0 -54.2503563,-25.2242853992712,0.0 -54.2455031,-25.2285344992711,0.0 -54.2386961,-25.229125199271,0.0 -54.2357984,-25.229755399271,0.0 -54.2346386,-25.230450599271,0.0 -54.2322751,-25.229669799271,0.0 -54.2304995,-25.229599499271,0.0 -54.2270802,-25.232473499271,0.0 -54.2255846,-25.233730699271,0.0 -54.2258495,-25.2358597992709,0.0 -54.2253307,-25.2365050992709,0.0 -54.2251044,-25.2381185992709,0.0 -54.223915,-25.2384471992708,0.0 -54.2229096,-25.2368607992709,0.0 -54.2232115,-25.233689199271,0.0 -54.2240552,-25.230856299271,0.0 -54.2248272,-25.2282640992711,0.0 -54.224196,-25.2233903992712,0.0 -54.2228844,-25.2224886992712,0.0 -54.2217231,-25.2229219992712,0.0 -54.2212227,-25.2260921992711,0.0 -54.2196859,-25.2274512992711,0.0 -54.2159406,-25.2257957992711,0.0 -54.2109397,-25.2257090992711,0.0 -54.2099646,-25.229444099271,0.0 -54.2086067,-25.231076399271,0.0 -54.2068006,-25.230582399271,0.0 -54.2055481,-25.229374499271,0.0 -54.2055829,-25.2258745992711,0.0 -54.206589,-25.2233663992712,0.0 -54.2063264,-25.2230480992712,0.0 -54.2044979,-25.2238856992712,0.0 -54.2030303,-25.2239697992712,0.0 -54.2021937,-25.2233949992712,0.0 -54.1994998,-25.2200378992712,0.0 -54.1995177,-25.2164106992713,0.0 -54.1990716,-25.2154327992713,0.0 -54.1988014,-25.2152868992713,0.0 -54.1976669,-25.2156828992713,0.0 -54.196329,-25.2180488992713,0.0 -54.1954677,-25.2187080992713,0.0 -54.1944382,-25.2190254992713,0.0 -54.1937905,-25.2179944992713,0.0 -54.1935812,-25.2180163992713,0.0 -54.1932927,-25.2182180992713,0.0 -54.1921079,-25.2182611992713,0.0 -54.1913621,-25.2178883992713,0.0 -54.1906832,-25.2178423992713,0.0 -54.1896377,-25.2181162992713,0.0 -54.1871256,-25.2197335992712,0.0 -54.1847293,-25.2205887992712,0.0 -54.1842347,-25.2222557992712,0.0 -54.1848179,-25.2233753992712,0.0 -54.1848095,-25.2237373992712,0.0 -54.1837857,-25.2246322992711,0.0 -54.1835818,-25.2256715992711,0.0 -54.1837842,-25.2262634992711,0.0 -54.1850933,-25.2270056992711,0.0 -54.1848914,-25.2279817992711,0.0 -54.1844203,-25.2282333992711,0.0 -54.1832345,-25.2283088992711,0.0 -54.1823665,-25.2285545992711,0.0 -54.1806966,-25.229501799271,0.0 -54.1788914,-25.231555899271,0.0 -54.1785803,-25.232627799271,0.0 -54.1786754,-25.233151199271,0.0 -54.1791589,-25.2339449992709,0.0 -54.1790396,-25.2344659992709,0.0 -54.1788901,-25.2347541992709,0.0 -54.1778792,-25.2350306992709,0.0 -54.1778717,-25.2353547992709,0.0 -54.1785461,-25.2356626992709,0.0 -54.178453,-25.2365086992709,0.0 -54.179499,-25.2364676992709,0.0 -54.1801629,-25.2370644992709,0.0 -54.1800041,-25.2377461992709,0.0 -54.1795255,-25.2382261992709,0.0 -54.1794652,-25.2391018992708,0.0 -54.1786258,-25.2399387992708,0.0 -54.1787575,-25.2404314992708,0.0 -54.1797672,-25.2419639992708,0.0 -54.1804437,-25.2451000992707,0.0 -54.1805948,-25.2478775992707,0.0 -54.1812402,-25.2493897992706,0.0 -54.1816878,-25.2498821992706,0.0 -54.1821171,-25.2503545992706,0.0 -54.1822478,-25.2508138992706,0.0 -54.1821062,-25.2523459992706,0.0 -54.1822736,-25.2528052992705,0.0 -54.1827723,-25.2530429992706,0.0 -54.1828788,-25.2532639992705,0.0 -54.1835521,-25.2534183992705,0.0 -54.1831319,-25.2545797992705,0.0 -54.1833397,-25.2549074992705,0.0 -54.1834076,-25.2550145992705,0.0 -54.183213,-25.2556638992705,0.0 -54.1833748,-25.2563524992705,0.0 -54.1832528,-25.2570666992705,0.0 -54.1837842,-25.2573051992705,0.0 -54.1837759,-25.2576960992705,0.0 -54.1823935,-25.2586185992704,0.0 -54.181078,-25.2611396992704,0.0 -54.1806493,-25.2625998992704,0.0 -54.1804283,-25.2628564992703,0.0 -54.1790946,-25.2631902992703,0.0 -54.178391,-25.2640577992703,0.0 -54.1785548,-25.2647454992703,0.0 -54.1780102,-25.2650304992703,0.0 -54.1779391,-25.2652543992703,0.0 -54.1786963,-25.2664143992703,0.0 -54.1791988,-25.2679249992702,0.0 -54.1793259,-25.2686126992702,0.0 -54.1790064,-25.2700753992702,0.0 -54.1784835,-25.2709805992702,0.0 -54.1779323,-25.2714921992702,0.0 -54.1767687,-25.2721218992702,0.0 -54.1763981,-25.2726368992701,0.0 -54.1756033,-25.2729492992701,0.0 -54.1754519,-25.2732725992701,0.0 -54.1761254,-25.2748867992701,0.0 -54.1762208,-25.2756692992701,0.0 -54.1755748,-25.27728769927,0.0 -54.1754489,-25.27807139927,0.0 -54.1757246,-25.27856669927,0.0 -54.1766024,-25.27936719927,0.0 -54.1767663,-25.28005489927,0.0 -54.1766816,-25.28057409927,0.0 -54.1783068,-25.2832179992699,0.0 -54.1785055,-25.2839407992699,0.0 -54.1779756,-25.2855328992699,0.0 -54.1779151,-25.2862460992699,0.0 -54.1781926,-25.2865770992698,0.0 -54.1782529,-25.2871023992698,0.0 -54.1780535,-25.2878807992698,0.0 -54.1765242,-25.2904959992698,0.0 -54.174845,-25.2917364992697,0.0 -54.1739022,-25.2921094992697,0.0 -54.172476,-25.2932900992697,0.0 -54.1719069,-25.2945861992697,0.0 -54.1715044,-25.2964389992696,0.0 -54.171754,-25.2981086992696,0.0 -54.1714671,-25.2996047992696,0.0 -54.171678,-25.3012692992695,0.0 -54.1718608,-25.3027123992695,0.0 -54.1725911,-25.3037712992695,0.0 -54.1729377,-25.3058669992694,0.0 -54.172886,-25.3065187992694,0.0 -54.1733595,-25.3078009992694,0.0 -54.1734106,-25.3102174992694,0.0 -54.1731049,-25.3110275992693,0.0 -54.1718742,-25.3129607992693,0.0 -54.1705547,-25.3188786992692,0.0 -54.1712618,-25.3224173992691,0.0 -54.1729298,-25.3247660992691,0.0 -54.1731755,-25.325714499269,0.0 -54.1732611,-25.327025499269,0.0 -54.173277,-25.327267999269,0.0 -54.1732932,-25.327516199269,0.0 -54.1731092,-25.329432899269,0.0 -54.1707341,-25.3342235992689,0.0 -54.1602801,-25.326972199269,0.0 -54.1578641,-25.327381899269,0.0 -54.1560731,-25.328783899269,0.0 -54.1551329,-25.329059299269,0.0 -54.1521833,-25.329393699269,0.0 -54.1514934,-25.3297400992689,0.0 -54.150539,-25.3306338992689,0.0 -54.1500693,-25.3307254992689,0.0 -54.1492854,-25.3305213992689,0.0 -54.1488044,-25.3311555992689,0.0 -54.148634,-25.3322967992689,0.0 -54.1472815,-25.3334129992689,0.0 -54.1470065,-25.3343204992689,0.0 -54.1463533,-25.3346343992688,0.0 -54.1445883,-25.3364288992688,0.0 -54.143905,-25.3365134992688,0.0 -54.1434249,-25.3370248992688,0.0 -54.1416953,-25.3420139992687,0.0 -54.1400254,-25.3427693992687,0.0 -54.1396826,-25.3435459992687,0.0 -54.139242,-25.3439625992687,0.0 -54.138103,-25.3446170992686,0.0 -54.1372059,-25.3451325992686,0.0 -54.1311151,-25.3521602992685,0.0 -54.1300569,-25.3528896992685,0.0 -54.1288338,-25.3545634992684,0.0 -54.1257087,-25.3568165992684,0.0 -54.1229042,-25.3578751992684,0.0 -54.1215964,-25.3585017992683,0.0 -54.1199046,-25.3586981992683,0.0 -54.1191315,-25.3594985992683,0.0 -54.1186078,-25.3603700992683,0.0 -54.1182085,-25.3605238992683,0.0 -54.117258,-25.3597889992683,0.0 -54.1162536,-25.3597355992683,0.0 -54.1158997,-25.3595318992683,0.0 -54.1152162,-25.3595865992683,0.0 -54.1147302,-25.3604237992683,0.0 -54.1139284,-25.3604035992683,0.0 -54.1135034,-25.3606611992683,0.0 -54.1135626,-25.3612190992683,0.0 -54.1138698,-25.3615256992683,0.0 -54.1149189,-25.3635586992682,0.0 -54.1144225,-25.3639110992682,0.0 -54.1143498,-25.3669397992682,0.0 -54.1137448,-25.3680992992681,0.0 -54.1129223,-25.3681847992681,0.0 -54.1133853,-25.3692847992681,0.0 -54.1132366,-25.3717438992681,0.0 -54.1140553,-25.3727695992681,0.0 -54.1136196,-25.373346799268,0.0 -54.1146201,-25.374294799268,0.0 -54.1145211,-25.374738099268,0.0 -54.1133151,-25.374956599268,0.0 -54.1120863,-25.374287699268,0.0 -54.1081447,-25.3788266992679,0.0 -54.1072544,-25.3823063992679,0.0 -54.1069881,-25.3833473992678,0.0 -54.1097633,-25.3842163992678,0.0 -54.1119269,-25.3856888992678,0.0 -54.1138672,-25.3862940992678,0.0 -54.1171821,-25.3851061992678,0.0 -54.1184054,-25.3831327992678,0.0 -54.1204729,-25.3836943992678,0.0 -54.1198739,-25.3849378992678,0.0 -54.1200782,-25.3865779992678,0.0 -54.1213585,-25.3868855992678,0.0 -54.1220329,-25.3866151992678,0.0 -54.1237906,-25.3873367992677,0.0 -54.1245239,-25.3892696992677,0.0 -54.1283087,-25.3888593992677,0.0 -54.1305583,-25.3877668992677,0.0 -54.132041,-25.3860034992678,0.0 -54.1331567,-25.3857840992678,0.0 -54.1338074,-25.3865218992678,0.0 -54.1337209,-25.3882171992677,0.0 -54.1344495,-25.3902683992677,0.0 -54.1337962,-25.3916302992677,0.0 -54.1311176,-25.3922248992677,0.0 -54.1310187,-25.3926266992676,0.0 -54.1321897,-25.3929126992676,0.0 -54.1320593,-25.3946052992676,0.0 -54.1336194,-25.3962910992676,0.0 -54.1346933,-25.3959091992676,0.0 -54.1357245,-25.3964741992676,0.0 -54.1371069,-25.4000150992675,0.0 -54.1369672,-25.4012437992675,0.0 -54.1384618,-25.4011511992675,0.0 -54.1386818,-25.4011921992675,0.0 -54.1406467,-25.4015580992675,0.0 -54.1403625,-25.4024501992674,0.0 -54.1415033,-25.4056680992674,0.0 -54.1409965,-25.4083694992673,0.0 -54.138941,-25.4099258992673,0.0 -54.1382398,-25.4112832992673,0.0 -54.1366729,-25.4117784992672,0.0 -54.1363201,-25.4135074992672,0.0 -54.1342548,-25.4154267992672,0.0 -54.134375,-25.4171336992671,0.0 -54.1362538,-25.4182710992671,0.0 -54.1358848,-25.4188689992671,0.0 -54.1343473,-25.4199707992671,0.0 -54.1307205,-25.421191899267,0.0 -54.1264828,-25.4209265992671,0.0 -54.1248235,-25.421590599267,0.0 -54.124205,-25.424253999267,0.0 -54.1265408,-25.425028399267,0.0 -54.1271454,-25.4262211992669,0.0 -54.12734,-25.4279333992669,0.0 -54.1289166,-25.4316366992668,0.0 -54.1309754,-25.4325835992668,0.0 -54.1316718,-25.4330920992668,0.0 -54.1324693,-25.4323800992668,0.0 -54.1328865,-25.4303233992669,0.0 -54.1334628,-25.4300962992669,0.0 -54.1348892,-25.4299360992669,0.0 -54.1361195,-25.4304828992669,0.0 -54.1394117,-25.4303461992669,0.0 -54.1395801,-25.4307143992668,0.0 -54.1386115,-25.4312803992668,0.0 -54.1387801,-25.4317278992668,0.0 -54.1402729,-25.4323628992668,0.0 -54.1405016,-25.4341472992668,0.0 -54.1414991,-25.4357604992667,0.0 -54.1421042,-25.4367391992667,0.0 -54.1392631,-25.4385409992667,0.0 -54.1377567,-25.4383500992667,0.0 -54.1371887,-25.4407012992666,0.0 -54.1364361,-25.4406486992666,0.0 -54.1367548,-25.4420105992666,0.0 -54.1364932,-25.4437186992666,0.0 -54.1359833,-25.4438076992666,0.0 -54.1359737,-25.4423154992666,0.0 -54.1353562,-25.4421815992666,0.0 -54.1320247,-25.4449224992666,0.0 -54.1309813,-25.4472460992665,0.0 -54.1305346,-25.4460692992665,0.0 -54.1285093,-25.4469132992665,0.0 -54.1293365,-25.4497036992665,0.0 -54.1287988,-25.4499171992665,0.0 -54.1272427,-25.4488064992665,0.0 -54.1267849,-25.4503125992664,0.0 -54.1258818,-25.4509406992664,0.0 -54.1262643,-25.4515947992664,0.0 -54.1277252,-25.4519058992664,0.0 -54.1275282,-25.4527076992664,0.0 -54.1257237,-25.4538050992664,0.0 -54.1258324,-25.4541109992664,0.0 -54.1288307,-25.4546508992664,0.0 -54.1285607,-25.4550925992664,0.0 -54.1261396,-25.4559738992663,0.0 -54.1279877,-25.4575627992663,0.0 -54.1273673,-25.4594905992663,0.0 -54.1265763,-25.4590308992663,0.0 -54.123324,-25.4590932992663,0.0 -54.1231987,-25.4590960992663,0.0 -54.1227457,-25.4594863992663,0.0 -54.1230129,-25.4602724992662,0.0 -54.1236247,-25.4605327992662,0.0 -54.1253029,-25.4612471992662,0.0 -54.1249669,-25.4632713992662,0.0 -54.125396,-25.4638143992662,0.0 -54.1268599,-25.4640035992662,0.0 -54.128002,-25.4626936992662,0.0 -54.1293392,-25.4624785992662,0.0 -54.132917,-25.4643854992662,0.0 -54.1324773,-25.4660305992661,0.0 -54.1329067,-25.4667676992661,0.0 -54.1363106,-25.4669378992661,0.0 -54.136173,-25.4675102992661,0.0 -54.1330771,-25.469819599266,0.0 -54.1334408,-25.4741674992659,0.0 -54.134605,-25.4756837992659,0.0 -54.1338599,-25.4781126992659,0.0 -54.131445,-25.4805692992658,0.0 -54.132732,-25.4834413992658,0.0 -54.1344192,-25.4847343992657,0.0 -54.1359325,-25.4853449992657,0.0 -54.1365024,-25.4853416992657,0.0 -54.1369077,-25.4848791992657,0.0 -54.1348672,-25.4824555992658,0.0 -54.1345815,-25.4813581992658,0.0 -54.1387793,-25.4796426992658,0.0 -54.138374,-25.4817355992658,0.0 -54.1406213,-25.4806889992658,0.0 -54.1400637,-25.4826356992658,0.0 -54.1405067,-25.4839125992657,0.0 -54.1409807,-25.4852769992657,0.0 -54.1424809,-25.4856736992657,0.0 -54.1444426,-25.4843591992657,0.0 -54.1463486,-25.4847571992657,0.0 -54.1451626,-25.4859860992657,0.0 -54.1464517,-25.4869605992657,0.0 -54.1471756,-25.4901643992656,0.0 -54.1489516,-25.4931269992656,0.0 -54.1475963,-25.4958454992655,0.0 -54.1453782,-25.4957284992655,0.0 -54.1446548,-25.4962951992655,0.0 -54.1438772,-25.4981329992655,0.0 -54.1421112,-25.4993938992654,0.0 -54.1412393,-25.5005907992654,0.0 -54.1413374,-25.5011359992654,0.0 -54.143452,-25.5019453992654,0.0 -54.1468328,-25.5018896992654,0.0 -54.1471252,-25.5026629992654,0.0 -54.1459887,-25.5046798992653,0.0 -54.1463344,-25.5051290992653,0.0 -54.1486932,-25.5021279992654,0.0 -54.1477552,-25.5004941992654,0.0 -54.148609,-25.5000265992654,0.0 -54.1506879,-25.5001192992654,0.0 -54.1522518,-25.5011267992654,0.0 -54.1522314,-25.5038718992653,0.0 -54.1541046,-25.5055642992653,0.0 -54.1538974,-25.5077218992653,0.0 -54.1525781,-25.5090267992652,0.0 -54.1484995,-25.5112704992652,0.0 -54.1434638,-25.5118595992652,0.0 -54.1431867,-25.5122570992652,0.0 -54.143841,-25.5136627992651,0.0 -54.1453265,-25.5147824992651,0.0 -54.1458247,-25.5162839992651,0.0 -54.1477474,-25.5176992992651,0.0 -54.1467383,-25.519061599265,0.0 -54.1441321,-25.520872199265,0.0 -54.1440339,-25.520940199265,0.0 -54.1440086,-25.520957999265,0.0 -54.1491585,-25.5269843992649,0.0 -54.1518796,-25.5308275992648,0.0 -54.1528389,-25.5322344992647,0.0 -54.1528922,-25.5323125992647,0.0 -54.15545,-25.5360637992647,0.0 -54.1586578,-25.5394631992646,0.0 -54.1587137,-25.5395223992646,0.0 -54.1589321,-25.5397538992646,0.0 -54.1631106,-25.5426071992645,0.0 -54.1672801,-25.5431062992645,0.0 -54.1722266,-25.5419507992645,0.0 -54.1740806,-25.5411774992646,0.0 -54.1759061,-25.5404160992646,0.0 -54.1812204,-25.5381110992646,0.0 -54.1818382,-25.5378249992646,0.0 -54.186899,-25.5354818992647,0.0 -54.1905913,-25.5343869992647,0.0 -54.1911035,-25.5343016992647,0.0 -54.192929,-25.5339977992647,0.0 -54.1971096,-25.5350524992647,0.0 -54.1991219,-25.5361075992647,0.0 -54.2010356,-25.5371109992647,0.0 -54.2044582,-25.5394255992646,0.0 -54.206382,-25.5417400992646,0.0 -54.2076635,-25.5448234992645,0.0 -54.2083748,-25.5486707992644,0.0 -54.2081628,-25.5518711992643,0.0 -54.2074554,-25.5545554992643,0.0 -54.205546,-25.5567918992642,0.0 -54.2030733,-25.5588353992642,0.0 -54.1989072,-25.5606910992642,0.0 -54.1959761,-25.5615361992642,0.0 -54.1929084,-25.5624205992641,0.0 -54.1884917,-25.5630069992641,0.0 -54.1880382,-25.5630671992641,0.0 -54.1866969,-25.5635456992641,0.0 -54.1837424,-25.5645996992641,0.0 -54.1803656,-25.5658750992641,0.0 -54.1798694,-25.5663103992641,0.0 -54.178268,-25.567715099264,0.0 -54.1762119,-25.570417099264,0.0 -54.1747332,-25.5728620992639,0.0 -54.1746266,-25.5731173992639,0.0 -54.1734727,-25.5758786992638,0.0 -54.173494,-25.5793337992638,0.0 -54.1741606,-25.5817315992637,0.0 -54.1743632,-25.5824599992637,0.0 -54.1748643,-25.5829384992637,0.0 -54.1762143,-25.5842274992637,0.0 -54.1764272,-25.5844308992637,0.0 -54.1806064,-25.5853119992637,0.0 -54.1820155,-25.5853087992637,0.0 -54.1835875,-25.5853051992637,0.0 -54.1863369,-25.5852989992637,0.0 -54.1934838,-25.5838812992637,0.0 -54.1984436,-25.5826587992637,0.0 -54.1998755,-25.5819916992637,0.0 -54.2014993,-25.5812353992637,0.0 -54.2031264,-25.5804773992638,0.0 -54.2037501,-25.5799659992638,0.0 -54.2094657,-25.5752787992639,0.0 -54.2148245,-25.5710282992639,0.0 -54.217544,-25.569091099264,0.0 -54.2185805,-25.568270599264,0.0 -54.2214003,-25.5660384992641,0.0 -54.2229194,-25.5648359992641,0.0 -54.2241222,-25.5643380992641,0.0 -54.2256012,-25.5637257992641,0.0 -54.2266974,-25.5632719992641,0.0 -54.2294506,-25.5629344992641,0.0 -54.2294878,-25.5629299992641,0.0 -54.2304796,-25.5628083992641,0.0 -54.2334769,-25.5636422992641,0.0 -54.2337948,-25.5639011992641,0.0 -54.2354457,-25.5652457992641,0.0 -54.2356151,-25.5653837992641,0.0 -54.2370377,-25.567318999264,0.0 -54.237272,-25.569369299264,0.0 -54.2373178,-25.569770699264,0.0 -54.2368126,-25.5733785992639,0.0 -54.2361594,-25.5761640992638,0.0 -54.2354183,-25.5793247992638,0.0 -54.2353818,-25.5794802992638,0.0 -54.2348471,-25.5821972992637,0.0 -54.2345255,-25.5838315992637,0.0 -54.2342389,-25.5871493992636,0.0 -54.2341677,-25.5875955992636,0.0 -54.2342692,-25.5899722992636,0.0 -54.2343062,-25.5908401992635,0.0 -54.2353633,-25.5936312992635,0.0 -54.2358891,-25.5941351992635,0.0 -54.2374083,-25.5955910992634,0.0 -54.2389136,-25.5962288992634,0.0 -54.2414009,-25.5972896992634,0.0 -54.2429382,-25.5974567992634,0.0 -54.2456123,-25.5975635992634,0.0 -54.250482,-25.5968701992634,0.0 -54.2537193,-25.5964091992634,0.0 -54.2579098,-25.5935873992635,0.0 -54.2601774,-25.5902772992636,0.0 -54.2640248,-25.5849494992637,0.0 -54.2662015,-25.5818092992637,0.0 -54.2736783,-25.567805599264,0.0 -54.2767261,-25.5622128992641,0.0 -54.2794665,-25.5580103992642,0.0 -54.2819433,-25.5563485992643,0.0 -54.2833487,-25.5554055992643,0.0 -54.2883178,-25.5544065992643,0.0 -54.2923613,-25.5552760992643,0.0 -54.295432,-25.5567323992643,0.0 -54.2963499,-25.5575936992642,0.0 -54.3000322,-25.5564946992642,0.0 -54.30253,-25.5517559992644,0.0 -54.3048724,-25.5502047992644,0.0 -54.306916,-25.5497121992644,0.0 -54.3080345,-25.5465811992645,0.0 -54.306686,-25.5437911992645,0.0 -54.3075081,-25.5376241992646,0.0 -54.3089907,-25.5361054992647,0.0 -54.3101206,-25.5351832992647,0.0 -54.3122412,-25.5341704992647,0.0 -54.313529,-25.5343202992647,0.0 -54.3150076,-25.5336021992647,0.0 -54.3153849,-25.5329153992647,0.0 -54.3199059,-25.5333108992647,0.0 -54.3220532,-25.5330506992647,0.0</coordinates>
</LinearRing>
</outerBoundaryIs>
</Polygon>
</MultiGeometry>
</Placemark>
<Placemark id="13. Referência">
<name>TI - Avá-Guarani do Ocoí [5282]</name>
<visibility>0</visibility>
<snippet> </snippet>
<description>&lt;center&gt;&lt;table&gt;&lt;tr&gt;&lt;th colspan='2' align='center'&gt;&lt;em&gt;Attributes&lt;/em&gt;&lt;/th&gt;&lt;/tr&gt;&lt;tr bgcolor="#E3E3F3"&gt;
&lt;th&gt;COD_TI&lt;/th&gt;
&lt;td&gt;5282&lt;/td&gt;
&lt;/tr&gt;&lt;tr bgcolor=""&gt;
&lt;th&gt;NOM_TI&lt;/th&gt;
&lt;td&gt;Avá-Guarani do Ocoí&lt;/td&gt;
&lt;/tr&gt;&lt;/table&gt;&lt;/center&gt;</description>
<Style>
<IconStyle>
<scale>0.7</scale>
</IconStyle>
<LabelStyle>
<scale>0.7</scale>
</LabelStyle>
<LineStyle>
<color>ff00aaaa</color>
<width>3</width>
<gx:labelVisibility>1</gx:labelVisibility>
</LineStyle>
<PolyStyle>
<color>3300aaaa</color>
</PolyStyle>
</Style>
<ExtendedData>
<SchemaData schemaUrl="#kml_schema_ft_Terra_Indígena">
<SimpleData name="COD_TI">5282</SimpleData>
<SimpleData name="NOM_TI">Avá-Guarani do Ocoí</SimpleData>
</SchemaData>
</ExtendedData>
<Polygon>
<extrude>0</extrude>
<tessellate>1</tessellate>
<outerBoundaryIs>
<LinearRing>
<coordinates>-54.31977185757,-25.2252404717591,0.0 -54.319661802115,-25.2252509282632,0.0 -54.319477480876,-25.2252503806181,0.0 -54.319340747927,-25.2252513282151,0.0 -54.319214605334,-25.2251901087711,0.0 -54.319145095184,-25.2250844338481,0.0 -54.319127861634,-25.2250514524191,0.0 -54.319094921925,-25.2249882246261,0.0 -54.319059549371,-25.2249002255972,0.0 -54.3190020816,-25.2247702226382,0.0 -54.318923585792,-25.2246807188241,0.0 -54.318815388424,-25.2245884196651,0.0 -54.318690861958,-25.2244988020682,0.0 -54.318573728746,-25.2244294431841,0.0 -54.318471238248,-25.2243845356612,0.0 -54.31836295617,-25.2243368155731,0.0 -54.318260505623,-25.2242946159801,0.0 -54.318100239611,-25.2242196905951,0.0 -54.317968136493,-25.2241543911831,0.0 -54.317870220361,-25.2241135371042,0.0 -54.317719539575,-25.2240629709841,0.0 -54.317576167801,-25.2240138911331,0.0 -54.317478182961,-25.2239852185962,0.0 -54.317279131566,-25.2239372028082,0.0 -54.317106852539,-25.2238988780401,0.0 -54.316949397611,-25.2238631687341,0.0 -54.316800830715,-25.2238383598512,0.0 -54.316655219314,-25.2238190191982,0.0 -54.31651849785,-25.2238104887942,0.0 -54.316387698866,-25.2238033293002,0.0 -54.316227121399,-25.2238014042512,0.0 -54.316048744931,-25.2237968092242,0.0 -54.315871866054,-25.2237963022062,0.0 -54.315772168892,-25.2237959342662,0.0 -54.315641390042,-25.2237968964951,0.0 -54.315501584788,-25.2237977847902,0.0 -54.315402054285,-25.2237988635422,0.0 -54.315302365166,-25.2238026466821,0.0 -54.315199829856,-25.2238050243471,0.0 -54.315025868684,-25.2238071864441,0.0 -54.314902462122,-25.2238067478781,0.0 -54.314795452241,-25.2238050731522,0.0 -54.314680972941,-25.2238047064581,0.0 -54.314556106621,-25.2238029776382,0.0 -54.314443144619,-25.2238012846792,0.0 -54.314300520748,-25.2237724301221,0.0 -54.31424897123,-25.2236532723702,0.0 -54.314298508697,-25.2235073452571,0.0 -54.314368778799,-25.2234021344262,0.0 -54.314413411936,-25.2233258771312,0.0 -54.314488508931,-25.2231861000772,0.0 -54.314538026652,-25.2230861972222,0.0 -54.314548806864,-25.2229793631552,0.0 -54.31454184749,-25.2228536161652,0.0 -54.314521992531,-25.2227503763432,0.0 -54.314518691974,-25.2227335308411,0.0 -54.314518269531,-25.2227346963402,0.0 -54.314375181743,-25.2231152731222,0.0 -54.314186365264,-25.2236173897651,0.0 -54.313964212769,-25.2242007515822,0.0 -54.313867638942,-25.2244464457372,0.0 -54.313658614986,-25.2249785160022,0.0 -54.313319215536,-25.2258811044201,0.0 -54.313131333554,-25.2263808896561,0.0 -54.312401182391,-25.2283410694221,0.0 -54.311671104178,-25.2303012449881,0.0 -54.310750315221,-25.232752300176,0.0 -54.310272651785,-25.2340607151229,0.0 -54.308731255641,-25.2382825874689,0.0 -54.307462774575,-25.2415743042198,0.0 -54.305912198017,-25.2456493174877,0.0 -54.30546462733,-25.2468254187137,0.0 -54.304775936171,-25.2495783680417,0.0 -54.303755051314,-25.2544032859255,0.0 -54.302692691558,-25.2590573215594,0.0 -54.301772316044,-25.2585704141264,0.0 -54.300825789219,-25.2601587156914,0.0 -54.298409039446,-25.2622698575993,0.0 -54.298099053291,-25.2635003352124,0.0 -54.298042900611,-25.2646689515673,0.0 -54.299132717774,-25.2646982935243,0.0 -54.301512653977,-25.2634815952764,0.0 -54.304452303862,-25.2620067882164,0.0 -54.304992706805,-25.2618880634163,0.0 -54.306243113419,-25.2604279225224,0.0 -54.307043415255,-25.2605024539654,0.0 -54.308533194065,-25.2568984923745,0.0 -54.309698592732,-25.2534245932236,0.0 -54.312605954265,-25.2509084051356,0.0 -54.313053288522,-25.2507776643266,0.0 -54.3129456438569,-25.2491906703776,0.0 -54.312614638564,-25.2474429624296,0.0 -54.312664289358,-25.2463274745916,0.0 -54.313041020167,-25.2456838084177,0.0 -54.313888007693,-25.2440237759137,0.0 -54.315221347693,-25.2414959659138,0.0 -54.317082467693,-25.2384125959138,0.0 -54.318612666766,-25.2354764326879,0.0 -54.319485138994,-25.2347641207759,0.0 -54.320922875464,-25.2342229364769,0.0 -54.325209586,-25.2355849425797,0.0 -54.326205022196,-25.2359012200989,0.0 -54.333333571116,-25.2381641736139,0.0 -54.333276447572,-25.23392278411,0.0 -54.333230079115,-25.2339334078259,0.0 -54.333086372331,-25.2339306318049,0.0 -54.33290947865,-25.2339300537999,0.0 -54.3327875755759,-25.233928393289,0.0 -54.332632973616,-25.2339293005679,0.0 -54.332528801975,-25.2339289528559,0.0 -54.332426246758,-25.233927280594,0.0 -54.332237445753,-25.233926757396,0.0 -54.332045639846,-25.233927533341,0.0 -54.33194603246,-25.233927177443,0.0 -54.331798841431,-25.2339294811909,0.0 -54.331699174946,-25.2339318314159,0.0 -54.331556448963,-25.233934125364,0.0 -54.331434518424,-25.233933726672,0.0 -54.331336727831,-25.233931959272,0.0 -54.331089587983,-25.2339313728929,0.0 -54.330920088174,-25.2339511410799,0.0 -54.330786097653,-25.2339804852669,0.0 -54.330617970854,-25.2340327662029,0.0 -54.330494417052,-25.2340567035899,0.0 -54.330354668359,-25.2340589599449,0.0 -54.330237124395,-25.2340802984159,0.0 -54.330069006143,-25.2341094760819,0.0 -54.329893447211,-25.234152236268,0.0 -54.32971487278,-25.234192234346,0.0 -54.329568967649,-25.23423101815,0.0 -54.329495723018,-25.234254691359,0.0 -54.329452855646,-25.234268535759,0.0 -54.329348723685,-25.2342845208729,0.0 -54.329238679273,-25.2342895695469,0.0 -54.329096048895,-25.234264789263,0.0 -54.328615111853,-25.2340617910219,0.0 -54.328514234478,-25.2340060895509,0.0 -54.328417765008,-25.233952994636,0.0 -54.328263487907,-25.2338619434189,0.0 -54.328131387733,-25.233791237526,0.0 -54.328015600479,-25.2337368001079,0.0 -54.327881927209,-25.233697200103,0.0 -54.327719990622,-25.233661510484,0.0 -54.327636992423,-25.233645749631,0.0 -54.327546188748,-25.2336284937839,0.0 -54.327445130743,-25.233617369437,0.0 -54.327341065828,-25.2336076345159,0.0 -54.327234065549,-25.2336005537409,0.0 -54.327121122963,-25.233597516594,0.0 -54.327011058541,-25.233594441219,0.0 -54.326904039054,-25.233592774562,0.0 -54.326797019579,-25.2335911078279,0.0 -54.326695923182,-25.2335908116839,0.0 -54.326593279889,-25.2335931948149,0.0 -54.326395532847,-25.2335980071339,0.0 -54.326209680849,-25.233598793069,0.0 -54.326038741174,-25.2335982244129,0.0 -54.325894429162,-25.233600484168,0.0 -54.325825000784,-25.2336039195179,0.0 -54.325766597004,-25.2336068325439,0.0 -54.325643330197,-25.2335632677649,0.0 -54.325542514708,-25.233491231145,0.0 -54.325406088299,-25.2333961686659,0.0 -54.3253200365159,-25.2333431702899,0.0 -54.325228091408,-25.233287448008,0.0 -54.325209586,-25.233276334526,0.0 -54.325137604427,-25.233233105762,0.0 -54.325042565632,-25.2331827420299,0.0 -54.324958012124,-25.2331338316269,0.0 -54.324827453531,-25.233056292246,0.0 -54.324664311841,-25.2329624597859,0.0 -54.324560451792,-25.232902640709,0.0 -54.324416577453,-25.2328170084139,0.0 -54.324328979602,-25.2327666888429,0.0 -54.324241479029,-25.232716461232,0.0 -54.324147998242,-25.232667478875,0.0 -54.324078614834,-25.232632650393,0.0 -54.323959451188,-25.232583022004,0.0 -54.323855494879,-25.2325502742039,0.0 -54.323745568596,-25.2325228328269,0.0 -54.32363566088,-25.232503603995,0.0 -54.3235301691089,-25.2324911332499,0.0 -54.323429112673,-25.232480006257,0.0 -54.323323504342,-25.232472857703,0.0 -54.323223945843,-25.232465818745,0.0 -54.323067887627,-25.232451799287,0.0 -54.322899904812,-25.232443158655,0.0 -54.322714133738,-25.232435819717,0.0 -54.322614526243,-25.232435547828,0.0 -54.322424141994,-25.232434983489,0.0 -54.32225813953,-25.2324355830149,0.0 -54.322150542835,-25.23244220503,0.0 -54.32203749428,-25.2324621745739,0.0 -54.321911053718,-25.2324956183549,0.0 -54.321769652872,-25.232523556477,0.0 -54.321626900496,-25.232540730811,0.0 -54.321497463267,-25.232552461112,0.0 -54.3213799691011,-25.232567025051,0.0 -54.321240164279,-25.2325855159,0.0 -54.32111222401,-25.232587797311,0.0 -54.32096954961,-25.23258331366,0.0 -54.320809047088,-25.232577423457,0.0 -54.320646967909,-25.232575565485,0.0 -54.320511656189,-25.232565619816,0.0 -54.320407662697,-25.232557235053,0.0 -54.320335239438,-25.232552491466,0.0 -54.320187614009,-25.2325430439959,0.0 -54.320030069392,-25.232542531071,0.0 -54.319851649894,-25.232539292719,0.0 -54.31966725825,-25.232541450673,0.0 -54.319485854641,-25.2325611701149,0.0 -54.319307162259,-25.2326201047559,0.0 -54.319214859899,-25.232657685468,0.0 -54.319116555584,-25.232702015744,0.0 -54.319027191192,-25.232750388791,0.0 -54.318937856431,-25.2327974086449,0.0 -54.318846962487,-25.2328431367039,0.0 -54.31875604886,-25.232894279026,0.0 -54.31870834964,-25.232920305791,0.0 -54.318566852564,-25.232997783337,0.0 -54.318466991141,-25.233054267899,0.0 -54.31837461975,-25.23311756652,0.0 -54.318286624115,-25.2331849153129,0.0 -54.318206070655,-25.2332522187249,0.0 -54.31806730204,-25.233381635971,0.0 -54.317956917008,-25.233488105026,0.0 -54.317855380675,-25.233602766493,0.0 -54.317759787174,-25.2337269212739,0.0 -54.317664215125,-25.2338455714459,0.0 -54.317576021808,-25.23396706293,0.0 -54.317481877622,-25.234088446236,0.0 -54.317395203304,-25.23420852127,0.0 -54.317302556078,-25.2343204559479,0.0 -54.317184658403,-25.234452688017,0.0 -54.317120363033,-25.234529581335,0.0 -54.317045711629,-25.2346172060349,0.0 -54.31696212039,-25.234714324409,0.0 -54.316875444776,-25.2348208623579,0.0 -54.316548592678,-25.2352601890339,0.0 -54.316424067089,-25.2354456344389,0.0 -54.316370190937,-25.2355495193619,0.0 -54.316313305614,-25.2356548837199,0.0 -54.316253415075,-25.2357615470909,0.0 -54.316189091082,-25.2358667761729,0.0 -54.316117354276,-25.2359706972899,0.0 -54.316050052672,-25.2360759624119,0.0 -54.315975251021,-25.2361838887309,0.0 -54.315903553539,-25.2362905177679,0.0 -54.315836231615,-25.2363876603899,0.0 -54.315773451917,-25.2364767635479,0.0 -54.315713669276,-25.2365604162459,0.0 -54.315655364286,-25.2366400347779,0.0 -54.315592665555,-25.2367209270619,0.0 -54.315532823181,-25.2368072859189,0.0 -54.315505066982,-25.2368422473289,0.0 -54.315464149715,-25.2368936646589,0.0 -54.315392421347,-25.2369745731439,0.0 -54.315326675428,-25.2370541464579,0.0 -54.315266951664,-25.2371350926689,0.0 -54.315210104051,-25.2372160911518,0.0 -54.315153327778,-25.2372983543278,0.0 -54.315096480007,-25.2373793527529,0.0 -54.315042688934,-25.2374657311629,0.0 -54.314990256564,-25.2375534879248,0.0 -54.314937855909,-25.2376533379969,0.0 -54.314879460717,-25.2377640888429,0.0 -54.314824032938,-25.2378842790509,0.0 -54.314764022892,-25.2380098005529,0.0 -54.314704119837,-25.2381394752119,0.0 -54.314645656744,-25.2382623174508,0.0 -54.314601372433,-25.2383449880549,0.0 -54.3145287976,-25.2384823736328,0.0 -54.314479359652,-25.2385783066188,0.0 -54.314434408595,-25.2386687260478,0.0 -54.314389505079,-25.2387524682358,0.0 -54.31430569241,-25.2389090517859,0.0 -54.314257733888,-25.2390008603409,0.0 -54.314200886601,-25.2390953047428,0.0 -54.314146974974,-25.2392006318539,0.0 -54.314098966539,-25.2393127444218,0.0 -54.314046474952,-25.2394301900668,0.0 -54.313990995841,-25.2395571472348,0.0 -54.313939862747,-25.2396895078658,0.0 -54.313885950514,-25.2398083714908,0.0 -54.313827483763,-25.2399177667988,0.0 -54.313775021522,-25.2400112980789,0.0 -54.313700244709,-25.2401539674518,0.0 -54.313628433382,-25.2402836053018,0.0 -54.313550561731,-25.2404226084809,0.0 -54.313469692527,-25.2405670619608,0.0 -54.313385875409,-25.2407101983118,0.0 -54.313305047422,-25.2408572695088,0.0 -54.313227202775,-25.2409950095308,0.0 -54.313152355336,-25.2411272991468,0.0 -54.313081992878,-25.2412541654388,0.0 -54.313017561561,-25.2413730176548,0.0 -54.3129606821,-25.2414823511508,0.0 -54.312908226169,-25.2415890578068,0.0 -54.312868793286,-25.2416765989668,0.0 -54.312815172341,-25.2418091844898,0.0 -54.312770148818,-25.2419253215358,0.0 -54.312723567802,-25.2420536131898,0.0 -54.312672451755,-25.2421940954898,0.0 -54.312615431996,-25.2423413288518,0.0 -54.312549443616,-25.2424993184627,0.0 -54.312477410651,-25.2426614394638,0.0 -54.312393592452,-25.2428180214307,0.0 -54.312306756873,-25.2429719313108,0.0 -54.312227344249,-25.2431176738078,0.0 -54.312144985655,-25.2432620089408,0.0 -54.312070270603,-25.2433836513967,0.0 -54.31200436104,-25.2435064468377,0.0 -54.311947447751,-25.2436172230867,0.0 -54.311894962061,-25.2437251921208,0.0 -54.311848427404,-25.2438332695018,0.0 -54.311809375155,-25.2439440099667,0.0 -54.311767255893,-25.2440588457947,0.0 -54.311722190395,-25.2441858109198,0.0 -54.311674079449,-25.2443249035317,0.0 -54.311618485475,-25.2444748696278,0.0 -54.31155989577,-25.2446301957837,0.0 -54.311492444551,-25.2447868946527,0.0 -54.311429179241,-25.2449292306457,0.0 -54.311346937959,-25.2451176967257,0.0 -54.311280846519,-25.2452892202747,0.0 -54.311219248514,-25.2454459353377,0.0 -54.311165232541,-25.2455917786887,0.0 -54.311115610904,-25.2457228117667,0.0 -54.311070574218,-25.2458348868207,0.0 -54.311037531758,-25.2459294924977,0.0 -54.31098645134,-25.2460726819007,0.0 -54.310935311655,-25.2462050408937,0.0 -54.310864893222,-25.2463522096456,0.0 -54.31078848129,-25.2465101886966,0.0 -54.310746417595,-25.2466224080137,0.0 -54.310686369996,-25.2467627265546,0.0 -54.310618876153,-25.2469302533647,0.0 -54.310567627091,-25.2470990688176,0.0 -54.310543445343,-25.2471923016286,0.0 -54.310421855772,-25.2478965172306,0.0 -54.310416863545,-25.2480195192737,0.0 -54.310411988557,-25.2481371990456,0.0 -54.310411579596,-25.2482413333356,0.0 -54.310415058637,-25.2483986922747,0.0 -54.310437103576,-25.2485646017576,0.0 -54.310482713197,-25.2487013405766,0.0 -54.310555054933,-25.2488272859927,0.0 -54.310624576497,-25.2489371165347,0.0 -54.310716376465,-25.2490401334636,0.0 -54.310855692118,-25.2491528600396,0.0 -54.310941697402,-25.2492126345586,0.0 -54.311032168305,-25.2492724001486,0.0 -54.311122698911,-25.2493294594506,0.0 -54.311294760391,-25.2494287041496,0.0 -54.31140900318,-25.2494994611646,0.0 -54.311573766063,-25.2496192385247,0.0 -54.311629912237,-25.2496651126277,0.0 -54.311721781862,-25.2497425009296,0.0 -54.311834498914,-25.2498375055446,0.0 -54.311860841221,-25.2499255222176,0.0 -54.311809889432,-25.2500402872226,0.0 -54.311702439025,-25.2501386815636,0.0 -54.311600952106,-25.2502276185606,0.0 -54.311523250502,-25.2503314278366,0.0 -54.311448592353,-25.2504231997846,0.0 -54.311337093641,-25.2504846102016,0.0 -54.311083157569,-25.2506244646786,0.0 -54.311028996786,-25.2506371047396,0.0 -54.310865816068,-25.2506751925615,0.0 -54.310792599012,-25.2507285463856,0.0 -54.31073954261,-25.2508036554006,0.0 -54.310693453741,-25.2508687840145,0.0 -54.310655662723,-25.2509446223836,0.0 -54.310582204911,-25.2510088912366,0.0 -54.310437698173,-25.2510280968466,0.0 -54.31020931774,-25.2510348541256,0.0 -54.309933791797,-25.2509970735566,0.0 -54.309705411472,-25.2510038300576,0.0 -54.309425890793,-25.2511517882715,0.0 -54.309070645757,-25.2514622483826,0.0 -54.308714290753,-25.2518274653946,0.0 -54.308622745906,-25.2520413888856,0.0 -54.308245673982,-25.2529228736135,0.0 -54.307938058887,-25.2536289263435,0.0 -54.307189130095,-25.2553476747385,0.0 -54.306502792269,-25.2571205333715,0.0 -54.305778440055,-25.2588657101494,0.0 -54.305655976748,-25.2590906175955,0.0 -54.305477865655,-25.2594177475694,0.0 -54.305389261158,-25.2596237803924,0.0 -54.30520999824,-25.2599670425284,0.0 -54.305112342735,-25.2602278682654,0.0 -54.305043608515,-25.2603699199124,0.0 -54.3049890244,-25.2604644007874,0.0 -54.304921609014,-25.2605467350724,0.0 -54.304706268063,-25.2607934984864,0.0 -54.304493034817,-25.2609448221514,0.0 -54.30392959196,-25.2610060903134,0.0 -54.303114376182,-25.2609911910304,0.0 -54.302393892055,-25.2609422828784,0.0 -54.302105422374,-25.2609370081824,0.0 -54.301986320725,-25.2609825691093,0.0 -54.301840767204,-25.2610395583434,0.0 -54.301747325152,-25.2611095028794,0.0 -54.301627431154,-25.2611908757154,0.0 -54.301483196101,-25.2611882376654,0.0 -54.301352479732,-25.2611397322744,0.0 -54.301313994324,-25.2611254015394,0.0 -54.301225138847,-25.2609924717914,0.0 -54.301333786335,-25.2608273280074,0.0 -54.301708044264,-25.2605119132404,0.0 -54.302243952093,-25.2600083171654,0.0 -54.302365426107,-25.2598554093904,0.0 -54.303095326937,-25.2590829108544,0.0 -54.303848598966,-25.2574813146424,0.0 -54.304138097567,-25.2568197930505,0.0 -54.304670066995,-25.2558463051005,0.0 -54.305298509222,-25.2546963447435,0.0 -54.30549630908,-25.2541557862356,0.0 -54.30554847528,-25.2540133412665,0.0 -54.305566310731,-25.2537987962935,0.0 -54.305583454636,-25.2536200654976,0.0 -54.305586880059,-25.2534649085945,0.0 -54.305511018666,-25.2533322186385,0.0 -54.305355543281,-25.2532458139255,0.0 -54.305251123276,-25.2532200828046,0.0 -54.30506857144,-25.2531690101785,0.0 -54.305018307192,-25.2530725240215,0.0 -54.305073841901,-25.2529303212146,0.0 -54.305155763602,-25.2527885099896,0.0 -54.305341738552,-25.2526845157856,0.0 -54.305685559642,-25.2525594886416,0.0 -54.305788832941,-25.2524843058296,0.0 -54.306064621759,-25.2520291869095,0.0 -54.3060809519,-25.2512893044946,0.0 -54.306294868682,-25.2507373968696,0.0 -54.306318116425,-25.2506417114116,0.0 -54.306469142232,-25.2504844653746,0.0 -54.306478968107,-25.2504573910376,0.0 -54.306547924883,-25.2503048738716,0.0 -54.3066138566619,-25.2501725160966,0.0 -54.306666342551,-25.2500603982796,0.0 -54.306706939786,-25.2499429195746,0.0 -54.306734161551,-25.2498334992086,0.0 -54.306768946839,-25.2496781021957,0.0 -54.306789521721,-25.2493617213576,0.0 -54.306789934841,-25.2492440507706,0.0 -54.306790386464,-25.2491426247976,0.0 -54.306789367711,-25.2489909061036,0.0 -54.306789702594,-25.2489127609417,0.0 -54.306791663213,-25.2487924112676,0.0 -54.306790677035,-25.2486841907557,0.0 -54.306785106905,-25.2485678548827,0.0 -54.306784100423,-25.2484380656886,0.0 -54.306747364469,-25.2483310879406,0.0 -54.306666037446,-25.2482213111067,0.0 -54.3065772492,-25.2481169029576,0.0 -54.306495814655,-25.2480165094566,0.0 -54.306417443471,-25.2479122010896,0.0 -54.306328568071,-25.2478117619587,0.0 -54.306235294694,-25.2477127766616,0.0 -54.306146397347,-25.2476178419187,0.0 -54.306043776696,-25.2475197688417,0.0 -54.30593153428,-25.2474305444707,0.0 -54.305842595802,-25.2473599746807,0.0 -54.305755237886,-25.2472717458847,0.0 -54.305786895231,-25.2471636700626,0.0 -54.305838031468,-25.2470497229557,0.0 -54.305843874636,-25.2470367442426,0.0 -54.305924638067,-25.2468977086107,0.0 -54.305996490633,-25.2467802590687,0.0 -54.30609329104,-25.2467373551047,0.0 -54.30621080825,-25.2467404023717,0.0 -54.306390654349,-25.2467518065496,0.0 -54.306497663377,-25.2467589032847,0.0 -54.306616578906,-25.2467660367257,0.0 -54.306738529785,-25.2467705181386,0.0 -54.306937765986,-25.2467710852127,0.0 -54.307052316257,-25.2467646923007,0.0 -54.307177455327,-25.2467056094956,0.0 -54.307236621292,-25.2466369303017,0.0 -54.307314893793,-25.2465207703176,0.0 -54.307356938327,-25.2464140567147,0.0 -54.307378396526,-25.2462599504127,0.0 -54.307393739967,-25.2461491399277,0.0 -54.307465560835,-25.2460330426227,0.0 -54.307547678807,-25.2459224575027,0.0 -54.307621117047,-25.2457914993377,0.0 -54.307661592525,-25.2457064155547,0.0 -54.307703506561,-25.2456145896917,0.0 -54.307751552741,-25.2455146634537,0.0 -54.307802495407,-25.2454093753797,0.0 -54.307844760213,-25.2453196314717,0.0 -54.307899967062,-25.2451919503567,0.0 -54.307943478165,-25.2450906779007,0.0 -54.307980976361,-25.2449920933297,0.0 -54.308015568258,-25.2448948094007,0.0 -54.308051647883,-25.2447975525917,0.0 -54.308093650755,-25.2447016672078,0.0 -54.308134193612,-25.2446044917637,0.0 -54.308173250599,-25.2445071989627,0.0 -54.308210808051,-25.2444059080617,0.0 -54.308254279036,-25.2443019274167,0.0 -54.308300846815,-25.2441924983348,0.0 -54.308350261051,-25.2440844747967,0.0 -54.308396836356,-25.2439791970367,0.0 -54.308440346528,-25.2438779243498,0.0 -54.308479323929,-25.2437752153327,0.0 -54.308535089784,-25.2436266074327,0.0 -54.308558982788,-25.2435645039197,0.0 -54.308599495696,-25.2434551447887,0.0 -54.308641607877,-25.2433362489228,0.0 -54.308680722319,-25.2432228032748,0.0 -54.308715373367,-25.2431092762338,0.0 -54.308746957344,-25.2429998444907,0.0 -54.308774184862,-25.2428944845418,0.0 -54.308798377146,-25.2427917765708,0.0 -54.308822539558,-25.2426904217088,0.0 -54.308851137382,-25.2425904111187,0.0 -54.308887245318,-25.2424918008487,0.0 -54.30892628917,-25.2423905367627,0.0 -54.308968360377,-25.2422824692958,0.0 -54.309011849895,-25.2421730740037,0.0 -54.309056876997,-25.2420569384108,0.0 -54.309124768694,-25.2418803047898,0.0 -54.309142516927,-25.2418313550088,0.0 -54.309177176764,-25.2417218889368,0.0 -54.309208749503,-25.2416219324598,0.0 -54.309235906226,-25.2415287540338,0.0 -54.309276629597,-25.2413827593198,0.0 -54.309303717432,-25.2412746893318,0.0 -54.309319137771,-25.2411557578628,0.0 -54.309338935042,-25.2410138036598,0.0 -54.30936033925,-25.2408664640878,0.0 -54.30936545255,-25.2406974397198,0.0 -54.30936900753,-25.2405541065328,0.0 -54.309363523971,-25.2404337111138,0.0 -54.309341598796,-25.2403390063468,0.0 -54.30924238033,-25.2401632071908,0.0 -54.309192413921,-25.2400802645128,0.0 -54.309210652743,-25.2399640014908,0.0 -54.309274986363,-25.2398722225838,0.0 -54.309342135956,-25.2397967389158,0.0 -54.309427253687,-25.2397118363158,0.0 -54.309510824509,-25.2396160761648,0.0 -54.309596072085,-25.2395027488978,0.0 -54.309820463031,-25.2391491100218,0.0 -54.3098863421,-25.2390276685999,0.0 -54.309958166118,-25.2389020939859,0.0 -54.310019561376,-25.2387950098589,0.0 -54.31008406256,-25.2386415065149,0.0 -54.310128939051,-25.2385591189968,0.0 -54.31017241518,-25.2384727352008,0.0 -54.310211376754,-25.2383795910618,0.0 -54.310253414859,-25.2382864127158,0.0 -54.31030137593,-25.2381946056788,0.0 -54.310347750032,-25.2381027697099,0.0 -54.31040011647,-25.2380136599709,0.0 -54.31045846545,-25.2379232152848,0.0 -54.310518272251,-25.2378341507908,0.0 -54.3105825620869,-25.2377397532759,0.0 -54.310646913808,-25.2376290226429,0.0 -54.310708377393,-25.2375142686159,0.0 -54.310772687287,-25.2374009200649,0.0 -54.310838575734,-25.2372969856318,0.0 -54.310911410892,-25.2371839727729,0.0 -54.311033034831,-25.2369865676219,0.0 -54.311079367898,-25.2369055599119,0.0 -54.31113174304,-25.2368205109859,0.0 -54.31118719302,-25.2367219813899,0.0 -54.311238138229,-25.2366207526449,0.0 -54.311286068354,-25.2365167616379,0.0 -54.31133409757,-25.2364127724139,0.0 -54.311379079935,-25.2363074642639,0.0 -54.311419599145,-25.2362020748199,0.0 -54.311458588687,-25.2361075770669,0.0 -54.311493134756,-25.2360211203729,0.0 -54.3115531690839,-25.2358765592219,0.0 -54.311601225857,-25.2357577703069,0.0 -54.311622567953,-25.2356265826929,0.0 -54.311629219153,-25.2355182301249,0.0 -54.311618935067,-25.2353859251819,0.0 -54.311604490885,-25.235280347055,0.0 -54.31158126417,-25.2351410381239,0.0 -54.311593546573,-25.2350382929899,0.0 -54.311643012778,-25.2349410980839,0.0 -54.311698284665,-25.2348505966979,0.0 -54.311790946974,-25.2347427271769,0.0 -54.311893897589,-25.2346497547219,0.0 -54.312019201047,-25.234541937824,0.0 -54.3121400493569,-25.2344246542879,0.0 -54.312199793278,-25.2343518317299,0.0 -54.312310372827,-25.234200699952,0.0 -54.31235623562,-25.2341274441499,0.0 -54.312446606458,-25.2339658370209,0.0 -54.312522947156,-25.233824098952,0.0 -54.312593354781,-25.233690465083,0.0 -54.312678615159,-25.233544647763,0.0 -54.312765472165,-25.233389383775,0.0 -54.312840312561,-25.233243647428,0.0 -54.312924203696,-25.233092390337,0.0 -54.31300198123,-25.232957446414,0.0 -54.313069432329,-25.232818343773,0.0 -54.313133975477,-25.2326670954229,0.0 -54.313165492352,-25.23257390496,0.0 -54.313178901323,-25.232519099853,0.0 -54.313191225267,-25.232468516488,0.0 -54.313212435743,-25.2323522163869,0.0 -54.3132321863,-25.232234626294,0.0 -54.313253523627,-25.232117065065,0.0 -54.313273303843,-25.231998121831,0.0 -54.313294541891,-25.231880558782,0.0 -54.313315809644,-25.2317616426,0.0 -54.313337049571,-25.231643989326,0.0 -54.31336723511,-25.231521084138,0.0 -54.313404832957,-25.231399486976,0.0 -54.313442480289,-25.231284659031,0.0 -54.313477043166,-25.231179250622,0.0 -54.313505762558,-25.231077887133,0.0 -54.313529898007,-25.230981945152,0.0 -54.313570679084,-25.230769710149,0.0 -54.313586150486,-25.23064816159,0.0 -54.313597111382,-25.23050613572,0.0 -54.313600530983,-25.230377689814,0.0 -54.3136053687549,-25.230274989377,0.0 -54.313660852996,-25.23016562975,0.0 -54.313793215348,-25.230133564179,0.0 -54.313946362738,-25.230135357261,0.0 -54.3140460352,-25.230137079986,0.0 -54.314157485655,-25.230140099799,0.0 -54.314268936124,-25.230143119528,0.0 -54.314472678517,-25.230145110292,0.0 -54.314639117389,-25.23014705413,0.0 -54.314792324245,-25.230132603401,0.0 -54.314920320696,-25.230100547651,0.0 -54.315039476459,-25.230050913847,0.0 -54.315157193842,-25.2299809487671,0.0 -54.315319681908,-25.2298737143301,0.0 -54.315422497036,-25.229804651269,0.0 -54.315565629861,-25.2297022988451,0.0 -54.315713217288,-25.2295958759881,0.0 -54.315792242288,-25.2295393754141,0.0 -54.315881674479,-25.22947882246,0.0 -54.3159696089729,-25.2294141812181,0.0 -54.316048413503,-25.2293541569451,0.0 -54.316135112157,-25.229291568756,0.0 -54.316285622111,-25.229178520272,0.0 -54.316603311622,-25.2289252010781,0.0 -54.316703130117,-25.2288524727821,0.0 -54.316797063568,-25.2287811716401,0.0 -54.316901544599,-25.228694900969,0.0 -54.317020825596,-25.2285897672351,0.0 -54.317128249413,-25.2284914570621,0.0 -54.317208821237,-25.228405112754,0.0 -54.317280533268,-25.2283336783051,0.0 -54.317381907075,-25.2282352580121,0.0 -54.317459571281,-25.2281638413401,0.0 -54.317546055721,-25.2280883433331,0.0 -54.317643053921,-25.2279994092881,0.0 -54.317744427639,-25.227914525406,0.0 -54.31782050466,-25.2278430796871,0.0 -54.317926412362,-25.2277595414351,0.0 -54.318038250153,-25.227667988767,0.0 -54.318160487246,-25.2275817688,0.0 -54.318303563955,-25.2274862709571,0.0 -54.318387013384,-25.2274269613241,0.0 -54.318498476836,-25.227316269583,0.0 -54.318584030689,-25.2272153049701,0.0 -54.318687195931,-25.2270803670481,0.0 -54.3187857483529,-25.2269657406021,0.0 -54.318887121163,-25.2268536921341,0.0 -54.318933709969,-25.2267605931321,0.0 -54.318984770998,-25.2266173992141,0.0 -54.319017838575,-25.2265255888751,0.0 -54.319062918043,-25.2263972669581,0.0 -54.319106480141,-25.2262702711481,0.0 -54.319133576972,-25.2261702303541,0.0 -54.31915784175,-25.2260364768451,0.0 -54.319165818792,-25.2259080228481,0.0 -54.319166355299,-25.2257659873171,0.0 -54.319165225459,-25.2256592072421,0.0 -54.319162892777,-25.2254941974541,0.0 -54.319289307533,-25.2254797065281,0.0 -54.319426186468,-25.2254585468131,0.0 -54.31953918955,-25.2254494074221,0.0 -54.319675952417,-25.2254471065271,0.0 -54.319803825735,-25.2254475320151,0.0 -54.319915040808,-25.2255289656751,0.0 -54.32000829144,-25.2256333564381,0.0 -54.320080669237,-25.2257485587561,0.0 -54.3201234341529,-25.2258569065721,0.0 -54.320176449,-25.2259909796491,0.0 -54.320251804276,-25.2261061456851,0.0 -54.320328794056,-25.2261874995391,0.0 -54.320445943726,-25.2262879017051,0.0 -54.320574925905,-25.2263735378211,0.0 -54.320696566727,-25.2264455941681,0.0 -54.320822672426,-25.2265176411761,0.0 -54.320974055635,-25.2265952003361,0.0 -54.321119457061,-25.2266740947651,0.0 -54.321245670856,-25.2267231309621,0.0 -54.321382298951,-25.2267587289701,0.0 -54.321535315087,-25.2267754019201,0.0 -54.321686920494,-25.2267840173351,0.0 -54.321853441361,-25.2267910981791,0.0 -54.322042187125,-25.2268026428611,0.0 -54.322146223097,-25.2268043488161,0.0 -54.322251847818,-25.2268059932591,0.0 -54.32235740105,-25.2268063729021,0.0 -54.322555117262,-25.2268069794471,0.0 -54.322736466066,-25.2268074695061,0.0 -54.322867345907,-25.2268065932541,0.0 -54.323002652595,-25.2268029092921,0.0 -54.323170596967,-25.2267993655521,0.0 -54.323348998322,-25.2267985380021,0.0 -54.323453093678,-25.2267975367621,0.0 -54.323563141377,-25.2267965530751,0.0 -54.323673191057,-25.2267954790981,0.0 -54.323820609093,-25.2267959846411,0.0 -54.32387834736,-25.2267961284491,0.0 -54.323991342609,-25.2267964612841,0.0 -54.324113166214,-25.2267968637471,0.0 -54.32423657857,-25.2267972046491,0.0 -54.324360067562,-25.2267895150311,0.0 -54.324492416501,-25.2267804516541,0.0 -54.324623248214,-25.2267727143461,0.0 -54.324752619981,-25.2267636870441,0.0 -54.324882023338,-25.2267532162791,0.0 -54.325014342623,-25.2267455055661,0.0 -54.325151136964,-25.226741846567,0.0 -54.325209586,-25.2267397735018,0.0 -54.325290936111,-25.2267368881831,0.0 -54.325435111158,-25.2267359796971,0.0 -54.325583820524,-25.2267364166111,0.0 -54.325741159914,-25.2267369194021,0.0 -54.325888580066,-25.2267373326641,0.0 -54.326014898136,-25.2267363710101,0.0 -54.326130976774,-25.2267272822921,0.0 -54.326248463084,-25.2267128042621,0.0 -54.326380850473,-25.2266929104561,0.0 -54.326520627444,-25.2266662916711,0.0 -54.326661954624,-25.2266504399791,0.0 -54.326798825424,-25.2266387490071,0.0 -54.326931134261,-25.2266269753361,0.0 -54.32706348306,-25.2266179096221,0.0 -54.327186933921,-25.2266074193201,0.0 -54.327301455271,-25.2265969478061,0.0 -54.327401134751,-25.2265891857061,0.0 -54.327712076401,-25.2265705363901,0.0 -54.3278308903,-25.2265633909561,0.0 -54.327967700189,-25.2265408683611,0.0 -54.328077852605,-25.2265033338781,0.0 -54.328183569799,-25.2264644556381,0.0 -54.328295277604,-25.2264147660211,0.0 -54.328390588298,-25.2263663138641,0.0 -54.328465188173,-25.2262895109871,0.0 -54.328539868245,-25.2262044972011,0.0 -54.328601122715,-25.2261073281591,0.0 -54.328683431989,-25.2259683051531,0.0 -54.328718145419,-25.2258371750052,0.0 -54.328693246725,-25.2257235571482,0.0 -54.328662495193,-25.2255962966431,0.0 -54.32862580688,-25.2254501577451,0.0 -54.328598042763,-25.2253405490841,0.0 -54.328583465736,-25.2252403839591,0.0 -54.328551973172,-25.2251334152101,0.0 -54.328514418518,-25.2250359930431,0.0 -54.328453844821,-25.2249114419061,0.0 -54.328393344496,-25.2248016922931,0.0 -54.328313640813,-25.2246445775302,0.0 -54.328267853282,-25.2245470966352,0.0 -54.328208879172,-25.2244265451472,0.0 -54.328129108019,-25.2242816121912,0.0 -54.328077372163,-25.2241975604252,0.0 -54.327967908118,-25.2240403583561,0.0 -54.327874727961,-25.2239143146861,0.0 -54.327808140497,-25.2238289112072,0.0 -54.327713551452,-25.2236947198961,0.0 -54.327652461982,-25.2236074304391,0.0 -54.327559649734,-25.2235008862232,0.0 -54.327435133128,-25.2233787875832,0.0 -54.327362576469,-25.2233123176582,0.0 -54.327290019889,-25.2232458477052,0.0 -54.327212870001,-25.2231807385222,0.0 -54.327067602424,-25.2230639495452,0.0 -54.32692830453,-25.2229418537692,0.0 -54.326854241647,-25.2228807710762,0.0 -54.326708945179,-25.2227653349412,0.0 -54.326574006087,-25.2226662400302,0.0 -54.326427283309,-25.2225616072482,0.0 -54.326336772106,-25.2224950826182,0.0 -54.326246389774,-25.2224272065942,0.0 -54.326157465481,-25.2223607105922,0.0 -54.326068473695,-25.2222927693972,0.0 -54.325978062063,-25.2222262463732,0.0 -54.325890597972,-25.2221610400942,0.0 -54.325798580575,-25.2220999026062,0.0 -54.325702187517,-25.2220347150572,0.0 -54.325586489237,-25.2219586192262,0.0 -54.325454540765,-25.2218770850952,0.0 -54.325318048016,-25.2217901441082,0.0 -54.325209586,-25.2217266650353,0.0 -54.325178660292,-25.2217085652862,0.0 -54.325034660128,-25.2216337614392,0.0 -54.324902673812,-25.2215630555822,0.0 -54.324781005126,-25.2214923559952,0.0 -54.324652548816,-25.2214144942602,0.0 -54.324549612275,-25.2213536997612,0.0 -54.324432438188,-25.2212816374012,0.0 -54.324324121811,-25.2212082914892,0.0 -54.324175892719,-25.2210955975873,0.0 -54.324066109737,-25.2210303469912,0.0 -54.32395938175,-25.2209705663693,0.0 -54.323828709796,-25.2209214520073,0.0 -54.32366534968,-25.2208655183583,0.0 -54.3235301953,-25.2208353642292,0.0 -54.323359254452,-25.2208402082822,0.0 -54.323226612055,-25.2209127982212,0.0 -54.323102909163,-25.2210165943212,0.0 -54.323022295286,-25.2210826366122,0.0 -54.322935791647,-25.2211594015062,0.0 -54.322849355453,-25.2212376114843,0.0 -54.322759844935,-25.2213157656812,0.0 -54.322667359256,-25.2213938658882,0.0 -54.32257782911,-25.2214774343012,0.0 -54.32249433787,-25.2215570510952,0.0 -54.322416720814,-25.2216311791332,0.0 -54.322349539713,-25.2216999011212,0.0 -54.3222376239,-25.2218225907722,0.0 -54.322160017783,-25.2219143166152,0.0 -54.322101714464,-25.2219898775462,0.0 -54.322000119922,-25.2221169053722,0.0 -54.321932904413,-25.2222098121532,0.0 -54.321871665604,-25.2222880270972,0.0 -54.321807459884,-25.2223703394792,0.0 -54.32174764914,-25.2224512876012,0.0 -54.321686388664,-25.2225350069972,0.0 -54.321628107129,-25.2226185998902,0.0 -54.321574288124,-25.2227022736792,0.0 -54.321516004448,-25.2227859567232,0.0 -54.321460685567,-25.2228656324832,0.0 -54.321362002022,-25.2230046248862,0.0 -54.321281331321,-25.2231138923412,0.0 -54.321215549137,-25.2232137735681,0.0 -54.321130384793,-25.2233379400721,0.0 -54.321036254059,-25.2234728635122,0.0 -54.320979478619,-25.2235510687092,0.0 -54.320950930251,-25.2235907098522,0.0 -54.320850936505,-25.2237305805111,0.0 -54.32078514343,-25.2238264002782,0.0 -54.320489032384,-25.2242866017281,0.0 -54.320426176776,-25.2243932137211,0.0 -54.320360501658,-25.2244836206981,0.0 -54.320282725269,-25.2246010620171,0.0 -54.320204263231,-25.2247316665882,0.0 -54.3201360065,-25.2248764442281,0.0 -54.320070147163,-25.2249797527071,0.0 -54.319977605536,-25.2250963844292,0.0 -54.31990095259,-25.2251716113041,0.0 -54.31977185757,-25.2252404717591,0.0</coordinates>
</LinearRing>
</outerBoundaryIs>
</Polygon>
</Placemark>
</Folder>
</Document></kml>
