<?xml version='1.0' encoding='UTF-8'?>
<kml xmlns:xsd="http://www.w3.org/2001/XMLSchema" xmlns:gx="http://www.google.com/kml/ext/2.2" xmlns:atom="http://www.w3.org/2005/Atom" xmlns="http://www.opengis.net/kml/2.2">
<Document>
<name>cristopolis_2909703_localidades_2022</name>
<visibility>1</visibility>
<Schema name="Povoados" id="kml_schema_ft_Povoados">
<SimpleField type="xsd:string" name="CD_UF">
<displayName>CD_UF</displayName>
</SimpleField>
<SimpleField type="xsd:string" name="NM_UF">
<displayName>NM_UF</displayName>
</SimpleField>
<SimpleField type="xsd:string" name="SIGLA_UF">
<displayName>SIGLA_UF</displayName>
</SimpleField>
<SimpleField type="xsd:string" name="CD_MUN">
<displayName>CD_MUN</displayName>
</SimpleField>
<SimpleField type="xsd:string" name="NM_MUN">
<displayName>NM_MUN</displayName>
</SimpleField>
<SimpleField type="xsd:string" name="CD_RGINT">
<displayName>CD_RGINT</displayName>
</SimpleField>
<SimpleField type="xsd:string" name="NM_RGINT">
<displayName>NM_RGINT</displayName>
</SimpleField>
<SimpleField type="xsd:string" name="CD_RGI">
<displayName>CD_RGI</displayName>
</SimpleField>
<SimpleField type="xsd:string" name="NM_RGI">
<displayName>NM_RGI</displayName>
</SimpleField>
<SimpleField type="xsd:string" name="CT_LOCALIDADE">
<displayName>CT_LOCALIDADE</displayName>
</SimpleField>
<SimpleField type="xsd:string" name="CD_LOCALIDADE">
<displayName>CD_LOCALIDADE</displayName>
</SimpleField>
<SimpleField type="xsd:string" name="NM_LOCALIDADE">
<displayName>NM_LOCALIDADE</displayName>
</SimpleField>
<SimpleField type="xsd:string" name="LAT_LOCALIDADE">
<displayName>LAT_LOCALIDADE</displayName>
</SimpleField>
<SimpleField type="xsd:string" name="LONG_LOCALIDADE">
<displayName>LONG_LOCALIDADE</displayName>
</SimpleField>
</Schema>
<Schema name="Localidades" id="kml_schema_ft_Localidades">
<SimpleField type="xsd:string" name="CD_UF">
<displayName>CD_UF</displayName>
</SimpleField>
<SimpleField type="xsd:string" name="NM_UF">
<displayName>NM_UF</displayName>
</SimpleField>
<SimpleField type="xsd:string" name="SIGLA_UF">
<displayName>SIGLA_UF</displayName>
</SimpleField>
<SimpleField type="xsd:string" name="CD_MUN">
<displayName>CD_MUN</displayName>
</SimpleField>
<SimpleField type="xsd:string" name="NM_MUN">
<displayName>NM_MUN</displayName>
</SimpleField>
<SimpleField type="xsd:string" name="CD_RGINT">
<displayName>CD_RGINT</displayName>
</SimpleField>
<SimpleField type="xsd:string" name="NM_RGINT">
<displayName>NM_RGINT</displayName>
</SimpleField>
<SimpleField type="xsd:string" name="CD_RGI">
<displayName>CD_RGI</displayName>
</SimpleField>
<SimpleField type="xsd:string" name="NM_RGI">
<displayName>NM_RGI</displayName>
</SimpleField>
<SimpleField type="xsd:string" name="CT_LOCALIDADE">
<displayName>CT_LOCALIDADE</displayName>
</SimpleField>
<SimpleField type="xsd:string" name="SCT_LOCALIDADE">
<displayName>SCT_LOCALIDADE</displayName>
</SimpleField>
<SimpleField type="xsd:string" name="CD_LOCALIDADE">
<displayName>CD_LOCALIDADE</displayName>
</SimpleField>
<SimpleField type="xsd:string" name="NM_LOCALIDADE">
<displayName>NM_LOCALIDADE</displayName>
</SimpleField>
</Schema>
<Schema name="Núcleos Urbanos" id="kml_schema_ft_Núcleos_Urbanos">
<SimpleField type="xsd:string" name="CD_UF">
<displayName>CD_UF</displayName>
</SimpleField>
<SimpleField type="xsd:string" name="NM_UF">
<displayName>NM_UF</displayName>
</SimpleField>
<SimpleField type="xsd:string" name="SIGLA_UF">
<displayName>SIGLA_UF</displayName>
</SimpleField>
<SimpleField type="xsd:string" name="CD_MUN">
<displayName>CD_MUN</displayName>
</SimpleField>
<SimpleField type="xsd:string" name="NM_MUN">
<displayName>NM_MUN</displayName>
</SimpleField>
<SimpleField type="xsd:string" name="CD_RGINT">
<displayName>CD_RGINT</displayName>
</SimpleField>
<SimpleField type="xsd:string" name="NM_RGINT">
<displayName>NM_RGINT</displayName>
</SimpleField>
<SimpleField type="xsd:string" name="CD_RGI">
<displayName>CD_RGI</displayName>
</SimpleField>
<SimpleField type="xsd:string" name="NM_RGI">
<displayName>NM_RGI</displayName>
</SimpleField>
<SimpleField type="xsd:string" name="CT_LOCALIDADE">
<displayName>CT_LOCALIDADE</displayName>
</SimpleField>
<SimpleField type="xsd:string" name="CD_LOCALIDADE">
<displayName>CD_LOCALIDADE</displayName>
</SimpleField>
<SimpleField type="xsd:string" name="NM_LOCALIDADE">
<displayName>NM_LOCALIDADE</displayName>
</SimpleField>
<SimpleField type="xsd:string" name="LAT_LOCALIDADE">
<displayName>LAT_LOCALIDADE</displayName>
</SimpleField>
<SimpleField type="xsd:string" name="LONG_LOCALIDADE">
<displayName>LONG_LOCALIDADE</displayName>
</SimpleField>
</Schema>
<Schema name="01. Cidade" id="kml_schema_ft_01._Cidade">
<SimpleField type="xsd:string" name="CD_UF">
<displayName>CD_UF</displayName>
</SimpleField>
<SimpleField type="xsd:string" name="NM_UF">
<displayName>NM_UF</displayName>
</SimpleField>
<SimpleField type="xsd:string" name="SIGLA_UF">
<displayName>SIGLA_UF</displayName>
</SimpleField>
<SimpleField type="xsd:string" name="CD_MUN">
<displayName>CD_MUN</displayName>
</SimpleField>
<SimpleField type="xsd:string" name="NM_MUN">
<displayName>NM_MUN</displayName>
</SimpleField>
<SimpleField type="xsd:string" name="CD_RGINT">
<displayName>CD_RGINT</displayName>
</SimpleField>
<SimpleField type="xsd:string" name="NM_RGINT">
<displayName>NM_RGINT</displayName>
</SimpleField>
<SimpleField type="xsd:string" name="CD_RGI">
<displayName>CD_RGI</displayName>
</SimpleField>
<SimpleField type="xsd:string" name="NM_RGI">
<displayName>NM_RGI</displayName>
</SimpleField>
<SimpleField type="xsd:string" name="CT_LOCALIDADE">
<displayName>CT_LOCALIDADE</displayName>
</SimpleField>
<SimpleField type="xsd:string" name="SCT_LOCALIDADE">
<displayName>SCT_LOCALIDADE</displayName>
</SimpleField>
<SimpleField type="xsd:string" name="CD_LOCALIDADE">
<displayName>CD_LOCALIDADE</displayName>
</SimpleField>
<SimpleField type="xsd:string" name="NM_LOCALIDADE">
<displayName>NM_LOCALIDADE</displayName>
</SimpleField>
<SimpleField type="xsd:string" name="LAT_LOCALIDADE">
<displayName>LAT_LOCALIDADE</displayName>
</SimpleField>
<SimpleField type="xsd:string" name="LONG_LOCALIDADE">
<displayName>LONG_LOCALIDADE</displayName>
</SimpleField>
</Schema>
<Schema name="Município" id="kml_schema_ft_Município">
<SimpleField type="xsd:string" name="CD_UF">
<displayName>CD_UF</displayName>
</SimpleField>
<SimpleField type="xsd:string" name="NM_UF">
<displayName>NM_UF</displayName>
</SimpleField>
<SimpleField type="xsd:string" name="CD_MUN">
<displayName>CD_MUN</displayName>
</SimpleField>
<SimpleField type="xsd:string" name="NM_MUN">
<displayName>NM_MUN</displayName>
</SimpleField>
<SimpleField type="xsd:string" name="CD_RGINT">
<displayName>CD_RGINT</displayName>
</SimpleField>
<SimpleField type="xsd:string" name="NM_RGINT">
<displayName>NM_RGINT</displayName>
</SimpleField>
<SimpleField type="xsd:string" name="CD_RGI">
<displayName>CD_RGI</displayName>
</SimpleField>
<SimpleField type="xsd:string" name="NM_RGI">
<displayName>NM_RGI</displayName>
</SimpleField>
</Schema>
<Folder id="01. Cidade">
<name>01. Cidade</name>
<Folder id="01.03. Sede Municipal">
<name>01.03. Sede Municipal</name>
<Placemark id="01.03. Sede Municipal">
<name>Cristópolis [2909703]</name>
<visibility>1</visibility>
<snippet> </snippet>
<description>&lt;center&gt;&lt;table&gt;&lt;tr&gt;&lt;th colspan='2' align='center'&gt;&lt;em&gt;Atributos&lt;/em&gt;&lt;/th&gt;&lt;/tr&gt;&lt;tr bgcolor="#E3E3F3"&gt;
&lt;th&gt;CD_UF&lt;/th&gt;
&lt;td&gt;29&lt;/td&gt;
&lt;/tr&gt;&lt;tr bgcolor=""&gt;
&lt;th&gt;NM_UF&lt;/th&gt;
&lt;td&gt;Bahia&lt;/td&gt;
&lt;/tr&gt;&lt;tr bgcolor="#E3E3F3"&gt;
&lt;th&gt;SIGLA_UF&lt;/th&gt;
&lt;td&gt;BA&lt;/td&gt;
&lt;/tr&gt;&lt;tr bgcolor=""&gt;
&lt;th&gt;CD_MUN&lt;/th&gt;
&lt;td&gt;2909703&lt;/td&gt;
&lt;/tr&gt;&lt;tr bgcolor="#E3E3F3"&gt;
&lt;th&gt;NM_MUN&lt;/th&gt;
&lt;td&gt;Cristópolis&lt;/td&gt;
&lt;/tr&gt;&lt;tr bgcolor=""&gt;
&lt;th&gt;CD_RGINT&lt;/th&gt;
&lt;td&gt;2906&lt;/td&gt;
&lt;/tr&gt;&lt;tr bgcolor="#E3E3F3"&gt;
&lt;th&gt;NM_RGINT&lt;/th&gt;
&lt;td&gt;Barreiras&lt;/td&gt;
&lt;/tr&gt;&lt;tr bgcolor=""&gt;
&lt;th&gt;CD_RGI&lt;/th&gt;
&lt;td&gt;290018&lt;/td&gt;
&lt;/tr&gt;&lt;tr bgcolor="#E3E3F3"&gt;
&lt;th&gt;NM_RGI&lt;/th&gt;
&lt;td&gt;Barreiras&lt;/td&gt;
&lt;/tr&gt;&lt;tr bgcolor=""&gt;
&lt;th&gt;CT_LOCALIDADE&lt;/th&gt;
&lt;td&gt;Cidade&lt;/td&gt;
&lt;/tr&gt;&lt;tr bgcolor="#E3E3F3"&gt;
&lt;th&gt;SCT_LOCALIDADE&lt;/th&gt;
&lt;td&gt;Sede Municipal&lt;/td&gt;
&lt;/tr&gt;&lt;tr bgcolor=""&gt;
&lt;th&gt;CD_LOCALIDADE&lt;/th&gt;
&lt;td&gt;2909703&lt;/td&gt;
&lt;/tr&gt;&lt;tr bgcolor="#E3E3F3"&gt;
&lt;th&gt;NM_LOCALIDADE&lt;/th&gt;
&lt;td&gt;Cristópolis&lt;/td&gt;
&lt;/tr&gt;&lt;tr bgcolor=""&gt;
&lt;th&gt;LAT_LOCALIDADE&lt;/th&gt;
&lt;td&gt;-12.2333&lt;/td&gt;
&lt;/tr&gt;&lt;tr bgcolor="#E3E3F3"&gt;
&lt;th&gt;LONG_LOCALIDADE&lt;/th&gt;
&lt;td&gt;-44.4144&lt;/td&gt;
&lt;/tr&gt;&lt;/table&gt;&lt;/center&gt;</description>
<Style>
<IconStyle>
<color>ff00aaff</color>
<scale>1.0</scale>
<Icon>
<href>http://maps.google.com/mapfiles/kml/shapes/placemark_circle.png</href>
</Icon>
</IconStyle>
<LabelStyle>
<scale>1.0</scale>
</LabelStyle>
<LineStyle>
<color>ffffffff</color>
<width>3</width>
<gx:labelVisibility>1</gx:labelVisibility>
</LineStyle>
<PolyStyle>
<color>00ffffff</color>
</PolyStyle>
</Style>
<ExtendedData>
<SchemaData schemaUrl="#kml_schema_ft_01._Cidade">
<SimpleData name="CD_UF">29</SimpleData>
<SimpleData name="NM_UF">Bahia</SimpleData>
<SimpleData name="SIGLA_UF">BA</SimpleData>
<SimpleData name="CD_MUN">2909703</SimpleData>
<SimpleData name="NM_MUN">Cristópolis</SimpleData>
<SimpleData name="CD_RGINT">2906</SimpleData>
<SimpleData name="NM_RGINT">Barreiras</SimpleData>
<SimpleData name="CD_RGI">290018</SimpleData>
<SimpleData name="NM_RGI">Barreiras</SimpleData>
<SimpleData name="CT_LOCALIDADE">Cidade</SimpleData>
<SimpleData name="SCT_LOCALIDADE">Sede Municipal</SimpleData>
<SimpleData name="CD_LOCALIDADE">2909703</SimpleData>
<SimpleData name="NM_LOCALIDADE">Cristópolis</SimpleData>
<SimpleData name="LAT_LOCALIDADE">-12.2333</SimpleData>
<SimpleData name="LONG_LOCALIDADE">-44.4144</SimpleData>
</SchemaData>
</ExtendedData>
<Point>
<extrude>0</extrude>
<coordinates>-44.4144,-12.2332999996079,0.0</coordinates>
</Point>
</Placemark>
</Folder>
</Folder>
<Folder id="05. Núcleos Urbanos">
<name>05. Núcleos Urbanos</name>
<Placemark id="localidades">
<name>Cantinho [2909703001]</name>
<visibility>1</visibility>
<snippet> </snippet>
<description>&lt;center&gt;&lt;table&gt;&lt;tr&gt;&lt;th colspan='2' align='center'&gt;&lt;em&gt;Attributes&lt;/em&gt;&lt;/th&gt;&lt;/tr&gt;&lt;tr bgcolor="#E3E3F3"&gt;
&lt;th&gt;CD_UF&lt;/th&gt;
&lt;td&gt;29&lt;/td&gt;
&lt;/tr&gt;&lt;tr bgcolor=""&gt;
&lt;th&gt;NM_UF&lt;/th&gt;
&lt;td&gt;Bahia&lt;/td&gt;
&lt;/tr&gt;&lt;tr bgcolor="#E3E3F3"&gt;
&lt;th&gt;SIGLA_UF&lt;/th&gt;
&lt;td&gt;BA&lt;/td&gt;
&lt;/tr&gt;&lt;tr bgcolor=""&gt;
&lt;th&gt;CD_MUN&lt;/th&gt;
&lt;td&gt;2909703&lt;/td&gt;
&lt;/tr&gt;&lt;tr bgcolor="#E3E3F3"&gt;
&lt;th&gt;NM_MUN&lt;/th&gt;
&lt;td&gt;Cristópolis&lt;/td&gt;
&lt;/tr&gt;&lt;tr bgcolor=""&gt;
&lt;th&gt;CD_RGINT&lt;/th&gt;
&lt;td&gt;2906&lt;/td&gt;
&lt;/tr&gt;&lt;tr bgcolor="#E3E3F3"&gt;
&lt;th&gt;NM_RGINT&lt;/th&gt;
&lt;td&gt;Barreiras&lt;/td&gt;
&lt;/tr&gt;&lt;tr bgcolor=""&gt;
&lt;th&gt;CD_RGI&lt;/th&gt;
&lt;td&gt;290018&lt;/td&gt;
&lt;/tr&gt;&lt;tr bgcolor="#E3E3F3"&gt;
&lt;th&gt;NM_RGI&lt;/th&gt;
&lt;td&gt;Barreiras&lt;/td&gt;
&lt;/tr&gt;&lt;tr bgcolor=""&gt;
&lt;th&gt;CT_LOCALIDADE&lt;/th&gt;
&lt;td&gt;Núcleo Urbano&lt;/td&gt;
&lt;/tr&gt;&lt;tr bgcolor="#E3E3F3"&gt;
&lt;th&gt;CD_LOCALIDADE&lt;/th&gt;
&lt;td&gt;2909703001&lt;/td&gt;
&lt;/tr&gt;&lt;tr bgcolor=""&gt;
&lt;th&gt;NM_LOCALIDADE&lt;/th&gt;
&lt;td&gt;Cantinho&lt;/td&gt;
&lt;/tr&gt;&lt;tr bgcolor="#E3E3F3"&gt;
&lt;th&gt;LAT_LOCALIDADE&lt;/th&gt;
&lt;td&gt;-12.2309&lt;/td&gt;
&lt;/tr&gt;&lt;tr bgcolor=""&gt;
&lt;th&gt;LONG_LOCALIDADE&lt;/th&gt;
&lt;td&gt;-44.3607&lt;/td&gt;
&lt;/tr&gt;&lt;/table&gt;&lt;/center&gt;</description>
<Style>
<IconStyle>
<color>ff0000ff</color>
<scale>0.9</scale>
<Icon>
<href>http://maps.google.com/mapfiles/kml/shapes/placemark_circle.png</href>
</Icon>
</IconStyle>
<LabelStyle>
<scale>0.9</scale>
</LabelStyle>
<LineStyle>
<color>72ffffff</color>
<width>1.0</width>
<gx:labelVisibility>1</gx:labelVisibility>
</LineStyle>
<PolyStyle>
<color>66ff54ff</color>
</PolyStyle>
</Style>
<ExtendedData>
<SchemaData schemaUrl="#kml_schema_ft_Núcleos_Urbanos">
<SimpleData name="CD_UF">29</SimpleData>
<SimpleData name="NM_UF">Bahia</SimpleData>
<SimpleData name="SIGLA_UF">BA</SimpleData>
<SimpleData name="CD_MUN">2909703</SimpleData>
<SimpleData name="NM_MUN">Cristópolis</SimpleData>
<SimpleData name="CD_RGINT">2906</SimpleData>
<SimpleData name="NM_RGINT">Barreiras</SimpleData>
<SimpleData name="CD_RGI">290018</SimpleData>
<SimpleData name="NM_RGI">Barreiras</SimpleData>
<SimpleData name="CT_LOCALIDADE">Núcleo Urbano</SimpleData>
<SimpleData name="CD_LOCALIDADE">2909703001</SimpleData>
<SimpleData name="NM_LOCALIDADE">Cantinho</SimpleData>
<SimpleData name="LAT_LOCALIDADE">-12.2309</SimpleData>
<SimpleData name="LONG_LOCALIDADE">-44.3607</SimpleData>
</SchemaData>
</ExtendedData>
<Point>
<extrude>0</extrude>
<coordinates>-44.360682,-12.2308979996079,0.0</coordinates>
</Point>
</Placemark>
<Placemark id="localidades">
<name>Água Doce [2909703002]</name>
<visibility>1</visibility>
<snippet> </snippet>
<description>&lt;center&gt;&lt;table&gt;&lt;tr&gt;&lt;th colspan='2' align='center'&gt;&lt;em&gt;Attributes&lt;/em&gt;&lt;/th&gt;&lt;/tr&gt;&lt;tr bgcolor="#E3E3F3"&gt;
&lt;th&gt;CD_UF&lt;/th&gt;
&lt;td&gt;29&lt;/td&gt;
&lt;/tr&gt;&lt;tr bgcolor=""&gt;
&lt;th&gt;NM_UF&lt;/th&gt;
&lt;td&gt;Bahia&lt;/td&gt;
&lt;/tr&gt;&lt;tr bgcolor="#E3E3F3"&gt;
&lt;th&gt;SIGLA_UF&lt;/th&gt;
&lt;td&gt;BA&lt;/td&gt;
&lt;/tr&gt;&lt;tr bgcolor=""&gt;
&lt;th&gt;CD_MUN&lt;/th&gt;
&lt;td&gt;2909703&lt;/td&gt;
&lt;/tr&gt;&lt;tr bgcolor="#E3E3F3"&gt;
&lt;th&gt;NM_MUN&lt;/th&gt;
&lt;td&gt;Cristópolis&lt;/td&gt;
&lt;/tr&gt;&lt;tr bgcolor=""&gt;
&lt;th&gt;CD_RGINT&lt;/th&gt;
&lt;td&gt;2906&lt;/td&gt;
&lt;/tr&gt;&lt;tr bgcolor="#E3E3F3"&gt;
&lt;th&gt;NM_RGINT&lt;/th&gt;
&lt;td&gt;Barreiras&lt;/td&gt;
&lt;/tr&gt;&lt;tr bgcolor=""&gt;
&lt;th&gt;CD_RGI&lt;/th&gt;
&lt;td&gt;290018&lt;/td&gt;
&lt;/tr&gt;&lt;tr bgcolor="#E3E3F3"&gt;
&lt;th&gt;NM_RGI&lt;/th&gt;
&lt;td&gt;Barreiras&lt;/td&gt;
&lt;/tr&gt;&lt;tr bgcolor=""&gt;
&lt;th&gt;CT_LOCALIDADE&lt;/th&gt;
&lt;td&gt;Núcleo Urbano&lt;/td&gt;
&lt;/tr&gt;&lt;tr bgcolor="#E3E3F3"&gt;
&lt;th&gt;CD_LOCALIDADE&lt;/th&gt;
&lt;td&gt;2909703002&lt;/td&gt;
&lt;/tr&gt;&lt;tr bgcolor=""&gt;
&lt;th&gt;NM_LOCALIDADE&lt;/th&gt;
&lt;td&gt;Água Doce&lt;/td&gt;
&lt;/tr&gt;&lt;tr bgcolor="#E3E3F3"&gt;
&lt;th&gt;LAT_LOCALIDADE&lt;/th&gt;
&lt;td&gt;-12.2224&lt;/td&gt;
&lt;/tr&gt;&lt;tr bgcolor=""&gt;
&lt;th&gt;LONG_LOCALIDADE&lt;/th&gt;
&lt;td&gt;-44.2797&lt;/td&gt;
&lt;/tr&gt;&lt;/table&gt;&lt;/center&gt;</description>
<Style>
<IconStyle>
<color>ff0000ff</color>
<scale>0.9</scale>
<Icon>
<href>http://maps.google.com/mapfiles/kml/shapes/placemark_circle.png</href>
</Icon>
</IconStyle>
<LabelStyle>
<scale>0.9</scale>
</LabelStyle>
<LineStyle>
<color>72ffffff</color>
<width>1.0</width>
<gx:labelVisibility>1</gx:labelVisibility>
</LineStyle>
<PolyStyle>
<color>66ff54ff</color>
</PolyStyle>
</Style>
<ExtendedData>
<SchemaData schemaUrl="#kml_schema_ft_Núcleos_Urbanos">
<SimpleData name="CD_UF">29</SimpleData>
<SimpleData name="NM_UF">Bahia</SimpleData>
<SimpleData name="SIGLA_UF">BA</SimpleData>
<SimpleData name="CD_MUN">2909703</SimpleData>
<SimpleData name="NM_MUN">Cristópolis</SimpleData>
<SimpleData name="CD_RGINT">2906</SimpleData>
<SimpleData name="NM_RGINT">Barreiras</SimpleData>
<SimpleData name="CD_RGI">290018</SimpleData>
<SimpleData name="NM_RGI">Barreiras</SimpleData>
<SimpleData name="CT_LOCALIDADE">Núcleo Urbano</SimpleData>
<SimpleData name="CD_LOCALIDADE">2909703002</SimpleData>
<SimpleData name="NM_LOCALIDADE">Água Doce</SimpleData>
<SimpleData name="LAT_LOCALIDADE">-12.2224</SimpleData>
<SimpleData name="LONG_LOCALIDADE">-44.2797</SimpleData>
</SchemaData>
</ExtendedData>
<Point>
<extrude>0</extrude>
<coordinates>-44.279664,-12.2223619996082,0.0</coordinates>
</Point>
</Placemark>
</Folder>
<Folder id="06. Povoados">
<name>06. Povoados</name>
<Placemark id="06. Povoados">
<name>Mata do Cedro [290970300001]</name>
<visibility>1</visibility>
<snippet> </snippet>
<description>&lt;center&gt;&lt;table&gt;&lt;tr&gt;&lt;th colspan='2' align='center'&gt;&lt;em&gt;Atributos&lt;/em&gt;&lt;/th&gt;&lt;/tr&gt;&lt;tr bgcolor="#E3E3F3"&gt;
&lt;th&gt;CD_UF&lt;/th&gt;
&lt;td&gt;29&lt;/td&gt;
&lt;/tr&gt;&lt;tr bgcolor=""&gt;
&lt;th&gt;NM_UF&lt;/th&gt;
&lt;td&gt;Bahia&lt;/td&gt;
&lt;/tr&gt;&lt;tr bgcolor="#E3E3F3"&gt;
&lt;th&gt;SIGLA_UF&lt;/th&gt;
&lt;td&gt;BA&lt;/td&gt;
&lt;/tr&gt;&lt;tr bgcolor=""&gt;
&lt;th&gt;CD_MUN&lt;/th&gt;
&lt;td&gt;2909703&lt;/td&gt;
&lt;/tr&gt;&lt;tr bgcolor="#E3E3F3"&gt;
&lt;th&gt;NM_MUN&lt;/th&gt;
&lt;td&gt;Cristópolis&lt;/td&gt;
&lt;/tr&gt;&lt;tr bgcolor=""&gt;
&lt;th&gt;CD_RGINT&lt;/th&gt;
&lt;td&gt;2906&lt;/td&gt;
&lt;/tr&gt;&lt;tr bgcolor="#E3E3F3"&gt;
&lt;th&gt;NM_RGINT&lt;/th&gt;
&lt;td&gt;Barreiras&lt;/td&gt;
&lt;/tr&gt;&lt;tr bgcolor=""&gt;
&lt;th&gt;CD_RGI&lt;/th&gt;
&lt;td&gt;290018&lt;/td&gt;
&lt;/tr&gt;&lt;tr bgcolor="#E3E3F3"&gt;
&lt;th&gt;NM_RGI&lt;/th&gt;
&lt;td&gt;Barreiras&lt;/td&gt;
&lt;/tr&gt;&lt;tr bgcolor=""&gt;
&lt;th&gt;CT_LOCALIDADE&lt;/th&gt;
&lt;td&gt;Povoado&lt;/td&gt;
&lt;/tr&gt;&lt;tr bgcolor="#E3E3F3"&gt;
&lt;th&gt;CD_LOCALIDADE&lt;/th&gt;
&lt;td&gt;290970300001&lt;/td&gt;
&lt;/tr&gt;&lt;tr bgcolor=""&gt;
&lt;th&gt;NM_LOCALIDADE&lt;/th&gt;
&lt;td&gt;Mata do Cedro&lt;/td&gt;
&lt;/tr&gt;&lt;tr bgcolor="#E3E3F3"&gt;
&lt;th&gt;LAT_LOCALIDADE&lt;/th&gt;
&lt;td&gt;-12.2544&lt;/td&gt;
&lt;/tr&gt;&lt;tr bgcolor=""&gt;
&lt;th&gt;LONG_LOCALIDADE&lt;/th&gt;
&lt;td&gt;-44.4556&lt;/td&gt;
&lt;/tr&gt;&lt;/table&gt;&lt;/center&gt;</description>
<Style>
<IconStyle>
<color>ff00ff54</color>
<scale>0.8</scale>
<Icon>
<href>http://maps.google.com/mapfiles/kml/shapes/placemark_circle.png</href>
</Icon>
</IconStyle>
<LabelStyle>
<scale>0.8</scale>
</LabelStyle>
<LineStyle>
<color>72ff54ff</color>
<width>1.0</width>
<gx:labelVisibility>1</gx:labelVisibility>
</LineStyle>
<PolyStyle>
<color>66ff54ff</color>
</PolyStyle>
</Style>
<ExtendedData>
<SchemaData schemaUrl="#kml_schema_ft_Povoados">
<SimpleData name="CD_UF">29</SimpleData>
<SimpleData name="NM_UF">Bahia</SimpleData>
<SimpleData name="SIGLA_UF">BA</SimpleData>
<SimpleData name="CD_MUN">2909703</SimpleData>
<SimpleData name="NM_MUN">Cristópolis</SimpleData>
<SimpleData name="CD_RGINT">2906</SimpleData>
<SimpleData name="NM_RGINT">Barreiras</SimpleData>
<SimpleData name="CD_RGI">290018</SimpleData>
<SimpleData name="NM_RGI">Barreiras</SimpleData>
<SimpleData name="CT_LOCALIDADE">Povoado</SimpleData>
<SimpleData name="CD_LOCALIDADE">290970300001</SimpleData>
<SimpleData name="NM_LOCALIDADE">Mata do Cedro</SimpleData>
<SimpleData name="LAT_LOCALIDADE">-12.2544</SimpleData>
<SimpleData name="LONG_LOCALIDADE">-44.4556</SimpleData>
</SchemaData>
</ExtendedData>
<Point>
<extrude>0</extrude>
<coordinates>-44.4556018611111,-12.2543600181257,0.0</coordinates>
</Point>
</Placemark>
<Placemark id="06. Povoados">
<name>Sítio do Hermenegildo [290970300004]</name>
<visibility>1</visibility>
<snippet> </snippet>
<description>&lt;center&gt;&lt;table&gt;&lt;tr&gt;&lt;th colspan='2' align='center'&gt;&lt;em&gt;Atributos&lt;/em&gt;&lt;/th&gt;&lt;/tr&gt;&lt;tr bgcolor="#E3E3F3"&gt;
&lt;th&gt;CD_UF&lt;/th&gt;
&lt;td&gt;29&lt;/td&gt;
&lt;/tr&gt;&lt;tr bgcolor=""&gt;
&lt;th&gt;NM_UF&lt;/th&gt;
&lt;td&gt;Bahia&lt;/td&gt;
&lt;/tr&gt;&lt;tr bgcolor="#E3E3F3"&gt;
&lt;th&gt;SIGLA_UF&lt;/th&gt;
&lt;td&gt;BA&lt;/td&gt;
&lt;/tr&gt;&lt;tr bgcolor=""&gt;
&lt;th&gt;CD_MUN&lt;/th&gt;
&lt;td&gt;2909703&lt;/td&gt;
&lt;/tr&gt;&lt;tr bgcolor="#E3E3F3"&gt;
&lt;th&gt;NM_MUN&lt;/th&gt;
&lt;td&gt;Cristópolis&lt;/td&gt;
&lt;/tr&gt;&lt;tr bgcolor=""&gt;
&lt;th&gt;CD_RGINT&lt;/th&gt;
&lt;td&gt;2906&lt;/td&gt;
&lt;/tr&gt;&lt;tr bgcolor="#E3E3F3"&gt;
&lt;th&gt;NM_RGINT&lt;/th&gt;
&lt;td&gt;Barreiras&lt;/td&gt;
&lt;/tr&gt;&lt;tr bgcolor=""&gt;
&lt;th&gt;CD_RGI&lt;/th&gt;
&lt;td&gt;290018&lt;/td&gt;
&lt;/tr&gt;&lt;tr bgcolor="#E3E3F3"&gt;
&lt;th&gt;NM_RGI&lt;/th&gt;
&lt;td&gt;Barreiras&lt;/td&gt;
&lt;/tr&gt;&lt;tr bgcolor=""&gt;
&lt;th&gt;CT_LOCALIDADE&lt;/th&gt;
&lt;td&gt;Povoado&lt;/td&gt;
&lt;/tr&gt;&lt;tr bgcolor="#E3E3F3"&gt;
&lt;th&gt;CD_LOCALIDADE&lt;/th&gt;
&lt;td&gt;290970300004&lt;/td&gt;
&lt;/tr&gt;&lt;tr bgcolor=""&gt;
&lt;th&gt;NM_LOCALIDADE&lt;/th&gt;
&lt;td&gt;Sítio do Hermenegildo&lt;/td&gt;
&lt;/tr&gt;&lt;tr bgcolor="#E3E3F3"&gt;
&lt;th&gt;LAT_LOCALIDADE&lt;/th&gt;
&lt;td&gt;-12.118&lt;/td&gt;
&lt;/tr&gt;&lt;tr bgcolor=""&gt;
&lt;th&gt;LONG_LOCALIDADE&lt;/th&gt;
&lt;td&gt;-44.3565&lt;/td&gt;
&lt;/tr&gt;&lt;/table&gt;&lt;/center&gt;</description>
<Style>
<IconStyle>
<color>ff00ff54</color>
<scale>0.8</scale>
<Icon>
<href>http://maps.google.com/mapfiles/kml/shapes/placemark_circle.png</href>
</Icon>
</IconStyle>
<LabelStyle>
<scale>0.8</scale>
</LabelStyle>
<LineStyle>
<color>72ff54ff</color>
<width>1.0</width>
<gx:labelVisibility>1</gx:labelVisibility>
</LineStyle>
<PolyStyle>
<color>66ff54ff</color>
</PolyStyle>
</Style>
<ExtendedData>
<SchemaData schemaUrl="#kml_schema_ft_Povoados">
<SimpleData name="CD_UF">29</SimpleData>
<SimpleData name="NM_UF">Bahia</SimpleData>
<SimpleData name="SIGLA_UF">BA</SimpleData>
<SimpleData name="CD_MUN">2909703</SimpleData>
<SimpleData name="NM_MUN">Cristópolis</SimpleData>
<SimpleData name="CD_RGINT">2906</SimpleData>
<SimpleData name="NM_RGINT">Barreiras</SimpleData>
<SimpleData name="CD_RGI">290018</SimpleData>
<SimpleData name="NM_RGI">Barreiras</SimpleData>
<SimpleData name="CT_LOCALIDADE">Povoado</SimpleData>
<SimpleData name="CD_LOCALIDADE">290970300004</SimpleData>
<SimpleData name="NM_LOCALIDADE">Sítio do Hermenegildo</SimpleData>
<SimpleData name="LAT_LOCALIDADE">-12.118</SimpleData>
<SimpleData name="LONG_LOCALIDADE">-44.3565</SimpleData>
</SchemaData>
</ExtendedData>
<Point>
<extrude>0</extrude>
<coordinates>-44.3564809263803,-12.1179861550305,0.0</coordinates>
</Point>
</Placemark>
<Placemark id="06. Povoados">
<name>Santa Rosa [290970300005]</name>
<visibility>1</visibility>
<snippet> </snippet>
<description>&lt;center&gt;&lt;table&gt;&lt;tr&gt;&lt;th colspan='2' align='center'&gt;&lt;em&gt;Atributos&lt;/em&gt;&lt;/th&gt;&lt;/tr&gt;&lt;tr bgcolor="#E3E3F3"&gt;
&lt;th&gt;CD_UF&lt;/th&gt;
&lt;td&gt;29&lt;/td&gt;
&lt;/tr&gt;&lt;tr bgcolor=""&gt;
&lt;th&gt;NM_UF&lt;/th&gt;
&lt;td&gt;Bahia&lt;/td&gt;
&lt;/tr&gt;&lt;tr bgcolor="#E3E3F3"&gt;
&lt;th&gt;SIGLA_UF&lt;/th&gt;
&lt;td&gt;BA&lt;/td&gt;
&lt;/tr&gt;&lt;tr bgcolor=""&gt;
&lt;th&gt;CD_MUN&lt;/th&gt;
&lt;td&gt;2909703&lt;/td&gt;
&lt;/tr&gt;&lt;tr bgcolor="#E3E3F3"&gt;
&lt;th&gt;NM_MUN&lt;/th&gt;
&lt;td&gt;Cristópolis&lt;/td&gt;
&lt;/tr&gt;&lt;tr bgcolor=""&gt;
&lt;th&gt;CD_RGINT&lt;/th&gt;
&lt;td&gt;2906&lt;/td&gt;
&lt;/tr&gt;&lt;tr bgcolor="#E3E3F3"&gt;
&lt;th&gt;NM_RGINT&lt;/th&gt;
&lt;td&gt;Barreiras&lt;/td&gt;
&lt;/tr&gt;&lt;tr bgcolor=""&gt;
&lt;th&gt;CD_RGI&lt;/th&gt;
&lt;td&gt;290018&lt;/td&gt;
&lt;/tr&gt;&lt;tr bgcolor="#E3E3F3"&gt;
&lt;th&gt;NM_RGI&lt;/th&gt;
&lt;td&gt;Barreiras&lt;/td&gt;
&lt;/tr&gt;&lt;tr bgcolor=""&gt;
&lt;th&gt;CT_LOCALIDADE&lt;/th&gt;
&lt;td&gt;Povoado&lt;/td&gt;
&lt;/tr&gt;&lt;tr bgcolor="#E3E3F3"&gt;
&lt;th&gt;CD_LOCALIDADE&lt;/th&gt;
&lt;td&gt;290970300005&lt;/td&gt;
&lt;/tr&gt;&lt;tr bgcolor=""&gt;
&lt;th&gt;NM_LOCALIDADE&lt;/th&gt;
&lt;td&gt;Santa Rosa&lt;/td&gt;
&lt;/tr&gt;&lt;tr bgcolor="#E3E3F3"&gt;
&lt;th&gt;LAT_LOCALIDADE&lt;/th&gt;
&lt;td&gt;-12.2546&lt;/td&gt;
&lt;/tr&gt;&lt;tr bgcolor=""&gt;
&lt;th&gt;LONG_LOCALIDADE&lt;/th&gt;
&lt;td&gt;-44.3511&lt;/td&gt;
&lt;/tr&gt;&lt;/table&gt;&lt;/center&gt;</description>
<Style>
<IconStyle>
<color>ff00ff54</color>
<scale>0.8</scale>
<Icon>
<href>http://maps.google.com/mapfiles/kml/shapes/placemark_circle.png</href>
</Icon>
</IconStyle>
<LabelStyle>
<scale>0.8</scale>
</LabelStyle>
<LineStyle>
<color>72ff54ff</color>
<width>1.0</width>
<gx:labelVisibility>1</gx:labelVisibility>
</LineStyle>
<PolyStyle>
<color>66ff54ff</color>
</PolyStyle>
</Style>
<ExtendedData>
<SchemaData schemaUrl="#kml_schema_ft_Povoados">
<SimpleData name="CD_UF">29</SimpleData>
<SimpleData name="NM_UF">Bahia</SimpleData>
<SimpleData name="SIGLA_UF">BA</SimpleData>
<SimpleData name="CD_MUN">2909703</SimpleData>
<SimpleData name="NM_MUN">Cristópolis</SimpleData>
<SimpleData name="CD_RGINT">2906</SimpleData>
<SimpleData name="NM_RGINT">Barreiras</SimpleData>
<SimpleData name="CD_RGI">290018</SimpleData>
<SimpleData name="NM_RGI">Barreiras</SimpleData>
<SimpleData name="CT_LOCALIDADE">Povoado</SimpleData>
<SimpleData name="CD_LOCALIDADE">290970300005</SimpleData>
<SimpleData name="NM_LOCALIDADE">Santa Rosa</SimpleData>
<SimpleData name="LAT_LOCALIDADE">-12.2546</SimpleData>
<SimpleData name="LONG_LOCALIDADE">-44.3511</SimpleData>
</SchemaData>
</ExtendedData>
<Point>
<extrude>0</extrude>
<coordinates>-44.3510945609756,-12.2545779459486,0.0</coordinates>
</Point>
</Placemark>
<Placemark id="06. Povoados">
<name>Lagoa do Oscar [290970300006]</name>
<visibility>1</visibility>
<snippet> </snippet>
<description>&lt;center&gt;&lt;table&gt;&lt;tr&gt;&lt;th colspan='2' align='center'&gt;&lt;em&gt;Atributos&lt;/em&gt;&lt;/th&gt;&lt;/tr&gt;&lt;tr bgcolor="#E3E3F3"&gt;
&lt;th&gt;CD_UF&lt;/th&gt;
&lt;td&gt;29&lt;/td&gt;
&lt;/tr&gt;&lt;tr bgcolor=""&gt;
&lt;th&gt;NM_UF&lt;/th&gt;
&lt;td&gt;Bahia&lt;/td&gt;
&lt;/tr&gt;&lt;tr bgcolor="#E3E3F3"&gt;
&lt;th&gt;SIGLA_UF&lt;/th&gt;
&lt;td&gt;BA&lt;/td&gt;
&lt;/tr&gt;&lt;tr bgcolor=""&gt;
&lt;th&gt;CD_MUN&lt;/th&gt;
&lt;td&gt;2909703&lt;/td&gt;
&lt;/tr&gt;&lt;tr bgcolor="#E3E3F3"&gt;
&lt;th&gt;NM_MUN&lt;/th&gt;
&lt;td&gt;Cristópolis&lt;/td&gt;
&lt;/tr&gt;&lt;tr bgcolor=""&gt;
&lt;th&gt;CD_RGINT&lt;/th&gt;
&lt;td&gt;2906&lt;/td&gt;
&lt;/tr&gt;&lt;tr bgcolor="#E3E3F3"&gt;
&lt;th&gt;NM_RGINT&lt;/th&gt;
&lt;td&gt;Barreiras&lt;/td&gt;
&lt;/tr&gt;&lt;tr bgcolor=""&gt;
&lt;th&gt;CD_RGI&lt;/th&gt;
&lt;td&gt;290018&lt;/td&gt;
&lt;/tr&gt;&lt;tr bgcolor="#E3E3F3"&gt;
&lt;th&gt;NM_RGI&lt;/th&gt;
&lt;td&gt;Barreiras&lt;/td&gt;
&lt;/tr&gt;&lt;tr bgcolor=""&gt;
&lt;th&gt;CT_LOCALIDADE&lt;/th&gt;
&lt;td&gt;Povoado&lt;/td&gt;
&lt;/tr&gt;&lt;tr bgcolor="#E3E3F3"&gt;
&lt;th&gt;CD_LOCALIDADE&lt;/th&gt;
&lt;td&gt;290970300006&lt;/td&gt;
&lt;/tr&gt;&lt;tr bgcolor=""&gt;
&lt;th&gt;NM_LOCALIDADE&lt;/th&gt;
&lt;td&gt;Lagoa do Oscar&lt;/td&gt;
&lt;/tr&gt;&lt;tr bgcolor="#E3E3F3"&gt;
&lt;th&gt;LAT_LOCALIDADE&lt;/th&gt;
&lt;td&gt;-12.2236&lt;/td&gt;
&lt;/tr&gt;&lt;tr bgcolor=""&gt;
&lt;th&gt;LONG_LOCALIDADE&lt;/th&gt;
&lt;td&gt;-44.0688&lt;/td&gt;
&lt;/tr&gt;&lt;/table&gt;&lt;/center&gt;</description>
<Style>
<IconStyle>
<color>ff00ff54</color>
<scale>0.8</scale>
<Icon>
<href>http://maps.google.com/mapfiles/kml/shapes/placemark_circle.png</href>
</Icon>
</IconStyle>
<LabelStyle>
<scale>0.8</scale>
</LabelStyle>
<LineStyle>
<color>72ff54ff</color>
<width>1.0</width>
<gx:labelVisibility>1</gx:labelVisibility>
</LineStyle>
<PolyStyle>
<color>66ff54ff</color>
</PolyStyle>
</Style>
<ExtendedData>
<SchemaData schemaUrl="#kml_schema_ft_Povoados">
<SimpleData name="CD_UF">29</SimpleData>
<SimpleData name="NM_UF">Bahia</SimpleData>
<SimpleData name="SIGLA_UF">BA</SimpleData>
<SimpleData name="CD_MUN">2909703</SimpleData>
<SimpleData name="NM_MUN">Cristópolis</SimpleData>
<SimpleData name="CD_RGINT">2906</SimpleData>
<SimpleData name="NM_RGINT">Barreiras</SimpleData>
<SimpleData name="CD_RGI">290018</SimpleData>
<SimpleData name="NM_RGI">Barreiras</SimpleData>
<SimpleData name="CT_LOCALIDADE">Povoado</SimpleData>
<SimpleData name="CD_LOCALIDADE">290970300006</SimpleData>
<SimpleData name="NM_LOCALIDADE">Lagoa do Oscar</SimpleData>
<SimpleData name="LAT_LOCALIDADE">-12.2236</SimpleData>
<SimpleData name="LONG_LOCALIDADE">-44.0688</SimpleData>
</SchemaData>
</ExtendedData>
<Point>
<extrude>0</extrude>
<coordinates>-44.0688083323615,-12.2235979412991,0.0</coordinates>
</Point>
</Placemark>
<Placemark id="06. Povoados">
<name>Boa Vista [290970300008]</name>
<visibility>1</visibility>
<snippet> </snippet>
<description>&lt;center&gt;&lt;table&gt;&lt;tr&gt;&lt;th colspan='2' align='center'&gt;&lt;em&gt;Atributos&lt;/em&gt;&lt;/th&gt;&lt;/tr&gt;&lt;tr bgcolor="#E3E3F3"&gt;
&lt;th&gt;CD_UF&lt;/th&gt;
&lt;td&gt;29&lt;/td&gt;
&lt;/tr&gt;&lt;tr bgcolor=""&gt;
&lt;th&gt;NM_UF&lt;/th&gt;
&lt;td&gt;Bahia&lt;/td&gt;
&lt;/tr&gt;&lt;tr bgcolor="#E3E3F3"&gt;
&lt;th&gt;SIGLA_UF&lt;/th&gt;
&lt;td&gt;BA&lt;/td&gt;
&lt;/tr&gt;&lt;tr bgcolor=""&gt;
&lt;th&gt;CD_MUN&lt;/th&gt;
&lt;td&gt;2909703&lt;/td&gt;
&lt;/tr&gt;&lt;tr bgcolor="#E3E3F3"&gt;
&lt;th&gt;NM_MUN&lt;/th&gt;
&lt;td&gt;Cristópolis&lt;/td&gt;
&lt;/tr&gt;&lt;tr bgcolor=""&gt;
&lt;th&gt;CD_RGINT&lt;/th&gt;
&lt;td&gt;2906&lt;/td&gt;
&lt;/tr&gt;&lt;tr bgcolor="#E3E3F3"&gt;
&lt;th&gt;NM_RGINT&lt;/th&gt;
&lt;td&gt;Barreiras&lt;/td&gt;
&lt;/tr&gt;&lt;tr bgcolor=""&gt;
&lt;th&gt;CD_RGI&lt;/th&gt;
&lt;td&gt;290018&lt;/td&gt;
&lt;/tr&gt;&lt;tr bgcolor="#E3E3F3"&gt;
&lt;th&gt;NM_RGI&lt;/th&gt;
&lt;td&gt;Barreiras&lt;/td&gt;
&lt;/tr&gt;&lt;tr bgcolor=""&gt;
&lt;th&gt;CT_LOCALIDADE&lt;/th&gt;
&lt;td&gt;Povoado&lt;/td&gt;
&lt;/tr&gt;&lt;tr bgcolor="#E3E3F3"&gt;
&lt;th&gt;CD_LOCALIDADE&lt;/th&gt;
&lt;td&gt;290970300008&lt;/td&gt;
&lt;/tr&gt;&lt;tr bgcolor=""&gt;
&lt;th&gt;NM_LOCALIDADE&lt;/th&gt;
&lt;td&gt;Boa Vista&lt;/td&gt;
&lt;/tr&gt;&lt;tr bgcolor="#E3E3F3"&gt;
&lt;th&gt;LAT_LOCALIDADE&lt;/th&gt;
&lt;td&gt;-12.1283&lt;/td&gt;
&lt;/tr&gt;&lt;tr bgcolor=""&gt;
&lt;th&gt;LONG_LOCALIDADE&lt;/th&gt;
&lt;td&gt;-44.4461&lt;/td&gt;
&lt;/tr&gt;&lt;/table&gt;&lt;/center&gt;</description>
<Style>
<IconStyle>
<color>ff00ff54</color>
<scale>0.8</scale>
<Icon>
<href>http://maps.google.com/mapfiles/kml/shapes/placemark_circle.png</href>
</Icon>
</IconStyle>
<LabelStyle>
<scale>0.8</scale>
</LabelStyle>
<LineStyle>
<color>72ff54ff</color>
<width>1.0</width>
<gx:labelVisibility>1</gx:labelVisibility>
</LineStyle>
<PolyStyle>
<color>66ff54ff</color>
</PolyStyle>
</Style>
<ExtendedData>
<SchemaData schemaUrl="#kml_schema_ft_Povoados">
<SimpleData name="CD_UF">29</SimpleData>
<SimpleData name="NM_UF">Bahia</SimpleData>
<SimpleData name="SIGLA_UF">BA</SimpleData>
<SimpleData name="CD_MUN">2909703</SimpleData>
<SimpleData name="NM_MUN">Cristópolis</SimpleData>
<SimpleData name="CD_RGINT">2906</SimpleData>
<SimpleData name="NM_RGINT">Barreiras</SimpleData>
<SimpleData name="CD_RGI">290018</SimpleData>
<SimpleData name="NM_RGI">Barreiras</SimpleData>
<SimpleData name="CT_LOCALIDADE">Povoado</SimpleData>
<SimpleData name="CD_LOCALIDADE">290970300008</SimpleData>
<SimpleData name="NM_LOCALIDADE">Boa Vista</SimpleData>
<SimpleData name="LAT_LOCALIDADE">-12.1283</SimpleData>
<SimpleData name="LONG_LOCALIDADE">-44.4461</SimpleData>
</SchemaData>
</ExtendedData>
<Point>
<extrude>0</extrude>
<coordinates>-44.446065113402,-12.1282856181677,0.0</coordinates>
</Point>
</Placemark>
<Placemark id="06. Povoados">
<name>Cerquinha [290970300009]</name>
<visibility>1</visibility>
<snippet> </snippet>
<description>&lt;center&gt;&lt;table&gt;&lt;tr&gt;&lt;th colspan='2' align='center'&gt;&lt;em&gt;Atributos&lt;/em&gt;&lt;/th&gt;&lt;/tr&gt;&lt;tr bgcolor="#E3E3F3"&gt;
&lt;th&gt;CD_UF&lt;/th&gt;
&lt;td&gt;29&lt;/td&gt;
&lt;/tr&gt;&lt;tr bgcolor=""&gt;
&lt;th&gt;NM_UF&lt;/th&gt;
&lt;td&gt;Bahia&lt;/td&gt;
&lt;/tr&gt;&lt;tr bgcolor="#E3E3F3"&gt;
&lt;th&gt;SIGLA_UF&lt;/th&gt;
&lt;td&gt;BA&lt;/td&gt;
&lt;/tr&gt;&lt;tr bgcolor=""&gt;
&lt;th&gt;CD_MUN&lt;/th&gt;
&lt;td&gt;2909703&lt;/td&gt;
&lt;/tr&gt;&lt;tr bgcolor="#E3E3F3"&gt;
&lt;th&gt;NM_MUN&lt;/th&gt;
&lt;td&gt;Cristópolis&lt;/td&gt;
&lt;/tr&gt;&lt;tr bgcolor=""&gt;
&lt;th&gt;CD_RGINT&lt;/th&gt;
&lt;td&gt;2906&lt;/td&gt;
&lt;/tr&gt;&lt;tr bgcolor="#E3E3F3"&gt;
&lt;th&gt;NM_RGINT&lt;/th&gt;
&lt;td&gt;Barreiras&lt;/td&gt;
&lt;/tr&gt;&lt;tr bgcolor=""&gt;
&lt;th&gt;CD_RGI&lt;/th&gt;
&lt;td&gt;290018&lt;/td&gt;
&lt;/tr&gt;&lt;tr bgcolor="#E3E3F3"&gt;
&lt;th&gt;NM_RGI&lt;/th&gt;
&lt;td&gt;Barreiras&lt;/td&gt;
&lt;/tr&gt;&lt;tr bgcolor=""&gt;
&lt;th&gt;CT_LOCALIDADE&lt;/th&gt;
&lt;td&gt;Povoado&lt;/td&gt;
&lt;/tr&gt;&lt;tr bgcolor="#E3E3F3"&gt;
&lt;th&gt;CD_LOCALIDADE&lt;/th&gt;
&lt;td&gt;290970300009&lt;/td&gt;
&lt;/tr&gt;&lt;tr bgcolor=""&gt;
&lt;th&gt;NM_LOCALIDADE&lt;/th&gt;
&lt;td&gt;Cerquinha&lt;/td&gt;
&lt;/tr&gt;&lt;tr bgcolor="#E3E3F3"&gt;
&lt;th&gt;LAT_LOCALIDADE&lt;/th&gt;
&lt;td&gt;-12.2223&lt;/td&gt;
&lt;/tr&gt;&lt;tr bgcolor=""&gt;
&lt;th&gt;LONG_LOCALIDADE&lt;/th&gt;
&lt;td&gt;-44.3798&lt;/td&gt;
&lt;/tr&gt;&lt;/table&gt;&lt;/center&gt;</description>
<Style>
<IconStyle>
<color>ff00ff54</color>
<scale>0.8</scale>
<Icon>
<href>http://maps.google.com/mapfiles/kml/shapes/placemark_circle.png</href>
</Icon>
</IconStyle>
<LabelStyle>
<scale>0.8</scale>
</LabelStyle>
<LineStyle>
<color>72ff54ff</color>
<width>1.0</width>
<gx:labelVisibility>1</gx:labelVisibility>
</LineStyle>
<PolyStyle>
<color>66ff54ff</color>
</PolyStyle>
</Style>
<ExtendedData>
<SchemaData schemaUrl="#kml_schema_ft_Povoados">
<SimpleData name="CD_UF">29</SimpleData>
<SimpleData name="NM_UF">Bahia</SimpleData>
<SimpleData name="SIGLA_UF">BA</SimpleData>
<SimpleData name="CD_MUN">2909703</SimpleData>
<SimpleData name="NM_MUN">Cristópolis</SimpleData>
<SimpleData name="CD_RGINT">2906</SimpleData>
<SimpleData name="NM_RGINT">Barreiras</SimpleData>
<SimpleData name="CD_RGI">290018</SimpleData>
<SimpleData name="NM_RGI">Barreiras</SimpleData>
<SimpleData name="CT_LOCALIDADE">Povoado</SimpleData>
<SimpleData name="CD_LOCALIDADE">290970300009</SimpleData>
<SimpleData name="NM_LOCALIDADE">Cerquinha</SimpleData>
<SimpleData name="LAT_LOCALIDADE">-12.2223</SimpleData>
<SimpleData name="LONG_LOCALIDADE">-44.3798</SimpleData>
</SchemaData>
</ExtendedData>
<Point>
<extrude>0</extrude>
<coordinates>-44.3798469717514,-12.2223244007381,0.0</coordinates>
</Point>
</Placemark>
</Folder>
<Folder id="12. Outras Localidades">
<name>12. Outras Localidades</name>
<Placemark id="12. Outras Localidades">
<name>Vereda Alegre [290970300010]</name>
<visibility>1</visibility>
<snippet> </snippet>
<description>&lt;center&gt;&lt;table&gt;&lt;tr&gt;&lt;th colspan='2' align='center'&gt;&lt;em&gt;Attributes&lt;/em&gt;&lt;/th&gt;&lt;/tr&gt;&lt;tr bgcolor="#E3E3F3"&gt;
&lt;th&gt;CD_UF&lt;/th&gt;
&lt;td&gt;29&lt;/td&gt;
&lt;/tr&gt;&lt;tr bgcolor=""&gt;
&lt;th&gt;NM_UF&lt;/th&gt;
&lt;td&gt;Bahia&lt;/td&gt;
&lt;/tr&gt;&lt;tr bgcolor="#E3E3F3"&gt;
&lt;th&gt;SIGLA_UF&lt;/th&gt;
&lt;td&gt;BA&lt;/td&gt;
&lt;/tr&gt;&lt;tr bgcolor=""&gt;
&lt;th&gt;CD_MUN&lt;/th&gt;
&lt;td&gt;2909703&lt;/td&gt;
&lt;/tr&gt;&lt;tr bgcolor="#E3E3F3"&gt;
&lt;th&gt;NM_MUN&lt;/th&gt;
&lt;td&gt;Cristópolis&lt;/td&gt;
&lt;/tr&gt;&lt;tr bgcolor=""&gt;
&lt;th&gt;CD_RGINT&lt;/th&gt;
&lt;td&gt;2906&lt;/td&gt;
&lt;/tr&gt;&lt;tr bgcolor="#E3E3F3"&gt;
&lt;th&gt;NM_RGINT&lt;/th&gt;
&lt;td&gt;Barreiras&lt;/td&gt;
&lt;/tr&gt;&lt;tr bgcolor=""&gt;
&lt;th&gt;CD_RGI&lt;/th&gt;
&lt;td&gt;290018&lt;/td&gt;
&lt;/tr&gt;&lt;tr bgcolor="#E3E3F3"&gt;
&lt;th&gt;NM_RGI&lt;/th&gt;
&lt;td&gt;Barreiras&lt;/td&gt;
&lt;/tr&gt;&lt;tr bgcolor=""&gt;
&lt;th&gt;CT_LOCALIDADE&lt;/th&gt;
&lt;td&gt;Outras Localidades&lt;/td&gt;
&lt;/tr&gt;&lt;tr bgcolor="#E3E3F3"&gt;
&lt;th&gt;SCT_LOCALIDADE&lt;/th&gt;
&lt;td&gt;&lt;/td&gt;
&lt;/tr&gt;&lt;tr bgcolor=""&gt;
&lt;th&gt;CD_LOCALIDADE&lt;/th&gt;
&lt;td&gt;290970300010&lt;/td&gt;
&lt;/tr&gt;&lt;tr bgcolor="#E3E3F3"&gt;
&lt;th&gt;NM_LOCALIDADE&lt;/th&gt;
&lt;td&gt;Vereda Alegre&lt;/td&gt;
&lt;/tr&gt;&lt;/table&gt;&lt;/center&gt;</description>
<Style>
<IconStyle>
<color>ff0069d3</color>
<scale>0.6</scale>
<Icon>
<href>http://maps.google.com/mapfiles/kml/shapes/placemark_circle.png</href>
</Icon>
</IconStyle>
<LabelStyle>
<scale>0.6</scale>
</LabelStyle>
<LineStyle>
<width>1.0</width>
<gx:labelVisibility>1</gx:labelVisibility>
</LineStyle>
</Style>
<ExtendedData>
<SchemaData schemaUrl="#kml_schema_ft_Localidades">
<SimpleData name="CD_UF">29</SimpleData>
<SimpleData name="NM_UF">Bahia</SimpleData>
<SimpleData name="SIGLA_UF">BA</SimpleData>
<SimpleData name="CD_MUN">2909703</SimpleData>
<SimpleData name="NM_MUN">Cristópolis</SimpleData>
<SimpleData name="CD_RGINT">2906</SimpleData>
<SimpleData name="NM_RGINT">Barreiras</SimpleData>
<SimpleData name="CD_RGI">290018</SimpleData>
<SimpleData name="NM_RGI">Barreiras</SimpleData>
<SimpleData name="CT_LOCALIDADE">Outras Localidades</SimpleData>
<SimpleData name="CD_LOCALIDADE">290970300010</SimpleData>
<SimpleData name="NM_LOCALIDADE">Vereda Alegre</SimpleData>
</SchemaData>
</ExtendedData>
<Point>
<extrude>0</extrude>
<coordinates>-44.4146473,-12.1642356996099,0.0</coordinates>
</Point>
</Placemark>
<Placemark id="12. Outras Localidades">
<name>Vereda do Banho [290970300012]</name>
<visibility>1</visibility>
<snippet> </snippet>
<description>&lt;center&gt;&lt;table&gt;&lt;tr&gt;&lt;th colspan='2' align='center'&gt;&lt;em&gt;Attributes&lt;/em&gt;&lt;/th&gt;&lt;/tr&gt;&lt;tr bgcolor="#E3E3F3"&gt;
&lt;th&gt;CD_UF&lt;/th&gt;
&lt;td&gt;29&lt;/td&gt;
&lt;/tr&gt;&lt;tr bgcolor=""&gt;
&lt;th&gt;NM_UF&lt;/th&gt;
&lt;td&gt;Bahia&lt;/td&gt;
&lt;/tr&gt;&lt;tr bgcolor="#E3E3F3"&gt;
&lt;th&gt;SIGLA_UF&lt;/th&gt;
&lt;td&gt;BA&lt;/td&gt;
&lt;/tr&gt;&lt;tr bgcolor=""&gt;
&lt;th&gt;CD_MUN&lt;/th&gt;
&lt;td&gt;2909703&lt;/td&gt;
&lt;/tr&gt;&lt;tr bgcolor="#E3E3F3"&gt;
&lt;th&gt;NM_MUN&lt;/th&gt;
&lt;td&gt;Cristópolis&lt;/td&gt;
&lt;/tr&gt;&lt;tr bgcolor=""&gt;
&lt;th&gt;CD_RGINT&lt;/th&gt;
&lt;td&gt;2906&lt;/td&gt;
&lt;/tr&gt;&lt;tr bgcolor="#E3E3F3"&gt;
&lt;th&gt;NM_RGINT&lt;/th&gt;
&lt;td&gt;Barreiras&lt;/td&gt;
&lt;/tr&gt;&lt;tr bgcolor=""&gt;
&lt;th&gt;CD_RGI&lt;/th&gt;
&lt;td&gt;290018&lt;/td&gt;
&lt;/tr&gt;&lt;tr bgcolor="#E3E3F3"&gt;
&lt;th&gt;NM_RGI&lt;/th&gt;
&lt;td&gt;Barreiras&lt;/td&gt;
&lt;/tr&gt;&lt;tr bgcolor=""&gt;
&lt;th&gt;CT_LOCALIDADE&lt;/th&gt;
&lt;td&gt;Outras Localidades&lt;/td&gt;
&lt;/tr&gt;&lt;tr bgcolor="#E3E3F3"&gt;
&lt;th&gt;SCT_LOCALIDADE&lt;/th&gt;
&lt;td&gt;&lt;/td&gt;
&lt;/tr&gt;&lt;tr bgcolor=""&gt;
&lt;th&gt;CD_LOCALIDADE&lt;/th&gt;
&lt;td&gt;290970300012&lt;/td&gt;
&lt;/tr&gt;&lt;tr bgcolor="#E3E3F3"&gt;
&lt;th&gt;NM_LOCALIDADE&lt;/th&gt;
&lt;td&gt;Vereda do Banho&lt;/td&gt;
&lt;/tr&gt;&lt;/table&gt;&lt;/center&gt;</description>
<Style>
<IconStyle>
<color>ff0069d3</color>
<scale>0.6</scale>
<Icon>
<href>http://maps.google.com/mapfiles/kml/shapes/placemark_circle.png</href>
</Icon>
</IconStyle>
<LabelStyle>
<scale>0.6</scale>
</LabelStyle>
<LineStyle>
<width>1.0</width>
<gx:labelVisibility>1</gx:labelVisibility>
</LineStyle>
</Style>
<ExtendedData>
<SchemaData schemaUrl="#kml_schema_ft_Localidades">
<SimpleData name="CD_UF">29</SimpleData>
<SimpleData name="NM_UF">Bahia</SimpleData>
<SimpleData name="SIGLA_UF">BA</SimpleData>
<SimpleData name="CD_MUN">2909703</SimpleData>
<SimpleData name="NM_MUN">Cristópolis</SimpleData>
<SimpleData name="CD_RGINT">2906</SimpleData>
<SimpleData name="NM_RGINT">Barreiras</SimpleData>
<SimpleData name="CD_RGI">290018</SimpleData>
<SimpleData name="NM_RGI">Barreiras</SimpleData>
<SimpleData name="CT_LOCALIDADE">Outras Localidades</SimpleData>
<SimpleData name="CD_LOCALIDADE">290970300012</SimpleData>
<SimpleData name="NM_LOCALIDADE">Vereda do Banho</SimpleData>
</SchemaData>
</ExtendedData>
<Point>
<extrude>0</extrude>
<coordinates>-44.4689661,-12.2058693996087,0.0</coordinates>
</Point>
</Placemark>
<Placemark id="12. Outras Localidades">
<name>Marrecas [290970300013]</name>
<visibility>1</visibility>
<snippet> </snippet>
<description>&lt;center&gt;&lt;table&gt;&lt;tr&gt;&lt;th colspan='2' align='center'&gt;&lt;em&gt;Attributes&lt;/em&gt;&lt;/th&gt;&lt;/tr&gt;&lt;tr bgcolor="#E3E3F3"&gt;
&lt;th&gt;CD_UF&lt;/th&gt;
&lt;td&gt;29&lt;/td&gt;
&lt;/tr&gt;&lt;tr bgcolor=""&gt;
&lt;th&gt;NM_UF&lt;/th&gt;
&lt;td&gt;Bahia&lt;/td&gt;
&lt;/tr&gt;&lt;tr bgcolor="#E3E3F3"&gt;
&lt;th&gt;SIGLA_UF&lt;/th&gt;
&lt;td&gt;BA&lt;/td&gt;
&lt;/tr&gt;&lt;tr bgcolor=""&gt;
&lt;th&gt;CD_MUN&lt;/th&gt;
&lt;td&gt;2909703&lt;/td&gt;
&lt;/tr&gt;&lt;tr bgcolor="#E3E3F3"&gt;
&lt;th&gt;NM_MUN&lt;/th&gt;
&lt;td&gt;Cristópolis&lt;/td&gt;
&lt;/tr&gt;&lt;tr bgcolor=""&gt;
&lt;th&gt;CD_RGINT&lt;/th&gt;
&lt;td&gt;2906&lt;/td&gt;
&lt;/tr&gt;&lt;tr bgcolor="#E3E3F3"&gt;
&lt;th&gt;NM_RGINT&lt;/th&gt;
&lt;td&gt;Barreiras&lt;/td&gt;
&lt;/tr&gt;&lt;tr bgcolor=""&gt;
&lt;th&gt;CD_RGI&lt;/th&gt;
&lt;td&gt;290018&lt;/td&gt;
&lt;/tr&gt;&lt;tr bgcolor="#E3E3F3"&gt;
&lt;th&gt;NM_RGI&lt;/th&gt;
&lt;td&gt;Barreiras&lt;/td&gt;
&lt;/tr&gt;&lt;tr bgcolor=""&gt;
&lt;th&gt;CT_LOCALIDADE&lt;/th&gt;
&lt;td&gt;Outras Localidades&lt;/td&gt;
&lt;/tr&gt;&lt;tr bgcolor="#E3E3F3"&gt;
&lt;th&gt;SCT_LOCALIDADE&lt;/th&gt;
&lt;td&gt;&lt;/td&gt;
&lt;/tr&gt;&lt;tr bgcolor=""&gt;
&lt;th&gt;CD_LOCALIDADE&lt;/th&gt;
&lt;td&gt;290970300013&lt;/td&gt;
&lt;/tr&gt;&lt;tr bgcolor="#E3E3F3"&gt;
&lt;th&gt;NM_LOCALIDADE&lt;/th&gt;
&lt;td&gt;Marrecas&lt;/td&gt;
&lt;/tr&gt;&lt;/table&gt;&lt;/center&gt;</description>
<Style>
<IconStyle>
<color>ff0069d3</color>
<scale>0.6</scale>
<Icon>
<href>http://maps.google.com/mapfiles/kml/shapes/placemark_circle.png</href>
</Icon>
</IconStyle>
<LabelStyle>
<scale>0.6</scale>
</LabelStyle>
<LineStyle>
<width>1.0</width>
<gx:labelVisibility>1</gx:labelVisibility>
</LineStyle>
</Style>
<ExtendedData>
<SchemaData schemaUrl="#kml_schema_ft_Localidades">
<SimpleData name="CD_UF">29</SimpleData>
<SimpleData name="NM_UF">Bahia</SimpleData>
<SimpleData name="SIGLA_UF">BA</SimpleData>
<SimpleData name="CD_MUN">2909703</SimpleData>
<SimpleData name="NM_MUN">Cristópolis</SimpleData>
<SimpleData name="CD_RGINT">2906</SimpleData>
<SimpleData name="NM_RGINT">Barreiras</SimpleData>
<SimpleData name="CD_RGI">290018</SimpleData>
<SimpleData name="NM_RGI">Barreiras</SimpleData>
<SimpleData name="CT_LOCALIDADE">Outras Localidades</SimpleData>
<SimpleData name="CD_LOCALIDADE">290970300013</SimpleData>
<SimpleData name="NM_LOCALIDADE">Marrecas</SimpleData>
</SchemaData>
</ExtendedData>
<Point>
<extrude>0</extrude>
<coordinates>-44.4355573,-12.2936840996061,0.0</coordinates>
</Point>
</Placemark>
<Placemark id="12. Outras Localidades">
<name>Estribeira [290970300014]</name>
<visibility>1</visibility>
<snippet> </snippet>
<description>&lt;center&gt;&lt;table&gt;&lt;tr&gt;&lt;th colspan='2' align='center'&gt;&lt;em&gt;Attributes&lt;/em&gt;&lt;/th&gt;&lt;/tr&gt;&lt;tr bgcolor="#E3E3F3"&gt;
&lt;th&gt;CD_UF&lt;/th&gt;
&lt;td&gt;29&lt;/td&gt;
&lt;/tr&gt;&lt;tr bgcolor=""&gt;
&lt;th&gt;NM_UF&lt;/th&gt;
&lt;td&gt;Bahia&lt;/td&gt;
&lt;/tr&gt;&lt;tr bgcolor="#E3E3F3"&gt;
&lt;th&gt;SIGLA_UF&lt;/th&gt;
&lt;td&gt;BA&lt;/td&gt;
&lt;/tr&gt;&lt;tr bgcolor=""&gt;
&lt;th&gt;CD_MUN&lt;/th&gt;
&lt;td&gt;2909703&lt;/td&gt;
&lt;/tr&gt;&lt;tr bgcolor="#E3E3F3"&gt;
&lt;th&gt;NM_MUN&lt;/th&gt;
&lt;td&gt;Cristópolis&lt;/td&gt;
&lt;/tr&gt;&lt;tr bgcolor=""&gt;
&lt;th&gt;CD_RGINT&lt;/th&gt;
&lt;td&gt;2906&lt;/td&gt;
&lt;/tr&gt;&lt;tr bgcolor="#E3E3F3"&gt;
&lt;th&gt;NM_RGINT&lt;/th&gt;
&lt;td&gt;Barreiras&lt;/td&gt;
&lt;/tr&gt;&lt;tr bgcolor=""&gt;
&lt;th&gt;CD_RGI&lt;/th&gt;
&lt;td&gt;290018&lt;/td&gt;
&lt;/tr&gt;&lt;tr bgcolor="#E3E3F3"&gt;
&lt;th&gt;NM_RGI&lt;/th&gt;
&lt;td&gt;Barreiras&lt;/td&gt;
&lt;/tr&gt;&lt;tr bgcolor=""&gt;
&lt;th&gt;CT_LOCALIDADE&lt;/th&gt;
&lt;td&gt;Outras Localidades&lt;/td&gt;
&lt;/tr&gt;&lt;tr bgcolor="#E3E3F3"&gt;
&lt;th&gt;SCT_LOCALIDADE&lt;/th&gt;
&lt;td&gt;&lt;/td&gt;
&lt;/tr&gt;&lt;tr bgcolor=""&gt;
&lt;th&gt;CD_LOCALIDADE&lt;/th&gt;
&lt;td&gt;290970300014&lt;/td&gt;
&lt;/tr&gt;&lt;tr bgcolor="#E3E3F3"&gt;
&lt;th&gt;NM_LOCALIDADE&lt;/th&gt;
&lt;td&gt;Estribeira&lt;/td&gt;
&lt;/tr&gt;&lt;/table&gt;&lt;/center&gt;</description>
<Style>
<IconStyle>
<color>ff0069d3</color>
<scale>0.6</scale>
<Icon>
<href>http://maps.google.com/mapfiles/kml/shapes/placemark_circle.png</href>
</Icon>
</IconStyle>
<LabelStyle>
<scale>0.6</scale>
</LabelStyle>
<LineStyle>
<width>1.0</width>
<gx:labelVisibility>1</gx:labelVisibility>
</LineStyle>
</Style>
<ExtendedData>
<SchemaData schemaUrl="#kml_schema_ft_Localidades">
<SimpleData name="CD_UF">29</SimpleData>
<SimpleData name="NM_UF">Bahia</SimpleData>
<SimpleData name="SIGLA_UF">BA</SimpleData>
<SimpleData name="CD_MUN">2909703</SimpleData>
<SimpleData name="NM_MUN">Cristópolis</SimpleData>
<SimpleData name="CD_RGINT">2906</SimpleData>
<SimpleData name="NM_RGINT">Barreiras</SimpleData>
<SimpleData name="CD_RGI">290018</SimpleData>
<SimpleData name="NM_RGI">Barreiras</SimpleData>
<SimpleData name="CT_LOCALIDADE">Outras Localidades</SimpleData>
<SimpleData name="CD_LOCALIDADE">290970300014</SimpleData>
<SimpleData name="NM_LOCALIDADE">Estribeira</SimpleData>
</SchemaData>
</ExtendedData>
<Point>
<extrude>0</extrude>
<coordinates>-44.4015769,-12.2738487996067,0.0</coordinates>
</Point>
</Placemark>
<Placemark id="12. Outras Localidades">
<name>Canabravinha [290970300019]</name>
<visibility>1</visibility>
<snippet> </snippet>
<description>&lt;center&gt;&lt;table&gt;&lt;tr&gt;&lt;th colspan='2' align='center'&gt;&lt;em&gt;Attributes&lt;/em&gt;&lt;/th&gt;&lt;/tr&gt;&lt;tr bgcolor="#E3E3F3"&gt;
&lt;th&gt;CD_UF&lt;/th&gt;
&lt;td&gt;29&lt;/td&gt;
&lt;/tr&gt;&lt;tr bgcolor=""&gt;
&lt;th&gt;NM_UF&lt;/th&gt;
&lt;td&gt;Bahia&lt;/td&gt;
&lt;/tr&gt;&lt;tr bgcolor="#E3E3F3"&gt;
&lt;th&gt;SIGLA_UF&lt;/th&gt;
&lt;td&gt;BA&lt;/td&gt;
&lt;/tr&gt;&lt;tr bgcolor=""&gt;
&lt;th&gt;CD_MUN&lt;/th&gt;
&lt;td&gt;2909703&lt;/td&gt;
&lt;/tr&gt;&lt;tr bgcolor="#E3E3F3"&gt;
&lt;th&gt;NM_MUN&lt;/th&gt;
&lt;td&gt;Cristópolis&lt;/td&gt;
&lt;/tr&gt;&lt;tr bgcolor=""&gt;
&lt;th&gt;CD_RGINT&lt;/th&gt;
&lt;td&gt;2906&lt;/td&gt;
&lt;/tr&gt;&lt;tr bgcolor="#E3E3F3"&gt;
&lt;th&gt;NM_RGINT&lt;/th&gt;
&lt;td&gt;Barreiras&lt;/td&gt;
&lt;/tr&gt;&lt;tr bgcolor=""&gt;
&lt;th&gt;CD_RGI&lt;/th&gt;
&lt;td&gt;290018&lt;/td&gt;
&lt;/tr&gt;&lt;tr bgcolor="#E3E3F3"&gt;
&lt;th&gt;NM_RGI&lt;/th&gt;
&lt;td&gt;Barreiras&lt;/td&gt;
&lt;/tr&gt;&lt;tr bgcolor=""&gt;
&lt;th&gt;CT_LOCALIDADE&lt;/th&gt;
&lt;td&gt;Outras Localidades&lt;/td&gt;
&lt;/tr&gt;&lt;tr bgcolor="#E3E3F3"&gt;
&lt;th&gt;SCT_LOCALIDADE&lt;/th&gt;
&lt;td&gt;&lt;/td&gt;
&lt;/tr&gt;&lt;tr bgcolor=""&gt;
&lt;th&gt;CD_LOCALIDADE&lt;/th&gt;
&lt;td&gt;290970300019&lt;/td&gt;
&lt;/tr&gt;&lt;tr bgcolor="#E3E3F3"&gt;
&lt;th&gt;NM_LOCALIDADE&lt;/th&gt;
&lt;td&gt;Canabravinha&lt;/td&gt;
&lt;/tr&gt;&lt;/table&gt;&lt;/center&gt;</description>
<Style>
<IconStyle>
<color>ff0069d3</color>
<scale>0.6</scale>
<Icon>
<href>http://maps.google.com/mapfiles/kml/shapes/placemark_circle.png</href>
</Icon>
</IconStyle>
<LabelStyle>
<scale>0.6</scale>
</LabelStyle>
<LineStyle>
<width>1.0</width>
<gx:labelVisibility>1</gx:labelVisibility>
</LineStyle>
</Style>
<ExtendedData>
<SchemaData schemaUrl="#kml_schema_ft_Localidades">
<SimpleData name="CD_UF">29</SimpleData>
<SimpleData name="NM_UF">Bahia</SimpleData>
<SimpleData name="SIGLA_UF">BA</SimpleData>
<SimpleData name="CD_MUN">2909703</SimpleData>
<SimpleData name="NM_MUN">Cristópolis</SimpleData>
<SimpleData name="CD_RGINT">2906</SimpleData>
<SimpleData name="NM_RGINT">Barreiras</SimpleData>
<SimpleData name="CD_RGI">290018</SimpleData>
<SimpleData name="NM_RGI">Barreiras</SimpleData>
<SimpleData name="CT_LOCALIDADE">Outras Localidades</SimpleData>
<SimpleData name="CD_LOCALIDADE">290970300019</SimpleData>
<SimpleData name="NM_LOCALIDADE">Canabravinha</SimpleData>
</SchemaData>
</ExtendedData>
<Point>
<extrude>0</extrude>
<coordinates>-44.3453696,-12.2739543996067,0.0</coordinates>
</Point>
</Placemark>
<Placemark id="12. Outras Localidades">
<name>Passagem [290970300020]</name>
<visibility>1</visibility>
<snippet> </snippet>
<description>&lt;center&gt;&lt;table&gt;&lt;tr&gt;&lt;th colspan='2' align='center'&gt;&lt;em&gt;Attributes&lt;/em&gt;&lt;/th&gt;&lt;/tr&gt;&lt;tr bgcolor="#E3E3F3"&gt;
&lt;th&gt;CD_UF&lt;/th&gt;
&lt;td&gt;29&lt;/td&gt;
&lt;/tr&gt;&lt;tr bgcolor=""&gt;
&lt;th&gt;NM_UF&lt;/th&gt;
&lt;td&gt;Bahia&lt;/td&gt;
&lt;/tr&gt;&lt;tr bgcolor="#E3E3F3"&gt;
&lt;th&gt;SIGLA_UF&lt;/th&gt;
&lt;td&gt;BA&lt;/td&gt;
&lt;/tr&gt;&lt;tr bgcolor=""&gt;
&lt;th&gt;CD_MUN&lt;/th&gt;
&lt;td&gt;2909703&lt;/td&gt;
&lt;/tr&gt;&lt;tr bgcolor="#E3E3F3"&gt;
&lt;th&gt;NM_MUN&lt;/th&gt;
&lt;td&gt;Cristópolis&lt;/td&gt;
&lt;/tr&gt;&lt;tr bgcolor=""&gt;
&lt;th&gt;CD_RGINT&lt;/th&gt;
&lt;td&gt;2906&lt;/td&gt;
&lt;/tr&gt;&lt;tr bgcolor="#E3E3F3"&gt;
&lt;th&gt;NM_RGINT&lt;/th&gt;
&lt;td&gt;Barreiras&lt;/td&gt;
&lt;/tr&gt;&lt;tr bgcolor=""&gt;
&lt;th&gt;CD_RGI&lt;/th&gt;
&lt;td&gt;290018&lt;/td&gt;
&lt;/tr&gt;&lt;tr bgcolor="#E3E3F3"&gt;
&lt;th&gt;NM_RGI&lt;/th&gt;
&lt;td&gt;Barreiras&lt;/td&gt;
&lt;/tr&gt;&lt;tr bgcolor=""&gt;
&lt;th&gt;CT_LOCALIDADE&lt;/th&gt;
&lt;td&gt;Outras Localidades&lt;/td&gt;
&lt;/tr&gt;&lt;tr bgcolor="#E3E3F3"&gt;
&lt;th&gt;SCT_LOCALIDADE&lt;/th&gt;
&lt;td&gt;&lt;/td&gt;
&lt;/tr&gt;&lt;tr bgcolor=""&gt;
&lt;th&gt;CD_LOCALIDADE&lt;/th&gt;
&lt;td&gt;290970300020&lt;/td&gt;
&lt;/tr&gt;&lt;tr bgcolor="#E3E3F3"&gt;
&lt;th&gt;NM_LOCALIDADE&lt;/th&gt;
&lt;td&gt;Passagem&lt;/td&gt;
&lt;/tr&gt;&lt;/table&gt;&lt;/center&gt;</description>
<Style>
<IconStyle>
<color>ff0069d3</color>
<scale>0.6</scale>
<Icon>
<href>http://maps.google.com/mapfiles/kml/shapes/placemark_circle.png</href>
</Icon>
</IconStyle>
<LabelStyle>
<scale>0.6</scale>
</LabelStyle>
<LineStyle>
<width>1.0</width>
<gx:labelVisibility>1</gx:labelVisibility>
</LineStyle>
</Style>
<ExtendedData>
<SchemaData schemaUrl="#kml_schema_ft_Localidades">
<SimpleData name="CD_UF">29</SimpleData>
<SimpleData name="NM_UF">Bahia</SimpleData>
<SimpleData name="SIGLA_UF">BA</SimpleData>
<SimpleData name="CD_MUN">2909703</SimpleData>
<SimpleData name="NM_MUN">Cristópolis</SimpleData>
<SimpleData name="CD_RGINT">2906</SimpleData>
<SimpleData name="NM_RGINT">Barreiras</SimpleData>
<SimpleData name="CD_RGI">290018</SimpleData>
<SimpleData name="NM_RGI">Barreiras</SimpleData>
<SimpleData name="CT_LOCALIDADE">Outras Localidades</SimpleData>
<SimpleData name="CD_LOCALIDADE">290970300020</SimpleData>
<SimpleData name="NM_LOCALIDADE">Passagem</SimpleData>
</SchemaData>
</ExtendedData>
<Point>
<extrude>0</extrude>
<coordinates>-44.3175144,-12.3023686996058,0.0</coordinates>
</Point>
</Placemark>
<Placemark id="12. Outras Localidades">
<name>Taboquinha [290970300022]</name>
<visibility>1</visibility>
<snippet> </snippet>
<description>&lt;center&gt;&lt;table&gt;&lt;tr&gt;&lt;th colspan='2' align='center'&gt;&lt;em&gt;Attributes&lt;/em&gt;&lt;/th&gt;&lt;/tr&gt;&lt;tr bgcolor="#E3E3F3"&gt;
&lt;th&gt;CD_UF&lt;/th&gt;
&lt;td&gt;29&lt;/td&gt;
&lt;/tr&gt;&lt;tr bgcolor=""&gt;
&lt;th&gt;NM_UF&lt;/th&gt;
&lt;td&gt;Bahia&lt;/td&gt;
&lt;/tr&gt;&lt;tr bgcolor="#E3E3F3"&gt;
&lt;th&gt;SIGLA_UF&lt;/th&gt;
&lt;td&gt;BA&lt;/td&gt;
&lt;/tr&gt;&lt;tr bgcolor=""&gt;
&lt;th&gt;CD_MUN&lt;/th&gt;
&lt;td&gt;2909703&lt;/td&gt;
&lt;/tr&gt;&lt;tr bgcolor="#E3E3F3"&gt;
&lt;th&gt;NM_MUN&lt;/th&gt;
&lt;td&gt;Cristópolis&lt;/td&gt;
&lt;/tr&gt;&lt;tr bgcolor=""&gt;
&lt;th&gt;CD_RGINT&lt;/th&gt;
&lt;td&gt;2906&lt;/td&gt;
&lt;/tr&gt;&lt;tr bgcolor="#E3E3F3"&gt;
&lt;th&gt;NM_RGINT&lt;/th&gt;
&lt;td&gt;Barreiras&lt;/td&gt;
&lt;/tr&gt;&lt;tr bgcolor=""&gt;
&lt;th&gt;CD_RGI&lt;/th&gt;
&lt;td&gt;290018&lt;/td&gt;
&lt;/tr&gt;&lt;tr bgcolor="#E3E3F3"&gt;
&lt;th&gt;NM_RGI&lt;/th&gt;
&lt;td&gt;Barreiras&lt;/td&gt;
&lt;/tr&gt;&lt;tr bgcolor=""&gt;
&lt;th&gt;CT_LOCALIDADE&lt;/th&gt;
&lt;td&gt;Outras Localidades&lt;/td&gt;
&lt;/tr&gt;&lt;tr bgcolor="#E3E3F3"&gt;
&lt;th&gt;SCT_LOCALIDADE&lt;/th&gt;
&lt;td&gt;&lt;/td&gt;
&lt;/tr&gt;&lt;tr bgcolor=""&gt;
&lt;th&gt;CD_LOCALIDADE&lt;/th&gt;
&lt;td&gt;290970300022&lt;/td&gt;
&lt;/tr&gt;&lt;tr bgcolor="#E3E3F3"&gt;
&lt;th&gt;NM_LOCALIDADE&lt;/th&gt;
&lt;td&gt;Taboquinha&lt;/td&gt;
&lt;/tr&gt;&lt;/table&gt;&lt;/center&gt;</description>
<Style>
<IconStyle>
<color>ff0069d3</color>
<scale>0.6</scale>
<Icon>
<href>http://maps.google.com/mapfiles/kml/shapes/placemark_circle.png</href>
</Icon>
</IconStyle>
<LabelStyle>
<scale>0.6</scale>
</LabelStyle>
<LineStyle>
<width>1.0</width>
<gx:labelVisibility>1</gx:labelVisibility>
</LineStyle>
</Style>
<ExtendedData>
<SchemaData schemaUrl="#kml_schema_ft_Localidades">
<SimpleData name="CD_UF">29</SimpleData>
<SimpleData name="NM_UF">Bahia</SimpleData>
<SimpleData name="SIGLA_UF">BA</SimpleData>
<SimpleData name="CD_MUN">2909703</SimpleData>
<SimpleData name="NM_MUN">Cristópolis</SimpleData>
<SimpleData name="CD_RGINT">2906</SimpleData>
<SimpleData name="NM_RGINT">Barreiras</SimpleData>
<SimpleData name="CD_RGI">290018</SimpleData>
<SimpleData name="NM_RGI">Barreiras</SimpleData>
<SimpleData name="CT_LOCALIDADE">Outras Localidades</SimpleData>
<SimpleData name="CD_LOCALIDADE">290970300022</SimpleData>
<SimpleData name="NM_LOCALIDADE">Taboquinha</SimpleData>
</SchemaData>
</ExtendedData>
<Point>
<extrude>0</extrude>
<coordinates>-44.2503364,-12.2669532996069,0.0</coordinates>
</Point>
</Placemark>
<Placemark id="12. Outras Localidades">
<name>Mata Velha [290970300024]</name>
<visibility>1</visibility>
<snippet> </snippet>
<description>&lt;center&gt;&lt;table&gt;&lt;tr&gt;&lt;th colspan='2' align='center'&gt;&lt;em&gt;Attributes&lt;/em&gt;&lt;/th&gt;&lt;/tr&gt;&lt;tr bgcolor="#E3E3F3"&gt;
&lt;th&gt;CD_UF&lt;/th&gt;
&lt;td&gt;29&lt;/td&gt;
&lt;/tr&gt;&lt;tr bgcolor=""&gt;
&lt;th&gt;NM_UF&lt;/th&gt;
&lt;td&gt;Bahia&lt;/td&gt;
&lt;/tr&gt;&lt;tr bgcolor="#E3E3F3"&gt;
&lt;th&gt;SIGLA_UF&lt;/th&gt;
&lt;td&gt;BA&lt;/td&gt;
&lt;/tr&gt;&lt;tr bgcolor=""&gt;
&lt;th&gt;CD_MUN&lt;/th&gt;
&lt;td&gt;2909703&lt;/td&gt;
&lt;/tr&gt;&lt;tr bgcolor="#E3E3F3"&gt;
&lt;th&gt;NM_MUN&lt;/th&gt;
&lt;td&gt;Cristópolis&lt;/td&gt;
&lt;/tr&gt;&lt;tr bgcolor=""&gt;
&lt;th&gt;CD_RGINT&lt;/th&gt;
&lt;td&gt;2906&lt;/td&gt;
&lt;/tr&gt;&lt;tr bgcolor="#E3E3F3"&gt;
&lt;th&gt;NM_RGINT&lt;/th&gt;
&lt;td&gt;Barreiras&lt;/td&gt;
&lt;/tr&gt;&lt;tr bgcolor=""&gt;
&lt;th&gt;CD_RGI&lt;/th&gt;
&lt;td&gt;290018&lt;/td&gt;
&lt;/tr&gt;&lt;tr bgcolor="#E3E3F3"&gt;
&lt;th&gt;NM_RGI&lt;/th&gt;
&lt;td&gt;Barreiras&lt;/td&gt;
&lt;/tr&gt;&lt;tr bgcolor=""&gt;
&lt;th&gt;CT_LOCALIDADE&lt;/th&gt;
&lt;td&gt;Outras Localidades&lt;/td&gt;
&lt;/tr&gt;&lt;tr bgcolor="#E3E3F3"&gt;
&lt;th&gt;SCT_LOCALIDADE&lt;/th&gt;
&lt;td&gt;&lt;/td&gt;
&lt;/tr&gt;&lt;tr bgcolor=""&gt;
&lt;th&gt;CD_LOCALIDADE&lt;/th&gt;
&lt;td&gt;290970300024&lt;/td&gt;
&lt;/tr&gt;&lt;tr bgcolor="#E3E3F3"&gt;
&lt;th&gt;NM_LOCALIDADE&lt;/th&gt;
&lt;td&gt;Mata Velha&lt;/td&gt;
&lt;/tr&gt;&lt;/table&gt;&lt;/center&gt;</description>
<Style>
<IconStyle>
<color>ff0069d3</color>
<scale>0.6</scale>
<Icon>
<href>http://maps.google.com/mapfiles/kml/shapes/placemark_circle.png</href>
</Icon>
</IconStyle>
<LabelStyle>
<scale>0.6</scale>
</LabelStyle>
<LineStyle>
<width>1.0</width>
<gx:labelVisibility>1</gx:labelVisibility>
</LineStyle>
</Style>
<ExtendedData>
<SchemaData schemaUrl="#kml_schema_ft_Localidades">
<SimpleData name="CD_UF">29</SimpleData>
<SimpleData name="NM_UF">Bahia</SimpleData>
<SimpleData name="SIGLA_UF">BA</SimpleData>
<SimpleData name="CD_MUN">2909703</SimpleData>
<SimpleData name="NM_MUN">Cristópolis</SimpleData>
<SimpleData name="CD_RGINT">2906</SimpleData>
<SimpleData name="NM_RGINT">Barreiras</SimpleData>
<SimpleData name="CD_RGI">290018</SimpleData>
<SimpleData name="NM_RGI">Barreiras</SimpleData>
<SimpleData name="CT_LOCALIDADE">Outras Localidades</SimpleData>
<SimpleData name="CD_LOCALIDADE">290970300024</SimpleData>
<SimpleData name="NM_LOCALIDADE">Mata Velha</SimpleData>
</SchemaData>
</ExtendedData>
<Point>
<extrude>0</extrude>
<coordinates>-44.1513025,-12.1461832996105,0.0</coordinates>
</Point>
</Placemark>
<Placemark id="12. Outras Localidades">
<name>Lagoa do Codó [290970300025]</name>
<visibility>1</visibility>
<snippet> </snippet>
<description>&lt;center&gt;&lt;table&gt;&lt;tr&gt;&lt;th colspan='2' align='center'&gt;&lt;em&gt;Attributes&lt;/em&gt;&lt;/th&gt;&lt;/tr&gt;&lt;tr bgcolor="#E3E3F3"&gt;
&lt;th&gt;CD_UF&lt;/th&gt;
&lt;td&gt;29&lt;/td&gt;
&lt;/tr&gt;&lt;tr bgcolor=""&gt;
&lt;th&gt;NM_UF&lt;/th&gt;
&lt;td&gt;Bahia&lt;/td&gt;
&lt;/tr&gt;&lt;tr bgcolor="#E3E3F3"&gt;
&lt;th&gt;SIGLA_UF&lt;/th&gt;
&lt;td&gt;BA&lt;/td&gt;
&lt;/tr&gt;&lt;tr bgcolor=""&gt;
&lt;th&gt;CD_MUN&lt;/th&gt;
&lt;td&gt;2909703&lt;/td&gt;
&lt;/tr&gt;&lt;tr bgcolor="#E3E3F3"&gt;
&lt;th&gt;NM_MUN&lt;/th&gt;
&lt;td&gt;Cristópolis&lt;/td&gt;
&lt;/tr&gt;&lt;tr bgcolor=""&gt;
&lt;th&gt;CD_RGINT&lt;/th&gt;
&lt;td&gt;2906&lt;/td&gt;
&lt;/tr&gt;&lt;tr bgcolor="#E3E3F3"&gt;
&lt;th&gt;NM_RGINT&lt;/th&gt;
&lt;td&gt;Barreiras&lt;/td&gt;
&lt;/tr&gt;&lt;tr bgcolor=""&gt;
&lt;th&gt;CD_RGI&lt;/th&gt;
&lt;td&gt;290018&lt;/td&gt;
&lt;/tr&gt;&lt;tr bgcolor="#E3E3F3"&gt;
&lt;th&gt;NM_RGI&lt;/th&gt;
&lt;td&gt;Barreiras&lt;/td&gt;
&lt;/tr&gt;&lt;tr bgcolor=""&gt;
&lt;th&gt;CT_LOCALIDADE&lt;/th&gt;
&lt;td&gt;Outras Localidades&lt;/td&gt;
&lt;/tr&gt;&lt;tr bgcolor="#E3E3F3"&gt;
&lt;th&gt;SCT_LOCALIDADE&lt;/th&gt;
&lt;td&gt;&lt;/td&gt;
&lt;/tr&gt;&lt;tr bgcolor=""&gt;
&lt;th&gt;CD_LOCALIDADE&lt;/th&gt;
&lt;td&gt;290970300025&lt;/td&gt;
&lt;/tr&gt;&lt;tr bgcolor="#E3E3F3"&gt;
&lt;th&gt;NM_LOCALIDADE&lt;/th&gt;
&lt;td&gt;Lagoa do Codó&lt;/td&gt;
&lt;/tr&gt;&lt;/table&gt;&lt;/center&gt;</description>
<Style>
<IconStyle>
<color>ff0069d3</color>
<scale>0.6</scale>
<Icon>
<href>http://maps.google.com/mapfiles/kml/shapes/placemark_circle.png</href>
</Icon>
</IconStyle>
<LabelStyle>
<scale>0.6</scale>
</LabelStyle>
<LineStyle>
<width>1.0</width>
<gx:labelVisibility>1</gx:labelVisibility>
</LineStyle>
</Style>
<ExtendedData>
<SchemaData schemaUrl="#kml_schema_ft_Localidades">
<SimpleData name="CD_UF">29</SimpleData>
<SimpleData name="NM_UF">Bahia</SimpleData>
<SimpleData name="SIGLA_UF">BA</SimpleData>
<SimpleData name="CD_MUN">2909703</SimpleData>
<SimpleData name="NM_MUN">Cristópolis</SimpleData>
<SimpleData name="CD_RGINT">2906</SimpleData>
<SimpleData name="NM_RGINT">Barreiras</SimpleData>
<SimpleData name="CD_RGI">290018</SimpleData>
<SimpleData name="NM_RGI">Barreiras</SimpleData>
<SimpleData name="CT_LOCALIDADE">Outras Localidades</SimpleData>
<SimpleData name="CD_LOCALIDADE">290970300025</SimpleData>
<SimpleData name="NM_LOCALIDADE">Lagoa do Codó</SimpleData>
</SchemaData>
</ExtendedData>
<Point>
<extrude>0</extrude>
<coordinates>-44.1498365,-12.0773465996126,0.0</coordinates>
</Point>
</Placemark>
<Placemark id="12. Outras Localidades">
<name>Poço Novo [290970300026]</name>
<visibility>1</visibility>
<snippet> </snippet>
<description>&lt;center&gt;&lt;table&gt;&lt;tr&gt;&lt;th colspan='2' align='center'&gt;&lt;em&gt;Attributes&lt;/em&gt;&lt;/th&gt;&lt;/tr&gt;&lt;tr bgcolor="#E3E3F3"&gt;
&lt;th&gt;CD_UF&lt;/th&gt;
&lt;td&gt;29&lt;/td&gt;
&lt;/tr&gt;&lt;tr bgcolor=""&gt;
&lt;th&gt;NM_UF&lt;/th&gt;
&lt;td&gt;Bahia&lt;/td&gt;
&lt;/tr&gt;&lt;tr bgcolor="#E3E3F3"&gt;
&lt;th&gt;SIGLA_UF&lt;/th&gt;
&lt;td&gt;BA&lt;/td&gt;
&lt;/tr&gt;&lt;tr bgcolor=""&gt;
&lt;th&gt;CD_MUN&lt;/th&gt;
&lt;td&gt;2909703&lt;/td&gt;
&lt;/tr&gt;&lt;tr bgcolor="#E3E3F3"&gt;
&lt;th&gt;NM_MUN&lt;/th&gt;
&lt;td&gt;Cristópolis&lt;/td&gt;
&lt;/tr&gt;&lt;tr bgcolor=""&gt;
&lt;th&gt;CD_RGINT&lt;/th&gt;
&lt;td&gt;2906&lt;/td&gt;
&lt;/tr&gt;&lt;tr bgcolor="#E3E3F3"&gt;
&lt;th&gt;NM_RGINT&lt;/th&gt;
&lt;td&gt;Barreiras&lt;/td&gt;
&lt;/tr&gt;&lt;tr bgcolor=""&gt;
&lt;th&gt;CD_RGI&lt;/th&gt;
&lt;td&gt;290018&lt;/td&gt;
&lt;/tr&gt;&lt;tr bgcolor="#E3E3F3"&gt;
&lt;th&gt;NM_RGI&lt;/th&gt;
&lt;td&gt;Barreiras&lt;/td&gt;
&lt;/tr&gt;&lt;tr bgcolor=""&gt;
&lt;th&gt;CT_LOCALIDADE&lt;/th&gt;
&lt;td&gt;Outras Localidades&lt;/td&gt;
&lt;/tr&gt;&lt;tr bgcolor="#E3E3F3"&gt;
&lt;th&gt;SCT_LOCALIDADE&lt;/th&gt;
&lt;td&gt;&lt;/td&gt;
&lt;/tr&gt;&lt;tr bgcolor=""&gt;
&lt;th&gt;CD_LOCALIDADE&lt;/th&gt;
&lt;td&gt;290970300026&lt;/td&gt;
&lt;/tr&gt;&lt;tr bgcolor="#E3E3F3"&gt;
&lt;th&gt;NM_LOCALIDADE&lt;/th&gt;
&lt;td&gt;Poço Novo&lt;/td&gt;
&lt;/tr&gt;&lt;/table&gt;&lt;/center&gt;</description>
<Style>
<IconStyle>
<color>ff0069d3</color>
<scale>0.6</scale>
<Icon>
<href>http://maps.google.com/mapfiles/kml/shapes/placemark_circle.png</href>
</Icon>
</IconStyle>
<LabelStyle>
<scale>0.6</scale>
</LabelStyle>
<LineStyle>
<width>1.0</width>
<gx:labelVisibility>1</gx:labelVisibility>
</LineStyle>
</Style>
<ExtendedData>
<SchemaData schemaUrl="#kml_schema_ft_Localidades">
<SimpleData name="CD_UF">29</SimpleData>
<SimpleData name="NM_UF">Bahia</SimpleData>
<SimpleData name="SIGLA_UF">BA</SimpleData>
<SimpleData name="CD_MUN">2909703</SimpleData>
<SimpleData name="NM_MUN">Cristópolis</SimpleData>
<SimpleData name="CD_RGINT">2906</SimpleData>
<SimpleData name="NM_RGINT">Barreiras</SimpleData>
<SimpleData name="CD_RGI">290018</SimpleData>
<SimpleData name="NM_RGI">Barreiras</SimpleData>
<SimpleData name="CT_LOCALIDADE">Outras Localidades</SimpleData>
<SimpleData name="CD_LOCALIDADE">290970300026</SimpleData>
<SimpleData name="NM_LOCALIDADE">Poço Novo</SimpleData>
</SchemaData>
</ExtendedData>
<Point>
<extrude>0</extrude>
<coordinates>-44.1967629,-12.1707708996098,0.0</coordinates>
</Point>
</Placemark>
<Placemark id="12. Outras Localidades">
<name>Aroeira [290970300028]</name>
<visibility>1</visibility>
<snippet> </snippet>
<description>&lt;center&gt;&lt;table&gt;&lt;tr&gt;&lt;th colspan='2' align='center'&gt;&lt;em&gt;Attributes&lt;/em&gt;&lt;/th&gt;&lt;/tr&gt;&lt;tr bgcolor="#E3E3F3"&gt;
&lt;th&gt;CD_UF&lt;/th&gt;
&lt;td&gt;29&lt;/td&gt;
&lt;/tr&gt;&lt;tr bgcolor=""&gt;
&lt;th&gt;NM_UF&lt;/th&gt;
&lt;td&gt;Bahia&lt;/td&gt;
&lt;/tr&gt;&lt;tr bgcolor="#E3E3F3"&gt;
&lt;th&gt;SIGLA_UF&lt;/th&gt;
&lt;td&gt;BA&lt;/td&gt;
&lt;/tr&gt;&lt;tr bgcolor=""&gt;
&lt;th&gt;CD_MUN&lt;/th&gt;
&lt;td&gt;2909703&lt;/td&gt;
&lt;/tr&gt;&lt;tr bgcolor="#E3E3F3"&gt;
&lt;th&gt;NM_MUN&lt;/th&gt;
&lt;td&gt;Cristópolis&lt;/td&gt;
&lt;/tr&gt;&lt;tr bgcolor=""&gt;
&lt;th&gt;CD_RGINT&lt;/th&gt;
&lt;td&gt;2906&lt;/td&gt;
&lt;/tr&gt;&lt;tr bgcolor="#E3E3F3"&gt;
&lt;th&gt;NM_RGINT&lt;/th&gt;
&lt;td&gt;Barreiras&lt;/td&gt;
&lt;/tr&gt;&lt;tr bgcolor=""&gt;
&lt;th&gt;CD_RGI&lt;/th&gt;
&lt;td&gt;290018&lt;/td&gt;
&lt;/tr&gt;&lt;tr bgcolor="#E3E3F3"&gt;
&lt;th&gt;NM_RGI&lt;/th&gt;
&lt;td&gt;Barreiras&lt;/td&gt;
&lt;/tr&gt;&lt;tr bgcolor=""&gt;
&lt;th&gt;CT_LOCALIDADE&lt;/th&gt;
&lt;td&gt;Outras Localidades&lt;/td&gt;
&lt;/tr&gt;&lt;tr bgcolor="#E3E3F3"&gt;
&lt;th&gt;SCT_LOCALIDADE&lt;/th&gt;
&lt;td&gt;&lt;/td&gt;
&lt;/tr&gt;&lt;tr bgcolor=""&gt;
&lt;th&gt;CD_LOCALIDADE&lt;/th&gt;
&lt;td&gt;290970300028&lt;/td&gt;
&lt;/tr&gt;&lt;tr bgcolor="#E3E3F3"&gt;
&lt;th&gt;NM_LOCALIDADE&lt;/th&gt;
&lt;td&gt;Aroeira&lt;/td&gt;
&lt;/tr&gt;&lt;/table&gt;&lt;/center&gt;</description>
<Style>
<IconStyle>
<color>ff0069d3</color>
<scale>0.6</scale>
<Icon>
<href>http://maps.google.com/mapfiles/kml/shapes/placemark_circle.png</href>
</Icon>
</IconStyle>
<LabelStyle>
<scale>0.6</scale>
</LabelStyle>
<LineStyle>
<width>1.0</width>
<gx:labelVisibility>1</gx:labelVisibility>
</LineStyle>
</Style>
<ExtendedData>
<SchemaData schemaUrl="#kml_schema_ft_Localidades">
<SimpleData name="CD_UF">29</SimpleData>
<SimpleData name="NM_UF">Bahia</SimpleData>
<SimpleData name="SIGLA_UF">BA</SimpleData>
<SimpleData name="CD_MUN">2909703</SimpleData>
<SimpleData name="NM_MUN">Cristópolis</SimpleData>
<SimpleData name="CD_RGINT">2906</SimpleData>
<SimpleData name="NM_RGINT">Barreiras</SimpleData>
<SimpleData name="CD_RGI">290018</SimpleData>
<SimpleData name="NM_RGI">Barreiras</SimpleData>
<SimpleData name="CT_LOCALIDADE">Outras Localidades</SimpleData>
<SimpleData name="CD_LOCALIDADE">290970300028</SimpleData>
<SimpleData name="NM_LOCALIDADE">Aroeira</SimpleData>
</SchemaData>
</ExtendedData>
<Point>
<extrude>0</extrude>
<coordinates>-44.2638415,-12.1769332996096,0.0</coordinates>
</Point>
</Placemark>
<Placemark id="12. Outras Localidades">
<name>Pederneira [290970300029]</name>
<visibility>1</visibility>
<snippet> </snippet>
<description>&lt;center&gt;&lt;table&gt;&lt;tr&gt;&lt;th colspan='2' align='center'&gt;&lt;em&gt;Attributes&lt;/em&gt;&lt;/th&gt;&lt;/tr&gt;&lt;tr bgcolor="#E3E3F3"&gt;
&lt;th&gt;CD_UF&lt;/th&gt;
&lt;td&gt;29&lt;/td&gt;
&lt;/tr&gt;&lt;tr bgcolor=""&gt;
&lt;th&gt;NM_UF&lt;/th&gt;
&lt;td&gt;Bahia&lt;/td&gt;
&lt;/tr&gt;&lt;tr bgcolor="#E3E3F3"&gt;
&lt;th&gt;SIGLA_UF&lt;/th&gt;
&lt;td&gt;BA&lt;/td&gt;
&lt;/tr&gt;&lt;tr bgcolor=""&gt;
&lt;th&gt;CD_MUN&lt;/th&gt;
&lt;td&gt;2909703&lt;/td&gt;
&lt;/tr&gt;&lt;tr bgcolor="#E3E3F3"&gt;
&lt;th&gt;NM_MUN&lt;/th&gt;
&lt;td&gt;Cristópolis&lt;/td&gt;
&lt;/tr&gt;&lt;tr bgcolor=""&gt;
&lt;th&gt;CD_RGINT&lt;/th&gt;
&lt;td&gt;2906&lt;/td&gt;
&lt;/tr&gt;&lt;tr bgcolor="#E3E3F3"&gt;
&lt;th&gt;NM_RGINT&lt;/th&gt;
&lt;td&gt;Barreiras&lt;/td&gt;
&lt;/tr&gt;&lt;tr bgcolor=""&gt;
&lt;th&gt;CD_RGI&lt;/th&gt;
&lt;td&gt;290018&lt;/td&gt;
&lt;/tr&gt;&lt;tr bgcolor="#E3E3F3"&gt;
&lt;th&gt;NM_RGI&lt;/th&gt;
&lt;td&gt;Barreiras&lt;/td&gt;
&lt;/tr&gt;&lt;tr bgcolor=""&gt;
&lt;th&gt;CT_LOCALIDADE&lt;/th&gt;
&lt;td&gt;Outras Localidades&lt;/td&gt;
&lt;/tr&gt;&lt;tr bgcolor="#E3E3F3"&gt;
&lt;th&gt;SCT_LOCALIDADE&lt;/th&gt;
&lt;td&gt;&lt;/td&gt;
&lt;/tr&gt;&lt;tr bgcolor=""&gt;
&lt;th&gt;CD_LOCALIDADE&lt;/th&gt;
&lt;td&gt;290970300029&lt;/td&gt;
&lt;/tr&gt;&lt;tr bgcolor="#E3E3F3"&gt;
&lt;th&gt;NM_LOCALIDADE&lt;/th&gt;
&lt;td&gt;Pederneira&lt;/td&gt;
&lt;/tr&gt;&lt;/table&gt;&lt;/center&gt;</description>
<Style>
<IconStyle>
<color>ff0069d3</color>
<scale>0.6</scale>
<Icon>
<href>http://maps.google.com/mapfiles/kml/shapes/placemark_circle.png</href>
</Icon>
</IconStyle>
<LabelStyle>
<scale>0.6</scale>
</LabelStyle>
<LineStyle>
<width>1.0</width>
<gx:labelVisibility>1</gx:labelVisibility>
</LineStyle>
</Style>
<ExtendedData>
<SchemaData schemaUrl="#kml_schema_ft_Localidades">
<SimpleData name="CD_UF">29</SimpleData>
<SimpleData name="NM_UF">Bahia</SimpleData>
<SimpleData name="SIGLA_UF">BA</SimpleData>
<SimpleData name="CD_MUN">2909703</SimpleData>
<SimpleData name="NM_MUN">Cristópolis</SimpleData>
<SimpleData name="CD_RGINT">2906</SimpleData>
<SimpleData name="NM_RGINT">Barreiras</SimpleData>
<SimpleData name="CD_RGI">290018</SimpleData>
<SimpleData name="NM_RGI">Barreiras</SimpleData>
<SimpleData name="CT_LOCALIDADE">Outras Localidades</SimpleData>
<SimpleData name="CD_LOCALIDADE">290970300029</SimpleData>
<SimpleData name="NM_LOCALIDADE">Pederneira</SimpleData>
</SchemaData>
</ExtendedData>
<Point>
<extrude>0</extrude>
<coordinates>-44.3384989,-12.2229092996082,0.0</coordinates>
</Point>
</Placemark>
<Placemark id="12. Outras Localidades">
<name>Alto dos Pires [290970300030]</name>
<visibility>1</visibility>
<snippet> </snippet>
<description>&lt;center&gt;&lt;table&gt;&lt;tr&gt;&lt;th colspan='2' align='center'&gt;&lt;em&gt;Attributes&lt;/em&gt;&lt;/th&gt;&lt;/tr&gt;&lt;tr bgcolor="#E3E3F3"&gt;
&lt;th&gt;CD_UF&lt;/th&gt;
&lt;td&gt;29&lt;/td&gt;
&lt;/tr&gt;&lt;tr bgcolor=""&gt;
&lt;th&gt;NM_UF&lt;/th&gt;
&lt;td&gt;Bahia&lt;/td&gt;
&lt;/tr&gt;&lt;tr bgcolor="#E3E3F3"&gt;
&lt;th&gt;SIGLA_UF&lt;/th&gt;
&lt;td&gt;BA&lt;/td&gt;
&lt;/tr&gt;&lt;tr bgcolor=""&gt;
&lt;th&gt;CD_MUN&lt;/th&gt;
&lt;td&gt;2909703&lt;/td&gt;
&lt;/tr&gt;&lt;tr bgcolor="#E3E3F3"&gt;
&lt;th&gt;NM_MUN&lt;/th&gt;
&lt;td&gt;Cristópolis&lt;/td&gt;
&lt;/tr&gt;&lt;tr bgcolor=""&gt;
&lt;th&gt;CD_RGINT&lt;/th&gt;
&lt;td&gt;2906&lt;/td&gt;
&lt;/tr&gt;&lt;tr bgcolor="#E3E3F3"&gt;
&lt;th&gt;NM_RGINT&lt;/th&gt;
&lt;td&gt;Barreiras&lt;/td&gt;
&lt;/tr&gt;&lt;tr bgcolor=""&gt;
&lt;th&gt;CD_RGI&lt;/th&gt;
&lt;td&gt;290018&lt;/td&gt;
&lt;/tr&gt;&lt;tr bgcolor="#E3E3F3"&gt;
&lt;th&gt;NM_RGI&lt;/th&gt;
&lt;td&gt;Barreiras&lt;/td&gt;
&lt;/tr&gt;&lt;tr bgcolor=""&gt;
&lt;th&gt;CT_LOCALIDADE&lt;/th&gt;
&lt;td&gt;Outras Localidades&lt;/td&gt;
&lt;/tr&gt;&lt;tr bgcolor="#E3E3F3"&gt;
&lt;th&gt;SCT_LOCALIDADE&lt;/th&gt;
&lt;td&gt;&lt;/td&gt;
&lt;/tr&gt;&lt;tr bgcolor=""&gt;
&lt;th&gt;CD_LOCALIDADE&lt;/th&gt;
&lt;td&gt;290970300030&lt;/td&gt;
&lt;/tr&gt;&lt;tr bgcolor="#E3E3F3"&gt;
&lt;th&gt;NM_LOCALIDADE&lt;/th&gt;
&lt;td&gt;Alto dos Pires&lt;/td&gt;
&lt;/tr&gt;&lt;/table&gt;&lt;/center&gt;</description>
<Style>
<IconStyle>
<color>ff0069d3</color>
<scale>0.6</scale>
<Icon>
<href>http://maps.google.com/mapfiles/kml/shapes/placemark_circle.png</href>
</Icon>
</IconStyle>
<LabelStyle>
<scale>0.6</scale>
</LabelStyle>
<LineStyle>
<width>1.0</width>
<gx:labelVisibility>1</gx:labelVisibility>
</LineStyle>
</Style>
<ExtendedData>
<SchemaData schemaUrl="#kml_schema_ft_Localidades">
<SimpleData name="CD_UF">29</SimpleData>
<SimpleData name="NM_UF">Bahia</SimpleData>
<SimpleData name="SIGLA_UF">BA</SimpleData>
<SimpleData name="CD_MUN">2909703</SimpleData>
<SimpleData name="NM_MUN">Cristópolis</SimpleData>
<SimpleData name="CD_RGINT">2906</SimpleData>
<SimpleData name="NM_RGINT">Barreiras</SimpleData>
<SimpleData name="CD_RGI">290018</SimpleData>
<SimpleData name="NM_RGI">Barreiras</SimpleData>
<SimpleData name="CT_LOCALIDADE">Outras Localidades</SimpleData>
<SimpleData name="CD_LOCALIDADE">290970300030</SimpleData>
<SimpleData name="NM_LOCALIDADE">Alto dos Pires</SimpleData>
</SchemaData>
</ExtendedData>
<Point>
<extrude>0</extrude>
<coordinates>-44.0636245,-12.2106527996085,0.0</coordinates>
</Point>
</Placemark>
<Placemark id="12. Outras Localidades">
<name>Canabravinha 1 [290970300033]</name>
<visibility>1</visibility>
<snippet> </snippet>
<description>&lt;center&gt;&lt;table&gt;&lt;tr&gt;&lt;th colspan='2' align='center'&gt;&lt;em&gt;Attributes&lt;/em&gt;&lt;/th&gt;&lt;/tr&gt;&lt;tr bgcolor="#E3E3F3"&gt;
&lt;th&gt;CD_UF&lt;/th&gt;
&lt;td&gt;29&lt;/td&gt;
&lt;/tr&gt;&lt;tr bgcolor=""&gt;
&lt;th&gt;NM_UF&lt;/th&gt;
&lt;td&gt;Bahia&lt;/td&gt;
&lt;/tr&gt;&lt;tr bgcolor="#E3E3F3"&gt;
&lt;th&gt;SIGLA_UF&lt;/th&gt;
&lt;td&gt;BA&lt;/td&gt;
&lt;/tr&gt;&lt;tr bgcolor=""&gt;
&lt;th&gt;CD_MUN&lt;/th&gt;
&lt;td&gt;2909703&lt;/td&gt;
&lt;/tr&gt;&lt;tr bgcolor="#E3E3F3"&gt;
&lt;th&gt;NM_MUN&lt;/th&gt;
&lt;td&gt;Cristópolis&lt;/td&gt;
&lt;/tr&gt;&lt;tr bgcolor=""&gt;
&lt;th&gt;CD_RGINT&lt;/th&gt;
&lt;td&gt;2906&lt;/td&gt;
&lt;/tr&gt;&lt;tr bgcolor="#E3E3F3"&gt;
&lt;th&gt;NM_RGINT&lt;/th&gt;
&lt;td&gt;Barreiras&lt;/td&gt;
&lt;/tr&gt;&lt;tr bgcolor=""&gt;
&lt;th&gt;CD_RGI&lt;/th&gt;
&lt;td&gt;290018&lt;/td&gt;
&lt;/tr&gt;&lt;tr bgcolor="#E3E3F3"&gt;
&lt;th&gt;NM_RGI&lt;/th&gt;
&lt;td&gt;Barreiras&lt;/td&gt;
&lt;/tr&gt;&lt;tr bgcolor=""&gt;
&lt;th&gt;CT_LOCALIDADE&lt;/th&gt;
&lt;td&gt;Outras Localidades&lt;/td&gt;
&lt;/tr&gt;&lt;tr bgcolor="#E3E3F3"&gt;
&lt;th&gt;SCT_LOCALIDADE&lt;/th&gt;
&lt;td&gt;&lt;/td&gt;
&lt;/tr&gt;&lt;tr bgcolor=""&gt;
&lt;th&gt;CD_LOCALIDADE&lt;/th&gt;
&lt;td&gt;290970300033&lt;/td&gt;
&lt;/tr&gt;&lt;tr bgcolor="#E3E3F3"&gt;
&lt;th&gt;NM_LOCALIDADE&lt;/th&gt;
&lt;td&gt;Canabravinha 1&lt;/td&gt;
&lt;/tr&gt;&lt;/table&gt;&lt;/center&gt;</description>
<Style>
<IconStyle>
<color>ff0069d3</color>
<scale>0.6</scale>
<Icon>
<href>http://maps.google.com/mapfiles/kml/shapes/placemark_circle.png</href>
</Icon>
</IconStyle>
<LabelStyle>
<scale>0.6</scale>
</LabelStyle>
<LineStyle>
<width>1.0</width>
<gx:labelVisibility>1</gx:labelVisibility>
</LineStyle>
</Style>
<ExtendedData>
<SchemaData schemaUrl="#kml_schema_ft_Localidades">
<SimpleData name="CD_UF">29</SimpleData>
<SimpleData name="NM_UF">Bahia</SimpleData>
<SimpleData name="SIGLA_UF">BA</SimpleData>
<SimpleData name="CD_MUN">2909703</SimpleData>
<SimpleData name="NM_MUN">Cristópolis</SimpleData>
<SimpleData name="CD_RGINT">2906</SimpleData>
<SimpleData name="NM_RGINT">Barreiras</SimpleData>
<SimpleData name="CD_RGI">290018</SimpleData>
<SimpleData name="NM_RGI">Barreiras</SimpleData>
<SimpleData name="CT_LOCALIDADE">Outras Localidades</SimpleData>
<SimpleData name="CD_LOCALIDADE">290970300033</SimpleData>
<SimpleData name="NM_LOCALIDADE">Canabravinha 1</SimpleData>
</SchemaData>
</ExtendedData>
<Point>
<extrude>0</extrude>
<coordinates>-44.3395923,-12.2824836996064,0.0</coordinates>
</Point>
</Placemark>
<Placemark id="12. Outras Localidades">
<name>Limoeiro [290970300034]</name>
<visibility>1</visibility>
<snippet> </snippet>
<description>&lt;center&gt;&lt;table&gt;&lt;tr&gt;&lt;th colspan='2' align='center'&gt;&lt;em&gt;Attributes&lt;/em&gt;&lt;/th&gt;&lt;/tr&gt;&lt;tr bgcolor="#E3E3F3"&gt;
&lt;th&gt;CD_UF&lt;/th&gt;
&lt;td&gt;29&lt;/td&gt;
&lt;/tr&gt;&lt;tr bgcolor=""&gt;
&lt;th&gt;NM_UF&lt;/th&gt;
&lt;td&gt;Bahia&lt;/td&gt;
&lt;/tr&gt;&lt;tr bgcolor="#E3E3F3"&gt;
&lt;th&gt;SIGLA_UF&lt;/th&gt;
&lt;td&gt;BA&lt;/td&gt;
&lt;/tr&gt;&lt;tr bgcolor=""&gt;
&lt;th&gt;CD_MUN&lt;/th&gt;
&lt;td&gt;2909703&lt;/td&gt;
&lt;/tr&gt;&lt;tr bgcolor="#E3E3F3"&gt;
&lt;th&gt;NM_MUN&lt;/th&gt;
&lt;td&gt;Cristópolis&lt;/td&gt;
&lt;/tr&gt;&lt;tr bgcolor=""&gt;
&lt;th&gt;CD_RGINT&lt;/th&gt;
&lt;td&gt;2906&lt;/td&gt;
&lt;/tr&gt;&lt;tr bgcolor="#E3E3F3"&gt;
&lt;th&gt;NM_RGINT&lt;/th&gt;
&lt;td&gt;Barreiras&lt;/td&gt;
&lt;/tr&gt;&lt;tr bgcolor=""&gt;
&lt;th&gt;CD_RGI&lt;/th&gt;
&lt;td&gt;290018&lt;/td&gt;
&lt;/tr&gt;&lt;tr bgcolor="#E3E3F3"&gt;
&lt;th&gt;NM_RGI&lt;/th&gt;
&lt;td&gt;Barreiras&lt;/td&gt;
&lt;/tr&gt;&lt;tr bgcolor=""&gt;
&lt;th&gt;CT_LOCALIDADE&lt;/th&gt;
&lt;td&gt;Outras Localidades&lt;/td&gt;
&lt;/tr&gt;&lt;tr bgcolor="#E3E3F3"&gt;
&lt;th&gt;SCT_LOCALIDADE&lt;/th&gt;
&lt;td&gt;&lt;/td&gt;
&lt;/tr&gt;&lt;tr bgcolor=""&gt;
&lt;th&gt;CD_LOCALIDADE&lt;/th&gt;
&lt;td&gt;290970300034&lt;/td&gt;
&lt;/tr&gt;&lt;tr bgcolor="#E3E3F3"&gt;
&lt;th&gt;NM_LOCALIDADE&lt;/th&gt;
&lt;td&gt;Limoeiro&lt;/td&gt;
&lt;/tr&gt;&lt;/table&gt;&lt;/center&gt;</description>
<Style>
<IconStyle>
<color>ff0069d3</color>
<scale>0.6</scale>
<Icon>
<href>http://maps.google.com/mapfiles/kml/shapes/placemark_circle.png</href>
</Icon>
</IconStyle>
<LabelStyle>
<scale>0.6</scale>
</LabelStyle>
<LineStyle>
<width>1.0</width>
<gx:labelVisibility>1</gx:labelVisibility>
</LineStyle>
</Style>
<ExtendedData>
<SchemaData schemaUrl="#kml_schema_ft_Localidades">
<SimpleData name="CD_UF">29</SimpleData>
<SimpleData name="NM_UF">Bahia</SimpleData>
<SimpleData name="SIGLA_UF">BA</SimpleData>
<SimpleData name="CD_MUN">2909703</SimpleData>
<SimpleData name="NM_MUN">Cristópolis</SimpleData>
<SimpleData name="CD_RGINT">2906</SimpleData>
<SimpleData name="NM_RGINT">Barreiras</SimpleData>
<SimpleData name="CD_RGI">290018</SimpleData>
<SimpleData name="NM_RGI">Barreiras</SimpleData>
<SimpleData name="CT_LOCALIDADE">Outras Localidades</SimpleData>
<SimpleData name="CD_LOCALIDADE">290970300034</SimpleData>
<SimpleData name="NM_LOCALIDADE">Limoeiro</SimpleData>
</SchemaData>
</ExtendedData>
<Point>
<extrude>0</extrude>
<coordinates>-44.3399526,-12.2088512996086,0.0</coordinates>
</Point>
</Placemark>
<Placemark id="12. Outras Localidades">
<name>Sapé do Mariano [290970300035]</name>
<visibility>1</visibility>
<snippet> </snippet>
<description>&lt;center&gt;&lt;table&gt;&lt;tr&gt;&lt;th colspan='2' align='center'&gt;&lt;em&gt;Attributes&lt;/em&gt;&lt;/th&gt;&lt;/tr&gt;&lt;tr bgcolor="#E3E3F3"&gt;
&lt;th&gt;CD_UF&lt;/th&gt;
&lt;td&gt;29&lt;/td&gt;
&lt;/tr&gt;&lt;tr bgcolor=""&gt;
&lt;th&gt;NM_UF&lt;/th&gt;
&lt;td&gt;Bahia&lt;/td&gt;
&lt;/tr&gt;&lt;tr bgcolor="#E3E3F3"&gt;
&lt;th&gt;SIGLA_UF&lt;/th&gt;
&lt;td&gt;BA&lt;/td&gt;
&lt;/tr&gt;&lt;tr bgcolor=""&gt;
&lt;th&gt;CD_MUN&lt;/th&gt;
&lt;td&gt;2909703&lt;/td&gt;
&lt;/tr&gt;&lt;tr bgcolor="#E3E3F3"&gt;
&lt;th&gt;NM_MUN&lt;/th&gt;
&lt;td&gt;Cristópolis&lt;/td&gt;
&lt;/tr&gt;&lt;tr bgcolor=""&gt;
&lt;th&gt;CD_RGINT&lt;/th&gt;
&lt;td&gt;2906&lt;/td&gt;
&lt;/tr&gt;&lt;tr bgcolor="#E3E3F3"&gt;
&lt;th&gt;NM_RGINT&lt;/th&gt;
&lt;td&gt;Barreiras&lt;/td&gt;
&lt;/tr&gt;&lt;tr bgcolor=""&gt;
&lt;th&gt;CD_RGI&lt;/th&gt;
&lt;td&gt;290018&lt;/td&gt;
&lt;/tr&gt;&lt;tr bgcolor="#E3E3F3"&gt;
&lt;th&gt;NM_RGI&lt;/th&gt;
&lt;td&gt;Barreiras&lt;/td&gt;
&lt;/tr&gt;&lt;tr bgcolor=""&gt;
&lt;th&gt;CT_LOCALIDADE&lt;/th&gt;
&lt;td&gt;Outras Localidades&lt;/td&gt;
&lt;/tr&gt;&lt;tr bgcolor="#E3E3F3"&gt;
&lt;th&gt;SCT_LOCALIDADE&lt;/th&gt;
&lt;td&gt;&lt;/td&gt;
&lt;/tr&gt;&lt;tr bgcolor=""&gt;
&lt;th&gt;CD_LOCALIDADE&lt;/th&gt;
&lt;td&gt;290970300035&lt;/td&gt;
&lt;/tr&gt;&lt;tr bgcolor="#E3E3F3"&gt;
&lt;th&gt;NM_LOCALIDADE&lt;/th&gt;
&lt;td&gt;Sapé do Mariano&lt;/td&gt;
&lt;/tr&gt;&lt;/table&gt;&lt;/center&gt;</description>
<Style>
<IconStyle>
<color>ff0069d3</color>
<scale>0.6</scale>
<Icon>
<href>http://maps.google.com/mapfiles/kml/shapes/placemark_circle.png</href>
</Icon>
</IconStyle>
<LabelStyle>
<scale>0.6</scale>
</LabelStyle>
<LineStyle>
<width>1.0</width>
<gx:labelVisibility>1</gx:labelVisibility>
</LineStyle>
</Style>
<ExtendedData>
<SchemaData schemaUrl="#kml_schema_ft_Localidades">
<SimpleData name="CD_UF">29</SimpleData>
<SimpleData name="NM_UF">Bahia</SimpleData>
<SimpleData name="SIGLA_UF">BA</SimpleData>
<SimpleData name="CD_MUN">2909703</SimpleData>
<SimpleData name="NM_MUN">Cristópolis</SimpleData>
<SimpleData name="CD_RGINT">2906</SimpleData>
<SimpleData name="NM_RGINT">Barreiras</SimpleData>
<SimpleData name="CD_RGI">290018</SimpleData>
<SimpleData name="NM_RGI">Barreiras</SimpleData>
<SimpleData name="CT_LOCALIDADE">Outras Localidades</SimpleData>
<SimpleData name="CD_LOCALIDADE">290970300035</SimpleData>
<SimpleData name="NM_LOCALIDADE">Sapé do Mariano</SimpleData>
</SchemaData>
</ExtendedData>
<Point>
<extrude>0</extrude>
<coordinates>-44.1399716,-12.1044873996117,0.0</coordinates>
</Point>
</Placemark>
<Placemark id="12. Outras Localidades">
<name>Encharco [290970300036]</name>
<visibility>1</visibility>
<snippet> </snippet>
<description>&lt;center&gt;&lt;table&gt;&lt;tr&gt;&lt;th colspan='2' align='center'&gt;&lt;em&gt;Attributes&lt;/em&gt;&lt;/th&gt;&lt;/tr&gt;&lt;tr bgcolor="#E3E3F3"&gt;
&lt;th&gt;CD_UF&lt;/th&gt;
&lt;td&gt;29&lt;/td&gt;
&lt;/tr&gt;&lt;tr bgcolor=""&gt;
&lt;th&gt;NM_UF&lt;/th&gt;
&lt;td&gt;Bahia&lt;/td&gt;
&lt;/tr&gt;&lt;tr bgcolor="#E3E3F3"&gt;
&lt;th&gt;SIGLA_UF&lt;/th&gt;
&lt;td&gt;BA&lt;/td&gt;
&lt;/tr&gt;&lt;tr bgcolor=""&gt;
&lt;th&gt;CD_MUN&lt;/th&gt;
&lt;td&gt;2909703&lt;/td&gt;
&lt;/tr&gt;&lt;tr bgcolor="#E3E3F3"&gt;
&lt;th&gt;NM_MUN&lt;/th&gt;
&lt;td&gt;Cristópolis&lt;/td&gt;
&lt;/tr&gt;&lt;tr bgcolor=""&gt;
&lt;th&gt;CD_RGINT&lt;/th&gt;
&lt;td&gt;2906&lt;/td&gt;
&lt;/tr&gt;&lt;tr bgcolor="#E3E3F3"&gt;
&lt;th&gt;NM_RGINT&lt;/th&gt;
&lt;td&gt;Barreiras&lt;/td&gt;
&lt;/tr&gt;&lt;tr bgcolor=""&gt;
&lt;th&gt;CD_RGI&lt;/th&gt;
&lt;td&gt;290018&lt;/td&gt;
&lt;/tr&gt;&lt;tr bgcolor="#E3E3F3"&gt;
&lt;th&gt;NM_RGI&lt;/th&gt;
&lt;td&gt;Barreiras&lt;/td&gt;
&lt;/tr&gt;&lt;tr bgcolor=""&gt;
&lt;th&gt;CT_LOCALIDADE&lt;/th&gt;
&lt;td&gt;Outras Localidades&lt;/td&gt;
&lt;/tr&gt;&lt;tr bgcolor="#E3E3F3"&gt;
&lt;th&gt;SCT_LOCALIDADE&lt;/th&gt;
&lt;td&gt;&lt;/td&gt;
&lt;/tr&gt;&lt;tr bgcolor=""&gt;
&lt;th&gt;CD_LOCALIDADE&lt;/th&gt;
&lt;td&gt;290970300036&lt;/td&gt;
&lt;/tr&gt;&lt;tr bgcolor="#E3E3F3"&gt;
&lt;th&gt;NM_LOCALIDADE&lt;/th&gt;
&lt;td&gt;Encharco&lt;/td&gt;
&lt;/tr&gt;&lt;/table&gt;&lt;/center&gt;</description>
<Style>
<IconStyle>
<color>ff0069d3</color>
<scale>0.6</scale>
<Icon>
<href>http://maps.google.com/mapfiles/kml/shapes/placemark_circle.png</href>
</Icon>
</IconStyle>
<LabelStyle>
<scale>0.6</scale>
</LabelStyle>
<LineStyle>
<width>1.0</width>
<gx:labelVisibility>1</gx:labelVisibility>
</LineStyle>
</Style>
<ExtendedData>
<SchemaData schemaUrl="#kml_schema_ft_Localidades">
<SimpleData name="CD_UF">29</SimpleData>
<SimpleData name="NM_UF">Bahia</SimpleData>
<SimpleData name="SIGLA_UF">BA</SimpleData>
<SimpleData name="CD_MUN">2909703</SimpleData>
<SimpleData name="NM_MUN">Cristópolis</SimpleData>
<SimpleData name="CD_RGINT">2906</SimpleData>
<SimpleData name="NM_RGINT">Barreiras</SimpleData>
<SimpleData name="CD_RGI">290018</SimpleData>
<SimpleData name="NM_RGI">Barreiras</SimpleData>
<SimpleData name="CT_LOCALIDADE">Outras Localidades</SimpleData>
<SimpleData name="CD_LOCALIDADE">290970300036</SimpleData>
<SimpleData name="NM_LOCALIDADE">Encharco</SimpleData>
</SchemaData>
</ExtendedData>
<Point>
<extrude>0</extrude>
<coordinates>-44.431333,-12.2803652996065,0.0</coordinates>
</Point>
</Placemark>
<Placemark id="12. Outras Localidades">
<name>Gameleira [290970300037]</name>
<visibility>1</visibility>
<snippet> </snippet>
<description>&lt;center&gt;&lt;table&gt;&lt;tr&gt;&lt;th colspan='2' align='center'&gt;&lt;em&gt;Attributes&lt;/em&gt;&lt;/th&gt;&lt;/tr&gt;&lt;tr bgcolor="#E3E3F3"&gt;
&lt;th&gt;CD_UF&lt;/th&gt;
&lt;td&gt;29&lt;/td&gt;
&lt;/tr&gt;&lt;tr bgcolor=""&gt;
&lt;th&gt;NM_UF&lt;/th&gt;
&lt;td&gt;Bahia&lt;/td&gt;
&lt;/tr&gt;&lt;tr bgcolor="#E3E3F3"&gt;
&lt;th&gt;SIGLA_UF&lt;/th&gt;
&lt;td&gt;BA&lt;/td&gt;
&lt;/tr&gt;&lt;tr bgcolor=""&gt;
&lt;th&gt;CD_MUN&lt;/th&gt;
&lt;td&gt;2909703&lt;/td&gt;
&lt;/tr&gt;&lt;tr bgcolor="#E3E3F3"&gt;
&lt;th&gt;NM_MUN&lt;/th&gt;
&lt;td&gt;Cristópolis&lt;/td&gt;
&lt;/tr&gt;&lt;tr bgcolor=""&gt;
&lt;th&gt;CD_RGINT&lt;/th&gt;
&lt;td&gt;2906&lt;/td&gt;
&lt;/tr&gt;&lt;tr bgcolor="#E3E3F3"&gt;
&lt;th&gt;NM_RGINT&lt;/th&gt;
&lt;td&gt;Barreiras&lt;/td&gt;
&lt;/tr&gt;&lt;tr bgcolor=""&gt;
&lt;th&gt;CD_RGI&lt;/th&gt;
&lt;td&gt;290018&lt;/td&gt;
&lt;/tr&gt;&lt;tr bgcolor="#E3E3F3"&gt;
&lt;th&gt;NM_RGI&lt;/th&gt;
&lt;td&gt;Barreiras&lt;/td&gt;
&lt;/tr&gt;&lt;tr bgcolor=""&gt;
&lt;th&gt;CT_LOCALIDADE&lt;/th&gt;
&lt;td&gt;Outras Localidades&lt;/td&gt;
&lt;/tr&gt;&lt;tr bgcolor="#E3E3F3"&gt;
&lt;th&gt;SCT_LOCALIDADE&lt;/th&gt;
&lt;td&gt;&lt;/td&gt;
&lt;/tr&gt;&lt;tr bgcolor=""&gt;
&lt;th&gt;CD_LOCALIDADE&lt;/th&gt;
&lt;td&gt;290970300037&lt;/td&gt;
&lt;/tr&gt;&lt;tr bgcolor="#E3E3F3"&gt;
&lt;th&gt;NM_LOCALIDADE&lt;/th&gt;
&lt;td&gt;Gameleira&lt;/td&gt;
&lt;/tr&gt;&lt;/table&gt;&lt;/center&gt;</description>
<Style>
<IconStyle>
<color>ff0069d3</color>
<scale>0.6</scale>
<Icon>
<href>http://maps.google.com/mapfiles/kml/shapes/placemark_circle.png</href>
</Icon>
</IconStyle>
<LabelStyle>
<scale>0.6</scale>
</LabelStyle>
<LineStyle>
<width>1.0</width>
<gx:labelVisibility>1</gx:labelVisibility>
</LineStyle>
</Style>
<ExtendedData>
<SchemaData schemaUrl="#kml_schema_ft_Localidades">
<SimpleData name="CD_UF">29</SimpleData>
<SimpleData name="NM_UF">Bahia</SimpleData>
<SimpleData name="SIGLA_UF">BA</SimpleData>
<SimpleData name="CD_MUN">2909703</SimpleData>
<SimpleData name="NM_MUN">Cristópolis</SimpleData>
<SimpleData name="CD_RGINT">2906</SimpleData>
<SimpleData name="NM_RGINT">Barreiras</SimpleData>
<SimpleData name="CD_RGI">290018</SimpleData>
<SimpleData name="NM_RGI">Barreiras</SimpleData>
<SimpleData name="CT_LOCALIDADE">Outras Localidades</SimpleData>
<SimpleData name="CD_LOCALIDADE">290970300037</SimpleData>
<SimpleData name="NM_LOCALIDADE">Gameleira</SimpleData>
</SchemaData>
</ExtendedData>
<Point>
<extrude>0</extrude>
<coordinates>-44.4713889,-12.2675434996068,0.0</coordinates>
</Point>
</Placemark>
<Placemark id="12. Outras Localidades">
<name>Baraúna [290970300039]</name>
<visibility>1</visibility>
<snippet> </snippet>
<description>&lt;center&gt;&lt;table&gt;&lt;tr&gt;&lt;th colspan='2' align='center'&gt;&lt;em&gt;Attributes&lt;/em&gt;&lt;/th&gt;&lt;/tr&gt;&lt;tr bgcolor="#E3E3F3"&gt;
&lt;th&gt;CD_UF&lt;/th&gt;
&lt;td&gt;29&lt;/td&gt;
&lt;/tr&gt;&lt;tr bgcolor=""&gt;
&lt;th&gt;NM_UF&lt;/th&gt;
&lt;td&gt;Bahia&lt;/td&gt;
&lt;/tr&gt;&lt;tr bgcolor="#E3E3F3"&gt;
&lt;th&gt;SIGLA_UF&lt;/th&gt;
&lt;td&gt;BA&lt;/td&gt;
&lt;/tr&gt;&lt;tr bgcolor=""&gt;
&lt;th&gt;CD_MUN&lt;/th&gt;
&lt;td&gt;2909703&lt;/td&gt;
&lt;/tr&gt;&lt;tr bgcolor="#E3E3F3"&gt;
&lt;th&gt;NM_MUN&lt;/th&gt;
&lt;td&gt;Cristópolis&lt;/td&gt;
&lt;/tr&gt;&lt;tr bgcolor=""&gt;
&lt;th&gt;CD_RGINT&lt;/th&gt;
&lt;td&gt;2906&lt;/td&gt;
&lt;/tr&gt;&lt;tr bgcolor="#E3E3F3"&gt;
&lt;th&gt;NM_RGINT&lt;/th&gt;
&lt;td&gt;Barreiras&lt;/td&gt;
&lt;/tr&gt;&lt;tr bgcolor=""&gt;
&lt;th&gt;CD_RGI&lt;/th&gt;
&lt;td&gt;290018&lt;/td&gt;
&lt;/tr&gt;&lt;tr bgcolor="#E3E3F3"&gt;
&lt;th&gt;NM_RGI&lt;/th&gt;
&lt;td&gt;Barreiras&lt;/td&gt;
&lt;/tr&gt;&lt;tr bgcolor=""&gt;
&lt;th&gt;CT_LOCALIDADE&lt;/th&gt;
&lt;td&gt;Outras Localidades&lt;/td&gt;
&lt;/tr&gt;&lt;tr bgcolor="#E3E3F3"&gt;
&lt;th&gt;SCT_LOCALIDADE&lt;/th&gt;
&lt;td&gt;&lt;/td&gt;
&lt;/tr&gt;&lt;tr bgcolor=""&gt;
&lt;th&gt;CD_LOCALIDADE&lt;/th&gt;
&lt;td&gt;290970300039&lt;/td&gt;
&lt;/tr&gt;&lt;tr bgcolor="#E3E3F3"&gt;
&lt;th&gt;NM_LOCALIDADE&lt;/th&gt;
&lt;td&gt;Baraúna&lt;/td&gt;
&lt;/tr&gt;&lt;/table&gt;&lt;/center&gt;</description>
<Style>
<IconStyle>
<color>ff0069d3</color>
<scale>0.6</scale>
<Icon>
<href>http://maps.google.com/mapfiles/kml/shapes/placemark_circle.png</href>
</Icon>
</IconStyle>
<LabelStyle>
<scale>0.6</scale>
</LabelStyle>
<LineStyle>
<width>1.0</width>
<gx:labelVisibility>1</gx:labelVisibility>
</LineStyle>
</Style>
<ExtendedData>
<SchemaData schemaUrl="#kml_schema_ft_Localidades">
<SimpleData name="CD_UF">29</SimpleData>
<SimpleData name="NM_UF">Bahia</SimpleData>
<SimpleData name="SIGLA_UF">BA</SimpleData>
<SimpleData name="CD_MUN">2909703</SimpleData>
<SimpleData name="NM_MUN">Cristópolis</SimpleData>
<SimpleData name="CD_RGINT">2906</SimpleData>
<SimpleData name="NM_RGINT">Barreiras</SimpleData>
<SimpleData name="CD_RGI">290018</SimpleData>
<SimpleData name="NM_RGI">Barreiras</SimpleData>
<SimpleData name="CT_LOCALIDADE">Outras Localidades</SimpleData>
<SimpleData name="CD_LOCALIDADE">290970300039</SimpleData>
<SimpleData name="NM_LOCALIDADE">Baraúna</SimpleData>
</SchemaData>
</ExtendedData>
<Point>
<extrude>0</extrude>
<coordinates>-44.078418,-12.229754999608,0.0</coordinates>
</Point>
</Placemark>
<Placemark id="12. Outras Localidades">
<name>Boa Sorte [290970300040]</name>
<visibility>1</visibility>
<snippet> </snippet>
<description>&lt;center&gt;&lt;table&gt;&lt;tr&gt;&lt;th colspan='2' align='center'&gt;&lt;em&gt;Attributes&lt;/em&gt;&lt;/th&gt;&lt;/tr&gt;&lt;tr bgcolor="#E3E3F3"&gt;
&lt;th&gt;CD_UF&lt;/th&gt;
&lt;td&gt;29&lt;/td&gt;
&lt;/tr&gt;&lt;tr bgcolor=""&gt;
&lt;th&gt;NM_UF&lt;/th&gt;
&lt;td&gt;Bahia&lt;/td&gt;
&lt;/tr&gt;&lt;tr bgcolor="#E3E3F3"&gt;
&lt;th&gt;SIGLA_UF&lt;/th&gt;
&lt;td&gt;BA&lt;/td&gt;
&lt;/tr&gt;&lt;tr bgcolor=""&gt;
&lt;th&gt;CD_MUN&lt;/th&gt;
&lt;td&gt;2909703&lt;/td&gt;
&lt;/tr&gt;&lt;tr bgcolor="#E3E3F3"&gt;
&lt;th&gt;NM_MUN&lt;/th&gt;
&lt;td&gt;Cristópolis&lt;/td&gt;
&lt;/tr&gt;&lt;tr bgcolor=""&gt;
&lt;th&gt;CD_RGINT&lt;/th&gt;
&lt;td&gt;2906&lt;/td&gt;
&lt;/tr&gt;&lt;tr bgcolor="#E3E3F3"&gt;
&lt;th&gt;NM_RGINT&lt;/th&gt;
&lt;td&gt;Barreiras&lt;/td&gt;
&lt;/tr&gt;&lt;tr bgcolor=""&gt;
&lt;th&gt;CD_RGI&lt;/th&gt;
&lt;td&gt;290018&lt;/td&gt;
&lt;/tr&gt;&lt;tr bgcolor="#E3E3F3"&gt;
&lt;th&gt;NM_RGI&lt;/th&gt;
&lt;td&gt;Barreiras&lt;/td&gt;
&lt;/tr&gt;&lt;tr bgcolor=""&gt;
&lt;th&gt;CT_LOCALIDADE&lt;/th&gt;
&lt;td&gt;Outras Localidades&lt;/td&gt;
&lt;/tr&gt;&lt;tr bgcolor="#E3E3F3"&gt;
&lt;th&gt;SCT_LOCALIDADE&lt;/th&gt;
&lt;td&gt;&lt;/td&gt;
&lt;/tr&gt;&lt;tr bgcolor=""&gt;
&lt;th&gt;CD_LOCALIDADE&lt;/th&gt;
&lt;td&gt;290970300040&lt;/td&gt;
&lt;/tr&gt;&lt;tr bgcolor="#E3E3F3"&gt;
&lt;th&gt;NM_LOCALIDADE&lt;/th&gt;
&lt;td&gt;Boa Sorte&lt;/td&gt;
&lt;/tr&gt;&lt;/table&gt;&lt;/center&gt;</description>
<Style>
<IconStyle>
<color>ff0069d3</color>
<scale>0.6</scale>
<Icon>
<href>http://maps.google.com/mapfiles/kml/shapes/placemark_circle.png</href>
</Icon>
</IconStyle>
<LabelStyle>
<scale>0.6</scale>
</LabelStyle>
<LineStyle>
<width>1.0</width>
<gx:labelVisibility>1</gx:labelVisibility>
</LineStyle>
</Style>
<ExtendedData>
<SchemaData schemaUrl="#kml_schema_ft_Localidades">
<SimpleData name="CD_UF">29</SimpleData>
<SimpleData name="NM_UF">Bahia</SimpleData>
<SimpleData name="SIGLA_UF">BA</SimpleData>
<SimpleData name="CD_MUN">2909703</SimpleData>
<SimpleData name="NM_MUN">Cristópolis</SimpleData>
<SimpleData name="CD_RGINT">2906</SimpleData>
<SimpleData name="NM_RGINT">Barreiras</SimpleData>
<SimpleData name="CD_RGI">290018</SimpleData>
<SimpleData name="NM_RGI">Barreiras</SimpleData>
<SimpleData name="CT_LOCALIDADE">Outras Localidades</SimpleData>
<SimpleData name="CD_LOCALIDADE">290970300040</SimpleData>
<SimpleData name="NM_LOCALIDADE">Boa Sorte</SimpleData>
</SchemaData>
</ExtendedData>
<Point>
<extrude>0</extrude>
<coordinates>-44.065882,-12.2066829996087,0.0</coordinates>
</Point>
</Placemark>
<Placemark id="12. Outras Localidades">
<name>Cabeceira do São João [290970300041]</name>
<visibility>1</visibility>
<snippet> </snippet>
<description>&lt;center&gt;&lt;table&gt;&lt;tr&gt;&lt;th colspan='2' align='center'&gt;&lt;em&gt;Attributes&lt;/em&gt;&lt;/th&gt;&lt;/tr&gt;&lt;tr bgcolor="#E3E3F3"&gt;
&lt;th&gt;CD_UF&lt;/th&gt;
&lt;td&gt;29&lt;/td&gt;
&lt;/tr&gt;&lt;tr bgcolor=""&gt;
&lt;th&gt;NM_UF&lt;/th&gt;
&lt;td&gt;Bahia&lt;/td&gt;
&lt;/tr&gt;&lt;tr bgcolor="#E3E3F3"&gt;
&lt;th&gt;SIGLA_UF&lt;/th&gt;
&lt;td&gt;BA&lt;/td&gt;
&lt;/tr&gt;&lt;tr bgcolor=""&gt;
&lt;th&gt;CD_MUN&lt;/th&gt;
&lt;td&gt;2909703&lt;/td&gt;
&lt;/tr&gt;&lt;tr bgcolor="#E3E3F3"&gt;
&lt;th&gt;NM_MUN&lt;/th&gt;
&lt;td&gt;Cristópolis&lt;/td&gt;
&lt;/tr&gt;&lt;tr bgcolor=""&gt;
&lt;th&gt;CD_RGINT&lt;/th&gt;
&lt;td&gt;2906&lt;/td&gt;
&lt;/tr&gt;&lt;tr bgcolor="#E3E3F3"&gt;
&lt;th&gt;NM_RGINT&lt;/th&gt;
&lt;td&gt;Barreiras&lt;/td&gt;
&lt;/tr&gt;&lt;tr bgcolor=""&gt;
&lt;th&gt;CD_RGI&lt;/th&gt;
&lt;td&gt;290018&lt;/td&gt;
&lt;/tr&gt;&lt;tr bgcolor="#E3E3F3"&gt;
&lt;th&gt;NM_RGI&lt;/th&gt;
&lt;td&gt;Barreiras&lt;/td&gt;
&lt;/tr&gt;&lt;tr bgcolor=""&gt;
&lt;th&gt;CT_LOCALIDADE&lt;/th&gt;
&lt;td&gt;Outras Localidades&lt;/td&gt;
&lt;/tr&gt;&lt;tr bgcolor="#E3E3F3"&gt;
&lt;th&gt;SCT_LOCALIDADE&lt;/th&gt;
&lt;td&gt;&lt;/td&gt;
&lt;/tr&gt;&lt;tr bgcolor=""&gt;
&lt;th&gt;CD_LOCALIDADE&lt;/th&gt;
&lt;td&gt;290970300041&lt;/td&gt;
&lt;/tr&gt;&lt;tr bgcolor="#E3E3F3"&gt;
&lt;th&gt;NM_LOCALIDADE&lt;/th&gt;
&lt;td&gt;Cabeceira do São João&lt;/td&gt;
&lt;/tr&gt;&lt;/table&gt;&lt;/center&gt;</description>
<Style>
<IconStyle>
<color>ff0069d3</color>
<scale>0.6</scale>
<Icon>
<href>http://maps.google.com/mapfiles/kml/shapes/placemark_circle.png</href>
</Icon>
</IconStyle>
<LabelStyle>
<scale>0.6</scale>
</LabelStyle>
<LineStyle>
<width>1.0</width>
<gx:labelVisibility>1</gx:labelVisibility>
</LineStyle>
</Style>
<ExtendedData>
<SchemaData schemaUrl="#kml_schema_ft_Localidades">
<SimpleData name="CD_UF">29</SimpleData>
<SimpleData name="NM_UF">Bahia</SimpleData>
<SimpleData name="SIGLA_UF">BA</SimpleData>
<SimpleData name="CD_MUN">2909703</SimpleData>
<SimpleData name="NM_MUN">Cristópolis</SimpleData>
<SimpleData name="CD_RGINT">2906</SimpleData>
<SimpleData name="NM_RGINT">Barreiras</SimpleData>
<SimpleData name="CD_RGI">290018</SimpleData>
<SimpleData name="NM_RGI">Barreiras</SimpleData>
<SimpleData name="CT_LOCALIDADE">Outras Localidades</SimpleData>
<SimpleData name="CD_LOCALIDADE">290970300041</SimpleData>
<SimpleData name="NM_LOCALIDADE">Cabeceira do São João</SimpleData>
</SchemaData>
</ExtendedData>
<Point>
<extrude>0</extrude>
<coordinates>-44.230312,-12.2570909996072,0.0</coordinates>
</Point>
</Placemark>
<Placemark id="12. Outras Localidades">
<name>Canabravinha [290970300042]</name>
<visibility>1</visibility>
<snippet> </snippet>
<description>&lt;center&gt;&lt;table&gt;&lt;tr&gt;&lt;th colspan='2' align='center'&gt;&lt;em&gt;Attributes&lt;/em&gt;&lt;/th&gt;&lt;/tr&gt;&lt;tr bgcolor="#E3E3F3"&gt;
&lt;th&gt;CD_UF&lt;/th&gt;
&lt;td&gt;29&lt;/td&gt;
&lt;/tr&gt;&lt;tr bgcolor=""&gt;
&lt;th&gt;NM_UF&lt;/th&gt;
&lt;td&gt;Bahia&lt;/td&gt;
&lt;/tr&gt;&lt;tr bgcolor="#E3E3F3"&gt;
&lt;th&gt;SIGLA_UF&lt;/th&gt;
&lt;td&gt;BA&lt;/td&gt;
&lt;/tr&gt;&lt;tr bgcolor=""&gt;
&lt;th&gt;CD_MUN&lt;/th&gt;
&lt;td&gt;2909703&lt;/td&gt;
&lt;/tr&gt;&lt;tr bgcolor="#E3E3F3"&gt;
&lt;th&gt;NM_MUN&lt;/th&gt;
&lt;td&gt;Cristópolis&lt;/td&gt;
&lt;/tr&gt;&lt;tr bgcolor=""&gt;
&lt;th&gt;CD_RGINT&lt;/th&gt;
&lt;td&gt;2906&lt;/td&gt;
&lt;/tr&gt;&lt;tr bgcolor="#E3E3F3"&gt;
&lt;th&gt;NM_RGINT&lt;/th&gt;
&lt;td&gt;Barreiras&lt;/td&gt;
&lt;/tr&gt;&lt;tr bgcolor=""&gt;
&lt;th&gt;CD_RGI&lt;/th&gt;
&lt;td&gt;290018&lt;/td&gt;
&lt;/tr&gt;&lt;tr bgcolor="#E3E3F3"&gt;
&lt;th&gt;NM_RGI&lt;/th&gt;
&lt;td&gt;Barreiras&lt;/td&gt;
&lt;/tr&gt;&lt;tr bgcolor=""&gt;
&lt;th&gt;CT_LOCALIDADE&lt;/th&gt;
&lt;td&gt;Outras Localidades&lt;/td&gt;
&lt;/tr&gt;&lt;tr bgcolor="#E3E3F3"&gt;
&lt;th&gt;SCT_LOCALIDADE&lt;/th&gt;
&lt;td&gt;&lt;/td&gt;
&lt;/tr&gt;&lt;tr bgcolor=""&gt;
&lt;th&gt;CD_LOCALIDADE&lt;/th&gt;
&lt;td&gt;290970300042&lt;/td&gt;
&lt;/tr&gt;&lt;tr bgcolor="#E3E3F3"&gt;
&lt;th&gt;NM_LOCALIDADE&lt;/th&gt;
&lt;td&gt;Canabravinha&lt;/td&gt;
&lt;/tr&gt;&lt;/table&gt;&lt;/center&gt;</description>
<Style>
<IconStyle>
<color>ff0069d3</color>
<scale>0.6</scale>
<Icon>
<href>http://maps.google.com/mapfiles/kml/shapes/placemark_circle.png</href>
</Icon>
</IconStyle>
<LabelStyle>
<scale>0.6</scale>
</LabelStyle>
<LineStyle>
<width>1.0</width>
<gx:labelVisibility>1</gx:labelVisibility>
</LineStyle>
</Style>
<ExtendedData>
<SchemaData schemaUrl="#kml_schema_ft_Localidades">
<SimpleData name="CD_UF">29</SimpleData>
<SimpleData name="NM_UF">Bahia</SimpleData>
<SimpleData name="SIGLA_UF">BA</SimpleData>
<SimpleData name="CD_MUN">2909703</SimpleData>
<SimpleData name="NM_MUN">Cristópolis</SimpleData>
<SimpleData name="CD_RGINT">2906</SimpleData>
<SimpleData name="NM_RGINT">Barreiras</SimpleData>
<SimpleData name="CD_RGI">290018</SimpleData>
<SimpleData name="NM_RGI">Barreiras</SimpleData>
<SimpleData name="CT_LOCALIDADE">Outras Localidades</SimpleData>
<SimpleData name="CD_LOCALIDADE">290970300042</SimpleData>
<SimpleData name="NM_LOCALIDADE">Canabravinha</SimpleData>
</SchemaData>
</ExtendedData>
<Point>
<extrude>0</extrude>
<coordinates>-44.330121,-12.2783769996065,0.0</coordinates>
</Point>
</Placemark>
<Placemark id="12. Outras Localidades">
<name>Canabravinha 2 [290970300043]</name>
<visibility>1</visibility>
<snippet> </snippet>
<description>&lt;center&gt;&lt;table&gt;&lt;tr&gt;&lt;th colspan='2' align='center'&gt;&lt;em&gt;Attributes&lt;/em&gt;&lt;/th&gt;&lt;/tr&gt;&lt;tr bgcolor="#E3E3F3"&gt;
&lt;th&gt;CD_UF&lt;/th&gt;
&lt;td&gt;29&lt;/td&gt;
&lt;/tr&gt;&lt;tr bgcolor=""&gt;
&lt;th&gt;NM_UF&lt;/th&gt;
&lt;td&gt;Bahia&lt;/td&gt;
&lt;/tr&gt;&lt;tr bgcolor="#E3E3F3"&gt;
&lt;th&gt;SIGLA_UF&lt;/th&gt;
&lt;td&gt;BA&lt;/td&gt;
&lt;/tr&gt;&lt;tr bgcolor=""&gt;
&lt;th&gt;CD_MUN&lt;/th&gt;
&lt;td&gt;2909703&lt;/td&gt;
&lt;/tr&gt;&lt;tr bgcolor="#E3E3F3"&gt;
&lt;th&gt;NM_MUN&lt;/th&gt;
&lt;td&gt;Cristópolis&lt;/td&gt;
&lt;/tr&gt;&lt;tr bgcolor=""&gt;
&lt;th&gt;CD_RGINT&lt;/th&gt;
&lt;td&gt;2906&lt;/td&gt;
&lt;/tr&gt;&lt;tr bgcolor="#E3E3F3"&gt;
&lt;th&gt;NM_RGINT&lt;/th&gt;
&lt;td&gt;Barreiras&lt;/td&gt;
&lt;/tr&gt;&lt;tr bgcolor=""&gt;
&lt;th&gt;CD_RGI&lt;/th&gt;
&lt;td&gt;290018&lt;/td&gt;
&lt;/tr&gt;&lt;tr bgcolor="#E3E3F3"&gt;
&lt;th&gt;NM_RGI&lt;/th&gt;
&lt;td&gt;Barreiras&lt;/td&gt;
&lt;/tr&gt;&lt;tr bgcolor=""&gt;
&lt;th&gt;CT_LOCALIDADE&lt;/th&gt;
&lt;td&gt;Outras Localidades&lt;/td&gt;
&lt;/tr&gt;&lt;tr bgcolor="#E3E3F3"&gt;
&lt;th&gt;SCT_LOCALIDADE&lt;/th&gt;
&lt;td&gt;&lt;/td&gt;
&lt;/tr&gt;&lt;tr bgcolor=""&gt;
&lt;th&gt;CD_LOCALIDADE&lt;/th&gt;
&lt;td&gt;290970300043&lt;/td&gt;
&lt;/tr&gt;&lt;tr bgcolor="#E3E3F3"&gt;
&lt;th&gt;NM_LOCALIDADE&lt;/th&gt;
&lt;td&gt;Canabravinha 2&lt;/td&gt;
&lt;/tr&gt;&lt;/table&gt;&lt;/center&gt;</description>
<Style>
<IconStyle>
<color>ff0069d3</color>
<scale>0.6</scale>
<Icon>
<href>http://maps.google.com/mapfiles/kml/shapes/placemark_circle.png</href>
</Icon>
</IconStyle>
<LabelStyle>
<scale>0.6</scale>
</LabelStyle>
<LineStyle>
<width>1.0</width>
<gx:labelVisibility>1</gx:labelVisibility>
</LineStyle>
</Style>
<ExtendedData>
<SchemaData schemaUrl="#kml_schema_ft_Localidades">
<SimpleData name="CD_UF">29</SimpleData>
<SimpleData name="NM_UF">Bahia</SimpleData>
<SimpleData name="SIGLA_UF">BA</SimpleData>
<SimpleData name="CD_MUN">2909703</SimpleData>
<SimpleData name="NM_MUN">Cristópolis</SimpleData>
<SimpleData name="CD_RGINT">2906</SimpleData>
<SimpleData name="NM_RGINT">Barreiras</SimpleData>
<SimpleData name="CD_RGI">290018</SimpleData>
<SimpleData name="NM_RGI">Barreiras</SimpleData>
<SimpleData name="CT_LOCALIDADE">Outras Localidades</SimpleData>
<SimpleData name="CD_LOCALIDADE">290970300043</SimpleData>
<SimpleData name="NM_LOCALIDADE">Canabravinha 2</SimpleData>
</SchemaData>
</ExtendedData>
<Point>
<extrude>0</extrude>
<coordinates>-44.345383,-12.2744349996066,0.0</coordinates>
</Point>
</Placemark>
<Placemark id="12. Outras Localidades">
<name>Gameleira 3 [290970300044]</name>
<visibility>1</visibility>
<snippet> </snippet>
<description>&lt;center&gt;&lt;table&gt;&lt;tr&gt;&lt;th colspan='2' align='center'&gt;&lt;em&gt;Attributes&lt;/em&gt;&lt;/th&gt;&lt;/tr&gt;&lt;tr bgcolor="#E3E3F3"&gt;
&lt;th&gt;CD_UF&lt;/th&gt;
&lt;td&gt;29&lt;/td&gt;
&lt;/tr&gt;&lt;tr bgcolor=""&gt;
&lt;th&gt;NM_UF&lt;/th&gt;
&lt;td&gt;Bahia&lt;/td&gt;
&lt;/tr&gt;&lt;tr bgcolor="#E3E3F3"&gt;
&lt;th&gt;SIGLA_UF&lt;/th&gt;
&lt;td&gt;BA&lt;/td&gt;
&lt;/tr&gt;&lt;tr bgcolor=""&gt;
&lt;th&gt;CD_MUN&lt;/th&gt;
&lt;td&gt;2909703&lt;/td&gt;
&lt;/tr&gt;&lt;tr bgcolor="#E3E3F3"&gt;
&lt;th&gt;NM_MUN&lt;/th&gt;
&lt;td&gt;Cristópolis&lt;/td&gt;
&lt;/tr&gt;&lt;tr bgcolor=""&gt;
&lt;th&gt;CD_RGINT&lt;/th&gt;
&lt;td&gt;2906&lt;/td&gt;
&lt;/tr&gt;&lt;tr bgcolor="#E3E3F3"&gt;
&lt;th&gt;NM_RGINT&lt;/th&gt;
&lt;td&gt;Barreiras&lt;/td&gt;
&lt;/tr&gt;&lt;tr bgcolor=""&gt;
&lt;th&gt;CD_RGI&lt;/th&gt;
&lt;td&gt;290018&lt;/td&gt;
&lt;/tr&gt;&lt;tr bgcolor="#E3E3F3"&gt;
&lt;th&gt;NM_RGI&lt;/th&gt;
&lt;td&gt;Barreiras&lt;/td&gt;
&lt;/tr&gt;&lt;tr bgcolor=""&gt;
&lt;th&gt;CT_LOCALIDADE&lt;/th&gt;
&lt;td&gt;Outras Localidades&lt;/td&gt;
&lt;/tr&gt;&lt;tr bgcolor="#E3E3F3"&gt;
&lt;th&gt;SCT_LOCALIDADE&lt;/th&gt;
&lt;td&gt;&lt;/td&gt;
&lt;/tr&gt;&lt;tr bgcolor=""&gt;
&lt;th&gt;CD_LOCALIDADE&lt;/th&gt;
&lt;td&gt;290970300044&lt;/td&gt;
&lt;/tr&gt;&lt;tr bgcolor="#E3E3F3"&gt;
&lt;th&gt;NM_LOCALIDADE&lt;/th&gt;
&lt;td&gt;Gameleira 3&lt;/td&gt;
&lt;/tr&gt;&lt;/table&gt;&lt;/center&gt;</description>
<Style>
<IconStyle>
<color>ff0069d3</color>
<scale>0.6</scale>
<Icon>
<href>http://maps.google.com/mapfiles/kml/shapes/placemark_circle.png</href>
</Icon>
</IconStyle>
<LabelStyle>
<scale>0.6</scale>
</LabelStyle>
<LineStyle>
<width>1.0</width>
<gx:labelVisibility>1</gx:labelVisibility>
</LineStyle>
</Style>
<ExtendedData>
<SchemaData schemaUrl="#kml_schema_ft_Localidades">
<SimpleData name="CD_UF">29</SimpleData>
<SimpleData name="NM_UF">Bahia</SimpleData>
<SimpleData name="SIGLA_UF">BA</SimpleData>
<SimpleData name="CD_MUN">2909703</SimpleData>
<SimpleData name="NM_MUN">Cristópolis</SimpleData>
<SimpleData name="CD_RGINT">2906</SimpleData>
<SimpleData name="NM_RGINT">Barreiras</SimpleData>
<SimpleData name="CD_RGI">290018</SimpleData>
<SimpleData name="NM_RGI">Barreiras</SimpleData>
<SimpleData name="CT_LOCALIDADE">Outras Localidades</SimpleData>
<SimpleData name="CD_LOCALIDADE">290970300044</SimpleData>
<SimpleData name="NM_LOCALIDADE">Gameleira 3</SimpleData>
</SchemaData>
</ExtendedData>
<Point>
<extrude>0</extrude>
<coordinates>-44.497214,-12.2783099996065,0.0</coordinates>
</Point>
</Placemark>
<Placemark id="12. Outras Localidades">
<name>Limoeiro [290970300045]</name>
<visibility>1</visibility>
<snippet> </snippet>
<description>&lt;center&gt;&lt;table&gt;&lt;tr&gt;&lt;th colspan='2' align='center'&gt;&lt;em&gt;Attributes&lt;/em&gt;&lt;/th&gt;&lt;/tr&gt;&lt;tr bgcolor="#E3E3F3"&gt;
&lt;th&gt;CD_UF&lt;/th&gt;
&lt;td&gt;29&lt;/td&gt;
&lt;/tr&gt;&lt;tr bgcolor=""&gt;
&lt;th&gt;NM_UF&lt;/th&gt;
&lt;td&gt;Bahia&lt;/td&gt;
&lt;/tr&gt;&lt;tr bgcolor="#E3E3F3"&gt;
&lt;th&gt;SIGLA_UF&lt;/th&gt;
&lt;td&gt;BA&lt;/td&gt;
&lt;/tr&gt;&lt;tr bgcolor=""&gt;
&lt;th&gt;CD_MUN&lt;/th&gt;
&lt;td&gt;2909703&lt;/td&gt;
&lt;/tr&gt;&lt;tr bgcolor="#E3E3F3"&gt;
&lt;th&gt;NM_MUN&lt;/th&gt;
&lt;td&gt;Cristópolis&lt;/td&gt;
&lt;/tr&gt;&lt;tr bgcolor=""&gt;
&lt;th&gt;CD_RGINT&lt;/th&gt;
&lt;td&gt;2906&lt;/td&gt;
&lt;/tr&gt;&lt;tr bgcolor="#E3E3F3"&gt;
&lt;th&gt;NM_RGINT&lt;/th&gt;
&lt;td&gt;Barreiras&lt;/td&gt;
&lt;/tr&gt;&lt;tr bgcolor=""&gt;
&lt;th&gt;CD_RGI&lt;/th&gt;
&lt;td&gt;290018&lt;/td&gt;
&lt;/tr&gt;&lt;tr bgcolor="#E3E3F3"&gt;
&lt;th&gt;NM_RGI&lt;/th&gt;
&lt;td&gt;Barreiras&lt;/td&gt;
&lt;/tr&gt;&lt;tr bgcolor=""&gt;
&lt;th&gt;CT_LOCALIDADE&lt;/th&gt;
&lt;td&gt;Outras Localidades&lt;/td&gt;
&lt;/tr&gt;&lt;tr bgcolor="#E3E3F3"&gt;
&lt;th&gt;SCT_LOCALIDADE&lt;/th&gt;
&lt;td&gt;&lt;/td&gt;
&lt;/tr&gt;&lt;tr bgcolor=""&gt;
&lt;th&gt;CD_LOCALIDADE&lt;/th&gt;
&lt;td&gt;290970300045&lt;/td&gt;
&lt;/tr&gt;&lt;tr bgcolor="#E3E3F3"&gt;
&lt;th&gt;NM_LOCALIDADE&lt;/th&gt;
&lt;td&gt;Limoeiro&lt;/td&gt;
&lt;/tr&gt;&lt;/table&gt;&lt;/center&gt;</description>
<Style>
<IconStyle>
<color>ff0069d3</color>
<scale>0.6</scale>
<Icon>
<href>http://maps.google.com/mapfiles/kml/shapes/placemark_circle.png</href>
</Icon>
</IconStyle>
<LabelStyle>
<scale>0.6</scale>
</LabelStyle>
<LineStyle>
<width>1.0</width>
<gx:labelVisibility>1</gx:labelVisibility>
</LineStyle>
</Style>
<ExtendedData>
<SchemaData schemaUrl="#kml_schema_ft_Localidades">
<SimpleData name="CD_UF">29</SimpleData>
<SimpleData name="NM_UF">Bahia</SimpleData>
<SimpleData name="SIGLA_UF">BA</SimpleData>
<SimpleData name="CD_MUN">2909703</SimpleData>
<SimpleData name="NM_MUN">Cristópolis</SimpleData>
<SimpleData name="CD_RGINT">2906</SimpleData>
<SimpleData name="NM_RGINT">Barreiras</SimpleData>
<SimpleData name="CD_RGI">290018</SimpleData>
<SimpleData name="NM_RGI">Barreiras</SimpleData>
<SimpleData name="CT_LOCALIDADE">Outras Localidades</SimpleData>
<SimpleData name="CD_LOCALIDADE">290970300045</SimpleData>
<SimpleData name="NM_LOCALIDADE">Limoeiro</SimpleData>
</SchemaData>
</ExtendedData>
<Point>
<extrude>0</extrude>
<coordinates>-44.337906,-12.1995119996089,0.0</coordinates>
</Point>
</Placemark>
<Placemark id="12. Outras Localidades">
<name>Marrecas [290970300046]</name>
<visibility>1</visibility>
<snippet> </snippet>
<description>&lt;center&gt;&lt;table&gt;&lt;tr&gt;&lt;th colspan='2' align='center'&gt;&lt;em&gt;Attributes&lt;/em&gt;&lt;/th&gt;&lt;/tr&gt;&lt;tr bgcolor="#E3E3F3"&gt;
&lt;th&gt;CD_UF&lt;/th&gt;
&lt;td&gt;29&lt;/td&gt;
&lt;/tr&gt;&lt;tr bgcolor=""&gt;
&lt;th&gt;NM_UF&lt;/th&gt;
&lt;td&gt;Bahia&lt;/td&gt;
&lt;/tr&gt;&lt;tr bgcolor="#E3E3F3"&gt;
&lt;th&gt;SIGLA_UF&lt;/th&gt;
&lt;td&gt;BA&lt;/td&gt;
&lt;/tr&gt;&lt;tr bgcolor=""&gt;
&lt;th&gt;CD_MUN&lt;/th&gt;
&lt;td&gt;2909703&lt;/td&gt;
&lt;/tr&gt;&lt;tr bgcolor="#E3E3F3"&gt;
&lt;th&gt;NM_MUN&lt;/th&gt;
&lt;td&gt;Cristópolis&lt;/td&gt;
&lt;/tr&gt;&lt;tr bgcolor=""&gt;
&lt;th&gt;CD_RGINT&lt;/th&gt;
&lt;td&gt;2906&lt;/td&gt;
&lt;/tr&gt;&lt;tr bgcolor="#E3E3F3"&gt;
&lt;th&gt;NM_RGINT&lt;/th&gt;
&lt;td&gt;Barreiras&lt;/td&gt;
&lt;/tr&gt;&lt;tr bgcolor=""&gt;
&lt;th&gt;CD_RGI&lt;/th&gt;
&lt;td&gt;290018&lt;/td&gt;
&lt;/tr&gt;&lt;tr bgcolor="#E3E3F3"&gt;
&lt;th&gt;NM_RGI&lt;/th&gt;
&lt;td&gt;Barreiras&lt;/td&gt;
&lt;/tr&gt;&lt;tr bgcolor=""&gt;
&lt;th&gt;CT_LOCALIDADE&lt;/th&gt;
&lt;td&gt;Outras Localidades&lt;/td&gt;
&lt;/tr&gt;&lt;tr bgcolor="#E3E3F3"&gt;
&lt;th&gt;SCT_LOCALIDADE&lt;/th&gt;
&lt;td&gt;&lt;/td&gt;
&lt;/tr&gt;&lt;tr bgcolor=""&gt;
&lt;th&gt;CD_LOCALIDADE&lt;/th&gt;
&lt;td&gt;290970300046&lt;/td&gt;
&lt;/tr&gt;&lt;tr bgcolor="#E3E3F3"&gt;
&lt;th&gt;NM_LOCALIDADE&lt;/th&gt;
&lt;td&gt;Marrecas&lt;/td&gt;
&lt;/tr&gt;&lt;/table&gt;&lt;/center&gt;</description>
<Style>
<IconStyle>
<color>ff0069d3</color>
<scale>0.6</scale>
<Icon>
<href>http://maps.google.com/mapfiles/kml/shapes/placemark_circle.png</href>
</Icon>
</IconStyle>
<LabelStyle>
<scale>0.6</scale>
</LabelStyle>
<LineStyle>
<width>1.0</width>
<gx:labelVisibility>1</gx:labelVisibility>
</LineStyle>
</Style>
<ExtendedData>
<SchemaData schemaUrl="#kml_schema_ft_Localidades">
<SimpleData name="CD_UF">29</SimpleData>
<SimpleData name="NM_UF">Bahia</SimpleData>
<SimpleData name="SIGLA_UF">BA</SimpleData>
<SimpleData name="CD_MUN">2909703</SimpleData>
<SimpleData name="NM_MUN">Cristópolis</SimpleData>
<SimpleData name="CD_RGINT">2906</SimpleData>
<SimpleData name="NM_RGINT">Barreiras</SimpleData>
<SimpleData name="CD_RGI">290018</SimpleData>
<SimpleData name="NM_RGI">Barreiras</SimpleData>
<SimpleData name="CT_LOCALIDADE">Outras Localidades</SimpleData>
<SimpleData name="CD_LOCALIDADE">290970300046</SimpleData>
<SimpleData name="NM_LOCALIDADE">Marrecas</SimpleData>
</SchemaData>
</ExtendedData>
<Point>
<extrude>0</extrude>
<coordinates>-44.429102,-12.2936689996061,0.0</coordinates>
</Point>
</Placemark>
<Placemark id="12. Outras Localidades">
<name>Mata do Cedro [290970300047]</name>
<visibility>1</visibility>
<snippet> </snippet>
<description>&lt;center&gt;&lt;table&gt;&lt;tr&gt;&lt;th colspan='2' align='center'&gt;&lt;em&gt;Attributes&lt;/em&gt;&lt;/th&gt;&lt;/tr&gt;&lt;tr bgcolor="#E3E3F3"&gt;
&lt;th&gt;CD_UF&lt;/th&gt;
&lt;td&gt;29&lt;/td&gt;
&lt;/tr&gt;&lt;tr bgcolor=""&gt;
&lt;th&gt;NM_UF&lt;/th&gt;
&lt;td&gt;Bahia&lt;/td&gt;
&lt;/tr&gt;&lt;tr bgcolor="#E3E3F3"&gt;
&lt;th&gt;SIGLA_UF&lt;/th&gt;
&lt;td&gt;BA&lt;/td&gt;
&lt;/tr&gt;&lt;tr bgcolor=""&gt;
&lt;th&gt;CD_MUN&lt;/th&gt;
&lt;td&gt;2909703&lt;/td&gt;
&lt;/tr&gt;&lt;tr bgcolor="#E3E3F3"&gt;
&lt;th&gt;NM_MUN&lt;/th&gt;
&lt;td&gt;Cristópolis&lt;/td&gt;
&lt;/tr&gt;&lt;tr bgcolor=""&gt;
&lt;th&gt;CD_RGINT&lt;/th&gt;
&lt;td&gt;2906&lt;/td&gt;
&lt;/tr&gt;&lt;tr bgcolor="#E3E3F3"&gt;
&lt;th&gt;NM_RGINT&lt;/th&gt;
&lt;td&gt;Barreiras&lt;/td&gt;
&lt;/tr&gt;&lt;tr bgcolor=""&gt;
&lt;th&gt;CD_RGI&lt;/th&gt;
&lt;td&gt;290018&lt;/td&gt;
&lt;/tr&gt;&lt;tr bgcolor="#E3E3F3"&gt;
&lt;th&gt;NM_RGI&lt;/th&gt;
&lt;td&gt;Barreiras&lt;/td&gt;
&lt;/tr&gt;&lt;tr bgcolor=""&gt;
&lt;th&gt;CT_LOCALIDADE&lt;/th&gt;
&lt;td&gt;Outras Localidades&lt;/td&gt;
&lt;/tr&gt;&lt;tr bgcolor="#E3E3F3"&gt;
&lt;th&gt;SCT_LOCALIDADE&lt;/th&gt;
&lt;td&gt;&lt;/td&gt;
&lt;/tr&gt;&lt;tr bgcolor=""&gt;
&lt;th&gt;CD_LOCALIDADE&lt;/th&gt;
&lt;td&gt;290970300047&lt;/td&gt;
&lt;/tr&gt;&lt;tr bgcolor="#E3E3F3"&gt;
&lt;th&gt;NM_LOCALIDADE&lt;/th&gt;
&lt;td&gt;Mata do Cedro&lt;/td&gt;
&lt;/tr&gt;&lt;/table&gt;&lt;/center&gt;</description>
<Style>
<IconStyle>
<color>ff0069d3</color>
<scale>0.6</scale>
<Icon>
<href>http://maps.google.com/mapfiles/kml/shapes/placemark_circle.png</href>
</Icon>
</IconStyle>
<LabelStyle>
<scale>0.6</scale>
</LabelStyle>
<LineStyle>
<width>1.0</width>
<gx:labelVisibility>1</gx:labelVisibility>
</LineStyle>
</Style>
<ExtendedData>
<SchemaData schemaUrl="#kml_schema_ft_Localidades">
<SimpleData name="CD_UF">29</SimpleData>
<SimpleData name="NM_UF">Bahia</SimpleData>
<SimpleData name="SIGLA_UF">BA</SimpleData>
<SimpleData name="CD_MUN">2909703</SimpleData>
<SimpleData name="NM_MUN">Cristópolis</SimpleData>
<SimpleData name="CD_RGINT">2906</SimpleData>
<SimpleData name="NM_RGINT">Barreiras</SimpleData>
<SimpleData name="CD_RGI">290018</SimpleData>
<SimpleData name="NM_RGI">Barreiras</SimpleData>
<SimpleData name="CT_LOCALIDADE">Outras Localidades</SimpleData>
<SimpleData name="CD_LOCALIDADE">290970300047</SimpleData>
<SimpleData name="NM_LOCALIDADE">Mata do Cedro</SimpleData>
</SchemaData>
</ExtendedData>
<Point>
<extrude>0</extrude>
<coordinates>-44.466498,-12.261811999607,0.0</coordinates>
</Point>
</Placemark>
<Placemark id="12. Outras Localidades">
<name>Nova Jerusalém [290970300048]</name>
<visibility>1</visibility>
<snippet> </snippet>
<description>&lt;center&gt;&lt;table&gt;&lt;tr&gt;&lt;th colspan='2' align='center'&gt;&lt;em&gt;Attributes&lt;/em&gt;&lt;/th&gt;&lt;/tr&gt;&lt;tr bgcolor="#E3E3F3"&gt;
&lt;th&gt;CD_UF&lt;/th&gt;
&lt;td&gt;29&lt;/td&gt;
&lt;/tr&gt;&lt;tr bgcolor=""&gt;
&lt;th&gt;NM_UF&lt;/th&gt;
&lt;td&gt;Bahia&lt;/td&gt;
&lt;/tr&gt;&lt;tr bgcolor="#E3E3F3"&gt;
&lt;th&gt;SIGLA_UF&lt;/th&gt;
&lt;td&gt;BA&lt;/td&gt;
&lt;/tr&gt;&lt;tr bgcolor=""&gt;
&lt;th&gt;CD_MUN&lt;/th&gt;
&lt;td&gt;2909703&lt;/td&gt;
&lt;/tr&gt;&lt;tr bgcolor="#E3E3F3"&gt;
&lt;th&gt;NM_MUN&lt;/th&gt;
&lt;td&gt;Cristópolis&lt;/td&gt;
&lt;/tr&gt;&lt;tr bgcolor=""&gt;
&lt;th&gt;CD_RGINT&lt;/th&gt;
&lt;td&gt;2906&lt;/td&gt;
&lt;/tr&gt;&lt;tr bgcolor="#E3E3F3"&gt;
&lt;th&gt;NM_RGINT&lt;/th&gt;
&lt;td&gt;Barreiras&lt;/td&gt;
&lt;/tr&gt;&lt;tr bgcolor=""&gt;
&lt;th&gt;CD_RGI&lt;/th&gt;
&lt;td&gt;290018&lt;/td&gt;
&lt;/tr&gt;&lt;tr bgcolor="#E3E3F3"&gt;
&lt;th&gt;NM_RGI&lt;/th&gt;
&lt;td&gt;Barreiras&lt;/td&gt;
&lt;/tr&gt;&lt;tr bgcolor=""&gt;
&lt;th&gt;CT_LOCALIDADE&lt;/th&gt;
&lt;td&gt;Outras Localidades&lt;/td&gt;
&lt;/tr&gt;&lt;tr bgcolor="#E3E3F3"&gt;
&lt;th&gt;SCT_LOCALIDADE&lt;/th&gt;
&lt;td&gt;&lt;/td&gt;
&lt;/tr&gt;&lt;tr bgcolor=""&gt;
&lt;th&gt;CD_LOCALIDADE&lt;/th&gt;
&lt;td&gt;290970300048&lt;/td&gt;
&lt;/tr&gt;&lt;tr bgcolor="#E3E3F3"&gt;
&lt;th&gt;NM_LOCALIDADE&lt;/th&gt;
&lt;td&gt;Nova Jerusalém&lt;/td&gt;
&lt;/tr&gt;&lt;/table&gt;&lt;/center&gt;</description>
<Style>
<IconStyle>
<color>ff0069d3</color>
<scale>0.6</scale>
<Icon>
<href>http://maps.google.com/mapfiles/kml/shapes/placemark_circle.png</href>
</Icon>
</IconStyle>
<LabelStyle>
<scale>0.6</scale>
</LabelStyle>
<LineStyle>
<width>1.0</width>
<gx:labelVisibility>1</gx:labelVisibility>
</LineStyle>
</Style>
<ExtendedData>
<SchemaData schemaUrl="#kml_schema_ft_Localidades">
<SimpleData name="CD_UF">29</SimpleData>
<SimpleData name="NM_UF">Bahia</SimpleData>
<SimpleData name="SIGLA_UF">BA</SimpleData>
<SimpleData name="CD_MUN">2909703</SimpleData>
<SimpleData name="NM_MUN">Cristópolis</SimpleData>
<SimpleData name="CD_RGINT">2906</SimpleData>
<SimpleData name="NM_RGINT">Barreiras</SimpleData>
<SimpleData name="CD_RGI">290018</SimpleData>
<SimpleData name="NM_RGI">Barreiras</SimpleData>
<SimpleData name="CT_LOCALIDADE">Outras Localidades</SimpleData>
<SimpleData name="CD_LOCALIDADE">290970300048</SimpleData>
<SimpleData name="NM_LOCALIDADE">Nova Jerusalém</SimpleData>
</SchemaData>
</ExtendedData>
<Point>
<extrude>0</extrude>
<coordinates>-44.436489,-12.2238799996082,0.0</coordinates>
</Point>
</Placemark>
<Placemark id="12. Outras Localidades">
<name>Sapê do Mariano [290970300049]</name>
<visibility>1</visibility>
<snippet> </snippet>
<description>&lt;center&gt;&lt;table&gt;&lt;tr&gt;&lt;th colspan='2' align='center'&gt;&lt;em&gt;Attributes&lt;/em&gt;&lt;/th&gt;&lt;/tr&gt;&lt;tr bgcolor="#E3E3F3"&gt;
&lt;th&gt;CD_UF&lt;/th&gt;
&lt;td&gt;29&lt;/td&gt;
&lt;/tr&gt;&lt;tr bgcolor=""&gt;
&lt;th&gt;NM_UF&lt;/th&gt;
&lt;td&gt;Bahia&lt;/td&gt;
&lt;/tr&gt;&lt;tr bgcolor="#E3E3F3"&gt;
&lt;th&gt;SIGLA_UF&lt;/th&gt;
&lt;td&gt;BA&lt;/td&gt;
&lt;/tr&gt;&lt;tr bgcolor=""&gt;
&lt;th&gt;CD_MUN&lt;/th&gt;
&lt;td&gt;2909703&lt;/td&gt;
&lt;/tr&gt;&lt;tr bgcolor="#E3E3F3"&gt;
&lt;th&gt;NM_MUN&lt;/th&gt;
&lt;td&gt;Cristópolis&lt;/td&gt;
&lt;/tr&gt;&lt;tr bgcolor=""&gt;
&lt;th&gt;CD_RGINT&lt;/th&gt;
&lt;td&gt;2906&lt;/td&gt;
&lt;/tr&gt;&lt;tr bgcolor="#E3E3F3"&gt;
&lt;th&gt;NM_RGINT&lt;/th&gt;
&lt;td&gt;Barreiras&lt;/td&gt;
&lt;/tr&gt;&lt;tr bgcolor=""&gt;
&lt;th&gt;CD_RGI&lt;/th&gt;
&lt;td&gt;290018&lt;/td&gt;
&lt;/tr&gt;&lt;tr bgcolor="#E3E3F3"&gt;
&lt;th&gt;NM_RGI&lt;/th&gt;
&lt;td&gt;Barreiras&lt;/td&gt;
&lt;/tr&gt;&lt;tr bgcolor=""&gt;
&lt;th&gt;CT_LOCALIDADE&lt;/th&gt;
&lt;td&gt;Outras Localidades&lt;/td&gt;
&lt;/tr&gt;&lt;tr bgcolor="#E3E3F3"&gt;
&lt;th&gt;SCT_LOCALIDADE&lt;/th&gt;
&lt;td&gt;&lt;/td&gt;
&lt;/tr&gt;&lt;tr bgcolor=""&gt;
&lt;th&gt;CD_LOCALIDADE&lt;/th&gt;
&lt;td&gt;290970300049&lt;/td&gt;
&lt;/tr&gt;&lt;tr bgcolor="#E3E3F3"&gt;
&lt;th&gt;NM_LOCALIDADE&lt;/th&gt;
&lt;td&gt;Sapê do Mariano&lt;/td&gt;
&lt;/tr&gt;&lt;/table&gt;&lt;/center&gt;</description>
<Style>
<IconStyle>
<color>ff0069d3</color>
<scale>0.6</scale>
<Icon>
<href>http://maps.google.com/mapfiles/kml/shapes/placemark_circle.png</href>
</Icon>
</IconStyle>
<LabelStyle>
<scale>0.6</scale>
</LabelStyle>
<LineStyle>
<width>1.0</width>
<gx:labelVisibility>1</gx:labelVisibility>
</LineStyle>
</Style>
<ExtendedData>
<SchemaData schemaUrl="#kml_schema_ft_Localidades">
<SimpleData name="CD_UF">29</SimpleData>
<SimpleData name="NM_UF">Bahia</SimpleData>
<SimpleData name="SIGLA_UF">BA</SimpleData>
<SimpleData name="CD_MUN">2909703</SimpleData>
<SimpleData name="NM_MUN">Cristópolis</SimpleData>
<SimpleData name="CD_RGINT">2906</SimpleData>
<SimpleData name="NM_RGINT">Barreiras</SimpleData>
<SimpleData name="CD_RGI">290018</SimpleData>
<SimpleData name="NM_RGI">Barreiras</SimpleData>
<SimpleData name="CT_LOCALIDADE">Outras Localidades</SimpleData>
<SimpleData name="CD_LOCALIDADE">290970300049</SimpleData>
<SimpleData name="NM_LOCALIDADE">Sapê do Mariano</SimpleData>
</SchemaData>
</ExtendedData>
<Point>
<extrude>0</extrude>
<coordinates>-44.140204,-12.1045909996117,0.0</coordinates>
</Point>
</Placemark>
<Placemark id="12. Outras Localidades">
<name>Vaquejada [290970300050]</name>
<visibility>1</visibility>
<snippet> </snippet>
<description>&lt;center&gt;&lt;table&gt;&lt;tr&gt;&lt;th colspan='2' align='center'&gt;&lt;em&gt;Attributes&lt;/em&gt;&lt;/th&gt;&lt;/tr&gt;&lt;tr bgcolor="#E3E3F3"&gt;
&lt;th&gt;CD_UF&lt;/th&gt;
&lt;td&gt;29&lt;/td&gt;
&lt;/tr&gt;&lt;tr bgcolor=""&gt;
&lt;th&gt;NM_UF&lt;/th&gt;
&lt;td&gt;Bahia&lt;/td&gt;
&lt;/tr&gt;&lt;tr bgcolor="#E3E3F3"&gt;
&lt;th&gt;SIGLA_UF&lt;/th&gt;
&lt;td&gt;BA&lt;/td&gt;
&lt;/tr&gt;&lt;tr bgcolor=""&gt;
&lt;th&gt;CD_MUN&lt;/th&gt;
&lt;td&gt;2909703&lt;/td&gt;
&lt;/tr&gt;&lt;tr bgcolor="#E3E3F3"&gt;
&lt;th&gt;NM_MUN&lt;/th&gt;
&lt;td&gt;Cristópolis&lt;/td&gt;
&lt;/tr&gt;&lt;tr bgcolor=""&gt;
&lt;th&gt;CD_RGINT&lt;/th&gt;
&lt;td&gt;2906&lt;/td&gt;
&lt;/tr&gt;&lt;tr bgcolor="#E3E3F3"&gt;
&lt;th&gt;NM_RGINT&lt;/th&gt;
&lt;td&gt;Barreiras&lt;/td&gt;
&lt;/tr&gt;&lt;tr bgcolor=""&gt;
&lt;th&gt;CD_RGI&lt;/th&gt;
&lt;td&gt;290018&lt;/td&gt;
&lt;/tr&gt;&lt;tr bgcolor="#E3E3F3"&gt;
&lt;th&gt;NM_RGI&lt;/th&gt;
&lt;td&gt;Barreiras&lt;/td&gt;
&lt;/tr&gt;&lt;tr bgcolor=""&gt;
&lt;th&gt;CT_LOCALIDADE&lt;/th&gt;
&lt;td&gt;Outras Localidades&lt;/td&gt;
&lt;/tr&gt;&lt;tr bgcolor="#E3E3F3"&gt;
&lt;th&gt;SCT_LOCALIDADE&lt;/th&gt;
&lt;td&gt;&lt;/td&gt;
&lt;/tr&gt;&lt;tr bgcolor=""&gt;
&lt;th&gt;CD_LOCALIDADE&lt;/th&gt;
&lt;td&gt;290970300050&lt;/td&gt;
&lt;/tr&gt;&lt;tr bgcolor="#E3E3F3"&gt;
&lt;th&gt;NM_LOCALIDADE&lt;/th&gt;
&lt;td&gt;Vaquejada&lt;/td&gt;
&lt;/tr&gt;&lt;/table&gt;&lt;/center&gt;</description>
<Style>
<IconStyle>
<color>ff0069d3</color>
<scale>0.6</scale>
<Icon>
<href>http://maps.google.com/mapfiles/kml/shapes/placemark_circle.png</href>
</Icon>
</IconStyle>
<LabelStyle>
<scale>0.6</scale>
</LabelStyle>
<LineStyle>
<width>1.0</width>
<gx:labelVisibility>1</gx:labelVisibility>
</LineStyle>
</Style>
<ExtendedData>
<SchemaData schemaUrl="#kml_schema_ft_Localidades">
<SimpleData name="CD_UF">29</SimpleData>
<SimpleData name="NM_UF">Bahia</SimpleData>
<SimpleData name="SIGLA_UF">BA</SimpleData>
<SimpleData name="CD_MUN">2909703</SimpleData>
<SimpleData name="NM_MUN">Cristópolis</SimpleData>
<SimpleData name="CD_RGINT">2906</SimpleData>
<SimpleData name="NM_RGINT">Barreiras</SimpleData>
<SimpleData name="CD_RGI">290018</SimpleData>
<SimpleData name="NM_RGI">Barreiras</SimpleData>
<SimpleData name="CT_LOCALIDADE">Outras Localidades</SimpleData>
<SimpleData name="CD_LOCALIDADE">290970300050</SimpleData>
<SimpleData name="NM_LOCALIDADE">Vaquejada</SimpleData>
</SchemaData>
</ExtendedData>
<Point>
<extrude>0</extrude>
<coordinates>-44.461162,-12.2472239996075,0.0</coordinates>
</Point>
</Placemark>
<Placemark id="12. Outras Localidades">
<name>Vereda do Balaio [290970300051]</name>
<visibility>1</visibility>
<snippet> </snippet>
<description>&lt;center&gt;&lt;table&gt;&lt;tr&gt;&lt;th colspan='2' align='center'&gt;&lt;em&gt;Attributes&lt;/em&gt;&lt;/th&gt;&lt;/tr&gt;&lt;tr bgcolor="#E3E3F3"&gt;
&lt;th&gt;CD_UF&lt;/th&gt;
&lt;td&gt;29&lt;/td&gt;
&lt;/tr&gt;&lt;tr bgcolor=""&gt;
&lt;th&gt;NM_UF&lt;/th&gt;
&lt;td&gt;Bahia&lt;/td&gt;
&lt;/tr&gt;&lt;tr bgcolor="#E3E3F3"&gt;
&lt;th&gt;SIGLA_UF&lt;/th&gt;
&lt;td&gt;BA&lt;/td&gt;
&lt;/tr&gt;&lt;tr bgcolor=""&gt;
&lt;th&gt;CD_MUN&lt;/th&gt;
&lt;td&gt;2909703&lt;/td&gt;
&lt;/tr&gt;&lt;tr bgcolor="#E3E3F3"&gt;
&lt;th&gt;NM_MUN&lt;/th&gt;
&lt;td&gt;Cristópolis&lt;/td&gt;
&lt;/tr&gt;&lt;tr bgcolor=""&gt;
&lt;th&gt;CD_RGINT&lt;/th&gt;
&lt;td&gt;2906&lt;/td&gt;
&lt;/tr&gt;&lt;tr bgcolor="#E3E3F3"&gt;
&lt;th&gt;NM_RGINT&lt;/th&gt;
&lt;td&gt;Barreiras&lt;/td&gt;
&lt;/tr&gt;&lt;tr bgcolor=""&gt;
&lt;th&gt;CD_RGI&lt;/th&gt;
&lt;td&gt;290018&lt;/td&gt;
&lt;/tr&gt;&lt;tr bgcolor="#E3E3F3"&gt;
&lt;th&gt;NM_RGI&lt;/th&gt;
&lt;td&gt;Barreiras&lt;/td&gt;
&lt;/tr&gt;&lt;tr bgcolor=""&gt;
&lt;th&gt;CT_LOCALIDADE&lt;/th&gt;
&lt;td&gt;Outras Localidades&lt;/td&gt;
&lt;/tr&gt;&lt;tr bgcolor="#E3E3F3"&gt;
&lt;th&gt;SCT_LOCALIDADE&lt;/th&gt;
&lt;td&gt;&lt;/td&gt;
&lt;/tr&gt;&lt;tr bgcolor=""&gt;
&lt;th&gt;CD_LOCALIDADE&lt;/th&gt;
&lt;td&gt;290970300051&lt;/td&gt;
&lt;/tr&gt;&lt;tr bgcolor="#E3E3F3"&gt;
&lt;th&gt;NM_LOCALIDADE&lt;/th&gt;
&lt;td&gt;Vereda do Balaio&lt;/td&gt;
&lt;/tr&gt;&lt;/table&gt;&lt;/center&gt;</description>
<Style>
<IconStyle>
<color>ff0069d3</color>
<scale>0.6</scale>
<Icon>
<href>http://maps.google.com/mapfiles/kml/shapes/placemark_circle.png</href>
</Icon>
</IconStyle>
<LabelStyle>
<scale>0.6</scale>
</LabelStyle>
<LineStyle>
<width>1.0</width>
<gx:labelVisibility>1</gx:labelVisibility>
</LineStyle>
</Style>
<ExtendedData>
<SchemaData schemaUrl="#kml_schema_ft_Localidades">
<SimpleData name="CD_UF">29</SimpleData>
<SimpleData name="NM_UF">Bahia</SimpleData>
<SimpleData name="SIGLA_UF">BA</SimpleData>
<SimpleData name="CD_MUN">2909703</SimpleData>
<SimpleData name="NM_MUN">Cristópolis</SimpleData>
<SimpleData name="CD_RGINT">2906</SimpleData>
<SimpleData name="NM_RGINT">Barreiras</SimpleData>
<SimpleData name="CD_RGI">290018</SimpleData>
<SimpleData name="NM_RGI">Barreiras</SimpleData>
<SimpleData name="CT_LOCALIDADE">Outras Localidades</SimpleData>
<SimpleData name="CD_LOCALIDADE">290970300051</SimpleData>
<SimpleData name="NM_LOCALIDADE">Vereda do Balaio</SimpleData>
</SchemaData>
</ExtendedData>
<Point>
<extrude>0</extrude>
<coordinates>-44.469545,-12.2057469996087,0.0</coordinates>
</Point>
</Placemark>
</Folder>
<Folder id="13. Referência">
<name>13. Referência</name>
<Placemark id="13. Referência">
<name>Cristópolis [2909703]</name>
<visibility>1</visibility>
<snippet> </snippet>
<description>&lt;center&gt;&lt;table&gt;&lt;tr&gt;&lt;th colspan='2' align='center'&gt;&lt;em&gt;Attributes&lt;/em&gt;&lt;/th&gt;&lt;/tr&gt;&lt;tr bgcolor="#E3E3F3"&gt;
&lt;th&gt;CD_UF&lt;/th&gt;
&lt;td&gt;29&lt;/td&gt;
&lt;/tr&gt;&lt;tr bgcolor=""&gt;
&lt;th&gt;NM_UF&lt;/th&gt;
&lt;td&gt;Bahia&lt;/td&gt;
&lt;/tr&gt;&lt;tr bgcolor="#E3E3F3"&gt;
&lt;th&gt;CD_MUN&lt;/th&gt;
&lt;td&gt;2909703&lt;/td&gt;
&lt;/tr&gt;&lt;tr bgcolor=""&gt;
&lt;th&gt;NM_MUN&lt;/th&gt;
&lt;td&gt;Cristópolis&lt;/td&gt;
&lt;/tr&gt;&lt;tr bgcolor="#E3E3F3"&gt;
&lt;th&gt;CD_RGINT&lt;/th&gt;
&lt;td&gt;2906&lt;/td&gt;
&lt;/tr&gt;&lt;tr bgcolor=""&gt;
&lt;th&gt;NM_RGINT&lt;/th&gt;
&lt;td&gt;Barreiras&lt;/td&gt;
&lt;/tr&gt;&lt;tr bgcolor="#E3E3F3"&gt;
&lt;th&gt;CD_RGI&lt;/th&gt;
&lt;td&gt;290018&lt;/td&gt;
&lt;/tr&gt;&lt;tr bgcolor=""&gt;
&lt;th&gt;NM_RGI&lt;/th&gt;
&lt;td&gt;Barreiras&lt;/td&gt;
&lt;/tr&gt;&lt;/table&gt;&lt;/center&gt;</description>
<Style>
<IconStyle>
<scale>0.7</scale>
</IconStyle>
<LabelStyle>
<scale>0.7</scale>
</LabelStyle>
<LineStyle>
<color>ffffffff</color>
<width>3</width>
<gx:labelVisibility>1</gx:labelVisibility>
</LineStyle>
<PolyStyle>
<color>00ffffff</color>
</PolyStyle>
</Style>
<ExtendedData>
<SchemaData schemaUrl="#kml_schema_ft_Município">
<SimpleData name="CD_UF">29</SimpleData>
<SimpleData name="NM_UF">Bahia</SimpleData>
<SimpleData name="CD_MUN">2909703</SimpleData>
<SimpleData name="NM_MUN">Cristópolis</SimpleData>
<SimpleData name="CD_RGINT">2906</SimpleData>
<SimpleData name="NM_RGINT">Barreiras</SimpleData>
<SimpleData name="CD_RGI">290018</SimpleData>
<SimpleData name="NM_RGI">Barreiras</SimpleData>
</SchemaData>
</ExtendedData>
<MultiGeometry>
<Polygon>
<extrude>0</extrude>
<tessellate>1</tessellate>
<outerBoundaryIs>
<LinearRing>
<coordinates>-44.3453962,-12.1027128996118,0.0 -44.3122315,-12.1061629996117,0.0 -44.3013784,-12.1072920996117,0.0 -44.3002104,-12.1074135996117,0.0 -44.2994538,-12.1085274996116,0.0 -44.2994498,-12.1100643996116,0.0 -44.3002733,-12.1113320996115,0.0 -44.3013748,-12.1116964996115,0.0 -44.302842,-12.1127850996115,0.0 -44.3027461,-12.1143217996115,0.0 -44.3019153,-12.1158565996114,0.0 -44.3001626,-12.1185643996113,0.0 -44.2990551,-12.1204600996113,0.0 -44.2985903,-12.1225382996112,0.0 -44.297206,-12.1248853996111,0.0 -44.2956411,-12.1260566996111,0.0 -44.2948127,-12.1265969996111,0.0 -44.2926063,-12.1271337996111,0.0 -44.2901256,-12.1271274996111,0.0 -44.2875525,-12.1273016996111,0.0 -44.2853494,-12.1265727996111,0.0 -44.2833291,-12.1262058996111,0.0 -44.280667,-12.1252949996111,0.0 -44.2788293,-12.1253805996111,0.0 -44.2777238,-12.1264625996111,0.0 -44.2764351,-12.1273632996111,0.0 -44.2748717,-12.127901599611,0.0 -44.2734941,-12.127717199611,0.0 -44.272028,-12.1262668996111,0.0 -44.2717545,-12.1254524996111,0.0 -44.2714826,-12.1240956996112,0.0 -44.2710291,-12.1227423996112,0.0 -44.2703862,-12.1218326996112,0.0 -44.2691953,-12.1205638996113,0.0 -44.2681861,-12.1200187996113,0.0 -44.267359,-12.1201069996113,0.0 -44.2666226,-12.1206474996113,0.0 -44.2657016,-12.1214586996112,0.0 -44.264522,-12.1222888996112,0.0 -44.262992,-12.1236412996112,0.0 -44.262337,-12.1242439996111,0.0 -44.2621627,-12.1243031996112,0.0 -44.2612593,-12.1246380996111,0.0 -44.2604099,-12.1256769996111,0.0 -44.2584892,-12.1265024996111,0.0 -44.2565694,-12.1270258996111,0.0 -44.2544588,-12.1271711996111,0.0 -44.253114,-12.127847099611,0.0 -44.2520767,-12.128335099611,0.0 -44.2514019,-12.128228399611,0.0 -44.2513481,-12.128219899611,0.0 -44.2512651,-12.128104899611,0.0 -44.2509659,-12.127690299611,0.0 -44.2505839,-12.1270852996111,0.0 -44.250164,-12.1263290996111,0.0 -44.2497435,-12.1257615996111,0.0 -44.2490929,-12.1251935996111,0.0 -44.2482501,-12.1247382996111,0.0 -44.2469465,-12.1243948996111,0.0 -44.2457197,-12.1240895996112,0.0 -44.2445305,-12.1240107996112,0.0 -44.2431502,-12.1237049996112,0.0 -44.2421149,-12.1234756996112,0.0 -44.2415405,-12.1230965996112,0.0 -44.2410056,-12.1223022996112,0.0 -44.2405465,-12.1218479996112,0.0 -44.2398568,-12.1215063996112,0.0 -44.2383992,-12.1213890996112,0.0 -44.2374403,-12.1213109996112,0.0 -44.2363278,-12.1212701996112,0.0 -44.2350224,-12.1216062996112,0.0 -44.2341769,-12.1220947996112,0.0 -44.2329867,-12.1223934996112,0.0 -44.2322676,-12.1225744996112,0.0 -44.2312985,-12.1224265996112,0.0 -44.2294196,-12.1220438996112,0.0 -44.2282314,-12.1216252996112,0.0 -44.2273509,-12.1209809996113,0.0 -44.2263157,-12.1207138996113,0.0 -44.2253946,-12.1208245996113,0.0 -44.2247808,-12.1208227996113,0.0 -44.2241295,-12.1204811996113,0.0 -44.2229419,-12.1198738996113,0.0 -44.2211814,-12.1183965996113,0.0 -44.2201108,-12.1171476996114,0.0 -44.2190794,-12.1155969996114,0.0 -44.2174739,-12.1135915996115,0.0 -44.2169012,-12.1126460996115,0.0 -44.2161366,-12.1117001996115,0.0 -44.2152567,-12.1108670996116,0.0 -44.214184,-12.1103354996116,0.0 -44.2126117,-12.1101045996116,0.0 -44.2114995,-12.1099880996116,0.0 -44.2099265,-12.1099836996116,0.0 -44.2086999,-12.1096403996116,0.0 -44.207435,-12.1092592996116,0.0 -44.2064012,-12.1085767996116,0.0 -44.2054828,-12.1077812996116,0.0 -44.2046022,-12.1071747996117,0.0 -44.2032611,-12.1066045996117,0.0 -44.2023416,-12.1061866996117,0.0 -44.2007339,-12.1049739996117,0.0 -44.1988571,-12.1027494996118,0.0 -44.1974825,-12.1013887996118,0.0 -44.1962863,-12.1005004996119,0.0 -44.1942516,-12.0993737996119,0.0 -44.1916789,-12.0977736996119,0.0 -44.1877289,-12.095756499612,0.0 -44.1860541,-12.094571899612,0.0 -44.1832398,-12.0936197996121,0.0 -44.1817441,-12.0926715996121,0.0 -44.1812084,-12.0914312996121,0.0 -44.179952,-12.0906606996122,0.0 -44.1787538,-12.0904801996122,0.0 -44.1776742,-12.0907129996122,0.0 -44.1757546,-12.0911791996121,0.0 -44.1743771,-12.0908211996122,0.0 -44.1737207,-12.0898753996122,0.0 -44.1736046,-12.0886362996122,0.0 -44.1730105,-12.0869238996123,0.0 -44.1716962,-12.0855042996123,0.0 -44.1702635,-12.0836123996124,0.0 -44.1690088,-12.0823108996124,0.0 -44.1674535,-12.0813034996124,0.0 -44.1658385,-12.0802367996125,0.0 -44.1642228,-12.0794061996125,0.0 -44.1638668,-12.0782252996125,0.0 -44.1639905,-12.0769869996126,0.0 -44.1649553,-12.0751021996126,0.0 -44.1665807,-12.0728065996127,0.0 -44.167126,-12.0709205996128,0.0 -44.1669531,-12.0686784996128,0.0 -44.1664787,-12.0670253996129,0.0 -44.1657054,-12.0651354996129,0.0 -44.1652303,-12.063718299613,0.0 -44.1648165,-12.061888499613,0.0 -44.1640406,-12.0608243996131,0.0 -44.1627835,-12.0603486996131,0.0 -44.1609252,-12.0604610996131,0.0 -44.1583443,-12.061692099613,0.0 -44.1563656,-12.061980999613,0.0 -44.1554064,-12.062037099613,0.0 -44.1540254,-12.062858699613,0.0 -44.1533628,-12.063918499613,0.0 -44.1526362,-12.0662757996129,0.0 -44.1515518,-12.0680420996128,0.0 -44.1506487,-12.0693370996128,0.0 -44.1494486,-12.0698053996128,0.0 -44.14861,-12.0696257996128,0.0 -44.1477715,-12.0694462996128,0.0 -44.1460952,-12.0688512996128,0.0 -44.1449585,-12.0681988996128,0.0 -44.143103,-12.0674263996129,0.0 -44.1416663,-12.0668910996129,0.0 -44.1399885,-12.0667678996129,0.0 -44.1380086,-12.0674106996129,0.0 -44.1365099,-12.0675239996129,0.0 -44.1350742,-12.0666936996129,0.0 -44.1341769,-12.0661599996129,0.0 -44.1328587,-12.0660379996129,0.0 -44.1320193,-12.0661532996129,0.0 -44.1306408,-12.0661489996129,0.0 -44.1301627,-12.0657345996129,0.0 -44.1296269,-12.0646121996129,0.0 -44.1290325,-12.063076599613,0.0 -44.1286769,-12.061836799613,0.0 -44.127601,-12.0609485996131,0.0 -44.1258656,-12.0601173996131,0.0 -44.1249684,-12.0595835996131,0.0 -44.1246118,-12.0586386996131,0.0 -44.1245557,-12.0574587996132,0.0 -44.1242603,-12.0561601996132,0.0 -44.1236033,-12.0554501996132,0.0 -44.1228275,-12.0544449996133,0.0 -44.1221139,-12.0527320996133,0.0 -44.121999,-12.0511980996133,0.0 -44.1216437,-12.0498991996134,0.0 -44.1208669,-12.0491888996134,0.0 -44.1197907,-12.0484186996134,0.0 -44.1184741,-12.0478246996135,0.0 -44.1169168,-12.0475837996135,0.0 -44.1158997,-12.0470496996135,0.0 -44.1136782,-12.0463964996135,0.0 -44.1125368,-12.0472185996135,0.0 -44.111992,-12.0488685996134,0.0 -44.1111468,-12.0507534996134,0.0 -44.1108427,-12.0521091996133,0.0 -44.1104773,-12.0538775996133,0.0 -44.109935,-12.0547606996132,0.0 -44.1088545,-12.0552881996132,0.0 -44.107235,-12.0556958996132,0.0 -44.1064551,-12.0559292996132,0.0 -44.1055548,-12.0563393996132,0.0 -44.104593,-12.0572210996132,0.0 -44.1042289,-12.0585765996131,0.0 -44.1041035,-12.0602277996131,0.0 -44.1040397,-12.061407399613,0.0 -44.1034392,-12.061759399613,0.0 -44.1017006,-12.061930699613,0.0 -44.0988244,-12.061744499613,0.0 -44.0945117,-12.0610226996131,0.0 -44.0910363,-12.0608343996131,0.0 -44.0880399,-12.0607655996131,0.0 -44.0861229,-12.0605233996131,0.0 -44.0845639,-12.0607541996131,0.0 -44.0835425,-12.061517699613,0.0 -44.0833001,-12.062283699613,0.0 -44.0774586,-12.063777199613,0.0 -44.0741444,-12.064464699613,0.0 -44.069999,-12.0660806996129,0.0 -44.0678695,-12.0661899996129,0.0 -44.0653832,-12.0668800996129,0.0 -44.0630156,-12.0674541996129,0.0 -44.0617077,-12.0694287996128,0.0 -44.0612313,-12.0703584996128,0.0 -44.0603964,-12.0723346996127,0.0 -44.0583807,-12.0737248996127,0.0 -44.0547107,-12.0746437996126,0.0 -44.0516329,-12.0753317996126,0.0 -44.0479624,-12.0763668996126,0.0 -44.0464181,-12.0782242996125,0.0 -44.0461737,-12.0804352996125,0.0 -44.0467573,-12.0826490996124,0.0 -44.0501692,-12.0878993996122,0.0 -44.0509307,-12.0899973996122,0.0 -44.0516922,-12.0920953996121,0.0 -44.0520707,-12.0935055996121,0.0 -44.0521157,-12.0936732996121,0.0 -44.0534436,-12.0986204996119,0.0 -44.0544898,-12.1038625996118,0.0 -44.055663,-12.1066604996117,0.0 -44.059085,-12.1091167996116,0.0 -44.0625128,-12.1099432996116,0.0 -44.063808,-12.1116938996115,0.0 -44.0649773,-12.1156558996114,0.0 -44.0680426,-12.1186928996113,0.0 -44.0705128,-12.1227756996112,0.0 -44.0727578,-12.1235980996112,0.0 -44.0759497,-12.1243071996111,0.0 -44.0785488,-12.1253635996111,0.0 -44.0800808,-12.1271148996111,0.0 -44.080307,-12.130142399611,0.0 -44.0799433,-12.1327022996109,0.0 -44.0782782,-12.1352577996108,0.0 -44.0764947,-12.1378129996107,0.0 -44.0760118,-12.1406052996107,0.0 -44.0771861,-12.1431702996106,0.0 -44.0788285,-12.1472501996105,0.0 -44.0796471,-12.1500467996104,0.0 -44.080461,-12.1542403996102,0.0 -44.0804526,-12.1566850996102,0.0 -44.0795024,-12.1577295996101,0.0 -44.0782029,-12.1571431996102,0.0 -44.0757262,-12.1548066996102,0.0 -44.0725344,-12.1539810996103,0.0 -44.0711114,-12.1549076996102,0.0 -44.0670836,-12.1562910996102,0.0 -44.0650702,-12.1568662996102,0.0 -44.0602154,-12.1578975996101,0.0 -44.0570208,-12.1578866996101,0.0 -44.0537066,-12.1582245996101,0.0 -44.0518093,-12.1593821996101,0.0 -44.0507341,-12.16228879961,0.0 -44.0508421,-12.1651994996099,0.0 -44.0505943,-12.1683417996098,0.0 -44.0499936,-12.1709007996097,0.0 -44.0489212,-12.1729924996097,0.0 -44.0492662,-12.1757875996096,0.0 -44.047603,-12.1776444996095,0.0 -44.0453506,-12.1788007996095,0.0 -44.0451057,-12.1811281996094,0.0 -44.0439186,-12.1821717996094,0.0 -44.0410795,-12.1819290996094,0.0 -44.036236,-12.1797003996095,0.0 -44.0302042,-12.1788643996095,0.0 -44.0267777,-12.1774553996095,0.0 -44.024412,-12.1772141996096,0.0 -44.020154,-12.1767334996096,0.0 -44.0162552,-12.1750898996096,0.0 -44.0129489,-12.1732154996097,0.0 -44.0103535,-12.1711107996097,0.0 -44.0071584,-12.1712157996097,0.0 -44.0052828,-12.1717052996097,0.0 -44.0040789,-12.1720195996097,0.0 -44.0004074,-12.1729375996097,0.0 -43.9976859,-12.1729276996097,0.0 -43.9941362,-12.1729147996097,0.0 -43.9920068,-12.1727906996097,0.0 -43.9890469,-12.1732454996097,0.0 -43.987386,-12.1744034996096,0.0 -43.9867868,-12.1763802996096,0.0 -43.9867952,-12.1764052996096,0.0 -43.9872549,-12.1777788996095,0.0 -43.9894912,-12.1809301996094,0.0 -43.9909041,-12.1827978996094,0.0 -43.9917253,-12.1846634996093,0.0 -43.9914176,-12.1866559996093,0.0 -43.9912401,-12.1878047996092,0.0 -43.9895756,-12.1898939996092,0.0 -43.9873295,-12.1893037996092,0.0 -43.9870446,-12.1891153996092,0.0 -43.9844966,-12.1874307996093,0.0 -43.9809494,-12.1867191996093,0.0 -43.97752,-12.1861244996093,0.0 -43.9739719,-12.1856456996093,0.0 -43.9730302,-12.1843616996093,0.0 -43.9717345,-12.1828434996094,0.0 -43.9683043,-12.1824814996094,0.0 -43.9651095,-12.1824695996094,0.0 -43.9642766,-12.1836304996094,0.0 -43.9628522,-12.1847892996093,0.0 -43.9609571,-12.1852477996093,0.0 -43.960715,-12.1866437996093,0.0 -43.9615329,-12.1893242996092,0.0 -43.9625843,-12.1928204996091,0.0 -43.9631629,-12.196198499609,0.0 -43.9645747,-12.1982991996089,0.0 -43.9668145,-12.2005193996089,0.0 -43.9681103,-12.2020374996088,0.0 -43.9680509,-12.2022011996088,0.0 -43.9673927,-12.2040137996088,0.0 -43.9677423,-12.2054119996087,0.0 -43.9688028,-12.2065800996087,0.0 -43.9712834,-12.2077534996086,0.0 -43.9723462,-12.2083394996086,0.0 -43.9724565,-12.2104352996086,0.0 -43.9723269,-12.2133449996085,0.0 -43.9717249,-12.2160201996084,0.0 -43.9717784,-12.2174754996083,0.0 -43.971832,-12.2189307996083,0.0 -43.9709932,-12.2216050996082,0.0 -43.9707462,-12.2242815996081,0.0 -43.9715347,-12.2267516996081,0.0 -43.971584,-12.2269060996081,0.0 -43.9742813,-12.228252699608,0.0 -43.9743956,-12.229300799608,0.0 -43.9728526,-12.230459099608,0.0 -43.9698925,-12.2307972996079,0.0 -43.9669306,-12.2316009996079,0.0 -43.96456,-12.2325233996079,0.0 -43.961243,-12.2333256996079,0.0 -43.958282,-12.2338964996079,0.0 -43.9575771,-12.2348740996078,0.0 -43.957216,-12.2361016996078,0.0 -43.9575771,-12.2372088996078,0.0 -43.9582377,-12.2382713996077,0.0 -43.9582439,-12.2382685996077,0.0 -43.9611308,-12.2405132996077,0.0 -43.962818,-12.2417399996076,0.0 -43.9648465,-12.2421913996076,0.0 -43.9689063,-12.2424285996076,0.0 -43.9721735,-12.2434392996076,0.0 -43.9755506,-12.2452269996075,0.0 -43.9805073,-12.2469095996075,0.0 -43.9861425,-12.2481507996074,0.0 -43.9897454,-12.2499391996074,0.0 -43.9932922,-12.2514394996073,0.0 -43.9959372,-12.2531791996073,0.0 -43.9989765,-12.2548544996072,0.0 -44.0014524,-12.2564166996072,0.0 -44.0046117,-12.2562062996072,0.0 -44.0068657,-12.2567691996072,0.0 -44.0096795,-12.2584434996071,0.0 -44.0123848,-12.2590078996071,0.0 -44.0147516,-12.2595711996071,0.0 -44.0166623,-12.261464099607,0.0 -44.0195916,-12.262472999607,0.0 -44.0218473,-12.262591999607,0.0 -44.0229712,-12.263705499607,0.0 -44.0244312,-12.2654857996069,0.0 -44.0269105,-12.2661601996069,0.0 -44.0298427,-12.2663924996069,0.0 -44.0326629,-12.2664024996069,0.0 -44.0345791,-12.2668529996069,0.0 -44.0368308,-12.2680812996068,0.0 -44.0388549,-12.2698634996068,0.0 -44.0406579,-12.2704245996068,0.0 -44.0430281,-12.2700999996068,0.0 -44.0447215,-12.2697730996068,0.0 -44.0470865,-12.2708907996067,0.0 -44.0497876,-12.2726751996067,0.0 -44.0527207,-12.2726853996067,0.0 -44.0544176,-12.2713598996067,0.0 -44.0552156,-12.2690327996068,0.0 -44.0570359,-12.2647122996069,0.0 -44.0580643,-12.262620199607,0.0 -44.0580683,-12.262612099607,0.0 -44.0582512,-12.261341399607,0.0 -44.0583635,-12.260785699607,0.0 -44.0588398,-12.2597311996071,0.0 -44.0595304,-12.2586430996071,0.0 -44.0602022,-12.2579455996071,0.0 -44.060908,-12.2572562996072,0.0 -44.0624333,-12.2562035996072,0.0 -44.0637749,-12.2556221996072,0.0 -44.0646115,-12.2553646996072,0.0 -44.065759,-12.2550900996072,0.0 -44.0666808,-12.2549267996072,0.0 -44.0675832,-12.2547887996072,0.0 -44.0685338,-12.2547838996072,0.0 -44.070229,-12.2548303996072,0.0 -44.0715688,-12.2550220996072,0.0 -44.0737332,-12.2554850996072,0.0 -44.0745659,-12.2555629996072,0.0 -44.0753375,-12.2554904996072,0.0 -44.0762238,-12.2552330996072,0.0 -44.0770398,-12.2548126996072,0.0 -44.0783453,-12.2543151996072,0.0 -44.0797512,-12.2537357996073,0.0 -44.0810462,-12.2530957996073,0.0 -44.0810525,-12.2530926996073,0.0 -44.0810998,-12.2530608996073,0.0 -44.1960672,-12.262209599607,0.0 -44.1963645,-12.262475299607,0.0 -44.1966215,-12.262621599607,0.0 -44.1969226,-12.262781699607,0.0 -44.1973331,-12.262941999607,0.0 -44.1977004,-12.263081399607,0.0 -44.1981332,-12.263166799607,0.0 -44.1985136,-12.263251099607,0.0 -44.1990956,-12.263274499607,0.0 -44.1997124,-12.263319699607,0.0 -44.2002568,-12.263292399607,0.0 -44.2006386,-12.263206699607,0.0 -44.2009551,-12.263127999607,0.0 -44.2012203,-12.262990399607,0.0 -44.2015806,-12.262723799607,0.0 -44.2018632,-12.262626999607,0.0 -44.2020767,-12.262576999607,0.0 -44.2023856,-12.262577899607,0.0 -44.2027671,-12.262593399607,0.0 -44.2032523,-12.262667199607,0.0 -44.2033957,-12.262684799607,0.0 -44.2038351,-12.262730399607,0.0 -44.2043525,-12.262807899607,0.0 -44.2049753,-12.262994999607,0.0 -44.2055702,-12.263300599607,0.0 -44.2060169,-12.263659899607,0.0 -44.206122,-12.263708599607,0.0 -44.2062271,-12.263757299607,0.0 -44.2066887,-12.263764999607,0.0 -44.2068644,-12.263723899607,0.0 -44.2073691,-12.263463999607,0.0 -44.2078535,-12.263196899607,0.0 -44.2083414,-12.262988499607,0.0 -44.2091854,-12.262999099607,0.0 -44.209743,-12.263164299607,0.0 -44.2101638,-12.263285799607,0.0 -44.2108354,-12.263460499607,0.0 -44.2116053,-12.263628099607,0.0 -44.2122983,-12.263739599607,0.0 -44.2131457,-12.263845999607,0.0 -44.2142801,-12.2638970996069,0.0 -44.2153946,-12.263869599607,0.0 -44.2156439,-12.263834999607,0.0 -44.2163062,-12.263719399607,0.0 -44.2168058,-12.263611399607,0.0 -44.2177865,-12.263400799607,0.0 -44.2182353,-12.263364999607,0.0 -44.2186693,-12.263380699607,0.0 -44.2191978,-12.263419299607,0.0 -44.2196897,-12.263427899607,0.0 -44.2209497,-12.263290399607,0.0 -44.2214319,-12.263180599607,0.0 -44.2217461,-12.263251999607,0.0 -44.2223635,-12.263397499607,0.0 -44.2228879,-12.263619699607,0.0 -44.2232793,-12.263723799607,0.0 -44.2236792,-12.263717699607,0.0 -44.2240852,-12.263560599607,0.0 -44.2245971,-12.263327899607,0.0 -44.2249654,-12.263145399607,0.0 -44.2253186,-12.263095699607,0.0 -44.2256856,-12.263038899607,0.0 -44.2265197,-12.262979799607,0.0 -44.2269455,-12.262966499607,0.0 -44.2274678,-12.262946299607,0.0 -44.2278264,-12.262923799607,0.0 -44.2281143,-12.262902899607,0.0 -44.2284299,-12.262821499607,0.0 -44.2286961,-12.262635899607,0.0 -44.2289147,-12.262415899607,0.0 -44.2292939,-12.261963099607,0.0 -44.2297371,-12.261302399607,0.0 -44.2298855,-12.261038799607,0.0 -44.2301244,-12.2606143996071,0.0 -44.2304968,-12.2599607996071,0.0 -44.2307902,-12.2596288996071,0.0 -44.2308675,-12.2595946996071,0.0 -44.2310084,-12.2595272996071,0.0 -44.2311492,-12.2594598996071,0.0 -44.2313591,-12.2593781996071,0.0 -44.2316533,-12.2593852996071,0.0 -44.2320725,-12.2597038996071,0.0 -44.2323171,-12.2600146996071,0.0 -44.2326025,-12.2605182996071,0.0 -44.2329031,-12.261189199607,0.0 -44.2331141,-12.261669899607,0.0 -44.2332924,-12.262024899607,0.0 -44.2334344,-12.262193499607,0.0 -44.233538,-12.262286899607,0.0 -44.2337171,-12.262371499607,0.0 -44.233887,-12.262427999607,0.0 -44.2341333,-12.262456799607,0.0 -44.2345305,-12.262466899607,0.0 -44.2347953,-12.262449599607,0.0 -44.2351458,-12.262406199607,0.0 -44.2356082,-12.262414799607,0.0 -44.2361,-12.262453199607,0.0 -44.2365448,-12.262519599607,0.0 -44.2369564,-12.262637399607,0.0 -44.2371053,-12.262678499607,0.0 -44.2372692,-12.262727999607,0.0 -44.237549,-12.262812599607,0.0 -44.237988,-12.262941999607,0.0 -44.2379899,-12.262942599607,0.0 -44.2379918,-12.262943099607,0.0 -44.2382981,-12.263200799607,0.0 -44.2385387,-12.263628299607,0.0 -44.2387246,-12.263895599607,0.0 -44.2389658,-12.2641041996069,0.0 -44.2391613,-12.2642141996069,0.0 -44.2403897,-12.2642193996069,0.0 -44.2406999,-12.2644263996069,0.0 -44.2410817,-12.2646598996069,0.0 -44.2414088,-12.2647447996069,0.0 -44.241978,-12.2647273996069,0.0 -44.2424363,-12.2645848996069,0.0 -44.2429898,-12.2645746996069,0.0 -44.243318,-12.2645873996069,0.0 -44.2438307,-12.2647026996069,0.0 -44.2440877,-12.2648860996069,0.0 -44.2441724,-12.2651439996069,0.0 -44.2443774,-12.2655116996069,0.0 -44.2446238,-12.2658387996069,0.0 -44.2450419,-12.2662242996069,0.0 -44.2452397,-12.2665041996069,0.0 -44.2454372,-12.2668971996069,0.0 -44.2455585,-12.2672610996069,0.0 -44.2456757,-12.2677414996068,0.0 -44.2457885,-12.2681622996068,0.0 -44.2459493,-12.2685343996068,0.0 -44.2461178,-12.2687880996068,0.0 -44.2462965,-12.2690028996068,0.0 -44.2465002,-12.2691498996068,0.0 -44.2468647,-12.2693154996068,0.0 -44.2472883,-12.2693980996068,0.0 -44.2478581,-12.2695180996068,0.0 -44.2484737,-12.2696788996068,0.0 -44.2492958,-12.2699496996068,0.0 -44.2500231,-12.2702871996068,0.0 -44.2506631,-12.2705873996068,0.0 -44.2511569,-12.2709159996067,0.0 -44.2513817,-12.2710874996067,0.0 -44.2514486,-12.2711500996067,0.0 -44.2518785,-12.2716314996067,0.0 -44.2523116,-12.2722727996067,0.0 -44.2525745,-12.2729489996067,0.0 -44.2527429,-12.2735561996067,0.0 -44.2529155,-12.2743081996066,0.0 -44.2531305,-12.2749986996066,0.0 -44.2532606,-12.2755153996066,0.0 -44.2534405,-12.2759236996066,0.0 -44.2537697,-12.2765999996066,0.0 -44.2540706,-12.2771442996066,0.0 -44.2542513,-12.2773292996066,0.0 -44.2544677,-12.2775495996065,0.0 -44.2550184,-12.2778919996065,0.0 -44.2562374,-12.2786313996065,0.0 -44.2567879,-12.2790487996065,0.0 -44.257153,-12.2793780996065,0.0 -44.2576323,-12.2799426996065,0.0 -44.2578867,-12.2803909996065,0.0 -44.2582445,-12.2809986996064,0.0 -44.2591529,-12.2823584996064,0.0 -44.2596713,-12.2830787996064,0.0 -44.2603642,-12.2838781996064,0.0 -44.2609483,-12.2844674996063,0.0 -44.2615243,-12.2850007996063,0.0 -44.2620711,-12.2854226996063,0.0 -44.2630392,-12.2861486996063,0.0 -44.2638034,-12.2867945996063,0.0 -44.2644447,-12.2873180996062,0.0 -44.2654965,-12.2880442996062,0.0 -44.2661077,-12.2884862996062,0.0 -44.2666025,-12.2887751996062,0.0 -44.2673205,-12.2891478996062,0.0 -44.2677532,-12.2892927996062,0.0 -44.2681602,-12.2894222996062,0.0 -44.2687805,-12.2895966996062,0.0 -44.2696405,-12.2898141996062,0.0 -44.2704521,-12.2899799996062,0.0 -44.2714639,-12.2902042996062,0.0 -44.2723762,-12.2904824996062,0.0 -44.2735281,-12.2909168996061,0.0 -44.2743243,-12.2913186996061,0.0 -44.274837,-12.2917892996061,0.0 -44.2746811,-12.2923484996061,0.0 -44.2747622,-12.2929178996061,0.0 -44.2750496,-12.2936503996061,0.0 -44.2760387,-12.294750499606,0.0 -44.2774418,-12.295648599606,0.0 -44.2790932,-12.296425299606,0.0 -44.2801671,-12.296793999606,0.0 -44.2815702,-12.2976919996059,0.0 -44.2829312,-12.2988744996059,0.0 -44.284829,-12.3003021996059,0.0 -44.2875037,-12.3018924996058,0.0 -44.2883697,-12.3025607996058,0.0 -44.2894471,-12.3033336996058,0.0 -44.2908419,-12.3041697996057,0.0 -44.2919621,-12.3047554996057,0.0 -44.293337,-12.3050920996057,0.0 -44.295009,-12.3051795996057,0.0 -44.2964486,-12.3050584996057,0.0 -44.2979362,-12.3047334996057,0.0 -44.2988144,-12.3046341996057,0.0 -44.2998983,-12.3048400996057,0.0 -44.3005633,-12.3049606996057,0.0 -44.3010339,-12.3050460996057,0.0 -44.3023939,-12.3050495996057,0.0 -44.3030995,-12.3050513996057,0.0 -44.3043911,-12.3048514996057,0.0 -44.3058366,-12.3050075996057,0.0 -44.3070238,-12.3052136996057,0.0 -44.308056,-12.3054701996057,0.0 -44.3097579,-12.3063377996057,0.0 -44.3126,-12.3065739996057,0.0 -44.3124051,-12.3062217996057,0.0 -44.3139887,-12.3059963996057,0.0 -44.3145782,-12.3055182996057,0.0 -44.3151677,-12.3050401996057,0.0 -44.3153837,-12.3047287996057,0.0 -44.3157593,-12.3042214996057,0.0 -44.3161572,-12.3039783996058,0.0 -44.3166345,-12.3039921996057,0.0 -44.3170193,-12.3041703996057,0.0 -44.3172906,-12.3045128996057,0.0 -44.3175759,-12.3047875996057,0.0 -44.3177494,-12.3049046996057,0.0 -44.3180786,-12.3049054996057,0.0 -44.3183574,-12.3048383996057,0.0 -44.3189411,-12.3046083996057,0.0 -44.3194013,-12.3044448996057,0.0 -44.3197251,-12.3044095996057,0.0 -44.3202805,-12.3044199996057,0.0 -44.3207291,-12.3044843996057,0.0 -44.3214231,-12.3046208996057,0.0 -44.3218915,-12.3046766996057,0.0 -44.3221257,-12.3047046996057,0.0 -44.3223598,-12.3047325996057,0.0 -44.3229621,-12.3047711996057,0.0 -44.3237272,-12.3047884996057,0.0 -44.3242826,-12.3047807996057,0.0 -44.3252224,-12.3048056996057,0.0 -44.3258145,-12.3048613996057,0.0 -44.3262962,-12.3049177996057,0.0 -44.3266262,-12.3049953996057,0.0 -44.3273414,-12.3050758996057,0.0 -44.3278967,-12.3051404996057,0.0 -44.3291592,-12.3051662996057,0.0 -44.3301964,-12.3052139996057,0.0 -44.3306939,-12.3052418996057,0.0 -44.3311913,-12.3052697996057,0.0 -44.3321781,-12.3052477996057,0.0 -44.332879,-12.3051762996057,0.0 -44.3337094,-12.3051908996057,0.0 -44.3340697,-12.3052921996057,0.0 -44.3345418,-12.3054849996057,0.0 -44.3351123,-12.3057269996057,0.0 -44.3356761,-12.3057002996057,0.0 -44.3358759,-12.3055958996057,0.0 -44.3360536,-12.3055130996057,0.0 -44.3363731,-12.3053791996057,0.0 -44.3366517,-12.3053861996057,0.0 -44.3369107,-12.3055214996057,0.0 -44.3371409,-12.3057598996057,0.0 -44.3373584,-12.3059376996057,0.0 -44.3376617,-12.3060116996057,0.0 -44.3384995,-12.3059892996057,0.0 -44.3386589,-12.3058738996057,0.0 -44.3387494,-12.3057285996057,0.0 -44.3388009,-12.3049681996057,0.0 -44.3390935,-12.3045528996057,0.0 -44.3394787,-12.3042273996057,0.0 -44.3400193,-12.3039167996057,0.0 -44.3404788,-12.3036863996058,0.0 -44.3410871,-12.3034988996058,0.0 -44.3418011,-12.3033413996058,0.0 -44.3424018,-12.3032759996058,0.0 -44.3424975,-12.3032508996058,0.0 -44.3430441,-12.3030821996058,0.0 -44.3436093,-12.3028818996058,0.0 -44.3443798,-12.3025536996058,0.0 -44.3449765,-12.3022376996058,0.0 -44.3452372,-12.3020556996058,0.0 -44.3455156,-12.3017813996058,0.0 -44.3461679,-12.3012684996058,0.0 -44.34692,-12.3005947996059,0.0 -44.3471762,-12.3003629996059,0.0 -44.3473169,-12.3001742996059,0.0 -44.3474567,-12.2999868996059,0.0 -44.3474576,-12.2999856996059,0.0 -44.3477939,-12.2993398996059,0.0 -44.3481678,-12.2987367996059,0.0 -44.3485167,-12.2982365996059,0.0 -44.3488403,-12.2978711996059,0.0 -44.3490827,-12.2976700996059,0.0 -44.3494493,-12.297420499606,0.0 -44.349822,-12.297293899606,0.0 -44.3500705,-12.297221199606,0.0 -44.3504085,-12.297014999606,0.0 -44.3506969,-12.296771499606,0.0 -44.3511821,-12.296534799606,0.0 -44.3516162,-12.296542199606,0.0 -44.3521057,-12.296787499606,0.0 -44.3523471,-12.296989699606,0.0 -44.3526882,-12.296995899606,0.0 -44.3531856,-12.296674299606,0.0 -44.353502,-12.296656099606,0.0 -44.3538438,-12.296749099606,0.0 -44.3543272,-12.296884099606,0.0 -44.3549287,-12.297209199606,0.0 -44.3557827,-12.2977049996059,0.0 -44.3562356,-12.2978958996059,0.0 -44.3566133,-12.2979880996059,0.0 -44.3572213,-12.2979343996059,0.0 -44.3576766,-12.2978856996059,0.0 -44.3586804,-12.2977053996059,0.0 -44.3596241,-12.2975918996059,0.0 -44.360648,-12.2974414996059,0.0 -44.3614179,-12.2973455996059,0.0 -44.3623802,-12.297201399606,0.0 -44.3634217,-12.296976799606,0.0 -44.3641052,-12.296869899606,0.0 -44.3648238,-12.296701599606,0.0 -44.365387,-12.296501199606,0.0 -44.3666321,-12.296127899606,0.0 -44.3671613,-12.295944699606,0.0 -44.3676075,-12.295895099606,0.0 -44.3679414,-12.295842499606,0.0 -44.3686887,-12.295600099606,0.0 -44.3693595,-12.295406299606,0.0 -44.3708805,-12.295026399606,0.0 -44.3720196,-12.294750499606,0.0 -44.3728771,-12.294542699606,0.0 -44.3735966,-12.294382399606,0.0 -44.374463,-12.294340999606,0.0 -44.3751978,-12.294305599606,0.0 -44.3757441,-12.294278799606,0.0 -44.3759971,-12.294199799606,0.0 -44.3761712,-12.294097199606,0.0 -44.3762623,-12.294072899606,0.0 -44.376829,-12.293972099606,0.0 -44.3772815,-12.2939178996061,0.0 -44.3775177,-12.294004399606,0.0 -44.377845,-12.294395799606,0.0 -44.3780543,-12.294548099606,0.0 -44.3781918,-12.294554799606,0.0 -44.378325,-12.294561199606,0.0 -44.3783293,-12.294561399606,0.0 -44.3784445,-12.294517899606,0.0 -44.378732,-12.294409199606,0.0 -44.3787453,-12.294404099606,0.0 -44.379031,-12.294147999606,0.0 -44.3793362,-12.2937941996061,0.0 -44.3796965,-12.2934657996061,0.0 -44.3800759,-12.2932405996061,0.0 -44.3805961,-12.2929632996061,0.0 -44.3819996,-12.2924591996061,0.0 -44.3821837,-12.2923835996061,0.0 -44.3826164,-12.2921973996061,0.0 -44.3829339,-12.2920624996061,0.0 -44.3834679,-12.2918077996061,0.0 -44.3836486,-12.2916164996061,0.0 -44.3836438,-12.2913089996061,0.0 -44.3835559,-12.2911243996061,0.0 -44.3835567,-12.2907815996062,0.0 -44.3836611,-12.2905819996062,0.0 -44.3838492,-12.2903726996062,0.0 -44.3843705,-12.2900003996062,0.0 -44.3847351,-12.2898058996062,0.0 -44.3853459,-12.2893026996062,0.0 -44.3855898,-12.2892109996062,0.0 -44.386122,-12.2889498996062,0.0 -44.386409,-12.2888953996062,0.0 -44.3866591,-12.2888868996062,0.0 -44.3870572,-12.2889067996062,0.0 -44.3874138,-12.2890214996062,0.0 -44.3879163,-12.2892116996062,0.0 -44.3881452,-12.2892627996062,0.0 -44.3884035,-12.2893067996062,0.0 -44.3886904,-12.2892983996062,0.0 -44.3890418,-12.2892530996062,0.0 -44.3894586,-12.2891264996062,0.0 -44.3900237,-12.2889269996062,0.0 -44.390645,-12.2886724996062,0.0 -44.3919553,-12.2883145996062,0.0 -44.39265,-12.2881334996062,0.0 -44.3936645,-12.2880036996062,0.0 -44.3945578,-12.2878410996062,0.0 -44.3951501,-12.2877790996062,0.0 -44.3960799,-12.2877539996062,0.0 -44.3964248,-12.2877040996062,0.0 -44.3972091,-12.2877654996062,0.0 -44.3978398,-12.2878084996062,0.0 -44.3987278,-12.2879270996062,0.0 -44.399216,-12.2879878996062,0.0 -44.3998519,-12.2881755996062,0.0 -44.4005575,-12.2884221996062,0.0 -44.4015035,-12.2889342996062,0.0 -44.4023429,-12.2894252996062,0.0 -44.4029324,-12.2898235996062,0.0 -44.4032141,-12.2900845996062,0.0 -44.4035474,-12.2903140996062,0.0 -44.4037145,-12.2904120996062,0.0 -44.4043174,-12.2905662996062,0.0 -44.404561,-12.2905893996062,0.0 -44.4050925,-12.2905950996062,0.0 -44.4056194,-12.2906016996062,0.0 -44.4062768,-12.2906482996062,0.0 -44.4070057,-12.2908207996061,0.0 -44.4078722,-12.2911038996061,0.0 -44.4086301,-12.2914156996061,0.0 -44.4088754,-12.2915518996061,0.0 -44.4096395,-12.2919721996061,0.0 -44.4102052,-12.2922998996061,0.0 -44.4105085,-12.2923990996061,0.0 -44.4109407,-12.2923936996061,0.0 -44.4114643,-12.2922292996061,0.0 -44.4123156,-12.2919073996061,0.0 -44.4137204,-12.2912231996061,0.0 -44.414128,-12.2911173996061,0.0 -44.4149128,-12.2909426996061,0.0 -44.4154149,-12.2909193996061,0.0 -44.4158683,-12.2909293996061,0.0 -44.4162571,-12.2909853996061,0.0 -44.4165926,-12.2910448996061,0.0 -44.4168647,-12.2911123996061,0.0 -44.4172866,-12.2911746996061,0.0 -44.4180285,-12.2912947996061,0.0 -44.4186755,-12.2914697996061,0.0 -44.4192489,-12.2916436996061,0.0 -44.4204426,-12.2920115996061,0.0 -44.4208955,-12.2922132996061,0.0 -44.4215476,-12.2926124996061,0.0 -44.4219632,-12.2930510996061,0.0 -44.422396,-12.2936107996061,0.0 -44.4225572,-12.293926799606,0.0 -44.4227869,-12.294411099606,0.0 -44.4230194,-12.294920699606,0.0 -44.423296,-12.295442099606,0.0 -44.423471,-12.295734599606,0.0 -44.4237857,-12.296054399606,0.0 -44.4240252,-12.296274699606,0.0 -44.4242476,-12.296356499606,0.0 -44.4245527,-12.296457499606,0.0 -44.4250529,-12.296468499606,0.0 -44.4256635,-12.296469799606,0.0 -44.4260378,-12.296460699606,0.0 -44.4266213,-12.296671699606,0.0 -44.4270926,-12.296892399606,0.0 -44.4275648,-12.297103199606,0.0 -44.4278046,-12.297180599606,0.0 -44.4278837,-12.297184299606,0.0 -44.4281724,-12.297231099606,0.0 -44.4285963,-12.297238299606,0.0 -44.4289955,-12.297185799606,0.0 -44.4298011,-12.297152199606,0.0 -44.4301149,-12.297077799606,0.0 -44.430565,-12.296897799606,0.0 -44.4309096,-12.296578399606,0.0 -44.4313068,-12.296159699606,0.0 -44.4316272,-12.296002999606,0.0 -44.4322543,-12.296004299606,0.0 -44.4328168,-12.296174599606,0.0 -44.4332125,-12.296460199606,0.0 -44.4335613,-12.296775699606,0.0 -44.4336796,-12.296933199606,0.0 -44.4338807,-12.297038599606,0.0 -44.4343957,-12.297034199606,0.0 -44.434715,-12.296929999606,0.0 -44.4353309,-12.296635499606,0.0 -44.4358767,-12.296417799606,0.0 -44.4364417,-12.296227299606,0.0 -44.4370066,-12.296109999606,0.0 -44.4376881,-12.296074299606,0.0 -44.4384088,-12.296181599606,0.0 -44.4390441,-12.296256999606,0.0 -44.4395444,-12.296229099606,0.0 -44.4400313,-12.296011299606,0.0 -44.4405538,-12.295952699606,0.0 -44.4409962,-12.295934599606,0.0 -44.4413115,-12.295994899606,0.0 -44.4418299,-12.296092699606,0.0 -44.4422626,-12.296282599606,0.0 -44.4427227,-12.296611799606,0.0 -44.4430769,-12.296962499606,0.0 -44.4432335,-12.297254899606,0.0 -44.4433037,-12.2975588996059,0.0 -44.4433267,-12.2979784996059,0.0 -44.4432782,-12.2983156996059,0.0 -44.4430235,-12.2987491996059,0.0 -44.4429921,-12.2992184996059,0.0 -44.4430918,-12.2994863996059,0.0 -44.4432701,-12.2995563996059,0.0 -44.4435478,-12.2995568996059,0.0 -44.4439922,-12.2994528996059,0.0 -44.4445434,-12.2992622996059,0.0 -44.4450054,-12.2991058996059,0.0 -44.4454256,-12.2991067996059,0.0 -44.4457453,-12.2992647996059,0.0 -44.4458691,-12.2994340996059,0.0 -44.4458512,-12.2996610996059,0.0 -44.4457497,-12.2997892996059,0.0 -44.4457491,-12.3000858996059,0.0 -44.4458676,-12.3001792996059,0.0 -44.4460114,-12.3001794996059,0.0 -44.4460542,-12.3001795996059,0.0 -44.4462409,-12.3001799996059,0.0 -44.4465308,-12.3000819996059,0.0 -44.446845,-12.2998086996059,0.0 -44.4472067,-12.2996574996059,0.0 -44.44758,-12.2996581996059,0.0 -44.4476802,-12.2996882996059,0.0 -44.4478597,-12.2998104996059,0.0 -44.4480053,-12.2999095996059,0.0 -44.4482955,-12.3000909996059,0.0 -44.4486044,-12.3005609996059,0.0 -44.4488997,-12.3009820996058,0.0 -44.4491207,-12.3012962996058,0.0 -44.4495706,-12.3016027996058,0.0 -44.4498223,-12.3017488996058,0.0 -44.4500907,-12.3018226996058,0.0 -44.4505532,-12.3018353996058,0.0 -44.4510564,-12.3017486996058,0.0 -44.4515679,-12.3016484996058,0.0 -44.4523187,-12.3014771996058,0.0 -44.4532718,-12.3012873996058,0.0 -44.4537264,-12.3011508996058,0.0 -44.4540845,-12.3009752996058,0.0 -44.4543027,-12.3008671996058,0.0 -44.454599,-12.3007628996058,0.0 -44.4549549,-12.3007536996058,0.0 -44.4551323,-12.3007946996058,0.0 -44.4554631,-12.3009336996058,0.0 -44.4557108,-12.3011900996058,0.0 -44.455942,-12.3014581996058,0.0 -44.4561482,-12.3018022996058,0.0 -44.4563491,-12.3020413996058,0.0 -44.4566034,-12.3022634996058,0.0 -44.4569286,-12.3024385996058,0.0 -44.4573311,-12.3025623996058,0.0 -44.4577151,-12.3027837996058,0.0 -44.4581827,-12.3030415996058,0.0 -44.4584479,-12.3032925996058,0.0 -44.4587673,-12.3036187996058,0.0 -44.459069,-12.3040217996057,0.0 -44.4592505,-12.3043340996057,0.0 -44.4595687,-12.3047596996057,0.0 -44.4597991,-12.3049464996057,0.0 -44.4600719,-12.3051278996057,0.0 -44.4602609,-12.3053606996057,0.0 -44.4603901,-12.3055706996057,0.0 -44.4605496,-12.3058449996057,0.0 -44.460656,-12.3059554996057,0.0 -44.4608508,-12.3060318996057,0.0 -44.4614374,-12.3060854996057,0.0 -44.461656,-12.3062314996057,0.0 -44.4617797,-12.3064532996057,0.0 -44.4619091,-12.3070593996057,0.0 -44.4620274,-12.3072052996057,0.0 -44.4621808,-12.3072805996057,0.0 -44.4623997,-12.3072873996056,0.0 -44.4628856,-12.3070956996057,0.0 -44.4631349,-12.3070843996057,0.0 -44.4632948,-12.3071552996057,0.0 -44.4635904,-12.3073882996056,0.0 -44.4637793,-12.3076571996056,0.0 -44.4639792,-12.3079369996056,0.0 -44.4642282,-12.3080477996056,0.0 -44.4645895,-12.3081298996056,0.0 -44.4654355,-12.3081469996056,0.0 -44.465969,-12.3080783996056,0.0 -44.4665672,-12.3079049996056,0.0 -44.4671286,-12.3076555996056,0.0 -44.4677703,-12.3073303996056,0.0 -44.4686857,-12.3066684996057,0.0 -44.4697173,-12.3058900996057,0.0 -44.4699946,-12.3056310996057,0.0 -44.4703703,-12.3053848996057,0.0 -44.470934,-12.3049555996057,0.0 -44.4712175,-12.3048276996057,0.0 -44.4716086,-12.3047172996057,0.0 -44.4719709,-12.3047287996057,0.0 -44.4725439,-12.3046837996057,0.0 -44.4726764,-12.3046351996057,0.0 -44.4728738,-12.3043416996057,0.0 -44.4729164,-12.3041871996057,0.0 -44.4729897,-12.3038671996058,0.0 -44.4730784,-12.3036810996058,0.0 -44.4732746,-12.3034833996058,0.0 -44.4734935,-12.3034946996058,0.0 -44.4739303,-12.3039503996057,0.0 -44.4741194,-12.3041369996057,0.0 -44.4744045,-12.3041375996057,0.0 -44.474872,-12.3039756996058,0.0 -44.4751804,-12.3037836996058,0.0 -44.4755599,-12.3035049996058,0.0 -44.4758974,-12.3035055996058,0.0 -44.4761573,-12.3036869996058,0.0 -44.4764409,-12.3039316996057,0.0 -44.4765655,-12.3041823996057,0.0 -44.4765757,-12.3046019996057,0.0 -44.4764628,-12.3049688996057,0.0 -44.47619,-12.3052767996057,0.0 -44.4760174,-12.3055730996057,0.0 -44.4760111,-12.3059690996057,0.0 -44.4761702,-12.3064179996057,0.0 -44.4762042,-12.3069307996057,0.0 -44.4762687,-12.3073332996056,0.0 -44.476387,-12.3074899996056,0.0 -44.4765762,-12.3076250996056,0.0 -44.4768601,-12.3077358996056,0.0 -44.4774154,-12.3078065996056,0.0 -44.477546,-12.3078140996056,0.0 -44.47789,-12.3078228996056,0.0 -44.4786006,-12.3079408996056,0.0 -44.4788968,-12.3079188996056,0.0 -44.4791453,-12.3077845996056,0.0 -44.4793412,-12.3077849996056,0.0 -44.4794704,-12.3080238996056,0.0 -44.4794696,-12.3084145996056,0.0 -44.4793808,-12.3087109996056,0.0 -44.4790882,-12.3097006996056,0.0 -44.4790402,-12.3102720996056,0.0 -44.4791702,-12.3105634996056,0.0 -44.4794299,-12.3108433996055,0.0 -44.4798672,-12.3110829996055,0.0 -44.4802936,-12.3112646996055,0.0 -44.4807311,-12.3113585996055,0.0 -44.4812765,-12.3113713996055,0.0 -44.481649,-12.3113078996055,0.0 -44.4818268,-12.3111562996055,0.0 -44.4820409,-12.3107895996055,0.0 -44.4821777,-12.3104579996056,0.0 -44.4821966,-12.3101731996056,0.0 -44.4820963,-12.3097533996056,0.0 -44.4820678,-12.3092577996056,0.0 -44.4821511,-12.3089902996056,0.0 -44.4822876,-12.3087987996056,0.0 -44.4825783,-12.3082640996056,0.0 -44.4827406,-12.3080825996056,0.0 -44.4828694,-12.3080104996056,0.0 -44.4830177,-12.3079230996056,0.0 -44.4837157,-12.3079424996056,0.0 -44.4841833,-12.3081530996056,0.0 -44.4845497,-12.3084332996056,0.0 -44.4848042,-12.3085675996056,0.0 -44.4852309,-12.3085972996056,0.0 -44.4855916,-12.3084876996056,0.0 -44.4859773,-12.3083138996056,0.0 -44.4862499,-12.3080927996056,0.0 -44.4862745,-12.3077311996056,0.0 -44.4861739,-12.3074288996056,0.0 -44.4858733,-12.3069038996057,0.0 -44.4856076,-12.3064195996057,0.0 -44.4855845,-12.3059890996057,0.0 -44.4856293,-12.3058960996057,0.0 -44.4856741,-12.3058029996057,0.0 -44.4860502,-12.3053035996057,0.0 -44.4863303,-12.3050608996057,0.0 -44.4867934,-12.3047696996057,0.0 -44.4872195,-12.3045977996057,0.0 -44.487821,-12.3045708996057,0.0 -44.4883855,-12.3046632996057,0.0 -44.4887927,-12.3047553996057,0.0 -44.489006,-12.3047918996057,0.0 -44.4891541,-12.3047831996057,0.0 -44.4892783,-12.3047507996057,0.0 -44.4894845,-12.3046462996057,0.0 -44.4896244,-12.3046058996057,0.0 -44.4897523,-12.3045563996057,0.0 -44.490045,-12.3043995996057,0.0 -44.4903953,-12.3039688996057,0.0 -44.490591,-12.3035848996058,0.0 -44.4907632,-12.3034568996058,0.0 -44.491166,-12.3034638996058,0.0 -44.4913193,-12.3036450996058,0.0 -44.4913305,-12.3040112996058,0.0 -44.4913161,-12.3043114996057,0.0 -44.4913058,-12.3044127996057,0.0 -44.4913101,-12.3045691996057,0.0 -44.4913597,-12.3046181996057,0.0 -44.4914323,-12.3046580996057,0.0 -44.491572,-12.3046763996057,0.0 -44.4917081,-12.3046703996057,0.0 -44.4919631,-12.3045487996057,0.0 -44.4922421,-12.3043566996057,0.0 -44.4923725,-12.3039906996057,0.0 -44.4924747,-12.3034491996058,0.0 -44.4926171,-12.3030533996058,0.0 -44.4928135,-12.3027616996058,0.0 -44.4931221,-12.3025125996058,0.0 -44.493529,-12.3022773996058,0.0 -44.4940054,-12.3022655996058,0.0 -44.4945367,-12.3023750996058,0.0 -44.4947592,-12.3024025996058,0.0 -44.494944,-12.3024219996058,0.0 -44.495139,-12.3024032996058,0.0 -44.4953148,-12.3023403996058,0.0 -44.495546,-12.3021209996058,0.0 -44.4958804,-12.3018385996058,0.0 -44.496186,-12.3016754996058,0.0 -44.4965099,-12.3015937996058,0.0 -44.4967784,-12.3016033996058,0.0 -44.4971305,-12.3016310996058,0.0 -44.4973704,-12.3016957996058,0.0 -44.4976717,-12.3018735996058,0.0 -44.4979765,-12.3021480996058,0.0 -44.4982629,-12.3024406996058,0.0 -44.4986787,-12.3028800996058,0.0 -44.4988989,-12.3031074996058,0.0 -44.4990879,-12.3033700996058,0.0 -44.4992476,-12.3035158996058,0.0 -44.499571,-12.3037118996058,0.0 -44.4998984,-12.3036762996058,0.0 -44.5002238,-12.3036593996058,0.0 -44.5012309,-12.3032292996058,0.0 -44.5016118,-12.3031358996058,0.0 -44.5019929,-12.3029502996058,0.0 -44.5024935,-12.3027640996058,0.0 -44.5031126,-12.3026475996058,0.0 -44.5040881,-12.3027669996058,0.0 -44.5048266,-12.3027682996058,0.0 -44.5054934,-12.3027459996058,0.0 -44.5060405,-12.3027704996058,0.0 -44.506683,-12.3029587996058,0.0 -44.5072059,-12.3031234996058,0.0 -44.5075395,-12.3032406996058,0.0 -44.5081104,-12.3033348996058,0.0 -44.5083009,-12.3032890996058,0.0 -44.5084916,-12.3030787996058,0.0 -44.5085401,-12.3027514996058,0.0 -44.5084931,-12.3022992996058,0.0 -44.5084938,-12.3019329996058,0.0 -44.5086616,-12.3016999996058,0.0 -44.5088521,-12.3016297996058,0.0 -44.509113,-12.3017468996058,0.0 -44.5092563,-12.3018412996058,0.0 -44.5093747,-12.3019815996058,0.0 -44.5097548,-12.3023014996058,0.0 -44.5098741,-12.3024264996058,0.0 -44.5101832,-12.3024035996058,0.0 -44.5104931,-12.3023805996058,0.0 -44.5107074,-12.3024044996058,0.0 -44.510969,-12.3026617996058,0.0 -44.511206,-12.3028032996058,0.0 -44.5115394,-12.3030136996058,0.0 -44.5123962,-12.3031788996058,0.0 -44.5132293,-12.3032273996058,0.0 -44.5142287,-12.3033457996058,0.0 -44.5151098,-12.3033012996058,0.0 -44.5159432,-12.3031851996058,0.0 -44.5166341,-12.3030461996058,0.0 -44.5170295,-12.3030948996058,0.0 -44.5173391,-12.3032355996058,0.0 -44.517576,-12.3034231996058,0.0 -44.5176233,-12.3037505996058,0.0 -44.5175508,-12.3041483996057,0.0 -44.5173838,-12.3044283996057,0.0 -44.5172886,-12.3047320996057,0.0 -44.5172875,-12.3052927996057,0.0 -44.5173349,-12.3055505996057,0.0 -44.5176672,-12.3058829996057,0.0 -44.5182862,-12.3058560996057,0.0 -44.5185246,-12.3057397996057,0.0 -44.5188581,-12.3054130996057,0.0 -44.5190489,-12.3051791996057,0.0 -44.5195494,-12.3050163996057,0.0 -44.5200737,-12.3049937996057,0.0 -44.5207392,-12.3051586996057,0.0 -44.5214769,-12.3056048996057,0.0 -44.5219046,-12.3060730996057,0.0 -44.5228312,-12.3072665996057,0.0 -44.5228866,-12.3076482996056,0.0 -44.5228853,-12.3084196996056,0.0 -44.5230994,-12.3084905996056,0.0 -44.5233615,-12.3084909996056,0.0 -44.5237905,-12.3082575996056,0.0 -44.5241953,-12.3081650996056,0.0 -44.5247668,-12.3079327996056,0.0 -44.524791,-12.3077917996056,0.0 -44.5248635,-12.3073713996056,0.0 -44.5249349,-12.3070441996057,0.0 -44.5251024,-12.3069748996057,0.0 -44.5254115,-12.3069048996057,0.0 -44.5258161,-12.3069525996057,0.0 -44.5259824,-12.3070224996057,0.0 -44.5263639,-12.3070936996057,0.0 -44.5266251,-12.3070705996057,0.0 -44.5269113,-12.3070005996057,0.0 -44.5275064,-12.3069084996057,0.0 -44.5280785,-12.3069094996057,0.0 -44.5287524,-12.3070037996057,0.0 -44.5292285,-12.3071447996057,0.0 -44.5297284,-12.3073562996056,0.0 -44.5301564,-12.3076608996056,0.0 -44.5305367,-12.3079183996056,0.0 -44.5306557,-12.3079773996056,0.0 -44.5307729,-12.3080354996056,0.0 -44.5307747,-12.3080362996056,0.0 -44.5309645,-12.3081186996056,0.0 -44.5313481,-12.3082850996056,0.0 -44.5315119,-12.3082238996056,0.0 -44.5316076,-12.3081778996056,0.0 -44.5319186,-12.3076168996056,0.0 -44.5321805,-12.3071968996056,0.0 -44.5326333,-12.3069868996057,0.0 -44.532872,-12.3067069996057,0.0 -44.5330628,-12.3064730996057,0.0 -44.5331353,-12.3060056996057,0.0 -44.5331362,-12.3055146996057,0.0 -44.5331605,-12.3053048996057,0.0 -44.5333273,-12.3050944996057,0.0 -44.5339236,-12.3043937996057,0.0 -44.5345728,-12.3036998996058,0.0 -44.5347683,-12.3034909996058,0.0 -44.5348783,-12.3032087996058,0.0 -44.5348755,-12.3031733996058,0.0 -44.5348605,-12.3031461996058,0.0 -44.5348533,-12.3031053996058,0.0 -44.5348541,-12.3030465996058,0.0 -44.5348555,-12.3029735996058,0.0 -44.5348505,-12.3029169996058,0.0 -44.5348442,-12.3028811996058,0.0 -44.5348398,-12.3028565996058,0.0 -44.5348392,-12.3028521996058,0.0 -44.5348476,-12.3028294996058,0.0 -44.5348643,-12.3027998996058,0.0 -44.5348727,-12.3027796996058,0.0 -44.5348787,-12.3027609996058,0.0 -44.5348762,-12.3027451996058,0.0 -44.5348659,-12.3027322996058,0.0 -44.5348531,-12.3027301996058,0.0 -44.5348381,-12.3027322996058,0.0 -44.5348167,-12.3027386996058,0.0 -44.5348018,-12.3027258996058,0.0 -44.5347954,-12.3027044996058,0.0 -44.5347847,-12.3026425996058,0.0 -44.534777,-12.3025379996058,0.0 -44.5347794,-12.3025040996058,0.0 -44.5347722,-12.3024023996058,0.0 -44.5347649,-12.3023599996058,0.0 -44.5347637,-12.3023211996058,0.0 -44.5347794,-12.3022957996058,0.0 -44.5348121,-12.3022763996058,0.0 -44.5348533,-12.3022327996058,0.0 -44.534886,-12.3021819996058,0.0 -44.5349017,-12.3021274996058,0.0 -44.5349163,-12.3020983996058,0.0 -44.5349696,-12.3020220996058,0.0 -44.5350059,-12.3019571996058,0.0 -44.53507,-12.3018824996058,0.0 -44.5351528,-12.3017366996058,0.0 -44.5351936,-12.3016503996058,0.0 -44.5352286,-12.3015955996058,0.0 -44.535252,-12.3015605996058,0.0 -44.5352928,-12.3015465996058,0.0 -44.5353406,-12.3015430996058,0.0 -44.535368,-12.3015369996058,0.0 -44.535392,-12.3014972996058,0.0 -44.5354058,-12.3014406996058,0.0 -44.5354042,-12.3013764996058,0.0 -44.535392,-12.3013077996058,0.0 -44.5353752,-12.3012511996058,0.0 -44.5353553,-12.3012068996058,0.0 -44.5353348,-12.3011330996058,0.0 -44.5352965,-12.3010456996058,0.0 -44.5352583,-12.3009308996058,0.0 -44.5352218,-12.3008087996058,0.0 -44.5351927,-12.3007249996058,0.0 -44.5351508,-12.3006211996058,0.0 -44.5351273,-12.3005580996058,0.0 -44.5005705,-12.2222770996082,0.0 -44.499654,-12.2202008996083,0.0 -44.4898711,-12.1980398996089,0.0 -44.4891352,-12.196372899609,0.0 -44.4869091,-12.1913299996091,0.0 -44.4834896,-12.1835838996094,0.0 -44.47851,-12.1723035996097,0.0 -44.4682352,-12.1490282996104,0.0 -44.466052,-12.1440827996106,0.0 -44.443481,-12.0929529996121,0.0 -44.3515548,-12.1021000996118,0.0 -44.3453962,-12.1027128996118,0.0</coordinates>
</LinearRing>
</outerBoundaryIs>
</Polygon>
</MultiGeometry>
</Placemark>
</Folder>
</Document></kml>
