<?xml version='1.0' encoding='UTF-8'?>
<kml xmlns:xsd="http://www.w3.org/2001/XMLSchema" xmlns:gx="http://www.google.com/kml/ext/2.2" xmlns:atom="http://www.w3.org/2005/Atom" xmlns="http://www.opengis.net/kml/2.2">
<Document>
<name>guajeru_2911659_localidades_2022</name>
<visibility>1</visibility>
<Schema name="Povoados" id="kml_schema_ft_Povoados">
<SimpleField type="xsd:string" name="CD_UF">
<displayName>CD_UF</displayName>
</SimpleField>
<SimpleField type="xsd:string" name="NM_UF">
<displayName>NM_UF</displayName>
</SimpleField>
<SimpleField type="xsd:string" name="SIGLA_UF">
<displayName>SIGLA_UF</displayName>
</SimpleField>
<SimpleField type="xsd:string" name="CD_MUN">
<displayName>CD_MUN</displayName>
</SimpleField>
<SimpleField type="xsd:string" name="NM_MUN">
<displayName>NM_MUN</displayName>
</SimpleField>
<SimpleField type="xsd:string" name="CD_RGINT">
<displayName>CD_RGINT</displayName>
</SimpleField>
<SimpleField type="xsd:string" name="NM_RGINT">
<displayName>NM_RGINT</displayName>
</SimpleField>
<SimpleField type="xsd:string" name="CD_RGI">
<displayName>CD_RGI</displayName>
</SimpleField>
<SimpleField type="xsd:string" name="NM_RGI">
<displayName>NM_RGI</displayName>
</SimpleField>
<SimpleField type="xsd:string" name="CT_LOCALIDADE">
<displayName>CT_LOCALIDADE</displayName>
</SimpleField>
<SimpleField type="xsd:string" name="CD_LOCALIDADE">
<displayName>CD_LOCALIDADE</displayName>
</SimpleField>
<SimpleField type="xsd:string" name="NM_LOCALIDADE">
<displayName>NM_LOCALIDADE</displayName>
</SimpleField>
<SimpleField type="xsd:string" name="LAT_LOCALIDADE">
<displayName>LAT_LOCALIDADE</displayName>
</SimpleField>
<SimpleField type="xsd:string" name="LONG_LOCALIDADE">
<displayName>LONG_LOCALIDADE</displayName>
</SimpleField>
</Schema>
<Schema name="Localidades" id="kml_schema_ft_Localidades">
<SimpleField type="xsd:string" name="CD_UF">
<displayName>CD_UF</displayName>
</SimpleField>
<SimpleField type="xsd:string" name="NM_UF">
<displayName>NM_UF</displayName>
</SimpleField>
<SimpleField type="xsd:string" name="SIGLA_UF">
<displayName>SIGLA_UF</displayName>
</SimpleField>
<SimpleField type="xsd:string" name="CD_MUN">
<displayName>CD_MUN</displayName>
</SimpleField>
<SimpleField type="xsd:string" name="NM_MUN">
<displayName>NM_MUN</displayName>
</SimpleField>
<SimpleField type="xsd:string" name="CD_RGINT">
<displayName>CD_RGINT</displayName>
</SimpleField>
<SimpleField type="xsd:string" name="NM_RGINT">
<displayName>NM_RGINT</displayName>
</SimpleField>
<SimpleField type="xsd:string" name="CD_RGI">
<displayName>CD_RGI</displayName>
</SimpleField>
<SimpleField type="xsd:string" name="NM_RGI">
<displayName>NM_RGI</displayName>
</SimpleField>
<SimpleField type="xsd:string" name="CT_LOCALIDADE">
<displayName>CT_LOCALIDADE</displayName>
</SimpleField>
<SimpleField type="xsd:string" name="SCT_LOCALIDADE">
<displayName>SCT_LOCALIDADE</displayName>
</SimpleField>
<SimpleField type="xsd:string" name="CD_LOCALIDADE">
<displayName>CD_LOCALIDADE</displayName>
</SimpleField>
<SimpleField type="xsd:string" name="NM_LOCALIDADE">
<displayName>NM_LOCALIDADE</displayName>
</SimpleField>
</Schema>
<Schema name="01. Cidade" id="kml_schema_ft_01._Cidade">
<SimpleField type="xsd:string" name="CD_UF">
<displayName>CD_UF</displayName>
</SimpleField>
<SimpleField type="xsd:string" name="NM_UF">
<displayName>NM_UF</displayName>
</SimpleField>
<SimpleField type="xsd:string" name="SIGLA_UF">
<displayName>SIGLA_UF</displayName>
</SimpleField>
<SimpleField type="xsd:string" name="CD_MUN">
<displayName>CD_MUN</displayName>
</SimpleField>
<SimpleField type="xsd:string" name="NM_MUN">
<displayName>NM_MUN</displayName>
</SimpleField>
<SimpleField type="xsd:string" name="CD_RGINT">
<displayName>CD_RGINT</displayName>
</SimpleField>
<SimpleField type="xsd:string" name="NM_RGINT">
<displayName>NM_RGINT</displayName>
</SimpleField>
<SimpleField type="xsd:string" name="CD_RGI">
<displayName>CD_RGI</displayName>
</SimpleField>
<SimpleField type="xsd:string" name="NM_RGI">
<displayName>NM_RGI</displayName>
</SimpleField>
<SimpleField type="xsd:string" name="CT_LOCALIDADE">
<displayName>CT_LOCALIDADE</displayName>
</SimpleField>
<SimpleField type="xsd:string" name="SCT_LOCALIDADE">
<displayName>SCT_LOCALIDADE</displayName>
</SimpleField>
<SimpleField type="xsd:string" name="CD_LOCALIDADE">
<displayName>CD_LOCALIDADE</displayName>
</SimpleField>
<SimpleField type="xsd:string" name="NM_LOCALIDADE">
<displayName>NM_LOCALIDADE</displayName>
</SimpleField>
<SimpleField type="xsd:string" name="LAT_LOCALIDADE">
<displayName>LAT_LOCALIDADE</displayName>
</SimpleField>
<SimpleField type="xsd:string" name="LONG_LOCALIDADE">
<displayName>LONG_LOCALIDADE</displayName>
</SimpleField>
</Schema>
<Schema name="Município" id="kml_schema_ft_Município">
<SimpleField type="xsd:string" name="CD_UF">
<displayName>CD_UF</displayName>
</SimpleField>
<SimpleField type="xsd:string" name="NM_UF">
<displayName>NM_UF</displayName>
</SimpleField>
<SimpleField type="xsd:string" name="CD_MUN">
<displayName>CD_MUN</displayName>
</SimpleField>
<SimpleField type="xsd:string" name="NM_MUN">
<displayName>NM_MUN</displayName>
</SimpleField>
<SimpleField type="xsd:string" name="CD_RGINT">
<displayName>CD_RGINT</displayName>
</SimpleField>
<SimpleField type="xsd:string" name="NM_RGINT">
<displayName>NM_RGINT</displayName>
</SimpleField>
<SimpleField type="xsd:string" name="CD_RGI">
<displayName>CD_RGI</displayName>
</SimpleField>
<SimpleField type="xsd:string" name="NM_RGI">
<displayName>NM_RGI</displayName>
</SimpleField>
</Schema>
<Folder id="01. Cidade">
<name>01. Cidade</name>
<Folder id="01.03. Sede Municipal">
<name>01.03. Sede Municipal</name>
<Placemark id="01.03. Sede Municipal">
<name>Guajeru [2911659]</name>
<visibility>1</visibility>
<snippet> </snippet>
<description>&lt;center&gt;&lt;table&gt;&lt;tr&gt;&lt;th colspan='2' align='center'&gt;&lt;em&gt;Atributos&lt;/em&gt;&lt;/th&gt;&lt;/tr&gt;&lt;tr bgcolor="#E3E3F3"&gt;
&lt;th&gt;CD_UF&lt;/th&gt;
&lt;td&gt;29&lt;/td&gt;
&lt;/tr&gt;&lt;tr bgcolor=""&gt;
&lt;th&gt;NM_UF&lt;/th&gt;
&lt;td&gt;Bahia&lt;/td&gt;
&lt;/tr&gt;&lt;tr bgcolor="#E3E3F3"&gt;
&lt;th&gt;SIGLA_UF&lt;/th&gt;
&lt;td&gt;BA&lt;/td&gt;
&lt;/tr&gt;&lt;tr bgcolor=""&gt;
&lt;th&gt;CD_MUN&lt;/th&gt;
&lt;td&gt;2911659&lt;/td&gt;
&lt;/tr&gt;&lt;tr bgcolor="#E3E3F3"&gt;
&lt;th&gt;NM_MUN&lt;/th&gt;
&lt;td&gt;Guajeru&lt;/td&gt;
&lt;/tr&gt;&lt;tr bgcolor=""&gt;
&lt;th&gt;CD_RGINT&lt;/th&gt;
&lt;td&gt;2905&lt;/td&gt;
&lt;/tr&gt;&lt;tr bgcolor="#E3E3F3"&gt;
&lt;th&gt;NM_RGINT&lt;/th&gt;
&lt;td&gt;Guanambi&lt;/td&gt;
&lt;/tr&gt;&lt;tr bgcolor=""&gt;
&lt;th&gt;CD_RGI&lt;/th&gt;
&lt;td&gt;290016&lt;/td&gt;
&lt;/tr&gt;&lt;tr bgcolor="#E3E3F3"&gt;
&lt;th&gt;NM_RGI&lt;/th&gt;
&lt;td&gt;Guanambi&lt;/td&gt;
&lt;/tr&gt;&lt;tr bgcolor=""&gt;
&lt;th&gt;CT_LOCALIDADE&lt;/th&gt;
&lt;td&gt;Cidade&lt;/td&gt;
&lt;/tr&gt;&lt;tr bgcolor="#E3E3F3"&gt;
&lt;th&gt;SCT_LOCALIDADE&lt;/th&gt;
&lt;td&gt;Sede Municipal&lt;/td&gt;
&lt;/tr&gt;&lt;tr bgcolor=""&gt;
&lt;th&gt;CD_LOCALIDADE&lt;/th&gt;
&lt;td&gt;2911659&lt;/td&gt;
&lt;/tr&gt;&lt;tr bgcolor="#E3E3F3"&gt;
&lt;th&gt;NM_LOCALIDADE&lt;/th&gt;
&lt;td&gt;Guajeru&lt;/td&gt;
&lt;/tr&gt;&lt;tr bgcolor=""&gt;
&lt;th&gt;LAT_LOCALIDADE&lt;/th&gt;
&lt;td&gt;-14.547&lt;/td&gt;
&lt;/tr&gt;&lt;tr bgcolor="#E3E3F3"&gt;
&lt;th&gt;LONG_LOCALIDADE&lt;/th&gt;
&lt;td&gt;-41.9367&lt;/td&gt;
&lt;/tr&gt;&lt;/table&gt;&lt;/center&gt;</description>
<Style>
<IconStyle>
<color>ff00aaff</color>
<scale>1.0</scale>
<Icon>
<href>http://maps.google.com/mapfiles/kml/shapes/placemark_circle.png</href>
</Icon>
</IconStyle>
<LabelStyle>
<scale>1.0</scale>
</LabelStyle>
<LineStyle>
<color>ffffffff</color>
<width>3</width>
<gx:labelVisibility>1</gx:labelVisibility>
</LineStyle>
<PolyStyle>
<color>00ffffff</color>
</PolyStyle>
</Style>
<ExtendedData>
<SchemaData schemaUrl="#kml_schema_ft_01._Cidade">
<SimpleData name="CD_UF">29</SimpleData>
<SimpleData name="NM_UF">Bahia</SimpleData>
<SimpleData name="SIGLA_UF">BA</SimpleData>
<SimpleData name="CD_MUN">2911659</SimpleData>
<SimpleData name="NM_MUN">Guajeru</SimpleData>
<SimpleData name="CD_RGINT">2905</SimpleData>
<SimpleData name="NM_RGINT">Guanambi</SimpleData>
<SimpleData name="CD_RGI">290016</SimpleData>
<SimpleData name="NM_RGI">Guanambi</SimpleData>
<SimpleData name="CT_LOCALIDADE">Cidade</SimpleData>
<SimpleData name="SCT_LOCALIDADE">Sede Municipal</SimpleData>
<SimpleData name="CD_LOCALIDADE">2911659</SimpleData>
<SimpleData name="NM_LOCALIDADE">Guajeru</SimpleData>
<SimpleData name="LAT_LOCALIDADE">-14.547</SimpleData>
<SimpleData name="LONG_LOCALIDADE">-41.9367</SimpleData>
</SchemaData>
</ExtendedData>
<Point>
<extrude>0</extrude>
<coordinates>-41.93673,-14.5469629995397,0.0</coordinates>
</Point>
</Placemark>
</Folder>
</Folder>
<Folder id="06. Povoados">
<name>06. Povoados</name>
<Placemark id="06. Povoados">
<name>Sanguessuga [291165900001]</name>
<visibility>1</visibility>
<snippet> </snippet>
<description>&lt;center&gt;&lt;table&gt;&lt;tr&gt;&lt;th colspan='2' align='center'&gt;&lt;em&gt;Atributos&lt;/em&gt;&lt;/th&gt;&lt;/tr&gt;&lt;tr bgcolor="#E3E3F3"&gt;
&lt;th&gt;CD_UF&lt;/th&gt;
&lt;td&gt;29&lt;/td&gt;
&lt;/tr&gt;&lt;tr bgcolor=""&gt;
&lt;th&gt;NM_UF&lt;/th&gt;
&lt;td&gt;Bahia&lt;/td&gt;
&lt;/tr&gt;&lt;tr bgcolor="#E3E3F3"&gt;
&lt;th&gt;SIGLA_UF&lt;/th&gt;
&lt;td&gt;BA&lt;/td&gt;
&lt;/tr&gt;&lt;tr bgcolor=""&gt;
&lt;th&gt;CD_MUN&lt;/th&gt;
&lt;td&gt;2911659&lt;/td&gt;
&lt;/tr&gt;&lt;tr bgcolor="#E3E3F3"&gt;
&lt;th&gt;NM_MUN&lt;/th&gt;
&lt;td&gt;Guajeru&lt;/td&gt;
&lt;/tr&gt;&lt;tr bgcolor=""&gt;
&lt;th&gt;CD_RGINT&lt;/th&gt;
&lt;td&gt;2905&lt;/td&gt;
&lt;/tr&gt;&lt;tr bgcolor="#E3E3F3"&gt;
&lt;th&gt;NM_RGINT&lt;/th&gt;
&lt;td&gt;Guanambi&lt;/td&gt;
&lt;/tr&gt;&lt;tr bgcolor=""&gt;
&lt;th&gt;CD_RGI&lt;/th&gt;
&lt;td&gt;290016&lt;/td&gt;
&lt;/tr&gt;&lt;tr bgcolor="#E3E3F3"&gt;
&lt;th&gt;NM_RGI&lt;/th&gt;
&lt;td&gt;Guanambi&lt;/td&gt;
&lt;/tr&gt;&lt;tr bgcolor=""&gt;
&lt;th&gt;CT_LOCALIDADE&lt;/th&gt;
&lt;td&gt;Povoado&lt;/td&gt;
&lt;/tr&gt;&lt;tr bgcolor="#E3E3F3"&gt;
&lt;th&gt;CD_LOCALIDADE&lt;/th&gt;
&lt;td&gt;291165900001&lt;/td&gt;
&lt;/tr&gt;&lt;tr bgcolor=""&gt;
&lt;th&gt;NM_LOCALIDADE&lt;/th&gt;
&lt;td&gt;Sanguessuga&lt;/td&gt;
&lt;/tr&gt;&lt;tr bgcolor="#E3E3F3"&gt;
&lt;th&gt;LAT_LOCALIDADE&lt;/th&gt;
&lt;td&gt;-14.6219&lt;/td&gt;
&lt;/tr&gt;&lt;tr bgcolor=""&gt;
&lt;th&gt;LONG_LOCALIDADE&lt;/th&gt;
&lt;td&gt;-41.9133&lt;/td&gt;
&lt;/tr&gt;&lt;/table&gt;&lt;/center&gt;</description>
<Style>
<IconStyle>
<color>ff00ff54</color>
<scale>0.8</scale>
<Icon>
<href>http://maps.google.com/mapfiles/kml/shapes/placemark_circle.png</href>
</Icon>
</IconStyle>
<LabelStyle>
<scale>0.8</scale>
</LabelStyle>
<LineStyle>
<color>72ff54ff</color>
<width>1.0</width>
<gx:labelVisibility>1</gx:labelVisibility>
</LineStyle>
<PolyStyle>
<color>66ff54ff</color>
</PolyStyle>
</Style>
<ExtendedData>
<SchemaData schemaUrl="#kml_schema_ft_Povoados">
<SimpleData name="CD_UF">29</SimpleData>
<SimpleData name="NM_UF">Bahia</SimpleData>
<SimpleData name="SIGLA_UF">BA</SimpleData>
<SimpleData name="CD_MUN">2911659</SimpleData>
<SimpleData name="NM_MUN">Guajeru</SimpleData>
<SimpleData name="CD_RGINT">2905</SimpleData>
<SimpleData name="NM_RGINT">Guanambi</SimpleData>
<SimpleData name="CD_RGI">290016</SimpleData>
<SimpleData name="NM_RGI">Guanambi</SimpleData>
<SimpleData name="CT_LOCALIDADE">Povoado</SimpleData>
<SimpleData name="CD_LOCALIDADE">291165900001</SimpleData>
<SimpleData name="NM_LOCALIDADE">Sanguessuga</SimpleData>
<SimpleData name="LAT_LOCALIDADE">-14.6219</SimpleData>
<SimpleData name="LONG_LOCALIDADE">-41.9133</SimpleData>
</SchemaData>
</ExtendedData>
<Point>
<extrude>0</extrude>
<coordinates>-41.9132939245283,-14.6219069555124,0.0</coordinates>
</Point>
</Placemark>
</Folder>
<Folder id="12. Outras Localidades">
<name>12. Outras Localidades</name>
<Placemark id="12. Outras Localidades">
<name>Descoberto [291165900007]</name>
<visibility>1</visibility>
<snippet> </snippet>
<description>&lt;center&gt;&lt;table&gt;&lt;tr&gt;&lt;th colspan='2' align='center'&gt;&lt;em&gt;Attributes&lt;/em&gt;&lt;/th&gt;&lt;/tr&gt;&lt;tr bgcolor="#E3E3F3"&gt;
&lt;th&gt;CD_UF&lt;/th&gt;
&lt;td&gt;29&lt;/td&gt;
&lt;/tr&gt;&lt;tr bgcolor=""&gt;
&lt;th&gt;NM_UF&lt;/th&gt;
&lt;td&gt;Bahia&lt;/td&gt;
&lt;/tr&gt;&lt;tr bgcolor="#E3E3F3"&gt;
&lt;th&gt;SIGLA_UF&lt;/th&gt;
&lt;td&gt;BA&lt;/td&gt;
&lt;/tr&gt;&lt;tr bgcolor=""&gt;
&lt;th&gt;CD_MUN&lt;/th&gt;
&lt;td&gt;2911659&lt;/td&gt;
&lt;/tr&gt;&lt;tr bgcolor="#E3E3F3"&gt;
&lt;th&gt;NM_MUN&lt;/th&gt;
&lt;td&gt;Guajeru&lt;/td&gt;
&lt;/tr&gt;&lt;tr bgcolor=""&gt;
&lt;th&gt;CD_RGINT&lt;/th&gt;
&lt;td&gt;2905&lt;/td&gt;
&lt;/tr&gt;&lt;tr bgcolor="#E3E3F3"&gt;
&lt;th&gt;NM_RGINT&lt;/th&gt;
&lt;td&gt;Guanambi&lt;/td&gt;
&lt;/tr&gt;&lt;tr bgcolor=""&gt;
&lt;th&gt;CD_RGI&lt;/th&gt;
&lt;td&gt;290016&lt;/td&gt;
&lt;/tr&gt;&lt;tr bgcolor="#E3E3F3"&gt;
&lt;th&gt;NM_RGI&lt;/th&gt;
&lt;td&gt;Guanambi&lt;/td&gt;
&lt;/tr&gt;&lt;tr bgcolor=""&gt;
&lt;th&gt;CT_LOCALIDADE&lt;/th&gt;
&lt;td&gt;Outras Localidades&lt;/td&gt;
&lt;/tr&gt;&lt;tr bgcolor="#E3E3F3"&gt;
&lt;th&gt;SCT_LOCALIDADE&lt;/th&gt;
&lt;td&gt;&lt;/td&gt;
&lt;/tr&gt;&lt;tr bgcolor=""&gt;
&lt;th&gt;CD_LOCALIDADE&lt;/th&gt;
&lt;td&gt;291165900007&lt;/td&gt;
&lt;/tr&gt;&lt;tr bgcolor="#E3E3F3"&gt;
&lt;th&gt;NM_LOCALIDADE&lt;/th&gt;
&lt;td&gt;Descoberto&lt;/td&gt;
&lt;/tr&gt;&lt;/table&gt;&lt;/center&gt;</description>
<Style>
<IconStyle>
<color>ff0069d3</color>
<scale>0.6</scale>
<Icon>
<href>http://maps.google.com/mapfiles/kml/shapes/placemark_circle.png</href>
</Icon>
</IconStyle>
<LabelStyle>
<scale>0.6</scale>
</LabelStyle>
<LineStyle>
<width>1.0</width>
<gx:labelVisibility>1</gx:labelVisibility>
</LineStyle>
</Style>
<ExtendedData>
<SchemaData schemaUrl="#kml_schema_ft_Localidades">
<SimpleData name="CD_UF">29</SimpleData>
<SimpleData name="NM_UF">Bahia</SimpleData>
<SimpleData name="SIGLA_UF">BA</SimpleData>
<SimpleData name="CD_MUN">2911659</SimpleData>
<SimpleData name="NM_MUN">Guajeru</SimpleData>
<SimpleData name="CD_RGINT">2905</SimpleData>
<SimpleData name="NM_RGINT">Guanambi</SimpleData>
<SimpleData name="CD_RGI">290016</SimpleData>
<SimpleData name="NM_RGI">Guanambi</SimpleData>
<SimpleData name="CT_LOCALIDADE">Outras Localidades</SimpleData>
<SimpleData name="CD_LOCALIDADE">291165900007</SimpleData>
<SimpleData name="NM_LOCALIDADE">Descoberto</SimpleData>
</SchemaData>
</ExtendedData>
<Point>
<extrude>0</extrude>
<coordinates>-42.081229,-14.5913229995385,0.0</coordinates>
</Point>
</Placemark>
<Placemark id="12. Outras Localidades">
<name>Fazenda Cancela [291165900008]</name>
<visibility>1</visibility>
<snippet> </snippet>
<description>&lt;center&gt;&lt;table&gt;&lt;tr&gt;&lt;th colspan='2' align='center'&gt;&lt;em&gt;Attributes&lt;/em&gt;&lt;/th&gt;&lt;/tr&gt;&lt;tr bgcolor="#E3E3F3"&gt;
&lt;th&gt;CD_UF&lt;/th&gt;
&lt;td&gt;29&lt;/td&gt;
&lt;/tr&gt;&lt;tr bgcolor=""&gt;
&lt;th&gt;NM_UF&lt;/th&gt;
&lt;td&gt;Bahia&lt;/td&gt;
&lt;/tr&gt;&lt;tr bgcolor="#E3E3F3"&gt;
&lt;th&gt;SIGLA_UF&lt;/th&gt;
&lt;td&gt;BA&lt;/td&gt;
&lt;/tr&gt;&lt;tr bgcolor=""&gt;
&lt;th&gt;CD_MUN&lt;/th&gt;
&lt;td&gt;2911659&lt;/td&gt;
&lt;/tr&gt;&lt;tr bgcolor="#E3E3F3"&gt;
&lt;th&gt;NM_MUN&lt;/th&gt;
&lt;td&gt;Guajeru&lt;/td&gt;
&lt;/tr&gt;&lt;tr bgcolor=""&gt;
&lt;th&gt;CD_RGINT&lt;/th&gt;
&lt;td&gt;2905&lt;/td&gt;
&lt;/tr&gt;&lt;tr bgcolor="#E3E3F3"&gt;
&lt;th&gt;NM_RGINT&lt;/th&gt;
&lt;td&gt;Guanambi&lt;/td&gt;
&lt;/tr&gt;&lt;tr bgcolor=""&gt;
&lt;th&gt;CD_RGI&lt;/th&gt;
&lt;td&gt;290016&lt;/td&gt;
&lt;/tr&gt;&lt;tr bgcolor="#E3E3F3"&gt;
&lt;th&gt;NM_RGI&lt;/th&gt;
&lt;td&gt;Guanambi&lt;/td&gt;
&lt;/tr&gt;&lt;tr bgcolor=""&gt;
&lt;th&gt;CT_LOCALIDADE&lt;/th&gt;
&lt;td&gt;Outras Localidades&lt;/td&gt;
&lt;/tr&gt;&lt;tr bgcolor="#E3E3F3"&gt;
&lt;th&gt;SCT_LOCALIDADE&lt;/th&gt;
&lt;td&gt;&lt;/td&gt;
&lt;/tr&gt;&lt;tr bgcolor=""&gt;
&lt;th&gt;CD_LOCALIDADE&lt;/th&gt;
&lt;td&gt;291165900008&lt;/td&gt;
&lt;/tr&gt;&lt;tr bgcolor="#E3E3F3"&gt;
&lt;th&gt;NM_LOCALIDADE&lt;/th&gt;
&lt;td&gt;Fazenda Cancela&lt;/td&gt;
&lt;/tr&gt;&lt;/table&gt;&lt;/center&gt;</description>
<Style>
<IconStyle>
<color>ff0069d3</color>
<scale>0.6</scale>
<Icon>
<href>http://maps.google.com/mapfiles/kml/shapes/placemark_circle.png</href>
</Icon>
</IconStyle>
<LabelStyle>
<scale>0.6</scale>
</LabelStyle>
<LineStyle>
<width>1.0</width>
<gx:labelVisibility>1</gx:labelVisibility>
</LineStyle>
</Style>
<ExtendedData>
<SchemaData schemaUrl="#kml_schema_ft_Localidades">
<SimpleData name="CD_UF">29</SimpleData>
<SimpleData name="NM_UF">Bahia</SimpleData>
<SimpleData name="SIGLA_UF">BA</SimpleData>
<SimpleData name="CD_MUN">2911659</SimpleData>
<SimpleData name="NM_MUN">Guajeru</SimpleData>
<SimpleData name="CD_RGINT">2905</SimpleData>
<SimpleData name="NM_RGINT">Guanambi</SimpleData>
<SimpleData name="CD_RGI">290016</SimpleData>
<SimpleData name="NM_RGI">Guanambi</SimpleData>
<SimpleData name="CT_LOCALIDADE">Outras Localidades</SimpleData>
<SimpleData name="CD_LOCALIDADE">291165900008</SimpleData>
<SimpleData name="NM_LOCALIDADE">Fazenda Cancela</SimpleData>
</SchemaData>
</ExtendedData>
<Point>
<extrude>0</extrude>
<coordinates>-42.047647,-14.6363599995372,0.0</coordinates>
</Point>
</Placemark>
<Placemark id="12. Outras Localidades">
<name>Picadas [291165900009]</name>
<visibility>1</visibility>
<snippet> </snippet>
<description>&lt;center&gt;&lt;table&gt;&lt;tr&gt;&lt;th colspan='2' align='center'&gt;&lt;em&gt;Attributes&lt;/em&gt;&lt;/th&gt;&lt;/tr&gt;&lt;tr bgcolor="#E3E3F3"&gt;
&lt;th&gt;CD_UF&lt;/th&gt;
&lt;td&gt;29&lt;/td&gt;
&lt;/tr&gt;&lt;tr bgcolor=""&gt;
&lt;th&gt;NM_UF&lt;/th&gt;
&lt;td&gt;Bahia&lt;/td&gt;
&lt;/tr&gt;&lt;tr bgcolor="#E3E3F3"&gt;
&lt;th&gt;SIGLA_UF&lt;/th&gt;
&lt;td&gt;BA&lt;/td&gt;
&lt;/tr&gt;&lt;tr bgcolor=""&gt;
&lt;th&gt;CD_MUN&lt;/th&gt;
&lt;td&gt;2911659&lt;/td&gt;
&lt;/tr&gt;&lt;tr bgcolor="#E3E3F3"&gt;
&lt;th&gt;NM_MUN&lt;/th&gt;
&lt;td&gt;Guajeru&lt;/td&gt;
&lt;/tr&gt;&lt;tr bgcolor=""&gt;
&lt;th&gt;CD_RGINT&lt;/th&gt;
&lt;td&gt;2905&lt;/td&gt;
&lt;/tr&gt;&lt;tr bgcolor="#E3E3F3"&gt;
&lt;th&gt;NM_RGINT&lt;/th&gt;
&lt;td&gt;Guanambi&lt;/td&gt;
&lt;/tr&gt;&lt;tr bgcolor=""&gt;
&lt;th&gt;CD_RGI&lt;/th&gt;
&lt;td&gt;290016&lt;/td&gt;
&lt;/tr&gt;&lt;tr bgcolor="#E3E3F3"&gt;
&lt;th&gt;NM_RGI&lt;/th&gt;
&lt;td&gt;Guanambi&lt;/td&gt;
&lt;/tr&gt;&lt;tr bgcolor=""&gt;
&lt;th&gt;CT_LOCALIDADE&lt;/th&gt;
&lt;td&gt;Outras Localidades&lt;/td&gt;
&lt;/tr&gt;&lt;tr bgcolor="#E3E3F3"&gt;
&lt;th&gt;SCT_LOCALIDADE&lt;/th&gt;
&lt;td&gt;&lt;/td&gt;
&lt;/tr&gt;&lt;tr bgcolor=""&gt;
&lt;th&gt;CD_LOCALIDADE&lt;/th&gt;
&lt;td&gt;291165900009&lt;/td&gt;
&lt;/tr&gt;&lt;tr bgcolor="#E3E3F3"&gt;
&lt;th&gt;NM_LOCALIDADE&lt;/th&gt;
&lt;td&gt;Picadas&lt;/td&gt;
&lt;/tr&gt;&lt;/table&gt;&lt;/center&gt;</description>
<Style>
<IconStyle>
<color>ff0069d3</color>
<scale>0.6</scale>
<Icon>
<href>http://maps.google.com/mapfiles/kml/shapes/placemark_circle.png</href>
</Icon>
</IconStyle>
<LabelStyle>
<scale>0.6</scale>
</LabelStyle>
<LineStyle>
<width>1.0</width>
<gx:labelVisibility>1</gx:labelVisibility>
</LineStyle>
</Style>
<ExtendedData>
<SchemaData schemaUrl="#kml_schema_ft_Localidades">
<SimpleData name="CD_UF">29</SimpleData>
<SimpleData name="NM_UF">Bahia</SimpleData>
<SimpleData name="SIGLA_UF">BA</SimpleData>
<SimpleData name="CD_MUN">2911659</SimpleData>
<SimpleData name="NM_MUN">Guajeru</SimpleData>
<SimpleData name="CD_RGINT">2905</SimpleData>
<SimpleData name="NM_RGINT">Guanambi</SimpleData>
<SimpleData name="CD_RGI">290016</SimpleData>
<SimpleData name="NM_RGI">Guanambi</SimpleData>
<SimpleData name="CT_LOCALIDADE">Outras Localidades</SimpleData>
<SimpleData name="CD_LOCALIDADE">291165900009</SimpleData>
<SimpleData name="NM_LOCALIDADE">Picadas</SimpleData>
</SchemaData>
</ExtendedData>
<Point>
<extrude>0</extrude>
<coordinates>-42.015065,-14.6344509995372,0.0</coordinates>
</Point>
</Placemark>
<Placemark id="12. Outras Localidades">
<name>Serra Linda [291165900010]</name>
<visibility>1</visibility>
<snippet> </snippet>
<description>&lt;center&gt;&lt;table&gt;&lt;tr&gt;&lt;th colspan='2' align='center'&gt;&lt;em&gt;Attributes&lt;/em&gt;&lt;/th&gt;&lt;/tr&gt;&lt;tr bgcolor="#E3E3F3"&gt;
&lt;th&gt;CD_UF&lt;/th&gt;
&lt;td&gt;29&lt;/td&gt;
&lt;/tr&gt;&lt;tr bgcolor=""&gt;
&lt;th&gt;NM_UF&lt;/th&gt;
&lt;td&gt;Bahia&lt;/td&gt;
&lt;/tr&gt;&lt;tr bgcolor="#E3E3F3"&gt;
&lt;th&gt;SIGLA_UF&lt;/th&gt;
&lt;td&gt;BA&lt;/td&gt;
&lt;/tr&gt;&lt;tr bgcolor=""&gt;
&lt;th&gt;CD_MUN&lt;/th&gt;
&lt;td&gt;2911659&lt;/td&gt;
&lt;/tr&gt;&lt;tr bgcolor="#E3E3F3"&gt;
&lt;th&gt;NM_MUN&lt;/th&gt;
&lt;td&gt;Guajeru&lt;/td&gt;
&lt;/tr&gt;&lt;tr bgcolor=""&gt;
&lt;th&gt;CD_RGINT&lt;/th&gt;
&lt;td&gt;2905&lt;/td&gt;
&lt;/tr&gt;&lt;tr bgcolor="#E3E3F3"&gt;
&lt;th&gt;NM_RGINT&lt;/th&gt;
&lt;td&gt;Guanambi&lt;/td&gt;
&lt;/tr&gt;&lt;tr bgcolor=""&gt;
&lt;th&gt;CD_RGI&lt;/th&gt;
&lt;td&gt;290016&lt;/td&gt;
&lt;/tr&gt;&lt;tr bgcolor="#E3E3F3"&gt;
&lt;th&gt;NM_RGI&lt;/th&gt;
&lt;td&gt;Guanambi&lt;/td&gt;
&lt;/tr&gt;&lt;tr bgcolor=""&gt;
&lt;th&gt;CT_LOCALIDADE&lt;/th&gt;
&lt;td&gt;Outras Localidades&lt;/td&gt;
&lt;/tr&gt;&lt;tr bgcolor="#E3E3F3"&gt;
&lt;th&gt;SCT_LOCALIDADE&lt;/th&gt;
&lt;td&gt;&lt;/td&gt;
&lt;/tr&gt;&lt;tr bgcolor=""&gt;
&lt;th&gt;CD_LOCALIDADE&lt;/th&gt;
&lt;td&gt;291165900010&lt;/td&gt;
&lt;/tr&gt;&lt;tr bgcolor="#E3E3F3"&gt;
&lt;th&gt;NM_LOCALIDADE&lt;/th&gt;
&lt;td&gt;Serra Linda&lt;/td&gt;
&lt;/tr&gt;&lt;/table&gt;&lt;/center&gt;</description>
<Style>
<IconStyle>
<color>ff0069d3</color>
<scale>0.6</scale>
<Icon>
<href>http://maps.google.com/mapfiles/kml/shapes/placemark_circle.png</href>
</Icon>
</IconStyle>
<LabelStyle>
<scale>0.6</scale>
</LabelStyle>
<LineStyle>
<width>1.0</width>
<gx:labelVisibility>1</gx:labelVisibility>
</LineStyle>
</Style>
<ExtendedData>
<SchemaData schemaUrl="#kml_schema_ft_Localidades">
<SimpleData name="CD_UF">29</SimpleData>
<SimpleData name="NM_UF">Bahia</SimpleData>
<SimpleData name="SIGLA_UF">BA</SimpleData>
<SimpleData name="CD_MUN">2911659</SimpleData>
<SimpleData name="NM_MUN">Guajeru</SimpleData>
<SimpleData name="CD_RGINT">2905</SimpleData>
<SimpleData name="NM_RGINT">Guanambi</SimpleData>
<SimpleData name="CD_RGI">290016</SimpleData>
<SimpleData name="NM_RGI">Guanambi</SimpleData>
<SimpleData name="CT_LOCALIDADE">Outras Localidades</SimpleData>
<SimpleData name="CD_LOCALIDADE">291165900010</SimpleData>
<SimpleData name="NM_LOCALIDADE">Serra Linda</SimpleData>
</SchemaData>
</ExtendedData>
<Point>
<extrude>0</extrude>
<coordinates>-41.885084,-14.5122159995407,0.0</coordinates>
</Point>
</Placemark>
</Folder>
<Folder id="13. Referência">
<name>13. Referência</name>
<Placemark id="13. Referência">
<name>Guajeru [2911659]</name>
<visibility>1</visibility>
<snippet> </snippet>
<description>&lt;center&gt;&lt;table&gt;&lt;tr&gt;&lt;th colspan='2' align='center'&gt;&lt;em&gt;Attributes&lt;/em&gt;&lt;/th&gt;&lt;/tr&gt;&lt;tr bgcolor="#E3E3F3"&gt;
&lt;th&gt;CD_UF&lt;/th&gt;
&lt;td&gt;29&lt;/td&gt;
&lt;/tr&gt;&lt;tr bgcolor=""&gt;
&lt;th&gt;NM_UF&lt;/th&gt;
&lt;td&gt;Bahia&lt;/td&gt;
&lt;/tr&gt;&lt;tr bgcolor="#E3E3F3"&gt;
&lt;th&gt;CD_MUN&lt;/th&gt;
&lt;td&gt;2911659&lt;/td&gt;
&lt;/tr&gt;&lt;tr bgcolor=""&gt;
&lt;th&gt;NM_MUN&lt;/th&gt;
&lt;td&gt;Guajeru&lt;/td&gt;
&lt;/tr&gt;&lt;tr bgcolor="#E3E3F3"&gt;
&lt;th&gt;CD_RGINT&lt;/th&gt;
&lt;td&gt;2905&lt;/td&gt;
&lt;/tr&gt;&lt;tr bgcolor=""&gt;
&lt;th&gt;NM_RGINT&lt;/th&gt;
&lt;td&gt;Guanambi&lt;/td&gt;
&lt;/tr&gt;&lt;tr bgcolor="#E3E3F3"&gt;
&lt;th&gt;CD_RGI&lt;/th&gt;
&lt;td&gt;290016&lt;/td&gt;
&lt;/tr&gt;&lt;tr bgcolor=""&gt;
&lt;th&gt;NM_RGI&lt;/th&gt;
&lt;td&gt;Guanambi&lt;/td&gt;
&lt;/tr&gt;&lt;/table&gt;&lt;/center&gt;</description>
<Style>
<IconStyle>
<scale>0.7</scale>
</IconStyle>
<LabelStyle>
<scale>0.7</scale>
</LabelStyle>
<LineStyle>
<color>ffffffff</color>
<width>3</width>
<gx:labelVisibility>1</gx:labelVisibility>
</LineStyle>
<PolyStyle>
<color>00ffffff</color>
</PolyStyle>
</Style>
<ExtendedData>
<SchemaData schemaUrl="#kml_schema_ft_Município">
<SimpleData name="CD_UF">29</SimpleData>
<SimpleData name="NM_UF">Bahia</SimpleData>
<SimpleData name="CD_MUN">2911659</SimpleData>
<SimpleData name="NM_MUN">Guajeru</SimpleData>
<SimpleData name="CD_RGINT">2905</SimpleData>
<SimpleData name="NM_RGINT">Guanambi</SimpleData>
<SimpleData name="CD_RGI">290016</SimpleData>
<SimpleData name="NM_RGI">Guanambi</SimpleData>
</SchemaData>
</ExtendedData>
<MultiGeometry>
<Polygon>
<extrude>0</extrude>
<tessellate>1</tessellate>
<outerBoundaryIs>
<LinearRing>
<coordinates>-41.966011,-14.6998224995353,0.0 -41.9660339,-14.6997348995353,0.0 -41.966056,-14.6996516995354,0.0 -41.9660794,-14.6995701995354,0.0 -41.9661071,-14.6994911995354,0.0 -41.9661401,-14.6994217995354,0.0 -41.966178,-14.6993632995354,0.0 -41.9662163,-14.6993124995354,0.0 -41.9662497,-14.6992719995354,0.0 -41.9662757,-14.6992424995354,0.0 -41.9662957,-14.6992208995354,0.0 -41.9663193,-14.6992008995354,0.0 -41.9663541,-14.6991761995354,0.0 -41.9664039,-14.6991414995354,0.0 -41.9664642,-14.6991028995354,0.0 -41.9665275,-14.6990683995354,0.0 -41.966593,-14.6990381995354,0.0 -41.9666618,-14.6990086995354,0.0 -41.9667312,-14.6989781995354,0.0 -41.9668005,-14.6989448995354,0.0 -41.9668711,-14.6989092995354,0.0 -41.966942,-14.6988742995354,0.0 -41.9670104,-14.6988344995354,0.0 -41.9670761,-14.6987884995354,0.0 -41.9671409,-14.6987400995354,0.0 -41.9672028,-14.6986897995354,0.0 -41.9672613,-14.6986376995354,0.0 -41.9673183,-14.6985853995354,0.0 -41.9673754,-14.6985338995354,0.0 -41.9674347,-14.6984856995354,0.0 -41.9674979,-14.6984395995354,0.0 -41.9675644,-14.6983930995354,0.0 -41.9676334,-14.6983455995354,0.0 -41.967704,-14.6982962995354,0.0 -41.9677756,-14.6982458995354,0.0 -41.9678466,-14.6981935995354,0.0 -41.967916,-14.6981388995354,0.0 -41.9679868,-14.6980836995354,0.0 -41.9680583,-14.6980261995354,0.0 -41.9681284,-14.6979688995354,0.0 -41.9681959,-14.6979113995354,0.0 -41.9682604,-14.6978561995354,0.0 -41.9683226,-14.6978030995354,0.0 -41.968384,-14.6977513995354,0.0 -41.9684154,-14.6977257995354,0.0 -41.9684467,-14.6977000995354,0.0 -41.9685096,-14.6976466995354,0.0 -41.9685731,-14.6975902995354,0.0 -41.9686378,-14.6975330995354,0.0 -41.9687039,-14.6974739995354,0.0 -41.9687707,-14.6974113995354,0.0 -41.9688408,-14.6973479995354,0.0 -41.9689157,-14.6972832995354,0.0 -41.9689935,-14.6972156995354,0.0 -41.9690729,-14.6971470995354,0.0 -41.9691542,-14.6970774995354,0.0 -41.9692392,-14.6970062995354,0.0 -41.9693288,-14.6969328995354,0.0 -41.9694215,-14.6968612995354,0.0 -41.9695149,-14.6967923995354,0.0 -41.9696078,-14.6967221995354,0.0 -41.9697003,-14.6966505995354,0.0 -41.9697932,-14.6965784995354,0.0 -41.9698859,-14.6965076995354,0.0 -41.9699782,-14.6964411995354,0.0 -41.9700692,-14.6963801995354,0.0 -41.9701568,-14.6963226995354,0.0 -41.9702414,-14.6962682995354,0.0 -41.970321,-14.6962179995355,0.0 -41.9703961,-14.6961703995354,0.0 -41.9704697,-14.6961234995355,0.0 -41.9705476,-14.6960792995355,0.0 -41.9706307,-14.6960384995355,0.0 -41.970715,-14.6960029995355,0.0 -41.9708009,-14.6959709995355,0.0 -41.970889,-14.6959406995355,0.0 -41.9709797,-14.6959113995355,0.0 -41.9710714,-14.6958823995355,0.0 -41.9711661,-14.6958535995355,0.0 -41.9712633,-14.6958274995355,0.0 -41.9713661,-14.6958018995355,0.0 -41.9714723,-14.6957753995355,0.0 -41.9715797,-14.6957479995355,0.0 -41.9716879,-14.6957209995355,0.0 -41.9717961,-14.6956926995355,0.0 -41.9719038,-14.6956633995355,0.0 -41.9720124,-14.6956326995355,0.0 -41.9721206,-14.6955986995355,0.0 -41.9722299,-14.6955600995355,0.0 -41.9723369,-14.6955147995355,0.0 -41.9724402,-14.6954623995355,0.0 -41.9725392,-14.6954052995355,0.0 -41.972634,-14.6953437995355,0.0 -41.9727237,-14.6952743995355,0.0 -41.9728094,-14.6951990995355,0.0 -41.9728933,-14.6951213995355,0.0 -41.9729755,-14.6950431995355,0.0 -41.9730547,-14.6949651995355,0.0 -41.9731303,-14.6948899995355,0.0 -41.9732059,-14.6948207995355,0.0 -41.9732847,-14.6947572995355,0.0 -41.9733664,-14.6946968995355,0.0 -41.9734508,-14.6946381995355,0.0 -41.9735367,-14.6945791995355,0.0 -41.9736245,-14.6945230995355,0.0 -41.9737165,-14.6944721995355,0.0 -41.9738143,-14.6944273995355,0.0 -41.9739166,-14.6943861995355,0.0 -41.9740206,-14.6943464995355,0.0 -41.9741253,-14.6943070995355,0.0 -41.9742295,-14.6942672995355,0.0 -41.9743317,-14.6942278995355,0.0 -41.9744316,-14.6941899995355,0.0 -41.97453,-14.6941512995355,0.0 -41.9746279,-14.6941119995355,0.0 -41.9747247,-14.6940742995355,0.0 -41.9748218,-14.6940436995355,0.0 -41.9749205,-14.6940238995355,0.0 -41.9750203,-14.6940174995355,0.0 -41.9751191,-14.6940206995355,0.0 -41.9752181,-14.6940255995355,0.0 -41.9753176,-14.6940285995355,0.0 -41.9754148,-14.6940333995355,0.0 -41.9755099,-14.6940389995355,0.0 -41.975606,-14.6940443995355,0.0 -41.9757008,-14.6940494995355,0.0 -41.9757926,-14.6940512995355,0.0 -41.9758809,-14.6940512995355,0.0 -41.9759675,-14.6940504995355,0.0 -41.9760527,-14.6940479995355,0.0 -41.9761337,-14.6940417995355,0.0 -41.9762101,-14.6940329995355,0.0 -41.976282,-14.6940211995355,0.0 -41.9763511,-14.6940076995355,0.0 -41.9764193,-14.6939909995355,0.0 -41.9764855,-14.6939704995355,0.0 -41.9765483,-14.6939424995355,0.0 -41.9766078,-14.6939074995355,0.0 -41.9766651,-14.6938660995355,0.0 -41.9767173,-14.6938226995355,0.0 -41.9767671,-14.6937794995355,0.0 -41.9768144,-14.6937371995355,0.0 -41.976859,-14.6936952995355,0.0 -41.9769002,-14.6936523995355,0.0 -41.9769369,-14.6936110995355,0.0 -41.9769687,-14.6935736995355,0.0 -41.9769997,-14.6935370995355,0.0 -41.9770325,-14.6935030995355,0.0 -41.9770618,-14.6934790995355,0.0 -41.9770809,-14.6934646995355,0.0 -41.9770942,-14.6934515995355,0.0 -41.9771098,-14.6934380995355,0.0 -41.977132,-14.6934198995355,0.0 -41.9771615,-14.6933882995355,0.0 -41.977194,-14.6933453995355,0.0 -41.9772253,-14.6932978995355,0.0 -41.9772524,-14.6932493995355,0.0 -41.9772781,-14.6932045995355,0.0 -41.9773031,-14.6931671995355,0.0 -41.9773272,-14.6931396995355,0.0 -41.9773516,-14.6931192995355,0.0 -41.9773764,-14.6931037995355,0.0 -41.9774044,-14.6930917995355,0.0 -41.9774409,-14.6930822995355,0.0 -41.9774907,-14.6930712995355,0.0 -41.977551,-14.6930600995355,0.0 -41.9776167,-14.6930516995355,0.0 -41.9776883,-14.6930447995355,0.0 -41.9777691,-14.6930368995355,0.0 -41.9778561,-14.6930258995355,0.0 -41.9779464,-14.6930082995355,0.0 -41.9780363,-14.6929802995355,0.0 -41.9781249,-14.6929447995355,0.0 -41.9782121,-14.6929047995355,0.0 -41.9782968,-14.6928613995355,0.0 -41.9783782,-14.6928148995356,0.0 -41.9784567,-14.6927664995355,0.0 -41.9785341,-14.6927195995355,0.0 -41.9786099,-14.6926783995356,0.0 -41.9786866,-14.6926422995356,0.0 -41.9787637,-14.6926114995356,0.0 -41.9788356,-14.6925851995356,0.0 -41.978899,-14.6925549995356,0.0 -41.9789515,-14.6925213995356,0.0 -41.978999,-14.6924870995356,0.0 -41.9790457,-14.6924521995356,0.0 -41.9790907,-14.6924199995356,0.0 -41.9791412,-14.6923871995356,0.0 -41.9792095,-14.6923511995356,0.0 -41.979292,-14.6923199995356,0.0 -41.9793769,-14.6922997995356,0.0 -41.9794594,-14.6922905995356,0.0 -41.97954,-14.6922857995356,0.0 -41.9796203,-14.6922803995356,0.0 -41.9797017,-14.6922715995356,0.0 -41.9797852,-14.6922607995356,0.0 -41.9798704,-14.6922482995356,0.0 -41.9799527,-14.6922316995356,0.0 -41.9800317,-14.6922116995356,0.0 -41.980108,-14.6921897995356,0.0 -41.9801799,-14.6921663995356,0.0 -41.9802484,-14.6921406995356,0.0 -41.9803152,-14.6921121995356,0.0 -41.9803789,-14.6920788995356,0.0 -41.980438,-14.6920392995356,0.0 -41.9804895,-14.6919933995356,0.0 -41.9805382,-14.6919449995356,0.0 -41.9805917,-14.6919023995356,0.0 -41.9806503,-14.6918670995356,0.0 -41.9807107,-14.6918387995356,0.0 -41.9807723,-14.6918162995356,0.0 -41.980834,-14.6917990995356,0.0 -41.980897,-14.6917847995356,0.0 -41.9809654,-14.6917714995356,0.0 -41.9810405,-14.6917619995356,0.0 -41.981121,-14.6917550995356,0.0 -41.981208,-14.6917501995356,0.0 -41.9813009,-14.6917450995356,0.0 -41.9813975,-14.6917383995356,0.0 -41.9814983,-14.6917282995356,0.0 -41.981602,-14.6917174995356,0.0 -41.9817066,-14.6917093995356,0.0 -41.9818107,-14.6917048995356,0.0 -41.9819121,-14.6917023995356,0.0 -41.9820105,-14.6917000995356,0.0 -41.9821063,-14.6916963995356,0.0 -41.9822009,-14.6916908995356,0.0 -41.982294,-14.6916829995356,0.0 -41.9823864,-14.6916713995356,0.0 -41.9824782,-14.6916569995356,0.0 -41.9825673,-14.6916399995356,0.0 -41.9826536,-14.6916214995356,0.0 -41.9827353,-14.6916021995356,0.0 -41.9828134,-14.6915865995356,0.0 -41.9828844,-14.6915769995356,0.0 -41.9829465,-14.6915725995356,0.0 -41.9830029,-14.6915717995356,0.0 -41.9830558,-14.6915766995356,0.0 -41.9831063,-14.6915825995356,0.0 -41.9831554,-14.6915871995356,0.0 -41.9832048,-14.6915915995356,0.0 -41.9832532,-14.6915953995356,0.0 -41.9832988,-14.6915984995356,0.0 -41.9833399,-14.6916012995356,0.0 -41.9833773,-14.6916038995356,0.0 -41.9834137,-14.6916068995356,0.0 -41.9834471,-14.6916105995356,0.0 -41.9834743,-14.6916130995356,0.0 -41.9834925,-14.6916135995356,0.0 -41.9835016,-14.6916117995356,0.0 -41.9835072,-14.6916121995356,0.0 -41.9835264,-14.6916152995356,0.0 -41.9835608,-14.6916210995356,0.0 -41.9836107,-14.6916284995356,0.0 -41.9836741,-14.6916369995356,0.0 -41.9837478,-14.6916459995356,0.0 -41.9838275,-14.6916545995356,0.0 -41.983908,-14.6916606995356,0.0 -41.9839866,-14.6916641995356,0.0 -41.9840634,-14.6916633995356,0.0 -41.9841412,-14.6916594995356,0.0 -41.9842248,-14.6916553995356,0.0 -41.9843165,-14.6916526995356,0.0 -41.9844133,-14.6916548995356,0.0 -41.9845078,-14.6916623995356,0.0 -41.9845944,-14.6916729995356,0.0 -41.9846733,-14.6916857995356,0.0 -41.9847482,-14.6916964995356,0.0 -41.9848227,-14.6917011995356,0.0 -41.9848976,-14.6916977995356,0.0 -41.98497,-14.6916867995356,0.0 -41.9850373,-14.6916738995356,0.0 -41.9851046,-14.6916616995356,0.0 -41.9851722,-14.6916469995356,0.0 -41.9852397,-14.6916307995356,0.0 -41.9853065,-14.6916156995356,0.0 -41.9853724,-14.6916007995356,0.0 -41.9854381,-14.6915863995356,0.0 -41.9855015,-14.6915729995356,0.0 -41.9855661,-14.6915641995356,0.0 -41.9856331,-14.6915569995356,0.0 -41.9856996,-14.6915485995356,0.0 -41.9857644,-14.6915405995356,0.0 -41.9858292,-14.6915324995356,0.0 -41.9858959,-14.6915246995356,0.0 -41.9859642,-14.6915185995356,0.0 -41.9860339,-14.6915129995356,0.0 -41.9861041,-14.6915094995356,0.0 -41.986175,-14.6915069995356,0.0 -41.9862448,-14.6915031995356,0.0 -41.9863122,-14.6914981995356,0.0 -41.986378,-14.6914922995356,0.0 -41.9864437,-14.6914839995356,0.0 -41.9865094,-14.6914706995356,0.0 -41.986573,-14.6914517995356,0.0 -41.9866352,-14.6914302995356,0.0 -41.986695,-14.6914071995356,0.0 -41.9867511,-14.6913859995356,0.0 -41.9868025,-14.6913687995356,0.0 -41.9868492,-14.6913516995356,0.0 -41.9868909,-14.6913372995356,0.0 -41.9869316,-14.6913236995356,0.0 -41.986978,-14.6913105995356,0.0 -41.9870225,-14.6912989995356,0.0 -41.9870607,-14.6912885995356,0.0 -41.9870963,-14.6912812995356,0.0 -41.9871294,-14.6912757995356,0.0 -41.9871626,-14.6912682995356,0.0 -41.9871951,-14.6912589995356,0.0 -41.9872231,-14.6912508995356,0.0 -41.9872472,-14.6912412995356,0.0 -41.9872686,-14.6912325995356,0.0 -41.9872893,-14.6912228995356,0.0 -41.9873099,-14.6912097995356,0.0 -41.9873266,-14.6911972995356,0.0 -41.9873368,-14.6911880995356,0.0 -41.9873409,-14.6911806995356,0.0 -41.9873441,-14.6911792995356,0.0 -41.9873519,-14.6911695995356,0.0 -41.9873603,-14.6911566995356,0.0 -41.9873687,-14.6911434995356,0.0 -41.9873798,-14.6911247995356,0.0 -41.987395,-14.6911025995356,0.0 -41.9874154,-14.6910754995356,0.0 -41.9874368,-14.6910440995356,0.0 -41.9874554,-14.6910117995356,0.0 -41.9874724,-14.6909750995356,0.0 -41.9874911,-14.6909276995356,0.0 -41.9875143,-14.6908697995356,0.0 -41.9875445,-14.6908066995356,0.0 -41.987576,-14.6907386995356,0.0 -41.9876069,-14.6906686995356,0.0 -41.9876387,-14.6906007995356,0.0 -41.9876742,-14.6905338995356,0.0 -41.987712,-14.6904658995356,0.0 -41.9877508,-14.6903968995356,0.0 -41.9877909,-14.6903273995356,0.0 -41.9878312,-14.6902562995356,0.0 -41.9878743,-14.6901847995356,0.0 -41.9879225,-14.6901150995356,0.0 -41.9879753,-14.6900488995356,0.0 -41.9880301,-14.6899850995356,0.0 -41.9880802,-14.6899199995356,0.0 -41.9881228,-14.6898530995356,0.0 -41.9881632,-14.6897851995356,0.0 -41.9882077,-14.6897176995356,0.0 -41.9882551,-14.6896491995356,0.0 -41.9883051,-14.6895774995356,0.0 -41.9883562,-14.6895017995356,0.0 -41.9884034,-14.6894243995356,0.0 -41.9884482,-14.6893463995356,0.0 -41.9884942,-14.6892662995357,0.0 -41.988542,-14.6891858995356,0.0 -41.9885892,-14.6891040995357,0.0 -41.9886322,-14.6890190995357,0.0 -41.9886709,-14.6889315995357,0.0 -41.9887087,-14.6888437995357,0.0 -41.9887535,-14.6887595995357,0.0 -41.9888058,-14.6886827995357,0.0 -41.9888678,-14.6886153995357,0.0 -41.9889379,-14.6885605995357,0.0 -41.9890125,-14.6885172995357,0.0 -41.9890862,-14.6884840995357,0.0 -41.9891564,-14.6884592995357,0.0 -41.9892296,-14.6884379995357,0.0 -41.9893044,-14.6884184995357,0.0 -41.9893772,-14.6883973995357,0.0 -41.9894521,-14.6883762995357,0.0 -41.989528,-14.6883535995357,0.0 -41.9895992,-14.6883160995357,0.0 -41.9896557,-14.6882581995357,0.0 -41.9896906,-14.6881831995357,0.0 -41.9897064,-14.6880972995357,0.0 -41.98971,-14.6880092995357,0.0 -41.989704,-14.6879227995357,0.0 -41.9896888,-14.6878387995357,0.0 -41.9896683,-14.6877570995357,0.0 -41.9896422,-14.6876779995357,0.0 -41.9896081,-14.6876026995357,0.0 -41.9895736,-14.6875291995357,0.0 -41.9895442,-14.6874545995357,0.0 -41.9895167,-14.6873790995357,0.0 -41.989493,-14.6873044995357,0.0 -41.9894701,-14.6872301995357,0.0 -41.9894393,-14.6871559995357,0.0 -41.9894028,-14.6870830995357,0.0 -41.9893654,-14.6870103995357,0.0 -41.9893329,-14.6869366995357,0.0 -41.9893081,-14.6868596995357,0.0 -41.9892963,-14.6867809995357,0.0 -41.9892985,-14.6867037995357,0.0 -41.9893112,-14.6866329995357,0.0 -41.9893314,-14.6865686995357,0.0 -41.9893593,-14.6865120995357,0.0 -41.9894014,-14.6864677995357,0.0 -41.9894593,-14.6864398995357,0.0 -41.9895265,-14.6864275995357,0.0 -41.9895975,-14.6864192995357,0.0 -41.9896698,-14.6864051995357,0.0 -41.9897401,-14.6863829995357,0.0 -41.9898057,-14.6863533995357,0.0 -41.9898676,-14.6863190995357,0.0 -41.9899323,-14.6862845995357,0.0 -41.9900021,-14.6862550995357,0.0 -41.9900757,-14.6862309995357,0.0 -41.9901517,-14.6862086995357,0.0 -41.9902276,-14.6861870995357,0.0 -41.9902998,-14.6861650995357,0.0 -41.9903696,-14.6861428995357,0.0 -41.9904382,-14.6861192995357,0.0 -41.9905065,-14.6860942995357,0.0 -41.9905776,-14.6860669995357,0.0 -41.990652,-14.6860380995357,0.0 -41.9907279,-14.6860085995357,0.0 -41.9908054,-14.6859801995357,0.0 -41.9908843,-14.6859517995357,0.0 -41.990962,-14.6859230995358,0.0 -41.9910347,-14.6858954995358,0.0 -41.9910996,-14.6858631995358,0.0 -41.9911536,-14.6858186995357,0.0 -41.9911969,-14.6857629995358,0.0 -41.9912359,-14.6857035995358,0.0 -41.9912829,-14.6856497995358,0.0 -41.9913398,-14.6856084995358,0.0 -41.991408,-14.6855802995358,0.0 -41.9914857,-14.6855621995358,0.0 -41.9915685,-14.6855492995358,0.0 -41.9916513,-14.6855376995358,0.0 -41.9917323,-14.6855266995358,0.0 -41.9918132,-14.6855174995358,0.0 -41.9918934,-14.6855079995358,0.0 -41.9919709,-14.6854945995358,0.0 -41.9920472,-14.6854775995358,0.0 -41.992124,-14.6854610995358,0.0 -41.9921998,-14.6854470995358,0.0 -41.9922716,-14.6854360995358,0.0 -41.9923366,-14.6854277995358,0.0 -41.9923956,-14.6854209995358,0.0 -41.9924543,-14.6854124995358,0.0 -41.9925085,-14.6854063995358,0.0 -41.9925621,-14.6854016995358,0.0 -41.9926166,-14.6853974995358,0.0 -41.9926698,-14.6853930995358,0.0 -41.992721,-14.6853885995358,0.0 -41.9927711,-14.6853840995358,0.0 -41.9928208,-14.6853804995358,0.0 -41.9928702,-14.6853774995358,0.0 -41.9929182,-14.6853760995358,0.0 -41.9929632,-14.6853740995358,0.0 -41.9930092,-14.6853711995358,0.0 -41.9930584,-14.6853673995358,0.0 -41.9931081,-14.6853644995358,0.0 -41.9931567,-14.6853630995358,0.0 -41.993203,-14.6853623995358,0.0 -41.9932496,-14.6853610995358,0.0 -41.9932981,-14.6853600995358,0.0 -41.9933466,-14.6853600995358,0.0 -41.9933974,-14.6853595995358,0.0 -41.9934524,-14.6853594995358,0.0 -41.993514,-14.6853595995358,0.0 -41.9935853,-14.6853580995358,0.0 -41.9936649,-14.6853542995358,0.0 -41.9937475,-14.6853488995358,0.0 -41.9938302,-14.6853418995358,0.0 -41.9939121,-14.6853341995358,0.0 -41.9939918,-14.6853273995358,0.0 -41.9940696,-14.6853214995358,0.0 -41.994148,-14.6853109995358,0.0 -41.9942265,-14.6852933995358,0.0 -41.9943033,-14.6852714995358,0.0 -41.9943778,-14.6852482995358,0.0 -41.9944502,-14.6852296995358,0.0 -41.9945236,-14.6852167995358,0.0 -41.994597,-14.6852099995358,0.0 -41.9946701,-14.6852077995358,0.0 -41.9947437,-14.6852089995358,0.0 -41.9948178,-14.6852161995358,0.0 -41.9948944,-14.6852291995358,0.0 -41.9949719,-14.6852442995358,0.0 -41.9950475,-14.6852587995358,0.0 -41.9951181,-14.6852707995358,0.0 -41.9951846,-14.6852806995358,0.0 -41.9952489,-14.6852903995358,0.0 -41.9953123,-14.6852997995358,0.0 -41.9953788,-14.6853081995358,0.0 -41.9954496,-14.6853153995358,0.0 -41.9955209,-14.6853180995358,0.0 -41.9955912,-14.6853171995358,0.0 -41.9956599,-14.6853169995358,0.0 -41.9957284,-14.6853188995358,0.0 -41.9957966,-14.6853216995358,0.0 -41.9958643,-14.6853245995358,0.0 -41.9959358,-14.6853281995358,0.0 -41.9960104,-14.6853321995358,0.0 -41.9960824,-14.6853369995358,0.0 -41.9961505,-14.6853417995358,0.0 -41.9962198,-14.6853473995358,0.0 -41.9962924,-14.6853529995358,0.0 -41.9963656,-14.6853573995358,0.0 -41.9964378,-14.6853605995358,0.0 -41.9965081,-14.6853623995358,0.0 -41.9965752,-14.6853630995358,0.0 -41.9966405,-14.6853623995358,0.0 -41.9967031,-14.6853613995358,0.0 -41.9967637,-14.6853616995358,0.0 -41.9968234,-14.6853636995358,0.0 -41.9968812,-14.6853658995358,0.0 -41.9969388,-14.6853683995358,0.0 -41.9969987,-14.6853729995358,0.0 -41.9970597,-14.6853795995358,0.0 -41.9971205,-14.6853852995358,0.0 -41.9971827,-14.6853915995358,0.0 -41.9972463,-14.6853987995358,0.0 -41.9973117,-14.6854066995358,0.0 -41.9973813,-14.6854135995358,0.0 -41.9974568,-14.6854198995358,0.0 -41.997536,-14.6854277995358,0.0 -41.9976147,-14.6854347995358,0.0 -41.9976923,-14.6854360995358,0.0 -41.9977701,-14.6854291995358,0.0 -41.9978491,-14.6854144995358,0.0 -41.9979295,-14.6853961995358,0.0 -41.9980111,-14.6853771995358,0.0 -41.998093,-14.6853584995358,0.0 -41.9981754,-14.6853389995358,0.0 -41.9982595,-14.6853163995358,0.0 -41.9983459,-14.6852906995358,0.0 -41.9984341,-14.6852649995358,0.0 -41.9985232,-14.6852408995358,0.0 -41.9986132,-14.6852164995358,0.0 -41.9987041,-14.6851900995358,0.0 -41.9987956,-14.6851640995358,0.0 -41.9988891,-14.6851398995358,0.0 -41.9989834,-14.6851168995358,0.0 -41.9990792,-14.6850941995358,0.0 -41.999178,-14.6850713995358,0.0 -41.9992769,-14.6850484995358,0.0 -41.9993749,-14.6850260995358,0.0 -41.9994713,-14.6850030995358,0.0 -41.9995644,-14.6849799995358,0.0 -41.9996544,-14.6849583995358,0.0 -41.9997426,-14.6849410995358,0.0 -41.9998293,-14.6849301995358,0.0 -41.9999144,-14.6849261995358,0.0 -42,-14.6849259995358,0.0 -42.0000885,-14.6849291995358,0.0 -42.0001822,-14.6849339995358,0.0 -42.0002791,-14.6849359995358,0.0 -42.0003746,-14.6849317995358,0.0 -42.0004672,-14.6849160995358,0.0 -42.0005558,-14.6848874995358,0.0 -42.0006379,-14.6848440995358,0.0 -42.0007134,-14.6847886995358,0.0 -42.0007855,-14.6847287995358,0.0 -42.000857,-14.6846702995358,0.0 -42.0009279,-14.6846138995358,0.0 -42.0009976,-14.6845594995358,0.0 -42.0010675,-14.6845087995358,0.0 -42.0011379,-14.6844612995358,0.0 -42.0012099,-14.6844177995358,0.0 -42.0012827,-14.6843796995358,0.0 -42.0013562,-14.6843469995358,0.0 -42.0014296,-14.6843187995358,0.0 -42.0015031,-14.6842950995358,0.0 -42.0015771,-14.6842726995358,0.0 -42.0016492,-14.6842469995358,0.0 -42.0017181,-14.6842168995358,0.0 -42.0017853,-14.6841844995358,0.0 -42.0018524,-14.6841516995358,0.0 -42.0019204,-14.6841178995358,0.0 -42.0019883,-14.6840819995358,0.0 -42.0020556,-14.6840460995358,0.0 -42.0021231,-14.6840129995358,0.0 -42.0021908,-14.6839824995358,0.0 -42.0022623,-14.6839512995358,0.0 -42.0023367,-14.6839217995358,0.0 -42.0024111,-14.6838956995358,0.0 -42.0024841,-14.6838702995358,0.0 -42.0025526,-14.6838419995358,0.0 -42.0026177,-14.6838121995358,0.0 -42.0026798,-14.6837840995358,0.0 -42.0027436,-14.6837602995358,0.0 -42.0028113,-14.6837457995358,0.0 -42.0028802,-14.6837406995358,0.0 -42.0029486,-14.6837408995358,0.0 -42.0030198,-14.6837421995358,0.0 -42.0030996,-14.6837412995358,0.0 -42.0031836,-14.6837322995358,0.0 -42.0032667,-14.6837160995358,0.0 -42.0033477,-14.6836962995358,0.0 -42.0034263,-14.6836733995358,0.0 -42.0035041,-14.6836527995358,0.0 -42.0035805,-14.6836318995358,0.0 -42.0036537,-14.6836046995358,0.0 -42.0037251,-14.6835716995358,0.0 -42.0037978,-14.6835381995358,0.0 -42.0038734,-14.6835081995358,0.0 -42.0039517,-14.6834808995358,0.0 -42.0040302,-14.6834514995358,0.0 -42.0041056,-14.6834165995358,0.0 -42.0041761,-14.6833753995358,0.0 -42.0042409,-14.6833253995358,0.0 -42.0042987,-14.6832660995358,0.0 -42.0043468,-14.6831994995358,0.0 -42.0043881,-14.6831301995358,0.0 -42.0044317,-14.6830655995358,0.0 -42.0044804,-14.6830080995358,0.0 -42.0045354,-14.6829557995358,0.0 -42.0045945,-14.6829076995358,0.0 -42.0046561,-14.6828612995358,0.0 -42.0047215,-14.6828171995358,0.0 -42.0047894,-14.6827766995358,0.0 -42.0048582,-14.6827396995358,0.0 -42.0049267,-14.6827029995358,0.0 -42.004992,-14.6826660995358,0.0 -42.0050543,-14.6826302995358,0.0 -42.0051148,-14.6825957995358,0.0 -42.0051732,-14.6825646995358,0.0 -42.0052278,-14.6825364995358,0.0 -42.0052739,-14.6825086995358,0.0 -42.0053132,-14.6824769995358,0.0 -42.0053508,-14.6824394995358,0.0 -42.0053915,-14.6823950995359,0.0 -42.0054439,-14.6823431995359,0.0 -42.0055062,-14.6822876995359,0.0 -42.0055723,-14.6822315995359,0.0 -42.0056398,-14.6821755995359,0.0 -42.0057085,-14.6821203995359,0.0 -42.0057781,-14.6820663995359,0.0 -42.0058471,-14.6820124995359,0.0 -42.0059152,-14.6819566995359,0.0 -42.0059826,-14.6819004995359,0.0 -42.0060489,-14.6818428995359,0.0 -42.0061104,-14.6817831995359,0.0 -42.0061653,-14.6817216995359,0.0 -42.0062149,-14.6816573995359,0.0 -42.0062605,-14.6815893995359,0.0 -42.0063003,-14.6815179995359,0.0 -42.0063335,-14.6814448995359,0.0 -42.0063628,-14.6813711995359,0.0 -42.0063916,-14.6812970995359,0.0 -42.0064241,-14.6812223995359,0.0 -42.0064639,-14.6811479995359,0.0 -42.0065098,-14.6810737995359,0.0 -42.0065585,-14.6810006995359,0.0 -42.0066062,-14.6809277995359,0.0 -42.0066514,-14.6808562995359,0.0 -42.0066976,-14.6807881995359,0.0 -42.0067448,-14.6807269995359,0.0 -42.0067937,-14.6806752995359,0.0 -42.0068429,-14.6806309995359,0.0 -42.0068895,-14.6805855995359,0.0 -42.0069377,-14.6805370995359,0.0 -42.0069961,-14.6804889995359,0.0 -42.0070665,-14.6804473995359,0.0 -42.007143,-14.6804148995359,0.0 -42.0072195,-14.6803880995359,0.0 -42.0072935,-14.6803583995359,0.0 -42.0073671,-14.6803238995359,0.0 -42.0074396,-14.6802860995359,0.0 -42.0075126,-14.6802519995359,0.0 -42.007589,-14.6802246995359,0.0 -42.0076694,-14.6802054995359,0.0 -42.0077524,-14.6801928995359,0.0 -42.0078043,-14.6801720995359,0.0 -42.0078887,-14.6801649995359,0.0 -42.0077354,-14.678526499536,0.0 -42.0071643,-14.677622299536,0.0 -42.0068788,-14.676432599536,0.0 -42.006736,-14.6750048995361,0.0 -42.0067836,-14.6737675995361,0.0 -42.0065932,-14.6728157995361,0.0 -42.0062601,-14.6721971995361,0.0 -42.0059674,-14.6716213995362,0.0 -42.0052131,-14.6702935995362,0.0 -42.0039758,-14.6687231995362,0.0 -42.0029288,-14.6673430995363,0.0 -42.002215,-14.6658201995363,0.0 -42.0017867,-14.6647256995364,0.0 -42.0010729,-14.6638214995364,0.0 -42.0001211,-14.6633931995364,0.0 -41.9989789,-14.6630599995364,0.0 -41.997694,-14.6620130995364,0.0 -41.9976879,-14.6614174995365,0.0 -41.9978798,-14.6602490995365,0.0 -42.0304777,-14.6611269995365,0.0 -42.0314394,-14.6617678995364,0.0 -42.0325826,-14.6621535995364,0.0 -42.03259,-14.6621564995364,0.0 -42.0329153,-14.6622472995364,0.0 -42.0332221,-14.6623333995364,0.0 -42.0334337,-14.6623920995364,0.0 -42.0348943,-14.6626355995364,0.0 -42.0358949,-14.6627232995364,0.0 -42.037585,-14.6630437995364,0.0 -42.0378273,-14.6631994995364,0.0 -42.0387146,-14.6637138995364,0.0 -42.0395423,-14.6651458995363,0.0 -42.0399324,-14.6661424995363,0.0 -42.040827,-14.6683979995363,0.0 -42.0410308,-14.6691049995362,0.0 -42.0424308,-14.6696484995362,0.0 -42.0431196,-14.6699570995362,0.0 -42.0466467,-14.6711994995362,0.0 -42.0481033,-14.6717417995362,0.0 -42.0500208,-14.6724398995361,0.0 -42.0503252,-14.6727056995361,0.0 -42.0506296,-14.6729713995361,0.0 -42.0515383,-14.6741804995361,0.0 -42.0519872,-14.6751587995361,0.0 -42.0526442,-14.676600399536,0.0 -42.0529579,-14.677491199536,0.0 -42.053223,-14.678476199536,0.0 -42.0535175,-14.6800404995359,0.0 -42.0536196,-14.6805159995359,0.0 -42.0535539,-14.6813170995359,0.0 -42.0535276,-14.6816373995359,0.0 -42.0533717,-14.6821248995359,0.0 -42.0531011,-14.6827228995358,0.0 -42.0528027,-14.6833259995358,0.0 -42.0525607,-14.6841464995358,0.0 -42.0523967,-14.6848921995358,0.0 -42.0523086,-14.6857137995358,0.0 -42.0523785,-14.6863134995357,0.0 -42.0524445,-14.6871378995357,0.0 -42.0525759,-14.6884725995357,0.0 -42.0525939,-14.6890742995357,0.0 -42.0526394,-14.6896247995356,0.0 -42.0531929,-14.6912415995356,0.0 -42.0546646,-14.6895881995356,0.0 -42.054786,-14.6891026995357,0.0 -42.0549502,-14.6884460995357,0.0 -42.055225,-14.6871655995357,0.0 -42.0552928,-14.6862188995357,0.0 -42.055921,-14.6855335995358,0.0 -42.0576342,-14.6849624995358,0.0 -42.0590291,-14.6844498995358,0.0 -42.059182,-14.6843369995358,0.0 -42.0598043,-14.6838774995358,0.0 -42.0604214,-14.6827322995358,0.0 -42.0599599,-14.6814732995359,0.0 -42.0598886,-14.6813512995359,0.0 -42.0596439,-14.6809329995359,0.0 -42.0589115,-14.6796810995359,0.0 -42.0595517,-14.6790004995359,0.0 -42.0595954,-14.6789728995359,0.0 -42.0606038,-14.678338099536,0.0 -42.0615746,-14.677938399536,0.0 -42.0638018,-14.677310199536,0.0 -42.0658332,-14.676117799536,0.0 -42.067628,-14.6751971995361,0.0 -42.0687553,-14.6747987995361,0.0 -42.0704262,-14.6744547995361,0.0 -42.0724648,-14.6744173995361,0.0 -42.0739975,-14.6747203995361,0.0 -42.0753945,-14.675711199536,0.0 -42.0778501,-14.677709899536,0.0 -42.0797918,-14.678452299536,0.0 -42.0814693,-14.678647399536,0.0 -42.0821831,-14.6788853995359,0.0 -42.0831111,-14.6801464995359,0.0 -42.0836822,-14.6813837995359,0.0 -42.0848436,-14.6824026995358,0.0 -42.0848504,-14.6823965995358,0.0 -42.0849354,-14.6823198995359,0.0 -42.084957,-14.6822990995359,0.0 -42.0850181,-14.6822402995359,0.0 -42.0850891,-14.6821704995359,0.0 -42.0850993,-14.6821603995359,0.0 -42.0851306,-14.6821314995359,0.0 -42.0851823,-14.6820837995359,0.0 -42.0852663,-14.6820094995359,0.0 -42.0853515,-14.6819366995359,0.0 -42.0854377,-14.6818663995359,0.0 -42.0855261,-14.6818014995359,0.0 -42.0856135,-14.6817363995359,0.0 -42.0856957,-14.6816630995359,0.0 -42.0857728,-14.6815817995359,0.0 -42.0858476,-14.6814962995359,0.0 -42.0859191,-14.6814067995359,0.0 -42.0859855,-14.6813110995359,0.0 -42.0860476,-14.6812112995359,0.0 -42.0861035,-14.6811072995359,0.0 -42.0861537,-14.6809995995359,0.0 -42.0862,-14.6808886995359,0.0 -42.0862436,-14.6807735995359,0.0 -42.0862819,-14.6806546995359,0.0 -42.0863128,-14.6805352995359,0.0 -42.0863316,-14.6804413995359,0.0 -42.0863366,-14.6804160995359,0.0 -42.0863551,-14.6802951995359,0.0 -42.0863706,-14.6801715995359,0.0 -42.0863828,-14.6800458995359,0.0 -42.0863974,-14.6799195995359,0.0 -42.0864212,-14.6797953995359,0.0 -42.0864531,-14.6796742995359,0.0 -42.0864843,-14.6795522995359,0.0 -42.0865174,-14.6794296995359,0.0 -42.0865539,-14.6793057995359,0.0 -42.0865922,-14.6791798995359,0.0 -42.086627,-14.6790509995359,0.0 -42.0866521,-14.6789269995359,0.0 -42.0866537,-14.6789190995359,0.0 -42.0866775,-14.678784799536,0.0 -42.0867023,-14.678649699536,0.0 -42.0867302,-14.678515099536,0.0 -42.0867618,-14.678381199536,0.0 -42.0867997,-14.678248899536,0.0 -42.0868354,-14.678116099536,0.0 -42.0868636,-14.677980499536,0.0 -42.0868939,-14.677844799536,0.0 -42.0869304,-14.677710999536,0.0 -42.0869688,-14.677578999536,0.0 -42.0870037,-14.677444999536,0.0 -42.0870346,-14.677310299536,0.0 -42.0870626,-14.677176499536,0.0 -42.0870919,-14.677050599536,0.0 -42.0871241,-14.676936299536,0.0 -42.0871537,-14.676828099536,0.0 -42.0871788,-14.676719999536,0.0 -42.0872046,-14.676610399536,0.0 -42.0872355,-14.676499499536,0.0 -42.0872677,-14.676387499536,0.0 -42.0872935,-14.676273399536,0.0 -42.0873098,-14.676156999536,0.0 -42.0873253,-14.676037699536,0.0 -42.0873494,-14.675917599536,0.0 -42.0873816,-14.675797899536,0.0 -42.087418,-14.675679199536,0.0 -42.0874605,-14.675562899536,0.0 -42.0875099,-14.675448599536,0.0 -42.0875663,-14.675337199536,0.0 -42.0876296,-14.6752288995361,0.0 -42.0876972,-14.6751228995361,0.0 -42.087771,-14.6750193995361,0.0 -42.0878537,-14.6749181995361,0.0 -42.0879411,-14.6748215995361,0.0 -42.0880337,-14.6747270995361,0.0 -42.0881341,-14.6746372995361,0.0 -42.0882384,-14.6745513995361,0.0 -42.088342,-14.6744666995361,0.0 -42.0884444,-14.6743832995361,0.0 -42.0885459,-14.6742997995361,0.0 -42.088639,-14.6742143995361,0.0 -42.0887217,-14.6741299995361,0.0 -42.0888029,-14.6740453995361,0.0 -42.0888872,-14.6739617995361,0.0 -42.0889773,-14.6738823995361,0.0 -42.0890745,-14.6738046995361,0.0 -42.0891772,-14.6737262995361,0.0 -42.0892836,-14.6736467995361,0.0 -42.0893913,-14.6735657995361,0.0 -42.0894959,-14.6734872995361,0.0 -42.089593,-14.6734133995361,0.0 -42.0896849,-14.6733377995361,0.0 -42.0897758,-14.6732572995361,0.0 -42.0898686,-14.6731719995361,0.0 -42.089965,-14.6730828995361,0.0 -42.0900622,-14.6729922995361,0.0 -42.0901583,-14.6729028995361,0.0 -42.0902508,-14.6728141995361,0.0 -42.0903384,-14.6727312995361,0.0 -42.0904208,-14.6726591995361,0.0 -42.0904994,-14.6725923995361,0.0 -42.0905773,-14.6725269995361,0.0 -42.0906553,-14.6724629995361,0.0 -42.0907328,-14.6724005995361,0.0 -42.0908078,-14.6723376995361,0.0 -42.090881,-14.6722737995361,0.0 -42.0909533,-14.6722100995361,0.0 -42.0910262,-14.6721483995361,0.0 -42.0910981,-14.6720882995361,0.0 -42.0911686,-14.6720295995361,0.0 -42.09124,-14.6719724995361,0.0 -42.0913099,-14.6719131995361,0.0 -42.0913765,-14.6718527995362,0.0 -42.0914437,-14.6717967995361,0.0 -42.0915119,-14.6717439995362,0.0 -42.091578,-14.6716898995362,0.0 -42.0916434,-14.6716342995362,0.0 -42.0917104,-14.6715804995362,0.0 -42.0917773,-14.6715246995362,0.0 -42.0918436,-14.6714673995362,0.0 -42.0919106,-14.6714091995362,0.0 -42.0919771,-14.6713487995362,0.0 -42.0920451,-14.6712878995362,0.0 -42.092115,-14.6712259995362,0.0 -42.0921855,-14.6711605995362,0.0 -42.0922585,-14.6710946995362,0.0 -42.0923349,-14.6710299995362,0.0 -42.092412,-14.6709646995362,0.0 -42.0924918,-14.6708999995362,0.0 -42.0925763,-14.6708339995362,0.0 -42.0926654,-14.6707654995362,0.0 -42.0927589,-14.6706937995362,0.0 -42.0928535,-14.6706177995362,0.0 -42.0929467,-14.6705382995362,0.0 -42.0930382,-14.6704545995362,0.0 -42.093132,-14.6703728995362,0.0 -42.0932299,-14.6702931995362,0.0 -42.0933291,-14.6702087995362,0.0 -42.0934293,-14.6701194995362,0.0 -42.0935313,-14.6700278995362,0.0 -42.0936353,-14.6699357995362,0.0 -42.0937416,-14.6698442995362,0.0 -42.0938509,-14.6697546995362,0.0 -42.0939619,-14.6696641995362,0.0 -42.0940728,-14.6695718995362,0.0 -42.0941829,-14.6694782995362,0.0 -42.094291,-14.6693838995362,0.0 -42.0943982,-14.6692901995362,0.0 -42.0945056,-14.6691982995362,0.0 -42.0946137,-14.6691075995362,0.0 -42.0947229,-14.6690183995362,0.0 -42.0948325,-14.6689302995362,0.0 -42.0949404,-14.6688440995362,0.0 -42.0950465,-14.6687581995362,0.0 -42.0951544,-14.6686704995362,0.0 -42.095264,-14.6685820995362,0.0 -42.0953737,-14.6684920995362,0.0 -42.0954808,-14.6684015995363,0.0 -42.0955218,-14.6683651995363,0.0 -42.0955813,-14.6683122995363,0.0 -42.0956799,-14.6682317995363,0.0 -42.0957759,-14.6681557995363,0.0 -42.0958656,-14.6680752995363,0.0 -42.0959561,-14.6679939995363,0.0 -42.0960498,-14.6679117995363,0.0 -42.096147,-14.6678287995363,0.0 -42.0962479,-14.6677445995363,0.0 -42.096352,-14.6676589995363,0.0 -42.0964584,-14.6675709995363,0.0 -42.0965664,-14.6674803995363,0.0 -42.096676,-14.6673867995363,0.0 -42.0967872,-14.6672902995363,0.0 -42.0969009,-14.6671915995363,0.0 -42.0970178,-14.6670910995363,0.0 -42.0971375,-14.6669896995363,0.0 -42.0972591,-14.6668874995363,0.0 -42.0973821,-14.6667846995363,0.0 -42.0975058,-14.6666814995363,0.0 -42.0976297,-14.6665778995363,0.0 -42.0977534,-14.6664733995363,0.0 -42.0978768,-14.6663681995363,0.0 -42.0980004,-14.6662630995363,0.0 -42.0981253,-14.6661585995363,0.0 -42.0982508,-14.6660541995363,0.0 -42.0983757,-14.6659500995363,0.0 -42.0984995,-14.6658465995363,0.0 -42.0986208,-14.6657429995363,0.0 -42.0987378,-14.6656363995363,0.0 -42.0988515,-14.6655280995363,0.0 -42.0989634,-14.6654211995363,0.0 -42.0990727,-14.6653137995363,0.0 -42.0991783,-14.6652032995363,0.0 -42.0992814,-14.6650909995363,0.0 -42.0993825,-14.6649785995364,0.0 -42.0994782,-14.6648655995364,0.0 -42.0995666,-14.6647510995364,0.0 -42.0996514,-14.6646372995364,0.0 -42.0997347,-14.6645281995364,0.0 -42.0998141,-14.6644270995364,0.0 -42.099888,-14.6643342995364,0.0 -42.0999545,-14.6642449995364,0.0 -42.1000185,-14.6641581995364,0.0 -42.1000859,-14.6640736995364,0.0 -42.1001541,-14.6639879995364,0.0 -42.1002224,-14.6639013995364,0.0 -42.1002945,-14.6638188995364,0.0 -42.1003709,-14.6637371995364,0.0 -42.1004477,-14.6636516995364,0.0 -42.1005202,-14.6635590995364,0.0 -42.1005736,-14.6634798995364,0.0 -42.1005876,-14.6634589995364,0.0 -42.1006559,-14.6633555995364,0.0 -42.1007294,-14.6632529995364,0.0 -42.1008061,-14.6631505995364,0.0 -42.1008826,-14.6630465995364,0.0 -42.1009591,-14.6629406995364,0.0 -42.1010363,-14.6628337995364,0.0 -42.1011143,-14.6627255995364,0.0 -42.1011937,-14.6626160995364,0.0 -42.1012751,-14.6625051995364,0.0 -42.1013583,-14.6623933995364,0.0 -42.1014445,-14.6622800995364,0.0 -42.1015331,-14.6621656995364,0.0 -42.1016242,-14.6620520995364,0.0 -42.1017164,-14.6619401995364,0.0 -42.1018058,-14.6618295995364,0.0 -42.1018915,-14.6617192995364,0.0 -42.1019762,-14.6616088995364,0.0 -42.1020591,-14.6614994995364,0.0 -42.1021325,-14.6614010995365,0.0 -42.1021926,-14.6613211995365,0.0 -42.1022471,-14.6612498995365,0.0 -42.1023037,-14.6611751995365,0.0 -42.1023653,-14.6610955995365,0.0 -42.1024331,-14.6610133995365,0.0 -42.1025039,-14.6609294995365,0.0 -42.1025719,-14.6608414995365,0.0 -42.1026378,-14.6607512995365,0.0 -42.1027046,-14.6606602995365,0.0 -42.1027709,-14.6605740995365,0.0 -42.1028346,-14.6604953995365,0.0 -42.102899,-14.6604212995365,0.0 -42.1029633,-14.6603473995365,0.0 -42.103027,-14.6602727995365,0.0 -42.1030338,-14.6602643995365,0.0 -42.1030879,-14.6601970995365,0.0 -42.1031458,-14.6601168995365,0.0 -42.1032059,-14.6600326995365,0.0 -42.1032687,-14.6599447995365,0.0 -42.1033341,-14.6598535995365,0.0 -42.1034026,-14.6597593995365,0.0 -42.1034758,-14.6596621995365,0.0 -42.1035521,-14.6595616995365,0.0 -42.1036295,-14.6594581995365,0.0 -42.103708,-14.6593536995365,0.0 -42.1037852,-14.6592511995365,0.0 -42.1038626,-14.6591488995365,0.0 -42.103941,-14.6590438995365,0.0 -42.1040198,-14.6589344995365,0.0 -42.1041002,-14.6588235995365,0.0 -42.10418,-14.6587130995365,0.0 -42.1042601,-14.6586035995365,0.0 -42.1043416,-14.6584955995365,0.0 -42.1044214,-14.6583889995365,0.0 -42.1045007,-14.6582847995365,0.0 -42.1045802,-14.6581827995365,0.0 -42.1046586,-14.6580818995365,0.0 -42.1047366,-14.6579820995365,0.0 -42.1048111,-14.6578894995365,0.0 -42.1048847,-14.6578036995366,0.0 -42.1049566,-14.6577178995366,0.0 -42.105022,-14.6576283995366,0.0 -42.105081,-14.6575347995366,0.0 -42.1051393,-14.6574397995366,0.0 -42.105203,-14.6573489995366,0.0 -42.1052709,-14.6572631995366,0.0 -42.105339,-14.6571786995366,0.0 -42.105406,-14.6570952995366,0.0 -42.1054715,-14.6570135995366,0.0 -42.1055358,-14.6569316995366,0.0 -42.1055979,-14.6568478995366,0.0 -42.1056606,-14.6567632995366,0.0 -42.1057249,-14.6566782995366,0.0 -42.1057915,-14.6565938995366,0.0 -42.1058607,-14.6565103995366,0.0 -42.1059298,-14.6564289995366,0.0 -42.1059943,-14.6563504995366,0.0 -42.1060545,-14.6562727995366,0.0 -42.1061112,-14.6561948995366,0.0 -42.1061551,-14.6561273995366,0.0 -42.1061625,-14.6561159995366,0.0 -42.1062129,-14.6560411995366,0.0 -42.1062651,-14.6559731995366,0.0 -42.1063145,-14.6559114995366,0.0 -42.1063611,-14.6558566995366,0.0 -42.1064087,-14.6558054995366,0.0 -42.1064552,-14.6557558995366,0.0 -42.1064998,-14.6557081995366,0.0 -42.1065427,-14.6556594995366,0.0 -42.1065843,-14.6556114995366,0.0 -42.1066236,-14.6555624995366,0.0 -42.1066602,-14.6555137995366,0.0 -42.1066956,-14.6554661995366,0.0 -42.1067319,-14.6554158995366,0.0 -42.1067715,-14.6553623995366,0.0 -42.106812,-14.6553074995366,0.0 -42.1068518,-14.6552495995366,0.0 -42.1068933,-14.6551896995366,0.0 -42.1069374,-14.6551296995366,0.0 -42.1069831,-14.6550704995366,0.0 -42.1070296,-14.6550110995366,0.0 -42.1070759,-14.6549494995366,0.0 -42.1071226,-14.6548859995366,0.0 -42.1071683,-14.6548207995366,0.0 -42.1072118,-14.6547542995366,0.0 -42.1072567,-14.6546878995366,0.0 -42.1073069,-14.6546215995366,0.0 -42.1073612,-14.6545545995366,0.0 -42.1074129,-14.6544848995367,0.0 -42.1074641,-14.6544147995367,0.0 -42.1075165,-14.6543444995367,0.0 -42.1075697,-14.6542733995367,0.0 -42.1076256,-14.6542026995367,0.0 -42.1076832,-14.6541320995367,0.0 -42.1077382,-14.6540599995367,0.0 -42.1077915,-14.6539877995367,0.0 -42.1078475,-14.6539165995367,0.0 -42.1079041,-14.6538472995367,0.0 -42.1079645,-14.6537784995367,0.0 -42.1080315,-14.6537081995367,0.0 -42.1081051,-14.6536420995367,0.0 -42.1081804,-14.6535785995367,0.0 -42.1082573,-14.6535126995367,0.0 -42.1083385,-14.6534479995367,0.0 -42.1084206,-14.6533832995367,0.0 -42.1085043,-14.6533147995367,0.0 -42.1085915,-14.6532423995367,0.0 -42.1086808,-14.6531693995367,0.0 -42.1087684,-14.6530930995367,0.0 -42.108857,-14.6530157995367,0.0 -42.1089493,-14.6529422995367,0.0 -42.1090419,-14.6528677995367,0.0 -42.1091304,-14.6527855995367,0.0 -42.1092183,-14.6527011995367,0.0 -42.1093102,-14.6526195995367,0.0 -42.1094064,-14.6525414995367,0.0 -42.1095036,-14.6524637995367,0.0 -42.109599,-14.6523842995367,0.0 -42.1096936,-14.6523054995367,0.0 -42.1097869,-14.6522260995367,0.0 -42.1098809,-14.6521463995367,0.0 -42.1099764,-14.6520672995367,0.0 -42.1100724,-14.6519887995367,0.0 -42.1101687,-14.6519093995367,0.0 -42.1102652,-14.6518282995367,0.0 -42.1103619,-14.6517446995367,0.0 -42.1104602,-14.6516605995367,0.0 -42.11056,-14.6515769995367,0.0 -42.1106602,-14.6514942995367,0.0 -42.1107614,-14.6514127995367,0.0 -42.1108624,-14.6513306995367,0.0 -42.1109628,-14.6512465995367,0.0 -42.1110635,-14.6511620995367,0.0 -42.1111637,-14.6510758995367,0.0 -42.1112644,-14.6509890995367,0.0 -42.1113664,-14.6509020995368,0.0 -42.1114691,-14.6508154995368,0.0 -42.1115724,-14.6507291995368,0.0 -42.1116762,-14.6506419995368,0.0 -42.111781,-14.6505541995368,0.0 -42.1118855,-14.6504647995368,0.0 -42.111991,-14.6503756995368,0.0 -42.1120964,-14.6502872995368,0.0 -42.112201,-14.6501992995368,0.0 -42.1123064,-14.6501114995368,0.0 -42.1124138,-14.6500241995368,0.0 -42.1125214,-14.6499364995368,0.0 -42.1126286,-14.6498480995368,0.0 -42.1127357,-14.6497586995368,0.0 -42.1128416,-14.6496657995368,0.0 -42.1129472,-14.6495738995368,0.0 -42.1130538,-14.6494868995368,0.0 -42.1131551,-14.6494074995368,0.0 -42.1132473,-14.6493340995368,0.0 -42.1133328,-14.6492602995368,0.0 -42.1134003,-14.6492004995368,0.0 -42.1134178,-14.6491848995368,0.0 -42.1134587,-14.6491506995368,0.0 -42.1134623,-14.6491476995368,0.0 -42.1135059,-14.6491110995368,0.0 -42.1135959,-14.6490387995368,0.0 -42.1136857,-14.6489651995368,0.0 -42.113775,-14.6488893995368,0.0 -42.1138261,-14.6488470995368,0.0 -42.1138287,-14.6488448995368,0.0 -42.1138666,-14.6488135995368,0.0 -42.1139123,-14.6487781995368,0.0 -42.1139627,-14.6487391995368,0.0 -42.1140607,-14.6486638995368,0.0 -42.1141585,-14.6485848995368,0.0 -42.1142571,-14.6485032995368,0.0 -42.1143578,-14.6484199995368,0.0 -42.1144598,-14.6483347995368,0.0 -42.1145624,-14.6482477995368,0.0 -42.1146669,-14.6481603995368,0.0 -42.1147732,-14.6480731995368,0.0 -42.1148812,-14.6479862995368,0.0 -42.1149894,-14.6478988995368,0.0 -42.1150978,-14.6478111995368,0.0 -42.1152057,-14.6477229995368,0.0 -42.1153137,-14.6476339995368,0.0 -42.1154222,-14.6475446995368,0.0 -42.1155299,-14.6474544995369,0.0 -42.1156363,-14.6473628995369,0.0 -42.1157418,-14.6472701995369,0.0 -42.1158475,-14.6471781995369,0.0 -42.115891,-14.6471422995369,0.0 -42.1159552,-14.6470894995369,0.0 -42.1160228,-14.6470368995369,0.0 -42.1160641,-14.6470046995369,0.0 -42.1161703,-14.6469204995369,0.0 -42.1162736,-14.6468355995369,0.0 -42.1163264,-14.6467920995369,0.0 -42.116376,-14.6467512995369,0.0 -42.1163987,-14.6467323995369,0.0 -42.1164769,-14.6466669995369,0.0 -42.116533,-14.6466200995369,0.0 -42.1165763,-14.6465838995369,0.0 -42.1166754,-14.6465026995369,0.0 -42.1167773,-14.6464220995369,0.0 -42.1168808,-14.6463404995369,0.0 -42.1169844,-14.6462570995369,0.0 -42.1170878,-14.6461728995369,0.0 -42.1171016,-14.6461617995369,0.0 -42.1171916,-14.6460895995369,0.0 -42.1172956,-14.6460064995369,0.0 -42.1173981,-14.6459215995369,0.0 -42.1174992,-14.6458354995369,0.0 -42.1175991,-14.6457465995369,0.0 -42.1176972,-14.6456537995369,0.0 -42.1177371,-14.6456126995369,0.0 -42.1177913,-14.6455569995369,0.0 -42.1178814,-14.6454580995369,0.0 -42.1179705,-14.6453591995369,0.0 -42.1180558,-14.6452636995369,0.0 -42.1181303,-14.6451705995369,0.0 -42.1181958,-14.6450777995369,0.0 -42.1182648,-14.6449846995369,0.0 -42.1183392,-14.6448945995369,0.0 -42.1183634,-14.6448664995369,0.0 -42.1183729,-14.6448555995369,0.0 -42.1184113,-14.6448111995369,0.0 -42.1184783,-14.6447346995369,0.0 -42.1185424,-14.6446556995369,0.0 -42.1186061,-14.6445705995369,0.0 -42.1186715,-14.6444829995369,0.0 -42.1187189,-14.6444185995369,0.0 -42.1187378,-14.6443929995369,0.0 -42.1188057,-14.6443020995369,0.0 -42.1188664,-14.6442231995369,0.0 -42.1188747,-14.6442122995369,0.0 -42.1189457,-14.6441242995369,0.0 -42.1190154,-14.644043299537,0.0 -42.1190233,-14.644035099537,0.0 -42.1190802,-14.643975999537,0.0 -42.1191381,-14.643923499537,0.0 -42.1191562,-14.643904099537,0.0 -42.1191842,-14.643874299537,0.0 -42.1192232,-14.643821799537,0.0 -42.1192602,-14.643761099537,0.0 -42.1193013,-14.643690799537,0.0 -42.119326,-14.643653699537,0.0 -42.1193521,-14.643614499537,0.0 -42.119412,-14.643534999537,0.0 -42.1194765,-14.643451799537,0.0 -42.1195433,-14.643362599537,0.0 -42.1196141,-14.643271199537,0.0 -42.1196892,-14.643178299537,0.0 -42.1197659,-14.643083299537,0.0 -42.1198447,-14.642987499537,0.0 -42.1199263,-14.642891699537,0.0 -42.1200082,-14.642794799537,0.0 -42.1200904,-14.642697499537,0.0 -42.1201714,-14.642599699537,0.0 -42.1202513,-14.642500399537,0.0 -42.1203326,-14.642402999537,0.0 -42.1204103,-14.642303699537,0.0 -42.1204857,-14.642202199537,0.0 -42.1205619,-14.642102199537,0.0 -42.1206362,-14.642001299537,0.0 -42.1206472,-14.641985799537,0.0 -42.1207086,-14.641899499537,0.0 -42.120783,-14.641798799537,0.0 -42.1208625,-14.641698999537,0.0 -42.120946,-14.641600299537,0.0 -42.1210313,-14.641500499537,0.0 -42.1211143,-14.641397899537,0.0 -42.1211966,-14.641294299537,0.0 -42.1212801,-14.641191699537,0.0 -42.1213637,-14.641089899537,0.0 -42.121447,-14.640988299537,0.0 -42.1215283,-14.640885499537,0.0 -42.121608,-14.640781199537,0.0 -42.1216884,-14.640677599537,0.0 -42.1217703,-14.640574999537,0.0 -42.1218526,-14.6404718995371,0.0 -42.1219087,-14.6403995995371,0.0 -42.1219341,-14.6403668995371,0.0 -42.122017,-14.6402621995371,0.0 -42.1221025,-14.6401577995371,0.0 -42.1221872,-14.6400515995371,0.0 -42.1222712,-14.6399437995371,0.0 -42.1223572,-14.6398354995371,0.0 -42.1224456,-14.6397268995371,0.0 -42.1225356,-14.6396184995371,0.0 -42.1226229,-14.6395086995371,0.0 -42.1227076,-14.6393992995371,0.0 -42.1227929,-14.6392925995371,0.0 -42.1228784,-14.6391846995371,0.0 -42.1229634,-14.6390761995371,0.0 -42.1230474,-14.6389682995371,0.0 -42.1231318,-14.6388618995371,0.0 -42.1232169,-14.6387558995371,0.0 -42.1233025,-14.6386487995371,0.0 -42.1233882,-14.6385414995371,0.0 -42.1234731,-14.6384341995371,0.0 -42.1235569,-14.6383262995371,0.0 -42.1236421,-14.6382179995371,0.0 -42.1237296,-14.6381091995371,0.0 -42.1238189,-14.6379992995371,0.0 -42.123908,-14.6378871995371,0.0 -42.1239972,-14.6377732995371,0.0 -42.1240876,-14.6376579995371,0.0 -42.1241791,-14.6375415995371,0.0 -42.1242709,-14.6374242995371,0.0 -42.1243635,-14.6373064995371,0.0 -42.1244579,-14.6371889995372,0.0 -42.1245518,-14.6370717995371,0.0 -42.1246457,-14.6369544995372,0.0 -42.1247404,-14.6368370995372,0.0 -42.1248351,-14.6367188995372,0.0 -42.1249304,-14.6365999995372,0.0 -42.125026,-14.6364803995372,0.0 -42.1251212,-14.6363600995372,0.0 -42.1252163,-14.6362397995372,0.0 -42.1253113,-14.6361197995372,0.0 -42.1254052,-14.6360008995372,0.0 -42.1254982,-14.6358832995372,0.0 -42.1255907,-14.6357678995372,0.0 -42.1256837,-14.6356531995372,0.0 -42.1257757,-14.6355360995372,0.0 -42.1258674,-14.6354169995372,0.0 -42.1259605,-14.6352977995372,0.0 -42.1260554,-14.6351781995372,0.0 -42.126149,-14.6350576995372,0.0 -42.1262407,-14.6349362995372,0.0 -42.1263336,-14.6348159995372,0.0 -42.1264282,-14.6346989995372,0.0 -42.126524,-14.6345838995372,0.0 -42.1266202,-14.6344674995372,0.0 -42.1267152,-14.6343499995372,0.0 -42.1268082,-14.6342325995372,0.0 -42.1268991,-14.6341161995372,0.0 -42.1269897,-14.6340013995372,0.0 -42.1270813,-14.6338881995372,0.0 -42.1271726,-14.6337756995372,0.0 -42.1272626,-14.6336622995372,0.0 -42.1273534,-14.6335471995373,0.0 -42.1274453,-14.6334293995373,0.0 -42.1275352,-14.6333083995373,0.0 -42.1276232,-14.6331854995373,0.0 -42.1277139,-14.6330651995373,0.0 -42.1278104,-14.6329510995373,0.0 -42.1279087,-14.6328393995373,0.0 -42.1280069,-14.6327269995373,0.0 -42.128103,-14.6326130995373,0.0 -42.1281982,-14.6324969995373,0.0 -42.1282934,-14.6323785995373,0.0 -42.1283879,-14.6322580995373,0.0 -42.1284829,-14.6321367995373,0.0 -42.1285788,-14.6320150995373,0.0 -42.1286756,-14.6318938995373,0.0 -42.1287732,-14.6317735995373,0.0 -42.1288709,-14.6316537995373,0.0 -42.1289681,-14.6315350995373,0.0 -42.1290653,-14.6314165995373,0.0 -42.1291638,-14.6312962995373,0.0 -42.1292635,-14.6311746995373,0.0 -42.129363,-14.6310510995373,0.0 -42.1294624,-14.6309265995373,0.0 -42.1295619,-14.6308018995373,0.0 -42.12966,-14.6306764995373,0.0 -42.1297569,-14.6305509995373,0.0 -42.1298543,-14.6304263995373,0.0 -42.1299525,-14.6303029995373,0.0 -42.13005,-14.6301798995374,0.0 -42.1301474,-14.6300561995374,0.0 -42.1302457,-14.6299335995374,0.0 -42.1303446,-14.6298114995374,0.0 -42.1304434,-14.6296885995374,0.0 -42.1305418,-14.6295651995374,0.0 -42.1306404,-14.6294416995374,0.0 -42.1307398,-14.6293177995374,0.0 -42.1308399,-14.6291935995374,0.0 -42.1309403,-14.6290692995374,0.0 -42.1310403,-14.6289444995374,0.0 -42.1311406,-14.6288192995374,0.0 -42.131241,-14.6286937995374,0.0 -42.1313417,-14.6285693995374,0.0 -42.1314427,-14.6284453995374,0.0 -42.131543,-14.6283211995374,0.0 -42.1316426,-14.6281968995374,0.0 -42.1317427,-14.6280733995374,0.0 -42.131843,-14.6279502995374,0.0 -42.1319428,-14.6278275995374,0.0 -42.1320432,-14.6277056995374,0.0 -42.1321433,-14.6275839995374,0.0 -42.1322428,-14.6274622995374,0.0 -42.132341,-14.6273404995374,0.0 -42.1324388,-14.6272189995374,0.0 -42.1325371,-14.6270969995374,0.0 -42.1326358,-14.6269735995374,0.0 -42.1327351,-14.6268498995374,0.0 -42.1328341,-14.6267264995374,0.0 -42.1329329,-14.6266028995375,0.0 -42.1330314,-14.6264796995375,0.0 -42.1331296,-14.6263560995375,0.0 -42.1332287,-14.6262323995375,0.0 -42.1333295,-14.6261100995375,0.0 -42.1334305,-14.6259880995375,0.0 -42.1335318,-14.6258650995375,0.0 -42.1336329,-14.6257418995375,0.0 -42.1337344,-14.6256182995375,0.0 -42.133836,-14.6254945995375,0.0 -42.1339367,-14.6253698995375,0.0 -42.1340367,-14.6252437995375,0.0 -42.1341363,-14.6251171995375,0.0 -42.1342358,-14.6249911995375,0.0 -42.1343357,-14.6248672995375,0.0 -42.1344324,-14.6247430995375,0.0 -42.1345235,-14.6246174995375,0.0 -42.1346152,-14.6244940995375,0.0 -42.1347127,-14.6243746995375,0.0 -42.1348121,-14.6242542995375,0.0 -42.1349095,-14.6241293995375,0.0 -42.1350086,-14.6240045995375,0.0 -42.1351077,-14.6238830995375,0.0 -42.1352041,-14.6237644995375,0.0 -42.1352997,-14.6236488995375,0.0 -42.1353969,-14.6235375995375,0.0 -42.1354948,-14.6234289995375,0.0 -42.1355898,-14.6233198995376,0.0 -42.1356793,-14.6232078995375,0.0 -42.1357639,-14.6230929995376,0.0 -42.1358473,-14.6229743995376,0.0 -42.1359339,-14.6228533995376,0.0 -42.136025,-14.6227322995376,0.0 -42.1361194,-14.6226101995376,0.0 -42.1362159,-14.6224882995376,0.0 -42.1363137,-14.6223664995376,0.0 -42.1364128,-14.6222434995376,0.0 -42.1365129,-14.6221205995376,0.0 -42.1366135,-14.6219974995376,0.0 -42.1367136,-14.6218728995376,0.0 -42.1368139,-14.6217480995376,0.0 -42.1369155,-14.6216231995376,0.0 -42.1370182,-14.6214977995376,0.0 -42.1371218,-14.6213721995376,0.0 -42.1372256,-14.6212455995376,0.0 -42.1373288,-14.6211182995376,0.0 -42.1374315,-14.6209915995376,0.0 -42.1374791,-14.6209335995376,0.0 -42.1375345,-14.6208660995376,0.0 -42.1376379,-14.6207415995376,0.0 -42.1377411,-14.6206160995376,0.0 -42.1378451,-14.6204909995376,0.0 -42.1378751,-14.6204548995376,0.0 -42.1379494,-14.6203659995376,0.0 -42.1380542,-14.6202400995376,0.0 -42.1381589,-14.6201134995376,0.0 -42.1382644,-14.6199863995376,0.0 -42.1383696,-14.6198576995376,0.0 -42.1384742,-14.6197272995376,0.0 -42.1385794,-14.6195962995377,0.0 -42.1386878,-14.6194664995377,0.0 -42.1387947,-14.6193415995377,0.0 -42.1388919,-14.6192233995377,0.0 -42.1389831,-14.6191121995377,0.0 -42.1390708,-14.6190049995377,0.0 -42.1391555,-14.6189005995377,0.0 -42.1392383,-14.6187999995377,0.0 -42.1393185,-14.6187010995377,0.0 -42.1393951,-14.6186032995377,0.0 -42.1394681,-14.6185075995377,0.0 -42.1395371,-14.6184164995377,0.0 -42.1396038,-14.6183313995377,0.0 -42.1396706,-14.6182464995377,0.0 -42.1397385,-14.6181600995377,0.0 -42.1398059,-14.6180763995377,0.0 -42.1398677,-14.6179973995377,0.0 -42.1399216,-14.6179188995377,0.0 -42.1399745,-14.6178403995377,0.0 -42.1400332,-14.6177635995377,0.0 -42.1400946,-14.6176891995377,0.0 -42.1401559,-14.6176150995377,0.0 -42.1402175,-14.6175407995377,0.0 -42.1402804,-14.6174657995377,0.0 -42.140345,-14.6173888995377,0.0 -42.1404101,-14.6173092995377,0.0 -42.1404755,-14.6172270995377,0.0 -42.1405427,-14.6171430995377,0.0 -42.1406121,-14.6170579995377,0.0 -42.1406828,-14.6169718995377,0.0 -42.1407548,-14.6168857995377,0.0 -42.1408269,-14.6167985995377,0.0 -42.1408984,-14.6167104995377,0.0 -42.1409707,-14.6166217995377,0.0 -42.1410431,-14.6165326995377,0.0 -42.1411154,-14.6164433995377,0.0 -42.1411875,-14.6163533995377,0.0 -42.1412598,-14.6162637995377,0.0 -42.1413323,-14.6161742995378,0.0 -42.1414045,-14.6160834995378,0.0 -42.1414773,-14.6159921995378,0.0 -42.1415505,-14.6159005995378,0.0 -42.1416249,-14.6158082995378,0.0 -42.1417003,-14.6157156995378,0.0 -42.1417767,-14.6156221995378,0.0 -42.1418538,-14.6155280995378,0.0 -42.1419314,-14.6154342995378,0.0 -42.1420097,-14.6153412995378,0.0 -42.142088,-14.6152480995378,0.0 -42.142165,-14.6151540995378,0.0 -42.1422406,-14.6150588995378,0.0 -42.142315,-14.6149617995378,0.0 -42.1423872,-14.6148626995378,0.0 -42.1424594,-14.6147634995378,0.0 -42.1425331,-14.6146677995378,0.0 -42.1426092,-14.6145773995378,0.0 -42.1426858,-14.6144871995378,0.0 -42.1427629,-14.6143950995378,0.0 -42.1428422,-14.6143012995378,0.0 -42.1429236,-14.6142040995378,0.0 -42.1430072,-14.6141029995378,0.0 -42.1430925,-14.6139978995378,0.0 -42.1431802,-14.6138899995378,0.0 -42.1432701,-14.6137805995378,0.0 -42.1433596,-14.6136679995378,0.0 -42.1434494,-14.6135535995378,0.0 -42.1435417,-14.6134391995378,0.0 -42.1436355,-14.6133247995378,0.0 -42.1437303,-14.6132095995378,0.0 -42.1438254,-14.6130938995378,0.0 -42.1439202,-14.6129773995378,0.0 -42.1440142,-14.6128590995378,0.0 -42.1441088,-14.6127400995379,0.0 -42.1442037,-14.6126206995379,0.0 -42.1442987,-14.6125010995379,0.0 -42.1443928,-14.6123814995379,0.0 -42.1444861,-14.6122612995379,0.0 -42.1445813,-14.6121418995379,0.0 -42.1446786,-14.6120228995379,0.0 -42.1447778,-14.6119039995379,0.0 -42.1448784,-14.6117857995379,0.0 -42.144978,-14.6116672995379,0.0 -42.1450761,-14.6115490995379,0.0 -42.1451726,-14.6114316995379,0.0 -42.1452686,-14.6113151995379,0.0 -42.1453644,-14.6111980995379,0.0 -42.1454596,-14.6110809995379,0.0 -42.1455546,-14.6109648995379,0.0 -42.1456482,-14.6108487995379,0.0 -42.1457396,-14.6107319995379,0.0 -42.1458299,-14.6106152995379,0.0 -42.1459202,-14.6104998995379,0.0 -42.1460109,-14.6103858995379,0.0 -42.1461033,-14.6102720995379,0.0 -42.1461965,-14.6101586995379,0.0 -42.1462904,-14.6100452995379,0.0 -42.1463841,-14.6099304995379,0.0 -42.1464754,-14.6098119995379,0.0 -42.1465602,-14.6096929995379,0.0 -42.1466382,-14.6095813995379,0.0 -42.1467175,-14.6094810995379,0.0 -42.1468022,-14.609392099538,0.0 -42.1468875,-14.609308399538,0.0 -42.146968,-14.6092222995379,0.0 -42.1470427,-14.609132299538,0.0 -42.147113,-14.609044499538,0.0 -42.1471814,-14.608960999538,0.0 -42.1472459,-14.608874799538,0.0 -42.1473072,-14.608786299538,0.0 -42.1473711,-14.608701299538,0.0 -42.1474385,-14.608617899538,0.0 -42.1475105,-14.608533799538,0.0 -42.147588,-14.608447699538,0.0 -42.147667,-14.608356699538,0.0 -42.1477457,-14.608262299538,0.0 -42.1478245,-14.608166499538,0.0 -42.1478992,-14.608073399538,0.0 -42.1479657,-14.607989999538,0.0 -42.1480246,-14.607914199538,0.0 -42.1480832,-14.607838599538,0.0 -42.1481451,-14.607759399538,0.0 -42.1482091,-14.607676699538,0.0 -42.1482762,-14.607592999538,0.0 -42.148347,-14.607509499538,0.0 -42.1484222,-14.607424499538,0.0 -42.1484993,-14.607336099538,0.0 -42.1485772,-14.607243899538,0.0 -42.1486555,-14.607148099538,0.0 -42.1487343,-14.607050299538,0.0 -42.1488148,-14.606950699538,0.0 -42.1488983,-14.606849199538,0.0 -42.1489835,-14.606745299538,0.0 -42.1490642,-14.606642499538,0.0 -42.1491372,-14.606550199538,0.0 -42.1492014,-14.606470899538,0.0 -42.1492557,-14.606399799538,0.0 -42.1493004,-14.606336099538,0.0 -42.14934,-14.606281599538,0.0 -42.1493729,-14.606236999538,0.0 -42.1493947,-14.606208299538,0.0 -42.1494065,-14.606195099538,0.0 -42.1494116,-14.606190099538,0.0 -42.1494197,-14.606180599538,0.0 -42.1494364,-14.606160299538,0.0 -42.149464,-14.606132299538,0.0 -42.1494969,-14.606100199538,0.0 -42.1495325,-14.606061499538,0.0 -42.1495744,-14.606011299538,0.0 -42.1496238,-14.605950799538,0.0 -42.1496796,-14.605880499538,0.0 -42.1497383,-14.605806199538,0.0 -42.1497988,-14.6057299995381,0.0 -42.1498628,-14.6056510995381,0.0 -42.1499308,-14.6055698995381,0.0 -42.1500006,-14.6054857995381,0.0 -42.1500684,-14.6053977995381,0.0 -42.1501347,-14.6053083995381,0.0 -42.1502001,-14.6052247995381,0.0 -42.1502651,-14.6051515995381,0.0 -42.150327,-14.6050794995381,0.0 -42.1503869,-14.6050003995381,0.0 -42.1504478,-14.6049197995381,0.0 -42.1505105,-14.6048415995381,0.0 -42.1505782,-14.6047680995381,0.0 -42.1506482,-14.6046981995381,0.0 -42.150712,-14.6046298995381,0.0 -42.1507654,-14.6045610995381,0.0 -42.1508167,-14.6044910995381,0.0 -42.1508737,-14.6044199995381,0.0 -42.1509371,-14.6043470995381,0.0 -42.1510049,-14.6042715995381,0.0 -42.1510711,-14.6041904995381,0.0 -42.1511363,-14.6041052995381,0.0 -42.1512049,-14.6040196995381,0.0 -42.1512781,-14.6039355995381,0.0 -42.1513537,-14.6038515995381,0.0 -42.1514281,-14.6037642995381,0.0 -42.1514985,-14.6036726995381,0.0 -42.1515688,-14.6035797995381,0.0 -42.1516417,-14.6034875995381,0.0 -42.1517145,-14.6033935995381,0.0 -42.1517866,-14.6032983995381,0.0 -42.1518609,-14.6032041995381,0.0 -42.1519388,-14.6031111995381,0.0 -42.1520184,-14.6030190995381,0.0 -42.1520966,-14.6029262995381,0.0 -42.1521693,-14.6028303995381,0.0 -42.1522355,-14.6027321995381,0.0 -42.1523025,-14.6026395995381,0.0 -42.1523784,-14.6025576995381,0.0 -42.1524602,-14.6024818995381,0.0 -42.1525374,-14.6024014995381,0.0 -42.1526055,-14.6023121995382,0.0 -42.1526674,-14.6022190995382,0.0 -42.1527321,-14.6021304995382,0.0 -42.1528022,-14.6020474995382,0.0 -42.152873,-14.6019641995382,0.0 -42.1529453,-14.6018801995382,0.0 -42.1530193,-14.6017973995382,0.0 -42.1530937,-14.6017156995382,0.0 -42.1531662,-14.6016330995382,0.0 -42.1532384,-14.6015487995382,0.0 -42.1533113,-14.6014620995382,0.0 -42.1533845,-14.6013747995382,0.0 -42.1534553,-14.6012865995382,0.0 -42.1535248,-14.6011983995382,0.0 -42.1535971,-14.6011129995382,0.0 -42.1536748,-14.6010340995382,0.0 -42.1537551,-14.6009583995382,0.0 -42.1538264,-14.6008768995382,0.0 -42.1538863,-14.6007883995382,0.0 -42.1539406,-14.6007046995382,0.0 -42.153991,-14.6006336995382,0.0 -42.1540395,-14.6005701995382,0.0 -42.1540921,-14.6005078995382,0.0 -42.1541488,-14.6004412995382,0.0 -42.1542074,-14.6003716995382,0.0 -42.1542628,-14.6003061995382,0.0 -42.1543116,-14.6002429995382,0.0 -42.1543578,-14.6001779995382,0.0 -42.154404,-14.6001129995382,0.0 -42.154452,-14.6000513995382,0.0 -42.1545011,-14.5999901995382,0.0 -42.1545518,-14.5999285995382,0.0 -42.1546058,-14.5998646995382,0.0 -42.1546617,-14.5997965995382,0.0 -42.1547193,-14.5997248995382,0.0 -42.1547793,-14.5996507995382,0.0 -42.1548407,-14.5995763995382,0.0 -42.154901,-14.5995032995382,0.0 -42.1549621,-14.5994308995382,0.0 -42.1550232,-14.5993582995382,0.0 -42.1550821,-14.5992845995382,0.0 -42.1551395,-14.5992106995382,0.0 -42.1551951,-14.5991391995382,0.0 -42.1552471,-14.5990707995382,0.0 -42.1552937,-14.5990065995382,0.0 -42.1553312,-14.5989538995382,0.0 -42.1553562,-14.5989194995383,0.0 -42.1553681,-14.5989055995382,0.0 -42.1553693,-14.5989034995383,0.0 -42.1553819,-14.5988936995382,0.0 -42.1554013,-14.5988746995383,0.0 -42.1554249,-14.5988476995383,0.0 -42.155453,-14.5988149995383,0.0 -42.1554822,-14.5987786995383,0.0 -42.155513,-14.5987398995383,0.0 -42.1555477,-14.5986976995383,0.0 -42.1555867,-14.5986540995383,0.0 -42.1556307,-14.5986091995383,0.0 -42.1556754,-14.5985608995383,0.0 -42.1557185,-14.5985078995383,0.0 -42.1557602,-14.5984525995383,0.0 -42.1558032,-14.5983981995383,0.0 -42.1558491,-14.5983469995383,0.0 -42.1558957,-14.5982966995383,0.0 -42.1559409,-14.5982467995383,0.0 -42.1559873,-14.5981961995383,0.0 -42.1560376,-14.5981436995383,0.0 -42.156088,-14.5980864995383,0.0 -42.1561384,-14.5980266995383,0.0 -42.1561875,-14.5979654995383,0.0 -42.1562361,-14.5979025995383,0.0 -42.156285,-14.5978374995383,0.0 -42.156334,-14.5977695995383,0.0 -42.1563834,-14.5977002995383,0.0 -42.1564337,-14.5976330995383,0.0 -42.1564875,-14.5975688995383,0.0 -42.1565424,-14.5975056995383,0.0 -42.1565944,-14.5974409995383,0.0 -42.1566443,-14.5973724995383,0.0 -42.1566942,-14.5973019995383,0.0 -42.156745,-14.5972336995383,0.0 -42.1567974,-14.5971689995383,0.0 -42.1568516,-14.5971057995383,0.0 -42.1569064,-14.5970415995383,0.0 -42.1554457,-14.5644732995392,0.0 -42.1554427,-14.5644047995392,0.0 -42.1554411,-14.5643687995392,0.0 -42.155439,-14.5643237995392,0.0 -42.1554349,-14.5642319995392,0.0 -42.155428,-14.5640785995393,0.0 -42.1553957,-14.5633578995393,0.0 -42.1541328,-14.5351985995401,0.0 -42.1542604,-14.5345804995401,0.0 -42.1543106,-14.5337691995401,0.0 -42.1543205,-14.5329952995401,0.0 -42.1542871,-14.5324917995402,0.0 -42.1542193,-14.5315624995402,0.0 -42.1541884,-14.5307880995402,0.0 -42.1540024,-14.5298175995402,0.0 -42.1540926,-14.5289290995403,0.0 -42.1541812,-14.5282337995403,0.0 -42.1543894,-14.5275390995403,0.0 -42.1545553,-14.5270389995403,0.0 -42.1547648,-14.5263207995403,0.0 -42.1552521,-14.5255525995404,0.0 -42.156014,-14.5251364995404,0.0 -42.156172,-14.5251772995404,0.0 -42.156766,-14.5254165995404,0.0 -42.1570032,-14.5255738995404,0.0 -42.1575209,-14.5256189995404,0.0 -42.1582783,-14.5255504995404,0.0 -42.1591185,-14.5251750995404,0.0 -42.1599581,-14.5249142995404,0.0 -42.1606743,-14.5248840995404,0.0 -42.1615626,-14.5246582995404,0.0 -42.1620724,-14.5245912995404,0.0 -42.1630111,-14.5243424995404,0.0 -42.1638315,-14.5240579995404,0.0 -42.16619,-14.5232745995404,0.0 -42.1665486,-14.5232147995404,0.0 -42.1672682,-14.5229136995404,0.0 -42.1680685,-14.5226144995404,0.0 -42.1691074,-14.5223560995405,0.0 -42.1695872,-14.5221685995405,0.0 -42.1700297,-14.5217864995405,0.0 -42.1703515,-14.5215590995405,0.0 -42.1706321,-14.5213691995405,0.0 -42.1709544,-14.5211021995405,0.0 -42.1713727,-14.5209427995405,0.0 -42.1716227,-14.5200940995405,0.0 -42.171703,-14.5199794995405,0.0 -42.1719914,-14.5192477995406,0.0 -42.1725214,-14.5182479995406,0.0 -42.1730288,-14.5174972995406,0.0 -42.1738335,-14.5168484995406,0.0 -42.1744537,-14.5164124995406,0.0 -42.175142,-14.5159474995406,0.0 -42.1759059,-14.5155087995407,0.0 -42.1773449,-14.5150608995407,0.0 -42.1780575,-14.5148707995407,0.0 -42.1782617,-14.5144875995407,0.0 -42.1666333,-14.5066046995409,0.0 -42.1583552,-14.5009929995411,0.0 -42.1512138,-14.4893347995414,0.0 -42.1504524,-14.4889731995414,0.0 -42.0798823,-14.4519684995425,0.0 -42.0792711,-14.4516479995425,0.0 -42.0790968,-14.4515565995425,0.0 -42.0706687,-14.4471371995426,0.0 -42.0706281,-14.4471290995426,0.0 -42.0090002,-14.434814299543,0.0 -42.0084318,-14.434700699543,0.0 -42.0079323,-14.434600899543,0.0 -41.9493342,-14.4228914995433,0.0 -41.9489482,-14.4228143995433,0.0 -41.9345343,-14.4199340995434,0.0 -41.9317621,-14.4193800995434,0.0 -41.8576093,-14.4548112995424,0.0 -41.8481721,-14.4593204995423,0.0 -41.836007,-14.4651331995421,0.0 -41.8226946,-14.4660250995421,0.0 -41.8134813,-14.4666423995421,0.0 -41.7932972,-14.467994699542,0.0 -41.7939995,-14.468375899542,0.0 -41.7949886,-14.468920699542,0.0 -41.7965115,-14.4712049995419,0.0 -41.7970825,-14.4730609995419,0.0 -41.7980343,-14.4744409995418,0.0 -41.7993668,-14.4761066995418,0.0 -41.8023649,-14.4787716995417,0.0 -41.8039354,-14.4794378995417,0.0 -41.80641,-14.4809131995416,0.0 -41.8081697,-14.4822547995416,0.0 -41.8096461,-14.4840540995416,0.0 -41.8114069,-14.4853865995415,0.0 -41.8128822,-14.4857196995415,0.0 -41.8144526,-14.4855768995415,0.0 -41.8159755,-14.4857672995415,0.0 -41.8175935,-14.4861479995415,0.0 -41.8183549,-14.4867665995415,0.0 -41.818117,-14.4877659995415,0.0 -41.8173556,-14.4888605995414,0.0 -41.8159755,-14.4899550995414,0.0 -41.8150713,-14.4911923995414,0.0 -41.8146463,-14.4924894995413,0.0 -41.8145432,-14.4928042995413,0.0 -41.8137367,-14.4930853995413,0.0 -41.8121207,-14.4934290995413,0.0 -41.8104551,-14.4941429995413,0.0 -41.8087419,-14.4948091995413,0.0 -41.8072089,-14.4955490995412,0.0 -41.8071767,-14.4955645995412,0.0 -41.8020613,-14.4955401995412,0.0 -41.802054,-14.4956574995412,0.0 -41.8020826,-14.4957502995412,0.0 -41.8021679,-14.4958636995412,0.0 -41.8023771,-14.4960590995412,0.0 -41.8025031,-14.4963501995412,0.0 -41.8025718,-14.4965796995412,0.0 -41.8025377,-14.4968139995412,0.0 -41.8023705,-14.4970047995412,0.0 -41.8021475,-14.4971880995412,0.0 -41.8017093,-14.4975789995412,0.0 -41.8015535,-14.4979420995412,0.0 -41.8015345,-14.4984978995411,0.0 -41.801539,-14.4988536995411,0.0 -41.8016339,-14.4991026995411,0.0 -41.8019889,-14.4996855995411,0.0 -41.8023786,-14.5002327995411,0.0 -41.8025715,-14.5003598995411,0.0 -41.8026544,-14.5007812995411,0.0 -41.8026344,-14.5011130995411,0.0 -41.8025175,-14.5014693995411,0.0 -41.8021815,-14.501884399541,0.0 -41.8018486,-14.502019299541,0.0 -41.8016399,-14.502159099541,0.0 -41.8008138,-14.502305399541,0.0 -41.8002692,-14.502346199541,0.0 -41.7998483,-14.502488499541,0.0 -41.7996243,-14.502816299541,0.0 -41.7996123,-14.503262699541,0.0 -41.7997749,-14.503585899541,0.0 -41.7999888,-14.503856999541,0.0 -41.8003262,-14.504076099541,0.0 -41.8007523,-14.504344599541,0.0 -41.8011088,-14.504752299541,0.0 -41.8016407,-14.5053202995409,0.0 -41.8018398,-14.5056728995409,0.0 -41.8019889,-14.5058833995409,0.0 -41.8023062,-14.5060457995409,0.0 -41.8025744,-14.5060660995409,0.0 -41.8029372,-14.5059433995409,0.0 -41.8031289,-14.5057044995409,0.0 -41.8033464,-14.5056070995409,0.0 -41.8036883,-14.5056643995409,0.0 -41.8039364,-14.5058555995409,0.0 -41.8039566,-14.5059113995409,0.0 -41.8041055,-14.5063205995409,0.0 -41.8040775,-14.5068284995409,0.0 -41.8038498,-14.5073667995409,0.0 -41.803654,-14.5075741995409,0.0 -41.8033638,-14.5077257995409,0.0 -41.8026655,-14.5079282995409,0.0 -41.8024676,-14.5080444995409,0.0 -41.8022947,-14.5082289995409,0.0 -41.8022264,-14.5083209995409,0.0 -41.8021927,-14.5084460995409,0.0 -41.8022298,-14.5085937995408,0.0 -41.8022898,-14.5087185995408,0.0 -41.8024778,-14.5088535995408,0.0 -41.8037628,-14.5094433995408,0.0 -41.8043494,-14.5097199995408,0.0 -41.8048376,-14.5099038995408,0.0 -41.8055686,-14.5100133995408,0.0 -41.8058854,-14.5102110995408,0.0 -41.806108,-14.5105154995408,0.0 -41.8061845,-14.5107746995408,0.0 -41.8060917,-14.5111307995408,0.0 -41.8057809,-14.5115598995408,0.0 -41.8056131,-14.5117036995408,0.0 -41.8053699,-14.5117544995408,0.0 -41.8051514,-14.5117805995408,0.0 -41.8049085,-14.5117834995408,0.0 -41.8046898,-14.5117860995408,0.0 -41.8045207,-14.5118350995408,0.0 -41.8044014,-14.5120026995408,0.0 -41.8041624,-14.5123839995407,0.0 -41.8037799,-14.5128618995407,0.0 -41.8033941,-14.5131500995407,0.0 -41.8030325,-14.5133666995407,0.0 -41.8028402,-14.5135586995407,0.0 -41.8027462,-14.5138198995407,0.0 -41.8027501,-14.5141277995407,0.0 -41.8029293,-14.5148112995407,0.0 -41.8030603,-14.5156478995406,0.0 -41.8031844,-14.5158585995406,0.0 -41.8033574,-14.5160461995406,0.0 -41.8037503,-14.5163964995406,0.0 -41.80385,-14.5165840995406,0.0 -41.8038765,-14.5167733995406,0.0 -41.8038078,-14.5170578995406,0.0 -41.8037619,-14.5173184995406,0.0 -41.8036669,-14.5175083995406,0.0 -41.8035711,-14.5176278995406,0.0 -41.8035491,-14.5177943995406,0.0 -41.8036253,-14.5180300995406,0.0 -41.8037283,-14.5184776995406,0.0 -41.8037905,-14.5190757995405,0.0 -41.8037815,-14.5193929995405,0.0 -41.8038151,-14.5199931995405,0.0 -41.8037752,-14.5203603995405,0.0 -41.8037785,-14.5206195995405,0.0 -41.8039151,-14.5209421995405,0.0 -41.8041173,-14.5210905995405,0.0 -41.8042949,-14.5211317995405,0.0 -41.8044497,-14.5211299995405,0.0 -41.8046471,-14.5209758995405,0.0 -41.804909,-14.5206493995405,0.0 -41.8050409,-14.5205176995405,0.0 -41.8054167,-14.5204707995405,0.0 -41.8056175,-14.5205107995405,0.0 -41.8057517,-14.5206392995405,0.0 -41.8057761,-14.5208114995405,0.0 -41.8057588,-14.5212000995405,0.0 -41.8057398,-14.5214595995405,0.0 -41.805765,-14.5216967995405,0.0 -41.8058112,-14.5218253995405,0.0 -41.8059015,-14.5219326995405,0.0 -41.8061025,-14.5220594995405,0.0 -41.8063029,-14.5221437995405,0.0 -41.8065695,-14.5221829995405,0.0 -41.8067263,-14.5222678995405,0.0 -41.8067279,-14.5223969995405,0.0 -41.8067306,-14.5226127995404,0.0 -41.8067315,-14.5226778995404,0.0 -41.8067552,-14.5228717995404,0.0 -41.8068231,-14.5229576995404,0.0 -41.8069571,-14.5229984995404,0.0 -41.8071119,-14.5229965995404,0.0 -41.8071572,-14.5230610995404,0.0 -41.8071811,-14.5231899995404,0.0 -41.8071838,-14.5234057995404,0.0 -41.8072077,-14.5235355995404,0.0 -41.8072757,-14.5237072995404,0.0 -41.8073218,-14.5238358995404,0.0 -41.8073232,-14.5239442995404,0.0 -41.8073029,-14.5240953995404,0.0 -41.8071269,-14.5241841995404,0.0 -41.8069734,-14.5242934995404,0.0 -41.8068858,-14.5244019995404,0.0 -41.8067781,-14.5246841995404,0.0 -41.8066749,-14.5252462995404,0.0 -41.8065482,-14.5257879995404,0.0 -41.8064024,-14.5263596995403,0.0 -41.8063846,-14.5264176995403,0.0 -41.8063382,-14.5265599995403,0.0 -41.8061004,-14.5269647995403,0.0 -41.8059334,-14.5272512995403,0.0 -41.805839,-14.5274881995403,0.0 -41.8058179,-14.5277250995403,0.0 -41.8058717,-14.5281624995403,0.0 -41.8061181,-14.5284431995403,0.0 -41.806364,-14.5286768995403,0.0 -41.8064875,-14.5288415995403,0.0 -41.8065388,-14.5290061995403,0.0 -41.8064917,-14.5291720995403,0.0 -41.8064685,-14.5292436995403,0.0 -41.8062753,-14.5293642995403,0.0 -41.8061545,-14.5294127995402,0.0 -41.8060587,-14.5294608995403,0.0 -41.8060357,-14.5296272995402,0.0 -41.8060378,-14.5297925995402,0.0 -41.8060597,-14.5298392995402,0.0 -41.8061378,-14.5300044995402,0.0 -41.8062367,-14.5301216995402,0.0 -41.8065063,-14.5303306995402,0.0 -41.8067766,-14.5305171995402,0.0 -41.8071428,-14.5306545995402,0.0 -41.8078015,-14.5308362995402,0.0 -41.8082912,-14.5311375995402,0.0 -41.8085633,-14.5314657995402,0.0 -41.8087863,-14.5317936995402,0.0 -41.8088875,-14.5321004995402,0.0 -41.8090283,-14.5324947995402,0.0 -41.8091691,-14.5328891995402,0.0 -41.8327762,-14.5327784995402,0.0 -41.8347949,-14.5346216995401,0.0 -41.8376503,-14.5355734995401,0.0 -41.8421712,-14.5345026995401,0.0 -41.8453835,-14.5340267995401,0.0 -41.8460973,-14.5342647995401,0.0 -41.8482389,-14.5352165995401,0.0 -41.8502614,-14.5350975995401,0.0 -41.8540685,-14.5343836995401,0.0 -41.856329,-14.5360493995401,0.0 -41.8577567,-14.53807189954,0.0 -41.8596603,-14.5410461995399,0.0 -41.8606121,-14.5442584995398,0.0 -41.8616828,-14.5456861995398,0.0 -41.8639433,-14.5478276995397,0.0 -41.8641812,-14.5498501995397,0.0 -41.8632295,-14.5515158995396,0.0 -41.8622777,-14.5540142995395,0.0 -41.8616828,-14.5568696995395,0.0 -41.8622777,-14.5594870995394,0.0 -41.8645382,-14.5611526995393,0.0 -41.8677504,-14.5618664995393,0.0 -41.8704868,-14.5618664995393,0.0 -41.8725094,-14.5618664995393,0.0 -41.8746509,-14.5646028995392,0.0 -41.874056,-14.5665064995392,0.0 -41.8736991,-14.5687669995391,0.0 -41.8712007,-14.572098199539,0.0 -41.8675125,-14.5751914995389,0.0 -41.8650141,-14.5750724995389,0.0 -41.8623967,-14.5753104995389,0.0 -41.8619208,-14.5785226995388,0.0 -41.8616676,-14.5801845995388,0.0 -41.8605373,-14.5814932995388,0.0 -41.8580389,-14.5820880995387,0.0 -41.8551241,-14.5824449995387,0.0 -41.8528041,-14.5823855995387,0.0 -41.8507816,-14.5814337995388,0.0 -41.8491236,-14.5789468995388,0.0 -41.8491159,-14.5789352995388,0.0 -41.8468554,-14.5768532995389,0.0 -41.8451319,-14.5761192995389,0.0 -41.8543768,-14.6049089995381,0.0 -41.8681901,-14.6479250995368,0.0 -41.868193,-14.6479564995368,0.0 -41.8682007,-14.6479844995368,0.0 -41.8690145,-14.6660626995363,0.0 -41.8762894,-14.6920872995356,0.0 -41.8762877,-14.6920872995356,0.0 -41.8762877,-14.6920889995356,0.0 -41.876296,-14.6920906995356,0.0 -41.8763077,-14.6920922995356,0.0 -41.8763194,-14.6920939995356,0.0 -41.8763577,-14.6921039995356,0.0 -41.876416,-14.6921072995356,0.0 -41.876486,-14.6921105995356,0.0 -41.8765627,-14.6921123995356,0.0 -41.8766427,-14.6921105995356,0.0 -41.876726,-14.6921072995356,0.0 -41.8768144,-14.6921022995356,0.0 -41.8769077,-14.6920956995356,0.0 -41.8770044,-14.6920872995356,0.0 -41.877206,-14.6920672995356,0.0 -41.8773144,-14.6920539995356,0.0 -41.8774244,-14.6920405995356,0.0 -41.8775344,-14.6920272995356,0.0 -41.8776461,-14.6920122995356,0.0 -41.8777577,-14.6919989995356,0.0 -41.8778694,-14.6919855995356,0.0 -41.8779793,-14.6919739995356,0.0 -41.8780894,-14.6919589995356,0.0 -41.878201,-14.6919422995356,0.0 -41.8783077,-14.6919222995356,0.0 -41.8785161,-14.6918822995356,0.0 -41.8786194,-14.6918639995356,0.0 -41.878721,-14.6918473995356,0.0 -41.8788177,-14.6918289995356,0.0 -41.8789094,-14.6918122995356,0.0 -41.8789927,-14.6917956995356,0.0 -41.8790727,-14.6917789995356,0.0 -41.8791494,-14.6917623995356,0.0 -41.879226,-14.6917439995356,0.0 -41.879296,-14.6917289995356,0.0 -41.8793577,-14.6917172995356,0.0 -41.8794111,-14.6917089995356,0.0 -41.879456,-14.6917022995356,0.0 -41.8794943,-14.6916989995356,0.0 -41.8795327,-14.6916956995356,0.0 -41.8795744,-14.6916889995356,0.0 -41.8796144,-14.6916789995356,0.0 -41.8796527,-14.6916706995356,0.0 -41.879696,-14.6916606995356,0.0 -41.8797494,-14.6916522995356,0.0 -41.8798194,-14.6916472995356,0.0 -41.8799011,-14.6916439995356,0.0 -41.8799927,-14.6916505995356,0.0 -41.880081,-14.6916539995356,0.0 -41.8801694,-14.6916572995356,0.0 -41.8802527,-14.6916672995356,0.0 -41.880331,-14.6916806995356,0.0 -41.8804027,-14.6916956995356,0.0 -41.8804727,-14.6917172995356,0.0 -41.8806044,-14.6917789995356,0.0 -41.8806744,-14.6918173995356,0.0 -41.8807494,-14.6918539995356,0.0 -41.8808261,-14.6918806995356,0.0 -41.8809044,-14.6919005995356,0.0 -41.8809811,-14.6919122995356,0.0 -41.8810511,-14.6919173995356,0.0 -41.881116,-14.6919222995356,0.0 -41.8811777,-14.6919272995356,0.0 -41.8812311,-14.6919323995356,0.0 -41.8812777,-14.6919389995356,0.0 -41.8813161,-14.6919439995356,0.0 -41.881351,-14.6919489995356,0.0 -41.8813827,-14.6919556995356,0.0 -41.881411,-14.6919606995356,0.0 -41.8814344,-14.6919656995356,0.0 -41.8814527,-14.6919689995356,0.0 -41.8814677,-14.6919723995356,0.0 -41.8814827,-14.6919756995356,0.0 -41.881496,-14.6919789995356,0.0 -41.8815077,-14.6919806995356,0.0 -41.8815111,-14.6919772995356,0.0 -41.8815111,-14.6919756995356,0.0 -41.8815144,-14.6919772995356,0.0 -41.8815261,-14.6919806995356,0.0 -41.8815543,-14.6919873995356,0.0 -41.8815961,-14.6919989995356,0.0 -41.881646,-14.6920139995356,0.0 -41.8816977,-14.6920339995356,0.0 -41.8817493,-14.6920573995356,0.0 -41.8818044,-14.6920839995356,0.0 -41.8818594,-14.6921105995356,0.0 -41.8819144,-14.6921389995356,0.0 -41.8819677,-14.6921656995356,0.0 -41.882021,-14.6921939995356,0.0 -41.8820744,-14.6922222995356,0.0 -41.882126,-14.6922472995356,0.0 -41.8821777,-14.6922689995356,0.0 -41.8822294,-14.6922872995356,0.0 -41.8822794,-14.6923039995356,0.0 -41.8823344,-14.6923156995356,0.0 -41.8823927,-14.6923272995356,0.0 -41.8824477,-14.6923422995356,0.0 -41.8825077,-14.6923556995356,0.0 -41.8825644,-14.6923706995356,0.0 -41.8826193,-14.6923822995356,0.0 -41.8826743,-14.6923939995356,0.0 -41.8827277,-14.6924006995356,0.0 -41.8827794,-14.6924106995356,0.0 -41.8828327,-14.6924272995356,0.0 -41.882891,-14.6924506995356,0.0 -41.882951,-14.6924739995356,0.0 -41.883016,-14.6924889995356,0.0 -41.8830811,-14.6924972995356,0.0 -41.883206,-14.6925122995356,0.0 -41.8832594,-14.6925239995356,0.0 -41.8833144,-14.6925372995356,0.0 -41.8833694,-14.6925539995356,0.0 -41.8834177,-14.6925672995356,0.0 -41.8834644,-14.6925789995356,0.0 -41.8835127,-14.6925889995356,0.0 -41.8835677,-14.6925972995356,0.0 -41.8836294,-14.6926072995356,0.0 -41.883696,-14.6926206995356,0.0 -41.8837594,-14.6926323995356,0.0 -41.8838194,-14.6926439995356,0.0 -41.8838877,-14.6926556995356,0.0 -41.8839527,-14.6926739995356,0.0 -41.8840211,-14.6926956995356,0.0 -41.884101,-14.6927106995356,0.0 -41.8841827,-14.6927306995356,0.0 -41.8842611,-14.6927489995355,0.0 -41.884341,-14.6927639995355,0.0 -41.884421,-14.6927705995355,0.0 -41.8844994,-14.6927689995355,0.0 -41.8845777,-14.6927672995355,0.0 -41.8846494,-14.6927705995355,0.0 -41.8847177,-14.6927756995355,0.0 -41.8847827,-14.6927889995355,0.0 -41.8848477,-14.6928039995356,0.0 -41.8849077,-14.6928189995355,0.0 -41.884966,-14.6928439995355,0.0 -41.885026,-14.6928739995355,0.0 -41.885091,-14.6929123995355,0.0 -41.8851543,-14.6929606995355,0.0 -41.8851844,-14.6929873995355,0.0 -41.8852144,-14.6930139995355,0.0 -41.885276,-14.6930722995355,0.0 -41.885391,-14.6932239995355,0.0 -41.885446,-14.6933106995355,0.0 -41.8855044,-14.6933989995355,0.0 -41.8855611,-14.6934889995355,0.0 -41.8856194,-14.6935789995355,0.0 -41.8856794,-14.6936673995355,0.0 -41.8857427,-14.6937523995355,0.0 -41.8858094,-14.6938322995355,0.0 -41.8858794,-14.6939106995355,0.0 -41.885951,-14.6939856995355,0.0 -41.8860194,-14.6940623995355,0.0 -41.8860877,-14.6941356995355,0.0 -41.8861544,-14.6942056995355,0.0 -41.8862244,-14.6942705995355,0.0 -41.8862927,-14.6943306995355,0.0 -41.8863577,-14.6943872995355,0.0 -41.8864194,-14.6944389995355,0.0 -41.8865444,-14.6945339995355,0.0 -41.886606,-14.6945806995355,0.0 -41.886666,-14.6946239995355,0.0 -41.8867243,-14.6946639995355,0.0 -41.8867844,-14.6947039995355,0.0 -41.8868427,-14.6947389995355,0.0 -41.886901,-14.6947706995355,0.0 -41.8869577,-14.6947989995355,0.0 -41.887011,-14.6948256995355,0.0 -41.8870577,-14.6948522995355,0.0 -41.8871027,-14.6948789995355,0.0 -41.8871461,-14.6949106995355,0.0 -41.887191,-14.6949439995355,0.0 -41.887236,-14.6949789995355,0.0 -41.887281,-14.6950156995355,0.0 -41.8873244,-14.6950539995355,0.0 -41.887366,-14.6950955995355,0.0 -41.8874044,-14.6951406995355,0.0 -41.8874377,-14.6951856995355,0.0 -41.887466,-14.6952289995355,0.0 -41.8874927,-14.6952739995355,0.0 -41.8875192,-14.6953236995355,0.0 -41.8875427,-14.6953755995355,0.0 -41.8875627,-14.6954322995355,0.0 -41.8875811,-14.6954906995355,0.0 -41.887601,-14.6955506995355,0.0 -41.8876177,-14.6956139995355,0.0 -41.887631,-14.6956806995355,0.0 -41.8876394,-14.6957439995355,0.0 -41.887641,-14.6958022995355,0.0 -41.8876394,-14.6958539995355,0.0 -41.8876377,-14.6959022995355,0.0 -41.8876344,-14.6959789995355,0.0 -41.8876327,-14.6960289995355,0.0 -41.8876327,-14.6960905995355,0.0 -41.8876377,-14.6961623995355,0.0 -41.887646,-14.6962372995355,0.0 -41.8876527,-14.6963155995354,0.0 -41.887656,-14.6963989995354,0.0 -41.8876493,-14.6964806995354,0.0 -41.8876394,-14.6965555995354,0.0 -41.8876327,-14.6966239995354,0.0 -41.8876294,-14.6966823995354,0.0 -41.8876294,-14.6967339995354,0.0 -41.8876344,-14.6967822995354,0.0 -41.8876511,-14.6968289995354,0.0 -41.8876777,-14.6969172995354,0.0 -41.8876844,-14.6969672995354,0.0 -41.8876911,-14.6970189995354,0.0 -41.887701,-14.6970672995354,0.0 -41.8877094,-14.6971139995354,0.0 -41.8877144,-14.6971573995354,0.0 -41.8877144,-14.6972006995354,0.0 -41.8877127,-14.6972405995354,0.0 -41.8877044,-14.6972789995354,0.0 -41.887696,-14.6973189995354,0.0 -41.8876911,-14.6973606995354,0.0 -41.887686,-14.6973973995354,0.0 -41.8876877,-14.6974355995354,0.0 -41.8876894,-14.6974739995354,0.0 -41.887696,-14.6975122995354,0.0 -41.8877044,-14.6975489995354,0.0 -41.8877127,-14.6975839995354,0.0 -41.887726,-14.6976239995354,0.0 -41.8877427,-14.6976739995354,0.0 -41.8877644,-14.6977356995354,0.0 -41.8877927,-14.6978039995354,0.0 -41.887826,-14.6978806995354,0.0 -41.887866,-14.6979539995354,0.0 -41.8879127,-14.6980239995354,0.0 -41.8879611,-14.6980922995354,0.0 -41.8880027,-14.6981606995354,0.0 -41.888036,-14.6982306995354,0.0 -41.8880594,-14.6982989995354,0.0 -41.8880777,-14.6983639995354,0.0 -41.8880944,-14.6984272995354,0.0 -41.8881127,-14.6984906995354,0.0 -41.888136,-14.6985506995354,0.0 -41.888161,-14.6986072995354,0.0 -41.8881844,-14.6986573995354,0.0 -41.8882294,-14.6987372995354,0.0 -41.8882544,-14.6987672995354,0.0 -41.8882811,-14.6987939995354,0.0 -41.8883093,-14.6988172995354,0.0 -41.8883394,-14.6988389995354,0.0 -41.8883643,-14.6988606995354,0.0 -41.8883877,-14.6988889995354,0.0 -41.888411,-14.6989239995354,0.0 -41.8884361,-14.6989639995354,0.0 -41.8884644,-14.6990089995354,0.0 -41.8884994,-14.6990556995354,0.0 -41.888536,-14.6991006995354,0.0 -41.8885794,-14.6991439995354,0.0 -41.8886227,-14.6991856995354,0.0 -41.8886677,-14.6992239995354,0.0 -41.888706,-14.6992606995354,0.0 -41.8887377,-14.6992956995354,0.0 -41.888761,-14.6993272995354,0.0 -41.8887794,-14.6993573995354,0.0 -41.8887944,-14.6993873995354,0.0 -41.8888077,-14.6994039995354,0.0 -41.8888161,-14.6994122995354,0.0 -41.8888199,-14.6994129995354,0.0 -41.888821,-14.6994122995354,0.0 -41.8888794,-14.6994172995354,0.0 -41.888881,-14.6994172995354,0.0 -41.8888827,-14.6994172995354,0.0 -41.8888877,-14.6994206995354,0.0 -41.8888961,-14.6994255995354,0.0 -41.888906,-14.6994322995354,0.0 -41.8889344,-14.6994589995354,0.0 -41.888951,-14.6994772995354,0.0 -41.8889677,-14.6995006995354,0.0 -41.8889811,-14.6995255995354,0.0 -41.8889977,-14.6995539995354,0.0 -41.8890127,-14.6995856995354,0.0 -41.8890294,-14.6996206995354,0.0 -41.8890477,-14.6996689995353,0.0 -41.889071,-14.6997306995353,0.0 -41.8890977,-14.6998006995354,0.0 -41.8891277,-14.6998689995353,0.0 -41.889161,-14.6999339995353,0.0 -41.889196,-14.6999939995353,0.0 -41.8892344,-14.7000472995353,0.0 -41.8892727,-14.7000939995353,0.0 -41.8893094,-14.7001322995353,0.0 -41.889341,-14.7001622995353,0.0 -41.8893727,-14.7001872995353,0.0 -41.8894027,-14.7002072995353,0.0 -41.889436,-14.7002222995353,0.0 -41.8894777,-14.7002356995353,0.0 -41.8895294,-14.7002539995353,0.0 -41.8895877,-14.7002756995353,0.0 -41.889651,-14.7003039995353,0.0 -41.8897144,-14.7003372995353,0.0 -41.8897777,-14.7003722995353,0.0 -41.889841,-14.7004089995353,0.0 -41.8899044,-14.7004439995353,0.0 -41.8899677,-14.7004856995353,0.0 -41.8900244,-14.7005339995353,0.0 -41.8900761,-14.7005872995353,0.0 -41.8901227,-14.7006439995353,0.0 -41.8902077,-14.7007656995353,0.0 -41.8902477,-14.7008339995353,0.0 -41.8902861,-14.7008989995353,0.0 -41.8903277,-14.7009606995353,0.0 -41.8903777,-14.7010139995353,0.0 -41.8904394,-14.7010523995353,0.0 -41.8905093,-14.7010772995353,0.0 -41.8905777,-14.7010955995353,0.0 -41.8906427,-14.7011156995353,0.0 -41.8907043,-14.7011355995353,0.0 -41.8907644,-14.7011539995353,0.0 -41.8908227,-14.7011756995353,0.0 -41.8908827,-14.7011989995353,0.0 -41.8909427,-14.7012189995353,0.0 -41.8910027,-14.7012373995353,0.0 -41.891061,-14.7012522995353,0.0 -41.891116,-14.7012689995353,0.0 -41.8911661,-14.7012905995353,0.0 -41.8912093,-14.7013122995353,0.0 -41.8912494,-14.7013339995353,0.0 -41.8912927,-14.7013589995353,0.0 -41.891341,-14.7013889995353,0.0 -41.8913877,-14.7014222995353,0.0 -41.8914277,-14.7014589995353,0.0 -41.891466,-14.7014922995353,0.0 -41.8915043,-14.7015239995353,0.0 -41.8915443,-14.7015539995353,0.0 -41.8915827,-14.7015855995353,0.0 -41.8916161,-14.7016206995353,0.0 -41.8916494,-14.7016555995353,0.0 -41.8916827,-14.7016906995353,0.0 -41.8917094,-14.7017273995353,0.0 -41.8917311,-14.7017572995353,0.0 -41.8917477,-14.7017856995353,0.0 -41.891766,-14.7018456995353,0.0 -41.8917744,-14.7018839995353,0.0 -41.8917777,-14.7019223995353,0.0 -41.8917824,-14.7019566995353,0.0 -41.8917727,-14.7019656995353,0.0 -41.8917635,-14.7019864995353,0.0 -41.891753,-14.7019981995353,0.0 -41.8917544,-14.7020122995353,0.0 -41.8917535,-14.7020205995353,0.0 -41.8917527,-14.7020289995353,0.0 -41.8917527,-14.7020406995353,0.0 -41.8917527,-14.7020522995353,0.0 -41.8917527,-14.7020672995353,0.0 -41.8917544,-14.7020856995353,0.0 -41.891761,-14.7021089995353,0.0 -41.8917693,-14.7021389995353,0.0 -41.891776,-14.7021706995353,0.0 -41.8917827,-14.7022072995353,0.0 -41.8917894,-14.7022472995353,0.0 -41.8917944,-14.7022889995353,0.0 -41.8917977,-14.7023322995353,0.0 -41.8918027,-14.7024189995353,0.0 -41.891806,-14.7024639995353,0.0 -41.8918094,-14.7025072995353,0.0 -41.8918111,-14.7025505995353,0.0 -41.8918111,-14.7025922995353,0.0 -41.8918127,-14.7026355995353,0.0 -41.8918127,-14.7026822995353,0.0 -41.8918127,-14.7027272995353,0.0 -41.8918111,-14.7027739995353,0.0 -41.8918111,-14.7028189995353,0.0 -41.8918177,-14.7028639995353,0.0 -41.8918294,-14.7029106995353,0.0 -41.8918393,-14.7029606995353,0.0 -41.8918494,-14.7030155995353,0.0 -41.891861,-14.7030739995353,0.0 -41.8918744,-14.7031356995353,0.0 -41.8918927,-14.7031989995352,0.0 -41.8919144,-14.7032622995352,0.0 -41.891946,-14.7033206995352,0.0 -41.8919844,-14.7033722995352,0.0 -41.8920277,-14.7034239995352,0.0 -41.8920727,-14.7034773995352,0.0 -41.892116,-14.7035322995352,0.0 -41.8921594,-14.7035889995352,0.0 -41.892201,-14.7036455995352,0.0 -41.8922444,-14.7037023995352,0.0 -41.8922894,-14.7037555995352,0.0 -41.892336,-14.7038056995352,0.0 -41.8923894,-14.7038489995352,0.0 -41.8924477,-14.7038906995352,0.0 -41.8925094,-14.7039289995352,0.0 -41.8925711,-14.7039639995352,0.0 -41.892631,-14.7039989995352,0.0 -41.8926894,-14.7040339995352,0.0 -41.8927477,-14.7040722995352,0.0 -41.892856,-14.7041639995352,0.0 -41.8929043,-14.7042106995352,0.0 -41.8929477,-14.7042589995352,0.0 -41.8929893,-14.7043022995352,0.0 -41.8930377,-14.7043372995352,0.0 -41.8930894,-14.7043689995352,0.0 -41.893141,-14.7044005995352,0.0 -41.893196,-14.7044305995352,0.0 -41.8932543,-14.7044639995352,0.0 -41.8933127,-14.7044956995352,0.0 -41.8933744,-14.7045273995352,0.0 -41.8934377,-14.7045506995352,0.0 -41.8935027,-14.7045705995352,0.0 -41.893571,-14.7045889995352,0.0 -41.8936377,-14.7046056995352,0.0 -41.893701,-14.7046239995352,0.0 -41.8937644,-14.7046423995352,0.0 -41.8938277,-14.7046639995352,0.0 -41.8938894,-14.7046906995352,0.0 -41.893946,-14.7047189995352,0.0 -41.8940011,-14.7047472995352,0.0 -41.894051,-14.7047739995352,0.0 -41.8940994,-14.7047989995352,0.0 -41.894146,-14.7048256995352,0.0 -41.8941894,-14.7048505995352,0.0 -41.894231,-14.7048739995352,0.0 -41.894311,-14.7049156995352,0.0 -41.894346,-14.7049372995352,0.0 -41.8943744,-14.7049539995352,0.0 -41.8943927,-14.7049639995352,0.0 -41.8944077,-14.7049506995352,0.0 -41.8944094,-14.7049506995352,0.0 -41.894411,-14.7049489995352,0.0 -41.894416,-14.7049522995352,0.0 -41.8944294,-14.7049589995352,0.0 -41.8944461,-14.7049672995352,0.0 -41.8944644,-14.7049789995352,0.0 -41.8944777,-14.7049889995352,0.0 -41.894486,-14.7049905995352,0.0 -41.8944894,-14.7049905995352,0.0 -41.8944927,-14.7049939995352,0.0 -41.8944977,-14.7049989995352,0.0 -41.894501,-14.7050089995352,0.0 -41.8945044,-14.7050272995352,0.0 -41.894506,-14.7050455995352,0.0 -41.894506,-14.7050556995352,0.0 -41.8945044,-14.7050623995352,0.0 -41.894501,-14.7050706995352,0.0 -41.8944911,-14.7050889995352,0.0 -41.894471,-14.7051106995352,0.0 -41.8944461,-14.7051406995352,0.0 -41.894411,-14.7051839995352,0.0 -41.894371,-14.7052372995352,0.0 -41.8943294,-14.7052972995352,0.0 -41.894286,-14.7053589995352,0.0 -41.8942427,-14.7054255995352,0.0 -41.8941961,-14.7054906995352,0.0 -41.894146,-14.7055556995352,0.0 -41.8940377,-14.7056972995352,0.0 -41.8939794,-14.7057706995352,0.0 -41.8939227,-14.7058455995352,0.0 -41.8938644,-14.7059139995352,0.0 -41.893806,-14.7059789995352,0.0 -41.893741,-14.7060472995352,0.0 -41.8936761,-14.7061105995352,0.0 -41.893611,-14.7061689995352,0.0 -41.8935444,-14.7062272995352,0.0 -41.8934811,-14.7062856995352,0.0 -41.8934177,-14.7063472995352,0.0 -41.8933527,-14.7064106995352,0.0 -41.8932894,-14.7064722995352,0.0 -41.8932244,-14.7065323995352,0.0 -41.8931594,-14.7065889995352,0.0 -41.8930927,-14.7066422995352,0.0 -41.8930277,-14.7066972995351,0.0 -41.892966,-14.7067506995351,0.0 -41.8929027,-14.7068072995351,0.0 -41.8928427,-14.7068622995351,0.0 -41.8927827,-14.7069156995351,0.0 -41.8927261,-14.7069706995351,0.0 -41.8926727,-14.7070239995351,0.0 -41.8926177,-14.7070739995351,0.0 -41.8925644,-14.7071239995351,0.0 -41.8925094,-14.7071722995351,0.0 -41.8924577,-14.7072172995351,0.0 -41.8924143,-14.7072556995351,0.0 -41.8923777,-14.7072906995351,0.0 -41.8923477,-14.7073173995351,0.0 -41.892326,-14.7073389995351,0.0 -41.8923077,-14.7073572995351,0.0 -41.8922743,-14.7073889995351,0.0 -41.8922527,-14.7074089995351,0.0 -41.8922294,-14.7074339995351,0.0 -41.8921927,-14.7074672995351,0.0 -41.8921444,-14.7075089995351,0.0 -41.8920844,-14.7075506995351,0.0 -41.8920127,-14.7075806995351,0.0 -41.8919327,-14.7076072995351,0.0 -41.8918494,-14.7076289995351,0.0 -41.8917627,-14.7076539995351,0.0 -41.8916744,-14.7076823995351,0.0 -41.891586,-14.7077106995351,0.0 -41.891496,-14.7077422995351,0.0 -41.8914061,-14.7077756995351,0.0 -41.8913177,-14.7078106995351,0.0 -41.8912294,-14.7078472995351,0.0 -41.8911393,-14.7078889995351,0.0 -41.8910527,-14.7079339995351,0.0 -41.8909711,-14.7079773995351,0.0 -41.8908877,-14.7080173995351,0.0 -41.8908061,-14.7080639995351,0.0 -41.8907211,-14.7081173995351,0.0 -41.890641,-14.7081756995351,0.0 -41.8904827,-14.7082973995351,0.0 -41.8904044,-14.7083539995351,0.0 -41.8903261,-14.7084105995351,0.0 -41.8902494,-14.7084673995351,0.0 -41.890181,-14.7085189995351,0.0 -41.8901127,-14.7085689995351,0.0 -41.890041,-14.7086106995351,0.0 -41.8899627,-14.7086589995351,0.0 -41.889876,-14.7087139995351,0.0 -41.8897877,-14.7087639995351,0.0 -41.889701,-14.7088106995351,0.0 -41.8896177,-14.7088572995351,0.0 -41.8895394,-14.7088989995351,0.0 -41.8894677,-14.7089339995351,0.0 -41.889391,-14.7089806995351,0.0 -41.8893227,-14.7090273995351,0.0 -41.8892694,-14.7090672995351,0.0 -41.8892127,-14.7091072995351,0.0 -41.889156,-14.7091356995351,0.0 -41.8890944,-14.7091606995351,0.0 -41.889031,-14.7091922995351,0.0 -41.888906,-14.7092672995351,0.0 -41.8888444,-14.7093039995351,0.0 -41.8887827,-14.7093322995351,0.0 -41.888721,-14.7093539995351,0.0 -41.88866,-14.7093727995351,0.0 -41.8886497,-14.7093764995351,0.0 -41.8886851,-14.7096368995351,0.0 -41.8887825,-14.7097598995351,0.0 -41.888918,-14.7101130995351,0.0 -41.8889473,-14.710366499535,0.0 -41.8890181,-14.711086399535,0.0 -41.8890746,-14.711573399535,0.0 -41.8893832,-14.712106899535,0.0 -41.8897386,-14.712395099535,0.0 -41.8901936,-14.712490499535,0.0 -41.8904633,-14.712392299535,0.0 -41.890806,-14.712414199535,0.0 -41.8910712,-14.712539199535,0.0 -41.891364,-14.712791099535,0.0 -41.8916568,-14.713043999535,0.0 -41.8919492,-14.713193799535,0.0 -41.8923176,-14.713189199535,0.0 -41.8931071,-14.713179399535,0.0 -41.8938453,-14.713221599535,0.0 -41.8948532,-14.7137978995349,0.0 -41.8953876,-14.7143546995349,0.0 -41.8958715,-14.7148842995349,0.0 -41.896718,-14.7154642995349,0.0 -41.8977443,-14.7159553995349,0.0 -41.8983664,-14.7161995995349,0.0 -41.898802,-14.7162997995349,0.0 -41.8989915,-14.7163127995349,0.0 -41.8992996,-14.7167351995349,0.0 -41.8998632,-14.7176068995348,0.0 -41.9004776,-14.7185275995348,0.0 -41.9007361,-14.7190608995348,0.0 -41.9009515,-14.7200542995348,0.0 -41.9012159,-14.7210272995347,0.0 -41.9015258,-14.7216582995347,0.0 -41.9020374,-14.7223842995347,0.0 -41.9026473,-14.7229618995347,0.0 -41.9029547,-14.7233978995347,0.0 -41.9032126,-14.7238822995347,0.0 -41.9033192,-14.7243695995346,0.0 -41.9035261,-14.7248555995346,0.0 -41.9038341,-14.7253393995346,0.0 -41.9043419,-14.7257728995346,0.0 -41.9052051,-14.7264944995346,0.0 -41.9054116,-14.7268819995346,0.0 -41.9054669,-14.7272723995346,0.0 -41.905625,-14.7278555995345,0.0 -41.905836,-14.7285853995345,0.0 -41.9060416,-14.7289738995345,0.0 -41.9063483,-14.7293601995345,0.0 -41.9069585,-14.7298898995345,0.0 -41.9070618,-14.7300519995345,0.0 -41.9072095,-14.7309171995345,0.0 -41.9070608,-14.7314525995344,0.0 -41.9066444,-14.7324638995344,0.0 -41.9063569,-14.7329707995344,0.0 -41.9060594,-14.7335060995344,0.0 -41.9055835,-14.7345768995344,0.0 -41.9046317,-14.7360045995343,0.0 -41.9030256,-14.7367778995343,0.0 -41.9010291,-14.7389072995342,0.0 -41.9010161,-14.7389169995342,0.0 -41.9010153,-14.7389184995342,0.0 -41.9010303,-14.7389157995342,0.0 -41.9024259,-14.7386660995342,0.0 -41.9039249,-14.7383805995342,0.0 -41.9065304,-14.7382734995342,0.0 -41.9088861,-14.7379522995342,0.0 -41.9105993,-14.7374882995343,0.0 -41.9120984,-14.7369885995343,0.0 -41.9128122,-14.7362390995343,0.0 -41.913279,-14.7356822995343,0.0 -41.913883,-14.7357036995343,0.0 -41.9144184,-14.7363104995343,0.0 -41.9151679,-14.7363460995343,0.0 -41.9163457,-14.7362033995343,0.0 -41.9175236,-14.7362747995343,0.0 -41.9189586,-14.7364694995343,0.0 -41.9197365,-14.7364531995343,0.0 -41.9206644,-14.7369171995343,0.0 -41.9214734,-14.7375828995343,0.0 -41.9222706,-14.7384162995342,0.0 -41.922913,-14.7389872995342,0.0 -41.9238767,-14.7395940995342,0.0 -41.9248404,-14.7401294995342,0.0 -41.9253044,-14.7401651995342,0.0 -41.9259565,-14.7226339995347,0.0 -41.9266421,-14.7042042995352,0.0 -41.9369138,-14.7020938995353,0.0 -41.9442671,-14.7028043995353,0.0 -41.9587943,-14.7070435995351,0.0 -41.9641692,-14.7086120995351,0.0 -41.9641854,-14.7085806995351,0.0 -41.9642307,-14.7085592995351,0.0 -41.9642854,-14.7085378995351,0.0 -41.9643282,-14.7084902995351,0.0 -41.964371,-14.7084521995351,0.0 -41.9644243,-14.7084092995351,0.0 -41.9644647,-14.7083271995351,0.0 -41.964507,-14.7082491995351,0.0 -41.9645474,-14.7081742995351,0.0 -41.9645861,-14.7081007995351,0.0 -41.9646265,-14.7080224995351,0.0 -41.9646644,-14.7079377995351,0.0 -41.9646914,-14.7078490995351,0.0 -41.9647091,-14.7077592995351,0.0 -41.9647167,-14.7076656995351,0.0 -41.9647141,-14.7075654995351,0.0 -41.9647022,-14.7074575995351,0.0 -41.9646856,-14.7073451995351,0.0 -41.9646689,-14.7072319995351,0.0 -41.9646532,-14.7071180995351,0.0 -41.9646394,-14.7070038995351,0.0 -41.964627,-14.7068908995351,0.0 -41.9646167,-14.7067780995351,0.0 -41.9646058,-14.7066652995352,0.0 -41.9645918,-14.7065528995352,0.0 -41.9645762,-14.7064416995352,0.0 -41.9645624,-14.7063319995352,0.0 -41.9645474,-14.7062244995352,0.0 -41.9645309,-14.7061190995352,0.0 -41.9645162,-14.7060151995352,0.0 -41.9645055,-14.7059126995352,0.0 -41.9644994,-14.7058110995352,0.0 -41.9644973,-14.7057113995352,0.0 -41.9644961,-14.7056140995352,0.0 -41.9644946,-14.7055180995352,0.0 -41.9644938,-14.7054229995352,0.0 -41.9644936,-14.7053294995352,0.0 -41.9644934,-14.7052378995352,0.0 -41.9644918,-14.7051479995352,0.0 -41.9644891,-14.7050603995352,0.0 -41.9644879,-14.7049756995352,0.0 -41.9644895,-14.7048935995352,0.0 -41.9644917,-14.7048129995352,0.0 -41.9644942,-14.7047341995352,0.0 -41.9644971,-14.7046600995352,0.0 -41.9644988,-14.7045911995352,0.0 -41.9644989,-14.7045257995352,0.0 -41.9644968,-14.7044621995352,0.0 -41.9644925,-14.7044001995352,0.0 -41.9644871,-14.7043384995352,0.0 -41.9644819,-14.7042758995352,0.0 -41.9644757,-14.7042120995352,0.0 -41.9644674,-14.7041462995352,0.0 -41.9644594,-14.7040796995352,0.0 -41.9644508,-14.7040149995352,0.0 -41.9644418,-14.7039511995352,0.0 -41.9644321,-14.7038846995352,0.0 -41.9644227,-14.7038155995352,0.0 -41.9644137,-14.7037429995352,0.0 -41.9644048,-14.7036680995352,0.0 -41.9643967,-14.7035882995352,0.0 -41.9643892,-14.7035043995352,0.0 -41.9643829,-14.7034167995352,0.0 -41.964377,-14.7033271995352,0.0 -41.9643717,-14.7032361995352,0.0 -41.9643721,-14.7031440995353,0.0 -41.9643796,-14.7030499995353,0.0 -41.9643936,-14.7029530995353,0.0 -41.9644155,-14.7028549995353,0.0 -41.9644458,-14.7027551995353,0.0 -41.9644798,-14.7026539995353,0.0 -41.9645158,-14.7025519995353,0.0 -41.9645562,-14.7024504995353,0.0 -41.9646013,-14.7023508995353,0.0 -41.964651,-14.7022533995353,0.0 -41.9647071,-14.7021611995353,0.0 -41.96477,-14.7020749995353,0.0 -41.9648388,-14.7019955995353,0.0 -41.964911,-14.7019192995353,0.0 -41.9649851,-14.7018457995353,0.0 -41.9650634,-14.7017744995353,0.0 -41.9651457,-14.7017025995353,0.0 -41.9652288,-14.7016304995353,0.0 -41.9653098,-14.7015566995353,0.0 -41.9653868,-14.7014806995353,0.0 -41.965458,-14.7014011995353,0.0 -41.9655247,-14.7013172995353,0.0 -41.9655866,-14.7012316995353,0.0 -41.9656449,-14.7011462995353,0.0 -41.9657009,-14.7010611995353,0.0 -41.965755,-14.7009764995353,0.0 -41.9658074,-14.7008927995353,0.0 -41.9658564,-14.7008075995353,0.0 -41.9659022,-14.7007220995353,0.0 -41.9659436,-14.7006369995353,0.0 -41.9659733,-14.7005514995353,0.0 -41.9659888,-14.7004629995353,0.0 -41.9659924,-14.7003729995353,0.0 -41.9659874,-14.7002817995353,0.0 -41.9659802,-14.7001897995353,0.0 -41.9659757,-14.7000976995353,0.0 -41.9659784,-14.7000048995353,0.0 -41.9659906,-14.6999125995353,0.0 -41.966011,-14.6998224995353,0.0</coordinates>
</LinearRing>
</outerBoundaryIs>
</Polygon>
</MultiGeometry>
</Placemark>
</Folder>
</Document></kml>
