<?xml version='1.0' encoding='UTF-8'?>
<kml xmlns:xsd="http://www.w3.org/2001/XMLSchema" xmlns:gx="http://www.google.com/kml/ext/2.2" xmlns:atom="http://www.w3.org/2005/Atom" xmlns="http://www.opengis.net/kml/2.2">
<Document>
<name>belem_do_brejo_do_cruz_2502003_localidades_2022</name>
<visibility>1</visibility>
<Schema name="Localidades" id="kml_schema_ft_Localidades">
<SimpleField type="xsd:string" name="CD_UF">
<displayName>CD_UF</displayName>
</SimpleField>
<SimpleField type="xsd:string" name="NM_UF">
<displayName>NM_UF</displayName>
</SimpleField>
<SimpleField type="xsd:string" name="SIGLA_UF">
<displayName>SIGLA_UF</displayName>
</SimpleField>
<SimpleField type="xsd:string" name="CD_MUN">
<displayName>CD_MUN</displayName>
</SimpleField>
<SimpleField type="xsd:string" name="NM_MUN">
<displayName>NM_MUN</displayName>
</SimpleField>
<SimpleField type="xsd:string" name="CD_RGINT">
<displayName>CD_RGINT</displayName>
</SimpleField>
<SimpleField type="xsd:string" name="NM_RGINT">
<displayName>NM_RGINT</displayName>
</SimpleField>
<SimpleField type="xsd:string" name="CD_RGI">
<displayName>CD_RGI</displayName>
</SimpleField>
<SimpleField type="xsd:string" name="NM_RGI">
<displayName>NM_RGI</displayName>
</SimpleField>
<SimpleField type="xsd:string" name="CT_LOCALIDADE">
<displayName>CT_LOCALIDADE</displayName>
</SimpleField>
<SimpleField type="xsd:string" name="SCT_LOCALIDADE">
<displayName>SCT_LOCALIDADE</displayName>
</SimpleField>
<SimpleField type="xsd:string" name="CD_LOCALIDADE">
<displayName>CD_LOCALIDADE</displayName>
</SimpleField>
<SimpleField type="xsd:string" name="NM_LOCALIDADE">
<displayName>NM_LOCALIDADE</displayName>
</SimpleField>
</Schema>
<Schema name="01. Cidade" id="kml_schema_ft_01._Cidade">
<SimpleField type="xsd:string" name="CD_UF">
<displayName>CD_UF</displayName>
</SimpleField>
<SimpleField type="xsd:string" name="NM_UF">
<displayName>NM_UF</displayName>
</SimpleField>
<SimpleField type="xsd:string" name="SIGLA_UF">
<displayName>SIGLA_UF</displayName>
</SimpleField>
<SimpleField type="xsd:string" name="CD_MUN">
<displayName>CD_MUN</displayName>
</SimpleField>
<SimpleField type="xsd:string" name="NM_MUN">
<displayName>NM_MUN</displayName>
</SimpleField>
<SimpleField type="xsd:string" name="CD_RGINT">
<displayName>CD_RGINT</displayName>
</SimpleField>
<SimpleField type="xsd:string" name="NM_RGINT">
<displayName>NM_RGINT</displayName>
</SimpleField>
<SimpleField type="xsd:string" name="CD_RGI">
<displayName>CD_RGI</displayName>
</SimpleField>
<SimpleField type="xsd:string" name="NM_RGI">
<displayName>NM_RGI</displayName>
</SimpleField>
<SimpleField type="xsd:string" name="CT_LOCALIDADE">
<displayName>CT_LOCALIDADE</displayName>
</SimpleField>
<SimpleField type="xsd:string" name="SCT_LOCALIDADE">
<displayName>SCT_LOCALIDADE</displayName>
</SimpleField>
<SimpleField type="xsd:string" name="CD_LOCALIDADE">
<displayName>CD_LOCALIDADE</displayName>
</SimpleField>
<SimpleField type="xsd:string" name="NM_LOCALIDADE">
<displayName>NM_LOCALIDADE</displayName>
</SimpleField>
<SimpleField type="xsd:string" name="LAT_LOCALIDADE">
<displayName>LAT_LOCALIDADE</displayName>
</SimpleField>
<SimpleField type="xsd:string" name="LONG_LOCALIDADE">
<displayName>LONG_LOCALIDADE</displayName>
</SimpleField>
</Schema>
<Schema name="Município" id="kml_schema_ft_Município">
<SimpleField type="xsd:string" name="CD_UF">
<displayName>CD_UF</displayName>
</SimpleField>
<SimpleField type="xsd:string" name="NM_UF">
<displayName>NM_UF</displayName>
</SimpleField>
<SimpleField type="xsd:string" name="CD_MUN">
<displayName>CD_MUN</displayName>
</SimpleField>
<SimpleField type="xsd:string" name="NM_MUN">
<displayName>NM_MUN</displayName>
</SimpleField>
<SimpleField type="xsd:string" name="CD_RGINT">
<displayName>CD_RGINT</displayName>
</SimpleField>
<SimpleField type="xsd:string" name="NM_RGINT">
<displayName>NM_RGINT</displayName>
</SimpleField>
<SimpleField type="xsd:string" name="CD_RGI">
<displayName>CD_RGI</displayName>
</SimpleField>
<SimpleField type="xsd:string" name="NM_RGI">
<displayName>NM_RGI</displayName>
</SimpleField>
</Schema>
<Folder id="01. Cidade">
<name>01. Cidade</name>
<Folder id="01.03. Sede Municipal">
<name>01.03. Sede Municipal</name>
<Placemark id="01.03. Sede Municipal">
<name>Belém do Brejo do Cruz [2502003]</name>
<visibility>1</visibility>
<snippet> </snippet>
<description>&lt;center&gt;&lt;table&gt;&lt;tr&gt;&lt;th colspan='2' align='center'&gt;&lt;em&gt;Atributos&lt;/em&gt;&lt;/th&gt;&lt;/tr&gt;&lt;tr bgcolor="#E3E3F3"&gt;
&lt;th&gt;CD_UF&lt;/th&gt;
&lt;td&gt;25&lt;/td&gt;
&lt;/tr&gt;&lt;tr bgcolor=""&gt;
&lt;th&gt;NM_UF&lt;/th&gt;
&lt;td&gt;Paraíba&lt;/td&gt;
&lt;/tr&gt;&lt;tr bgcolor="#E3E3F3"&gt;
&lt;th&gt;SIGLA_UF&lt;/th&gt;
&lt;td&gt;PB&lt;/td&gt;
&lt;/tr&gt;&lt;tr bgcolor=""&gt;
&lt;th&gt;CD_MUN&lt;/th&gt;
&lt;td&gt;2502003&lt;/td&gt;
&lt;/tr&gt;&lt;tr bgcolor="#E3E3F3"&gt;
&lt;th&gt;NM_MUN&lt;/th&gt;
&lt;td&gt;Belém do Brejo do Cruz&lt;/td&gt;
&lt;/tr&gt;&lt;tr bgcolor=""&gt;
&lt;th&gt;CD_RGINT&lt;/th&gt;
&lt;td&gt;2503&lt;/td&gt;
&lt;/tr&gt;&lt;tr bgcolor="#E3E3F3"&gt;
&lt;th&gt;NM_RGINT&lt;/th&gt;
&lt;td&gt;Patos&lt;/td&gt;
&lt;/tr&gt;&lt;tr bgcolor=""&gt;
&lt;th&gt;CD_RGI&lt;/th&gt;
&lt;td&gt;250011&lt;/td&gt;
&lt;/tr&gt;&lt;tr bgcolor="#E3E3F3"&gt;
&lt;th&gt;NM_RGI&lt;/th&gt;
&lt;td&gt;Catolé do Rocha - São Bento&lt;/td&gt;
&lt;/tr&gt;&lt;tr bgcolor=""&gt;
&lt;th&gt;CT_LOCALIDADE&lt;/th&gt;
&lt;td&gt;Cidade&lt;/td&gt;
&lt;/tr&gt;&lt;tr bgcolor="#E3E3F3"&gt;
&lt;th&gt;SCT_LOCALIDADE&lt;/th&gt;
&lt;td&gt;Sede Municipal&lt;/td&gt;
&lt;/tr&gt;&lt;tr bgcolor=""&gt;
&lt;th&gt;CD_LOCALIDADE&lt;/th&gt;
&lt;td&gt;2502003&lt;/td&gt;
&lt;/tr&gt;&lt;tr bgcolor="#E3E3F3"&gt;
&lt;th&gt;NM_LOCALIDADE&lt;/th&gt;
&lt;td&gt;Belém do Brejo do Cruz&lt;/td&gt;
&lt;/tr&gt;&lt;tr bgcolor=""&gt;
&lt;th&gt;LAT_LOCALIDADE&lt;/th&gt;
&lt;td&gt;-6.1904&lt;/td&gt;
&lt;/tr&gt;&lt;tr bgcolor="#E3E3F3"&gt;
&lt;th&gt;LONG_LOCALIDADE&lt;/th&gt;
&lt;td&gt;-37.5367&lt;/td&gt;
&lt;/tr&gt;&lt;/table&gt;&lt;/center&gt;</description>
<Style>
<IconStyle>
<color>ff00aaff</color>
<scale>1.0</scale>
<Icon>
<href>http://maps.google.com/mapfiles/kml/shapes/placemark_circle.png</href>
</Icon>
</IconStyle>
<LabelStyle>
<scale>1.0</scale>
</LabelStyle>
<LineStyle>
<color>ffffffff</color>
<width>3</width>
<gx:labelVisibility>1</gx:labelVisibility>
</LineStyle>
<PolyStyle>
<color>00ffffff</color>
</PolyStyle>
</Style>
<ExtendedData>
<SchemaData schemaUrl="#kml_schema_ft_01._Cidade">
<SimpleData name="CD_UF">25</SimpleData>
<SimpleData name="NM_UF">Paraíba</SimpleData>
<SimpleData name="SIGLA_UF">PB</SimpleData>
<SimpleData name="CD_MUN">2502003</SimpleData>
<SimpleData name="NM_MUN">Belém do Brejo do Cruz</SimpleData>
<SimpleData name="CD_RGINT">2503</SimpleData>
<SimpleData name="NM_RGINT">Patos</SimpleData>
<SimpleData name="CD_RGI">250011</SimpleData>
<SimpleData name="NM_RGI">Catolé do Rocha - São Bento</SimpleData>
<SimpleData name="CT_LOCALIDADE">Cidade</SimpleData>
<SimpleData name="SCT_LOCALIDADE">Sede Municipal</SimpleData>
<SimpleData name="CD_LOCALIDADE">2502003</SimpleData>
<SimpleData name="NM_LOCALIDADE">Belém do Brejo do Cruz</SimpleData>
<SimpleData name="LAT_LOCALIDADE">-6.1904</SimpleData>
<SimpleData name="LONG_LOCALIDADE">-37.5367</SimpleData>
</SchemaData>
</ExtendedData>
<Point>
<extrude>0</extrude>
<coordinates>-37.5367,-6.19039999979689,0.0</coordinates>
</Point>
</Placemark>
</Folder>
</Folder>
<Folder id="10. Localidades Quilombolas">
<name>10. Localidades Quilombolas</name>
<visibility>1</visibility>
<Style>
<IconStyle>
<color>ffffa0ef</color>
<scale>0.8</scale>
<Icon>
<href>http://maps.google.com/mapfiles/kml/shapes/placemark_circle.png</href>
</Icon>
</IconStyle>
<LabelStyle>
<scale>0.8</scale>
</LabelStyle>
<LineStyle>
<width>1.0</width>
<gx:labelVisibility>1</gx:labelVisibility>
</LineStyle>
</Style>
<Folder id="10.02. Outras Localidades Quilombolas">
<name>10.02. Outras Localidades Quilombolas</name>
<visibility>1</visibility>
<Style>
<IconStyle>
<color>ffffa0ef</color>
<scale>0.8</scale>
<Icon>
<href>http://maps.google.com/mapfiles/kml/shapes/placemark_circle.png</href>
</Icon>
</IconStyle>
<LabelStyle>
<scale>0.8</scale>
</LabelStyle>
<LineStyle>
<width>1.0</width>
<gx:labelVisibility>1</gx:labelVisibility>
</LineStyle>
</Style>
<Placemark id="10.02. Outras Localidades Quilombolas">
<name>Comunidade Quilombola Timbauba [250200300002]</name>
<visibility>1</visibility>
<snippet> </snippet>
<description>&lt;center&gt;&lt;table&gt;&lt;tr&gt;&lt;th colspan='2' align='center'&gt;&lt;em&gt;Attributes&lt;/em&gt;&lt;/th&gt;&lt;/tr&gt;&lt;tr bgcolor="#E3E3F3"&gt;
&lt;th&gt;CD_UF&lt;/th&gt;
&lt;td&gt;25&lt;/td&gt;
&lt;/tr&gt;&lt;tr bgcolor=""&gt;
&lt;th&gt;NM_UF&lt;/th&gt;
&lt;td&gt;Paraíba&lt;/td&gt;
&lt;/tr&gt;&lt;tr bgcolor="#E3E3F3"&gt;
&lt;th&gt;SIGLA_UF&lt;/th&gt;
&lt;td&gt;PB&lt;/td&gt;
&lt;/tr&gt;&lt;tr bgcolor=""&gt;
&lt;th&gt;CD_MUN&lt;/th&gt;
&lt;td&gt;2502003&lt;/td&gt;
&lt;/tr&gt;&lt;tr bgcolor="#E3E3F3"&gt;
&lt;th&gt;NM_MUN&lt;/th&gt;
&lt;td&gt;Belém do Brejo do Cruz&lt;/td&gt;
&lt;/tr&gt;&lt;tr bgcolor=""&gt;
&lt;th&gt;CD_RGINT&lt;/th&gt;
&lt;td&gt;2503&lt;/td&gt;
&lt;/tr&gt;&lt;tr bgcolor="#E3E3F3"&gt;
&lt;th&gt;NM_RGINT&lt;/th&gt;
&lt;td&gt;Patos&lt;/td&gt;
&lt;/tr&gt;&lt;tr bgcolor=""&gt;
&lt;th&gt;CD_RGI&lt;/th&gt;
&lt;td&gt;250011&lt;/td&gt;
&lt;/tr&gt;&lt;tr bgcolor="#E3E3F3"&gt;
&lt;th&gt;NM_RGI&lt;/th&gt;
&lt;td&gt;Catolé do Rocha - São Bento&lt;/td&gt;
&lt;/tr&gt;&lt;tr bgcolor=""&gt;
&lt;th&gt;CT_LOCALIDADE&lt;/th&gt;
&lt;td&gt;Localidade Quilombola&lt;/td&gt;
&lt;/tr&gt;&lt;tr bgcolor="#E3E3F3"&gt;
&lt;th&gt;SCT_LOCALIDADE&lt;/th&gt;
&lt;td&gt;Outras Localidades Quilombolas&lt;/td&gt;
&lt;/tr&gt;&lt;tr bgcolor=""&gt;
&lt;th&gt;CD_LOCALIDADE&lt;/th&gt;
&lt;td&gt;250200300002&lt;/td&gt;
&lt;/tr&gt;&lt;tr bgcolor="#E3E3F3"&gt;
&lt;th&gt;NM_LOCALIDADE&lt;/th&gt;
&lt;td&gt;Comunidade Quilombola Timbauba&lt;/td&gt;
&lt;/tr&gt;&lt;/table&gt;&lt;/center&gt;</description>
<Style>
<IconStyle>
<color>ffffa0ef</color>
<scale>0.8</scale>
<Icon>
<href>http://maps.google.com/mapfiles/kml/shapes/placemark_circle.png</href>
</Icon>
</IconStyle>
<LabelStyle>
<scale>0.8</scale>
</LabelStyle>
<LineStyle>
<width>1.0</width>
<gx:labelVisibility>1</gx:labelVisibility>
</LineStyle>
</Style>
<ExtendedData>
<SchemaData schemaUrl="#kml_schema_ft_Localidades">
<SimpleData name="CD_UF">25</SimpleData>
<SimpleData name="NM_UF">Paraíba</SimpleData>
<SimpleData name="SIGLA_UF">PB</SimpleData>
<SimpleData name="CD_MUN">2502003</SimpleData>
<SimpleData name="NM_MUN">Belém do Brejo do Cruz</SimpleData>
<SimpleData name="CD_RGINT">2503</SimpleData>
<SimpleData name="NM_RGINT">Patos</SimpleData>
<SimpleData name="CD_RGI">250011</SimpleData>
<SimpleData name="NM_RGI">Catolé do Rocha - São Bento</SimpleData>
<SimpleData name="CT_LOCALIDADE">Localidade Quilombola</SimpleData>
<SimpleData name="SCT_LOCALIDADE">Outras Localidades Quilombolas</SimpleData>
<SimpleData name="CD_LOCALIDADE">250200300002</SimpleData>
<SimpleData name="NM_LOCALIDADE">Comunidade Quilombola Timbauba</SimpleData>
</SchemaData>
</ExtendedData>
<Point>
<extrude>0</extrude>
<coordinates>-37.2548894589,-6.06925523585081,0.0</coordinates>
</Point>
</Placemark>
</Folder>
</Folder>
<Folder id="12. Outras Localidades">
<name>12. Outras Localidades</name>
<Placemark id="12. Outras Localidades">
<name>Posto Agrícola [250200300001]</name>
<visibility>1</visibility>
<snippet> </snippet>
<description>&lt;center&gt;&lt;table&gt;&lt;tr&gt;&lt;th colspan='2' align='center'&gt;&lt;em&gt;Attributes&lt;/em&gt;&lt;/th&gt;&lt;/tr&gt;&lt;tr bgcolor="#E3E3F3"&gt;
&lt;th&gt;CD_UF&lt;/th&gt;
&lt;td&gt;25&lt;/td&gt;
&lt;/tr&gt;&lt;tr bgcolor=""&gt;
&lt;th&gt;NM_UF&lt;/th&gt;
&lt;td&gt;Paraíba&lt;/td&gt;
&lt;/tr&gt;&lt;tr bgcolor="#E3E3F3"&gt;
&lt;th&gt;SIGLA_UF&lt;/th&gt;
&lt;td&gt;PB&lt;/td&gt;
&lt;/tr&gt;&lt;tr bgcolor=""&gt;
&lt;th&gt;CD_MUN&lt;/th&gt;
&lt;td&gt;2502003&lt;/td&gt;
&lt;/tr&gt;&lt;tr bgcolor="#E3E3F3"&gt;
&lt;th&gt;NM_MUN&lt;/th&gt;
&lt;td&gt;Belém do Brejo do Cruz&lt;/td&gt;
&lt;/tr&gt;&lt;tr bgcolor=""&gt;
&lt;th&gt;CD_RGINT&lt;/th&gt;
&lt;td&gt;2503&lt;/td&gt;
&lt;/tr&gt;&lt;tr bgcolor="#E3E3F3"&gt;
&lt;th&gt;NM_RGINT&lt;/th&gt;
&lt;td&gt;Patos&lt;/td&gt;
&lt;/tr&gt;&lt;tr bgcolor=""&gt;
&lt;th&gt;CD_RGI&lt;/th&gt;
&lt;td&gt;250011&lt;/td&gt;
&lt;/tr&gt;&lt;tr bgcolor="#E3E3F3"&gt;
&lt;th&gt;NM_RGI&lt;/th&gt;
&lt;td&gt;Catolé do Rocha - São Bento&lt;/td&gt;
&lt;/tr&gt;&lt;tr bgcolor=""&gt;
&lt;th&gt;CT_LOCALIDADE&lt;/th&gt;
&lt;td&gt;Outras Localidades&lt;/td&gt;
&lt;/tr&gt;&lt;tr bgcolor="#E3E3F3"&gt;
&lt;th&gt;SCT_LOCALIDADE&lt;/th&gt;
&lt;td&gt;&lt;/td&gt;
&lt;/tr&gt;&lt;tr bgcolor=""&gt;
&lt;th&gt;CD_LOCALIDADE&lt;/th&gt;
&lt;td&gt;250200300001&lt;/td&gt;
&lt;/tr&gt;&lt;tr bgcolor="#E3E3F3"&gt;
&lt;th&gt;NM_LOCALIDADE&lt;/th&gt;
&lt;td&gt;Posto Agrícola&lt;/td&gt;
&lt;/tr&gt;&lt;/table&gt;&lt;/center&gt;</description>
<Style>
<IconStyle>
<color>ff0069d3</color>
<scale>0.6</scale>
<Icon>
<href>http://maps.google.com/mapfiles/kml/shapes/placemark_circle.png</href>
</Icon>
</IconStyle>
<LabelStyle>
<scale>0.6</scale>
</LabelStyle>
<LineStyle>
<width>1.0</width>
<gx:labelVisibility>1</gx:labelVisibility>
</LineStyle>
</Style>
<ExtendedData>
<SchemaData schemaUrl="#kml_schema_ft_Localidades">
<SimpleData name="CD_UF">25</SimpleData>
<SimpleData name="NM_UF">Paraíba</SimpleData>
<SimpleData name="SIGLA_UF">PB</SimpleData>
<SimpleData name="CD_MUN">2502003</SimpleData>
<SimpleData name="NM_MUN">Belém do Brejo do Cruz</SimpleData>
<SimpleData name="CD_RGINT">2503</SimpleData>
<SimpleData name="NM_RGINT">Patos</SimpleData>
<SimpleData name="CD_RGI">250011</SimpleData>
<SimpleData name="NM_RGI">Catolé do Rocha - São Bento</SimpleData>
<SimpleData name="CT_LOCALIDADE">Outras Localidades</SimpleData>
<SimpleData name="CD_LOCALIDADE">250200300001</SimpleData>
<SimpleData name="NM_LOCALIDADE">Posto Agrícola</SimpleData>
</SchemaData>
</ExtendedData>
<Point>
<extrude>0</extrude>
<coordinates>-37.5581691,-6.19467539979676,0.0</coordinates>
</Point>
</Placemark>
</Folder>
<Folder id="13. Referência">
<name>13. Referência</name>
<Placemark id="13. Referência">
<name>Belém do Brejo do Cruz [2502003]</name>
<visibility>1</visibility>
<snippet> </snippet>
<description>&lt;center&gt;&lt;table&gt;&lt;tr&gt;&lt;th colspan='2' align='center'&gt;&lt;em&gt;Attributes&lt;/em&gt;&lt;/th&gt;&lt;/tr&gt;&lt;tr bgcolor="#E3E3F3"&gt;
&lt;th&gt;CD_UF&lt;/th&gt;
&lt;td&gt;25&lt;/td&gt;
&lt;/tr&gt;&lt;tr bgcolor=""&gt;
&lt;th&gt;NM_UF&lt;/th&gt;
&lt;td&gt;Paraíba&lt;/td&gt;
&lt;/tr&gt;&lt;tr bgcolor="#E3E3F3"&gt;
&lt;th&gt;CD_MUN&lt;/th&gt;
&lt;td&gt;2502003&lt;/td&gt;
&lt;/tr&gt;&lt;tr bgcolor=""&gt;
&lt;th&gt;NM_MUN&lt;/th&gt;
&lt;td&gt;Belém do Brejo do Cruz&lt;/td&gt;
&lt;/tr&gt;&lt;tr bgcolor="#E3E3F3"&gt;
&lt;th&gt;CD_RGINT&lt;/th&gt;
&lt;td&gt;2503&lt;/td&gt;
&lt;/tr&gt;&lt;tr bgcolor=""&gt;
&lt;th&gt;NM_RGINT&lt;/th&gt;
&lt;td&gt;Patos&lt;/td&gt;
&lt;/tr&gt;&lt;tr bgcolor="#E3E3F3"&gt;
&lt;th&gt;CD_RGI&lt;/th&gt;
&lt;td&gt;250011&lt;/td&gt;
&lt;/tr&gt;&lt;tr bgcolor=""&gt;
&lt;th&gt;NM_RGI&lt;/th&gt;
&lt;td&gt;Catolé do Rocha - São Bento&lt;/td&gt;
&lt;/tr&gt;&lt;/table&gt;&lt;/center&gt;</description>
<Style>
<IconStyle>
<scale>0.7</scale>
</IconStyle>
<LabelStyle>
<scale>0.7</scale>
</LabelStyle>
<LineStyle>
<color>ffffffff</color>
<width>3</width>
<gx:labelVisibility>1</gx:labelVisibility>
</LineStyle>
<PolyStyle>
<color>00ffffff</color>
</PolyStyle>
</Style>
<ExtendedData>
<SchemaData schemaUrl="#kml_schema_ft_Município">
<SimpleData name="CD_UF">25</SimpleData>
<SimpleData name="NM_UF">Paraíba</SimpleData>
<SimpleData name="CD_MUN">2502003</SimpleData>
<SimpleData name="NM_MUN">Belém do Brejo do Cruz</SimpleData>
<SimpleData name="CD_RGINT">2503</SimpleData>
<SimpleData name="NM_RGINT">Patos</SimpleData>
<SimpleData name="CD_RGI">250011</SimpleData>
<SimpleData name="NM_RGI">Catolé do Rocha - São Bento</SimpleData>
</SchemaData>
</ExtendedData>
<MultiGeometry>
<Polygon>
<extrude>0</extrude>
<tessellate>1</tessellate>
<outerBoundaryIs>
<LinearRing>
<coordinates>-37.4299965,-6.20250079979651,0.0 -37.430137,-6.2026046997965,0.0 -37.430247,-6.2026290997965,0.0 -37.4303387,-6.2026229997965,0.0 -37.4304609,-6.2026534997965,0.0 -37.4305403,-6.2027512997965,0.0 -37.4306014,-6.20287349979649,0.0 -37.4306931,-6.20301399979649,0.0 -37.4306931,-6.20314849979648,0.0 -37.4306747,-6.20329509979648,0.0 -37.4306747,-6.20342949979648,0.0 -37.4307236,-6.20363729979647,0.0 -37.430803,-6.20374729979646,0.0 -37.4308764,-6.20380229979646,0.0 -37.4310413,-6.20383279979646,0.0 -37.4311452,-6.20390609979646,0.0 -37.431243,-6.20403449979646,0.0 -37.4313591,-6.20413829979645,0.0 -37.4314874,-6.20427889979645,0.0 -37.4316218,-6.20449879979644,0.0 -37.4317318,-6.20460879979644,0.0 -37.4318418,-6.20487769979643,0.0 -37.4319457,-6.20512819979642,0.0 -37.4320068,-6.20522599979642,0.0 -37.4321229,-6.20521989979642,0.0 -37.4321901,-6.20521989979642,0.0 -37.4322817,-6.20515259979642,0.0 -37.4323734,-6.20507319979642,0.0 -37.4324773,-6.20479209979643,0.0 -37.4325384,-6.20470049979643,0.0 -37.4326789,-6.20465769979644,0.0 -37.43285,-6.20468829979643,0.0 -37.4331066,-6.20481659979643,0.0 -37.433241,-6.20497539979643,0.0 -37.4333694,-6.20511599979642,0.0 -37.4335588,-6.20520759979642,0.0 -37.4337237,-6.20526869979642,0.0 -37.4338368,-6.20525349979641,0.0 -37.4339468,-6.20515569979642,0.0 -37.4340873,-6.20499989979642,0.0 -37.4342217,-6.20486849979643,0.0 -37.4343562,-6.20484099979643,0.0 -37.4344325,-6.20484099979643,0.0 -37.4346128,-6.20509769979642,0.0 -37.4347564,-6.20520459979642,0.0 -37.4348878,-6.20514959979642,0.0 -37.4349336,-6.20505489979642,0.0 -37.4350344,-6.20489599979643,0.0 -37.435123,-6.20487459979643,0.0 -37.4351872,-6.20492659979643,0.0 -37.4352452,-6.20502129979642,0.0 -37.4353185,-6.20504269979642,0.0 -37.4353307,-6.20500289979642,0.0 -37.4353466,-6.20498409979643,0.0 -37.4353796,-6.20494489979643,0.0 -37.435453,-6.20498459979642,0.0 -37.4355446,-6.20508539979642,0.0 -37.4355585,-6.20510179979642,0.0 -37.4356118,-6.20516489979642,0.0 -37.4356424,-6.20518629979642,0.0 -37.4356696,-6.20516359979642,0.0 -37.435679,-6.20515569979642,0.0 -37.4357676,-6.20513429979642,0.0 -37.4358287,-6.20518009979642,0.0 -37.4358593,-6.20525039979642,0.0 -37.4358805,-6.20528069979642,0.0 -37.4359021,-6.20531149979641,0.0 -37.4359387,-6.20532369979641,0.0 -37.4359482,-6.20531829979641,0.0 -37.4360182,-6.20527789979641,0.0 -37.4360762,-6.20529929979641,0.0 -37.4360976,-6.20537569979641,0.0 -37.4361173,-6.20552359979641,0.0 -37.4361357,-6.2056609997964,0.0 -37.4361115,-6.2057273997964,0.0 -37.4361598,-6.2057877997964,0.0 -37.43619,-6.2058782997964,0.0 -37.4361779,-6.20598089979639,0.0 -37.4361719,-6.20609549979639,0.0 -37.4361658,-6.20622829979638,0.0 -37.4361839,-6.20632479979638,0.0 -37.4362201,-6.20639719979638,0.0 -37.4363046,-6.20643939979638,0.0 -37.4364132,-6.20641529979638,0.0 -37.4364434,-6.20634889979638,0.0 -37.4364796,-6.20629459979638,0.0 -37.436558,-6.20628859979638,0.0 -37.4365612,-6.20629059979638,0.0 -37.4366244,-6.20633079979638,0.0 -37.4366727,-6.20642739979638,0.0 -37.4366848,-6.20655409979638,0.0 -37.4366848,-6.20667479979637,0.0 -37.4366787,-6.20678939979637,0.0 -37.4366244,-6.20689199979636,0.0 -37.4364977,-6.20697039979636,0.0 -37.4363287,-6.20701269979636,0.0 -37.4362771,-6.20705399979636,0.0 -37.4362382,-6.20708509979636,0.0 -37.4361417,-6.20722989979635,0.0 -37.4360995,-6.20740489979635,0.0 -37.4360693,-6.20757389979634,0.0 -37.4360391,-6.20777299979633,0.0 -37.4360391,-6.20786949979633,0.0 -37.4360572,-6.20799019979633,0.0 -37.4361236,-6.20807469979632,0.0 -37.4362443,-6.20806869979632,0.0 -37.4363469,-6.20802639979633,0.0 -37.4364434,-6.20797809979633,0.0 -37.4365279,-6.20797209979633,0.0 -37.4366124,-6.20802039979633,0.0 -37.436733,-6.20805059979633,0.0 -37.4367873,-6.20802039979633,0.0 -37.4368509,-6.20800339979633,0.0 -37.4368779,-6.20799619979633,0.0 -37.4369563,-6.20805059979633,0.0 -37.4370106,-6.20818329979632,0.0 -37.4370287,-6.20835229979632,0.0 -37.4370046,-6.20847899979631,0.0 -37.4369985,-6.20858159979631,0.0 -37.436902,-6.20867209979631,0.0 -37.4368416,-6.2088047997963,0.0 -37.4367572,-6.2089375997963,0.0 -37.4366727,-6.2089978997963,0.0 -37.4366063,-6.20909449979629,0.0 -37.4364917,-6.20916689979629,0.0 -37.4363669,-6.20917249979629,0.0 -37.4363589,-6.20917289979629,0.0 -37.4362624,-6.20920309979629,0.0 -37.43619,-6.20925129979629,0.0 -37.4361296,-6.20934179979628,0.0 -37.4361296,-6.20942629979628,0.0 -37.4361115,-6.20950479979628,0.0 -37.4360874,-6.20951679979628,0.0 -37.4359486,-6.20955909979628,0.0 -37.4359184,-6.20961939979628,0.0 -37.4358943,-6.20977029979627,0.0 -37.4359546,-6.20991509979626,0.0 -37.4360451,-6.21009009979626,0.0 -37.4361417,-6.21023489979625,0.0 -37.4361546,-6.21024559979625,0.0 -37.4363227,-6.21038569979625,0.0 -37.4365098,-6.21050039979625,0.0 -37.436727,-6.21054869979624,0.0 -37.4369322,-6.21062709979624,0.0 -37.4371192,-6.21066939979624,0.0 -37.4373002,-6.21062109979624,0.0 -37.4374933,-6.21056679979624,0.0 -37.4377347,-6.21053359979624,0.0 -37.4379037,-6.21048529979625,0.0 -37.4380334,-6.21047319979625,0.0 -37.4381148,-6.21049439979625,0.0 -37.4382597,-6.21053959979624,0.0 -37.4383351,-6.21055469979625,0.0 -37.4383984,-6.21059089979624,0.0 -37.438495,-6.21060299979624,0.0 -37.4386308,-6.21059999979624,0.0 -37.4386851,-6.21060899979624,0.0 -37.4387484,-6.21059689979624,0.0 -37.4388027,-6.21060599979624,0.0 -37.4388661,-6.21061199979624,0.0 -37.4389144,-6.21059389979624,0.0 -37.4389928,-6.21055169979624,0.0 -37.4390682,-6.21052749979625,0.0 -37.4391557,-6.21055169979624,0.0 -37.4391919,-6.21061499979624,0.0 -37.4392161,-6.21072369979624,0.0 -37.4392251,-6.21078399979624,0.0 -37.4392372,-6.21091069979623,0.0 -37.4393036,-6.21100119979623,0.0 -37.4394816,-6.21105859979623,0.0 -37.4397078,-6.21106459979623,0.0 -37.4397803,-6.21111889979623,0.0 -37.4398617,-6.21117919979622,0.0 -37.4399432,-6.21120939979622,0.0 -37.4400216,-6.21120939979622,0.0 -37.4401755,-6.21120339979622,0.0 -37.4404576,-6.21123499979622,0.0 -37.4405602,-6.21128939979622,0.0 -37.4405964,-6.21137989979622,0.0 -37.4405903,-6.21148849979622,0.0 -37.4405602,-6.21161519979621,0.0 -37.4405602,-6.21174189979621,0.0 -37.4405783,-6.2118685997962,0.0 -37.4405964,-6.21205569979619,0.0 -37.4406145,-6.21225479979619,0.0 -37.4406446,-6.21250819979618,0.0 -37.440711,-6.21263499979618,0.0 -37.4407955,-6.21269529979618,0.0 -37.4409041,-6.21274959979617,0.0 -37.441055,-6.21279789979617,0.0 -37.4411515,-6.21286429979617,0.0 -37.4413265,-6.21293059979617,0.0 -37.4414653,-6.21302109979617,0.0 -37.4416282,-6.21313579979616,0.0 -37.4417127,-6.21319609979616,0.0 -37.4418092,-6.21327459979616,0.0 -37.4419178,-6.21336509979615,0.0 -37.441942,-6.21345559979615,0.0 -37.441942,-6.21367279979614,0.0 -37.4419118,-6.21389009979614,0.0 -37.4418756,-6.21407709979613,0.0 -37.4418575,-6.21416159979613,0.0 -37.4418575,-6.21428229979612,0.0 -37.4418756,-6.21437879979612,0.0 -37.441954,-6.21443919979612,0.0 -37.4420566,-6.21447539979612,0.0 -37.4422376,-6.21442109979612,0.0 -37.4424307,-6.21434859979612,0.0 -37.4425031,-6.21437879979612,0.0 -37.442473,-6.21452359979611,0.0 -37.4423764,-6.21465639979611,0.0 -37.4423101,-6.21484339979611,0.0 -37.4422859,-6.2150123997961,0.0 -37.4422859,-6.21521759979609,0.0 -37.4423038,-6.21550329979608,0.0 -37.442304,-6.21550719979609,0.0 -37.4422789,-6.21557999979608,0.0 -37.4423952,-6.21596759979607,0.0 -37.4427872,-6.21629369979606,0.0 -37.4429823,-6.21653759979605,0.0 -37.4432139,-6.21672039979605,0.0 -37.4436162,-6.21675699979605,0.0 -37.4437381,-6.21678139979604,0.0 -37.4437466,-6.21678139979604,0.0 -37.4439454,-6.21678139979604,0.0 -37.4441648,-6.21674479979604,0.0 -37.444494,-6.21670819979605,0.0 -37.44475,-6.21674479979604,0.0 -37.4449451,-6.21672039979605,0.0 -37.4450312,-6.21671399979605,0.0 -37.4452742,-6.21669599979605,0.0 -37.4454106,-6.21657099979605,0.0 -37.4454205,-6.21656189979605,0.0 -37.4455424,-6.21641559979606,0.0 -37.4457985,-6.21625719979606,0.0 -37.4460057,-6.21622059979606,0.0 -37.4461764,-6.21626929979606,0.0 -37.4461909,-6.21627689979606,0.0 -37.4466823,-6.21653149979605,0.0 -37.4469566,-6.21662899979605,0.0 -37.4472187,-6.21667169979605,0.0 -37.4475113,-6.21668389979605,0.0 -37.4477125,-6.21671429979605,0.0 -37.4478588,-6.21676309979604,0.0 -37.4479929,-6.21683009979604,0.0 -37.448127,-6.21685449979604,0.0 -37.4482245,-6.21685449979604,0.0 -37.4483098,-6.21684839979604,0.0 -37.4484196,-6.21680579979604,0.0 -37.4485171,-6.21678139979604,0.0 -37.4485321,-6.21678009979604,0.0 -37.4486573,-6.21676919979604,0.0 -37.448731,-6.21677839979605,0.0 -37.4487548,-6.21678139979604,0.0 -37.4489194,-6.21686059979604,0.0 -37.4489987,-6.21692769979604,0.0 -37.4490901,-6.21702519979604,0.0 -37.4491876,-6.21718369979603,0.0 -37.449273,-6.21728119979603,0.0 -37.44934,-6.21732389979603,0.0 -37.449468,-6.21733609979603,0.0 -37.4495716,-6.21732999979603,0.0 -37.4496692,-6.21732999979603,0.0 -37.4498338,-6.21728729979603,0.0 -37.4500227,-6.21725679979603,0.0 -37.4503031,-6.21713489979603,0.0 -37.4504799,-6.21714099979603,0.0 -37.4506262,-6.21718369979603,0.0 -37.4508761,-6.21725069979603,0.0 -37.4510895,-6.21736049979602,0.0 -37.4512601,-6.21747629979602,0.0 -37.4513577,-6.21756159979602,0.0 -37.4514857,-6.21762259979602,0.0 -37.4516442,-6.21766519979601,0.0 -37.4518269,-6.21770679979602,0.0 -37.4519124,-6.21772619979601,0.0 -37.452016,-6.21777499979601,0.0 -37.4521257,-6.21784199979601,0.0 -37.4523147,-6.217982199796,0.0 -37.4524488,-6.218061499796,0.0 -37.4525754,-6.218153299796,0.0 -37.452656,-6.218213899796,0.0 -37.4527718,-6.21828699979599,0.0 -37.452912,-6.21837839979599,0.0 -37.4530522,-6.21850639979599,0.0 -37.4531315,-6.21856739979599,0.0 -37.4531924,-6.21862839979598,0.0 -37.4532473,-6.21868319979598,0.0 -37.4532839,-6.21873199979598,0.0 -37.453485,-6.21875639979598,0.0 -37.4535887,-6.21875639979598,0.0 -37.4536557,-6.21870759979598,0.0 -37.4536984,-6.21864659979598,0.0 -37.4537471,-6.21854299979599,0.0 -37.4537959,-6.21842109979599,0.0 -37.4538386,-6.21832359979599,0.0 -37.4538691,-6.218207799796,0.0 -37.4538752,-6.218140699796,0.0 -37.453887,-6.218075399796,0.0 -37.4538873,-6.218073699796,0.0 -37.4538873,-6.218030999796,0.0 -37.4539178,-6.21795169979601,0.0 -37.4539971,-6.21791519979601,0.0 -37.4540519,-6.217915199796,0.0 -37.4541184,-6.21791989979601,0.0 -37.4541373,-6.21792129979601,0.0 -37.4541921,-6.21792129979601,0.0 -37.4542409,-6.21791519979601,0.0 -37.4542694,-6.21792129979601,0.0 -37.4543262,-6.21793349979601,0.0 -37.4543388,-6.21794479979601,0.0 -37.4543872,-6.217988299796,0.0 -37.4544603,-6.218049299796,0.0 -37.4545091,-6.218091899796,0.0 -37.4545822,-6.218177299796,0.0 -37.454631,-6.218244299796,0.0 -37.4546859,-6.21835409979599,0.0 -37.4547317,-6.21842279979599,0.0 -37.454759,-6.21846379979599,0.0 -37.4548139,-6.21851249979599,0.0 -37.4548505,-6.21855519979599,0.0 -37.4548505,-6.21861009979599,0.0 -37.4549602,-6.21877459979598,0.0 -37.4550028,-6.21887829979597,0.0 -37.4550455,-6.21901239979597,0.0 -37.4550638,-6.21911599979597,0.0 -37.4550882,-6.21921959979596,0.0 -37.4551309,-6.21931719979596,0.0 -37.4551735,-6.21942689979596,0.0 -37.455204,-6.21950609979596,0.0 -37.4552345,-6.21956099979595,0.0 -37.4552467,-6.21964019979595,0.0 -37.4552771,-6.21975599979595,0.0 -37.4552771,-6.21984749979594,0.0 -37.4553442,-6.21998769979594,0.0 -37.4553536,-6.22004629979594,0.0 -37.4553686,-6.22014009979593,0.0 -37.4554295,-6.22026199979593,0.0 -37.4554539,-6.22038389979593,0.0 -37.4554661,-6.22045699979592,0.0 -37.4554966,-6.22051189979592,0.0 -37.4555575,-6.22054849979592,0.0 -37.4557221,-6.22056679979592,0.0 -37.4558136,-6.22056679979592,0.0 -37.4558867,-6.22061549979592,0.0 -37.4559903,-6.22063989979592,0.0 -37.4561244,-6.22062159979592,0.0 -37.4561915,-6.22059719979592,0.0 -37.4562464,-6.22059719979592,0.0 -37.4563317,-6.22058509979592,0.0 -37.4564475,-6.22057899979592,0.0 -37.4565816,-6.22057899979592,0.0 -37.4567645,-6.22049969979592,0.0 -37.4568742,-6.22046919979593,0.0 -37.4569291,-6.22043269979593,0.0 -37.4569969,-6.22040099979593,0.0 -37.4570205,-6.22038999979593,0.0 -37.4571058,-6.22030469979593,0.0 -37.4571973,-6.22022539979593,0.0 -37.4573192,-6.22017659979593,0.0 -37.4574472,-6.22017659979593,0.0 -37.4575752,-6.22021929979593,0.0 -37.4577154,-6.22029859979593,0.0 -37.4577326,-6.22032319979593,0.0 -37.4577581,-6.22035949979593,0.0 -37.4578129,-6.22040219979593,0.0 -37.45788,-6.22042659979592,0.0 -37.457947,-6.22037779979593,0.0 -37.4579557,-6.22035469979593,0.0 -37.4579653,-6.22032899979593,0.0 -37.4580202,-6.22030469979593,0.0 -37.4581482,-6.22032899979593,0.0 -37.4582396,-6.22035339979593,0.0 -37.4583432,-6.22041439979593,0.0 -37.458392,-6.22045699979593,0.0 -37.4584347,-6.22053019979592,0.0 -37.458473,-6.22059539979592,0.0 -37.4584956,-6.22063379979592,0.0 -37.4585932,-6.22067649979592,0.0 -37.4586663,-6.22068869979592,0.0 -37.4587151,-6.22066429979592,0.0 -37.4588187,-6.22068259979592,0.0 -37.4589711,-6.22072519979591,0.0 -37.4590991,-6.22077399979591,0.0 -37.4592576,-6.22084719979591,0.0 -37.4594466,-6.22092029979591,0.0 -37.459605,-6.22095689979591,0.0 -37.4596485,-6.22095839979591,0.0 -37.4597757,-6.22096299979591,0.0 -37.4599098,-6.22098129979591,0.0 -37.4601415,-6.2210177997959,0.0 -37.4602938,-6.22102999979591,0.0 -37.4603975,-6.2210787997959,0.0 -37.4604645,-6.2211153997959,0.0 -37.4605255,-6.2211153997959,0.0 -37.4605925,-6.2210970997959,0.0 -37.4606962,-6.22109709979591,0.0 -37.4607693,-6.2211336997959,0.0 -37.4608425,-6.2212128997959,0.0 -37.4608973,-6.2212006997959,0.0 -37.4609766,-6.2212067997959,0.0 -37.4610131,-6.2212677997959,0.0 -37.4610802,-6.2213469997959,0.0 -37.4611046,-6.2214261997959,0.0 -37.4611107,-6.22151159979589,0.0 -37.4610883,-6.22156969979589,0.0 -37.4610802,-6.22159079979589,0.0 -37.4610802,-6.22167009979588,0.0 -37.4610924,-6.22174929979588,0.0 -37.4611289,-6.22182249979588,0.0 -37.4611899,-6.22183469979588,0.0 -37.4612691,-6.22188339979588,0.0 -37.461324,-6.22194439979588,0.0 -37.4613972,-6.22204799979587,0.0 -37.4614459,-6.22212109979587,0.0 -37.4615191,-6.22221869979587,0.0 -37.4615069,-6.22236499979586,0.0 -37.4615069,-6.22243809979586,0.0 -37.4614383,-6.22250059979586,0.0 -37.4613712,-6.22253109979586,0.0 -37.4611856,-6.22257929979586,0.0 -37.4610665,-6.22257979979586,0.0 -37.4609811,-6.22257979979586,0.0 -37.4608287,-6.22257979979586,0.0 -37.4607678,-6.22257369979586,0.0 -37.4606703,-6.22260419979585,0.0 -37.4606459,-6.22267739979585,0.0 -37.460652,-6.22276269979585,0.0 -37.4606642,-6.22282979979585,0.0 -37.4607007,-6.22288459979585,0.0 -37.4607495,-6.22296999979584,0.0 -37.4607739,-6.22303089979584,0.0 -37.4608348,-6.22307359979584,0.0 -37.4608714,-6.22310409979584,0.0 -37.4609263,-6.22315889979584,0.0 -37.460975,-6.22320159979584,0.0 -37.4610665,-6.22323819979583,0.0 -37.4611091,-6.22325039979583,0.0 -37.4611579,-6.22331129979583,0.0 -37.4612432,-6.22335399979583,0.0 -37.4612981,-6.22341489979583,0.0 -37.4613712,-6.22346979979583,0.0 -37.4614078,-6.22350639979583,0.0 -37.4614932,-6.22355509979583,0.0 -37.4615419,-6.22357339979582,0.0 -37.4616029,-6.22362219979582,0.0 -37.4616395,-6.22366489979582,0.0 -37.4616577,-6.22370749979582,0.0 -37.4616577,-6.22375629979582,0.0 -37.4616699,-6.22379899979582,0.0 -37.4616882,-6.22386599979581,0.0 -37.4617492,-6.22392699979581,0.0 -37.4618223,-6.22397569979581,0.0 -37.4618833,-6.22404889979581,0.0 -37.461926,-6.22410979979581,0.0 -37.4619991,-6.2242256997958,0.0 -37.4620479,-6.2243048997958,0.0 -37.4620783,-6.2243840997958,0.0 -37.4621088,-6.22444509979579,0.0 -37.4621271,-6.22451219979579,0.0 -37.4621576,-6.22457919979579,0.0 -37.462182,-6.22461579979579,0.0 -37.4622551,-6.22471939979579,0.0 -37.4623222,-6.22478649979578,0.0 -37.4624685,-6.22489619979578,0.0 -37.4625721,-6.22496319979578,0.0 -37.4626757,-6.22506689979578,0.0 -37.4627915,-6.22516439979577,0.0 -37.4628342,-6.22518879979577,0.0 -37.4629195,-6.22530459979577,0.0 -37.46295,-6.22537159979577,0.0 -37.46295,-6.22551789979576,0.0 -37.4629256,-6.22562159979576,0.0 -37.4629073,-6.22570079979576,0.0 -37.4628891,-6.22578609979575,0.0 -37.4628403,-6.22588979979575,0.0 -37.4628037,-6.22598729979574,0.0 -37.462755,-6.22609089979574,0.0 -37.4626879,-6.22619449979574,0.0 -37.4625904,-6.22624329979574,0.0 -37.462505,-6.22626159979574,0.0 -37.4624258,-6.22624939979574,0.0 -37.4623831,-6.22626769979574,0.0 -37.46231,-6.22627989979574,0.0 -37.4622307,-6.22626159979574,0.0 -37.4621637,-6.22623109979574,0.0 -37.4621027,-6.22620669979574,0.0 -37.4620235,-6.22620669979574,0.0 -37.4619625,-6.22621279979574,0.0 -37.4619138,-6.22623109979574,0.0 -37.4618894,-6.22626769979574,0.0 -37.4619016,-6.22632869979574,0.0 -37.4619199,-6.22641399979573,0.0 -37.4619503,-6.22650539979573,0.0 -37.461993,-6.22658469979573,0.0 -37.4620783,-6.22664559979573,0.0 -37.4621759,-6.22672489979572,0.0 -37.462249,-6.22677359979572,0.0 -37.4622978,-6.22688339979572,0.0 -37.4623648,-6.22696869979571,0.0 -37.4624075,-6.22706009979571,0.0 -37.4624014,-6.22717589979571,0.0 -37.4623953,-6.22728569979571,0.0 -37.4623587,-6.2274319997957,0.0 -37.4623222,-6.22762089979569,0.0 -37.4623526,-6.22769409979569,0.0 -37.4623831,-6.22778549979569,0.0 -37.4624197,-6.22790129979568,0.0 -37.4624563,-6.22801099979568,0.0 -37.4624685,-6.22808419979568,0.0 -37.4624776,-6.22819699979567,0.0 -37.4625203,-6.22832499979567,0.0 -37.4625508,-6.22841029979567,0.0 -37.4625873,-6.22851389979567,0.0 -37.4626544,-6.22865409979566,0.0 -37.4627275,-6.22878209979566,0.0 -37.4628616,-6.22895279979565,0.0 -37.4630018,-6.22904429979565,0.0 -37.463142,-6.22917839979564,0.0 -37.4632578,-6.22928809979564,0.0 -37.4633249,-6.22936119979564,0.0 -37.4634529,-6.22944659979563,0.0 -37.4635321,-6.22947699979563,0.0 -37.4636114,-6.22951359979563,0.0 -37.4636967,-6.22965989979563,0.0 -37.4637699,-6.22983059979562,0.0 -37.4639467,-6.23013539979561,0.0 -37.4640503,-6.23022069979561,0.0 -37.4641295,-6.23026949979561,0.0 -37.4642149,-6.23026949979561,0.0 -37.4643246,-6.23023899979561,0.0 -37.4644343,-6.23020239979561,0.0 -37.4645379,-6.23015979979561,0.0 -37.4646537,-6.23013539979561,0.0 -37.4646903,-6.23008049979561,0.0 -37.4646903,-6.23000739979562,0.0 -37.4646964,-6.22987329979562,0.0 -37.4646964,-6.22979399979562,0.0 -37.464733,-6.22968429979563,0.0 -37.4647878,-6.22959899979563,0.0 -37.4648671,-6.22958679979563,0.0 -37.4650134,-6.22965379979563,0.0 -37.4651414,-6.22973309979562,0.0 -37.4653669,-6.22995249979562,0.0 -37.4655254,-6.23009269979561,0.0 -37.4657083,-6.23031209979561,0.0 -37.465818,-6.2305376997956,0.0 -37.4658851,-6.23076319979559,0.0 -37.4659338,-6.23104359979558,0.0 -37.4660192,-6.23124479979558,0.0 -37.466135,-6.23134839979557,0.0 -37.4662898,-6.23151249979557,0.0 -37.466406,-6.23166739979556,0.0 -37.4664912,-6.23175259979556,0.0 -37.4665841,-6.23183779979556,0.0 -37.4666166,-6.23186099979556,0.0 -37.4666926,-6.23191529979556,0.0 -37.4667468,-6.23200819979555,0.0 -37.4667932,-6.23216309979555,0.0 -37.466801,-6.23233349979554,0.0 -37.466801,-6.23246519979554,0.0 -37.4668242,-6.23275949979553,0.0 -37.4669404,-6.23296859979552,0.0 -37.4670333,-6.23306149979552,0.0 -37.4672347,-6.23330939979551,0.0 -37.4675213,-6.2334642997955,0.0 -37.467622,-6.2334642997955,0.0 -37.4677459,-6.23344109979551,0.0 -37.4679395,-6.23340229979551,0.0 -37.468018,-6.23341349979551,0.0 -37.468048,-6.23341779979551,0.0 -37.4682416,-6.23347199979551,0.0 -37.4682815,-6.2334965997955,0.0 -37.4683423,-6.2335339997955,0.0 -37.4686908,-6.2336965997955,0.0 -37.4688612,-6.2337662997955,0.0 -37.4690161,-6.23379729979549,0.0 -37.4691555,-6.23380509979549,0.0 -37.4693027,-6.23384379979549,0.0 -37.4694576,-6.23392899979549,0.0 -37.4695583,-6.23399099979549,0.0 -37.469628,-6.23407619979548,0.0 -37.4697209,-6.23416909979548,0.0 -37.4698138,-6.23428529979548,0.0 -37.4698913,-6.23441689979547,0.0 -37.4700307,-6.23454089979547,0.0 -37.4702088,-6.23462609979547,0.0 -37.4703173,-6.23467249979547,0.0 -37.4704644,-6.23474999979546,0.0 -37.4705574,-6.23479649979546,0.0 -37.4706813,-6.23481189979546,0.0 -37.470813,-6.23478869979546,0.0 -37.4708982,-6.23471899979547,0.0 -37.4709834,-6.23462609979547,0.0 -37.4710376,-6.23453309979547,0.0 -37.471151,-6.23439629979548,0.0 -37.4712622,-6.23426199979548,0.0 -37.4713551,-6.23423109979548,0.0 -37.471479,-6.23421559979548,0.0 -37.4716121,-6.23421039979548,0.0 -37.4716804,-6.23420779979548,0.0 -37.4718353,-6.23420779979548,0.0 -37.4720212,-6.23422329979548,0.0 -37.4722381,-6.23434719979548,0.0 -37.4724007,-6.23444789979547,0.0 -37.4724859,-6.23461829979547,0.0 -37.4725246,-6.23474219979546,0.0 -37.4725297,-6.23476359979546,0.0 -37.4725556,-6.23487389979546,0.0 -37.4726331,-6.23507529979545,0.0 -37.4726795,-6.23524569979545,0.0 -37.4727028,-6.23546249979544,0.0 -37.4727039,-6.23548639979544,0.0 -37.4727105,-6.23562519979544,0.0 -37.472726,-6.23571809979543,0.0 -37.4728035,-6.23595819979542,0.0 -37.4728035,-6.23608209979542,0.0 -37.472819,-6.23622929979541,0.0 -37.4728732,-6.23642289979541,0.0 -37.4728964,-6.2365932997954,0.0 -37.4730126,-6.2367171997954,0.0 -37.4731752,-6.23684889979539,0.0 -37.4732837,-6.23693409979539,0.0 -37.4733843,-6.23695729979539,0.0 -37.4734541,-6.23696509979539,0.0 -37.4735935,-6.23692639979539,0.0 -37.4736477,-6.2368798997954,0.0 -37.4736864,-6.2368023997954,0.0 -37.4736942,-6.2367094997954,0.0 -37.4737329,-6.23652359979541,0.0 -37.4737251,-6.23643069979541,0.0 -37.4737251,-6.23632999979541,0.0 -37.4737406,-6.23626799979541,0.0 -37.4738026,-6.23620609979542,0.0 -37.4738517,-6.23621179979542,0.0 -37.4739342,-6.23622159979542,0.0 -37.4739969,-6.23630509979541,0.0 -37.4740272,-6.23634549979541,0.0 -37.4740892,-6.23646939979541,0.0 -37.4741666,-6.23655459979541,0.0 -37.4742983,-6.2366397997954,0.0 -37.4744842,-6.2366397997954,0.0 -37.4745771,-6.2366087997954,0.0 -37.4747243,-6.2366010997954,0.0 -37.4748792,-6.2365855997954,0.0 -37.4750883,-6.2365855997954,0.0 -37.4753439,-6.2365545997954,0.0 -37.4754357,-6.23656169979541,0.0 -37.4754445,-6.2365622997954,0.0 -37.4755297,-6.2366397997954,0.0 -37.4755496,-6.2366736997954,0.0 -37.4757156,-6.23695729979539,0.0 -37.4758163,-6.23708129979539,0.0 -37.4759093,-6.23722069979538,0.0 -37.4760099,-6.23732909979538,0.0 -37.4761803,-6.23739109979538,0.0 -37.4763352,-6.23745299979538,0.0 -37.4765134,-6.23751499979537,0.0 -37.4766993,-6.23763119979537,0.0 -37.4769161,-6.23780159979537,0.0 -37.4771252,-6.23819659979535,0.0 -37.4772337,-6.23844439979534,0.0 -37.4773576,-6.23869219979534,0.0 -37.4774118,-6.23875419979533,0.0 -37.4775977,-6.23874649979533,0.0 -37.4778068,-6.23872319979533,0.0 -37.4782096,-6.23871549979533,0.0 -37.4783065,-6.23872959979534,0.0 -37.4784225,-6.23874649979533,0.0 -37.4786549,-6.23879289979533,0.0 -37.4787151,-6.23881889979533,0.0 -37.4789337,-6.23891299979533,0.0 -37.4792763,-6.23908139979532,0.0 -37.4794062,-6.23914529979532,0.0 -37.4794558,-6.23918649979532,0.0 -37.479565,-6.23927699979532,0.0 -37.4798205,-6.23948999979531,0.0 -37.4801613,-6.2397571997953,0.0 -37.4803046,-6.2398191997953,0.0 -37.4803284,-6.2398249997953,0.0 -37.4806957,-6.2399159997953,0.0 -37.4807848,-6.2399546997953,0.0 -37.4808661,-6.24000889979529,0.0 -37.4809591,-6.24010189979529,0.0 -37.4810365,-6.24029159979528,0.0 -37.4811217,-6.24046589979528,0.0 -37.4811259,-6.24048789979528,0.0 -37.4811566,-6.24065179979527,0.0 -37.4812699,-6.24077379979527,0.0 -37.4813362,-6.24081689979527,0.0 -37.4814356,-6.24082679979527,0.0 -37.4815152,-6.24083339979527,0.0 -37.4816146,-6.24086329979527,0.0 -37.4818167,-6.24101239979526,0.0 -37.4819293,-6.24110179979526,0.0 -37.481996,-6.24112619979526,0.0 -37.4820652,-6.24115149979526,0.0 -37.4822905,-6.24120789979526,0.0 -37.4824198,-6.24126089979525,0.0 -37.4825424,-6.24128739979525,0.0 -37.4825987,-6.24132389979525,0.0 -37.4826517,-6.24136359979525,0.0 -37.4827412,-6.24138019979525,0.0 -37.4828439,-6.24136029979525,0.0 -37.4829102,-6.24134369979525,0.0 -37.4829797,-6.24138019979525,0.0 -37.483109,-6.24152269979525,0.0 -37.4831686,-6.24159889979524,0.0 -37.4832515,-6.24166179979524,0.0 -37.4833078,-6.24172809979524,0.0 -37.4833409,-6.24187059979523,0.0 -37.4834039,-6.24194679979523,0.0 -37.4834393,-6.24201769979523,0.0 -37.4835165,-6.24217209979522,0.0 -37.4835762,-6.24228479979522,0.0 -37.4836391,-6.24236759979522,0.0 -37.4836789,-6.24241729979522,0.0 -37.4837584,-6.24246039979521,0.0 -37.4840036,-6.24256309979521,0.0 -37.4841295,-6.24260619979521,0.0 -37.484272,-6.24262939979521,0.0 -37.4844443,-6.24264929979521,0.0 -37.4846929,-6.24266919979521,0.0 -37.4848088,-6.24257639979521,0.0 -37.485142,-6.24251189979521,0.0 -37.485979,-6.24266749979521,0.0 -37.4883918,-6.2428370997952,0.0 -37.490171,-6.2428127997952,0.0 -37.4903749,-6.24276219979521,0.0 -37.4917308,-6.24242519979521,0.0 -37.4969464,-6.24189219979523,0.0 -37.4975313,-6.24116539979526,0.0 -37.4993836,-6.24114119979526,0.0 -37.5004072,-6.24123809979525,0.0 -37.5018207,-6.24145739979525,0.0 -37.5029053,-6.24162569979524,0.0 -37.5030473,-6.24153399979524,0.0 -37.503149,-6.24146819979525,0.0 -37.5036121,-6.24126229979525,0.0 -37.5040752,-6.24109269979526,0.0 -37.5045017,-6.24074139979527,0.0 -37.5046314,-6.24062289979527,0.0 -37.5049526,-6.24032949979528,0.0 -37.5055375,-6.24011149979529,0.0 -37.5063418,-6.23967539979531,0.0 -37.5066952,-6.2397143997953,0.0 -37.5068459,-6.2397310997953,0.0 -37.5068901,-6.2397359997953,0.0 -37.5070481,-6.2397162997953,0.0 -37.5070851,-6.2397116997953,0.0 -37.5072557,-6.2398328997953,0.0 -37.507402,-6.24018419979529,0.0 -37.5074507,-6.24046279979528,0.0 -37.5075011,-6.24050659979528,0.0 -37.5076457,-6.24063239979527,0.0 -37.5081892,-6.24090249979526,0.0 -37.5083525,-6.24098369979526,0.0 -37.509303,-6.24158939979524,0.0 -37.5099532,-6.24168039979524,0.0 -37.5099578,-6.24168099979524,0.0 -37.5101682,-6.24171049979524,0.0 -37.5101974,-6.24177919979523,0.0 -37.5103021,-6.24202509979523,0.0 -37.5103024,-6.24202709979523,0.0 -37.5103388,-6.24234039979522,0.0 -37.5107287,-6.24259479979521,0.0 -37.51076,-6.24259849979521,0.0 -37.5110334,-6.24263109979521,0.0 -37.5112005,-6.2428415997952,0.0 -37.5112162,-6.2428612997952,0.0 -37.5112792,-6.2428640997952,0.0 -37.5120204,-6.2428975997952,0.0 -37.5123616,-6.2428733997952,0.0 -37.5125566,-6.24276439979521,0.0 -37.5126663,-6.24249789979521,0.0 -37.5128003,-6.24242519979521,0.0 -37.5129709,-6.24236459979522,0.0 -37.5132512,-6.24231619979522,0.0 -37.5136259,-6.24219809979522,0.0 -37.5137905,-6.24213749979522,0.0 -37.5140007,-6.24204059979523,0.0 -37.5142139,-6.24195279979523,0.0 -37.5143937,-6.24195279979523,0.0 -37.5144234,-6.24196339979523,0.0 -37.5145033,-6.24199209979523,0.0 -37.5147166,-6.24199519979523,0.0 -37.5148902,-6.24192549979523,0.0 -37.514964,-6.24189979979523,0.0 -37.5151157,-6.24184679979524,0.0 -37.5152589,-6.24176199979524,0.0 -37.5153777,-6.24170139979524,0.0 -37.5154813,-6.24168019979524,0.0 -37.5156244,-6.24168629979524,0.0 -37.5157554,-6.24171959979524,0.0 -37.5158377,-6.24175289979524,0.0 -37.515859,-6.24177709979524,0.0 -37.5159017,-6.24189829979523,0.0 -37.5159194,-6.24190229979523,0.0 -37.5160631,-6.24193459979523,0.0 -37.5162551,-6.24189519979523,0.0 -37.5163043,-6.24186389979524,0.0 -37.5163312,-6.24184679979524,0.0 -37.5163952,-6.24169839979524,0.0 -37.5165993,-6.24152269979525,0.0 -37.5167608,-6.24151059979525,0.0 -37.516907,-6.24153479979525,0.0 -37.5169893,-6.24156819979524,0.0 -37.5170674,-6.24155219979524,0.0 -37.5171081,-6.24154389979525,0.0 -37.5171934,-6.24151669979525,0.0 -37.517297,-6.24142889979525,0.0 -37.5173945,-6.24136219979525,0.0 -37.5174615,-6.24124409979525,0.0 -37.5174767,-6.24109569979526,0.0 -37.5174554,-6.24104729979526,0.0 -37.5173823,-6.24104419979526,0.0 -37.5173642,-6.24103529979526,0.0 -37.5173092,-6.24100789979526,0.0 -37.517297,-6.24092609979527,0.0 -37.5173122,-6.24087159979527,0.0 -37.5173975,-6.24084739979527,0.0 -37.5174495,-6.24084739979527,0.0 -37.5175894,-6.24084739979527,0.0 -37.5177204,-6.24083229979527,0.0 -37.5177936,-6.24087159979527,0.0 -37.5178849,-6.24094429979526,0.0 -37.5180281,-6.24111089979526,0.0 -37.5180312,-6.24118349979525,0.0 -37.5180677,-6.24132889979525,0.0 -37.5181165,-6.24148339979525,0.0 -37.5181926,-6.24155909979524,0.0 -37.5182871,-6.24167419979524,0.0 -37.5183632,-6.24173469979524,0.0 -37.5185247,-6.24182859979524,0.0 -37.5187166,-6.24190429979523,0.0 -37.5187898,-6.24194669979523,0.0 -37.5188415,-6.24201939979523,0.0 -37.5188872,-6.24210119979523,0.0 -37.518936,-6.24214049979522,0.0 -37.5189756,-6.24221019979522,0.0 -37.5189786,-6.24230099979522,0.0 -37.5189725,-6.24235559979522,0.0 -37.5190182,-6.24241009979522,0.0 -37.5190944,-6.24243729979522,0.0 -37.5191736,-6.24248579979522,0.0 -37.5191751,-6.24248789979521,0.0 -37.5192102,-6.24253729979521,0.0 -37.519211,-6.24255889979521,0.0 -37.5192163,-6.24269169979521,0.0 -37.5192224,-6.2427703997952,0.0 -37.5192467,-6.2428370997952,0.0 -37.5193016,-6.2429187997952,0.0 -37.5193473,-6.24305209979519,0.0 -37.5193686,-6.24310959979519,0.0 -37.51946,-6.24321869979519,0.0 -37.519527,-6.24325199979519,0.0 -37.519622,-6.24332199979519,0.0 -37.5197311,-6.24339429979519,0.0 -37.5197981,-6.24344879979518,0.0 -37.5199505,-6.24353059979518,0.0 -37.5201058,-6.24360019979518,0.0 -37.520179,-6.24367289979518,0.0 -37.5203465,-6.24374559979517,0.0 -37.5204958,-6.24382129979517,0.0 -37.5205689,-6.24387889979517,0.0 -37.5206039,-6.24390469979517,0.0 -37.5206877,-6.24396669979517,0.0 -37.5208004,-6.24404239979516,0.0 -37.5208913,-6.24411539979516,0.0 -37.5209436,-6.24415749979516,0.0 -37.5209619,-6.24419989979516,0.0 -37.5209735,-6.24426899979516,0.0 -37.5209741,-6.24427249979516,0.0 -37.5210533,-6.24436639979515,0.0 -37.5211295,-6.24440279979515,0.0 -37.5211365,-6.24440499979515,0.0 -37.5211965,-6.24442399979515,0.0 -37.5212483,-6.24443309979515,0.0 -37.5213488,-6.24449969979515,0.0 -37.5214006,-6.24456019979515,0.0 -37.5214859,-6.24462989979515,0.0 -37.5215194,-6.24467529979514,0.0 -37.5215529,-6.24473289979514,0.0 -37.5216044,-6.24479539979514,0.0 -37.5216126,-6.24480539979514,0.0 -37.5216352,-6.24483279979514,0.0 -37.5216291,-6.24490549979513,0.0 -37.5216443,-6.24496299979514,0.0 -37.5216596,-6.24505689979513,0.0 -37.5216778,-6.24512049979513,0.0 -37.521711,-6.24520429979513,0.0 -37.5217174,-6.24522039979513,0.0 -37.5217632,-6.24525559979513,0.0 -37.5217845,-6.24527189979513,0.0 -37.5218941,-6.24527499979512,0.0 -37.5219764,-6.24527499979512,0.0 -37.5220251,-6.24532039979512,0.0 -37.5221165,-6.24535069979512,0.0 -37.5222289,-6.24537489979512,0.0 -37.5222567,-6.24538089979512,0.0 -37.522409,-6.24540519979512,0.0 -37.5225004,-6.24544449979512,0.0 -37.5225522,-6.24553239979511,0.0 -37.5225918,-6.24560509979511,0.0 -37.5226456,-6.24566589979511,0.0 -37.5226801,-6.24570499979511,0.0 -37.5227228,-6.24578369979511,0.0 -37.5227685,-6.24587759979511,0.0 -37.5227715,-6.2459684997951,0.0 -37.5227959,-6.2460380997951,0.0 -37.5228568,-6.2460834997951,0.0 -37.5229208,-6.2461168997951,0.0 -37.5230518,-6.2461561997951,0.0 -37.5231798,-6.2461349997951,0.0 -37.5233565,-6.2460834997951,0.0 -37.5235088,-6.2460653997951,0.0 -37.5235216,-6.2460788997951,0.0 -37.5235575,-6.2461168997951,0.0 -37.5236154,-6.2461137997951,0.0 -37.5237007,-6.2460744997951,0.0 -37.5237951,-6.2459653997951,0.0 -37.5238816,-6.24570759979511,0.0 -37.5239079,-6.24562929979511,0.0 -37.523914,-6.24546269979512,0.0 -37.5239505,-6.24537189979512,0.0 -37.524045,-6.24534159979512,0.0 -37.5241222,-6.24531019979512,0.0 -37.524179,-6.24528709979512,0.0 -37.5242674,-6.24527189979513,0.0 -37.5243435,-6.24521739979513,0.0 -37.5244014,-6.24513259979513,0.0 -37.5244593,-6.24504179979513,0.0 -37.5245263,-6.24491149979514,0.0 -37.524569,-6.24479649979514,0.0 -37.5245598,-6.24471769979514,0.0 -37.5245172,-6.24463899979514,0.0 -37.5244837,-6.24450879979515,0.0 -37.5244837,-6.24447109979515,0.0 -37.5244837,-6.24435429979515,0.0 -37.5244349,-6.24415439979516,0.0 -37.5244745,-6.24408179979516,0.0 -37.5245263,-6.24391219979517,0.0 -37.5244715,-6.24379409979517,0.0 -37.5244837,-6.24372739979517,0.0 -37.5245446,-6.24360019979518,0.0 -37.5246207,-6.24353969979518,0.0 -37.5246725,-6.24353659979518,0.0 -37.5247731,-6.24354569979518,0.0 -37.5249345,-6.24357299979518,0.0 -37.5250195,-6.24366069979518,0.0 -37.5250899,-6.24373349979517,0.0 -37.5252605,-6.24377289979517,0.0 -37.5253519,-6.24378799979517,0.0 -37.5255239,-6.24382569979517,0.0 -37.5255865,-6.24383949979517,0.0 -37.5256135,-6.24385769979517,0.0 -37.525748,-6.24394849979517,0.0 -37.5258637,-6.24403939979516,0.0 -37.5260221,-6.24403939979516,0.0 -37.5260484,-6.24404839979517,0.0 -37.5262689,-6.24412419979516,0.0 -37.5263969,-6.24419079979516,0.0 -37.5266223,-6.24429369979515,0.0 -37.5267442,-6.24432399979515,0.0 -37.5269909,-6.24443609979515,0.0 -37.5270092,-6.24450569979515,0.0 -37.5270488,-6.24456929979515,0.0 -37.5271133,-6.24459469979515,0.0 -37.5271798,-6.24462079979515,0.0 -37.5273169,-6.24462079979515,0.0 -37.5273747,-6.24460739979514,0.0 -37.5273998,-6.24460149979515,0.0 -37.5274601,-6.24458749979515,0.0 -37.5274949,-6.24455289979515,0.0 -37.5275454,-6.24450269979515,0.0 -37.5275972,-6.24444819979515,0.0 -37.5277038,-6.24441189979515,0.0 -37.5277952,-6.24438759979515,0.0 -37.5278064,-6.24438899979515,0.0 -37.5278439,-6.24439369979515,0.0 -37.5279597,-6.24439369979515,0.0 -37.5280541,-6.24439669979515,0.0 -37.5282339,-6.24436339979515,0.0 -37.5282826,-6.24430279979516,0.0 -37.5283436,-6.24429069979515,0.0 -37.5283588,-6.24428769979516,0.0 -37.5284258,-6.24428469979516,0.0 -37.5284959,-6.24429369979515,0.0 -37.5285576,-6.24432399979515,0.0 -37.5287122,-6.24439969979515,0.0 -37.5288523,-6.24441489979515,0.0 -37.5289346,-6.24438759979515,0.0 -37.5289864,-6.24433609979515,0.0 -37.5290077,-6.24425739979516,0.0 -37.5290168,-6.24419989979516,0.0 -37.5290382,-6.24411509979516,0.0 -37.5290595,-6.24406059979516,0.0 -37.529157,-6.24401509979517,0.0 -37.5292088,-6.24402119979516,0.0 -37.5293763,-6.24408479979516,0.0 -37.5294403,-6.24411809979516,0.0 -37.5295052,-6.24418259979516,0.0 -37.5295347,-6.24421199979516,0.0 -37.5295287,-6.24430279979516,0.0 -37.5295134,-6.24440879979515,0.0 -37.529553,-6.24449969979515,0.0 -37.5296566,-6.24452389979515,0.0 -37.5297389,-6.24451479979515,0.0 -37.5298577,-6.24448449979515,0.0 -37.5299133,-6.24446179979515,0.0 -37.5299635,-6.24447239979515,0.0 -37.5299849,-6.24448909979515,0.0 -37.5300351,-6.24449969979515,0.0 -37.5300657,-6.24450079979515,0.0 -37.5300763,-6.24450119979515,0.0 -37.5300878,-6.24449239979515,0.0 -37.5301022,-6.24448149979515,0.0 -37.5301237,-6.24447879979515,0.0 -37.5301981,-6.24446939979515,0.0 -37.5302667,-6.24450419979515,0.0 -37.5302895,-6.24457989979515,0.0 -37.5302865,-6.24463439979514,0.0 -37.5302956,-6.24469799979514,0.0 -37.5303108,-6.24479799979514,0.0 -37.5303322,-6.24486459979514,0.0 -37.5303809,-6.24495089979513,0.0 -37.5304388,-6.24500999979513,0.0 -37.5304478,-6.24501899979513,0.0 -37.5304845,-6.24505539979513,0.0 -37.5305555,-6.24508359979513,0.0 -37.5306444,-6.24511899979513,0.0 -37.5307115,-6.24514019979513,0.0 -37.5307338,-6.24513949979513,0.0 -37.5308074,-6.24513719979513,0.0 -37.5309034,-6.24508869979513,0.0 -37.5313527,-6.24479499979514,0.0 -37.5313832,-6.24471919979514,0.0 -37.5314259,-6.24458599979515,0.0 -37.5314716,-6.24451629979515,0.0 -37.5315477,-6.24444669979515,0.0 -37.5315904,-6.24438909979515,0.0 -37.5315904,-6.24432859979515,0.0 -37.5316239,-6.24427409979516,0.0 -37.5316269,-6.24421349979516,0.0 -37.5316879,-6.24415599979516,0.0 -37.5317113,-6.24407149979516,0.0 -37.5317122,-6.24406809979516,0.0 -37.5316513,-6.24396209979517,0.0 -37.5316455,-6.24395279979517,0.0 -37.5315843,-6.24385309979517,0.0 -37.5314807,-6.24376229979517,0.0 -37.5314106,-6.24366529979517,0.0 -37.531371,-6.24354719979518,0.0 -37.5313192,-6.24345339979518,0.0 -37.531307,-6.24320199979519,0.0 -37.5313009,-6.2430323997952,0.0 -37.5311547,-6.2429415997952,0.0 -37.5311395,-6.24273869979521,0.0 -37.531176,-6.24260539979521,0.0 -37.5312613,-6.24243579979522,0.0 -37.5313028,-6.24230689979522,0.0 -37.5313101,-6.24228439979522,0.0 -37.5312812,-6.24222989979522,0.0 -37.5312522,-6.24217539979522,0.0 -37.5311669,-6.24198459979523,0.0 -37.5311212,-6.24183919979524,0.0 -37.5310877,-6.24159089979524,0.0 -37.531173,-6.24148189979525,0.0 -37.5312796,-6.24141219979525,0.0 -37.5313768,-6.24134169979525,0.0 -37.5313923,-6.24133039979525,0.0 -37.5317092,-6.24133039979525,0.0 -37.5318524,-6.24147879979525,0.0 -37.5319285,-6.24164539979524,0.0 -37.5319042,-6.24173619979524,0.0 -37.5318859,-6.24195129979523,0.0 -37.5319163,-6.24204209979523,0.0 -37.5319651,-6.24209359979523,0.0 -37.5320869,-6.24216319979522,0.0 -37.5322454,-6.24218439979522,0.0 -37.5323916,-6.24226319979522,0.0 -37.5325256,-6.24228739979522,0.0 -37.5326262,-6.24236009979522,0.0 -37.5327968,-6.24238739979522,0.0 -37.5330649,-6.24240249979522,0.0 -37.5332385,-6.24241759979522,0.0 -37.5334396,-6.24241759979522,0.0 -37.5335036,-6.24241459979522,0.0 -37.5335955,-6.24239969979522,0.0 -37.5337473,-6.24237519979522,0.0 -37.5338874,-6.24244489979521,0.0 -37.5339666,-6.24247819979521,0.0 -37.5340458,-6.24251449979521,0.0 -37.5341098,-6.24254179979521,0.0 -37.534317,-6.24254179979521,0.0 -37.5343962,-6.24251149979521,0.0 -37.5344419,-6.24246309979521,0.0 -37.5344615,-6.24243319979521,0.0 -37.5344998,-6.24237519979522,0.0 -37.5347283,-6.24234799979522,0.0 -37.5348318,-6.24231469979522,0.0 -37.5348505,-6.24231469979522,0.0 -37.5349263,-6.24231469979522,0.0 -37.5349689,-6.24237219979522,0.0 -37.5350695,-6.24238739979522,0.0 -37.5351243,-6.24236309979522,0.0 -37.5351517,-6.24231469979522,0.0 -37.535167,-6.24226919979522,0.0 -37.5351724,-6.24226829979522,0.0 -37.5352888,-6.24224799979522,0.0 -37.5354594,-6.24228739979522,0.0 -37.5354777,-6.24236619979522,0.0 -37.5354777,-6.24246309979521,0.0 -37.5354868,-6.24259329979521,0.0 -37.5355082,-6.24267509979521,0.0 -37.5355131,-6.24271219979521,0.0 -37.5355203,-6.2427658997952,0.0 -37.535563,-6.2428476997952,0.0 -37.5356056,-6.2428597997952,0.0 -37.5356097,-6.2428605997952,0.0 -37.5356635,-6.2428718997952,0.0 -37.535828,-6.2428839997952,0.0 -37.5359499,-6.2429415997952,0.0 -37.5360169,-6.2429929997952,0.0 -37.5361571,-6.2429960997952,0.0 -37.5363277,-6.2429869997952,0.0 -37.5364282,-6.2429293997952,0.0 -37.5366049,-6.2427749997952,0.0 -37.5368821,-6.24258419979521,0.0 -37.5369613,-6.24252059979521,0.0 -37.5370284,-6.24251759979521,0.0 -37.5371898,-6.24248119979521,0.0 -37.5374244,-6.24244189979521,0.0 -37.5375524,-6.24243579979522,0.0 -37.5377687,-6.24240549979522,0.0 -37.5378755,-6.24240359979522,0.0 -37.5379362,-6.24240249979522,0.0 -37.5380428,-6.24239639979522,0.0 -37.5381617,-6.24240859979522,0.0 -37.5384145,-6.24245999979521,0.0 -37.5385699,-6.24249329979521,0.0 -37.5387161,-6.24256599979521,0.0 -37.5387527,-6.24263269979521,0.0 -37.5388014,-6.24267509979521,0.0 -37.5388898,-6.24273259979521,0.0 -37.538892,-6.24273469979521,0.0 -37.5389751,-6.2428112997952,0.0 -37.5390299,-6.2429142997952,0.0 -37.5390665,-6.24305969979519,0.0 -37.5390451,-6.24310209979519,0.0 -37.5390136,-6.24313339979519,0.0 -37.5390116,-6.24313539979519,0.0 -37.5390421,-6.24321109979519,0.0 -37.5391152,-6.24328979979519,0.0 -37.539167,-6.24335639979518,0.0 -37.5392553,-6.24337159979518,0.0 -37.5393376,-6.24335039979518,0.0 -37.5394564,-6.24328069979519,0.0 -37.53956,-6.24324739979519,0.0 -37.5396423,-6.24326559979519,0.0 -37.5397245,-6.24329889979519,0.0 -37.5398525,-6.24327169979519,0.0 -37.5400383,-6.24314749979519,0.0 -37.5401723,-6.2429990997952,0.0 -37.540218,-6.2428294997952,0.0 -37.5402119,-6.24268719979521,0.0 -37.5401541,-6.24251149979521,0.0 -37.540148,-6.24246309979521,0.0 -37.5402424,-6.24228739979522,0.0 -37.5401723,-6.24216929979522,0.0 -37.540084,-6.24210269979523,0.0 -37.5400444,-6.24196939979523,0.0 -37.5400444,-6.24175139979524,0.0 -37.540039,-6.24168769979524,0.0 -37.5400292,-6.24157269979524,0.0 -37.5401266,-6.24146969979525,0.0 -37.5401335,-6.24146859979525,0.0 -37.5402333,-6.24145159979525,0.0 -37.5402363,-6.24139399979525,0.0 -37.5402289,-6.24137339979525,0.0 -37.5402028,-6.24130009979525,0.0 -37.5402089,-6.24125769979525,0.0 -37.540282,-6.24124559979526,0.0 -37.5403782,-6.24122769979525,0.0 -37.5403795,-6.24122749979525,0.0 -37.5403799,-6.24122609979525,0.0 -37.5404005,-6.24114879979526,0.0 -37.5404191,-6.24107909979526,0.0 -37.5403746,-6.24102009979526,0.0 -37.5403643,-6.24100639979526,0.0 -37.5403429,-6.24090949979526,0.0 -37.5404222,-6.24079739979527,0.0 -37.5404611,-6.24078019979527,0.0 -37.5405044,-6.24076109979527,0.0 -37.5405806,-6.24074289979527,0.0 -37.5406506,-6.24075199979527,0.0 -37.5406963,-6.24078529979527,0.0 -37.5407938,-6.24080049979527,0.0 -37.5408913,-6.24083069979527,0.0 -37.5409614,-6.24080649979527,0.0 -37.5410375,-6.24074589979527,0.0 -37.5410711,-6.24067629979527,0.0 -37.5410954,-6.24067329979527,0.0 -37.5411899,-6.24067929979527,0.0 -37.5412447,-6.24067929979527,0.0 -37.5413239,-6.24060969979527,0.0 -37.5413544,-6.24054909979528,0.0 -37.5413757,-6.24049159979528,0.0 -37.5414191,-6.24044599979528,0.0 -37.5414305,-6.24043399979528,0.0 -37.5415615,-6.24038249979528,0.0 -37.5416651,-6.24044009979528,0.0 -37.5417474,-6.24050059979528,0.0 -37.5418814,-6.24060969979527,0.0 -37.5420185,-6.24067929979527,0.0 -37.542113,-6.24075499979527,0.0 -37.5422135,-6.24079739979527,0.0 -37.5423536,-6.24084589979527,0.0 -37.5424694,-6.24088519979526,0.0 -37.5426948,-6.24099119979526,0.0 -37.5427162,-6.24106089979526,0.0 -37.5427253,-6.24117289979526,0.0 -37.5426979,-6.24122749979525,0.0 -37.5427619,-6.24131229979525,0.0 -37.5428807,-6.24145459979525,0.0 -37.5429355,-6.24157879979524,0.0 -37.5429264,-6.24163019979524,0.0 -37.5429477,-6.24180889979524,0.0 -37.5430117,-6.24190279979523,0.0 -37.5430421,-6.24198149979523,0.0 -37.5430696,-6.24203299979523,0.0 -37.5431396,-6.24205729979523,0.0 -37.5431762,-6.24200579979523,0.0 -37.5432341,-6.24192699979523,0.0 -37.5433011,-6.24187549979523,0.0 -37.5434016,-6.24184529979523,0.0 -37.5434321,-6.24175139979524,0.0 -37.5434778,-6.24167259979524,0.0 -37.543624,-6.24161509979524,0.0 -37.5437337,-6.24160599979524,0.0 -37.5438891,-6.24163329979524,0.0 -37.5440262,-6.24169989979524,0.0 -37.5441541,-6.24180589979524,0.0 -37.544215,-6.24189369979523,0.0 -37.5442486,-6.24204209979523,0.0 -37.5442525,-6.24206219979523,0.0 -37.5442668,-6.24213599979523,0.0 -37.5443643,-6.24223899979522,0.0 -37.5445898,-6.24232979979522,0.0 -37.5448152,-6.24236919979522,0.0 -37.5449218,-6.24232679979522,0.0 -37.544931,-6.24228139979522,0.0 -37.5449371,-6.24219959979522,0.0 -37.5448792,-6.24206329979523,0.0 -37.5448914,-6.24198759979523,0.0 -37.5449889,-6.24193309979523,0.0 -37.5450498,-6.24193309979523,0.0 -37.5451991,-6.24194819979523,0.0 -37.5453057,-6.24196339979523,0.0 -37.5455007,-6.24207239979523,0.0 -37.5457444,-6.24212389979523,0.0 -37.5459058,-6.24219049979522,0.0 -37.5460429,-6.24235099979522,0.0 -37.5461465,-6.24244489979521,0.0 -37.5462135,-6.24258119979521,0.0 -37.546311,-6.24269019979521,0.0 -37.546372,-6.24276289979521,0.0 -37.5465273,-6.2428506997952,0.0 -37.546765,-6.2428627997952,0.0 -37.5470391,-6.24269019979521,0.0 -37.5470818,-6.24260539979521,0.0 -37.5472615,-6.24239339979522,0.0 -37.5472578,-6.24232999979522,0.0 -37.5472554,-6.24229039979522,0.0 -37.5473804,-6.24214509979523,0.0 -37.547487,-6.24202999979523,0.0 -37.5476484,-6.24193309979523,0.0 -37.5477216,-6.24188159979524,0.0 -37.54788,-6.24182409979523,0.0 -37.5481511,-6.24167569979524,0.0 -37.5483065,-6.24163629979524,0.0 -37.5483461,-6.24140919979525,0.0 -37.5483644,-6.24133649979525,0.0 -37.5484101,-6.24127289979525,0.0 -37.548471,-6.24120929979526,0.0 -37.5486477,-6.24115179979526,0.0 -37.5488335,-6.24120629979525,0.0 -37.5488609,-6.24128799979525,0.0 -37.5489219,-6.24136369979525,0.0 -37.5489798,-6.24143949979525,0.0 -37.548995,-6.24146069979525,0.0 -37.5490468,-6.24149399979524,0.0 -37.5491138,-6.24151209979525,0.0 -37.5492844,-6.24147279979525,0.0 -37.549391,-6.24140919979525,0.0 -37.5494824,-6.24132739979525,0.0 -37.5495952,-6.24126679979525,0.0 -37.549714,-6.24118199979526,0.0 -37.5497597,-6.24116079979526,0.0 -37.5498785,-6.24116389979526,0.0 -37.549979,-6.24109419979526,0.0 -37.5500674,-6.24104579979526,0.0 -37.5501953,-6.24098819979526,0.0 -37.5503294,-6.24093979979526,0.0 -37.5504025,-6.24093369979526,0.0 -37.5504725,-6.24092759979526,0.0 -37.5506462,-6.24094879979526,0.0 -37.5508046,-6.24098819979526,0.0 -37.5510453,-6.24092459979526,0.0 -37.5511306,-6.24096099979526,0.0 -37.551289,-6.24102459979526,0.0 -37.5513256,-6.24107599979526,0.0 -37.5515997,-6.24112149979526,0.0 -37.5517368,-6.24118509979526,0.0 -37.5518709,-6.24129409979525,0.0 -37.5519318,-6.24138489979525,0.0 -37.5519829,-6.24147729979525,0.0 -37.5519988,-6.24150609979525,0.0 -37.5520994,-6.24159689979524,0.0 -37.5521755,-6.24171199979524,0.0 -37.5522669,-6.24183309979523,0.0 -37.5523126,-6.24188159979524,0.0 -37.5523857,-6.24195729979523,0.0 -37.5525533,-6.24200579979523,0.0 -37.5527801,-6.24206699979523,0.0 -37.5528001,-6.24207239979523,0.0 -37.5529859,-6.24209969979523,0.0 -37.5531535,-6.24203909979523,0.0 -37.5533158,-6.24208669979523,0.0 -37.5533393,-6.24209359979523,0.0 -37.5533595,-6.24209979979523,0.0 -37.5534672,-6.24213299979523,0.0 -37.5534816,-6.24215289979522,0.0 -37.5535678,-6.24227229979522,0.0 -37.5536957,-6.24230859979522,0.0 -37.5538085,-6.24236009979522,0.0 -37.5539181,-6.24239039979522,0.0 -37.5540217,-6.24239339979522,0.0 -37.554171,-6.24234799979522,0.0 -37.5543142,-6.24232979979522,0.0 -37.5545244,-6.24239339979522,0.0 -37.5545579,-6.24240549979522,0.0 -37.5546371,-6.24247209979521,0.0 -37.5546889,-6.24250849979521,0.0 -37.55472,-6.24251139979521,0.0 -37.5548199,-6.24252059979521,0.0 -37.5549235,-6.24257209979521,0.0 -37.5549996,-6.24264169979521,0.0 -37.5550271,-6.24270529979521,0.0 -37.5550465,-6.24271199979521,0.0 -37.5551154,-6.24273559979521,0.0 -37.555219,-6.24275079979521,0.0 -37.5553195,-6.24270529979521,0.0 -37.5554261,-6.24271439979521,0.0 -37.5554993,-6.2427597997952,0.0 -37.5555541,-6.2428021997952,0.0 -37.555679,-6.2427809997952,0.0 -37.5556879,-6.2427806997952,0.0 -37.5557582,-6.24277799979521,0.0 -37.5559105,-6.2428415997952,0.0 -37.5559349,-6.2429142997952,0.0 -37.5559776,-6.2429929997952,0.0 -37.5559928,-6.2430505997952,0.0 -37.5560629,-6.24319899979519,0.0 -37.5560872,-6.24325949979519,0.0 -37.5560964,-6.24330189979519,0.0 -37.5561018,-6.24330519979519,0.0 -37.5561878,-6.24335639979518,0.0 -37.5563096,-6.24341099979518,0.0 -37.5564179,-6.24339259979518,0.0 -37.5564345,-6.24338979979519,0.0 -37.5565168,-6.24339579979518,0.0 -37.5566813,-6.24340189979518,0.0 -37.556861,-6.24339279979518,0.0 -37.556989,-6.24340189979518,0.0 -37.5570682,-6.24337759979518,0.0 -37.5571501,-6.24331909979519,0.0 -37.5571657,-6.24330799979519,0.0 -37.5572997,-6.24324139979519,0.0 -37.5574094,-6.24313229979519,0.0 -37.5574703,-6.2430081997952,0.0 -37.5575953,-6.2428233997952,0.0 -37.5576501,-6.24267199979521,0.0 -37.5577963,-6.24258419979521,0.0 -37.5579517,-6.24245999979521,0.0 -37.5580309,-6.24245399979521,0.0 -37.5581132,-6.24245399979521,0.0 -37.5581406,-6.24247209979521,0.0 -37.5582137,-6.24246609979521,0.0 -37.5582603,-6.24244959979522,0.0 -37.5583416,-6.24242069979522,0.0 -37.5583782,-6.24235399979522,0.0 -37.5585458,-6.24229039979522,0.0 -37.558625,-6.24240549979522,0.0 -37.558695,-6.24246909979522,0.0 -37.5587834,-6.24252969979521,0.0 -37.5589509,-6.24256299979521,0.0 -37.5591368,-6.24257809979521,0.0 -37.5593165,-6.24257809979521,0.0 -37.5594414,-6.24258419979521,0.0 -37.5597004,-6.24259929979521,0.0 -37.5598283,-6.24264779979521,0.0 -37.5599563,-6.24266899979521,0.0 -37.5601117,-6.24271749979521,0.0 -37.5602183,-6.2427658997952,0.0 -37.5602729,-6.2428337997952,0.0 -37.5602914,-6.2428567997952,0.0 -37.5603432,-6.2429021997952,0.0 -37.5603767,-6.2429445997952,0.0 -37.5604529,-6.2429778997952,0.0 -37.5604931,-6.2429778997952,0.0 -37.5607301,-6.2429778997952,0.0 -37.5608916,-6.2429566997952,0.0 -37.5611079,-6.2429596997952,0.0 -37.5612084,-6.2428779997952,0.0 -37.5612846,-6.2428324997952,0.0 -37.5613942,-6.24275079979521,0.0 -37.5614795,-6.24269019979521,0.0 -37.5616989,-6.24262659979521,0.0 -37.5617964,-6.24261749979521,0.0 -37.5619274,-6.24264169979521,0.0 -37.562165,-6.24264169979521,0.0 -37.5623265,-6.24265689979521,0.0 -37.5624331,-6.24270529979521,0.0 -37.5625489,-6.24272049979521,0.0 -37.5627499,-6.24270839979521,0.0 -37.5628901,-6.24266899979521,0.0 -37.5630607,-6.24267509979521,0.0 -37.56328,-6.24265389979521,0.0 -37.5635024,-6.24260539979521,0.0 -37.5636882,-6.24265689979521,0.0 -37.5638284,-6.24271439979521,0.0 -37.5640386,-6.24273559979521,0.0 -37.5641178,-6.2429021997952,0.0 -37.5641269,-6.2430535997952,0.0 -37.5641178,-6.24316569979519,0.0 -37.5641208,-6.24335949979519,0.0 -37.5640996,-6.24345429979518,0.0 -37.5640965,-6.24346849979518,0.0 -37.5641087,-6.24366839979517,0.0 -37.5642122,-6.24384099979517,0.0 -37.5642701,-6.24392279979517,0.0 -37.5643707,-6.24395609979517,0.0 -37.5644925,-6.24397419979517,0.0 -37.5645099,-6.24397859979517,0.0 -37.5646022,-6.24400149979516,0.0 -37.5646753,-6.24407119979516,0.0 -37.5647026,-6.24415849979516,0.0 -37.5647083,-6.24416139979516,0.0 -37.564855,-6.24422559979516,0.0 -37.5650744,-6.24428619979516,0.0 -37.5652389,-6.24431339979515,0.0 -37.5653821,-6.24434069979516,0.0 -37.5655436,-6.24437699979515,0.0 -37.5656593,-6.24442549979515,0.0 -37.5657751,-6.24457079979515,0.0 -37.565903,-6.24467079979514,0.0 -37.5659457,-6.24470709979514,0.0 -37.5660493,-6.24482219979514,0.0 -37.5662869,-6.24504629979513,0.0 -37.5664415,-6.24513169979513,0.0 -37.5664788,-6.24515229979513,0.0 -37.5666935,-6.24519559979513,0.0 -37.5667043,-6.24519769979513,0.0 -37.5669023,-6.24521889979513,0.0 -37.5670485,-6.24521289979513,0.0 -37.5672831,-6.24514619979513,0.0 -37.5675878,-6.24514619979513,0.0 -37.5677248,-6.24525529979512,0.0 -37.5680051,-6.24533699979512,0.0 -37.5681057,-6.24540969979512,0.0 -37.5683189,-6.24545819979512,0.0 -37.5684469,-6.24546119979512,0.0 -37.5685261,-6.24543999979512,0.0 -37.5687241,-6.24540969979512,0.0 -37.5688795,-6.24543999979512,0.0 -37.5690531,-6.24547939979512,0.0 -37.569175,-6.24573679979511,0.0 -37.5694796,-6.24582159979511,0.0 -37.569571,-6.24581549979511,0.0 -37.569702,-6.24581549979511,0.0 -37.5698208,-6.2458609997951,0.0 -37.5699427,-6.2459033997951,0.0 -37.5699549,-6.2459252997951,0.0 -37.5700097,-6.2460244997951,0.0 -37.5700219,-6.2461243997951,0.0 -37.5701499,-6.24619709979509,0.0 -37.5702473,-6.24619709979509,0.0 -37.5704149,-6.24621529979509,0.0 -37.5705276,-6.2461637997951,0.0 -37.5706739,-6.2461031997951,0.0 -37.5707531,-6.2460123997951,0.0 -37.570761,-6.2459495997951,0.0 -37.5707622,-6.2459396997951,0.0 -37.5707805,-6.24583369979511,0.0 -37.5707592,-6.24570949979511,0.0 -37.5707196,-6.24565499979511,0.0 -37.5707226,-6.24557929979511,0.0 -37.5708109,-6.24550659979511,0.0 -37.5709633,-6.24543089979512,0.0 -37.5710151,-6.24540369979512,0.0 -37.57114,-6.24536429979512,0.0 -37.5713715,-6.24536429979512,0.0 -37.5716853,-6.24540369979512,0.0 -37.5718315,-6.24540969979512,0.0 -37.5720326,-6.24547029979512,0.0 -37.5721758,-6.24553089979511,0.0 -37.5723525,-6.24562469979511,0.0 -37.5724652,-6.24569739979511,0.0 -37.5728003,-6.2458427997951,0.0 -37.5730014,-6.2459911997951,0.0 -37.5732055,-6.2460850997951,0.0 -37.5732877,-6.2461516997951,0.0 -37.5734157,-6.24624249979509,0.0 -37.5735497,-6.24627579979509,0.0 -37.5737143,-6.24632129979509,0.0 -37.5738605,-6.24643029979509,0.0 -37.5739306,-6.24653629979508,0.0 -37.5740616,-6.24663929979508,0.0 -37.5742291,-6.24675129979508,0.0 -37.5744698,-6.24692999979507,0.0 -37.5746678,-6.24698449979507,0.0 -37.5747257,-6.24705719979507,0.0 -37.5747355,-6.24713049979506,0.0 -37.5747379,-6.24714799979506,0.0 -37.5747623,-6.24723889979506,0.0 -37.5747683,-6.24731759979506,0.0 -37.574814,-6.24736909979505,0.0 -37.5749117,-6.24737169979506,0.0 -37.5749268,-6.24737209979506,0.0 -37.5750151,-6.24735699979506,0.0 -37.5751217,-6.24736909979505,0.0 -37.57514,-6.24746599979505,0.0 -37.575137,-6.24757199979505,0.0 -37.5751949,-6.24764169979505,0.0 -37.575271,-6.24774459979504,0.0 -37.5753411,-6.24776579979504,0.0 -37.5754233,-6.24779309979504,0.0 -37.5755025,-6.24785359979504,0.0 -37.5755513,-6.24787789979504,0.0 -37.575573,-6.24787859979504,0.0 -37.5756396,-6.24788089979504,0.0 -37.5757219,-6.24778999979504,0.0 -37.5757432,-6.24769619979504,0.0 -37.5757828,-6.24761139979505,0.0 -37.5757891,-6.24760899979505,0.0 -37.5759016,-6.24756589979505,0.0 -37.5759212,-6.24756989979505,0.0 -37.576124,-6.24761139979505,0.0 -37.5761789,-6.24767189979505,0.0 -37.5762794,-6.24775369979504,0.0 -37.5763778,-6.24780389979504,0.0 -37.5764033,-6.24781699979504,0.0 -37.5765048,-6.24786879979504,0.0 -37.5765749,-6.24796869979504,0.0 -37.5767608,-6.24801719979503,0.0 -37.5769618,-6.24811709979503,0.0 -37.5772269,-6.24818369979503,0.0 -37.5773562,-6.24821169979503,0.0 -37.577367,-6.24821399979503,0.0 -37.5773701,-6.24821709979503,0.0 -37.5773784,-6.24823809979503,0.0 -37.5774036,-6.24830179979503,0.0 -37.5774523,-6.24838969979502,0.0 -37.5774797,-6.24841999979502,0.0 -37.577562,-6.24842299979502,0.0 -37.5777021,-6.24835639979502,0.0 -37.5777164,-6.24829539979503,0.0 -37.5777234,-6.24826549979503,0.0 -37.5777845,-6.24824129979503,0.0 -37.5778849,-6.24824129979503,0.0 -37.5779976,-6.24828369979503,0.0 -37.578086,-6.24835329979502,0.0 -37.5782627,-6.24851989979502,0.0 -37.5783663,-6.24860769979501,0.0 -37.5784546,-6.24871979979501,0.0 -37.5785673,-6.24875609979501,0.0 -37.5787501,-6.24879239979501,0.0 -37.5789756,-6.24881359979501,0.0 -37.5790944,-6.24881359979501,0.0 -37.5792406,-6.24879549979501,0.0 -37.5794082,-6.24884089979501,0.0 -37.5794782,-6.24887719979501,0.0 -37.5794874,-6.24891359979501,0.0 -37.5795209,-6.249010499795,0.0 -37.5795331,-6.249107399795,0.0 -37.5796092,-6.249204299795,0.0 -37.5796915,-6.249240599795,0.0 -37.5798133,-6.249255799795,0.0 -37.5799565,-6.24922549979499,0.0 -37.579987,-6.249137699795,0.0 -37.5800266,-6.249074099795,0.0 -37.5800997,-6.248992299795,0.0 -37.5801169,-6.248980999795,0.0 -37.5801728,-6.248943899795,0.0 -37.5803099,-6.24892569979501,0.0 -37.5804531,-6.24891359979501,0.0 -37.5807121,-6.248940799795,0.0 -37.5809101,-6.248995299795,0.0 -37.5810959,-6.249080099795,0.0 -37.5812939,-6.249210399795,0.0 -37.5814036,-6.24936179979499,0.0 -37.5814706,-6.24942539979499,0.0 -37.5815194,-6.24950409979499,0.0 -37.581626,-6.24952829979499,0.0 -37.5817966,-6.24953439979499,0.0 -37.5819855,-6.24952829979499,0.0 -37.5821134,-6.24956469979498,0.0 -37.582348,-6.24960099979498,0.0 -37.582607,-6.24970099979498,0.0 -37.5828324,-6.24979789979498,0.0 -37.5830609,-6.25015829979497,0.0 -37.5831889,-6.25033689979496,0.0 -37.5832742,-6.25055499979495,0.0 -37.5833716,-6.25076999979495,0.0 -37.5834783,-6.25101829979494,0.0 -37.5835392,-6.25111819979493,0.0 -37.5835727,-6.25126059979493,0.0 -37.5836306,-6.25144529979492,0.0 -37.5835819,-6.25159979979492,0.0 -37.5834173,-6.25178449979491,0.0 -37.5833138,-6.25191469979491,0.0 -37.5832711,-6.25207219979491,0.0 -37.5832613,-6.2521299997949,0.0 -37.5832224,-6.2523598997949,0.0 -37.5831371,-6.25256579979489,0.0 -37.5831432,-6.25286869979488,0.0 -37.5831675,-6.25310489979487,0.0 -37.5832285,-6.25314119979487,0.0 -37.5833381,-6.25345009979486,0.0 -37.5834722,-6.25364999979485,0.0 -37.5835362,-6.25378319979485,0.0 -37.5835392,-6.25385889979485,0.0 -37.5835971,-6.25394069979484,0.0 -37.5836726,-6.25397819979484,0.0 -37.5836824,-6.25398309979484,0.0 -37.5838378,-6.25402249979484,0.0 -37.5840937,-6.25400429979484,0.0 -37.5842186,-6.25406489979484,0.0 -37.5844075,-6.25413749979484,0.0 -37.5845781,-6.25431019979483,0.0 -37.584642,-6.25451909979483,0.0 -37.5847212,-6.25468259979482,0.0 -37.5848888,-6.25496129979481,0.0 -37.5850046,-6.25506419979481,0.0 -37.5850442,-6.25508519979481,0.0 -37.5852724,-6.2552061997948,0.0 -37.5852788,-6.2552095997948,0.0 -37.5852881,-6.2552193997948,0.0 -37.5854981,-6.2554396997948,0.0 -37.5855544,-6.2554427997948,0.0 -37.5856078,-6.2554457997948,0.0 -37.5859063,-6.25559109979479,0.0 -37.5862232,-6.25571829979479,0.0 -37.5863694,-6.25586979979478,0.0 -37.5864306,-6.25599519979478,0.0 -37.5864669,-6.25606959979477,0.0 -37.5864711,-6.25608479979477,0.0 -37.5865583,-6.25640269979476,0.0 -37.5865339,-6.25663289979476,0.0 -37.5865494,-6.25680689979475,0.0 -37.5865522,-6.25683879979475,0.0 -37.5866314,-6.25709929979474,0.0 -37.5868751,-6.25745059979473,0.0 -37.5870011,-6.25751819979473,0.0 -37.587259,-6.25765649979472,0.0 -37.5873565,-6.25771099979472,0.0 -37.5875027,-6.25797749979471,0.0 -37.5875393,-6.25821369979471,0.0 -37.5874806,-6.2583011997947,0.0 -37.5874174,-6.2583953997947,0.0 -37.5873626,-6.25863769979469,0.0 -37.5874905,-6.25877089979469,0.0 -37.5877099,-6.25880119979469,0.0 -37.588045,-6.25883749979469,0.0 -37.5881849,-6.25871189979469,0.0 -37.5882339,-6.25866789979469,0.0 -37.5884166,-6.2583892997947,0.0 -37.5886177,-6.2583590997947,0.0 -37.5887457,-6.2583832997947,0.0 -37.5890259,-6.2584922997947,0.0 -37.589227,-6.2585891997947,0.0 -37.5894585,-6.25869819979469,0.0 -37.5896657,-6.25878299979469,0.0 -37.5898729,-6.25872249979469,0.0 -37.5899521,-6.25863769979469,0.0 -37.5901592,-6.2585104997947,0.0 -37.5903786,-6.2584861997947,0.0 -37.5908356,-6.2584922997947,0.0 -37.591128,-6.25861339979469,0.0 -37.5913201,-6.25868689979469,0.0 -37.5913656,-6.25870429979469,0.0 -37.5914208,-6.25871629979469,0.0 -37.5920603,-6.25885569979468,0.0 -37.5926147,-6.25905559979468,0.0 -37.5927549,-6.25924939979467,0.0 -37.5928101,-6.25937749979467,0.0 -37.5928828,-6.25954619979466,0.0 -37.5929072,-6.25980049979465,0.0 -37.5929315,-6.25992169979465,0.0 -37.5929986,-6.26011549979464,0.0 -37.5931509,-6.26025479979464,0.0 -37.5934982,-6.26072719979463,0.0 -37.5938028,-6.26085439979462,0.0 -37.5940588,-6.26091499979462,0.0 -37.5943634,-6.26095129979462,0.0 -37.594729,-6.26138129979461,0.0 -37.5948508,-6.2616296997946,0.0 -37.5949605,-6.26174469979459,0.0 -37.5951981,-6.26206569979458,0.0 -37.5952713,-6.26232619979457,0.0 -37.5953139,-6.26261079979456,0.0 -37.5953444,-6.26292579979456,0.0 -37.5954845,-6.26314989979455,0.0 -37.5956673,-6.26326489979455,0.0 -37.595972,-6.26346479979454,0.0 -37.5961913,-6.26341029979454,0.0 -37.5964959,-6.26338609979454,0.0 -37.5968372,-6.26344659979454,0.0 -37.5969712,-6.26347089979454,0.0 -37.5971357,-6.26355569979453,0.0 -37.5972576,-6.26379189979453,0.0 -37.5974099,-6.26391299979452,0.0 -37.5975927,-6.26382819979453,0.0 -37.5977755,-6.26364649979453,0.0 -37.5981045,-6.26360409979453,0.0 -37.5983178,-6.26363439979453,0.0 -37.5984884,-6.26369499979453,0.0 -37.5988052,-6.26389479979452,0.0 -37.5989331,-6.26412499979452,0.0 -37.5992073,-6.26426429979451,0.0 -37.5994023,-6.26435509979451,0.0 -37.599774,-6.2644580997945,0.0 -37.6000055,-6.26441569979451,0.0 -37.6001883,-6.26434299979451,0.0 -37.6003528,-6.26431269979451,0.0 -37.6005783,-6.26431269979451,0.0 -37.6008037,-6.26430669979451,0.0 -37.6011632,-6.26423399979451,0.0 -37.6013155,-6.26420979979451,0.0 -37.6014252,-6.26408859979452,0.0 -37.6014435,-6.26394929979452,0.0 -37.6016019,-6.26359809979453,0.0 -37.6018226,-6.26346429979453,0.0 -37.6018517,-6.26344659979454,0.0 -37.602266,-6.26349509979454,0.0 -37.602723,-6.26380399979453,0.0 -37.6028744,-6.26402969979452,0.0 -37.6029058,-6.26407649979452,0.0 -37.6030814,-6.26418399979451,0.0 -37.6031434,-6.26422189979451,0.0 -37.603148,-6.26423359979451,0.0 -37.6031982,-6.26436119979451,0.0 -37.6035029,-6.26445199979451,0.0 -37.6041061,-6.26449439979451,0.0 -37.6044534,-6.2645428997945,0.0 -37.6049347,-6.2646760997945,0.0 -37.6052333,-6.26499109979449,0.0 -37.6054466,-6.26510009979448,0.0 -37.6056537,-6.26519699979448,0.0 -37.6057329,-6.26542719979448,0.0 -37.6064032,-6.26556649979447,0.0 -37.6065677,-6.26587529979446,0.0 -37.6067078,-6.26607519979445,0.0 -37.6068723,-6.26621449979445,0.0 -37.6071648,-6.26631749979444,0.0 -37.6073293,-6.26635989979444,0.0 -37.6074451,-6.26642039979444,0.0 -37.6075486,-6.26658399979444,0.0 -37.6077071,-6.26667479979443,0.0 -37.6079325,-6.26675349979443,0.0 -37.608231,-6.26691099979443,0.0 -37.6084077,-6.26698979979442,0.0 -37.6085966,-6.26716539979442,0.0 -37.6085966,-6.26748639979441,0.0 -37.6086819,-6.2676862997944,0.0 -37.6088952,-6.2678739997944,0.0 -37.6090536,-6.26795879979439,0.0 -37.6091206,-6.26813439979439,0.0 -37.6091633,-6.26827979979438,0.0 -37.6093339,-6.26857659979437,0.0 -37.6094923,-6.26892789979436,0.0 -37.609602,-6.26920649979435,0.0 -37.6097969,-6.26937599979435,0.0 -37.6101564,-6.26980609979433,0.0 -37.6102579,-6.26993019979433,0.0 -37.6103941,-6.27009679979432,0.0 -37.6105464,-6.27032089979431,0.0 -37.6106715,-6.27050909979431,0.0 -37.6107718,-6.2706599997943,0.0 -37.6108134,-6.2706820997943,0.0 -37.611046,-6.2708053997943,0.0 -37.6113019,-6.2708659997943,0.0 -37.61157,-6.27113239979429,0.0 -37.6116309,-6.27138079979428,0.0 -37.6117345,-6.27162299979427,0.0 -37.6117772,-6.27176839979427,0.0 -37.6120514,-6.27188339979427,0.0 -37.6122309,-6.27198789979426,0.0 -37.6123012,-6.27202879979426,0.0 -37.6126607,-6.27222869979425,0.0 -37.6130651,-6.27238829979425,0.0 -37.6131882,-6.27213199979426,0.0 -37.6135277,-6.27183339979427,0.0 -37.6136387,-6.27160629979427,0.0 -37.6136517,-6.27133369979428,0.0 -37.6136322,-6.27105459979429,0.0 -37.6137954,-6.27060679979431,0.0 -37.6145005,-6.26797829979439,0.0 -37.6144744,-6.2677835997944,0.0 -37.6144222,-6.26754999979441,0.0 -37.6144548,-6.26727089979441,0.0 -37.6145266,-6.26708269979442,0.0 -37.6147421,-6.26671279979443,0.0 -37.6150555,-6.26612859979445,0.0 -37.615284,-6.26570679979446,0.0 -37.6153232,-6.26556399979447,0.0 -37.6153328,-6.26542129979447,0.0 -37.6153363,-6.26536929979447,0.0 -37.6153758,-6.26522179979448,0.0 -37.6153885,-6.26517459979448,0.0 -37.6155713,-6.26414269979452,0.0 -37.6155974,-6.26390249979452,0.0 -37.6155713,-6.26376619979453,0.0 -37.6154995,-6.26360399979453,0.0 -37.6154799,-6.26342229979454,0.0 -37.6154277,-6.26315619979455,0.0 -37.6154668,-6.26263049979456,0.0 -37.6154473,-6.26190359979459,0.0 -37.6154799,-6.26172829979459,0.0 -37.6155321,-6.2615465997946,0.0 -37.6155844,-6.26129999979461,0.0 -37.6156301,-6.26099489979462,0.0 -37.6156758,-6.26076779979462,0.0 -37.6157411,-6.26053409979463,0.0 -37.6158259,-6.26034589979464,0.0 -37.6159043,-6.26017069979464,0.0 -37.6160218,-6.25999539979465,0.0 -37.6161198,-6.25974229979466,0.0 -37.6164005,-6.25919069979467,0.0 -37.6164098,-6.25915259979468,0.0 -37.6165115,-6.25873629979469,0.0 -37.6165833,-6.2585805997947,0.0 -37.6171252,-6.25776929979472,0.0 -37.6173407,-6.25746429979473,0.0 -37.6176998,-6.25698399979475,0.0 -37.6178826,-6.25662699979476,0.0 -37.617961,-6.25641929979476,0.0 -37.6182221,-6.25620519979477,0.0 -37.618517,-6.25606629979478,0.0 -37.6187183,-6.25597149979478,0.0 -37.6189599,-6.25580279979478,0.0 -37.619084,-6.25558209979479,0.0 -37.619195,-6.2554068997948,0.0 -37.6194627,-6.2552120997948,0.0 -37.6196716,-6.25500449979481,0.0 -37.6198022,-6.25477079979482,0.0 -37.6199393,-6.25447869979483,0.0 -37.6201874,-6.25399849979484,0.0 -37.6204486,-6.25360899979485,0.0 -37.6205661,-6.25334289979486,0.0 -37.6210231,-6.25292759979488,0.0 -37.621441,-6.25237589979489,0.0 -37.6217609,-6.25173339979491,0.0 -37.6219894,-6.25141529979493,0.0 -37.622107,-6.25126609979493,0.0 -37.6222767,-6.25109079979493,0.0 -37.6223747,-6.25079229979495,0.0 -37.62244,-6.25054559979495,0.0 -37.6225836,-6.25032499979496,0.0 -37.6227142,-6.25008479979497,0.0 -37.6228252,-6.24991609979497,0.0 -37.6230341,-6.24957209979498,0.0 -37.6232561,-6.249254099795,0.0 -37.6233867,-6.249020399795,0.0 -37.6235391,-6.24871069979501,0.0 -37.6236805,-6.24842329979502,0.0 -37.6238111,-6.24791059979504,0.0 -37.6239743,-6.24746919979505,0.0 -37.6240048,-6.24722919979506,0.0 -37.6240461,-6.24690449979507,0.0 -37.6240788,-6.24665789979508,0.0 -37.6240265,-6.2460996997951,0.0 -37.6240135,-6.2458855997951,0.0 -37.6239743,-6.24567139979511,0.0 -37.6238894,-6.24548319979512,0.0 -37.6237066,-6.24535329979512,0.0 -37.623088,-6.24523039979512,0.0 -37.6230537,-6.24522349979513,0.0 -37.6227599,-6.24518459979513,0.0 -37.6223094,-6.24527549979512,0.0 -37.6220939,-6.24530139979512,0.0 -37.6219372,-6.24530139979512,0.0 -37.6217283,-6.24519759979513,0.0 -37.6215389,-6.24498339979513,0.0 -37.6214214,-6.24438629979515,0.0 -37.621219,-6.24401629979516,0.0 -37.6211472,-6.24366579979518,0.0 -37.6211668,-6.24339969979519,0.0 -37.6211407,-6.24308819979519,0.0 -37.6211407,-6.2428025997952,0.0 -37.6211929,-6.24258189979521,0.0 -37.6212712,-6.24240019979522,0.0 -37.6214018,-6.24218599979522,0.0 -37.6215912,-6.24202379979523,0.0 -37.6218197,-6.24177059979524,0.0 -37.621941,-6.24165359979524,0.0 -37.6220417,-6.24155649979524,0.0 -37.6221984,-6.24140069979525,0.0 -37.622231,-6.24117349979526,0.0 -37.6221853,-6.24084249979527,0.0 -37.6221266,-6.24062829979527,0.0 -37.6220678,-6.24039469979528,0.0 -37.622009,-6.24016749979529,0.0 -37.6219176,-6.23999229979529,0.0 -37.6217805,-6.2398234997953,0.0 -37.6215716,-6.23947299979531,0.0 -37.6214018,-6.23925879979532,0.0 -37.6212059,-6.23906409979532,0.0 -37.6209121,-6.23869419979534,0.0 -37.6205008,-6.23835669979535,0.0 -37.6196977,-6.23783739979536,0.0 -37.6193386,-6.23758429979537,0.0 -37.61864,-6.23704559979539,0.0 -37.6184572,-6.2368313997954,0.0 -37.6182156,-6.23651339979541,0.0 -37.61785,-6.23598119979542,0.0 -37.6178168,-6.23589199979543,0.0 -37.617739,-6.23568259979543,0.0 -37.6177553,-6.23560359979544,0.0 -37.6178891,-6.23495569979546,0.0 -37.6177455,-6.23455319979547,0.0 -37.617739,-6.23424819979548,0.0 -37.6178239,-6.23393659979549,0.0 -37.6178565,-6.2337094997955,0.0 -37.6178043,-6.23334599979551,0.0 -37.6177351,-6.23301839979552,0.0 -37.6176672,-6.23269699979553,0.0 -37.6175823,-6.23223609979554,0.0 -37.6175627,-6.23190509979555,0.0 -37.6175056,-6.23155419979557,0.0 -37.6174909,-6.23146369979557,0.0 -37.617485,-6.23145279979557,0.0 -37.6173799,-6.23125609979558,0.0 -37.617184,-6.23098339979558,0.0 -37.6170599,-6.23082769979559,0.0 -37.6169424,-6.2305744997956,0.0 -37.6169294,-6.2303992997956,0.0 -37.616962,-6.23019159979561,0.0 -37.6171318,-6.22993849979562,0.0 -37.6172232,-6.22972429979563,0.0 -37.6172231,-6.22971539979562,0.0 -37.6172232,-6.22959449979563,0.0 -37.6172362,-6.22924399979564,0.0 -37.6172754,-6.22906219979565,0.0 -37.6176802,-6.22847809979567,0.0 -37.6178043,-6.22821849979567,0.0 -37.6179022,-6.22784849979569,0.0 -37.6179544,-6.2274200997957,0.0 -37.6180785,-6.22680999979572,0.0 -37.618183,-6.22651139979573,0.0 -37.6184115,-6.22595969979575,0.0 -37.6185225,-6.22573259979576,0.0 -37.6186269,-6.22539499979576,0.0 -37.6186661,-6.22514839979577,0.0 -37.6186679,-6.22494939979578,0.0 -37.6186726,-6.2244084997958,0.0 -37.6186596,-6.22394109979581,0.0 -37.6185029,-6.22317519979584,0.0 -37.6183854,-6.22259109979586,0.0 -37.6182874,-6.22196799979587,0.0 -37.6182613,-6.22158499979589,0.0 -37.6182548,-6.2212669997959,0.0 -37.6183984,-6.22076719979591,0.0 -37.6184964,-6.22034529979593,0.0 -37.6185032,-6.22009289979594,0.0 -37.6185094,-6.21986499979594,0.0 -37.6185421,-6.21952099979596,0.0 -37.6186531,-6.21891739979598,0.0 -37.6187771,-6.21852139979599,0.0 -37.6189469,-6.218157899796,0.0 -37.6192146,-6.21767109979601,0.0 -37.6194757,-6.21730119979603,0.0 -37.6196194,-6.21706099979603,0.0 -37.6198544,-6.21667159979605,0.0 -37.619949,-6.21647309979605,0.0 -37.6199719,-6.21642489979605,0.0 -37.6201221,-6.21622369979606,0.0 -37.6205726,-6.21566549979608,0.0 -37.6205204,-6.21549029979608,0.0 -37.6204616,-6.21535389979609,0.0 -37.6204616,-6.21515269979609,0.0 -37.6204355,-6.2149125997961,0.0 -37.6203441,-6.21473079979611,0.0 -37.6201743,-6.21458799979611,0.0 -37.6200111,-6.21444519979612,0.0 -37.6199458,-6.21431539979612,0.0 -37.6199785,-6.21399739979613,0.0 -37.6199981,-6.21367279979614,0.0 -37.6200176,-6.21347809979615,0.0 -37.6200176,-6.21324449979616,0.0 -37.6200372,-6.21297179979617,0.0 -37.6199654,-6.21269919979617,0.0 -37.6198479,-6.21235519979619,0.0 -37.6198218,-6.21208259979619,0.0 -37.6198348,-6.2118229997962,0.0 -37.6199001,-6.21153739979621,0.0 -37.6199458,-6.21127769979622,0.0 -37.6199589,-6.21100509979623,0.0 -37.6199719,-6.21053129979625,0.0 -37.6199981,-6.21018729979626,0.0 -37.6198479,-6.20989519979627,0.0 -37.6198022,-6.20964209979627,0.0 -37.6197173,-6.20951219979628,0.0 -37.6195933,-6.20918119979629,0.0 -37.6194823,-6.20905139979629,0.0 -37.6194757,-6.2087657997963,0.0 -37.6194431,-6.20861649979631,0.0 -37.6194235,-6.20839579979631,0.0 -37.6193778,-6.20823349979632,0.0 -37.6192603,-6.20811669979632,0.0 -37.6191753,-6.20804579979633,0.0 -37.619097,-6.20798039979633,0.0 -37.6189142,-6.20767529979634,0.0 -37.6187902,-6.20747409979634,0.0 -37.6187053,-6.20725989979635,0.0 -37.6184245,-6.20679909979637,0.0 -37.618294,-6.20657839979637,0.0 -37.6181634,-6.20651349979638,0.0 -37.6180589,-6.20641609979638,0.0 -37.6179871,-6.20628629979638,0.0 -37.617961,-6.20602019979639,0.0 -37.6179936,-6.20590329979639,0.0 -37.6180981,-6.2057604997964,0.0 -37.6181699,-6.20557229979641,0.0 -37.6181373,-6.20533209979641,0.0 -37.6180328,-6.20515039979642,0.0 -37.6180654,-6.20496219979643,0.0 -37.6181177,-6.20472849979643,0.0 -37.6181177,-6.20441039979644,0.0 -37.6181046,-6.20422219979645,0.0 -37.6182483,-6.20403399979645,0.0 -37.6183266,-6.20391059979646,0.0 -37.6183331,-6.20383269979646,0.0 -37.6183005,-6.20341729979647,0.0 -37.6183005,-6.20314469979648,0.0 -37.6183462,-6.20285259979649,0.0 -37.6184964,-6.20202829979652,0.0 -37.6185812,-6.20167779979653,0.0 -37.6186726,-6.20142459979654,0.0 -37.6187836,-6.20124289979654,0.0 -37.6189012,-6.20111949979655,0.0 -37.6191297,-6.20102869979655,0.0 -37.6192603,-6.20091179979656,0.0 -37.6193517,-6.20078849979656,0.0 -37.619417,-6.20071059979656,0.0 -37.6194888,-6.20038609979657,0.0 -37.6194823,-6.20012639979658,0.0 -37.619541,-6.19991869979659,0.0 -37.619541,-6.19984079979659,0.0 -37.6194496,-6.1994383997966,0.0 -37.6193386,-6.19915929979661,0.0 -37.6191623,-6.19890609979662,0.0 -37.6189469,-6.19874389979663,0.0 -37.6187706,-6.19865299979663,0.0 -37.61864,-6.19858159979663,0.0 -37.6184637,-6.19841279979664,0.0 -37.6184115,-6.19831539979664,0.0 -37.6183658,-6.19827649979664,0.0 -37.6183266,-6.19808829979665,0.0 -37.6182417,-6.19780919979666,0.0 -37.6182025,-6.19730289979667,0.0 -37.6182417,-6.19705619979668,0.0 -37.6183266,-6.19683549979669,0.0 -37.6184376,-6.19669919979669,0.0 -37.6186008,-6.1963226997967,0.0 -37.6186465,-6.19604359979671,0.0 -37.6187183,-6.19586189979672,0.0 -37.6189338,-6.19554379979673,0.0 -37.6190448,-6.19547239979673,0.0 -37.6192537,-6.19531659979674,0.0 -37.6194561,-6.19524519979674,0.0 -37.619541,-6.19512839979674,0.0 -37.6195671,-6.19486219979675,0.0 -37.6196651,-6.19462859979676,0.0 -37.6198348,-6.19420669979677,0.0 -37.6199262,-6.19403789979678,0.0 -37.6201809,-6.19397299979678,0.0 -37.6204029,-6.19385609979678,0.0 -37.6205922,-6.19364839979679,0.0 -37.6207424,-6.1933368997968,0.0 -37.6208534,-6.19301879979681,0.0 -37.6209187,-6.19257739979683,0.0 -37.6208664,-6.19229179979683,0.0 -37.6207424,-6.19200619979684,0.0 -37.6205726,-6.19168159979685,0.0 -37.620553,-6.19135059979686,0.0 -37.6205269,-6.19110389979687,0.0 -37.6203898,-6.19082479979688,0.0 -37.6201156,-6.19058469979689,0.0 -37.6199915,-6.1902665997969,0.0 -37.619874,-6.19003939979691,0.0 -37.6195671,-6.18976679979692,0.0 -37.6194366,-6.18958499979692,0.0 -37.6193647,-6.18937729979693,0.0 -37.6192929,-6.18907219979694,0.0 -37.6192472,-6.18878009979695,0.0 -37.6191689,-6.18868929979695,0.0 -37.618986,-6.18855939979695,0.0 -37.6189403,-6.18839069979696,0.0 -37.6190775,-6.18813749979697,0.0 -37.6192407,-6.18798819979697,0.0 -37.6192211,-6.187209299797,0.0 -37.6192342,-6.18608629979703,0.0 -37.6192799,-6.18594999979704,0.0 -37.6192407,-6.18570339979705,0.0 -37.6192472,-6.18554109979705,0.0 -37.6193974,-6.18524899979706,0.0 -37.6195541,-6.18489199979707,0.0 -37.6196324,-6.18421689979709,0.0 -37.6196455,-6.18378199979711,0.0 -37.6196977,-6.18319779979713,0.0 -37.6196847,-6.18297709979713,0.0 -37.6197695,-6.18278879979714,0.0 -37.6197108,-6.18258759979715,0.0 -37.6196977,-6.18249019979715,0.0 -37.6197565,-6.18213319979716,0.0 -37.6198022,-6.18178919979717,0.0 -37.6198022,-6.18168529979718,0.0 -37.6198936,-6.18159449979718,0.0 -37.6199262,-6.18147759979718,0.0 -37.619874,-6.18136079979719,0.0 -37.6196912,-6.18126339979719,0.0 -37.6194561,-6.1808933997972,0.0 -37.6192472,-6.1808284997972,0.0 -37.6189599,-6.18075059979721,0.0 -37.6186661,-6.18069869979721,0.0 -37.6185355,-6.18072459979721,0.0 -37.6182809,-6.18064029979721,0.0 -37.6180132,-6.18059479979721,0.0 -37.6175692,-6.18066619979721,0.0 -37.6173929,-6.18075059979721,0.0 -37.6171579,-6.18079609979721,0.0 -37.6165229,-6.18064169979721,0.0 -37.6159826,-6.18051039979722,0.0 -37.6155125,-6.18041959979722,0.0 -37.6150686,-6.18028969979722,0.0 -37.6146246,-6.18015989979723,0.0 -37.6143242,-6.17995219979723,0.0 -37.6140108,-6.17978339979724,0.0 -37.613815,-6.17969259979724,0.0 -37.6136583,-6.17956269979725,0.0 -37.613606,-6.17946539979725,0.0 -37.6136322,-6.17921219979726,0.0 -37.6136648,-6.17857609979728,0.0 -37.6162491,-6.17619749979735,0.0 -37.6041705,-6.17533749979738,0.0 -37.5999132,-6.17401099979742,0.0 -37.5969621,-6.17205819979749,0.0 -37.5899481,-6.16594249979768,0.0 -37.5849148,-6.16262969979779,0.0 -37.5822705,-6.16149369979783,0.0 -37.5747148,-6.15973779979788,0.0 -37.5737708,-6.15877379979792,0.0 -37.5737361,-6.15861369979792,0.0 -37.5736979,-6.15843749979793,0.0 -37.5735341,-6.15768299979795,0.0 -37.5696205,-6.15543869979802,0.0 -37.5606527,-6.16453189979773,0.0 -37.539995,-6.16593029979768,0.0 -37.5363508,-6.15283599979811,0.0 -37.5267844,-6.15170099979815,0.0 -37.5218769,-6.15179109979814,0.0 -37.5028908,-6.15214049979813,0.0 -37.5033963,-6.14439659979838,0.0 -37.4893691,-6.14443779979838,0.0 -37.4829911,-6.15168099979814,0.0 -37.4803482,-6.15028109979819,0.0 -37.4740959,-6.14873849979824,0.0 -37.4589474,-6.14500219979836,0.0 -37.4586699,-6.13320269979874,0.0 -37.4549317,-6.13319259979874,0.0 -37.4545492,-6.13054319979883,0.0 -37.4547202,-6.12540069979899,0.0 -37.4539125,-6.12007369979917,0.0 -37.4456931,-6.11220139979942,0.0 -37.4418231,-6.11219209979942,0.0 -37.4345738,-6.11071819979947,0.0 -37.4343338,-6.10999109979949,0.0 -37.4325608,-6.11006629979949,0.0 -37.425954,-6.10899709979952,0.0 -37.4114263,-6.11146079979944,0.0 -37.4078097,-6.1127821997994,0.0 -37.4069162,-6.11264729979941,0.0 -37.3987837,-6.11141959979945,0.0 -37.3936319,-6.10938769979951,0.0 -37.3921836,-6.10817329979955,0.0 -37.390015,-6.10444269979967,0.0 -37.3861786,-6.09476239979998,0.0 -37.3858519,-6.08930289980016,0.0 -37.3854721,-6.08830519980019,0.0 -37.3847504,-6.08717499980023,0.0 -37.3823388,-6.08555379980028,0.0 -37.378783,-6.08513259980029,0.0 -37.3729287,-6.08296769980036,0.0 -37.3715645,-6.08277889980037,0.0 -37.3568858,-6.08638399980025,0.0 -37.3544342,-6.08648589980025,0.0 -37.347191,-6.08043379980045,0.0 -37.342781,-6.0756985998006,0.0 -37.3389546,-6.07035899980077,0.0 -37.3357795,-6.06745949980087,0.0 -37.3298333,-6.06510419980094,0.0 -37.3288239,-6.06470429980096,0.0 -37.325176,-6.06249409980103,0.0 -37.3197122,-6.06003499980111,0.0 -37.3091997,-6.05776009980118,0.0 -37.3005942,-6.05025989980142,0.0 -37.2980096,-6.04955449980145,0.0 -37.2955717,-6.05009469980143,0.0 -37.2869166,-6.05798949980117,0.0 -37.2822666,-6.05822429980116,0.0 -37.2773962,-6.05731219980119,0.0 -37.2724774,-6.05570249980124,0.0 -37.2699944,-6.05419969980129,0.0 -37.2667974,-6.0510988998014,0.0 -37.2635792,-6.04635559980155,0.0 -37.2626952,-6.04244159980168,0.0 -37.2625843,-6.0384558998018,0.0 -37.2618428,-6.03715699980185,0.0 -37.2584224,-6.03405729980195,0.0 -37.2580316,-6.03166359980202,0.0 -37.2564741,-6.02847069980213,0.0 -37.2537948,-6.02656889980219,0.0 -37.2506137,-6.02591189980221,0.0 -37.2433247,-6.02693359980217,0.0 -37.2318602,-6.02759489980215,0.0 -37.2298669,-6.02893309980211,0.0 -37.2276681,-6.032265999802,0.0 -37.2250342,-6.03926569980178,0.0 -37.2239834,-6.04105679980172,0.0 -37.2226872,-6.04214809980168,0.0 -37.2197012,-6.04263579980167,0.0 -37.2164203,-6.04247709980167,0.0 -37.213365,-6.04126999980171,0.0 -37.20865,-6.0384659998018,0.0 -37.2043976,-6.03815179980181,0.0 -37.2021589,-6.03884199980179,0.0 -37.2002642,-6.04028159980175,0.0 -37.1986662,-6.04236759980168,0.0 -37.1973124,-6.04590179980156,0.0 -37.1963362,-6.04724179980152,0.0 -37.1942949,-6.04803319980149,0.0 -37.1793936,-6.04997639980143,0.0 -37.1767601,-6.04951909980145,0.0 -37.1739313,-6.0480158998015,0.0 -37.1755462,-6.05293469980134,0.0 -37.1755727,-6.05493929980127,0.0 -37.1740423,-6.06422679980097,0.0 -37.1713187,-6.07686859980056,0.0 -37.1705605,-6.08305519980036,0.0 -37.1705499,-6.08618199980026,0.0 -37.1724627,-6.09524519979997,0.0 -37.1726376,-6.09855919979986,0.0 -37.1726518,-6.09882959979985,0.0 -37.1715712,-6.10130029979977,0.0 -37.167667,-6.10584839979963,0.0 -37.1667862,-6.10864549979954,0.0 -37.1669753,-6.11035569979948,0.0 -37.166989,-6.11038889979948,0.0 -37.1683879,-6.11378889979937,0.0 -37.1702423,-6.11764929979924,0.0 -37.1709717,-6.12006369979917,0.0 -37.1717399,-6.13061869979883,0.0 -37.1749836,-6.13826429979858,0.0 -37.1750961,-6.14218309979845,0.0 -37.1736686,-6.14412669979839,0.0 -37.1735499,-6.14530669979835,0.0 -37.1718024,-6.14637729979832,0.0 -37.171295,-6.14931919979822,0.0 -37.170588,-6.15027459979819,0.0 -37.1689292,-6.15083699979817,0.0 -37.166381,-6.15390879979807,0.0 -37.1650419,-6.15397499979807,0.0 -37.1609063,-6.15224699979813,0.0 -37.1577873,-6.15270779979811,0.0 -37.156923,-6.15248819979812,0.0 -37.1613391,-6.15752789979796,0.0 -37.1624195,-6.15986369979788,0.0 -37.1634534,-6.16616829979768,0.0 -37.1656835,-6.17037449979754,0.0 -37.174221,-6.18010359979723,0.0 -37.1809074,-6.1809223997972,0.0 -37.1885074,-6.18066629979721,0.0 -37.1929439,-6.18307979979713,0.0 -37.1935238,-6.18425309979709,0.0 -37.1935209,-6.19585249979672,0.0 -37.1942385,-6.19824709979664,0.0 -37.1977686,-6.20246459979651,0.0 -37.1996754,-6.20408459979645,0.0 -37.2015813,-6.2057039997964,0.0 -37.2126799,-6.2089303997963,0.0 -37.2336032,-6.21314379979616,0.0 -37.233596,-6.21285229979617,0.0 -37.2335919,-6.21283509979617,0.0 -37.2335425,-6.21274459979617,0.0 -37.2335589,-6.21253889979618,0.0 -37.233633,-6.21234969979619,0.0 -37.2337729,-6.21218509979619,0.0 -37.2339374,-6.2120616997962,0.0 -37.2341924,-6.2119300997962,0.0 -37.2344557,-6.2118230997962,0.0 -37.2348506,-6.21149399979621,0.0 -37.2351468,-6.21126369979622,0.0 -37.2352702,-6.21059729979624,0.0 -37.235262,-6.21036689979625,0.0 -37.2352373,-6.21007889979626,0.0 -37.2351715,-6.20984039979627,0.0 -37.235262,-6.20956889979628,0.0 -37.235262,-6.20942899979628,0.0 -37.2352291,-6.20929739979628,0.0 -37.2352538,-6.20912459979629,0.0 -37.2353689,-6.2088365997963,0.0 -37.2354677,-6.20852399979631,0.0 -37.2355911,-6.20824429979632,0.0 -37.2357145,-6.20788229979633,0.0 -37.235986,-6.20744619979634,0.0 -37.2362164,-6.20733099979635,0.0 -37.2363974,-6.20743799979634,0.0 -37.2364324,-6.20745749979634,0.0 -37.2366195,-6.20756139979634,0.0 -37.2367676,-6.20767659979634,0.0 -37.2369404,-6.20778349979633,0.0 -37.2371049,-6.20779999979633,0.0 -37.2373517,-6.20786579979633,0.0 -37.2374587,-6.20781639979633,0.0 -37.2375492,-6.20765189979634,0.0 -37.2375163,-6.20745439979635,0.0 -37.2373846,-6.20722409979635,0.0 -37.2372119,-6.20669749979637,0.0 -37.2371131,-6.20654119979637,0.0 -37.2370291,-6.20642919979638,0.0 -37.236965,-6.20634379979638,0.0 -37.2368416,-6.20610519979639,0.0 -37.236603,-6.2057102997964,0.0 -37.2365619,-6.20547169979641,0.0 -37.2364961,-6.20474769979643,0.0 -37.2365619,-6.20440209979644,0.0 -37.2367182,-6.20420469979645,0.0 -37.2368745,-6.20384269979646,0.0 -37.236965,-6.20371099979647,0.0 -37.2370884,-6.20357119979647,0.0 -37.2372283,-6.20349709979647,0.0 -37.2373682,-6.20344779979647,0.0 -37.2374745,-6.20336269979647,0.0 -37.2375327,-6.20331609979648,0.0 -37.2377302,-6.20331609979648,0.0 -37.2382814,-6.20343129979647,0.0 -37.2383745,-6.20344849979647,0.0 -37.238594,-6.20348889979647,0.0 -37.2389231,-6.20357119979647,0.0 -37.2391288,-6.20367809979647,0.0 -37.239318,-6.20380979979646,0.0 -37.2394661,-6.20392489979646,0.0 -37.2396718,-6.20402369979646,0.0 -37.2398034,-6.20404009979645,0.0 -37.2399598,-6.20399899979646,0.0 -37.2400832,-6.20390849979646,0.0 -37.2403053,-6.20370279979646,0.0 -37.2403629,-6.20353829979647,0.0 -37.2404699,-6.20343949979648,0.0 -37.2406673,-6.20337369979648,0.0 -37.2408648,-6.20331609979648,0.0 -37.2409635,-6.20339839979648,0.0 -37.2410787,-6.20341489979648,0.0 -37.2411363,-6.20332439979648,0.0 -37.2411774,-6.20325029979648,0.0 -37.2412849,-6.20317439979648,0.0 -37.2413173,-6.20315159979648,0.0 -37.2413422,-6.20315509979648,0.0 -37.2413749,-6.20315979979648,0.0 -37.2414353,-6.20312379979648,0.0 -37.2416107,-6.20301939979649,0.0 -37.2417204,-6.20295409979649,0.0 -37.2420248,-6.2026907997965,0.0 -37.2421582,-6.2025010997965,0.0 -37.2422973,-6.20230309979651,0.0 -37.2424121,-6.20211519979652,0.0 -37.2425269,-6.20204209979652,0.0 -37.2427044,-6.20189599979652,0.0 -37.2428069,-6.20182419979653,0.0 -37.2430175,-6.20167679979653,0.0 -37.2432367,-6.20137409979654,0.0 -37.2433928,-6.20113279979655,0.0 -37.2434663,-6.20101919979655,0.0 -37.2437316,-6.20085229979656,0.0 -37.2441657,-6.20055999979657,0.0 -37.2445832,-6.20040339979657,0.0 -37.2448963,-6.20036169979657,0.0 -37.2451677,-6.20023639979658,0.0 -37.2457418,-6.20006939979658,0.0 -37.2462637,-6.20009029979658,0.0 -37.246896,-6.20040639979657,0.0 -37.2469734,-6.20044519979657,0.0 -37.2473701,-6.20069569979656,0.0 -37.2479233,-6.20060169979656,0.0 -37.2479742,-6.20053689979657,0.0 -37.2479823,-6.20052659979657,0.0 -37.2480381,-6.20045559979657,0.0 -37.2480626,-6.20038389979657,0.0 -37.2484208,-6.19933579979661,0.0 -37.2488734,-6.19858149979663,0.0 -37.2491429,-6.19777289979666,0.0 -37.2493044,-6.19728839979667,0.0 -37.2493044,-6.19681419979669,0.0 -37.2488095,-6.19622029979671,0.0 -37.2485501,-6.19590909979672,0.0 -37.2465674,-6.19502539979675,0.0 -37.2459424,-6.19429269979677,0.0 -37.2457915,-6.1932366997968,0.0 -37.2459639,-6.19246079979683,0.0 -37.2468044,-6.19174959979685,0.0 -37.2477096,-6.19136169979686,0.0 -37.2493475,-6.19134009979686,0.0 -37.250285,-6.19107069979687,0.0 -37.2505801,-6.19094469979688,0.0 -37.2513195,-6.19062889979689,0.0 -37.2521977,-6.19038839979689,0.0 -37.2522247,-6.19038109979689,0.0 -37.2527332,-6.1903638997969,0.0 -37.2529422,-6.1903568997969,0.0 -37.2531837,-6.1903486997969,0.0 -37.2533862,-6.1903758997969,0.0 -37.2540674,-6.19046729979689,0.0 -37.2542504,-6.19052689979689,0.0 -37.2550264,-6.19077979979688,0.0 -37.2554682,-6.19132929979686,0.0 -37.2560393,-6.19169569979685,0.0 -37.2566536,-6.19184659979685,0.0 -37.2574133,-6.19184239979685,0.0 -37.2576288,-6.19184119979685,0.0 -37.2583346,-6.19178189979685,0.0 -37.25838,-6.19176649979685,0.0 -37.2586202,-6.19168489979685,0.0 -37.2596654,-6.19130779979687,0.0 -37.2602204,-6.19108689979687,0.0 -37.2617451,-6.19081749979688,0.0 -37.2620576,-6.19073129979688,0.0 -37.2622193,-6.19067199979689,0.0 -37.2626072,-6.19075279979688,0.0 -37.2628284,-6.19092859979688,0.0 -37.2630275,-6.19108689979687,0.0 -37.2632376,-6.19118389979687,0.0 -37.2635178,-6.19121619979687,0.0 -37.2636417,-6.19115149979687,0.0 -37.2640188,-6.19112459979687,0.0 -37.2640418,-6.19111669979687,0.0 -37.2642236,-6.19105459979688,0.0 -37.2644499,-6.19109769979687,0.0 -37.2646762,-6.19115689979687,0.0 -37.2648486,-6.19114079979687,0.0 -37.2650857,-6.19114609979687,0.0 -37.2652796,-6.19118919979687,0.0 -37.265452,-6.19113539979687,0.0 -37.2656622,-6.19118389979687,0.0 -37.2658184,-6.19111919979687,0.0 -37.2658938,-6.19105459979688,0.0 -37.2660124,-6.19100609979688,0.0 -37.2660555,-6.19087669979688,0.0 -37.2660501,-6.19072049979688,0.0 -37.2660393,-6.19065579979689,0.0 -37.2660393,-6.19053729979689,0.0 -37.2661471,-6.1903379997969,0.0 -37.266201,-6.1902032997969,0.0 -37.2662656,-6.18998769979691,0.0 -37.2662656,-6.18970759979692,0.0 -37.2663033,-6.18948669979693,0.0 -37.2664219,-6.18924419979693,0.0 -37.2664865,-6.18909869979694,0.0 -37.2665781,-6.18901789979694,0.0 -37.2667617,-6.18888399979694,0.0 -37.2668906,-6.18880779979695,0.0 -37.2669391,-6.18872699979695,0.0 -37.2670361,-6.18869459979695,0.0 -37.2671223,-6.18862459979695,0.0 -37.2673163,-6.18857069979695,0.0 -37.2674294,-6.18847369979696,0.0 -37.2675425,-6.18842519979696,0.0 -37.2677257,-6.18835519979696,0.0 -37.2678012,-6.18830669979696,0.0 -37.2681244,-6.18823669979697,0.0 -37.2683561,-6.18811809979697,0.0 -37.2684316,-6.18793489979698,0.0 -37.2684639,-6.18777329979698,0.0 -37.2685609,-6.18763319979699,0.0 -37.268701,-6.18752549979699,0.0 -37.2690027,-6.18741769979699,0.0 -37.2691805,-6.18734229979699,0.0 -37.2691805,-6.187105199797,0.0 -37.2691535,-6.186992099797,0.0 -37.2691433,-6.18695799979701,0.0 -37.2690889,-6.18677649979701,0.0 -37.2690943,-6.18665259979702,0.0 -37.2691643,-6.18652329979702,0.0 -37.2693259,-6.18640479979702,0.0 -37.2694014,-6.18631319979703,0.0 -37.2695307,-6.18625929979703,0.0 -37.2696666,-6.18627159979703,0.0 -37.2698197,-6.18628549979703,0.0 -37.2698824,-6.18618249979703,0.0 -37.2698824,-6.18609289979703,0.0 -37.2699139,-6.18597169979704,0.0 -37.2699495,-6.18593829979704,0.0 -37.2700265,-6.18586609979704,0.0 -37.2702023,-6.18580989979704,0.0 -37.2703711,-6.18580279979704,0.0 -37.270547,-6.18573249979705,0.0 -37.2707168,-6.18574889979704,0.0 -37.2707651,-6.18575359979705,0.0 -37.2708045,-6.18572729979705,0.0 -37.2709128,-6.18565509979705,0.0 -37.2711238,-6.18560589979705,0.0 -37.2712926,-6.18562699979705,0.0 -37.2715388,-6.18569729979705,0.0 -37.2718132,-6.18580989979704,0.0 -37.2720453,-6.18588719979704,0.0 -37.2723126,-6.18595059979704,0.0 -37.2724345,-6.18601829979704,0.0 -37.2725658,-6.18609119979703,0.0 -37.2729809,-6.18623899979703,0.0 -37.2731778,-6.18631629979703,0.0 -37.2732951,-6.18631099979703,0.0 -37.2733326,-6.18630929979703,0.0 -37.2735155,-6.18631629979703,0.0 -37.2735633,-6.18633349979703,0.0 -37.2736913,-6.18637969979702,0.0 -37.2738602,-6.18642189979702,0.0 -37.2739938,-6.18638669979702,0.0 -37.2741204,-6.18633039979702,0.0 -37.2743174,-6.18628119979703,0.0 -37.2744802,-6.18615899979703,0.0 -37.2745144,-6.18613349979703,0.0 -37.2747606,-6.18599979979704,0.0 -37.2750138,-6.18593649979704,0.0 -37.2752108,-6.18584499979704,0.0 -37.2754148,-6.18576059979704,0.0 -37.2755554,-6.18564099979705,0.0 -37.2757032,-6.18556369979705,0.0 -37.2759142,-6.18547219979706,0.0 -37.2760901,-6.18540889979706,0.0 -37.2763503,-6.18539479979706,0.0 -37.2766739,-6.18545109979706,0.0 -37.2770256,-6.18554259979705,0.0 -37.2774547,-6.18573249979705,0.0 -37.2777431,-6.18593649979704,0.0 -37.2780737,-6.18612639979703,0.0 -37.2784325,-6.18629519979703,0.0 -37.2787068,-6.18651329979702,0.0 -37.2788897,-6.18661179979702,0.0 -37.2791078,-6.18679469979701,0.0 -37.2794384,-6.18697759979701,0.0 -37.2798675,-6.187181599797,0.0 -37.2801278,-6.187287099797,0.0 -37.2802825,-6.18730819979699,0.0 -37.2804865,-6.18740669979699,0.0 -37.2806131,-6.18742069979699,0.0 -37.2807046,-6.18742069979699,0.0 -37.2809006,-6.18750119979699,0.0 -37.2809789,-6.18753329979699,0.0 -37.2813658,-6.18748399979699,0.0 -37.2815882,-6.18740369979699,0.0 -37.281619,-6.18739259979699,0.0 -37.2818934,-6.187167499797,0.0 -37.28202,-6.186984599797,0.0 -37.2821185,-6.18687909979701,0.0 -37.282224,-6.18680169979701,0.0 -37.2823154,-6.18669619979701,0.0 -37.2824702,-6.18643589979702,0.0 -37.282632,-6.18629519979703,0.0 -37.2827867,-6.18623189979703,0.0 -37.282836,-6.18616859979703,0.0 -37.2829907,-6.18611229979703,0.0 -37.2831596,-6.18608419979704,0.0 -37.283455,-6.18597869979704,0.0 -37.2836731,-6.18591539979704,0.0 -37.283856,-6.18582389979704,0.0 -37.2840529,-6.18590129979704,0.0 -37.2843765,-6.18585209979704,0.0 -37.2845594,-6.18577469979704,0.0 -37.2846586,-6.18579779979704,0.0 -37.2847704,-6.18582389979704,0.0 -37.285291,-6.18576769979704,0.0 -37.2856427,-6.18576769979704,0.0 -37.2858678,-6.18580279979704,0.0 -37.2860436,-6.18574659979704,0.0 -37.2863743,-6.18576769979704,0.0 -37.2866838,-6.18585209979704,0.0 -37.2871199,-6.18588019979704,0.0 -37.2874646,-6.18585209979704,0.0 -37.2876123,-6.18582389979704,0.0 -37.2878937,-6.18573949979705,0.0 -37.2880625,-6.18570439979705,0.0 -37.2882454,-6.18567619979705,0.0 -37.2883579,-6.18553549979705,0.0 -37.2884916,-6.18534559979706,0.0 -37.2885212,-6.18531709979706,0.0 -37.2886886,-6.18515569979706,0.0 -37.2888292,-6.18512049979707,0.0 -37.2890684,-6.18517679979706,0.0 -37.289392,-6.18532449979706,0.0 -37.2899105,-6.18563629979705,0.0 -37.2907307,-6.18575699979704,0.0 -37.2913417,-6.18610269979703,0.0 -37.2920895,-6.18648059979702,0.0 -37.2926363,-6.18677809979701,0.0 -37.2927803,-6.18686239979701,0.0 -37.2929659,-6.18697109979701,0.0 -37.2934886,-6.187188199797,0.0 -37.2941077,-6.187212299797,0.0 -37.2951047,-6.187284699797,0.0 -37.295555,-6.18743739979699,0.0 -37.2960455,-6.18754199979699,0.0 -37.2965842,-6.18775899979698,0.0 -37.2968334,-6.18793589979698,0.0 -37.2969621,-6.18824949979696,0.0 -37.2969138,-6.18854699979696,0.0 -37.2969219,-6.18890879979694,0.0 -37.2971952,-6.18923849979693,0.0 -37.2973391,-6.18928309979693,0.0 -37.297652,-6.18937999979693,0.0 -37.2977661,-6.18941539979693,0.0 -37.2979841,-6.18942219979693,0.0 -37.2981146,-6.18942629979693,0.0 -37.2982807,-6.18943149979693,0.0 -37.2986908,-6.18937519979693,0.0 -37.2989623,-6.18928759979693,0.0 -37.2991893,-6.18921439979693,0.0 -37.2994144,-6.18903749979694,0.0 -37.2998004,-6.18889279979694,0.0 -37.3000979,-6.18882839979694,0.0 -37.300524,-6.18877219979695,0.0 -37.300629,-6.18877579979695,0.0 -37.3009823,-6.18878819979695,0.0 -37.3015291,-6.18873189979695,0.0 -37.3018185,-6.18867569979695,0.0 -37.3019231,-6.18858719979695,0.0 -37.302116,-6.18838619979696,0.0 -37.3022527,-6.18815299979697,0.0 -37.3022981,-6.18809019979697,0.0 -37.3023573,-6.18800829979697,0.0 -37.3025181,-6.18789569979698,0.0 -37.3027915,-6.18775899979698,0.0 -37.3030374,-6.18767929979698,0.0 -37.303089,-6.18766259979698,0.0 -37.3032096,-6.18761429979698,0.0 -37.3033253,-6.18751219979699,0.0 -37.3035312,-6.187324899797,0.0 -37.3037563,-6.187252499797,0.0 -37.3037764,-6.187250399797,0.0 -37.3039091,-6.187236399797,0.0 -37.3040619,-6.187196199797,0.0 -37.3041985,-6.187083599797,0.0 -37.3045764,-6.18680219979701,0.0 -37.30489,-6.18660919979702,0.0 -37.3052679,-6.18627959979703,0.0 -37.3054521,-6.18613709979703,0.0 -37.3056526,-6.18598199979704,0.0 -37.3056941,-6.18594989979704,0.0 -37.3060237,-6.18574089979705,0.0 -37.306474,-6.18521819979706,0.0 -37.3065243,-6.18508189979707,0.0 -37.3065303,-6.18506549979707,0.0 -37.3065464,-6.18492879979707,0.0 -37.3066107,-6.18484029979708,0.0 -37.3068198,-6.18472779979708,0.0 -37.3071896,-6.18458299979708,0.0 -37.3075997,-6.18453479979709,0.0 -37.3080017,-6.18449459979708,0.0 -37.3081143,-6.18437399979709,0.0 -37.308452,-6.18428549979709,0.0 -37.3087977,-6.1841648997971,0.0 -37.3090229,-6.1841166997971,0.0 -37.309248,-6.1841246997971,0.0 -37.3094329,-6.1840603997971,0.0 -37.309642,-6.1840201997971,0.0 -37.3099636,-6.1841085997971,0.0 -37.3101887,-6.1841085997971,0.0 -37.3104219,-6.1840362997971,0.0 -37.3107596,-6.18381919979711,0.0 -37.3110491,-6.18367449979711,0.0 -37.3112903,-6.18356189979712,0.0 -37.3115637,-6.18355389979711,0.0 -37.3120455,-6.18352459979712,0.0 -37.3120943,-6.18352169979712,0.0 -37.31238,-6.18340809979712,0.0 -37.3128019,-6.18324029979713,0.0 -37.3130753,-6.18303929979713,0.0 -37.3131859,-6.18293929979714,0.0 -37.3133245,-6.18281409979714,0.0 -37.3136462,-6.18265329979714,0.0 -37.3138874,-6.18250049979715,0.0 -37.314016,-6.18233169979716,0.0 -37.3141688,-6.18205829979716,0.0 -37.3142412,-6.18180909979717,0.0 -37.3143055,-6.18163219979718,0.0 -37.3143135,-6.18135069979719,0.0 -37.3143089,-6.18127159979719,0.0 -37.3143055,-6.18121409979719,0.0 -37.3141849,-6.1809084997972,0.0 -37.3142733,-6.18075569979721,0.0 -37.3144341,-6.18063509979721,0.0 -37.3147397,-6.18053059979721,0.0 -37.314997,-6.18053869979722,0.0 -37.3153347,-6.18062709979721,0.0 -37.3155759,-6.18071549979721,0.0 -37.3158251,-6.18069139979721,0.0 -37.3160744,-6.18062709979721,0.0 -37.3162835,-6.18065119979721,0.0 -37.3166453,-6.18072359979721,0.0 -37.3169508,-6.18061099979721,0.0 -37.3173327,-6.18049039979722,0.0 -37.3176262,-6.18045819979722,0.0 -37.3178313,-6.18040599979722,0.0 -37.3180202,-6.18038189979722,0.0 -37.3181529,-6.18041399979722,0.0 -37.3183097,-6.18040199979722,0.0 -37.3184544,-6.18032159979722,0.0 -37.3186755,-6.18021699979722,0.0 -37.3188403,-6.18016479979723,0.0 -37.3191981,-6.18009639979723,0.0 -37.3192946,-6.17997579979723,0.0 -37.3194514,-6.17988739979724,0.0 -37.3197168,-6.17985119979723,0.0 -37.3198191,-6.17984659979724,0.0 -37.3199861,-6.17983909979724,0.0 -37.320159,-6.17976269979724,0.0 -37.3203238,-6.17965819979724,0.0 -37.3205248,-6.17960189979724,0.0 -37.3206215,-6.17950429979725,0.0 -37.3208313,-6.17939509979725,0.0 -37.3209668,-6.17944309979725,0.0 -37.3210848,-6.17956549979724,0.0 -37.3211181,-6.17957799979725,0.0 -37.3212247,-6.17961799979724,0.0 -37.3213821,-6.17954809979725,0.0 -37.3214548,-6.17943709979725,0.0 -37.3214652,-6.17942129979725,0.0 -37.3215001,-6.17927269979725,0.0 -37.3216138,-6.17915029979726,0.0 -37.3217886,-6.17911969979726,0.0 -37.3218892,-6.17905409979726,0.0 -37.3219445,-6.17897389979726,0.0 -37.3219766,-6.17892729979727,0.0 -37.3220129,-6.17890919979727,0.0 -37.3221515,-6.17883989979727,0.0 -37.32228,-6.17873229979727,0.0 -37.3223657,-6.17866069979727,0.0 -37.3227154,-6.17843769979728,0.0 -37.3228946,-6.17826719979729,0.0 -37.3229599,-6.17812409979729,0.0 -37.3230345,-6.1779786997973,0.0 -37.3230695,-6.1777775997973,0.0 -37.3231613,-6.17770769979731,0.0 -37.3233886,-6.17761149979731,0.0 -37.3234671,-6.17761859979731,0.0 -37.3235809,-6.1776289997973,0.0 -37.3237252,-6.17759839979731,0.0 -37.3238432,-6.17756779979731,0.0 -37.323935,-6.17748909979731,0.0 -37.3241143,-6.17721809979732,0.0 -37.3241186,-6.17713059979732,0.0 -37.3241547,-6.17701429979733,0.0 -37.324158,-6.17700389979733,0.0 -37.3242498,-6.17682389979733,0.0 -37.3244133,-6.17667619979734,0.0 -37.3245136,-6.17664449979734,0.0 -37.3245754,-6.17664449979734,0.0 -37.3247615,-6.17664449979734,0.0 -37.3249778,-6.17643349979735,0.0 -37.325173,-6.17630159979735,0.0 -37.3252838,-6.17623829979735,0.0 -37.3252996,-6.17612759979736,0.0 -37.3254315,-6.17602729979736,0.0 -37.3256214,-6.17605369979736,0.0 -37.3258113,-6.17610649979736,0.0 -37.3259907,-6.17612759979736,0.0 -37.3260751,-6.17605899979736,0.0 -37.3262175,-6.17603789979736,0.0 -37.3263441,-6.17598509979736,0.0 -37.326476,-6.17598509979736,0.0 -37.3266026,-6.17593759979736,0.0 -37.3267978,-6.17576879979737,0.0 -37.3269086,-6.17573189979737,0.0 -37.3270668,-6.17575829979737,0.0 -37.3271512,-6.17581099979737,0.0 -37.3273464,-6.17588489979736,0.0 -37.3275205,-6.17584269979737,0.0 -37.3277843,-6.17567909979737,0.0 -37.3280111,-6.17566859979737,0.0 -37.3282643,-6.17572659979737,0.0 -37.3284046,-6.17559429979737,0.0 -37.3284998,-6.17537529979738,0.0 -37.3285188,-6.17519439979739,0.0 -37.3284426,-6.17508009979739,0.0 -37.3285093,-6.1749086997974,0.0 -37.3287188,-6.1747944997974,0.0 -37.3291092,-6.1748324997974,0.0 -37.329252,-6.1747944997974,0.0 -37.3296234,-6.1746706997974,0.0 -37.3299567,-6.1746991997974,0.0 -37.3304138,-6.1746515997974,0.0 -37.3307756,-6.17444209979741,0.0 -37.3312898,-6.17417549979742,0.0 -37.3314175,-6.17408689979742,0.0 -37.3317564,-6.17385179979743,0.0 -37.332004,-6.17363269979744,0.0 -37.332442,-6.17328039979745,0.0 -37.332642,-6.17286139979746,0.0 -37.3328515,-6.17233769979748,0.0 -37.3330038,-6.17190919979749,0.0 -37.3332038,-6.17143309979751,0.0 -37.3333876,-6.17113209979752,0.0 -37.333721,-6.17074579979753,0.0 -37.3339216,-6.17051329979754,0.0 -37.3347108,-6.16985139979756,0.0 -37.3358564,-6.16936769979757,0.0 -37.337282,-6.16890949979759,0.0 -37.3416861,-6.1685785997976,0.0 -37.3427807,-6.1686039997976,0.0 -37.3484195,-6.16952049979757,0.0 -37.349817,-6.16936519979757,0.0 -37.3499087,-6.16935499979758,0.0 -37.3514848,-6.16960199979757,0.0 -37.3516144,-6.16962229979757,0.0 -37.3519453,-6.16972409979756,0.0 -37.3520344,-6.16994049979756,0.0 -37.352053,-6.17005459979755,0.0 -37.3520853,-6.17025239979754,0.0 -37.3522444,-6.17038599979754,0.0 -37.3525436,-6.17043689979754,0.0 -37.3525648,-6.17043799979754,0.0 -37.352919,-6.17045599979754,0.0 -37.35318,-6.17044969979754,0.0 -37.3534027,-6.17047509979754,0.0 -37.3536382,-6.17063419979753,0.0 -37.3539119,-6.17080609979753,0.0 -37.3542492,-6.17090789979752,0.0 -37.3544847,-6.17114339979752,0.0 -37.3546484,-6.17136599979751,0.0 -37.354892,-6.1716970997975,0.0 -37.3551084,-6.17190069979749,0.0 -37.3553693,-6.17205349979749,0.0 -37.355573,-6.17215529979748,0.0 -37.3558084,-6.17228889979748,0.0 -37.3560312,-6.17251169979747,0.0 -37.3562858,-6.17269629979747,0.0 -37.3565212,-6.17268989979747,0.0 -37.3566172,-6.17267269979747,0.0 -37.3567694,-6.17264529979747,0.0 -37.3570431,-6.17261989979747,0.0 -37.357304,-6.17271539979747,0.0 -37.3579405,-6.17339629979744,0.0 -37.3579978,-6.17359359979744,0.0 -37.358125,-6.17372729979743,0.0 -37.3582778,-6.17385459979743,0.0 -37.3584305,-6.17397549979743,0.0 -37.3585451,-6.17399459979742,0.0 -37.358736,-6.17405189979742,0.0 -37.3588569,-6.17412189979742,0.0 -37.3589644,-6.17413209979742,0.0 -37.3590121,-6.17409649979742,0.0 -37.359062,-6.17409419979742,0.0 -37.3590902,-6.17412029979742,0.0 -37.3590953,-6.17412509979742,0.0 -37.3591714,-6.17414649979742,0.0 -37.3592665,-6.17414409979742,0.0 -37.3593403,-6.17410839979742,0.0 -37.359483,-6.17401329979743,0.0 -37.3595995,-6.17392529979743,0.0 -37.3597588,-6.17383019979743,0.0 -37.3599134,-6.17374929979743,0.0 -37.3600894,-6.17370409979744,0.0 -37.3601869,-6.17367799979744,0.0 -37.3602057,-6.17367379979744,0.0 -37.3603035,-6.17365179979743,0.0 -37.3603772,-6.17365889979744,0.0 -37.3604295,-6.17366849979743,0.0 -37.3605341,-6.17378979979743,0.0 -37.3605841,-6.17385159979743,0.0 -37.360615,-6.17390149979743,0.0 -37.3606649,-6.17394429979743,0.0 -37.3606792,-6.17397049979743,0.0 -37.3607002,-6.17402479979742,0.0 -37.3607078,-6.17404419979742,0.0 -37.360722,-6.17410369979742,0.0 -37.3607529,-6.17416789979742,0.0 -37.3607934,-6.17421549979742,0.0 -37.3608671,-6.17427729979742,0.0 -37.3609432,-6.17430349979741,0.0 -37.3610023,-6.17430979979741,0.0 -37.3610098,-6.17431059979742,0.0 -37.361055,-6.17430579979742,0.0 -37.3611287,-6.17427019979742,0.0 -37.3612381,-6.17426539979742,0.0 -37.3613927,-6.17432009979741,0.0 -37.3614426,-6.17441289979741,0.0 -37.3614688,-6.17450559979741,0.0 -37.3614718,-6.17452079979741,0.0 -37.3614807,-6.17456509979741,0.0 -37.3614902,-6.1746672997974,0.0 -37.3615021,-6.1747671997974,0.0 -37.361552,-6.1748171997974,0.0 -37.3616472,-6.1748266997974,0.0 -37.3616747,-6.1748334997974,0.0 -37.3617042,-6.1748408997974,0.0 -37.3617542,-6.1749146997974,0.0 -37.3618683,-6.17501449979739,0.0 -37.3618984,-6.17502659979739,0.0 -37.3619397,-6.17504309979739,0.0 -37.3620205,-6.17504309979739,0.0 -37.3620752,-6.17508349979739,0.0 -37.3621442,-6.17515249979739,0.0 -37.3622203,-6.17516199979739,0.0 -37.3623178,-6.17511679979739,0.0 -37.3623583,-6.17503599979739,0.0 -37.3623842,-6.17495429979739,0.0 -37.3623916,-6.17493129979739,0.0 -37.3624391,-6.1748004997974,0.0 -37.3625557,-6.1747077997974,0.0 -37.3626318,-6.1746767997974,0.0 -37.3627412,-6.1746815997974,0.0 -37.3628006,-6.1747048997974,0.0 -37.3628077,-6.1747077997974,0.0 -37.3628767,-6.1747671997974,0.0 -37.3629433,-6.1748171997974,0.0 -37.3630384,-6.1748361997974,0.0 -37.3631455,-6.1747838997974,0.0 -37.3632358,-6.1746767997974,0.0 -37.36335,-6.17459839979741,0.0 -37.363476,-6.17450559979741,0.0 -37.3636519,-6.17443369979741,0.0 -37.36379,-6.17437719979741,0.0 -37.363878,-6.17437959979741,0.0 -37.3639493,-6.17441519979741,0.0 -37.3640302,-6.17448179979741,0.0 -37.3640423,-6.17450389979741,0.0 -37.3640563,-6.17452939979741,0.0 -37.3641253,-6.17456029979741,0.0 -37.3642252,-6.17454839979741,0.0 -37.364337,-6.17450799979741,0.0 -37.3643631,-6.17446759979741,0.0 -37.364356,-6.17440099979741,0.0 -37.3643584,-6.17435819979741,0.0 -37.3644083,-6.17432489979741,0.0 -37.3646676,-6.17436079979741,0.0 -37.3649054,-6.17439379979741,0.0 -37.3652193,-6.17449369979741,0.0 -37.3653691,-6.17449609979741,0.0 -37.3655142,-6.17449609979741,0.0 -37.3656212,-6.17450319979741,0.0 -37.365733,-6.17448179979741,0.0 -37.3657632,-6.17447429979741,0.0 -37.3658281,-6.17445799979741,0.0 -37.3659328,-6.17445799979741,0.0 -37.3660136,-6.17448419979741,0.0 -37.3660775,-6.17453069979741,0.0 -37.3660921,-6.17454129979741,0.0 -37.3661349,-6.17458879979741,0.0 -37.3662039,-6.1746316997974,0.0 -37.3663228,-6.1746268997974,0.0 -37.3664298,-6.17462929979741,0.0 -37.3665654,-6.17460309979741,0.0 -37.36667,-6.17457699979741,0.0 -37.3667533,-6.17448659979741,0.0 -37.3669135,-6.17441129979741,0.0 -37.3669506,-6.17439379979741,0.0 -37.367148,-6.17439859979741,0.0 -37.3672717,-6.17441519979741,0.0 -37.3673758,-6.17442579979741,0.0 -37.3674596,-6.17443429979741,0.0 -37.3675785,-6.17444379979741,0.0 -37.3676665,-6.17440329979741,0.0 -37.3676761,-6.17439599979741,0.0 -37.3676939,-6.17438219979741,0.0 -37.3677283,-6.17435579979741,0.0 -37.3678021,-6.17430349979741,0.0 -37.367871,-6.17429159979742,0.0 -37.3679281,-6.17431529979741,0.0 -37.3680446,-6.17434859979741,0.0 -37.368116,-6.17434859979741,0.0 -37.368223,-6.17437959979741,0.0 -37.3682937,-6.17439329979741,0.0 -37.3683086,-6.17439619979741,0.0 -37.3684061,-6.17444849979741,0.0 -37.3685203,-6.17450799979741,0.0 -37.3685631,-6.17455079979741,0.0 -37.3685988,-6.17460309979741,0.0 -37.3686052,-6.1746234997974,0.0 -37.3686107,-6.1746411997974,0.0 -37.3686582,-6.1746720997974,0.0 -37.3686963,-6.1746839997974,0.0 -37.3687225,-6.1746886997974,0.0 -37.3687629,-6.1746958997974,0.0 -37.3687776,-6.1747192997974,0.0 -37.3687914,-6.1747410997974,0.0 -37.3688342,-6.1747695997974,0.0 -37.368861,-6.1747654997974,0.0 -37.3688961,-6.1747600997974,0.0 -37.3689555,-6.1747909997974,0.0 -37.3690336,-6.1747977997974,0.0 -37.3691201,-6.1747350997974,0.0 -37.3691917,-6.1746992997974,0.0 -37.369239,-6.1747124997974,0.0 -37.3692454,-6.1747141997974,0.0 -37.369305,-6.1747827997974,0.0 -37.3693796,-6.1747559997974,0.0 -37.3694005,-6.1746933997974,0.0 -37.3694005,-6.17458599979741,0.0 -37.369387,-6.17451589979741,0.0 -37.3693856,-6.17450839979741,0.0 -37.3693587,-6.17439799979741,0.0 -37.3694337,-6.17437299979741,0.0 -37.3694393,-6.17437119979741,0.0 -37.3695377,-6.17421899979742,0.0 -37.3695646,-6.17415339979742,0.0 -37.3696033,-6.17408779979742,0.0 -37.3696541,-6.17404599979742,0.0 -37.3696958,-6.17400129979742,0.0 -37.3697167,-6.17392069979743,0.0 -37.3697734,-6.17387599979743,0.0 -37.3698271,-6.17386109979743,0.0 -37.3698897,-6.17387899979743,0.0 -37.3699732,-6.17390879979743,0.0 -37.3700448,-6.17395649979743,0.0 -37.3700955,-6.17399829979743,0.0 -37.3701343,-6.17404299979742,0.0 -37.3701642,-6.17410569979742,0.0 -37.3701668,-6.17412489979742,0.0 -37.3701821,-6.17423399979742,0.0 -37.370197,-6.17433239979741,0.0 -37.3702029,-6.17440099979741,0.0 -37.3702745,-6.17443979979741,0.0 -37.3703789,-6.17443379979741,0.0 -37.3704367,-6.17442529979741,0.0 -37.3704595,-6.17442189979741,0.0 -37.3705311,-6.17446959979741,0.0 -37.3705728,-6.17453229979741,0.0 -37.3705706,-6.1746109997974,0.0 -37.3705669,-6.1747380997974,0.0 -37.3706235,-6.1748424997974,0.0 -37.3706593,-6.1748752997974,0.0 -37.3706922,-6.17492009979739,0.0 -37.370725,-6.17505729979739,0.0 -37.3708264,-6.17510499979739,0.0 -37.370904,-6.17511099979739,0.0 -37.3710412,-6.17512289979739,0.0 -37.3711575,-6.17516469979739,0.0 -37.3712172,-6.17519449979739,0.0 -37.3712649,-6.17520939979739,0.0 -37.3713126,-6.17519479979739,0.0 -37.3713425,-6.17518559979739,0.0 -37.3714221,-6.17521209979739,0.0 -37.3714588,-6.17522429979739,0.0 -37.3715811,-6.17528399979738,0.0 -37.3716497,-6.17528699979738,0.0 -37.3717243,-6.17527799979738,0.0 -37.3718317,-6.17528699979738,0.0 -37.371893,-6.17528949979738,0.0 -37.3719033,-6.17528999979738,0.0 -37.3719565,-6.17531279979738,0.0 -37.3719665,-6.17531669979738,0.0 -37.3720554,-6.17530189979738,0.0 -37.3721479,-6.17531089979738,0.0 -37.3721956,-6.17536159979738,0.0 -37.3722338,-6.17539969979738,0.0 -37.3722523,-6.17541819979738,0.0 -37.3723,-6.17547789979738,0.0 -37.3723746,-6.17549279979738,0.0 -37.3724373,-6.17547189979738,0.0 -37.372491,-6.17544809979738,0.0 -37.3725417,-6.17546299979738,0.0 -37.3726461,-6.17546599979738,0.0 -37.3726908,-6.17545109979738,0.0 -37.3727565,-6.17541229979738,0.0 -37.3727714,-6.17531979979738,0.0 -37.3727661,-6.17528549979738,0.0 -37.3727535,-6.17520349979739,0.0 -37.3727177,-6.17513479979739,0.0 -37.3727028,-6.17507819979739,0.0 -37.3727535,-6.17502749979739,0.0 -37.3727804,-6.17497109979739,0.0 -37.3727819,-6.17496799979739,0.0 -37.3727863,-6.17495879979739,0.0 -37.3728123,-6.1749468997974,0.0 -37.3729354,-6.1748901997974,0.0 -37.3730548,-6.1748573997974,0.0 -37.3731741,-6.1748156997974,0.0 -37.3733382,-6.1747559997974,0.0 -37.3734187,-6.1747350997974,0.0 -37.373547,-6.1747231997974,0.0 -37.3736365,-6.1747499997974,0.0 -37.3737024,-6.1747792997974,0.0 -37.3737696,-6.1748403997974,0.0 -37.373898,-6.17493829979739,0.0 -37.3740203,-6.17494439979739,0.0 -37.374167,-6.17495049979739,0.0 -37.3742649,-6.17493209979739,0.0 -37.3743566,-6.1749259997974,0.0 -37.3744055,-6.1749076997974,0.0 -37.3744355,-6.1748907997974,0.0 -37.3745033,-6.1748526997974,0.0 -37.3745889,-6.1748403997974,0.0 -37.3746806,-6.1748648997974,0.0 -37.3747234,-6.1749259997974,0.0 -37.374754,-6.17496269979739,0.0 -37.3747647,-6.17500559979739,0.0 -37.3747846,-6.17508499979739,0.0 -37.3748457,-6.17515839979739,0.0 -37.3748885,-6.17525619979738,0.0 -37.3749435,-6.17528059979738,0.0 -37.3750108,-6.17528059979738,0.0 -37.3751147,-6.17526229979739,0.0 -37.375182,-6.17517669979739,0.0 -37.3752426,-6.17514129979739,0.0 -37.3752554,-6.17513389979739,0.0 -37.3752726,-6.17514109979739,0.0 -37.3753287,-6.17516449979739,0.0 -37.3754265,-6.17520119979739,0.0 -37.3754999,-6.17515839979739,0.0 -37.3755244,-6.17506049979739,0.0 -37.3755916,-6.17496269979739,0.0 -37.3757812,-6.1749015997974,0.0 -37.3758668,-6.1748648997974,0.0 -37.3760563,-6.1748587997974,0.0 -37.3761908,-6.1748954997974,0.0 -37.3763192,-6.17498719979739,0.0 -37.3763498,-6.17509109979739,0.0 -37.376417,-6.17509719979739,0.0 -37.3765882,-6.17501159979739,0.0 -37.3767411,-6.17506049979739,0.0 -37.3768004,-6.17509019979739,0.0 -37.3768144,-6.17509719979739,0.0 -37.3768878,-6.17515229979739,0.0 -37.3769918,-6.17528059979738,0.0 -37.377059,-6.17532339979738,0.0 -37.3771691,-6.17538459979738,0.0 -37.377218,-6.17552519979737,0.0 -37.3772608,-6.17562299979737,0.0 -37.377328,-6.17566579979737,0.0 -37.3773831,-6.17579419979737,0.0 -37.3774197,-6.17584929979737,0.0 -37.3774411,-6.17599049979736,0.0 -37.3774503,-6.17605099979736,0.0 -37.3774136,-6.17619159979736,0.0 -37.3774503,-6.17633229979735,0.0 -37.3774687,-6.17647289979734,0.0 -37.3774687,-6.17665019979734,0.0 -37.3775176,-6.17683969979733,0.0 -37.3775604,-6.17700479979733,0.0 -37.377597,-6.17718819979732,0.0 -37.3776093,-6.17741449979731,0.0 -37.3776032,-6.17761009979731,0.0 -37.3775909,-6.17771409979731,0.0 -37.3776154,-6.1778240997973,0.0 -37.3776704,-6.1779463997973,0.0 -37.3777316,-6.17803199979729,0.0 -37.3777631,-6.17807139979729,0.0 -37.3778049,-6.17812369979729,0.0 -37.377785,-6.17820749979729,0.0 -37.3777744,-6.17825209979729,0.0 -37.3777682,-6.17836209979729,0.0 -37.3777805,-6.17844159979728,0.0 -37.3778307,-6.17849189979728,0.0 -37.3778538,-6.17851499979728,0.0 -37.3778844,-6.17863119979727,0.0 -37.3779113,-6.17877769979727,0.0 -37.3779394,-6.17893079979727,0.0 -37.3779517,-6.17909579979726,0.0 -37.3780128,-6.17926089979725,0.0 -37.3780556,-6.17940769979725,0.0 -37.3780801,-6.17949329979725,0.0 -37.3781412,-6.17955439979724,0.0 -37.3782146,-6.17960939979724,0.0 -37.3783124,-6.17958499979724,0.0 -37.3784041,-6.17954219979725,0.0 -37.3784752,-6.17954219979725,0.0 -37.378557,-6.17954219979725,0.0 -37.3786181,-6.17957879979724,0.0 -37.3787526,-6.17958499979724,0.0 -37.3788504,-6.17963999979724,0.0 -37.3789544,-6.17975619979724,0.0 -37.3790277,-6.17987229979723,0.0 -37.3790889,-6.17996399979723,0.0 -37.37915,-6.18000069979723,0.0 -37.379254,-6.17998239979723,0.0 -37.3794068,-6.18003739979723,0.0 -37.3794659,-6.18011799979723,0.0 -37.3794741,-6.18012909979723,0.0 -37.3794863,-6.18021469979722,0.0 -37.3794863,-6.18031869979722,0.0 -37.3794863,-6.18039809979722,0.0 -37.3796147,-6.18044699979722,0.0 -37.3796819,-6.18042869979722,0.0 -37.3798103,-6.18040429979722,0.0 -37.3799754,-6.18041649979722,0.0 -37.3800794,-6.18042869979722,0.0 -37.3801711,-6.18046539979722,0.0 -37.3803239,-6.18051429979722,0.0 -37.3803728,-6.18056929979721,0.0 -37.3805196,-6.18061209979721,0.0 -37.3806235,-6.18061209979721,0.0 -37.3806785,-6.18066719979721,0.0 -37.3807275,-6.18071609979721,0.0 -37.3807886,-6.18073439979721,0.0 -37.3808497,-6.18070999979721,0.0 -37.3808516,-6.18070779979721,0.0 -37.3809109,-6.18063659979721,0.0 -37.3809537,-6.18058159979721,0.0 -37.3810454,-6.18056319979721,0.0 -37.3811554,-6.18055099979722,0.0 -37.3812594,-6.18058159979721,0.0 -37.3813633,-6.18061209979721,0.0 -37.3814061,-6.18066719979721,0.0 -37.3814367,-6.18075889979721,0.0 -37.3814489,-6.1808321997972,0.0 -37.3813633,-6.1808994997972,0.0 -37.3812777,-6.1809728997972,0.0 -37.3812166,-6.1810828997972,0.0 -37.3812105,-6.18132749979719,0.0 -37.3812466,-6.18144929979718,0.0 -37.3812594,-6.18149259979718,0.0 -37.3813939,-6.18158429979718,0.0 -37.3815834,-6.18163929979718,0.0 -37.3816996,-6.18165759979718,0.0 -37.3818708,-6.18173099979717,0.0 -37.3819747,-6.18179829979717,0.0 -37.382097,-6.18179829979717,0.0 -37.3821643,-6.18174319979718,0.0 -37.3822519,-6.18169629979718,0.0 -37.3823355,-6.18165149979718,0.0 -37.3825861,-6.18162709979718,0.0 -37.3828735,-6.18162709979718,0.0 -37.3829344,-6.18164289979718,0.0 -37.3830141,-6.18166379979718,0.0 -37.3830423,-6.18167959979718,0.0 -37.3832098,-6.18177379979717,0.0 -37.3833015,-6.18182269979717,0.0 -37.3834177,-6.18186549979717,0.0 -37.3835399,-6.18185329979717,0.0 -37.3836561,-6.18184109979717,0.0 -37.3837845,-6.18187159979717,0.0 -37.3838334,-6.18199389979717,0.0 -37.3838579,-6.18213449979716,0.0 -37.383864,-6.18222009979716,0.0 -37.383864,-6.18234849979715,0.0 -37.383864,-6.18246469979715,0.0 -37.383919,-6.18253199979715,0.0 -37.3839924,-6.18262979979715,0.0 -37.3841513,-6.18266029979714,0.0 -37.3842431,-6.18269699979714,0.0 -37.3843287,-6.18272759979714,0.0 -37.3843898,-6.18278869979714,0.0 -37.3843959,-6.18286819979714,0.0 -37.3843959,-6.18300269979713,0.0 -37.3844204,-6.18312499979713,0.0 -37.3845243,-6.18317389979713,0.0 -37.3846527,-6.18321059979713,0.0 -37.3847322,-6.18330839979713,0.0 -37.3848117,-6.18342459979712,0.0 -37.3848117,-6.18355909979711,0.0 -37.3848056,-6.18366919979711,0.0 -37.3849339,-6.18374249979711,0.0 -37.3851174,-6.18379759979711,0.0 -37.3852519,-6.1839014997971,0.0 -37.3852702,-6.1840053997971,0.0 -37.3852213,-6.1841032997971,0.0 -37.3851174,-6.1842010997971,0.0 -37.3850501,-6.18426219979709,0.0 -37.3850448,-6.18434259979709,0.0 -37.385044,-6.18435399979709,0.0 -37.3850929,-6.18449459979708,0.0 -37.3851785,-6.18462909979708,0.0 -37.3852763,-6.18470859979708,0.0 -37.3853497,-6.18470859979708,0.0 -37.3854231,-6.18465969979708,0.0 -37.385472,-6.18457409979708,0.0 -37.3855076,-6.18452769979709,0.0 -37.3855331,-6.18449459979708,0.0 -37.3856493,-6.18446399979709,0.0 -37.3857655,-6.18450069979709,0.0 -37.3858572,-6.18456789979708,0.0 -37.385955,-6.18469629979708,0.0 -37.38601,-6.18484919979708,0.0 -37.385955,-6.18493479979707,0.0 -37.3859131,-6.18498049979707,0.0 -37.3858877,-6.18500819979707,0.0 -37.3858816,-6.18508759979707,0.0 -37.3859428,-6.18518549979706,0.0 -37.3859978,-6.18525269979706,0.0 -37.3860223,-6.18530769979706,0.0 -37.3859856,-6.18537499979706,0.0 -37.3859061,-6.18536889979706,0.0 -37.3858755,-6.18533829979706,0.0 -37.3858327,-6.18527719979706,0.0 -37.3857899,-6.18524659979706,0.0 -37.3857349,-6.18527719979706,0.0 -37.3856615,-6.18536279979706,0.0 -37.3856676,-6.18545449979705,0.0 -37.3856065,-6.18569289979705,0.0 -37.3855759,-6.18579079979705,0.0 -37.3855392,-6.18596809979704,0.0 -37.3856065,-6.18606589979703,0.0 -37.3857445,-6.18614959979703,0.0 -37.3857975,-6.18622449979703,0.0 -37.38581,-6.18628689979703,0.0 -37.3858911,-6.18632429979703,0.0 -37.3859535,-6.18634609979703,0.0 -37.3860439,-6.18635549979703,0.0 -37.3861188,-6.18641469979703,0.0 -37.3861905,-6.18650209979702,0.0 -37.3862311,-6.18656129979702,0.0 -37.3862997,-6.18657069979702,0.0 -37.3863496,-6.18656129979702,0.0 -37.3864213,-6.18653639979702,0.0 -37.3864899,-6.18650829979702,0.0 -37.386596,-6.18650209979702,0.0 -37.3866615,-6.18652389979702,0.0 -37.3866927,-6.18655509979702,0.0 -37.3866896,-6.18660809979702,0.0 -37.3866272,-6.18664239979702,0.0 -37.3865866,-6.18667989979701,0.0 -37.386596,-6.18670789979701,0.0 -37.3866209,-6.18676409979701,0.0 -37.3867207,-6.18678279979701,0.0 -37.3868362,-6.18677339979701,0.0 -37.3868829,-6.18672349979702,0.0 -37.3868892,-6.18663619979702,0.0 -37.3869266,-6.18652389979702,0.0 -37.3869703,-6.18642719979702,0.0 -37.3870358,-6.18633989979703,0.0 -37.3870919,-6.18631799979703,0.0 -37.3871387,-6.18629929979703,0.0 -37.3871462,-6.18629289979703,0.0 -37.3871855,-6.18625879979703,0.0 -37.3872479,-6.18623379979703,0.0 -37.3873414,-6.18628059979703,0.0 -37.3874756,-6.18632119979703,0.0 -37.3875504,-6.18631799979703,0.0 -37.3876346,-6.18631179979703,0.0 -37.3876658,-6.18637109979703,0.0 -37.387697,-6.18646459979702,0.0 -37.3878155,-6.18651769979702,0.0 -37.3879122,-6.18651769979702,0.0 -37.3880089,-6.18648649979702,0.0 -37.3881462,-6.18653329979702,0.0 -37.3882397,-6.18656449979702,0.0 -37.3883083,-6.18663309979702,0.0 -37.3883269,-6.18668129979702,0.0 -37.3883395,-6.18671419979701,0.0 -37.3884393,-6.18676409979701,0.0 -37.3885222,-6.18673819979701,0.0 -37.3885392,-6.18673289979701,0.0 -37.3886764,-6.18673909979701,0.0 -37.3887097,-6.18675909979701,0.0 -37.3888323,-6.18683269979701,0.0 -37.3890257,-6.18687639979701,0.0 -37.389138,-6.18688879979701,0.0 -37.3891879,-6.18683889979701,0.0 -37.3891942,-6.18674539979701,0.0 -37.3892028,-6.18671299979701,0.0 -37.3892191,-6.18665179979702,0.0 -37.3893626,-6.18667669979701,0.0 -37.3893985,-6.18669469979701,0.0 -37.3895497,-6.18677029979701,0.0 -37.3896745,-6.18687009979701,0.0 -37.3898866,-6.18698239979701,0.0 -37.3900737,-6.187069699797,0.0 -37.3901985,-6.187088499797,0.0 -37.390317,-6.187050999797,0.0 -37.39045,-6.18699989979701,0.0 -37.3904792,-6.18698859979701,0.0 -37.3905977,-6.18699489979701,0.0 -37.390735,-6.187019799797,0.0 -37.3909284,-6.187094699797,0.0 -37.3910656,-6.187150799797,0.0 -37.3912964,-6.187181999797,0.0 -37.3914586,-6.187157099797,0.0 -37.3915334,-6.187219499797,0.0 -37.3917643,-6.187256899797,0.0 -37.3919452,-6.18735049979699,0.0 -37.3921011,-6.18748149979699,0.0 -37.3922695,-6.18763119979698,0.0 -37.3925565,-6.18767479979698,0.0 -37.3927499,-6.18768109979698,0.0 -37.3929869,-6.18780579979698,0.0 -37.3932053,-6.18781829979698,0.0 -37.3934922,-6.18789939979698,0.0 -37.393854,-6.18803659979697,0.0 -37.3942844,-6.18823629979696,0.0 -37.3947149,-6.18836729979696,0.0 -37.3949831,-6.18855439979695,0.0 -37.3951204,-6.18879769979695,0.0 -37.3951578,-6.18901599979694,0.0 -37.3952077,-6.18930919979693,0.0 -37.3952844,-6.18947799979692,0.0 -37.3953325,-6.18958369979692,0.0 -37.3954385,-6.18974589979692,0.0 -37.3955945,-6.18993299979691,0.0 -37.3956693,-6.19008899979691,0.0 -37.3959064,-6.1902635997969,0.0 -37.3961247,-6.19036969979689,0.0 -37.3962994,-6.19046329979689,0.0 -37.3964054,-6.1904382997969,0.0 -37.3965115,-6.1903384997969,0.0 -37.3966736,-6.1901575997969,0.0 -37.396892,-6.1901949997969,0.0 -37.3970355,-6.1901762997969,0.0 -37.3971789,-6.19002039979691,0.0 -37.3972663,-6.18983319979691,0.0 -37.3974534,-6.18968969979692,0.0 -37.3976405,-6.18949639979693,0.0 -37.3980148,-6.18940279979693,0.0 -37.3986072,-6.18937159979693,0.0 -37.398726,-6.18936539979693,0.0 -37.3987852,-6.18938279979693,0.0 -37.3990005,-6.18944649979693,0.0 -37.3991751,-6.18950879979693,0.0 -37.3994061,-6.18940379979693,0.0 -37.3996056,-6.18932169979693,0.0 -37.3998696,-6.18941379979693,0.0 -37.3998738,-6.18941529979693,0.0 -37.3999798,-6.18950879979692,0.0 -37.4001046,-6.18955869979692,0.0 -37.4004165,-6.18963979979692,0.0 -37.4007159,-6.18970849979692,0.0 -37.4009156,-6.18979579979691,0.0 -37.4012212,-6.18982069979691,0.0 -37.4014247,-6.18974769979692,0.0 -37.4014645,-6.18973339979692,0.0 -37.4016267,-6.18960859979692,0.0 -37.4018887,-6.18961489979692,0.0 -37.4021008,-6.18963979979692,0.0 -37.4022692,-6.18970219979692,0.0 -37.4023978,-6.18980749979691,0.0 -37.4024065,-6.18981449979692,0.0 -37.4025125,-6.19003279979691,0.0 -37.4027121,-6.1901575997969,0.0 -37.4028806,-6.1901825997969,0.0 -37.4030303,-6.1901949997969,0.0 -37.4031862,-6.1902698997969,0.0 -37.4032985,-6.1902823997969,0.0 -37.4035044,-6.1903758997969,0.0 -37.403679,-6.19052559979689,0.0 -37.4038849,-6.19055679979689,0.0 -37.4040408,-6.19051319979689,0.0 -37.404106,-6.19051659979689,0.0 -37.4041594,-6.19051939979689,0.0 -37.4041717,-6.19054579979689,0.0 -37.404203,-6.19061299979689,0.0 -37.4042529,-6.19074399979688,0.0 -37.404465,-6.19081259979688,0.0 -37.4048934,-6.19087379979688,0.0 -37.4049017,-6.19087499979688,0.0 -37.4051575,-6.19092489979688,0.0 -37.4053633,-6.19094359979688,0.0 -37.4054694,-6.19108709979687,0.0 -37.4055303,-6.19120639979687,0.0 -37.4056191,-6.19138029979686,0.0 -37.4058936,-6.19155489979686,0.0 -37.4060246,-6.19171089979685,0.0 -37.4063739,-6.19204149979684,0.0 -37.4065548,-6.19214129979684,0.0 -37.4067981,-6.19211009979684,0.0 -37.4070538,-6.19194789979685,0.0 -37.4073408,-6.19181069979685,0.0 -37.4076945,-6.19191929979685,0.0 -37.4079672,-6.19197889979684,0.0 -37.4081334,-6.19198749979684,0.0 -37.4083208,-6.19197889979684,0.0 -37.4084486,-6.19183409979685,0.0 -37.4085636,-6.19171909979685,0.0 -37.4087767,-6.19168919979685,0.0 -37.4091771,-6.19178299979685,0.0 -37.4095009,-6.19189369979685,0.0 -37.40965,-6.19200449979684,0.0 -37.4098545,-6.19205989979684,0.0 -37.4100292,-6.19212809979684,0.0 -37.410255,-6.19222599979684,0.0 -37.4105149,-6.19223879979684,0.0 -37.410681,-6.19219199979684,0.0 -37.4107235,-6.19215419979684,0.0 -37.4107961,-6.19208969979684,0.0 -37.4110005,-6.19205989979684,0.0 -37.4111369,-6.19205139979684,0.0 -37.4112902,-6.19208969979684,0.0 -37.4113456,-6.19223459979684,0.0 -37.4113633,-6.19224479979684,0.0 -37.4114479,-6.19229419979683,0.0 -37.4115714,-6.19232399979683,0.0 -37.4117546,-6.19231549979683,0.0 -37.4120656,-6.19234109979683,0.0 -37.4122999,-6.19228569979683,0.0 -37.4126368,-6.19200129979684,0.0 -37.4126834,-6.19196189979685,0.0 -37.4129177,-6.19183409979685,0.0 -37.4130689,-6.19182089979685,0.0 -37.4130979,-6.19181829979685,0.0 -37.4132585,-6.19180429979685,0.0 -37.4133844,-6.19184399979685,0.0 -37.4135823,-6.19190649979685,0.0 -37.4137655,-6.19188099979685,0.0 -37.4140339,-6.19193629979684,0.0 -37.414298,-6.19203859979684,0.0 -37.4145451,-6.19214939979684,0.0 -37.4147411,-6.19230269979683,0.0 -37.4148647,-6.19236239979683,0.0 -37.4150564,-6.19235389979683,0.0 -37.4151705,-6.19234169979683,0.0 -37.4152566,-6.19233259979683,0.0 -37.4154142,-6.19239219979683,0.0 -37.4154359,-6.19240569979683,0.0 -37.4155378,-6.19246889979683,0.0 -37.4156912,-6.19242199979683,0.0 -37.4157311,-6.19237859979683,0.0 -37.4157891,-6.19231549979683,0.0 -37.4158956,-6.19216639979684,0.0 -37.4160405,-6.19212809979684,0.0 -37.4162365,-6.19213229979684,0.0 -37.4163028,-6.19212099979684,0.0 -37.4164367,-6.19209819979684,0.0 -37.4165262,-6.19203429979684,0.0 -37.4166485,-6.19197889979684,0.0 -37.416752,-6.19193209979685,0.0 -37.4169181,-6.19192359979685,0.0 -37.4171754,-6.19197199979684,0.0 -37.4172121,-6.19197889979684,0.0 -37.4174847,-6.19205989979684,0.0 -37.4177063,-6.19209399979684,0.0 -37.4178099,-6.19209399979684,0.0 -37.417915,-6.19209399979684,0.0 -37.4179917,-6.19206419979684,0.0 -37.4180812,-6.19201089979684,0.0 -37.4181387,-6.19197259979684,0.0 -37.4182239,-6.19194269979685,0.0 -37.4182793,-6.19194699979684,0.0 -37.4183624,-6.19196399979684,0.0 -37.4184561,-6.19200449979684,0.0 -37.4185434,-6.19210459979684,0.0 -37.418537,-6.19223029979684,0.0 -37.4185072,-6.19233469979683,0.0 -37.4184861,-6.19237599979683,0.0 -37.4184604,-6.19242629979683,0.0 -37.4184923,-6.19253079979683,0.0 -37.4185827,-6.19262109979682,0.0 -37.4187047,-6.19263919979682,0.0 -37.4188357,-6.19267079979682,0.0 -37.4189035,-6.19271599979682,0.0 -37.4189893,-6.19284699979682,0.0 -37.4190751,-6.19287409979682,0.0 -37.4192448,-6.19284799979682,0.0 -37.4192513,-6.19284699979682,0.0 -37.419527,-6.19293739979681,0.0 -37.4195533,-6.19303989979681,0.0 -37.4195721,-6.19311359979681,0.0 -37.4195992,-6.19352019979679,0.0 -37.4196218,-6.19372809979679,0.0 -37.4196083,-6.19392229979678,0.0 -37.4196083,-6.19411659979678,0.0 -37.4196444,-6.19428379979677,0.0 -37.4197258,-6.19441479979676,0.0 -37.4198026,-6.19442389979677,0.0 -37.4199065,-6.19438319979677,0.0 -37.419965,-6.19424989979677,0.0 -37.4200414,-6.19420279979677,0.0 -37.4201354,-6.19420869979677,0.0 -37.4202354,-6.19427339979677,0.0 -37.4203588,-6.19426749979677,0.0 -37.4204353,-6.19423809979677,0.0 -37.420594,-6.19436159979677,0.0 -37.4206704,-6.19449679979676,0.0 -37.4207351,-6.19459079979676,0.0 -37.4208056,-6.19463199979676,0.0 -37.4209114,-6.19467309979676,0.0 -37.4209933,-6.19466399979676,0.0 -37.4210172,-6.19466139979676,0.0 -37.4210995,-6.19463789979676,0.0 -37.421223,-6.19465549979676,0.0 -37.4212759,-6.19462609979676,0.0 -37.4213347,-6.19463789979676,0.0 -37.4214346,-6.19471429979676,0.0 -37.4215287,-6.19476719979675,0.0 -37.4216462,-6.19480829979675,0.0 -37.4217462,-6.19478479979675,0.0 -37.4218696,-6.19476129979675,0.0 -37.4220871,-6.19476719979675,0.0 -37.422575,-6.19476719979675,0.0 -37.4228631,-6.19473189979676,0.0 -37.4232511,-6.19466719979676,0.0 -37.4234157,-6.19456139979676,0.0 -37.4235509,-6.19452029979676,0.0 -37.4236449,-6.19467309979676,0.0 -37.4237684,-6.19473189979676,0.0 -37.4238977,-6.19471429979676,0.0 -37.4240917,-6.19470839979675,0.0 -37.4243268,-6.19476719979675,0.0 -37.4244327,-6.19485539979675,0.0 -37.4247031,-6.19501999979675,0.0 -37.4249441,-6.19522569979674,0.0 -37.4250852,-6.19553729979673,0.0 -37.4250499,-6.19577239979672,0.0 -37.4249617,-6.19594879979672,0.0 -37.4249088,-6.19607809979671,0.0 -37.4249156,-6.19616959979671,0.0 -37.4249206,-6.19623679979671,0.0 -37.4249922,-6.1963110997967,0.0 -37.4250838,-6.1963476997967,0.0 -37.4253099,-6.1963782997967,0.0 -37.4254199,-6.1963599997967,0.0 -37.4255604,-6.1963415997967,0.0 -37.4256582,-6.1963721997967,0.0 -37.4257682,-6.1963965997967,0.0 -37.4258809,-6.1963824997967,0.0 -37.4259148,-6.1963782997967,0.0 -37.426147,-6.1963904997967,0.0 -37.4262631,-6.1964271997967,0.0 -37.4263792,-6.1964698997967,0.0 -37.4264156,-6.1965391997967,0.0 -37.4264403,-6.1965859997967,0.0 -37.4265442,-6.19665939979669,0.0 -37.4266114,-6.19679989979669,0.0 -37.4266419,-6.19692819979668,0.0 -37.4268436,-6.19700149979668,0.0 -37.4269963,-6.19694649979668,0.0 -37.427088,-6.19690989979669,0.0 -37.4271491,-6.19691599979668,0.0 -37.4274302,-6.19698929979668,0.0 -37.4276153,-6.19703409979668,0.0 -37.427809,-6.19708099979668,0.0 -37.4279679,-6.19715429979668,0.0 -37.4280925,-6.19728439979667,0.0 -37.4281678,-6.19736309979667,0.0 -37.4282428,-6.19744149979667,0.0 -37.4282856,-6.19752699979666,0.0 -37.4282887,-6.19758949979666,0.0 -37.4282917,-6.19764919979666,0.0 -37.4284017,-6.19789979979666,0.0 -37.4284872,-6.19804639979665,0.0 -37.4285728,-6.19818689979664,0.0 -37.4286644,-6.19833359979664,0.0 -37.428695,-6.19846189979663,0.0 -37.4286828,-6.19863909979663,0.0 -37.4286889,-6.19879189979662,0.0 -37.4287317,-6.19890789979662,0.0 -37.4288477,-6.19906069979662,0.0 -37.4290005,-6.19912179979661,0.0 -37.4291594,-6.19918899979661,0.0 -37.4293182,-6.19921959979661,0.0 -37.4293916,-6.19930509979661,0.0 -37.4293732,-6.1994211997966,0.0 -37.4292938,-6.1995189997966,0.0 -37.4292571,-6.1996594997966,0.0 -37.4290799,-6.19984889979659,0.0 -37.4289908,-6.19994199979659,0.0 -37.4289394,-6.19999559979659,0.0 -37.42886,-6.20016059979658,0.0 -37.42886,-6.20031939979657,0.0 -37.4289089,-6.20046609979657,0.0 -37.4289211,-6.20060049979656,0.0 -37.4289638,-6.20071049979656,0.0 -37.4289638,-6.20088769979656,0.0 -37.4289089,-6.20109539979655,0.0 -37.4288355,-6.20122369979654,0.0 -37.4288111,-6.20140089979654,0.0 -37.4288477,-6.20150479979654,0.0 -37.4288722,-6.20165759979653,0.0 -37.4288905,-6.20182249979653,0.0 -37.4289089,-6.20195699979652,0.0 -37.4289577,-6.20206079979652,0.0 -37.4290922,-6.20215249979652,0.0 -37.4292266,-6.20216469979651,0.0 -37.4292816,-6.20206699979652,0.0 -37.429306,-6.20195089979652,0.0 -37.4294343,-6.20181639979653,0.0 -37.4296054,-6.20183479979652,0.0 -37.4296971,-6.20192029979652,0.0 -37.4297521,-6.20207919979652,0.0 -37.4298071,-6.20220139979651,0.0 -37.4299048,-6.20236639979651,0.0 -37.4299965,-6.20250079979651,0.0</coordinates>
</LinearRing>
</outerBoundaryIs>
</Polygon>
</MultiGeometry>
</Placemark>
</Folder>
</Document></kml>
