<?xml version='1.0' encoding='UTF-8'?>
<kml xmlns:xsd="http://www.w3.org/2001/XMLSchema" xmlns:gx="http://www.google.com/kml/ext/2.2" xmlns:atom="http://www.w3.org/2005/Atom" xmlns="http://www.opengis.net/kml/2.2">
<Document>
<name>nova_brasilandia_5106208_localidades_2022</name>
<visibility>1</visibility>
<Schema name="Lugarejos" id="kml_schema_ft_Lugarejos">
<SimpleField type="xsd:string" name="CD_UF">
<displayName>CD_UF</displayName>
</SimpleField>
<SimpleField type="xsd:string" name="NM_UF">
<displayName>NM_UF</displayName>
</SimpleField>
<SimpleField type="xsd:string" name="SIGLA_UF">
<displayName>SIGLA_UF</displayName>
</SimpleField>
<SimpleField type="xsd:string" name="CD_MUN">
<displayName>CD_MUN</displayName>
</SimpleField>
<SimpleField type="xsd:string" name="NM_MUN">
<displayName>NM_MUN</displayName>
</SimpleField>
<SimpleField type="xsd:string" name="CD_RGINT">
<displayName>CD_RGINT</displayName>
</SimpleField>
<SimpleField type="xsd:string" name="NM_RGINT">
<displayName>NM_RGINT</displayName>
</SimpleField>
<SimpleField type="xsd:string" name="CD_RGI">
<displayName>CD_RGI</displayName>
</SimpleField>
<SimpleField type="xsd:string" name="NM_RGI">
<displayName>NM_RGI</displayName>
</SimpleField>
<SimpleField type="xsd:string" name="CT_LOCALIDADE">
<displayName>CT_LOCALIDADE</displayName>
</SimpleField>
<SimpleField type="xsd:string" name="CD_LOCALIDADE">
<displayName>CD_LOCALIDADE</displayName>
</SimpleField>
<SimpleField type="xsd:string" name="NM_LOCALIDADE">
<displayName>NM_LOCALIDADE</displayName>
</SimpleField>
<SimpleField type="xsd:string" name="LAT_LOCALIDADE">
<displayName>LAT_LOCALIDADE</displayName>
</SimpleField>
<SimpleField type="xsd:string" name="LONG_LOCALIDADE">
<displayName>LONG_LOCALIDADE</displayName>
</SimpleField>
</Schema>
<Schema name="Vilas" id="kml_schema_ft_Vilas">
<SimpleField type="xsd:string" name="CD_UF">
<displayName>CD_UF</displayName>
</SimpleField>
<SimpleField type="xsd:string" name="NM_UF">
<displayName>NM_UF</displayName>
</SimpleField>
<SimpleField type="xsd:string" name="SIGLA_UF">
<displayName>SIGLA_UF</displayName>
</SimpleField>
<SimpleField type="xsd:string" name="CD_MUN">
<displayName>CD_MUN</displayName>
</SimpleField>
<SimpleField type="xsd:string" name="NM_MUN">
<displayName>NM_MUN</displayName>
</SimpleField>
<SimpleField type="xsd:string" name="CD_RGINT">
<displayName>CD_RGINT</displayName>
</SimpleField>
<SimpleField type="xsd:string" name="NM_RGINT">
<displayName>NM_RGINT</displayName>
</SimpleField>
<SimpleField type="xsd:string" name="CD_RGI">
<displayName>CD_RGI</displayName>
</SimpleField>
<SimpleField type="xsd:string" name="NM_RGI">
<displayName>NM_RGI</displayName>
</SimpleField>
<SimpleField type="xsd:string" name="CT_LOCALIDADE">
<displayName>CT_LOCALIDADE</displayName>
</SimpleField>
<SimpleField type="xsd:string" name="CD_LOCALIDADE">
<displayName>CD_LOCALIDADE</displayName>
</SimpleField>
<SimpleField type="xsd:string" name="NM_LOCALIDADE">
<displayName>NM_LOCALIDADE</displayName>
</SimpleField>
<SimpleField type="xsd:string" name="LAT_LOCALIDADE">
<displayName>LAT_LOCALIDADE</displayName>
</SimpleField>
<SimpleField type="xsd:string" name="LONG_LOCALIDADE">
<displayName>LONG_LOCALIDADE</displayName>
</SimpleField>
</Schema>
<Schema name="01. Cidade" id="kml_schema_ft_01._Cidade">
<SimpleField type="xsd:string" name="CD_UF">
<displayName>CD_UF</displayName>
</SimpleField>
<SimpleField type="xsd:string" name="NM_UF">
<displayName>NM_UF</displayName>
</SimpleField>
<SimpleField type="xsd:string" name="SIGLA_UF">
<displayName>SIGLA_UF</displayName>
</SimpleField>
<SimpleField type="xsd:string" name="CD_MUN">
<displayName>CD_MUN</displayName>
</SimpleField>
<SimpleField type="xsd:string" name="NM_MUN">
<displayName>NM_MUN</displayName>
</SimpleField>
<SimpleField type="xsd:string" name="CD_RGINT">
<displayName>CD_RGINT</displayName>
</SimpleField>
<SimpleField type="xsd:string" name="NM_RGINT">
<displayName>NM_RGINT</displayName>
</SimpleField>
<SimpleField type="xsd:string" name="CD_RGI">
<displayName>CD_RGI</displayName>
</SimpleField>
<SimpleField type="xsd:string" name="NM_RGI">
<displayName>NM_RGI</displayName>
</SimpleField>
<SimpleField type="xsd:string" name="CT_LOCALIDADE">
<displayName>CT_LOCALIDADE</displayName>
</SimpleField>
<SimpleField type="xsd:string" name="SCT_LOCALIDADE">
<displayName>SCT_LOCALIDADE</displayName>
</SimpleField>
<SimpleField type="xsd:string" name="CD_LOCALIDADE">
<displayName>CD_LOCALIDADE</displayName>
</SimpleField>
<SimpleField type="xsd:string" name="NM_LOCALIDADE">
<displayName>NM_LOCALIDADE</displayName>
</SimpleField>
<SimpleField type="xsd:string" name="LAT_LOCALIDADE">
<displayName>LAT_LOCALIDADE</displayName>
</SimpleField>
<SimpleField type="xsd:string" name="LONG_LOCALIDADE">
<displayName>LONG_LOCALIDADE</displayName>
</SimpleField>
</Schema>
<Schema name="Município" id="kml_schema_ft_Município">
<SimpleField type="xsd:string" name="CD_UF">
<displayName>CD_UF</displayName>
</SimpleField>
<SimpleField type="xsd:string" name="NM_UF">
<displayName>NM_UF</displayName>
</SimpleField>
<SimpleField type="xsd:string" name="CD_MUN">
<displayName>CD_MUN</displayName>
</SimpleField>
<SimpleField type="xsd:string" name="NM_MUN">
<displayName>NM_MUN</displayName>
</SimpleField>
<SimpleField type="xsd:string" name="CD_RGINT">
<displayName>CD_RGINT</displayName>
</SimpleField>
<SimpleField type="xsd:string" name="NM_RGINT">
<displayName>NM_RGINT</displayName>
</SimpleField>
<SimpleField type="xsd:string" name="CD_RGI">
<displayName>CD_RGI</displayName>
</SimpleField>
<SimpleField type="xsd:string" name="NM_RGI">
<displayName>NM_RGI</displayName>
</SimpleField>
</Schema>
<Folder id="01. Cidade">
<name>01. Cidade</name>
<Folder id="01.03. Sede Municipal">
<name>01.03. Sede Municipal</name>
<Placemark id="01.03. Sede Municipal">
<name>Nova Brasilândia [5106208]</name>
<visibility>1</visibility>
<snippet> </snippet>
<description>&lt;center&gt;&lt;table&gt;&lt;tr&gt;&lt;th colspan='2' align='center'&gt;&lt;em&gt;Atributos&lt;/em&gt;&lt;/th&gt;&lt;/tr&gt;&lt;tr bgcolor="#E3E3F3"&gt;
&lt;th&gt;CD_UF&lt;/th&gt;
&lt;td&gt;51&lt;/td&gt;
&lt;/tr&gt;&lt;tr bgcolor=""&gt;
&lt;th&gt;NM_UF&lt;/th&gt;
&lt;td&gt;Mato Grosso&lt;/td&gt;
&lt;/tr&gt;&lt;tr bgcolor="#E3E3F3"&gt;
&lt;th&gt;SIGLA_UF&lt;/th&gt;
&lt;td&gt;MT&lt;/td&gt;
&lt;/tr&gt;&lt;tr bgcolor=""&gt;
&lt;th&gt;CD_MUN&lt;/th&gt;
&lt;td&gt;5106208&lt;/td&gt;
&lt;/tr&gt;&lt;tr bgcolor="#E3E3F3"&gt;
&lt;th&gt;NM_MUN&lt;/th&gt;
&lt;td&gt;Nova Brasilândia&lt;/td&gt;
&lt;/tr&gt;&lt;tr bgcolor=""&gt;
&lt;th&gt;CD_RGINT&lt;/th&gt;
&lt;td&gt;5101&lt;/td&gt;
&lt;/tr&gt;&lt;tr bgcolor="#E3E3F3"&gt;
&lt;th&gt;NM_RGINT&lt;/th&gt;
&lt;td&gt;Cuiabá&lt;/td&gt;
&lt;/tr&gt;&lt;tr bgcolor=""&gt;
&lt;th&gt;CD_RGI&lt;/th&gt;
&lt;td&gt;510001&lt;/td&gt;
&lt;/tr&gt;&lt;tr bgcolor="#E3E3F3"&gt;
&lt;th&gt;NM_RGI&lt;/th&gt;
&lt;td&gt;Cuiabá&lt;/td&gt;
&lt;/tr&gt;&lt;tr bgcolor=""&gt;
&lt;th&gt;CT_LOCALIDADE&lt;/th&gt;
&lt;td&gt;Cidade&lt;/td&gt;
&lt;/tr&gt;&lt;tr bgcolor="#E3E3F3"&gt;
&lt;th&gt;SCT_LOCALIDADE&lt;/th&gt;
&lt;td&gt;Sede Municipal&lt;/td&gt;
&lt;/tr&gt;&lt;tr bgcolor=""&gt;
&lt;th&gt;CD_LOCALIDADE&lt;/th&gt;
&lt;td&gt;5106208&lt;/td&gt;
&lt;/tr&gt;&lt;tr bgcolor="#E3E3F3"&gt;
&lt;th&gt;NM_LOCALIDADE&lt;/th&gt;
&lt;td&gt;Nova Brasilândia&lt;/td&gt;
&lt;/tr&gt;&lt;tr bgcolor=""&gt;
&lt;th&gt;LAT_LOCALIDADE&lt;/th&gt;
&lt;td&gt;-14.9321&lt;/td&gt;
&lt;/tr&gt;&lt;tr bgcolor="#E3E3F3"&gt;
&lt;th&gt;LONG_LOCALIDADE&lt;/th&gt;
&lt;td&gt;-54.9747&lt;/td&gt;
&lt;/tr&gt;&lt;/table&gt;&lt;/center&gt;</description>
<Style>
<IconStyle>
<color>ff00aaff</color>
<scale>1.0</scale>
<Icon>
<href>http://maps.google.com/mapfiles/kml/shapes/placemark_circle.png</href>
</Icon>
</IconStyle>
<LabelStyle>
<scale>1.0</scale>
</LabelStyle>
<LineStyle>
<color>ffffffff</color>
<width>3</width>
<gx:labelVisibility>1</gx:labelVisibility>
</LineStyle>
<PolyStyle>
<color>00ffffff</color>
</PolyStyle>
</Style>
<ExtendedData>
<SchemaData schemaUrl="#kml_schema_ft_01._Cidade">
<SimpleData name="CD_UF">51</SimpleData>
<SimpleData name="NM_UF">Mato Grosso</SimpleData>
<SimpleData name="SIGLA_UF">MT</SimpleData>
<SimpleData name="CD_MUN">5106208</SimpleData>
<SimpleData name="NM_MUN">Nova Brasilândia</SimpleData>
<SimpleData name="CD_RGINT">5101</SimpleData>
<SimpleData name="NM_RGINT">Cuiabá</SimpleData>
<SimpleData name="CD_RGI">510001</SimpleData>
<SimpleData name="NM_RGI">Cuiabá</SimpleData>
<SimpleData name="CT_LOCALIDADE">Cidade</SimpleData>
<SimpleData name="SCT_LOCALIDADE">Sede Municipal</SimpleData>
<SimpleData name="CD_LOCALIDADE">5106208</SimpleData>
<SimpleData name="NM_LOCALIDADE">Nova Brasilândia</SimpleData>
<SimpleData name="LAT_LOCALIDADE">-14.9321</SimpleData>
<SimpleData name="LONG_LOCALIDADE">-54.9747</SimpleData>
</SchemaData>
</ExtendedData>
<Point>
<extrude>0</extrude>
<coordinates>-54.9747,-14.9320999995287,0.0</coordinates>
</Point>
</Placemark>
</Folder>
</Folder>
<Folder id="04. Vilas">
<name>04. Vilas</name>
<Placemark id="04. Vilas">
<name>Riolândia [510620810]</name>
<visibility>1</visibility>
<snippet> </snippet>
<description>&lt;center&gt;&lt;table&gt;&lt;tr&gt;&lt;th colspan='2' align='center'&gt;&lt;em&gt;Atributos&lt;/em&gt;&lt;/th&gt;&lt;/tr&gt;&lt;tr bgcolor="#E3E3F3"&gt;
&lt;th&gt;CD_UF&lt;/th&gt;
&lt;td&gt;51&lt;/td&gt;
&lt;/tr&gt;&lt;tr bgcolor=""&gt;
&lt;th&gt;NM_UF&lt;/th&gt;
&lt;td&gt;Mato Grosso&lt;/td&gt;
&lt;/tr&gt;&lt;tr bgcolor="#E3E3F3"&gt;
&lt;th&gt;SIGLA_UF&lt;/th&gt;
&lt;td&gt;MT&lt;/td&gt;
&lt;/tr&gt;&lt;tr bgcolor=""&gt;
&lt;th&gt;CD_MUN&lt;/th&gt;
&lt;td&gt;5106208&lt;/td&gt;
&lt;/tr&gt;&lt;tr bgcolor="#E3E3F3"&gt;
&lt;th&gt;NM_MUN&lt;/th&gt;
&lt;td&gt;Nova Brasilândia&lt;/td&gt;
&lt;/tr&gt;&lt;tr bgcolor=""&gt;
&lt;th&gt;CD_RGINT&lt;/th&gt;
&lt;td&gt;5101&lt;/td&gt;
&lt;/tr&gt;&lt;tr bgcolor="#E3E3F3"&gt;
&lt;th&gt;NM_RGINT&lt;/th&gt;
&lt;td&gt;Cuiabá&lt;/td&gt;
&lt;/tr&gt;&lt;tr bgcolor=""&gt;
&lt;th&gt;CD_RGI&lt;/th&gt;
&lt;td&gt;510001&lt;/td&gt;
&lt;/tr&gt;&lt;tr bgcolor="#E3E3F3"&gt;
&lt;th&gt;NM_RGI&lt;/th&gt;
&lt;td&gt;Cuiabá&lt;/td&gt;
&lt;/tr&gt;&lt;tr bgcolor=""&gt;
&lt;th&gt;CT_LOCALIDADE&lt;/th&gt;
&lt;td&gt;Vila&lt;/td&gt;
&lt;/tr&gt;&lt;tr bgcolor="#E3E3F3"&gt;
&lt;th&gt;CD_LOCALIDADE&lt;/th&gt;
&lt;td&gt;510620810&lt;/td&gt;
&lt;/tr&gt;&lt;tr bgcolor=""&gt;
&lt;th&gt;NM_LOCALIDADE&lt;/th&gt;
&lt;td&gt;Riolândia&lt;/td&gt;
&lt;/tr&gt;&lt;tr bgcolor="#E3E3F3"&gt;
&lt;th&gt;LAT_LOCALIDADE&lt;/th&gt;
&lt;td&gt;-14.7511&lt;/td&gt;
&lt;/tr&gt;&lt;tr bgcolor=""&gt;
&lt;th&gt;LONG_LOCALIDADE&lt;/th&gt;
&lt;td&gt;-54.969&lt;/td&gt;
&lt;/tr&gt;&lt;/table&gt;&lt;/center&gt;</description>
<Style>
<IconStyle>
<color>ffff5400</color>
<scale>1.0</scale>
<Icon>
<href>http://maps.google.com/mapfiles/kml/shapes/placemark_circle.png</href>
</Icon>
</IconStyle>
<LabelStyle>
<scale>0.9</scale>
</LabelStyle>
<LineStyle>
<color>72ffffff</color>
<width>1.0</width>
<gx:labelVisibility>1</gx:labelVisibility>
</LineStyle>
<PolyStyle>
<color>660054ff</color>
</PolyStyle>
</Style>
<ExtendedData>
<SchemaData schemaUrl="#kml_schema_ft_Vilas">
<SimpleData name="CD_UF">51</SimpleData>
<SimpleData name="NM_UF">Mato Grosso</SimpleData>
<SimpleData name="SIGLA_UF">MT</SimpleData>
<SimpleData name="CD_MUN">5106208</SimpleData>
<SimpleData name="NM_MUN">Nova Brasilândia</SimpleData>
<SimpleData name="CD_RGINT">5101</SimpleData>
<SimpleData name="NM_RGINT">Cuiabá</SimpleData>
<SimpleData name="CD_RGI">510001</SimpleData>
<SimpleData name="NM_RGI">Cuiabá</SimpleData>
<SimpleData name="CT_LOCALIDADE">Vila</SimpleData>
<SimpleData name="CD_LOCALIDADE">510620810</SimpleData>
<SimpleData name="NM_LOCALIDADE">Riolândia</SimpleData>
<SimpleData name="LAT_LOCALIDADE">-14.7511</SimpleData>
<SimpleData name="LONG_LOCALIDADE">-54.969</SimpleData>
</SchemaData>
</ExtendedData>
<Point>
<extrude>0</extrude>
<coordinates>-54.969047,-14.7511159995339,0.0</coordinates>
</Point>
</Placemark>
</Folder>
<Folder id="08. Lugarejos">
<name>08. Lugarejos</name>
<Placemark id="localidades">
<name>Assentamento Serra Azul [510620800001]</name>
<visibility>1</visibility>
<snippet> </snippet>
<description>&lt;center&gt;&lt;table&gt;&lt;tr&gt;&lt;th colspan='2' align='center'&gt;&lt;em&gt;Attributes&lt;/em&gt;&lt;/th&gt;&lt;/tr&gt;&lt;tr bgcolor="#E3E3F3"&gt;
&lt;th&gt;CD_UF&lt;/th&gt;
&lt;td&gt;51&lt;/td&gt;
&lt;/tr&gt;&lt;tr bgcolor=""&gt;
&lt;th&gt;NM_UF&lt;/th&gt;
&lt;td&gt;Mato Grosso&lt;/td&gt;
&lt;/tr&gt;&lt;tr bgcolor="#E3E3F3"&gt;
&lt;th&gt;SIGLA_UF&lt;/th&gt;
&lt;td&gt;MT&lt;/td&gt;
&lt;/tr&gt;&lt;tr bgcolor=""&gt;
&lt;th&gt;CD_MUN&lt;/th&gt;
&lt;td&gt;5106208&lt;/td&gt;
&lt;/tr&gt;&lt;tr bgcolor="#E3E3F3"&gt;
&lt;th&gt;NM_MUN&lt;/th&gt;
&lt;td&gt;Nova Brasilândia&lt;/td&gt;
&lt;/tr&gt;&lt;tr bgcolor=""&gt;
&lt;th&gt;CD_RGINT&lt;/th&gt;
&lt;td&gt;5101&lt;/td&gt;
&lt;/tr&gt;&lt;tr bgcolor="#E3E3F3"&gt;
&lt;th&gt;NM_RGINT&lt;/th&gt;
&lt;td&gt;Cuiabá&lt;/td&gt;
&lt;/tr&gt;&lt;tr bgcolor=""&gt;
&lt;th&gt;CD_RGI&lt;/th&gt;
&lt;td&gt;510001&lt;/td&gt;
&lt;/tr&gt;&lt;tr bgcolor="#E3E3F3"&gt;
&lt;th&gt;NM_RGI&lt;/th&gt;
&lt;td&gt;Cuiabá&lt;/td&gt;
&lt;/tr&gt;&lt;tr bgcolor=""&gt;
&lt;th&gt;CT_LOCALIDADE&lt;/th&gt;
&lt;td&gt;Lugarejo&lt;/td&gt;
&lt;/tr&gt;&lt;tr bgcolor="#E3E3F3"&gt;
&lt;th&gt;CD_LOCALIDADE&lt;/th&gt;
&lt;td&gt;510620800001&lt;/td&gt;
&lt;/tr&gt;&lt;tr bgcolor=""&gt;
&lt;th&gt;NM_LOCALIDADE&lt;/th&gt;
&lt;td&gt;Assentamento Serra Azul&lt;/td&gt;
&lt;/tr&gt;&lt;tr bgcolor="#E3E3F3"&gt;
&lt;th&gt;LAT_LOCALIDADE&lt;/th&gt;
&lt;td&gt;-14.7195&lt;/td&gt;
&lt;/tr&gt;&lt;tr bgcolor=""&gt;
&lt;th&gt;LONG_LOCALIDADE&lt;/th&gt;
&lt;td&gt;-54.9409&lt;/td&gt;
&lt;/tr&gt;&lt;/table&gt;&lt;/center&gt;</description>
<Style>
<IconStyle>
<color>ffffff00</color>
<scale>0.8</scale>
<Icon>
<href>http://maps.google.com/mapfiles/kml/shapes/placemark_circle.png</href>
</Icon>
</IconStyle>
<LabelStyle>
<scale>0.8</scale>
</LabelStyle>
<LineStyle>
<color>72ff54ff</color>
<width>1.0</width>
<gx:labelVisibility>1</gx:labelVisibility>
</LineStyle>
<PolyStyle>
<color>66ff54ff</color>
</PolyStyle>
</Style>
<ExtendedData>
<SchemaData schemaUrl="#kml_schema_ft_Lugarejos">
<SimpleData name="CD_UF">51</SimpleData>
<SimpleData name="NM_UF">Mato Grosso</SimpleData>
<SimpleData name="SIGLA_UF">MT</SimpleData>
<SimpleData name="CD_MUN">5106208</SimpleData>
<SimpleData name="NM_MUN">Nova Brasilândia</SimpleData>
<SimpleData name="CD_RGINT">5101</SimpleData>
<SimpleData name="NM_RGINT">Cuiabá</SimpleData>
<SimpleData name="CD_RGI">510001</SimpleData>
<SimpleData name="NM_RGI">Cuiabá</SimpleData>
<SimpleData name="CT_LOCALIDADE">Lugarejo</SimpleData>
<SimpleData name="CD_LOCALIDADE">510620800001</SimpleData>
<SimpleData name="NM_LOCALIDADE">Assentamento Serra Azul</SimpleData>
<SimpleData name="LAT_LOCALIDADE">-14.7195</SimpleData>
<SimpleData name="LONG_LOCALIDADE">-54.9409</SimpleData>
</SchemaData>
</ExtendedData>
<Point>
<extrude>0</extrude>
<coordinates>-54.9408934153846,-14.7195195533809,0.0</coordinates>
</Point>
</Placemark>
</Folder>
<Folder id="13. Referência">
<name>13. Referência</name>
<Placemark id="13. Referência">
<name>Nova Brasilândia [5106208]</name>
<visibility>1</visibility>
<snippet> </snippet>
<description>&lt;center&gt;&lt;table&gt;&lt;tr&gt;&lt;th colspan='2' align='center'&gt;&lt;em&gt;Attributes&lt;/em&gt;&lt;/th&gt;&lt;/tr&gt;&lt;tr bgcolor="#E3E3F3"&gt;
&lt;th&gt;CD_UF&lt;/th&gt;
&lt;td&gt;51&lt;/td&gt;
&lt;/tr&gt;&lt;tr bgcolor=""&gt;
&lt;th&gt;NM_UF&lt;/th&gt;
&lt;td&gt;Mato Grosso&lt;/td&gt;
&lt;/tr&gt;&lt;tr bgcolor="#E3E3F3"&gt;
&lt;th&gt;CD_MUN&lt;/th&gt;
&lt;td&gt;5106208&lt;/td&gt;
&lt;/tr&gt;&lt;tr bgcolor=""&gt;
&lt;th&gt;NM_MUN&lt;/th&gt;
&lt;td&gt;Nova Brasilândia&lt;/td&gt;
&lt;/tr&gt;&lt;tr bgcolor="#E3E3F3"&gt;
&lt;th&gt;CD_RGINT&lt;/th&gt;
&lt;td&gt;5101&lt;/td&gt;
&lt;/tr&gt;&lt;tr bgcolor=""&gt;
&lt;th&gt;NM_RGINT&lt;/th&gt;
&lt;td&gt;Cuiabá&lt;/td&gt;
&lt;/tr&gt;&lt;tr bgcolor="#E3E3F3"&gt;
&lt;th&gt;CD_RGI&lt;/th&gt;
&lt;td&gt;510001&lt;/td&gt;
&lt;/tr&gt;&lt;tr bgcolor=""&gt;
&lt;th&gt;NM_RGI&lt;/th&gt;
&lt;td&gt;Cuiabá&lt;/td&gt;
&lt;/tr&gt;&lt;/table&gt;&lt;/center&gt;</description>
<Style>
<IconStyle>
<scale>0.7</scale>
</IconStyle>
<LabelStyle>
<scale>0.7</scale>
</LabelStyle>
<LineStyle>
<color>ffffffff</color>
<width>3</width>
<gx:labelVisibility>1</gx:labelVisibility>
</LineStyle>
<PolyStyle>
<color>00ffffff</color>
</PolyStyle>
</Style>
<ExtendedData>
<SchemaData schemaUrl="#kml_schema_ft_Município">
<SimpleData name="CD_UF">51</SimpleData>
<SimpleData name="NM_UF">Mato Grosso</SimpleData>
<SimpleData name="CD_MUN">5106208</SimpleData>
<SimpleData name="NM_MUN">Nova Brasilândia</SimpleData>
<SimpleData name="CD_RGINT">5101</SimpleData>
<SimpleData name="NM_RGINT">Cuiabá</SimpleData>
<SimpleData name="CD_RGI">510001</SimpleData>
<SimpleData name="NM_RGI">Cuiabá</SimpleData>
</SchemaData>
</ExtendedData>
<MultiGeometry>
<Polygon>
<extrude>0</extrude>
<tessellate>1</tessellate>
<outerBoundaryIs>
<LinearRing>
<coordinates>-55.357305,-14.8204864995319,0.0 -55.3576058,-14.8205494995319,0.0 -55.3583881,-14.8207850995319,0.0 -55.3595941,-14.8216548995319,0.0 -55.3596748,-14.8217130995319,0.0 -55.360328,-14.8219961995318,0.0 -55.3645161,-14.8229281995318,0.0 -55.3662267,-14.8233088995318,0.0 -55.3687654,-14.8238737995318,0.0 -55.3694212,-14.8242549995318,0.0 -55.3696676,-14.8245121995318,0.0 -55.3697768,-14.8247157995318,0.0 -55.3699727,-14.8250809995318,0.0 -55.3699867,-14.8252888995317,0.0 -55.3700427,-14.8261198995317,0.0 -55.3698749,-14.8267575995317,0.0 -55.3697042,-14.8269843995317,0.0 -55.3696414,-14.8270678995317,0.0 -55.3693013,-14.8273203995317,0.0 -55.3692869,-14.8273267995317,0.0 -55.3687496,-14.8275681995317,0.0 -55.3679595,-14.8277710995317,0.0 -55.3665173,-14.8281412995317,0.0 -55.3649117,-14.8288061995316,0.0 -55.3636113,-14.8296321995316,0.0 -55.3633501,-14.8299226995316,0.0 -55.3632153,-14.8302880995316,0.0 -55.3632412,-14.8306495995316,0.0 -55.3633596,-14.8308338995316,0.0 -55.3637253,-14.8310871995316,0.0 -55.3645222,-14.8312109995316,0.0 -55.3658257,-14.8312513995316,0.0 -55.3661695,-14.8312620995316,0.0 -55.3684253,-14.8315575995316,0.0 -55.3691389,-14.8317120995316,0.0 -55.3693003,-14.8317469995316,0.0 -55.3699673,-14.8321446995316,0.0 -55.3703515,-14.8325646995315,0.0 -55.3706589,-14.8331022995315,0.0 -55.3708788,-14.8338396995315,0.0 -55.3707405,-14.8342915995315,0.0 -55.3695486,-14.8354695995315,0.0 -55.3692698,-14.8360547995314,0.0 -55.3692094,-14.8364473995314,0.0 -55.3691005,-14.8371558995314,0.0 -55.3690816,-14.8384288995314,0.0 -55.3691698,-14.8390415995314,0.0 -55.3693683,-14.8392573995313,0.0 -55.3697772,-14.8393907995313,0.0 -55.3698086,-14.8394010995313,0.0 -55.3704301,-14.8393918995313,0.0 -55.3718351,-14.8390011995314,0.0 -55.3724771,-14.8387224995314,0.0 -55.3731722,-14.8382014995314,0.0 -55.3741468,-14.8367332995314,0.0 -55.3750389,-14.8362173995314,0.0 -55.3761594,-14.8355693995315,0.0 -55.3766441,-14.8352891995315,0.0 -55.3769995,-14.8352039995315,0.0 -55.3777136,-14.8350328995315,0.0 -55.3782216,-14.8351001995315,0.0 -55.3782589,-14.8351050995315,0.0 -55.3783965,-14.8351233995315,0.0 -55.3791079,-14.8353493995315,0.0 -55.3795123,-14.8356104995314,0.0 -55.3795742,-14.8356504995314,0.0 -55.3796575,-14.8357042995314,0.0 -55.3801644,-14.8360274995314,0.0 -55.3802411,-14.8361017995314,0.0 -55.3804642,-14.8363177995314,0.0 -55.380602,-14.8364515995314,0.0 -55.3806189,-14.8364679995314,0.0 -55.3808414,-14.8366837995314,0.0 -55.3812518,-14.8370673995314,0.0 -55.3815644,-14.8373043995314,0.0 -55.3816159,-14.8373433995314,0.0 -55.3821043,-14.8376780995314,0.0 -55.3822496,-14.8377158995314,0.0 -55.3823643,-14.8377456995314,0.0 -55.3829715,-14.8379037995314,0.0 -55.383456,-14.8379030995314,0.0 -55.3835099,-14.8378958995314,0.0 -55.3840236,-14.8378274995314,0.0 -55.3844704,-14.8376245995314,0.0 -55.3848776,-14.8371939995314,0.0 -55.3850672,-14.8366596995314,0.0 -55.3853292,-14.8359211995314,0.0 -55.3853798,-14.8357784995314,0.0 -55.3855968,-14.8354360995315,0.0 -55.3870156,-14.8340107995315,0.0 -55.3875553,-14.8336531995315,0.0 -55.3882253,-14.8335918995315,0.0 -55.3890646,-14.8338853995315,0.0 -55.3894935,-14.8342630995315,0.0 -55.3897677,-14.8347387995315,0.0 -55.3898188,-14.8348274995315,0.0 -55.3905401,-14.8379131995314,0.0 -55.3910039,-14.8389296995314,0.0 -55.3917304,-14.8397999995313,0.0 -55.3921182,-14.8400236995313,0.0 -55.3926511,-14.8401258995313,0.0 -55.3944208,-14.8400182995313,0.0 -55.3945844,-14.8400083995313,0.0 -55.3956447,-14.8397018995313,0.0 -55.3961742,-14.8391035995314,0.0 -55.3966873,-14.8387378995314,0.0 -55.3970449,-14.8386745995314,0.0 -55.3974191,-14.8387517995314,0.0 -55.3974333,-14.8387546995314,0.0 -55.3977036,-14.8390467995314,0.0 -55.3978419,-14.8393533995313,0.0 -55.3982719,-14.8403064995313,0.0 -55.3991931,-14.8432748995312,0.0 -55.3995473,-14.8436757995312,0.0 -55.4004107,-14.8439911995312,0.0 -55.401201,-14.8440250995312,0.0 -55.4022191,-14.8437498995312,0.0 -55.402691,-14.8434368995312,0.0 -55.4029531,-14.8431163995312,0.0 -55.4034639,-14.8424918995313,0.0 -55.4038999,-14.8421696995313,0.0 -55.4042111,-14.8420750995313,0.0 -55.4055447,-14.8421873995313,0.0 -55.4057453,-14.8422226995313,0.0 -55.410193,-14.8430052995312,0.0 -55.4110521,-14.8430759995312,0.0 -55.4130573,-14.8431230995312,0.0 -55.4158384,-14.8437117995312,0.0 -55.4159336,-14.8437319995312,0.0 -55.4171529,-14.8438047995312,0.0 -55.4184536,-14.8434662995312,0.0 -55.4195234,-14.8427090995312,0.0 -55.4198242,-14.8425528995313,0.0 -55.420148,-14.8423847995313,0.0 -55.4210278,-14.8423476995313,0.0 -55.4215869,-14.8425201995313,0.0 -55.42194,-14.8427960995312,0.0 -55.422343,-14.8434640995312,0.0 -55.4227616,-14.8445846995312,0.0 -55.4230247,-14.8452885995312,0.0 -55.4232647,-14.8456284995312,0.0 -55.4240495,-14.8463878995311,0.0 -55.4241812,-14.8466523995311,0.0 -55.424108,-14.8470275995311,0.0 -55.4239039,-14.8473896995311,0.0 -55.4232703,-14.8479374995311,0.0 -55.4227991,-14.8483447995311,0.0 -55.4217873,-14.8496147995311,0.0 -55.4215285,-14.850067399531,0.0 -55.4213138,-14.850812199531,0.0 -55.4213135,-14.851210899531,0.0 -55.4213754,-14.851801599531,0.0 -55.4215869,-14.852457699531,0.0 -55.4220224,-14.853123199531,0.0 -55.4223004,-14.8533400995309,0.0 -55.4228598,-14.8535064995309,0.0 -55.4234971,-14.8535221995309,0.0 -55.4247413,-14.8533692995309,0.0 -55.4257762,-14.8532421995309,0.0 -55.4298983,-14.852491899531,0.0 -55.4318309,-14.852610299531,0.0 -55.4327349,-14.852859699531,0.0 -55.4331655,-14.8531062995309,0.0 -55.4335627,-14.8533338995309,0.0 -55.4343783,-14.8539573995309,0.0 -55.4348773,-14.8546461995309,0.0 -55.435438,-14.8554310995309,0.0 -55.4357727,-14.8558996995309,0.0 -55.4366416,-14.8564244995309,0.0 -55.4410522,-14.8580459995308,0.0 -55.441904,-14.8582753995308,0.0 -55.4446083,-14.8590036995308,0.0 -55.4453248,-14.8593543995308,0.0 -55.4462629,-14.8601123995307,0.0 -55.4471944,-14.8608650995307,0.0 -55.4483384,-14.8616835995307,0.0 -55.452918,-14.8638957995306,0.0 -55.4538239,-14.8642400995306,0.0 -55.4544646,-14.8644835995306,0.0 -55.4565475,-14.8652752995306,0.0 -55.4569604,-14.8656511995306,0.0 -55.4572854,-14.8663005995306,0.0 -55.4573758,-14.8666738995306,0.0 -55.4579232,-14.8689345995305,0.0 -55.4582537,-14.8693948995305,0.0 -55.4586271,-14.8696619995305,0.0 -55.4592075,-14.8698060995305,0.0 -55.4598943,-14.8697722995305,0.0 -55.4604776,-14.8695765995305,0.0 -55.4612884,-14.8690770995305,0.0 -55.461342,-14.8690440995305,0.0 -55.4623598,-14.8688817995305,0.0 -55.463015,-14.8689548995305,0.0 -55.464207,-14.8693229995305,0.0 -55.4663127,-14.8694488995305,0.0 -55.4669189,-14.8695573995305,0.0 -55.4677333,-14.8696812995305,0.0 -55.4677978,-14.8696910995305,0.0 -55.4687086,-14.8698295995305,0.0 -55.4691244,-14.8697237995305,0.0 -55.4700722,-14.8691854995305,0.0 -55.4706633,-14.8688497995305,0.0 -55.471838,-14.8684784995305,0.0 -55.4723813,-14.8684990995305,0.0 -55.4729634,-14.8686686995305,0.0 -55.473006,-14.8686810995305,0.0 -55.4736717,-14.8688750995305,0.0 -55.4740771,-14.8689195995305,0.0 -55.4745506,-14.8688367995305,0.0 -55.4756255,-14.8684271995305,0.0 -55.4766386,-14.8683265995305,0.0 -55.4779585,-14.8685261995305,0.0 -55.4791878,-14.8687121995305,0.0 -55.4794637,-14.8687538995305,0.0 -55.4803845,-14.8691089995305,0.0 -55.48128,-14.8695748995305,0.0 -55.4828606,-14.8705119995304,0.0 -55.4833958,-14.8709474995304,0.0 -55.4834087,-14.8709608995304,0.0 -55.4845257,-14.8721254995304,0.0 -55.4850065,-14.8729187995304,0.0 -55.4853503,-14.8732769995304,0.0 -55.4859947,-14.8736890995304,0.0 -55.4876257,-14.8742617995303,0.0 -55.4884443,-14.8745490995303,0.0 -55.4890362,-14.8748414995303,0.0 -55.4901064,-14.8756345995303,0.0 -55.4907805,-14.8765641995303,0.0 -55.491503,-14.8779443995302,0.0 -55.4918519,-14.8782575995302,0.0 -55.4923171,-14.8785003995302,0.0 -55.4928304,-14.8786038995302,0.0 -55.4936409,-14.8784145995302,0.0 -55.494383,-14.8778310995302,0.0 -55.4945798,-14.8774919995303,0.0 -55.4945946,-14.8767438995303,0.0 -55.4946021,-14.8763690995303,0.0 -55.494759,-14.8757154995303,0.0 -55.495036,-14.8753874995303,0.0 -55.4955323,-14.8751601995303,0.0 -55.4966842,-14.8751150995303,0.0 -55.4974149,-14.8752421995303,0.0 -55.4990548,-14.8760870995303,0.0 -55.5004879,-14.8767064995303,0.0 -55.5009751,-14.8768073995303,0.0 -55.5017596,-14.8766640995303,0.0 -55.5025847,-14.8763136995303,0.0 -55.5026245,-14.8762798995303,0.0 -55.5030574,-14.8759123995303,0.0 -55.5037493,-14.8753506995303,0.0 -55.5047451,-14.8748721995303,0.0 -55.5083078,-14.8743260995303,0.0 -55.5089484,-14.8741649995303,0.0 -55.5104809,-14.8735324995304,0.0 -55.5120569,-14.8726991995304,0.0 -55.5139609,-14.8718714995304,0.0 -55.5147843,-14.8717323995304,0.0 -55.5156154,-14.8717050995304,0.0 -55.517446,-14.8719749995304,0.0 -55.5200159,-14.8726589995304,0.0 -55.5219025,-14.8732967995304,0.0 -55.5228282,-14.8732780995304,0.0 -55.524326,-14.8730481995304,0.0 -55.5253938,-14.8731199995304,0.0 -55.5259047,-14.8733890995304,0.0 -55.5262751,-14.8737596995304,0.0 -55.5264522,-14.8740696995303,0.0 -55.5266398,-14.8747208995303,0.0 -55.5266427,-14.8747613995303,0.0 -55.5267058,-14.8756456995303,0.0 -55.5268639,-14.8762530995303,0.0 -55.527138,-14.8767629995303,0.0 -55.5276026,-14.8772382995303,0.0 -55.5283976,-14.8776263995302,0.0 -55.529069,-14.8777139995302,0.0 -55.5297655,-14.8775884995303,0.0 -55.530473,-14.8771742995303,0.0 -55.5305705,-14.8770901995303,0.0 -55.5310714,-14.8766579995303,0.0 -55.5313771,-14.8765249995303,0.0 -55.5334607,-14.8763406995303,0.0 -55.5336792,-14.8763213995303,0.0 -55.5374825,-14.8751130995303,0.0 -55.5380749,-14.8747495995303,0.0 -55.5384827,-14.8743431995303,0.0 -55.5386297,-14.8740023995304,0.0 -55.5385991,-14.8734233995304,0.0 -55.5382522,-14.8729633995304,0.0 -55.5365611,-14.8717020995304,0.0 -55.5356848,-14.8709221995304,0.0 -55.5352388,-14.8703782995305,0.0 -55.5349364,-14.8700094995305,0.0 -55.5346044,-14.8693497995305,0.0 -55.5342416,-14.8682198995305,0.0 -55.5340541,-14.8671985995305,0.0 -55.5340716,-14.8662305995306,0.0 -55.5343868,-14.8650926995306,0.0 -55.5347388,-14.8642634995306,0.0 -55.5354069,-14.8631989995307,0.0 -55.5359883,-14.8625218995307,0.0 -55.5380291,-14.8601451995307,0.0 -55.5384127,-14.8594405995308,0.0 -55.5386241,-14.8592669995308,0.0 -55.5397377,-14.8577595995308,0.0 -55.5406044,-14.8569910995308,0.0 -55.541281,-14.8567991995308,0.0 -55.5416718,-14.8568289995308,0.0 -55.5419979,-14.8569710995308,0.0 -55.5424484,-14.8573635995308,0.0 -55.5427938,-14.8578163995308,0.0 -55.5432725,-14.8590125995308,0.0 -55.543583,-14.8597884995308,0.0 -55.5444181,-14.8610937995307,0.0 -55.5449725,-14.8630834995307,0.0 -55.5452182,-14.8636249995307,0.0 -55.545754,-14.8643363995306,0.0 -55.5462081,-14.8646169995306,0.0 -55.5465913,-14.8646861995306,0.0 -55.5473426,-14.8644142995306,0.0 -55.547771,-14.8639775995306,0.0 -55.5480641,-14.8634603995306,0.0 -55.5482671,-14.8628707995307,0.0 -55.5486241,-14.8618339995307,0.0 -55.5490048,-14.8613243995307,0.0 -55.5500218,-14.8599628995308,0.0 -55.5508362,-14.8585949995308,0.0 -55.5509942,-14.8583295995308,0.0 -55.5515721,-14.8575333995308,0.0 -55.552139,-14.8570328995308,0.0 -55.5528684,-14.8567011995308,0.0 -55.5535819,-14.8566582995308,0.0 -55.5544614,-14.8568289995308,0.0 -55.5551409,-14.8573103995308,0.0 -55.5558452,-14.8581992995308,0.0 -55.5561606,-14.8588544995308,0.0 -55.5563983,-14.8593480995308,0.0 -55.5568787,-14.8607226995307,0.0 -55.5573091,-14.8614568995307,0.0 -55.557746,-14.8618812995307,0.0 -55.5590705,-14.8627961995307,0.0 -55.5596205,-14.8635648995307,0.0 -55.5596909,-14.8636325995306,0.0 -55.560186,-14.8641085995306,0.0 -55.5608848,-14.8645696995306,0.0 -55.5609179,-14.8645915995306,0.0 -55.5618931,-14.8650346995306,0.0 -55.562292,-14.8653046995306,0.0 -55.5631194,-14.8662144995306,0.0 -55.5632549,-14.8663634995306,0.0 -55.5638032,-14.8671193995305,0.0 -55.5640246,-14.8676025995305,0.0 -55.5652096,-14.8688621995305,0.0 -55.5657868,-14.8693601995305,0.0 -55.567038,-14.8701401995305,0.0 -55.5675777,-14.8702882995305,0.0 -55.5679886,-14.8701800995305,0.0 -55.5682558,-14.8699530995305,0.0 -55.5690836,-14.8684883995305,0.0 -55.5694035,-14.8680803995305,0.0 -55.5694243,-14.8680538995305,0.0 -55.569875,-14.8677459995305,0.0 -55.570303,-14.8676727995305,0.0 -55.5725112,-14.8683195995305,0.0 -55.5733654,-14.8687067995305,0.0 -55.5741636,-14.8693329995305,0.0 -55.5755381,-14.8707650995304,0.0 -55.576902,-14.8719544995304,0.0 -55.5770346,-14.8719850995304,0.0 -55.5773018,-14.8720542995304,0.0 -55.5782296,-14.8722946995304,0.0 -55.5789785,-14.8722638995304,0.0 -55.5793812,-14.8721270995304,0.0 -55.5801341,-14.8717196995304,0.0 -55.5807543,-14.8711454995304,0.0 -55.5810047,-14.8707380995304,0.0 -55.5811735,-14.8700631995305,0.0 -55.581197,-14.8693395995305,0.0 -55.5811076,-14.8686928995305,0.0 -55.5808531,-14.8668511995306,0.0 -55.5811368,-14.8655421995306,0.0 -55.5817501,-14.8643265995306,0.0 -55.5828493,-14.8626244995307,0.0 -55.5830447,-14.8624187995307,0.0 -55.5837524,-14.8616737995307,0.0 -55.583822,-14.8616005995307,0.0 -55.5843273,-14.8612021995307,0.0 -55.5851149,-14.8608816995307,0.0 -55.5860089,-14.8606593995307,0.0 -55.588043,-14.8601534995308,0.0 -55.588518,-14.8598036995308,0.0 -55.5886136,-14.8594413995308,0.0 -55.5877768,-14.8593162995308,0.0 -55.5872302,-14.8590182995308,0.0 -55.5864712,-14.8586044995308,0.0 -55.5855881,-14.8575735995308,0.0 -55.5851229,-14.8570304995308,0.0 -55.5842121,-14.8554533995309,0.0 -55.5838956,-14.8538422995309,0.0 -55.5827598,-14.8533235995309,0.0 -55.5822886,-14.8531083995309,0.0 -55.58157,-14.852663699531,0.0 -55.5811374,-14.852290299531,0.0 -55.5809405,-14.852055199531,0.0 -55.5802445,-14.851224299531,0.0 -55.579264,-14.849729299531,0.0 -55.57925,-14.849716399531,0.0 -55.5778977,-14.8484586995311,0.0 -55.5774733,-14.8479258995311,0.0 -55.5773987,-14.8476922995311,0.0 -55.577346,-14.8457591995312,0.0 -55.5775843,-14.8453408995312,0.0 -55.5782687,-14.8441396995312,0.0 -55.5784225,-14.8433621995312,0.0 -55.5786227,-14.8423499995313,0.0 -55.5789148,-14.8414957995313,0.0 -55.5792034,-14.8410630995313,0.0 -55.5796805,-14.8406446995313,0.0 -55.5813922,-14.8403399995313,0.0 -55.582814,-14.8401919995313,0.0 -55.5875232,-14.8402048995313,0.0 -55.5884739,-14.8403114995313,0.0 -55.5889624,-14.8404541995313,0.0 -55.5899001,-14.8408635995313,0.0 -55.5903976,-14.8411535995313,0.0 -55.590582,-14.8412610995313,0.0 -55.5909076,-14.8414509995313,0.0 -55.5917928,-14.8418401995313,0.0 -55.5929218,-14.8421575995313,0.0 -55.5940406,-14.8422960995313,0.0 -55.5947548,-14.8422731995313,0.0 -55.5956362,-14.8421347995313,0.0 -55.5961033,-14.8419727995313,0.0 -55.5967849,-14.8415668995313,0.0 -55.597352,-14.8411395995313,0.0 -55.5981485,-14.8405395995313,0.0 -55.5996397,-14.8403985995313,0.0 -55.6000101,-14.8402838995313,0.0 -55.6012081,-14.8394898995313,0.0 -55.6018244,-14.8391889995313,0.0 -55.6019014,-14.8391685995313,0.0 -55.6024952,-14.8390116995314,0.0 -55.603259,-14.8390012995314,0.0 -55.6046453,-14.8391489995314,0.0 -55.6058496,-14.8392773995313,0.0 -55.6065912,-14.8392043995314,0.0 -55.607025,-14.8389642995314,0.0 -55.6075572,-14.8383542995314,0.0 -55.6080944,-14.8377384995314,0.0 -55.6087478,-14.8371549995314,0.0 -55.6093088,-14.8369047995314,0.0 -55.6099057,-14.8368208995314,0.0 -55.6107096,-14.8369221995314,0.0 -55.6123857,-14.8373818995314,0.0 -55.6126503,-14.8374242995314,0.0 -55.6133652,-14.8375388995314,0.0 -55.6149394,-14.8376568995314,0.0 -55.6157335,-14.8376037995314,0.0 -55.61856,-14.8371160995314,0.0 -55.6190972,-14.8370233995314,0.0 -55.6213511,-14.8367830995314,0.0 -55.6225028,-14.8365270995314,0.0 -55.6228346,-14.8364533995314,0.0 -55.6234865,-14.8361426995314,0.0 -55.6240527,-14.8358728995314,0.0 -55.6253208,-14.8345649995315,0.0 -55.6259205,-14.8330054995315,0.0 -55.62611,-14.8325128995315,0.0 -55.6265206,-14.8319572995316,0.0 -55.6267568,-14.8316377995316,0.0 -55.6275107,-14.8314314995316,0.0 -55.6280842,-14.8313766995316,0.0 -55.6284756,-14.8315195995316,0.0 -55.628581,-14.8315978995316,0.0 -55.6288948,-14.8318310995316,0.0 -55.6289029,-14.8318371995316,0.0 -55.6290039,-14.8319720995316,0.0 -55.6293615,-14.8324501995315,0.0 -55.6296687,-14.8330564995315,0.0 -55.6297372,-14.8332853995315,0.0 -55.6302088,-14.8348610995315,0.0 -55.6306066,-14.8354357995315,0.0 -55.6306239,-14.8354477995315,0.0 -55.6310792,-14.8357644995314,0.0 -55.6312205,-14.8357926995314,0.0 -55.6317566,-14.8358997995314,0.0 -55.6325685,-14.8358647995314,0.0 -55.6332413,-14.8356898995315,0.0 -55.6344207,-14.8353833995315,0.0 -55.6356867,-14.8352002995315,0.0 -55.6369098,-14.8354658995315,0.0 -55.6380021,-14.8357030995314,0.0 -55.6385344,-14.8356996995314,0.0 -55.6396895,-14.8353305995315,0.0 -55.6397773,-14.8352779995315,0.0 -55.6402819,-14.8349758995315,0.0 -55.6407473,-14.8346971995315,0.0 -55.6414884,-14.8340769995315,0.0 -55.6434178,-14.8323445995315,0.0 -55.6437028,-14.8320592995316,0.0 -55.645121,-14.8306394995316,0.0 -55.6462249,-14.8297015995316,0.0 -55.6471812,-14.8290380995316,0.0 -55.6496772,-14.8278449995317,0.0 -55.6511978,-14.8268380995317,0.0 -55.6516298,-14.8263156995317,0.0 -55.652235,-14.8245376995318,0.0 -55.6527207,-14.8241282995318,0.0 -55.6519123,-14.8240831995318,0.0 -55.6518903,-14.8240756995318,0.0 -55.6515932,-14.8239740995318,0.0 -55.6511512,-14.8236027995318,0.0 -55.6508251,-14.8233287995318,0.0 -55.6508139,-14.8233194995318,0.0 -55.650631,-14.8229492995318,0.0 -55.6505969,-14.8227295995318,0.0 -55.65056,-14.8224911995318,0.0 -55.6505916,-14.8215657995319,0.0 -55.6509601,-14.8194615995319,0.0 -55.6511291,-14.8184966995319,0.0 -55.6510833,-14.817639899532,0.0 -55.6509084,-14.817295499532,0.0 -55.650849,-14.817178499532,0.0 -55.6508395,-14.817159799532,0.0 -55.6503614,-14.816867599532,0.0 -55.6499766,-14.816738599532,0.0 -55.6498392,-14.816692599532,0.0 -55.6498192,-14.816690899532,0.0 -55.6496836,-14.816679099532,0.0 -55.6493195,-14.816647599532,0.0 -55.6488228,-14.816715399532,0.0 -55.6485118,-14.816880599532,0.0 -55.6481007,-14.817296699532,0.0 -55.6480382,-14.817388499532,0.0 -55.6480237,-14.817409899532,0.0 -55.6479662,-14.817494399532,0.0 -55.6477781,-14.817770899532,0.0 -55.6476292,-14.818219399532,0.0 -55.6475153,-14.8194371995319,0.0 -55.6473978,-14.8196633995319,0.0 -55.6473711,-14.8197147995319,0.0 -55.6471589,-14.8198718995319,0.0 -55.6467355,-14.8199470995319,0.0 -55.6457959,-14.8199163995319,0.0 -55.6449929,-14.8198901995319,0.0 -55.6439008,-14.8201151995319,0.0 -55.6430251,-14.8202956995319,0.0 -55.6423761,-14.8201886995319,0.0 -55.6420557,-14.8198636995319,0.0 -55.6419826,-14.8196997995319,0.0 -55.6420266,-14.8194500995319,0.0 -55.642358,-14.8189905995319,0.0 -55.6429474,-14.8184801995319,0.0 -55.6432283,-14.818236899532,0.0 -55.643344,-14.817957499532,0.0 -55.6432244,-14.817887099532,0.0 -55.6430371,-14.817776599532,0.0 -55.6430148,-14.817763499532,0.0 -55.6428718,-14.817738899532,0.0 -55.6421026,-14.817606299532,0.0 -55.641995,-14.817538499532,0.0 -55.641937,-14.817501999532,0.0 -55.641809,-14.817421299532,0.0 -55.6416219,-14.817111299532,0.0 -55.641657,-14.816689799532,0.0 -55.6416812,-14.816398699532,0.0 -55.6421602,-14.815279899532,0.0 -55.6422471,-14.814972299532,0.0 -55.6423443,-14.814627599532,0.0 -55.6423696,-14.8145010995321,0.0 -55.6424949,-14.8138727995321,0.0 -55.6424636,-14.8131579995321,0.0 -55.6424572,-14.8130118995321,0.0 -55.6422502,-14.8124234995321,0.0 -55.6414222,-14.8108454995322,0.0 -55.64142,-14.8108225995322,0.0 -55.6412497,-14.8091022995322,0.0 -55.6412494,-14.8090994995322,0.0 -55.6410272,-14.8088521995322,0.0 -55.6384854,-14.8060227995323,0.0 -55.6384197,-14.8059213995323,0.0 -55.6383649,-14.8058366995323,0.0 -55.6381454,-14.8054974995323,0.0 -55.6380232,-14.8049231995323,0.0 -55.6382395,-14.8041960995324,0.0 -55.6384042,-14.8036425995324,0.0 -55.6383771,-14.8034779995324,0.0 -55.6383214,-14.8031403995324,0.0 -55.6383136,-14.8030926995324,0.0 -55.6379277,-14.8028768995324,0.0 -55.6377929,-14.8028014995324,0.0 -55.6377032,-14.8027512995324,0.0 -55.6372449,-14.8028426995324,0.0 -55.6372008,-14.8029159995324,0.0 -55.6371115,-14.8030643995324,0.0 -55.6370732,-14.8032076995324,0.0 -55.6368819,-14.8039219995324,0.0 -55.6366017,-14.8041568995324,0.0 -55.636574,-14.8041800995323,0.0 -55.6363169,-14.8040978995323,0.0 -55.635915,-14.8038334995324,0.0 -55.6356213,-14.8036401995324,0.0 -55.6350086,-14.8035011995324,0.0 -55.6348725,-14.8034701995324,0.0 -55.6343855,-14.8033592995324,0.0 -55.6339875,-14.8030148995324,0.0 -55.6339255,-14.8027202995324,0.0 -55.6338948,-14.8025746995324,0.0 -55.6339973,-14.8016427995324,0.0 -55.6338622,-14.8013482995324,0.0 -55.633807,-14.8012280995324,0.0 -55.6337278,-14.8010554995324,0.0 -55.6335382,-14.8009784995324,0.0 -55.6331727,-14.8008302995324,0.0 -55.63156,-14.8007212995325,0.0 -55.6312017,-14.8004857995325,0.0 -55.6308305,-14.8002419995325,0.0 -55.6302945,-14.7994527995325,0.0 -55.6300354,-14.7990714995325,0.0 -55.6298998,-14.7989422995325,0.0 -55.6296503,-14.7987046995325,0.0 -55.6295467,-14.7986059995325,0.0 -55.6293705,-14.7985507995325,0.0 -55.6289047,-14.7984049995325,0.0 -55.628201,-14.7984152995325,0.0 -55.6281235,-14.7984163995325,0.0 -55.6273796,-14.7986288995325,0.0 -55.6273118,-14.7986481995325,0.0 -55.62685,-14.7991072995325,0.0 -55.6267978,-14.7998830995325,0.0 -55.6267553,-14.8005143995325,0.0 -55.6266968,-14.8005829995325,0.0 -55.6264736,-14.8008448995324,0.0 -55.6264514,-14.8008708995324,0.0 -55.6261741,-14.8009036995324,0.0 -55.6260518,-14.8008448995324,0.0 -55.6259319,-14.8007873995324,0.0 -55.6255545,-14.8002491995325,0.0 -55.6252816,-14.7998600995325,0.0 -55.6250997,-14.7995201995325,0.0 -55.6250102,-14.7993529995325,0.0 -55.6247185,-14.7988079995325,0.0 -55.6244213,-14.7977136995325,0.0 -55.624285,-14.7972120995326,0.0 -55.6240551,-14.7967429995326,0.0 -55.6239704,-14.7967228995326,0.0 -55.6238956,-14.7967050995326,0.0 -55.6237627,-14.7966734995326,0.0 -55.6236113,-14.7968006995326,0.0 -55.6234926,-14.7969003995326,0.0 -55.6234142,-14.7973538995325,0.0 -55.6234543,-14.7982874995325,0.0 -55.6232673,-14.7984463995325,0.0 -55.623115,-14.7983782995325,0.0 -55.6229415,-14.7983005995325,0.0 -55.6226733,-14.7980308995325,0.0 -55.6217701,-14.7964077995326,0.0 -55.6217229,-14.7963722995326,0.0 -55.621417,-14.7961420995326,0.0 -55.6213229,-14.7960712995326,0.0 -55.6209375,-14.7959201995326,0.0 -55.620793,-14.7958634995326,0.0 -55.6201252,-14.7957020995326,0.0 -55.6196716,-14.7954809995326,0.0 -55.618396,-14.7939293995326,0.0 -55.6179662,-14.7936315995327,0.0 -55.6172687,-14.7934454995327,0.0 -55.6169125,-14.7933161995327,0.0 -55.6168565,-14.7932958995327,0.0 -55.6164628,-14.7930052995327,0.0 -55.6161102,-14.7927449995327,0.0 -55.6157173,-14.7925546995327,0.0 -55.6142885,-14.7924575995327,0.0 -55.6141428,-14.7924075995327,0.0 -55.6137302,-14.7922657995327,0.0 -55.6136963,-14.7922541995327,0.0 -55.613464,-14.7917920995327,0.0 -55.6134679,-14.7917020995327,0.0 -55.6135071,-14.7908042995327,0.0 -55.613424,-14.7902311995328,0.0 -55.613405,-14.7901975995328,0.0 -55.6131403,-14.7897280995328,0.0 -55.6126446,-14.7893597995328,0.0 -55.6110745,-14.7889424995328,0.0 -55.6109845,-14.7889604995328,0.0 -55.6105407,-14.7890490995328,0.0 -55.6100265,-14.7894814995328,0.0 -55.609739,-14.7897232995328,0.0 -55.6094339,-14.7897882995328,0.0 -55.6091189,-14.7897209995328,0.0 -55.6090179,-14.7895722995328,0.0 -55.6089458,-14.7894660995328,0.0 -55.608817,-14.7892764995328,0.0 -55.6089768,-14.7874830995328,0.0 -55.6088185,-14.7872319995328,0.0 -55.6086436,-14.7871862995328,0.0 -55.6085554,-14.7871632995328,0.0 -55.608137,-14.7873551995328,0.0 -55.6080881,-14.7874164995328,0.0 -55.6075561,-14.7880836995328,0.0 -55.6072091,-14.7883508995328,0.0 -55.6067792,-14.7884517995328,0.0 -55.6057458,-14.7884399995328,0.0 -55.6054524,-14.7885590995328,0.0 -55.605242,-14.7886443995328,0.0 -55.6049827,-14.7889673995328,0.0 -55.6048959,-14.7893103995328,0.0 -55.6049153,-14.7896983995328,0.0 -55.6050753,-14.7901397995328,0.0 -55.6056692,-14.7909751995327,0.0 -55.6060408,-14.7912934995327,0.0 -55.6068186,-14.7919595995327,0.0 -55.6070133,-14.7922337995327,0.0 -55.6071083,-14.7923674995327,0.0 -55.6071233,-14.7925433995327,0.0 -55.6071286,-14.7926045995327,0.0 -55.6070042,-14.7928505995327,0.0 -55.6069858,-14.7928624995327,0.0 -55.606842,-14.7929552995327,0.0 -55.6065982,-14.7931126995327,0.0 -55.6061281,-14.7931694995327,0.0 -55.6057415,-14.7929962995327,0.0 -55.6056867,-14.7929716995327,0.0 -55.6055726,-14.7929205995327,0.0 -55.6047828,-14.7921632995327,0.0 -55.6042154,-14.7914541995327,0.0 -55.6034942,-14.7905528995327,0.0 -55.6031762,-14.7904164995327,0.0 -55.6021393,-14.7899720995328,0.0 -55.6021325,-14.7899539995328,0.0 -55.6020957,-14.7898572995328,0.0 -55.6020063,-14.7896218995328,0.0 -55.6020622,-14.7893905995328,0.0 -55.6023126,-14.7890452995328,0.0 -55.6031512,-14.7882630995328,0.0 -55.6032137,-14.7881342995328,0.0 -55.6031355,-14.7879759995328,0.0 -55.6026481,-14.7877038995328,0.0 -55.6021031,-14.7875822995328,0.0 -55.6008037,-14.7872924995328,0.0 -55.6006988,-14.7872052995328,0.0 -55.6006079,-14.7871297995328,0.0 -55.6005513,-14.7869978995328,0.0 -55.6004614,-14.7867882995329,0.0 -55.6005211,-14.7865582995329,0.0 -55.6013533,-14.7859114995329,0.0 -55.6015832,-14.7856396995329,0.0 -55.6016837,-14.7853462995329,0.0 -55.6016649,-14.7852428995329,0.0 -55.6016213,-14.7850025995329,0.0 -55.6007839,-14.7839093995329,0.0 -55.6007629,-14.7838818995329,0.0 -55.6004101,-14.7836153995329,0.0 -55.6002921,-14.7835813995329,0.0 -55.5998334,-14.7834493995329,0.0 -55.5988685,-14.7833735995329,0.0 -55.5988081,-14.7833468995329,0.0 -55.5987565,-14.7833239995329,0.0 -55.5984215,-14.783175699533,0.0 -55.5982574,-14.782961099533,0.0 -55.5981191,-14.782426599533,0.0 -55.5980968,-14.782367199533,0.0 -55.5978564,-14.781725999533,0.0 -55.5975744,-14.781575499533,0.0 -55.5972654,-14.781577499533,0.0 -55.5968732,-14.781861899533,0.0 -55.5963127,-14.783093599533,0.0 -55.5962218,-14.783293399533,0.0 -55.5957834,-14.7836682995329,0.0 -55.5953307,-14.7837047995329,0.0 -55.5949692,-14.7834905995329,0.0 -55.5946388,-14.7832946995329,0.0 -55.594235,-14.783154499533,0.0 -55.5937915,-14.783091999533,0.0 -55.5937331,-14.783083799533,0.0 -55.5935087,-14.783154599533,0.0 -55.5934797,-14.783163799533,0.0 -55.5932511,-14.7833949995329,0.0 -55.5930009,-14.7838809995329,0.0 -55.5929573,-14.7841507995329,0.0 -55.5927774,-14.7852637995329,0.0 -55.592535,-14.7856915995329,0.0 -55.591748,-14.7861382995329,0.0 -55.5907534,-14.7865008995329,0.0 -55.5900919,-14.7866382995329,0.0 -55.589805,-14.7865968995329,0.0 -55.5896344,-14.7864219995329,0.0 -55.5894876,-14.7859966995329,0.0 -55.5894795,-14.7856462995329,0.0 -55.5898406,-14.7845221995329,0.0 -55.5903608,-14.7835598995329,0.0 -55.5904422,-14.7834092995329,0.0 -55.5904372,-14.7833812995329,0.0 -55.5904174,-14.7832707995329,0.0 -55.5903677,-14.782993099533,0.0 -55.5901987,-14.782815099533,0.0 -55.5898618,-14.782662299533,0.0 -55.5885569,-14.782722599533,0.0 -55.5883673,-14.782731399533,0.0 -55.5878615,-14.782652999533,0.0 -55.5874893,-14.782468899533,0.0 -55.5873687,-14.782307699533,0.0 -55.5871917,-14.782071099533,0.0 -55.5871428,-14.782005699533,0.0 -55.586956,-14.781473499533,0.0 -55.5867566,-14.7794412995331,0.0 -55.5867343,-14.7792140995331,0.0 -55.5867117,-14.7791701995331,0.0 -55.5865341,-14.7788245995331,0.0 -55.5862137,-14.7785954995331,0.0 -55.5861295,-14.7785352995331,0.0 -55.586071,-14.7785301995331,0.0 -55.5856972,-14.7784973995331,0.0 -55.585273,-14.7787762995331,0.0 -55.5849251,-14.7793773995331,0.0 -55.5848642,-14.7795509995331,0.0 -55.584466,-14.780685599533,0.0 -55.584236,-14.780993499533,0.0 -55.5841538,-14.781103499533,0.0 -55.5836958,-14.781183399533,0.0 -55.5836344,-14.781194099533,0.0 -55.5831076,-14.780810199533,0.0 -55.5827706,-14.780311599533,0.0 -55.5824089,-14.780037299533,0.0 -55.5809285,-14.779978199533,0.0 -55.580727,-14.779970199533,0.0 -55.5803931,-14.7797888995331,0.0 -55.5802404,-14.7795935995331,0.0 -55.5796764,-14.7786599995331,0.0 -55.5794379,-14.7784466995331,0.0 -55.5789698,-14.7780280995331,0.0 -55.5786745,-14.7778857995331,0.0 -55.5785063,-14.7778046995331,0.0 -55.5770936,-14.7775581995331,0.0 -55.5763821,-14.7773308995331,0.0 -55.5756556,-14.7768789995331,0.0 -55.5746185,-14.7762337995332,0.0 -55.5744711,-14.7761971995332,0.0 -55.5743967,-14.7761787995332,0.0 -55.5741772,-14.7761242995332,0.0 -55.5736941,-14.7763361995332,0.0 -55.5734036,-14.7767156995331,0.0 -55.5733004,-14.7768504995331,0.0 -55.5732602,-14.7769199995331,0.0 -55.572823,-14.7776754995331,0.0 -55.57279,-14.7777913995331,0.0 -55.572571,-14.7785592995331,0.0 -55.5722718,-14.7791704995331,0.0 -55.5719778,-14.7792648995331,0.0 -55.5714634,-14.7791990995331,0.0 -55.571082,-14.7789759995331,0.0 -55.5704592,-14.7782472995331,0.0 -55.5700784,-14.7778016995331,0.0 -55.5690177,-14.7773115995331,0.0 -55.5686008,-14.7769281995331,0.0 -55.5684181,-14.7757883995332,0.0 -55.5682707,-14.7755367995332,0.0 -55.5681404,-14.7753144995332,0.0 -55.5680825,-14.7752156995332,0.0 -55.5679366,-14.7749666995332,0.0 -55.5675885,-14.7743726995332,0.0 -55.567432,-14.7738904995332,0.0 -55.5661754,-14.7724659995333,0.0 -55.565531,-14.7718850995333,0.0 -55.5649124,-14.7714091995333,0.0 -55.5643889,-14.7710998995333,0.0 -55.564032,-14.7709332995333,0.0 -55.5634133,-14.7705763995333,0.0 -55.5626519,-14.7701004995333,0.0 -55.5617715,-14.7696245995333,0.0 -55.5611052,-14.7693628995334,0.0 -55.5608401,-14.7692245995334,0.0 -55.560558,-14.7690773995334,0.0 -55.5599393,-14.7688155995334,0.0 -55.5594634,-14.7685538995334,0.0 -55.5591303,-14.7683396995334,0.0 -55.5585116,-14.7680541995334,0.0 -55.5578216,-14.7678162995334,0.0 -55.5571616,-14.7676913995334,0.0 -55.5569412,-14.7676496995334,0.0 -55.556037,-14.7676496995334,0.0 -55.5543714,-14.7676972995334,0.0 -55.5534351,-14.7677843995334,0.0 -55.5527295,-14.7677210995334,0.0 -55.5522299,-14.7675544995334,0.0 -55.5521339,-14.7675101995334,0.0 -55.5519205,-14.7674116995334,0.0 -55.5516112,-14.7671499995334,0.0 -55.5513733,-14.7669120995334,0.0 -55.550826,-14.7665312995334,0.0 -55.5504039,-14.7663451995334,0.0 -55.550017,-14.7661743995334,0.0 -55.5495532,-14.7660379995334,0.0 -55.5492079,-14.7659364995334,0.0 -55.5489388,-14.7658666995334,0.0 -55.5485655,-14.7657698995335,0.0 -55.5480896,-14.7656984995335,0.0 -55.5480562,-14.7656941995335,0.0 -55.5479354,-14.7656783995335,0.0 -55.5475423,-14.7656270995335,0.0 -55.5467095,-14.7656033995335,0.0 -55.5462336,-14.7655795995335,0.0 -55.5457339,-14.7655319995335,0.0 -55.5453532,-14.7654843995335,0.0 -55.5444728,-14.7651274995335,0.0 -55.5438831,-14.7649179995335,0.0 -55.5433473,-14.7648279995335,0.0 -55.5428581,-14.7647457995335,0.0 -55.5428522,-14.7647447995335,0.0 -55.5424124,-14.7645701995335,0.0 -55.5415479,-14.7642268995335,0.0 -55.5412867,-14.7641230995335,0.0 -55.5400525,-14.7634438995335,0.0 -55.5389036,-14.7632879995335,0.0 -55.5370333,-14.7632388995335,0.0 -55.5354899,-14.7636178995335,0.0 -55.5349604,-14.7638558995335,0.0 -55.5349544,-14.7638586995335,0.0 -55.5344438,-14.7643346995335,0.0 -55.5344212,-14.7643556995335,0.0 -55.5341947,-14.7654912995335,0.0 -55.5340527,-14.7656060995335,0.0 -55.5338607,-14.7657612995335,0.0 -55.5338573,-14.7657639995335,0.0 -55.533437,-14.7657854995335,0.0 -55.5333827,-14.7657882995334,0.0 -55.5330585,-14.7656366995335,0.0 -55.5319182,-14.7646501995335,0.0 -55.5301422,-14.7626219995335,0.0 -55.5298001,-14.7619680995336,0.0 -55.5297742,-14.7614291995336,0.0 -55.5304021,-14.7601278995336,0.0 -55.5305157,-14.7598923995336,0.0 -55.5305148,-14.7595688995336,0.0 -55.5305144,-14.7594333995336,0.0 -55.5302662,-14.7587972995337,0.0 -55.5302639,-14.7587915995337,0.0 -55.5298321,-14.7582012995337,0.0 -55.5293755,-14.7578674995337,0.0 -55.5281977,-14.7575584995337,0.0 -55.5273553,-14.7573375995337,0.0 -55.5257331,-14.7569328995337,0.0 -55.5240481,-14.7567485995337,0.0 -55.5231603,-14.7566951995337,0.0 -55.5223822,-14.7565222995337,0.0 -55.5222162,-14.7564033995337,0.0 -55.5219646,-14.7562233995337,0.0 -55.5218825,-14.7560377995337,0.0 -55.5218593,-14.7559854995337,0.0 -55.5218171,-14.7555277995337,0.0 -55.5219432,-14.7546154995338,0.0 -55.521922,-14.7545323995338,0.0 -55.5218714,-14.7543334995338,0.0 -55.521353,-14.7536853995338,0.0 -55.5205941,-14.7533496995338,0.0 -55.519834,-14.7533622995338,0.0 -55.518755,-14.7537747995338,0.0 -55.5179135,-14.7539792995338,0.0 -55.5174599,-14.7539466995338,0.0 -55.5172352,-14.7537861995338,0.0 -55.5169872,-14.7534772995338,0.0 -55.5168626,-14.7531416995338,0.0 -55.5168576,-14.7530619995338,0.0 -55.5167575,-14.7514771995339,0.0 -55.5165987,-14.7512242995339,0.0 -55.5164826,-14.7510392995339,0.0 -55.5159612,-14.7507012995339,0.0 -55.5138236,-14.7503685995339,0.0 -55.5132104,-14.7500736995339,0.0 -55.5127243,-14.7496299995339,0.0 -55.5126421,-14.7490526995339,0.0 -55.5126081,-14.7488137995339,0.0 -55.5128332,-14.747460499534,0.0 -55.5125879,-14.746886799534,0.0 -55.5124989,-14.746678699534,0.0 -55.5124,-14.746447299534,0.0 -55.5123588,-14.746147199534,0.0 -55.5124576,-14.745947199534,0.0 -55.5130636,-14.745491999534,0.0 -55.5132994,-14.745160799534,0.0 -55.5132908,-14.7447120995341,0.0 -55.5129119,-14.7443719995341,0.0 -55.5113943,-14.7441413995341,0.0 -55.5105437,-14.7438923995341,0.0 -55.5104826,-14.7438621995341,0.0 -55.5095359,-14.7433947995341,0.0 -55.5094977,-14.7433758995341,0.0 -55.5089488,-14.7431048995341,0.0 -55.508823,-14.7430594995341,0.0 -55.5081591,-14.7429525995341,0.0 -55.5079639,-14.7429211995341,0.0 -55.5073235,-14.7431979995341,0.0 -55.5073178,-14.7432004995341,0.0 -55.5071359,-14.7433467995341,0.0 -55.507033,-14.7434294995341,0.0 -55.5067789,-14.7436338995341,0.0 -55.5063423,-14.7438542995341,0.0 -55.5063367,-14.7438571995341,0.0 -55.5060271,-14.7438938995341,0.0 -55.5058853,-14.7439106995341,0.0 -55.5055515,-14.7438020995341,0.0 -55.5053353,-14.7435347995341,0.0 -55.5052941,-14.7431675995341,0.0 -55.5056571,-14.7419407995341,0.0 -55.5057469,-14.7413162995342,0.0 -55.5056291,-14.7408618995342,0.0 -55.5053837,-14.7402340995342,0.0 -55.5045467,-14.7394902995342,0.0 -55.5039617,-14.7387950995342,0.0 -55.5035235,-14.7382966995342,0.0 -55.5025762,-14.7375229995343,0.0 -55.502347,-14.7372360995343,0.0 -55.5022353,-14.7369298995343,0.0 -55.5022674,-14.7367579995343,0.0 -55.5024405,-14.7365745995343,0.0 -55.5024456,-14.7365729995343,0.0 -55.5037945,-14.7361391995343,0.0 -55.5039478,-14.7360898995343,0.0 -55.5039488,-14.7360886995343,0.0 -55.5040513,-14.7359575995343,0.0 -55.5042259,-14.7357342995343,0.0 -55.5035135,-14.7345863995343,0.0 -55.5033561,-14.7339507995344,0.0 -55.5038364,-14.7315600995344,0.0 -55.5038325,-14.7311312995345,0.0 -55.5038241,-14.7302228995345,0.0 -55.5037235,-14.7296718995345,0.0 -55.503551,-14.7293196995345,0.0 -55.5022425,-14.7277578995345,0.0 -55.5015689,-14.7264926995346,0.0 -55.5014925,-14.7257843995346,0.0 -55.5016343,-14.7246449995346,0.0 -55.501513,-14.7242467995346,0.0 -55.5015024,-14.7242116995346,0.0 -55.5012747,-14.7240136995347,0.0 -55.5009654,-14.7239725995347,0.0 -55.5007583,-14.7240782995346,0.0 -55.5005286,-14.7241956995347,0.0 -55.5004873,-14.7242167995346,0.0 -55.4993795,-14.7253450995346,0.0 -55.4992142,-14.7255272995346,0.0 -55.4985404,-14.7262707995346,0.0 -55.4984808,-14.7263364995346,0.0 -55.4975705,-14.7270109995346,0.0 -55.497567,-14.7270135995346,0.0 -55.4969289,-14.7270846995346,0.0 -55.496594,-14.7269002995346,0.0 -55.496479,-14.7267564995346,0.0 -55.4964191,-14.7266814995346,0.0 -55.4963763,-14.7264925995346,0.0 -55.4963334,-14.7263030995346,0.0 -55.4964684,-14.7259163995346,0.0 -55.4967431,-14.7256721995346,0.0 -55.4968367,-14.7255889995346,0.0 -55.4980316,-14.7249224995346,0.0 -55.4980324,-14.7249213995346,0.0 -55.4983285,-14.7245247995346,0.0 -55.4985543,-14.7238204995347,0.0 -55.4985276,-14.7232289995347,0.0 -55.4983217,-14.7226860995347,0.0 -55.498261,-14.7225258995347,0.0 -55.497747,-14.7216737995347,0.0 -55.4976363,-14.7215761995347,0.0 -55.4971817,-14.7211751995347,0.0 -55.4966384,-14.7209877995347,0.0 -55.4956685,-14.7211445995347,0.0 -55.495499,-14.7211436995347,0.0 -55.495146,-14.7211419995347,0.0 -55.4946851,-14.7210025995347,0.0 -55.494388,-14.7207909995347,0.0 -55.4943469,-14.7207183995347,0.0 -55.4941286,-14.7203325995348,0.0 -55.4940243,-14.7198280995348,0.0 -55.4940115,-14.7197663995348,0.0 -55.4940124,-14.7197556995348,0.0 -55.4941053,-14.7186942995348,0.0 -55.4941061,-14.7186850995348,0.0 -55.4942613,-14.7181190995348,0.0 -55.4944125,-14.7177648995348,0.0 -55.4944216,-14.7177435995348,0.0 -55.494967,-14.7165828995349,0.0 -55.4950697,-14.7160021995349,0.0 -55.4948621,-14.7157376995349,0.0 -55.4939994,-14.7155591995349,0.0 -55.4936108,-14.7154786995349,0.0 -55.4932845,-14.7150933995349,0.0 -55.4932834,-14.7148646995349,0.0 -55.4932811,-14.7143832995349,0.0 -55.49359,-14.712617699535,0.0 -55.4934678,-14.712208999535,0.0 -55.4933409,-14.712080599535,0.0 -55.4932779,-14.712016799535,0.0 -55.4931201,-14.712045799535,0.0 -55.4931172,-14.712046299535,0.0 -55.4922191,-14.712688999535,0.0 -55.4922171,-14.712690399535,0.0 -55.4920888,-14.712735899535,0.0 -55.4918229,-14.712830199535,0.0 -55.4913658,-14.712605699535,0.0 -55.4911479,-14.712180699535,0.0 -55.4911487,-14.711983199535,0.0 -55.4913344,-14.711612099535,0.0 -55.4917024,-14.711307299535,0.0 -55.4919642,-14.710872099535,0.0 -55.4919925,-14.710824999535,0.0 -55.4919608,-14.710404099535,0.0 -55.4918924,-14.7094958995351,0.0 -55.4919555,-14.7092360995351,0.0 -55.4919614,-14.7092342995351,0.0 -55.4923568,-14.7091134995351,0.0 -55.4933582,-14.7093810995351,0.0 -55.4934872,-14.7094154995351,0.0 -55.4934907,-14.7094118995351,0.0 -55.4935831,-14.7093153995351,0.0 -55.4935225,-14.7090388995351,0.0 -55.493458,-14.7087440995351,0.0 -55.4932532,-14.7085692995351,0.0 -55.4930802,-14.7085029995351,0.0 -55.4924557,-14.7082634995351,0.0 -55.4912097,-14.7081216995351,0.0 -55.4901787,-14.7082539995351,0.0 -55.4887765,-14.7088478995351,0.0 -55.4875302,-14.7086762995351,0.0 -55.4866482,-14.7087188995351,0.0 -55.4866449,-14.7087189995351,0.0 -55.4866427,-14.7087210995351,0.0 -55.4862579,-14.7090873995351,0.0 -55.4858861,-14.7094412995351,0.0 -55.4856455,-14.7096702995351,0.0 -55.4856434,-14.7096722995351,0.0 -55.4852866,-14.7097539995351,0.0 -55.4849331,-14.7093681995351,0.0 -55.4849316,-14.7093375995351,0.0 -55.4848947,-14.7085812995351,0.0 -55.4848812,-14.7083028995351,0.0 -55.4846177,-14.7078740995351,0.0 -55.4843894,-14.7078828995351,0.0 -55.4843801,-14.7078832995351,0.0 -55.4843773,-14.7078833995351,0.0 -55.4841893,-14.7080354995351,0.0 -55.4836168,-14.7089367995351,0.0 -55.4835539,-14.7089826995351,0.0 -55.4832633,-14.7091943995351,0.0 -55.4832589,-14.7091976995351,0.0 -55.482986,-14.7091433995351,0.0 -55.4828224,-14.7089156995351,0.0 -55.4827831,-14.7079632995351,0.0 -55.4829278,-14.7073959995351,0.0 -55.482955,-14.7072893995351,0.0 -55.4832952,-14.7066239995352,0.0 -55.483645,-14.7059398995352,0.0 -55.4836247,-14.7055157995352,0.0 -55.4835969,-14.7054515995352,0.0 -55.483491,-14.7052071995352,0.0 -55.4829941,-14.7046668995352,0.0 -55.4828766,-14.7045390995352,0.0 -55.4823972,-14.7042436995352,0.0 -55.4822835,-14.7042016995352,0.0 -55.4816696,-14.7039751995352,0.0 -55.4815247,-14.7038655995352,0.0 -55.4813509,-14.7037338995352,0.0 -55.481227,-14.7031644995352,0.0 -55.4812937,-14.7025109995353,0.0 -55.4813059,-14.7023912995353,0.0 -55.4813306,-14.7021502995353,0.0 -55.4813806,-14.7018697995353,0.0 -55.4816146,-14.7004644995353,0.0 -55.4816227,-14.7003802995353,0.0 -55.4816262,-14.7003433995353,0.0 -55.4815035,-14.6997945995354,0.0 -55.4812365,-14.6994620995354,0.0 -55.4808184,-14.6992880995354,0.0 -55.4803681,-14.6992048995354,0.0 -55.480225,-14.6991784995354,0.0 -55.4801356,-14.6991619995354,0.0 -55.4799608,-14.6991296995354,0.0 -55.4797069,-14.6988555995354,0.0 -55.4798388,-14.6987338995354,0.0 -55.480283,-14.6983239995354,0.0 -55.4802803,-14.6983157995354,0.0 -55.4800465,-14.6976212995354,0.0 -55.4799856,-14.6969613995354,0.0 -55.4800574,-14.6962891995354,0.0 -55.4803603,-14.6950043995355,0.0 -55.4803581,-14.6949957995355,0.0 -55.4802797,-14.6946924995355,0.0 -55.4802663,-14.6946813995355,0.0 -55.4801703,-14.6946023995355,0.0 -55.479946,-14.6947203995355,0.0 -55.4794947,-14.6955199995355,0.0 -55.4794931,-14.6955226995355,0.0 -55.4792226,-14.6955329995355,0.0 -55.4786631,-14.6953087995355,0.0 -55.4776532,-14.6957807995355,0.0 -55.477647,-14.6957836995355,0.0 -55.4775386,-14.6957537995355,0.0 -55.4774008,-14.6957155995355,0.0 -55.4774838,-14.6954459995355,0.0 -55.4775224,-14.6953203995355,0.0 -55.4776545,-14.6950437995355,0.0 -55.4777027,-14.6949427995355,0.0 -55.4777661,-14.6948261995355,0.0 -55.478136,-14.6943610995355,0.0 -55.4783561,-14.6940841995355,0.0 -55.4786241,-14.6938411995355,0.0 -55.4789029,-14.6935413995355,0.0 -55.479077,-14.6933541995355,0.0 -55.4790444,-14.6931027995355,0.0 -55.4785329,-14.6925579995356,0.0 -55.4786053,-14.6922993995356,0.0 -55.4787041,-14.6922072995356,0.0 -55.4789742,-14.6919557995356,0.0 -55.4790713,-14.6918549995356,0.0 -55.4791456,-14.6916934995356,0.0 -55.4792071,-14.6915596995356,0.0 -55.4793024,-14.6908169995356,0.0 -55.4794023,-14.6905918995356,0.0 -55.4796869,-14.6899511995356,0.0 -55.4797184,-14.6896715995356,0.0 -55.4797263,-14.6896010995356,0.0 -55.4796886,-14.6894653995356,0.0 -55.4796458,-14.6893108995357,0.0 -55.4792092,-14.6892404995357,0.0 -55.4778486,-14.6895989995356,0.0 -55.477334,-14.6897389995356,0.0 -55.4773037,-14.6897471995356,0.0 -55.4772791,-14.6897330995356,0.0 -55.4771422,-14.6896545995356,0.0 -55.4771119,-14.6896371995356,0.0 -55.4769673,-14.6892021995357,0.0 -55.4770599,-14.6883391995357,0.0 -55.4770265,-14.6878030995357,0.0 -55.4766472,-14.6872321995357,0.0 -55.4764886,-14.6870149995357,0.0 -55.4763227,-14.6867877995357,0.0 -55.4763209,-14.6867851995357,0.0 -55.4763116,-14.6867634995357,0.0 -55.4761923,-14.6864820995357,0.0 -55.4761273,-14.6863287995357,0.0 -55.4760589,-14.6859714995357,0.0 -55.4761472,-14.6855893995358,0.0 -55.4763328,-14.6851086995358,0.0 -55.4762946,-14.6848500995358,0.0 -55.475893,-14.6842125995358,0.0 -55.4755093,-14.6841121995358,0.0 -55.4753131,-14.6840678995358,0.0 -55.4752576,-14.6840553995358,0.0 -55.4747936,-14.6839504995358,0.0 -55.4744358,-14.6834709995358,0.0 -55.4744707,-14.6831841995358,0.0 -55.4746947,-14.6826807995358,0.0 -55.4750091,-14.6823179995359,0.0 -55.4754227,-14.6820337995359,0.0 -55.4754269,-14.6820322995359,0.0 -55.4758446,-14.6818832995359,0.0 -55.4767181,-14.6815716995359,0.0 -55.4767191,-14.6815706995359,0.0 -55.4768307,-14.6814555995359,0.0 -55.4768243,-14.6814176995359,0.0 -55.4766826,-14.6805798995359,0.0 -55.4767845,-14.6803284995359,0.0 -55.4767899,-14.6803275995359,0.0 -55.4769932,-14.6802948995359,0.0 -55.4779175,-14.6801461995359,0.0 -55.4781485,-14.6801089995359,0.0 -55.4781515,-14.6801065995359,0.0 -55.478346,-14.6799522995359,0.0 -55.4784133,-14.6797137995359,0.0 -55.4781792,-14.6793914995359,0.0 -55.477219,-14.6791315995359,0.0 -55.47688,-14.6788972995359,0.0 -55.4768366,-14.678738799536,0.0 -55.4767874,-14.678559099536,0.0 -55.4765309,-14.677623299536,0.0 -55.4763975,-14.677378699536,0.0 -55.4763068,-14.677212099536,0.0 -55.4761743,-14.677158799536,0.0 -55.476012,-14.677213899536,0.0 -55.4760066,-14.677215799536,0.0 -55.4758977,-14.677351999536,0.0 -55.4757667,-14.677694699536,0.0 -55.4755943,-14.678145699536,0.0 -55.4755574,-14.678242199536,0.0 -55.4754531,-14.678298999536,0.0 -55.4754475,-14.678302099536,0.0 -55.4751435,-14.678199199536,0.0 -55.4749704,-14.677759999536,0.0 -55.4749375,-14.676773099536,0.0 -55.4749359,-14.676726299536,0.0 -55.4748093,-14.676442699536,0.0 -55.4745938,-14.676327899536,0.0 -55.4742497,-14.676512399536,0.0 -55.4740227,-14.676820499536,0.0 -55.4735159,-14.677700099536,0.0 -55.4733787,-14.677818899536,0.0 -55.4732119,-14.677963199536,0.0 -55.4732108,-14.677964199536,0.0 -55.4729404,-14.678066499536,0.0 -55.4725313,-14.677975299536,0.0 -55.4723131,-14.677563499536,0.0 -55.4722936,-14.677206099536,0.0 -55.47261,-14.676421699536,0.0 -55.4731934,-14.675865499536,0.0 -55.473329,-14.675789499536,0.0 -55.4744125,-14.6751826995361,0.0 -55.4745324,-14.6751154995361,0.0 -55.4749715,-14.6745642995361,0.0 -55.4750128,-14.6742444995361,0.0 -55.4749306,-14.6739198995361,0.0 -55.4747377,-14.6737014995361,0.0 -55.4742614,-14.6734215995361,0.0 -55.4735484,-14.6728682995361,0.0 -55.4738561,-14.6721552995361,0.0 -55.473746,-14.6719675995361,0.0 -55.4737211,-14.6719252995361,0.0 -55.4735782,-14.6718674995361,0.0 -55.4733948,-14.6719178995362,0.0 -55.4728327,-14.6721477995361,0.0 -55.4726598,-14.6722184995361,0.0 -55.4723758,-14.6721839995361,0.0 -55.4722255,-14.6719943995361,0.0 -55.4713998,-14.6709534995362,0.0 -55.4706857,-14.6700530995362,0.0 -55.4699554,-14.6694328995362,0.0 -55.4693759,-14.6690503995362,0.0 -55.4687409,-14.6686312995362,0.0 -55.4685401,-14.6681978995363,0.0 -55.4684575,-14.6680196995363,0.0 -55.4683492,-14.6675379995363,0.0 -55.4681855,-14.6668104995363,0.0 -55.4677715,-14.6662246995363,0.0 -55.4672749,-14.6660310995363,0.0 -55.4669276,-14.6661344995363,0.0 -55.466925,-14.6661352995363,0.0 -55.4662134,-14.6665509995363,0.0 -55.4662082,-14.6665539995363,0.0 -55.465921,-14.6665258995363,0.0 -55.4657934,-14.6664183995363,0.0 -55.4657296,-14.6662109995363,0.0 -55.4659407,-14.6656904995363,0.0 -55.4657941,-14.6654447995363,0.0 -55.4657526,-14.6654157995363,0.0 -55.4653776,-14.6651536995363,0.0 -55.4653477,-14.6649177995364,0.0 -55.4653435,-14.6648846995364,0.0 -55.4654998,-14.6648032995364,0.0 -55.4663458,-14.6643624995364,0.0 -55.4664814,-14.6642264995364,0.0 -55.4665116,-14.6640730995364,0.0 -55.4664309,-14.6639752995364,0.0 -55.4653519,-14.6636114995364,0.0 -55.4633243,-14.6629277995364,0.0 -55.4625728,-14.6628629995364,0.0 -55.4610055,-14.6629326995364,0.0 -55.4602401,-14.6627586995364,0.0 -55.4597674,-14.6626021995364,0.0 -55.4594194,-14.6626217995364,0.0 -55.4593997,-14.6626229995364,0.0 -55.4593969,-14.6626230995364,0.0 -55.459266,-14.6627270995364,0.0 -55.4590343,-14.6632307995364,0.0 -55.4584711,-14.6636738995364,0.0 -55.4582734,-14.6642395995364,0.0 -55.4581687,-14.6642927995364,0.0 -55.4581627,-14.6642957995364,0.0 -55.4580296,-14.6642371995364,0.0 -55.4579659,-14.6641297995364,0.0 -55.457684,-14.6636543995364,0.0 -55.4574642,-14.6633284995364,0.0 -55.4574186,-14.6633108995364,0.0 -55.4573265,-14.6632752995364,0.0 -55.457325,-14.6632746995364,0.0 -55.4569135,-14.6635839995364,0.0 -55.4567513,-14.6638808995364,0.0 -55.4566534,-14.6640600995364,0.0 -55.456552,-14.6642456995364,0.0 -55.4565133,-14.6643165995364,0.0 -55.4561521,-14.6645446995364,0.0 -55.4561476,-14.6645474995364,0.0 -55.4556313,-14.6645740995364,0.0 -55.4549748,-14.6643845995364,0.0 -55.4538897,-14.6640640995364,0.0 -55.4535446,-14.6641316995364,0.0 -55.4533705,-14.6641656995364,0.0 -55.4527651,-14.6644139995364,0.0 -55.452628,-14.6644701995364,0.0 -55.4526225,-14.6644724995364,0.0 -55.4520624,-14.6649832995363,0.0 -55.4515752,-14.6657030995363,0.0 -55.4509752,-14.6665896995363,0.0 -55.4507168,-14.6667806995363,0.0 -55.4505192,-14.6669267995363,0.0 -55.4503112,-14.6670805995363,0.0 -55.4503069,-14.6670836995363,0.0 -55.4500428,-14.6670443995363,0.0 -55.4498636,-14.6669024995363,0.0 -55.449784,-14.6663069995363,0.0 -55.4498988,-14.6658626995363,0.0 -55.4500964,-14.6654958995363,0.0 -55.4502044,-14.6652953995363,0.0 -55.4502777,-14.6651593995363,0.0 -55.4503438,-14.6650367995363,0.0 -55.4503137,-14.6648252995364,0.0 -55.4500904,-14.6646377995364,0.0 -55.4498356,-14.6645327995364,0.0 -55.4495956,-14.6644106995364,0.0 -55.4495326,-14.6643785995364,0.0 -55.4494199,-14.6643211995364,0.0 -55.4492032,-14.6639668995364,0.0 -55.4491038,-14.6638043995364,0.0 -55.4490932,-14.6637871995364,0.0 -55.4489899,-14.6637145995364,0.0 -55.4489354,-14.6636762995364,0.0 -55.4488472,-14.6636142995364,0.0 -55.4475706,-14.6637992995364,0.0 -55.4466317,-14.6635276995364,0.0 -55.4466269,-14.6635218995364,0.0 -55.4464569,-14.6633175995364,0.0 -55.4459481,-14.6627060995364,0.0 -55.4457969,-14.6625010995364,0.0 -55.4456688,-14.6623274995364,0.0 -55.4453613,-14.6621156995364,0.0 -55.4448442,-14.6617592995364,0.0 -55.4448392,-14.6614493995365,0.0 -55.4451444,-14.6608280995365,0.0 -55.4451265,-14.6607672995365,0.0 -55.445078,-14.6606018995365,0.0 -55.444895,-14.6604777995365,0.0 -55.4448566,-14.6604517995365,0.0 -55.4445827,-14.6603982995365,0.0 -55.4438193,-14.6605259995365,0.0 -55.4436486,-14.6605645995365,0.0 -55.4426973,-14.6607412995365,0.0 -55.4417839,-14.6607692995365,0.0 -55.4410618,-14.6606299995365,0.0 -55.4405125,-14.6603315995365,0.0 -55.4401633,-14.6599554995365,0.0 -55.4396737,-14.6594280995365,0.0 -55.4390219,-14.6585618995365,0.0 -55.438403,-14.6577330995366,0.0 -55.4377321,-14.6568347995366,0.0 -55.4361993,-14.6547822995366,0.0 -55.4356479,-14.6540439995367,0.0 -55.43509,-14.6532549995367,0.0 -55.4335045,-14.6506474995368,0.0 -55.4332452,-14.6501283995368,0.0 -55.4330604,-14.6493889995368,0.0 -55.4330237,-14.6483573995368,0.0 -55.4330892,-14.6478173995368,0.0 -55.4331259,-14.6475148995368,0.0 -55.433343,-14.6469417995369,0.0 -55.4337184,-14.6459510995369,0.0 -55.4338302,-14.6454210995369,0.0 -55.4337523,-14.6447436995369,0.0 -55.4334956,-14.6441134995369,0.0 -55.4330218,-14.643633599537,0.0 -55.4311114,-14.643067199537,0.0 -55.430975,-14.643026799537,0.0 -55.4304312,-14.642739399537,0.0 -55.4303599,-14.642691799537,0.0 -55.4294101,-14.642059099537,0.0 -55.4293601,-14.642025799537,0.0 -55.4282398,-14.641009599537,0.0 -55.4276899,-14.6403918995371,0.0 -55.4275126,-14.6401927995371,0.0 -55.4271816,-14.6396886995371,0.0 -55.4269975,-14.6394083995371,0.0 -55.4267941,-14.6390985995371,0.0 -55.4266852,-14.6388702995371,0.0 -55.4263631,-14.6381951995371,0.0 -55.42613,-14.6373619995371,0.0 -55.4258572,-14.6363867995372,0.0 -55.4255763,-14.6358665995372,0.0 -55.4251789,-14.6355488995372,0.0 -55.4249057,-14.6353304995372,0.0 -55.4241925,-14.6351810995372,0.0 -55.4236062,-14.6353197995372,0.0 -55.4236032,-14.6353204995372,0.0 -55.4227182,-14.6359174995372,0.0 -55.4223402,-14.6361309995372,0.0 -55.4223349,-14.6361339995372,0.0 -55.4223317,-14.6361336995372,0.0 -55.4218707,-14.6360902995372,0.0 -55.4215787,-14.6359435995372,0.0 -55.4212698,-14.6356206995372,0.0 -55.4205947,-14.6349151995372,0.0 -55.4205746,-14.6348941995372,0.0 -55.4205261,-14.6348581995372,0.0 -55.420068,-14.6345180995372,0.0 -55.4196276,-14.6343290995372,0.0 -55.4189527,-14.6342379995372,0.0 -55.4177942,-14.6343196995372,0.0 -55.4164947,-14.6340510995372,0.0 -55.4148676,-14.6331351995373,0.0 -55.4143687,-14.6329975995373,0.0 -55.4137231,-14.6331425995373,0.0 -55.4137197,-14.6331433995373,0.0 -55.413622,-14.6332156995373,0.0 -55.4134116,-14.6333714995373,0.0 -55.4131754,-14.6337614995372,0.0 -55.4131738,-14.6337641995372,0.0 -55.4128068,-14.6343803995372,0.0 -55.4122703,-14.6349000995372,0.0 -55.4118966,-14.6350700995372,0.0 -55.4114428,-14.6350087995372,0.0 -55.4110746,-14.6347648995372,0.0 -55.4100665,-14.6337412995373,0.0 -55.4091892,-14.6331866995373,0.0 -55.4090093,-14.6331065995373,0.0 -55.4079206,-14.6326221995373,0.0 -55.4078916,-14.6326114995373,0.0 -55.4065254,-14.6321083995373,0.0 -55.405163,-14.6316066995373,0.0 -55.4044727,-14.6313744995373,0.0 -55.4024449,-14.6305590995373,0.0 -55.4018168,-14.6302656995373,0.0 -55.4013682,-14.6300560995373,0.0 -55.4007777,-14.6295094995374,0.0 -55.40074,-14.6294746995374,0.0 -55.4005956,-14.6293408995374,0.0 -55.4001152,-14.6285188995374,0.0 -55.3999258,-14.6278805995374,0.0 -55.3997515,-14.6272932995374,0.0 -55.3997171,-14.6271035995374,0.0 -55.3996921,-14.6269662995374,0.0 -55.399451,-14.6256382995375,0.0 -55.3992601,-14.6250021995375,0.0 -55.3989247,-14.6238845995375,0.0 -55.398304,-14.6227262995376,0.0 -55.3973603,-14.6215042995376,0.0 -55.3972588,-14.6213727995376,0.0 -55.3962731,-14.6199075995376,0.0 -55.3948275,-14.6177587995377,0.0 -55.3941671,-14.6170268995377,0.0 -55.3940147,-14.6168578995377,0.0 -55.3934542,-14.6163776995377,0.0 -55.3933044,-14.6154508995378,0.0 -55.3931851,-14.6147125995378,0.0 -55.393137,-14.6135905995378,0.0 -55.3929843,-14.6124955995379,0.0 -55.3923461,-14.6111598995379,0.0 -55.3924759,-14.609278899538,0.0 -55.3917402,-14.607103299538,0.0 -55.3915471,-14.6056156995381,0.0 -55.3919584,-14.6030040995381,0.0 -55.3920396,-14.6024887995381,0.0 -55.3922891,-14.6018801995382,0.0 -55.3927553,-14.6011564995382,0.0 -55.3935604,-14.6003638995382,0.0 -55.3945061,-14.5998415995382,0.0 -55.3950502,-14.5996644995382,0.0 -55.3963854,-14.5995453995382,0.0 -55.3968792,-14.5992506995382,0.0 -55.3984863,-14.5977185995383,0.0 -55.3990975,-14.5972618995383,0.0 -55.3994229,-14.5971657995383,0.0 -55.4005839,-14.5972527995383,0.0 -55.4008478,-14.5971640995383,0.0 -55.401018,-14.5969497995383,0.0 -55.4015778,-14.5958459995383,0.0 -55.4017009,-14.5952682995384,0.0 -55.4017048,-14.5951436995384,0.0 -55.4017309,-14.5948819995384,0.0 -55.4018938,-14.5945903995384,0.0 -55.402719,-14.5938352995384,0.0 -55.402845,-14.5937199995384,0.0 -55.404021,-14.5921909995384,0.0 -55.4041426,-14.5917602995385,0.0 -55.404144,-14.5908460995385,0.0 -55.40426,-14.5904163995385,0.0 -55.4045382,-14.5901442995385,0.0 -55.4047675,-14.5901048995385,0.0 -55.4055291,-14.5902146995385,0.0 -55.4056763,-14.5901755995385,0.0 -55.4059798,-14.5900725995385,0.0 -55.4063034,-14.5897396995385,0.0 -55.4067577,-14.5888508995385,0.0 -55.4072638,-14.5882235995386,0.0 -55.4074521,-14.5878469995386,0.0 -55.4073419,-14.5873419995386,0.0 -55.4068971,-14.5871332995386,0.0 -55.4063309,-14.5870045995386,0.0 -55.4050527,-14.5869297995386,0.0 -55.4046368,-14.5867489995386,0.0 -55.4043822,-14.5864433995386,0.0 -55.4039276,-14.5854604995386,0.0 -55.4033035,-14.5848855995387,0.0 -55.4023754,-14.5841936995387,0.0 -55.4018396,-14.5836695995387,0.0 -55.4015645,-14.5832550995387,0.0 -55.4013205,-14.5825587995387,0.0 -55.4009241,-14.5806746995388,0.0 -55.4003465,-14.5797055995388,0.0 -55.39963,-14.5790216995388,0.0 -55.3990978,-14.5786696995388,0.0 -55.396838,-14.5777889995389,0.0 -55.3960031,-14.5773488995389,0.0 -55.3954006,-14.5768226995389,0.0 -55.3950037,-14.5760975995389,0.0 -55.3949505,-14.5754270995389,0.0 -55.3950699,-14.574511099539,0.0 -55.3951803,-14.573664599539,0.0 -55.3949259,-14.5710269995391,0.0 -55.3950195,-14.5698055995391,0.0 -55.3954354,-14.5689001995391,0.0 -55.3960729,-14.5681998995391,0.0 -55.3966911,-14.5678329995391,0.0 -55.3916198,-14.5647861995392,0.0 -55.390126,-14.5638886995393,0.0 -55.3750728,-14.5548447995395,0.0 -55.3754341,-14.5617914995393,0.0 -55.3754785,-14.5626445995393,0.0 -55.3756561,-14.5646062995392,0.0 -55.3754268,-14.5664933995392,0.0 -55.3743403,-14.5677449995391,0.0 -55.3726115,-14.5689890995391,0.0 -55.3725587,-14.5689886995391,0.0 -55.3716198,-14.5693824995391,0.0 -55.3714493,-14.5694539995391,0.0 -55.3696065,-14.5692700995391,0.0 -55.3676544,-14.5685830995391,0.0 -55.3659256,-14.5670708995392,0.0 -55.3643825,-14.5650205995392,0.0 -55.3628747,-14.5636165995393,0.0 -55.3611435,-14.5630378995393,0.0 -55.3588964,-14.5624219995393,0.0 -55.3579023,-14.5622500995393,0.0 -55.3574225,-14.5621670995393,0.0 -55.3557263,-14.5623423995393,0.0 -55.3557208,-14.5623452995393,0.0 -55.3540958,-14.5632029995393,0.0 -55.3523219,-14.5648861995392,0.0 -55.3521337,-14.5650850995392,0.0 -55.3494755,-14.5678951995391,0.0 -55.3485786,-14.5687719995391,0.0 -55.3463372,-14.5709631995391,0.0 -55.3384076,-14.5774099995389,0.0 -55.3323779,-14.5814352995388,0.0 -55.3282906,-14.5838093995387,0.0 -55.3265314,-14.5848311995387,0.0 -55.3246642,-14.5860606995386,0.0 -55.3230867,-14.5870993995386,0.0 -55.3219146,-14.5878711995386,0.0 -55.3190822,-14.5900180995385,0.0 -55.3164958,-14.5920459995385,0.0 -55.3140969,-14.5938157995384,0.0 -55.313849,-14.5939985995384,0.0 -55.30958,-14.5968973995383,0.0 -55.3033163,-14.6006530995382,0.0 -55.2980528,-14.6035479995381,0.0 -55.298051,-14.6035489995381,0.0 -55.2946749,-14.6049932995381,0.0 -55.2946712,-14.6049948995381,0.0 -55.2923989,-14.606174299538,0.0 -55.2896825,-14.607837499538,0.0 -55.2865852,-14.6092812995379,0.0 -55.2865793,-14.609284099538,0.0 -55.2825343,-14.6110513995379,0.0 -55.2790393,-14.6126233995379,0.0 -55.2782785,-14.6129655995378,0.0 -55.2769376,-14.6135686995378,0.0 -55.2744127,-14.6146679995378,0.0 -55.2729271,-14.6153147995378,0.0 -55.2718951,-14.6157641995378,0.0 -55.2673847,-14.6177041995377,0.0 -55.2653321,-14.6187778995377,0.0 -55.2633377,-14.6198211995377,0.0 -55.2626952,-14.6201572995376,0.0 -55.2623787,-14.6203255995376,0.0 -55.2593694,-14.6219261995376,0.0 -55.2570416,-14.6230512995376,0.0 -55.2545468,-14.6244991995375,0.0 -55.2518866,-14.6257309995375,0.0 -55.2483394,-14.6274452995374,0.0 -55.2451273,-14.6281365995374,0.0 -55.241916,-14.6285583995374,0.0 -55.2388872,-14.6294567995374,0.0 -55.2378127,-14.6301671995373,0.0 -55.2365298,-14.6310152995373,0.0 -55.2349092,-14.6332044995373,0.0 -55.2342834,-14.6340461995372,0.0 -55.2336047,-14.6345053995372,0.0 -55.2328344,-14.6350266995372,0.0 -55.2306792,-14.6355851995372,0.0 -55.2277796,-14.6361152995372,0.0 -55.2238487,-14.6365346995372,0.0 -55.2196205,-14.6367715995372,0.0 -55.2183684,-14.6368416995372,0.0 -55.2135524,-14.6370966995372,0.0 -55.2099551,-14.6370319995372,0.0 -55.2054169,-14.6369643995372,0.0 -55.2001032,-14.6371097995372,0.0 -55.1966721,-14.6369914995372,0.0 -55.1921339,-14.6369236995372,0.0 -55.1913578,-14.6369180995372,0.0 -55.1897248,-14.6369062995372,0.0 -55.1888154,-14.6368555995372,0.0 -55.1889591,-14.6334959995373,0.0 -55.1890135,-14.6322254995373,0.0 -55.185718,-14.6311363995373,0.0 -55.183306,-14.6305141995373,0.0 -55.1817011,-14.6298794995374,0.0 -55.1803236,-14.6295240995374,0.0 -55.1794295,-14.6294027995374,0.0 -55.1793386,-14.6293904995374,0.0 -55.1775573,-14.6296098995374,0.0 -55.1763504,-14.6292884995374,0.0 -55.1742393,-14.6292932995374,0.0 -55.1716334,-14.6295155995374,0.0 -55.1684356,-14.6295043995374,0.0 -55.1665383,-14.6296991995374,0.0 -55.1647085,-14.6296723995374,0.0 -55.1630145,-14.6293774995374,0.0 -55.1610828,-14.6286137995374,0.0 -55.1593375,-14.6283914995374,0.0 -55.1588723,-14.6281748995374,0.0 -55.1585516,-14.6277151995374,0.0 -55.1578171,-14.6253802995375,0.0 -55.1574593,-14.6244241995375,0.0 -55.1574429,-14.6243803995375,0.0 -55.1573862,-14.6242287995375,0.0 -55.1574738,-14.6238429995375,0.0 -55.1576632,-14.6235390995375,0.0 -55.1581981,-14.6231676995376,0.0 -55.1588128,-14.6229590995376,0.0 -55.1595292,-14.6225373995376,0.0 -55.1604342,-14.6209021995376,0.0 -55.1608464,-14.6206152995376,0.0 -55.1614036,-14.6202273995376,0.0 -55.1616778,-14.6197814995377,0.0 -55.1612479,-14.6190721995377,0.0 -55.1605029,-14.6173674995377,0.0 -55.1594781,-14.6164132995377,0.0 -55.1588533,-14.6156493995378,0.0 -55.1584739,-14.6153075995378,0.0 -55.1578949,-14.6149874995378,0.0 -55.1564247,-14.6147221995378,0.0 -55.155565,-14.6143773995378,0.0 -55.1549338,-14.6139431995378,0.0 -55.1539136,-14.6129829995378,0.0 -55.1536537,-14.6127852995379,0.0 -55.1531292,-14.6122972995379,0.0 -55.1529515,-14.6115878995379,0.0 -55.1533342,-14.607928999538,0.0 -55.1533298,-14.607824599538,0.0 -55.1531577,-14.6057011995381,0.0 -55.1527692,-14.6046575995381,0.0 -55.1525575,-14.6043672995381,0.0 -55.1515823,-14.6033487995381,0.0 -55.1510505,-14.6027570995381,0.0 -55.1510272,-14.6027311995381,0.0 -55.1507241,-14.6022495995382,0.0 -55.1505339,-14.6017924995382,0.0 -55.1505395,-14.6015589995382,0.0 -55.1507528,-14.6011299995382,0.0 -55.1511546,-14.6003217995382,0.0 -55.1512265,-14.5996274995382,0.0 -55.1511166,-14.5991240995382,0.0 -55.1506939,-14.5980645995383,0.0 -55.1497909,-14.5971214995383,0.0 -55.1494773,-14.5966750995383,0.0 -55.1493162,-14.5964308995383,0.0 -55.1487899,-14.5958171995383,0.0 -55.1477043,-14.5951605995384,0.0 -55.1468679,-14.5947321995384,0.0 -55.1463549,-14.5945961995384,0.0 -55.145118,-14.5942814995384,0.0 -55.1445196,-14.5938881995384,0.0 -55.1441918,-14.5935853995384,0.0 -55.143809,-14.5930212995384,0.0 -55.1436484,-14.5926379995384,0.0 -55.143369,-14.5914795995385,0.0 -55.1429501,-14.5903933995385,0.0 -55.1422485,-14.5889836995385,0.0 -55.1420244,-14.5881688995386,0.0 -55.1419754,-14.5879908995386,0.0 -55.1415558,-14.5862654995386,0.0 -55.1407883,-14.5848831995387,0.0 -55.1403286,-14.5833725995387,0.0 -55.1397845,-14.5823902995387,0.0 -55.1390679,-14.5816612995387,0.0 -55.1379698,-14.5805441995388,0.0 -55.1375483,-14.5798724995388,0.0 -55.1372942,-14.5791231995388,0.0 -55.137275,-14.5789976995388,0.0 -55.1373335,-14.5773576995389,0.0 -55.1372222,-14.5766537995389,0.0 -55.1372022,-14.5765271995389,0.0 -55.1370049,-14.5760947995389,0.0 -55.1361247,-14.5750421995389,0.0 -55.1354556,-14.574420399539,0.0 -55.1343428,-14.573668799539,0.0 -55.1333317,-14.573183899539,0.0 -55.1326687,-14.572926099539,0.0 -55.1298897,-14.572236599539,0.0 -55.1290183,-14.571874099539,0.0 -55.1285603,-14.571473199539,0.0 -55.1277471,-14.5703629995391,0.0 -55.1268427,-14.5698494995391,0.0 -55.1262712,-14.5696115995391,0.0 -55.1252234,-14.5691752995391,0.0 -55.1239569,-14.5682534995391,0.0 -55.123551,-14.5677666995391,0.0 -55.1226381,-14.5677051995391,0.0 -55.1217246,-14.5676835995391,0.0 -55.120934,-14.5676852995391,0.0 -55.1193791,-14.5679225995391,0.0 -55.1192754,-14.5679383995391,0.0 -55.1183083,-14.5680213995391,0.0 -55.1178606,-14.5679387995391,0.0 -55.1167251,-14.5672896995392,0.0 -55.1158434,-14.5669510995392,0.0 -55.1146763,-14.5665689995392,0.0 -55.1135082,-14.5660710995392,0.0 -55.1124138,-14.5655871995392,0.0 -55.1115892,-14.5647134995392,0.0 -55.1111826,-14.5643433995392,0.0 -55.1108379,-14.5640296995393,0.0 -55.1096197,-14.5631373995393,0.0 -55.1089982,-14.5626035995393,0.0 -55.1083676,-14.5623188995393,0.0 -55.1070619,-14.5616739995393,0.0 -55.1066088,-14.5614866995393,0.0 -55.1065842,-14.5614764995393,0.0 -55.1063359,-14.5610859995393,0.0 -55.1062868,-14.5604354995394,0.0 -55.1064071,-14.5595666995394,0.0 -55.1064695,-14.5578802995394,0.0 -55.107159,-14.5566614995395,0.0 -55.1073815,-14.5562681995395,0.0 -55.1081695,-14.5552277995395,0.0 -55.1083438,-14.5546186995395,0.0 -55.1082771,-14.5539925995395,0.0 -55.107536,-14.5523039995396,0.0 -55.1074447,-14.5520960995396,0.0 -55.1073539,-14.5517402995396,0.0 -55.1070773,-14.5506562995396,0.0 -55.106759,-14.5497048995397,0.0 -55.1060368,-14.5484885995397,0.0 -55.1057015,-14.5473276995397,0.0 -55.1054143,-14.5469971995397,0.0 -55.1051047,-14.5468856995398,0.0 -55.1048621,-14.5467983995397,0.0 -55.1033835,-14.5467116995398,0.0 -55.1024283,-14.5463760995398,0.0 -55.1007637,-14.5455913995398,0.0 -55.0996251,-14.5449685995398,0.0 -55.0991995,-14.5449302995398,0.0 -55.0988076,-14.5450532995398,0.0 -55.0985636,-14.5454142995398,0.0 -55.0985455,-14.5464685995398,0.0 -55.0981914,-14.5477069995397,0.0 -55.0980528,-14.5479452995397,0.0 -55.0978238,-14.5480435995397,0.0 -55.0974029,-14.5480104995397,0.0 -55.0956904,-14.5474844995397,0.0 -55.0949537,-14.5470524995397,0.0 -55.0946016,-14.5470100995397,0.0 -55.0941929,-14.5471384995397,0.0 -55.0939582,-14.5472259995397,0.0 -55.0935144,-14.5470929995397,0.0 -55.0912425,-14.5457731995398,0.0 -55.0908956,-14.5456931995398,0.0 -55.089439,-14.5450059995398,0.0 -55.0876258,-14.5440412995398,0.0 -55.0856556,-14.5427451995399,0.0 -55.0849541,-14.5418442995399,0.0 -55.0845312,-14.5414478995399,0.0 -55.0838518,-14.5411990995399,0.0 -55.0826836,-14.5418566995399,0.0 -55.0821339,-14.5419953995399,0.0 -55.0814481,-14.5420398995399,0.0 -55.0800571,-14.5418345995399,0.0 -55.0797936,-14.5419986995399,0.0 -55.0792372,-14.5426321995399,0.0 -55.0789356,-14.5427213995399,0.0 -55.0785234,-14.5426060995399,0.0 -55.076228,-14.5415109995399,0.0 -55.0757147,-14.5410732995399,0.0 -55.0755095,-14.53986989954,0.0 -55.0752943,-14.53954139954,0.0 -55.0736481,-14.53875199954,0.0 -55.0726038,-14.53755959954,0.0 -55.072228,-14.53740919954,0.0 -55.0712753,-14.53728459954,0.0 -55.0703288,-14.53670129954,0.0 -55.0696021,-14.53636789954,0.0 -55.0693004,-14.5361111995401,0.0 -55.0686745,-14.5352979995401,0.0 -55.0683216,-14.5356345995401,0.0 -55.0681941,-14.5358730995401,0.0 -55.068618,-14.53700669954,0.0 -55.068595,-14.53734179954,0.0 -55.0677216,-14.53838589954,0.0 -55.0675986,-14.53910419954,0.0 -55.0675628,-14.53931329954,0.0 -55.0674387,-14.53955229954,0.0 -55.067309,-14.53961999954,0.0 -55.0672797,-14.53963529954,0.0 -55.0670196,-14.53962109954,0.0 -55.0661745,-14.53922559954,0.0 -55.0656804,-14.53917199954,0.0 -55.0653262,-14.53932909954,0.0 -55.0646621,-14.5399710995399,0.0 -55.0633766,-14.5404736995399,0.0 -55.0625801,-14.5413553995399,0.0 -55.0622729,-14.5413505995399,0.0 -55.0617009,-14.5407560995399,0.0 -55.0615312,-14.5406941995399,0.0 -55.0610212,-14.5412214995399,0.0 -55.0602852,-14.5413095995399,0.0 -55.0600546,-14.5414005995399,0.0 -55.059924,-14.5414521995399,0.0 -55.0592584,-14.5416871995399,0.0 -55.0577087,-14.5417057995399,0.0 -55.0571447,-14.5418248995399,0.0 -55.0566474,-14.5420653995399,0.0 -55.056337,-14.5422154995399,0.0 -55.0561618,-14.5423002995399,0.0 -55.0556051,-14.5427412995399,0.0 -55.0551827,-14.5430759995399,0.0 -55.0547845,-14.5431564995398,0.0 -55.0545305,-14.5430625995399,0.0 -55.0542961,-14.5428072995399,0.0 -55.0537133,-14.5405222995399,0.0 -55.0535686,-14.5403118995399,0.0 -55.0533772,-14.5402544995399,0.0 -55.0531168,-14.5404132995399,0.0 -55.0529882,-14.5410701995399,0.0 -55.052715,-14.5414879995399,0.0 -55.0516743,-14.5418368995399,0.0 -55.0511548,-14.5420109995399,0.0 -55.0509047,-14.5422847995399,0.0 -55.0504255,-14.5431504995399,0.0 -55.0501906,-14.5433466995398,0.0 -55.0494504,-14.5435959995398,0.0 -55.0477749,-14.5437975995398,0.0 -55.0469547,-14.5441684995398,0.0 -55.0466286,-14.5441402995398,0.0 -55.0454004,-14.5440447995398,0.0 -55.0450895,-14.5438913995398,0.0 -55.0450048,-14.5434481995398,0.0 -55.0452265,-14.5428351995399,0.0 -55.0452208,-14.5425792995399,0.0 -55.0445282,-14.5422462995399,0.0 -55.0444563,-14.5415344995399,0.0 -55.0442763,-14.5413298995399,0.0 -55.0435351,-14.5417491995399,0.0 -55.0430994,-14.5417439995399,0.0 -55.0426264,-14.5413761995399,0.0 -55.0417002,-14.5401813995399,0.0 -55.0411725,-14.53977239954,0.0 -55.0406623,-14.53964379954,0.0 -55.0389428,-14.53977549954,0.0 -55.0385116,-14.53965159954,0.0 -55.0379998,-14.53932439954,0.0 -55.0377317,-14.53891569954,0.0 -55.0370589,-14.53715589954,0.0 -55.0364208,-14.5363565995401,0.0 -55.0357946,-14.5359047995401,0.0 -55.0353949,-14.5357494995401,0.0 -55.0343739,-14.5353527995401,0.0 -55.0335583,-14.5347139995401,0.0 -55.0330857,-14.5337579995401,0.0 -55.0324534,-14.5318965995402,0.0 -55.0321044,-14.5310233995402,0.0 -55.0319124,-14.5299779995402,0.0 -55.0314444,-14.5289162995403,0.0 -55.0313081,-14.5284104995403,0.0 -55.0310682,-14.5275202995403,0.0 -55.0306038,-14.5263185995403,0.0 -55.0297291,-14.5248366995404,0.0 -55.0285557,-14.5234419995404,0.0 -55.0273385,-14.5222155995405,0.0 -55.0266947,-14.5213193995405,0.0 -55.026393,-14.5204865995405,0.0 -55.0261891,-14.5190536995406,0.0 -55.0261001,-14.5189021995406,0.0 -55.0258758,-14.5185205995406,0.0 -55.0252963,-14.5180912995406,0.0 -55.0235815,-14.5172681995406,0.0 -55.0232461,-14.5171071995406,0.0 -55.0226277,-14.5165938995406,0.0 -55.022266,-14.5161156995406,0.0 -55.0222042,-14.5157899995406,0.0 -55.022341,-14.5146960995407,0.0 -55.0221395,-14.5142386995407,0.0 -55.021896,-14.5136859995407,0.0 -55.0217113,-14.5126995995407,0.0 -55.0216879,-14.5126262995407,0.0 -55.0214185,-14.5117801995408,0.0 -55.0216772,-14.5112419995408,0.0 -55.0222017,-14.5101504995408,0.0 -55.0221572,-14.5097882995408,0.0 -55.0217412,-14.5089719995408,0.0 -55.0216332,-14.5087601995409,0.0 -55.0215941,-14.5085103995409,0.0 -55.0219673,-14.5078059995409,0.0 -55.0220454,-14.5076586995409,0.0 -55.0221962,-14.5065493995409,0.0 -55.022646,-14.5055750995409,0.0 -55.0228262,-14.504877499541,0.0 -55.0228484,-14.503953599541,0.0 -55.0227314,-14.503366199541,0.0 -55.0216354,-14.5007560995411,0.0 -55.0212783,-14.5005349995411,0.0 -55.0202175,-14.5005823995411,0.0 -55.0199779,-14.5005930995411,0.0 -55.0197897,-14.4993231995411,0.0 -55.0201217,-14.4982014995412,0.0 -55.019751,-14.4976371995412,0.0 -55.0196151,-14.4974302995412,0.0 -55.0196235,-14.4969900995412,0.0 -55.0196395,-14.4961542995412,0.0 -55.0192417,-14.4957404995412,0.0 -55.0192072,-14.4957353995412,0.0 -55.0189559,-14.4956982995412,0.0 -55.0180374,-14.4962351995412,0.0 -55.0179509,-14.4962857995412,0.0 -55.0172481,-14.4964317995412,0.0 -55.0166707,-14.4961390995412,0.0 -55.0163942,-14.4958031995412,0.0 -55.0164544,-14.4955993995412,0.0 -55.0164777,-14.4955827995412,0.0 -55.0168402,-14.4953247995412,0.0 -55.0166482,-14.4948628995412,0.0 -55.0162055,-14.4944982995413,0.0 -55.0152744,-14.4940190995413,0.0 -55.0146431,-14.4938306995413,0.0 -55.0141427,-14.4938622995413,0.0 -55.0139256,-14.4940639995413,0.0 -55.0136758,-14.4944673995413,0.0 -55.0135583,-14.4946570995413,0.0 -55.0133246,-14.4947243995413,0.0 -55.0130041,-14.4946212995413,0.0 -55.012726,-14.4944275995413,0.0 -55.0123264,-14.4941492995413,0.0 -55.012194,-14.4941457995413,0.0 -55.0115038,-14.4941271995413,0.0 -55.0113378,-14.4940879995413,0.0 -55.0106734,-14.4939311995413,0.0 -55.0104064,-14.4940841995413,0.0 -55.0101524,-14.4946448995413,0.0 -55.0096424,-14.4949730995412,0.0 -55.0091971,-14.4955531995412,0.0 -55.008945,-14.4958816995412,0.0 -55.0086423,-14.4960596995412,0.0 -55.0081754,-14.4961023995412,0.0 -55.0077313,-14.4959084995412,0.0 -55.0072329,-14.4952210995412,0.0 -55.007013,-14.4949176995413,0.0 -55.0067522,-14.4940904995413,0.0 -55.0066306,-14.4932804995413,0.0 -55.0065979,-14.4930627995413,0.0 -55.0064371,-14.4927406995413,0.0 -55.0062143,-14.4926994995413,0.0 -55.0059895,-14.4928754995413,0.0 -55.005627,-14.4931591995413,0.0 -55.0052445,-14.4932722995413,0.0 -55.0047842,-14.4930045995413,0.0 -55.0045806,-14.4927126995413,0.0 -55.0038549,-14.4921109995413,0.0 -55.0037513,-14.4918766995413,0.0 -55.0037506,-14.4917891995413,0.0 -55.0037449,-14.4910871995414,0.0 -55.0036043,-14.4908575995414,0.0 -55.0032961,-14.4909078995414,0.0 -55.0031212,-14.4911070995414,0.0 -55.0029213,-14.4913348995413,0.0 -55.0026843,-14.4914498995413,0.0 -55.0025467,-14.4912981995414,0.0 -55.0026074,-14.4908024995414,0.0 -55.0026148,-14.4907420995414,0.0 -55.0024938,-14.4905358995414,0.0 -55.0023788,-14.4904792995414,0.0 -55.0016796,-14.4901356995414,0.0 -55.0014569,-14.4899225995414,0.0 -55.0013728,-14.4894948995414,0.0 -55.0019477,-14.4887058995414,0.0 -55.0019866,-14.4885690995414,0.0 -55.0020365,-14.4883941995414,0.0 -55.0019777,-14.4880673995414,0.0 -55.0017158,-14.4876562995415,0.0 -55.0014321,-14.4874070995415,0.0 -55.0006647,-14.4871606995415,0.0 -54.9996834,-14.4869921995415,0.0 -54.9993313,-14.4868110995415,0.0 -54.9990114,-14.4864540995415,0.0 -54.9989487,-14.4861970995415,0.0 -54.9991236,-14.4858031995415,0.0 -54.9991257,-14.4855810995415,0.0 -54.9988027,-14.4852069995415,0.0 -54.9987093,-14.4848944995415,0.0 -54.9992521,-14.4840348995416,0.0 -54.9994212,-14.4830749995416,0.0 -54.9993296,-14.4827557995416,0.0 -54.9991609,-14.4825604995416,0.0 -54.9981447,-14.4821087995416,0.0 -54.9981883,-14.4813623995416,0.0 -54.9979889,-14.4808250995417,0.0 -54.9976262,-14.4805004995417,0.0 -54.9969513,-14.4803116995417,0.0 -54.9966749,-14.4801237995417,0.0 -54.9959688,-14.4793643995417,0.0 -54.9957827,-14.4791641995417,0.0 -54.9955868,-14.4786416995417,0.0 -54.9956259,-14.4784585995417,0.0 -54.9956675,-14.4782641995417,0.0 -54.9960767,-14.4776306995418,0.0 -54.9963428,-14.4773440995418,0.0 -54.9963564,-14.4773349995418,0.0 -54.9966946,-14.4771096995418,0.0 -54.9969631,-14.4769307995418,0.0 -54.9970762,-14.4766388995418,0.0 -54.9971416,-14.4759999995418,0.0 -54.9977248,-14.4752930995418,0.0 -54.9976604,-14.4745694995418,0.0 -54.9977786,-14.4739175995419,0.0 -54.9973609,-14.4730113995419,0.0 -54.9975518,-14.4721701995419,0.0 -54.9970668,-14.4712677995419,0.0 -54.9969921,-14.4708825995419,0.0 -54.9971747,-14.470485499542,0.0 -54.9978881,-14.469953399542,0.0 -54.9982706,-14.469332899542,0.0 -54.9983675,-14.468969399542,0.0 -54.9982158,-14.468268599542,0.0 -54.9974501,-14.467360899542,0.0 -54.9972798,-14.4669024995421,0.0 -54.9973004,-14.4665998995421,0.0 -54.9976349,-14.4658906995421,0.0 -54.9977163,-14.4654963995421,0.0 -54.9972708,-14.4644582995421,0.0 -54.9974672,-14.4635670995421,0.0 -54.9972445,-14.4628033995422,0.0 -54.9978189,-14.4618502995422,0.0 -54.9979091,-14.4614641995422,0.0 -54.9977103,-14.4605533995422,0.0 -54.9968609,-14.4593570995423,0.0 -54.9967951,-14.4592197995423,0.0 -54.9966293,-14.4588734995423,0.0 -54.9965969,-14.4584138995423,0.0 -54.9966111,-14.4582879995423,0.0 -54.9968228,-14.4564144995424,0.0 -54.9969491,-14.4559463995424,0.0 -54.996854,-14.4553919995424,0.0 -54.9966263,-14.4549551995424,0.0 -54.9963495,-14.4546148995424,0.0 -54.9963204,-14.4545789995424,0.0 -54.9960922,-14.4542983995424,0.0 -54.9960243,-14.4540065995424,0.0 -54.9961455,-14.4536641995424,0.0 -54.9963837,-14.4534190995424,0.0 -54.9980086,-14.4526108995425,0.0 -54.9980749,-14.4525612995425,0.0 -54.9981535,-14.4525024995425,0.0 -54.9983194,-14.4523781995425,0.0 -54.9985145,-14.4520835995425,0.0 -54.9986546,-14.4515947995425,0.0 -54.9986006,-14.4509302995425,0.0 -54.9982338,-14.4501204995425,0.0 -54.9979315,-14.4497945995425,0.0 -54.9975284,-14.4497910995425,0.0 -54.9969501,-14.4494664995426,0.0 -54.9963124,-14.4495104995426,0.0 -54.9949482,-14.4498638995425,0.0 -54.9949101,-14.4498737995425,0.0 -54.9947901,-14.4499048995425,0.0 -54.9947533,-14.4498875995425,0.0 -54.9943141,-14.4496815995426,0.0 -54.9941869,-14.4492236995426,0.0 -54.9953336,-14.4478449995426,0.0 -54.9955263,-14.4472619995426,0.0 -54.99555,-14.4467048995426,0.0 -54.9965593,-14.4460100995427,0.0 -54.9965364,-14.4454252995427,0.0 -54.9964228,-14.4451156995427,0.0 -54.9962069,-14.4445271995427,0.0 -54.9957986,-14.4440669995427,0.0 -54.9953048,-14.4437338995427,0.0 -54.9951164,-14.4427913995428,0.0 -54.9938171,-14.4426477995428,0.0 -54.9935865,-14.4424358995428,0.0 -54.9936512,-14.4420663995428,0.0 -54.9935551,-14.4416102995428,0.0 -54.9929736,-14.4413115995428,0.0 -54.9923266,-14.4413334995428,0.0 -54.990736,-14.4418960995428,0.0 -54.9901074,-14.4421183995428,0.0 -54.9896008,-14.4421597995428,0.0 -54.9892826,-14.4419491995428,0.0 -54.9894642,-14.4414364995428,0.0 -54.9894809,-14.4413893995428,0.0 -54.9894435,-14.4406611995428,0.0 -54.9889648,-14.4401431995428,0.0 -54.9886184,-14.4395692995428,0.0 -54.9885696,-14.4384840995429,0.0 -54.9876701,-14.4375343995429,0.0 -54.9874565,-14.4368473995429,0.0 -54.9872551,-14.4365159995429,0.0 -54.987038,-14.4361586995429,0.0 -54.9865564,-14.4359690995429,0.0 -54.9859558,-14.4359781995429,0.0 -54.9853082,-14.4363294995429,0.0 -54.9847461,-14.4371120995429,0.0 -54.9841365,-14.4379609995429,0.0 -54.9837241,-14.4382142995429,0.0 -54.9830219,-14.4381226995429,0.0 -54.9828941,-14.4381339995429,0.0 -54.9819603,-14.4382167995429,0.0 -54.9809794,-14.4388616995429,0.0 -54.9802146,-14.4392119995429,0.0 -54.9797221,-14.4389822995429,0.0 -54.9793103,-14.4387902995429,0.0 -54.9788995,-14.4388723995429,0.0 -54.9782939,-14.4394381995428,0.0 -54.9781357,-14.4395377995429,0.0 -54.9778201,-14.4397364995428,0.0 -54.9775728,-14.4398922995428,0.0 -54.9771471,-14.4399135995428,0.0 -54.9769267,-14.4397195995428,0.0 -54.9761155,-14.4390054995429,0.0 -54.9744865,-14.4391798995429,0.0 -54.9736853,-14.4388846995429,0.0 -54.972859,-14.4379355995429,0.0 -54.9723537,-14.4371318995429,0.0 -54.9717982,-14.4370129995429,0.0 -54.9713417,-14.4372801995429,0.0 -54.9714755,-14.4378843995429,0.0 -54.9714054,-14.4383369995429,0.0 -54.9713204,-14.4383918995429,0.0 -54.9708161,-14.4387172995429,0.0 -54.9703578,-14.4391843995429,0.0 -54.9697105,-14.4395070995428,0.0 -54.9692797,-14.4401741995428,0.0 -54.9687324,-14.4400492995428,0.0 -54.9686493,-14.4398765995428,0.0 -54.96848,-14.4395250995428,0.0 -54.9686336,-14.4387821995429,0.0 -54.9684625,-14.4382259995429,0.0 -54.9686861,-14.4372117995429,0.0 -54.9685947,-14.4365714995429,0.0 -54.9680861,-14.4361245995429,0.0 -54.9666081,-14.4359833995429,0.0 -54.9655868,-14.435560699543,0.0 -54.9649323,-14.435686399543,0.0 -54.9647333,-14.4359957995429,0.0 -54.9648248,-14.4363141995429,0.0 -54.9648895,-14.4365394995429,0.0 -54.9651644,-14.4369129995429,0.0 -54.9651455,-14.4373837995429,0.0 -54.9646755,-14.4375224995429,0.0 -54.9641342,-14.4374606995429,0.0 -54.9635602,-14.4371559995429,0.0 -54.9634783,-14.4371124995429,0.0 -54.9624998,-14.4368042995429,0.0 -54.9615199,-14.4366530995429,0.0 -54.960966,-14.4363628995429,0.0 -54.9602836,-14.435700399543,0.0 -54.959903,-14.435682799543,0.0 -54.9595486,-14.4359937995429,0.0 -54.9595259,-14.4364034995429,0.0 -54.9594085,-14.4385188995429,0.0 -54.9590369,-14.4391151995429,0.0 -54.9583648,-14.4389380995429,0.0 -54.958501,-14.4384539995429,0.0 -54.9583251,-14.4379239995429,0.0 -54.9583014,-14.4378527995429,0.0 -54.9567851,-14.435498799543,0.0 -54.9564402,-14.434767899543,0.0 -54.9564171,-14.434096799543,0.0 -54.956788,-14.433571999543,0.0 -54.9573256,-14.4324347995431,0.0 -54.9575114,-14.4313372995431,0.0 -54.9574962,-14.4303036995431,0.0 -54.9572932,-14.4295654995431,0.0 -54.956622,-14.4292884995431,0.0 -54.9556974,-14.4295088995431,0.0 -54.9544759,-14.4301548995431,0.0 -54.9528473,-14.4304689995431,0.0 -54.9526394,-14.4307811995431,0.0 -54.9527883,-14.4311080995431,0.0 -54.9529009,-14.4311050995431,0.0 -54.9531198,-14.4310993995431,0.0 -54.9534112,-14.4312731995431,0.0 -54.9535107,-14.4316023995431,0.0 -54.9530704,-14.4316984995431,0.0 -54.9524578,-14.4314219995431,0.0 -54.9523971,-14.4313605995431,0.0 -54.9516016,-14.4305580995431,0.0 -54.9511538,-14.4298833995431,0.0 -54.9508396,-14.4290099995431,0.0 -54.9508468,-14.4282249995432,0.0 -54.9504267,-14.4277217995432,0.0 -54.9497665,-14.4278444995432,0.0 -54.9497146,-14.4287147995432,0.0 -54.949271,-14.4291818995431,0.0 -54.948623,-14.4291462995431,0.0 -54.9468787,-14.4281333995432,0.0 -54.9456584,-14.4270522995432,0.0 -54.9449096,-14.4266906995432,0.0 -54.9442542,-14.4268830995432,0.0 -54.9440916,-14.4275460995432,0.0 -54.9440617,-14.4278973995432,0.0 -54.9440144,-14.4284534995432,0.0 -54.9434847,-14.4286963995432,0.0 -54.9431151,-14.4285217995432,0.0 -54.9430295,-14.4281748995432,0.0 -54.9429268,-14.4277585995432,0.0 -54.9424043,-14.4272209995432,0.0 -54.9417455,-14.4275257995432,0.0 -54.9417177,-14.4275386995432,0.0 -54.9409896,-14.4275322995432,0.0 -54.9407996,-14.4275305995432,0.0 -54.9407188,-14.4276218995432,0.0 -54.9400298,-14.4283996995432,0.0 -54.9395892,-14.4295761995431,0.0 -54.9388997,-14.4298487995431,0.0 -54.9386203,-14.4295714995431,0.0 -54.9384975,-14.4294497995431,0.0 -54.9379055,-14.4292044995431,0.0 -54.9377513,-14.4286380995432,0.0 -54.938234,-14.4281619995432,0.0 -54.9382952,-14.4278093995432,0.0 -54.9377788,-14.4275520995432,0.0 -54.9375161,-14.4274211995432,0.0 -54.9375041,-14.4271526995432,0.0 -54.9383693,-14.4266145995432,0.0 -54.9384225,-14.4265814995432,0.0 -54.9389939,-14.4259084995432,0.0 -54.9390866,-14.4252877995433,0.0 -54.9387308,-14.4245783995433,0.0 -54.9379965,-14.4240492995433,0.0 -54.9373026,-14.4238454995433,0.0 -54.9363237,-14.4242115995433,0.0 -54.9356482,-14.4240710995433,0.0 -54.9352172,-14.4236576995433,0.0 -54.9349318,-14.4231748995433,0.0 -54.9343249,-14.4230580995433,0.0 -54.9340091,-14.4233393995433,0.0 -54.9332985,-14.4242482995433,0.0 -54.9327624,-14.4242294995433,0.0 -54.9323739,-14.4239293995433,0.0 -54.9322648,-14.4231797995433,0.0 -54.9319402,-14.4222304995433,0.0 -54.9314552,-14.4213927995434,0.0 -54.9308393,-14.4205963995434,0.0 -54.9301059,-14.4199683995434,0.0 -54.9297052,-14.4194139995434,0.0 -54.9296578,-14.4194452995434,0.0 -54.9291559,-14.4197765995434,0.0 -54.928193,-14.4200914995434,0.0 -54.927929,-14.4203844995434,0.0 -54.9278985,-14.4207107995434,0.0 -54.9279857,-14.4209588995434,0.0 -54.9285929,-14.4217033995434,0.0 -54.928801,-14.4220865995434,0.0 -54.9289122,-14.4229044995433,0.0 -54.9284753,-14.4242988995433,0.0 -54.9283461,-14.4256422995432,0.0 -54.9279813,-14.4269030995432,0.0 -54.9278493,-14.4277120995432,0.0 -54.9273448,-14.4284856995432,0.0 -54.9270752,-14.4286328995432,0.0 -54.9264133,-14.4293174995431,0.0 -54.9254481,-14.4298486995431,0.0 -54.9244896,-14.4300743995431,0.0 -54.921939,-14.4302171995431,0.0 -54.9215968,-14.4303158995431,0.0 -54.9212534,-14.4305581995431,0.0 -54.920118,-14.4317266995431,0.0 -54.9194327,-14.432647799543,0.0 -54.918153,-14.434029899543,0.0 -54.9160466,-14.436038299543,0.0 -54.9154118,-14.4368439995429,0.0 -54.9149013,-14.4376769995429,0.0 -54.9146182,-14.4383416995429,0.0 -54.9143846,-14.4391731995429,0.0 -54.9142766,-14.4399914995428,0.0 -54.9143509,-14.4416423995428,0.0 -54.9147449,-14.4436658995427,0.0 -54.9147319,-14.4439221995427,0.0 -54.914164,-14.4452439995427,0.0 -54.9140875,-14.4456540995427,0.0 -54.9142716,-14.4466615995426,0.0 -54.9148082,-14.4478077995426,0.0 -54.9147945,-14.4492336995426,0.0 -54.914624,-14.4497365995426,0.0 -54.9142306,-14.4503817995425,0.0 -54.9138644,-14.4507099995425,0.0 -54.9125657,-14.4515487995425,0.0 -54.9119616,-14.4521071995425,0.0 -54.9116903,-14.4525878995425,0.0 -54.9114093,-14.4535791995424,0.0 -54.9115144,-14.4541695995424,0.0 -54.9115665,-14.4544615995424,0.0 -54.9116714,-14.4550503995424,0.0 -54.9118221,-14.4553729995424,0.0 -54.9118228,-14.4553825995424,0.0 -54.9120067,-14.4578142995423,0.0 -54.9117773,-14.4591656995423,0.0 -54.9114108,-14.4605052995422,0.0 -54.9108983,-14.4616563995422,0.0 -54.9105944,-14.4620564995422,0.0 -54.9096012,-14.4627794995422,0.0 -54.908368,-14.4631581995422,0.0 -54.906548,-14.4635008995422,0.0 -54.9061545,-14.4636729995421,0.0 -54.9056916,-14.4640929995421,0.0 -54.9054834,-14.4645554995421,0.0 -54.9051974,-14.4661765995421,0.0 -54.9045159,-14.467321099542,0.0 -54.9032112,-14.470310599542,0.0 -54.9028377,-14.4707032995419,0.0 -54.9022502,-14.4717223995419,0.0 -54.901986,-14.4718596995419,0.0 -54.9015525,-14.4719024995419,0.0 -54.901235,-14.4721249995419,0.0 -54.9010062,-14.4726280995419,0.0 -54.9009181,-14.4731967995419,0.0 -54.9009501,-14.4734925995419,0.0 -54.9010952,-14.4748366995418,0.0 -54.9014313,-14.4759063995418,0.0 -54.9014414,-14.4763535995418,0.0 -54.9011729,-14.4777312995417,0.0 -54.9015523,-14.4791813995417,0.0 -54.9015743,-14.4795599995417,0.0 -54.9013495,-14.4806644995417,0.0 -54.900966,-14.4813541995416,0.0 -54.900483,-14.4817468995416,0.0 -54.9002735,-14.4820511995416,0.0 -54.9000818,-14.4830154995416,0.0 -54.9002778,-14.4840128995416,0.0 -54.9012563,-14.4856665995415,0.0 -54.9016441,-14.4861350995415,0.0 -54.9019375,-14.4871027995415,0.0 -54.9017524,-14.4899116995414,0.0 -54.901808,-14.4904431995414,0.0 -54.902487,-14.4925751995413,0.0 -54.9030434,-14.4938467995413,0.0 -54.9031548,-14.4945920995413,0.0 -54.9032691,-14.4953565995412,0.0 -54.9040231,-14.4966061995412,0.0 -54.9045801,-14.4970200995412,0.0 -54.9047777,-14.4972737995412,0.0 -54.9049462,-14.4980606995412,0.0 -54.9049481,-14.4987322995411,0.0 -54.9050843,-14.4990494995411,0.0 -54.9055058,-14.4995700995411,0.0 -54.9059629,-14.4997524995411,0.0 -54.9063448,-14.5002312995411,0.0 -54.9066705,-14.5010967995411,0.0 -54.9067517,-14.5014609995411,0.0 -54.9073751,-14.502429899541,0.0 -54.9078984,-14.503540399541,0.0 -54.9087768,-14.505050499541,0.0 -54.909281,-14.5055482995409,0.0 -54.9097468,-14.5058305995409,0.0 -54.9107839,-14.5060983995409,0.0 -54.9114691,-14.5064201995409,0.0 -54.9118939,-14.5067451995409,0.0 -54.9125706,-14.5075501995409,0.0 -54.9129705,-14.5084237995409,0.0 -54.9130403,-14.5087074995409,0.0 -54.9133498,-14.5099647995408,0.0 -54.9142484,-14.5114022995408,0.0 -54.9150662,-14.5133048995407,0.0 -54.9154695,-14.5136542995407,0.0 -54.9173058,-14.5145521995407,0.0 -54.9186908,-14.5154919995407,0.0 -54.9194735,-14.5162732995406,0.0 -54.9209953,-14.5188006995406,0.0 -54.9221463,-14.5218301995405,0.0 -54.9226021,-14.5225866995404,0.0 -54.9225838,-14.5228490995404,0.0 -54.9224725,-14.5244506995404,0.0 -54.9225637,-14.5251732995404,0.0 -54.9226661,-14.5259852995404,0.0 -54.9231893,-14.5278459995403,0.0 -54.9234179,-14.5290043995403,0.0 -54.9240028,-14.5303814995402,0.0 -54.9244093,-14.5313385995402,0.0 -54.9249859,-14.5331182995401,0.0 -54.9249941,-14.5338578995401,0.0 -54.9247197,-14.5351329995401,0.0 -54.9247979,-14.5354196995401,0.0 -54.9250505,-14.5356488995401,0.0 -54.9259456,-14.5357529995401,0.0 -54.9268478,-14.5362594995401,0.0 -54.9275926,-14.53684579954,0.0 -54.9291837,-14.53941759954,0.0 -54.9291905,-14.53948759954,0.0 -54.9292471,-14.5400668995399,0.0 -54.9294608,-14.5404088995399,0.0 -54.9291391,-14.5409595995399,0.0 -54.9289584,-14.5424438995399,0.0 -54.9292761,-14.5438505995398,0.0 -54.9095544,-14.6387618995371,0.0 -54.9068968,-14.6515513995367,0.0 -54.909199,-14.6519032995367,0.0 -54.9101788,-14.6522064995367,0.0 -54.9120972,-14.6531804995367,0.0 -54.9126959,-14.6538113995367,0.0 -54.9129528,-14.6546231995366,0.0 -54.912753,-14.6557621995366,0.0 -54.9125322,-14.6562415995366,0.0 -54.9117121,-14.6579237995366,0.0 -54.9114388,-14.6588412995365,0.0 -54.9112629,-14.6592953995365,0.0 -54.9110126,-14.6599413995365,0.0 -54.9110697,-14.6599615995365,0.0 -54.9105998,-14.6610285995365,0.0 -54.9104608,-14.6616431995364,0.0 -54.9104084,-14.6628426995364,0.0 -54.9103623,-14.6638947995364,0.0 -54.9103929,-14.6644104995364,0.0 -54.9104981,-14.6661843995363,0.0 -54.9101487,-14.6683854995362,0.0 -54.9104107,-14.6709367995362,0.0 -54.9101371,-14.6724179995361,0.0 -54.9101221,-14.6731447995361,0.0 -54.9103558,-14.6740416995361,0.0 -54.9109755,-14.6748231995361,0.0 -54.9115371,-14.675829299536,0.0 -54.9118887,-14.677202999536,0.0 -54.9121799,-14.677467399536,0.0 -54.9125332,-14.677592399536,0.0 -54.9146002,-14.677420599536,0.0 -54.9154658,-14.677919099536,0.0 -54.9158475,-14.678035999536,0.0 -54.9179028,-14.677824599536,0.0 -54.9201184,-14.677714899536,0.0 -54.9205803,-14.677850499536,0.0 -54.9213022,-14.678312399536,0.0 -54.9215849,-14.678392899536,0.0 -54.9223137,-14.677970599536,0.0 -54.9229109,-14.677865399536,0.0 -54.9240888,-14.678220399536,0.0 -54.9247265,-14.678591799536,0.0 -54.9249829,-14.6788574995359,0.0 -54.9256578,-14.6799989995359,0.0 -54.9256808,-14.6804012995359,0.0 -54.925584,-14.6808494995359,0.0 -54.9242265,-14.6829318995358,0.0 -54.9240389,-14.6833651995358,0.0 -54.9239964,-14.6837092995358,0.0 -54.9243361,-14.6854177995358,0.0 -54.9241439,-14.6858487995358,0.0 -54.9241213,-14.6864311995357,0.0 -54.9242502,-14.6872645995357,0.0 -54.9246028,-14.6879501995357,0.0 -54.9249255,-14.6881860995357,0.0 -54.9262039,-14.6886135995357,0.0 -54.9267647,-14.6889847995357,0.0 -54.9268811,-14.6893353995356,0.0 -54.9268261,-14.6902856995356,0.0 -54.9265964,-14.6908860995356,0.0 -54.9258142,-14.6917661995356,0.0 -54.9255088,-14.6928169995355,0.0 -54.9247417,-14.6936062995355,0.0 -54.9241291,-14.6940273995355,0.0 -54.9235267,-14.6950291995355,0.0 -54.922383,-14.6960085995355,0.0 -54.9220957,-14.6963823995354,0.0 -54.9220418,-14.6966315995354,0.0 -54.9225898,-14.6973565995354,0.0 -54.9225927,-14.6977423995354,0.0 -54.9214841,-14.6990233995354,0.0 -54.9213748,-14.6994081995354,0.0 -54.9211741,-14.7014505995353,0.0 -54.920677,-14.7028364995353,0.0 -54.9202579,-14.7044831995352,0.0 -54.9198722,-14.7054871995352,0.0 -54.9196099,-14.7058994995352,0.0 -54.9186295,-14.7068268995351,0.0 -54.9181568,-14.7075755995351,0.0 -54.9174889,-14.7083293995351,0.0 -54.9175685,-14.7086902995351,0.0 -54.9178492,-14.7092361995351,0.0 -54.9178375,-14.7098125995351,0.0 -54.9182384,-14.710532699535,0.0 -54.9182557,-14.710908399535,0.0 -54.9173897,-14.711329899535,0.0 -54.916769,-14.712160499535,0.0 -54.9156038,-14.7143900995349,0.0 -54.915348,-14.7152415995349,0.0 -54.9156806,-14.7161054995349,0.0 -54.9158214,-14.7162230995349,0.0 -54.9163089,-14.7160270995349,0.0 -54.9167812,-14.7155364995349,0.0 -54.9171534,-14.7154396995349,0.0 -54.9174103,-14.7155421995349,0.0 -54.9176356,-14.7159244995349,0.0 -54.9178217,-14.7160575995349,0.0 -54.9180738,-14.7160823995349,0.0 -54.9186537,-14.7159183995349,0.0 -54.9190665,-14.7161515995349,0.0 -54.9191322,-14.7163868995349,0.0 -54.9190586,-14.7166666995349,0.0 -54.9187065,-14.7171504995349,0.0 -54.9182665,-14.7175446995348,0.0 -54.9181989,-14.7178756995348,0.0 -54.9183039,-14.7180004995348,0.0 -54.9185443,-14.7180367995348,0.0 -54.9191888,-14.7177473995348,0.0 -54.9195034,-14.7179676995348,0.0 -54.9196723,-14.7186456995348,0.0 -54.9195716,-14.7208501995347,0.0 -54.9198,-14.7210304995347,0.0 -54.9201359,-14.7208496995347,0.0 -54.9203421,-14.7208363995347,0.0 -54.9208088,-14.7210899995347,0.0 -54.9210535,-14.7221481995347,0.0 -54.921477,-14.7228423995347,0.0 -54.9215002,-14.7238474995347,0.0 -54.9217253,-14.7242939995346,0.0 -54.9220861,-14.7245656995346,0.0 -54.9231887,-14.7246737995346,0.0 -54.9234958,-14.7249096995346,0.0 -54.9235536,-14.7255599995346,0.0 -54.9230836,-14.7271231995346,0.0 -54.9231514,-14.7274307995346,0.0 -54.9233672,-14.7276471995345,0.0 -54.9238858,-14.7277057995345,0.0 -54.9246996,-14.7270628995346,0.0 -54.9253427,-14.7268991995346,0.0 -54.9260632,-14.7272920995346,0.0 -54.9265217,-14.7278970995345,0.0 -54.9267624,-14.7279930995345,0.0 -54.9270686,-14.7278292995345,0.0 -54.9275518,-14.7271931995346,0.0 -54.9278788,-14.7271150995346,0.0 -54.9289064,-14.7276484995345,0.0 -54.9292949,-14.7286024995345,0.0 -54.9295894,-14.7288498995345,0.0 -54.9302398,-14.7286143995345,0.0 -54.930506,-14.7286833995345,0.0 -54.930896,-14.7289443995345,0.0 -54.9310878,-14.7289579995345,0.0 -54.9317278,-14.7281861995345,0.0 -54.932254,-14.7280650995345,0.0 -54.9327054,-14.7281513995345,0.0 -54.9333329,-14.7284529995345,0.0 -54.9339191,-14.7291281995345,0.0 -54.9341327,-14.7292636995345,0.0 -54.9343573,-14.7291511995345,0.0 -54.934309,-14.7284322995345,0.0 -54.9344097,-14.7282834995345,0.0 -54.9345611,-14.7282397995345,0.0 -54.9348074,-14.7283531995345,0.0 -54.9356701,-14.7291988995345,0.0 -54.9361795,-14.7294871995345,0.0 -54.9369744,-14.7294780995345,0.0 -54.9393151,-14.7294511995345,0.0 -54.9398415,-14.7295277995345,0.0 -54.9400124,-14.7296364995345,0.0 -54.9400284,-14.7298483995345,0.0 -54.9393116,-14.7302080995345,0.0 -54.939171,-14.7304587995345,0.0 -54.9392102,-14.7307277995345,0.0 -54.939843,-14.7315351995344,0.0 -54.9399998,-14.7322205995344,0.0 -54.9399225,-14.7329535995344,0.0 -54.9400636,-14.7337991995344,0.0 -54.9395329,-14.7349539995343,0.0 -54.9395201,-14.7355911995343,0.0 -54.9397198,-14.7357201995343,0.0 -54.940439,-14.7354389995343,0.0 -54.9406105,-14.7355282995343,0.0 -54.9406518,-14.7356630995343,0.0 -54.9405475,-14.7358553995343,0.0 -54.9400737,-14.7361859995343,0.0 -54.9400163,-14.7363571995343,0.0 -54.9401034,-14.7365416995343,0.0 -54.9403072,-14.7366341995343,0.0 -54.9406481,-14.7366136995343,0.0 -54.9416194,-14.7360340995343,0.0 -54.9426702,-14.7359218995343,0.0 -54.942813,-14.7358182995343,0.0 -54.9428498,-14.7355204995343,0.0 -54.9429589,-14.7353888995343,0.0 -54.943905,-14.7355408995343,0.0 -54.9443371,-14.7358813995343,0.0 -54.9449349,-14.7365609995343,0.0 -54.9454839,-14.7367558995343,0.0 -54.9465224,-14.7363512995343,0.0 -54.9474943,-14.7363870995343,0.0 -54.9480907,-14.7358927995343,0.0 -54.9485331,-14.7359986995343,0.0 -54.9489032,-14.7363320995343,0.0 -54.9490362,-14.7366193995343,0.0 -54.9499904,-14.7370593995343,0.0 -54.9505026,-14.7373925995343,0.0 -54.9508058,-14.7378779995342,0.0 -54.9508423,-14.7382638995342,0.0 -54.9503838,-14.7388084995342,0.0 -54.9501655,-14.7392094995342,0.0 -54.95005,-14.7401368995342,0.0 -54.9499274,-14.7404396995342,0.0 -54.9496349,-14.7407929995342,0.0 -54.9490268,-14.7412140995342,0.0 -54.9487457,-14.7415165995342,0.0 -54.9480173,-14.7428893995341,0.0 -54.9476951,-14.7429342995341,0.0 -54.9474331,-14.7428067995341,0.0 -54.9473002,-14.7425396995341,0.0 -54.9472601,-14.7418480995341,0.0 -54.9471106,-14.7416976995341,0.0 -54.9469149,-14.7416827995341,0.0 -54.9465702,-14.7419289995341,0.0 -54.9462215,-14.7426183995341,0.0 -54.9459871,-14.7428958995341,0.0 -54.9448175,-14.7436849995341,0.0 -54.9447834,-14.7438432995341,0.0 -54.9449134,-14.7440235995341,0.0 -54.9458526,-14.7443834995341,0.0 -54.9463473,-14.7447133995341,0.0 -54.9468666,-14.7449440995341,0.0 -54.9473154,-14.7447628995341,0.0 -54.9477085,-14.7445435995341,0.0 -54.9479542,-14.7445046995341,0.0 -54.9483305,-14.7446402995341,0.0 -54.9484714,-14.7448545995341,0.0 -54.9484809,-14.745031399534,0.0 -54.9482943,-14.745337399534,0.0 -54.9475245,-14.745779099534,0.0 -54.9474604,-14.746100699534,0.0 -54.94766,-14.746265999534,0.0 -54.9482992,-14.746244399534,0.0 -54.948751,-14.746432499534,0.0 -54.949541,-14.747305699534,0.0 -54.9496627,-14.747829299534,0.0 -54.9494063,-14.748138299534,0.0 -54.9481198,-14.7485893995339,0.0 -54.9474937,-14.7490148995339,0.0 -54.9470417,-14.7496908995339,0.0 -54.946938,-14.7505448995339,0.0 -54.9456877,-14.7500897995339,0.0 -54.9454197,-14.7499921995339,0.0 -54.945064,-14.7499752995339,0.0 -54.9447529,-14.7500832995339,0.0 -54.9445454,-14.7503950995339,0.0 -54.9445822,-14.7512957995339,0.0 -54.944498,-14.7517320995339,0.0 -54.9444593,-14.7519321995338,0.0 -54.944387,-14.7523062995338,0.0 -54.9440304,-14.7526708995338,0.0 -54.9427471,-14.7532765995338,0.0 -54.94258,-14.7535944995338,0.0 -54.9421074,-14.7540007995338,0.0 -54.9416608,-14.7541336995338,0.0 -54.9410301,-14.7538999995338,0.0 -54.9404231,-14.7536436995338,0.0 -54.9401175,-14.7537321995338,0.0 -54.93995,-14.7540956995338,0.0 -54.9397251,-14.7555762995337,0.0 -54.9393183,-14.7564622995337,0.0 -54.9387732,-14.7570960995337,0.0 -54.9382086,-14.7573190995337,0.0 -54.9376232,-14.7572454995337,0.0 -54.937273,-14.7571054995337,0.0 -54.936896,-14.7573073995337,0.0 -54.936939,-14.7577183995337,0.0 -54.93717,-14.7580853995337,0.0 -54.938055,-14.7586863995337,0.0 -54.9384245,-14.7592826995336,0.0 -54.9384423,-14.7598758995336,0.0 -54.9382555,-14.7607558995336,0.0 -54.9380751,-14.7609521995336,0.0 -54.9377413,-14.7610929995336,0.0 -54.9370959,-14.7609075995336,0.0 -54.9366707,-14.7609597995336,0.0 -54.9364223,-14.7612705995336,0.0 -54.9364254,-14.7616597995336,0.0 -54.9365555,-14.7620921995336,0.0 -54.9367456,-14.7622661995336,0.0 -54.9379316,-14.7628365995335,0.0 -54.9382614,-14.7630966995335,0.0 -54.938408,-14.7635920995335,0.0 -54.9383244,-14.7638158995335,0.0 -54.9381051,-14.7640386995335,0.0 -54.9375006,-14.7641719995335,0.0 -54.936419,-14.7639994995335,0.0 -54.935969,-14.7640092995335,0.0 -54.935428,-14.7640208995335,0.0 -54.9350358,-14.7641214995335,0.0 -54.9346716,-14.7643862995335,0.0 -54.9345763,-14.7646029995335,0.0 -54.9346511,-14.7649961995335,0.0 -54.9348602,-14.7652794995335,0.0 -54.935119,-14.7654809995335,0.0 -54.9357038,-14.7657252995335,0.0 -54.9367283,-14.7659299995335,0.0 -54.9373809,-14.7661487995334,0.0 -54.9376836,-14.7664939995334,0.0 -54.9378459,-14.7669750995334,0.0 -54.9378025,-14.7676252995334,0.0 -54.9376762,-14.7679534995334,0.0 -54.9374503,-14.7681439995334,0.0 -54.935222,-14.7689647995334,0.0 -54.9349878,-14.7692111995334,0.0 -54.9346902,-14.7699334995333,0.0 -54.9343213,-14.7701110995333,0.0 -54.9338494,-14.7701876995333,0.0 -54.9332678,-14.7701026995333,0.0 -54.9326383,-14.7698288995333,0.0 -54.9323229,-14.7695401995333,0.0 -54.9313341,-14.7682306995334,0.0 -54.9308371,-14.7678626995334,0.0 -54.9301796,-14.7676495995334,0.0 -54.9298991,-14.7677436995334,0.0 -54.929797,-14.7679117995334,0.0 -54.9296313,-14.7710185995333,0.0 -54.9295039,-14.7716711995333,0.0 -54.9288709,-14.7733550995332,0.0 -54.9281896,-14.7743732995332,0.0 -54.9278408,-14.7757823995332,0.0 -54.9278274,-14.7765111995331,0.0 -54.9282669,-14.7780262995331,0.0 -54.9279345,-14.780815499533,0.0 -54.9271914,-14.781962099533,0.0 -54.9271386,-14.782170299533,0.0 -54.9271486,-14.782439099533,0.0 -54.9274144,-14.782906799533,0.0 -54.929498,-14.7847425995329,0.0 -54.9295094,-14.7847689995329,0.0 -54.9296294,-14.7850476995329,0.0 -54.9297798,-14.7853966995329,0.0 -54.9297299,-14.7858480995329,0.0 -54.928704,-14.7862215995329,0.0 -54.9284675,-14.7863830995329,0.0 -54.9280956,-14.7866360995329,0.0 -54.9267761,-14.7871903995328,0.0 -54.9265081,-14.7874285995328,0.0 -54.9264152,-14.7877199995328,0.0 -54.9264266,-14.7892844995328,0.0 -54.926237,-14.7905691995327,0.0 -54.9257175,-14.7920124995327,0.0 -54.9251226,-14.7928979995327,0.0 -54.9246157,-14.7931322995327,0.0 -54.9238953,-14.7938526995327,0.0 -54.9236317,-14.7939511995326,0.0 -54.9233097,-14.7939402995326,0.0 -54.9228148,-14.7938335995326,0.0 -54.9220575,-14.7934472995327,0.0 -54.9210892,-14.7930908995327,0.0 -54.9189089,-14.7931573995327,0.0 -54.9181572,-14.7928393995327,0.0 -54.9172157,-14.7922130995327,0.0 -54.9169133,-14.7921404995327,0.0 -54.9164993,-14.7923487995327,0.0 -54.9161402,-14.7927951995327,0.0 -54.916313,-14.7933681995327,0.0 -54.9169551,-14.7942771995326,0.0 -54.9170659,-14.7948817995326,0.0 -54.9170345,-14.7952072995326,0.0 -54.9168656,-14.7955254995326,0.0 -54.9163265,-14.7958104995326,0.0 -54.9159165,-14.7958775995326,0.0 -54.9155796,-14.7958089995326,0.0 -54.9147674,-14.7951700995326,0.0 -54.9141672,-14.7948282995326,0.0 -54.9131437,-14.7944208995326,0.0 -54.912801,-14.7943817995326,0.0 -54.9123683,-14.7944539995326,0.0 -54.9120805,-14.7946276995326,0.0 -54.9118558,-14.7950016995326,0.0 -54.9115425,-14.7959320995326,0.0 -54.9113212,-14.7961284995326,0.0 -54.9110619,-14.7961408995326,0.0 -54.9107276,-14.7957759995326,0.0 -54.9104007,-14.7947013995326,0.0 -54.9100221,-14.7942857995326,0.0 -54.9093392,-14.7938793995327,0.0 -54.9083276,-14.7937058995327,0.0 -54.9073093,-14.7937774995326,0.0 -54.9068448,-14.7939192995326,0.0 -54.9065712,-14.7941050995326,0.0 -54.9060358,-14.7946987995326,0.0 -54.9057739,-14.7948528995326,0.0 -54.9042746,-14.7950431995326,0.0 -54.9041311,-14.7951882995326,0.0 -54.9039727,-14.7957605995326,0.0 -54.9039584,-14.7957703995326,0.0 -54.9034955,-14.7960879995326,0.0 -54.9029434,-14.7961271995326,0.0 -54.9016145,-14.7959982995326,0.0 -54.9010473,-14.7957077995326,0.0 -54.9004799,-14.7955637995326,0.0 -54.9001738,-14.7956476995326,0.0 -54.8992906,-14.7961664995326,0.0 -54.8987991,-14.7962363995326,0.0 -54.8984768,-14.7961243995326,0.0 -54.8983933,-14.7959513995326,0.0 -54.8984747,-14.7957270995326,0.0 -54.8993283,-14.7950417995326,0.0 -54.8995341,-14.7947427995326,0.0 -54.89959,-14.7929748995327,0.0 -54.8993114,-14.7921908995327,0.0 -54.8983376,-14.7910258995327,0.0 -54.8978606,-14.7902096995328,0.0 -54.8970359,-14.7894813995328,0.0 -54.8965112,-14.7892826995328,0.0 -54.8948425,-14.7893172995328,0.0 -54.8932982,-14.7888635995328,0.0 -54.8922755,-14.7890383995328,0.0 -54.8914897,-14.7889523995328,0.0 -54.8913641,-14.7887228995328,0.0 -54.8914195,-14.7880805995328,0.0 -54.8914316,-14.7879402995328,0.0 -54.8913322,-14.7873024995328,0.0 -54.8909584,-14.7864312995329,0.0 -54.8906218,-14.7859872995329,0.0 -54.8904669,-14.7857828995329,0.0 -54.8890346,-14.7853261995329,0.0 -54.8864742,-14.7852274995329,0.0 -54.8831089,-14.7846232995329,0.0 -54.8809081,-14.7840296995329,0.0 -54.8804002,-14.7840411995329,0.0 -54.8801517,-14.7841353995329,0.0 -54.8800431,-14.7842803995329,0.0 -54.8800378,-14.7852902995329,0.0 -54.8797854,-14.7859156995329,0.0 -54.8778178,-14.7866787995329,0.0 -54.8776219,-14.7869929995328,0.0 -54.8776286,-14.7877697995328,0.0 -54.8775051,-14.7880345995328,0.0 -54.876671,-14.7885476995328,0.0 -54.8763501,-14.7891839995328,0.0 -54.8761208,-14.7894205995328,0.0 -54.8755792,-14.7896762995328,0.0 -54.8750911,-14.7896834995328,0.0 -54.8745662,-14.7894534995328,0.0 -54.8742512,-14.7889264995328,0.0 -54.874376,-14.7872266995328,0.0 -54.8739847,-14.7864256995329,0.0 -54.8737797,-14.7851685995329,0.0 -54.8737919,-14.7843297995329,0.0 -54.8740493,-14.783023499533,0.0 -54.8737968,-14.781388099533,0.0 -54.8739147,-14.780524899533,0.0 -54.8738719,-14.780243999533,0.0 -54.8735962,-14.780059699533,0.0 -54.8730823,-14.780045999533,0.0 -54.8727223,-14.780132999533,0.0 -54.8723631,-14.780366099533,0.0 -54.8717586,-14.781078799533,0.0 -54.8713686,-14.782249799533,0.0 -54.8712008,-14.782456999533,0.0 -54.8709121,-14.782415599533,0.0 -54.8708173,-14.782402099533,0.0 -54.8702232,-14.781949599533,0.0 -54.8692725,-14.781713799533,0.0 -54.8686578,-14.781883199533,0.0 -54.868393,-14.782108299533,0.0 -54.8684285,-14.782404199533,0.0 -54.8691118,-14.782825599533,0.0 -54.8694901,-14.783178599533,0.0 -54.8697237,-14.7838818995329,0.0 -54.8697027,-14.7842820995329,0.0 -54.8695131,-14.7847547995329,0.0 -54.8691956,-14.7849238995329,0.0 -54.8686209,-14.7850348995329,0.0 -54.8674933,-14.7851025995329,0.0 -54.8671069,-14.7850823995329,0.0 -54.8668711,-14.7849802995329,0.0 -54.8667144,-14.7847855995329,0.0 -54.8667109,-14.7843971995329,0.0 -54.867144,-14.7838305995329,0.0 -54.8671567,-14.7836356995329,0.0 -54.8668557,-14.7834129995329,0.0 -54.8658202,-14.783003699533,0.0 -54.8653731,-14.782960199533,0.0 -54.8637184,-14.7832530995329,0.0 -54.8623266,-14.783111699533,0.0 -54.8612277,-14.782403799533,0.0 -54.8584559,-14.782317699533,0.0 -54.8576813,-14.782200699533,0.0 -54.8564125,-14.781589299533,0.0 -54.8560651,-14.781680299533,0.0 -54.8555384,-14.782037599533,0.0 -54.8550742,-14.782194299533,0.0 -54.8545394,-14.782255399533,0.0 -54.8540349,-14.782001699533,0.0 -54.8537534,-14.781990499533,0.0 -54.8522736,-14.782820099533,0.0 -54.8514974,-14.782947399533,0.0 -54.8507725,-14.782924399533,0.0 -54.8492513,-14.782506899533,0.0 -54.8489373,-14.782110299533,0.0 -54.8488633,-14.781219499533,0.0 -54.8487298,-14.780928099533,0.0 -54.8483274,-14.780656799533,0.0 -54.8476859,-14.780607099533,0.0 -54.8474907,-14.781186599533,0.0 -54.8476465,-14.782594999533,0.0 -54.8473311,-14.7839350995329,0.0 -54.8473428,-14.7842355995329,0.0 -54.8475304,-14.7844475995329,0.0 -54.8478593,-14.7845698995329,0.0 -54.8493175,-14.7845793995329,0.0 -54.8495244,-14.7848307995329,0.0 -54.8494645,-14.7852232995329,0.0 -54.8488756,-14.7855391995329,0.0 -54.8483207,-14.7856354995329,0.0 -54.8477887,-14.7856151995329,0.0 -54.8470428,-14.7854068995329,0.0 -54.8457454,-14.7847227995329,0.0 -54.8450662,-14.7847193995329,0.0 -54.8447346,-14.7848293995329,0.0 -54.8444355,-14.7850496995329,0.0 -54.8440077,-14.7859512995329,0.0 -54.8436929,-14.7863109995329,0.0 -54.8431453,-14.7867256995328,0.0 -54.8425577,-14.7865618995329,0.0 -54.8415528,-14.7856744995329,0.0 -54.8406071,-14.7851939995329,0.0 -54.8400571,-14.7847097995329,0.0 -54.8394311,-14.7844740995329,0.0 -54.8390344,-14.7844284995329,0.0 -54.8386832,-14.7845390995329,0.0 -54.8384668,-14.7848099995329,0.0 -54.8384191,-14.7854634995329,0.0 -54.8383953,-14.7857905995329,0.0 -54.838207,-14.7864575995329,0.0 -54.8381472,-14.7876369995328,0.0 -54.8380152,-14.7879346995328,0.0 -54.8375751,-14.7882579995328,0.0 -54.836588,-14.7882726995328,0.0 -54.8351414,-14.7880747995328,0.0 -54.8346393,-14.7878018995328,0.0 -54.8339838,-14.7871402995328,0.0 -54.8336127,-14.7870039995328,0.0 -54.8330423,-14.7871314995328,0.0 -54.8321426,-14.7877248995328,0.0 -54.8318034,-14.7877528995328,0.0 -54.8316112,-14.7875584995328,0.0 -54.8316739,-14.7865474995329,0.0 -54.8314191,-14.7858574995329,0.0 -54.8309981,-14.7856617995329,0.0 -54.829481,-14.7854435995329,0.0 -54.8291113,-14.7852639995329,0.0 -54.8288337,-14.7849908995329,0.0 -54.8287499,-14.7846898995329,0.0 -54.8290047,-14.7839582995329,0.0 -54.8290302,-14.7836404995329,0.0 -54.8289032,-14.783312399533,0.0 -54.8286762,-14.783249299533,0.0 -54.8283935,-14.7834907995329,0.0 -54.8279882,-14.7843918995329,0.0 -54.8277605,-14.7846544995329,0.0 -54.8274498,-14.7847982995329,0.0 -54.8265722,-14.7849144995329,0.0 -54.8262624,-14.7851685995329,0.0 -54.8262647,-14.7854769995329,0.0 -54.8266512,-14.7866464995329,0.0 -54.8267683,-14.7873475995328,0.0 -54.8263994,-14.7882143995328,0.0 -54.8261007,-14.7898333995328,0.0 -54.8255588,-14.7909793995327,0.0 -54.8255476,-14.7918454995327,0.0 -54.8253801,-14.7919351995327,0.0 -54.825079,-14.7918912995327,0.0 -54.8237005,-14.7913767995327,0.0 -54.8231909,-14.7914494995327,0.0 -54.8228898,-14.7919208995327,0.0 -54.8229455,-14.7924192995327,0.0 -54.8233256,-14.7930153995327,0.0 -54.8241215,-14.7933896995327,0.0 -54.8243243,-14.7936000995327,0.0 -54.8244247,-14.7947266995326,0.0 -54.8248304,-14.7957105995326,0.0 -54.8248777,-14.7961074995326,0.0 -54.8247749,-14.7963106995326,0.0 -54.8245653,-14.7963636995326,0.0 -54.8236117,-14.7960273995326,0.0 -54.8233334,-14.7960627995326,0.0 -54.8231017,-14.7963030995326,0.0 -54.8227954,-14.7972076995325,0.0 -54.8223094,-14.7974712995325,0.0 -54.8219127,-14.7972897995325,0.0 -54.8217457,-14.7971030995326,0.0 -54.8216773,-14.7970267995326,0.0 -54.8214104,-14.7964596995326,0.0 -54.8211582,-14.7962385995326,0.0 -54.8208146,-14.7961626995326,0.0 -54.8201667,-14.7963257995326,0.0 -54.8196682,-14.7962864995326,0.0 -54.819085,-14.7960275995326,0.0 -54.8183674,-14.7954816995326,0.0 -54.8180816,-14.7955734995326,0.0 -54.8180028,-14.7960476995326,0.0 -54.8178136,-14.7962684995326,0.0 -54.8174693,-14.7963959995326,0.0 -54.8170947,-14.7963444995326,0.0 -54.8168375,-14.7961071995326,0.0 -54.8166752,-14.7953010995326,0.0 -54.816521,-14.7951541995326,0.0 -54.8163022,-14.7951110995326,0.0 -54.8159826,-14.7952477995326,0.0 -54.8156442,-14.7955600995326,0.0 -54.8149634,-14.7966424995326,0.0 -54.8146322,-14.7969502995326,0.0 -54.8142323,-14.7970580995326,0.0 -54.8124345,-14.7971720995326,0.0 -54.811512,-14.7970374995326,0.0 -54.8111309,-14.7970688995326,0.0 -54.8105877,-14.7973909995325,0.0 -54.8102319,-14.7977972995325,0.0 -54.8100534,-14.7984158995325,0.0 -54.8096502,-14.7984418995325,0.0 -54.8093981,-14.7982265995325,0.0 -54.8094761,-14.7971709995326,0.0 -54.8093862,-14.7968759995326,0.0 -54.8091123,-14.7967256995326,0.0 -54.8084928,-14.7966317995326,0.0 -54.8082764,-14.7963792995326,0.0 -54.8082939,-14.7961309995326,0.0 -54.8084504,-14.7958447995326,0.0 -54.8093365,-14.7952051995326,0.0 -54.8093529,-14.7950686995326,0.0 -54.8092225,-14.7949463995326,0.0 -54.80861,-14.7947727995326,0.0 -54.8075965,-14.7943037995326,0.0 -54.8070974,-14.7943151995326,0.0 -54.8064044,-14.7949535995326,0.0 -54.8064143,-14.7951705995326,0.0 -54.8067305,-14.7956690995326,0.0 -54.8068206,-14.7960311995326,0.0 -54.806698,-14.7964065995326,0.0 -54.8063716,-14.7965587995326,0.0 -54.8058747,-14.7964044995326,0.0 -54.8055204,-14.7961302995326,0.0 -54.8051816,-14.7958678995326,0.0 -54.8044377,-14.7957394995326,0.0 -54.8042837,-14.7955981995326,0.0 -54.8040149,-14.7953514995326,0.0 -54.8036197,-14.7951288995326,0.0 -54.8029776,-14.7953156995326,0.0 -54.8027271,-14.7954989995326,0.0 -54.8026463,-14.7957309995326,0.0 -54.8026941,-14.7963451995326,0.0 -54.8024945,-14.7965479995326,0.0 -54.8018629,-14.7960991995326,0.0 -54.8010903,-14.7958833995326,0.0 -54.8004778,-14.7953391995326,0.0 -54.8002134,-14.7952710995326,0.0 -54.799992,-14.7953309995326,0.0 -54.799874,-14.7954893995326,0.0 -54.7998718,-14.7957488995326,0.0 -54.7999985,-14.7961681995326,0.0 -54.8003443,-14.7967567995326,0.0 -54.8002993,-14.7971035995326,0.0 -54.8001442,-14.7971723995326,0.0 -54.7994956,-14.7971464995326,0.0 -54.7985916,-14.7975832995325,0.0 -54.7983794,-14.7978689995325,0.0 -54.7987848,-14.7983956995325,0.0 -54.7987661,-14.7985694995325,0.0 -54.798618,-14.7987348995325,0.0 -54.7974807,-14.7993228995325,0.0 -54.7965606,-14.7992304995325,0.0 -54.7960939,-14.7993085995325,0.0 -54.7949899,-14.8004539995325,0.0 -54.7946526,-14.8003773995325,0.0 -54.7945315,-14.8000584995325,0.0 -54.7949205,-14.7989778995325,0.0 -54.7948223,-14.7985297995325,0.0 -54.7943892,-14.7981503995325,0.0 -54.7940548,-14.7980586995325,0.0 -54.7937749,-14.7981093995325,0.0 -54.7933485,-14.7984627995325,0.0 -54.7930947,-14.7992144995325,0.0 -54.7928975,-14.7994551995325,0.0 -54.7916319,-14.7993770995325,0.0 -54.7913322,-14.7994790995325,0.0 -54.7909823,-14.7997521995325,0.0 -54.7908011,-14.8001404995325,0.0 -54.7909192,-14.8010596995324,0.0 -54.7907981,-14.8013095995324,0.0 -54.7897318,-14.8007254995325,0.0 -54.7892048,-14.8005743995325,0.0 -54.7888261,-14.8006614995325,0.0 -54.7879777,-14.8012345995324,0.0 -54.7877177,-14.8012457995324,0.0 -54.7875557,-14.8011538995324,0.0 -54.7874284,-14.8007861995324,0.0 -54.7876075,-14.8001049995325,0.0 -54.7874921,-14.7998065995325,0.0 -54.7860703,-14.7993810995325,0.0 -54.7850057,-14.7987820995325,0.0 -54.7845817,-14.7983735995325,0.0 -54.7844364,-14.7979328995325,0.0 -54.7844421,-14.7977192995325,0.0 -54.784459,-14.7970852995326,0.0 -54.784116,-14.7960195995326,0.0 -54.783712,-14.7951894995326,0.0 -54.7838339,-14.7942236995326,0.0 -54.7837836,-14.7940902995326,0.0 -54.7835177,-14.7939153995326,0.0 -54.7826341,-14.7935988995327,0.0 -54.7820143,-14.7935655995327,0.0 -54.7810943,-14.7942262995326,0.0 -54.7809173,-14.7942686995326,0.0 -54.7807661,-14.7941718995326,0.0 -54.780359,-14.7930896995327,0.0 -54.7798285,-14.7921698995327,0.0 -54.7796052,-14.7920327995327,0.0 -54.7793606,-14.7921353995327,0.0 -54.7796636,-14.7933730995327,0.0 -54.779437,-14.7939386995326,0.0 -54.7792367,-14.7940838995326,0.0 -54.7790737,-14.7940824995326,0.0 -54.7788665,-14.7939503995326,0.0 -54.7783597,-14.7930566995327,0.0 -54.7781359,-14.7930530995327,0.0 -54.7780408,-14.7932655995327,0.0 -54.7777882,-14.7934741995327,0.0 -54.7775656,-14.7934918995327,0.0 -54.7774849,-14.7934982995327,0.0 -54.7769032,-14.7931177995327,0.0 -54.7760257,-14.7919115995327,0.0 -54.7757466,-14.7918731995327,0.0 -54.7754025,-14.7918257995327,0.0 -54.7737351,-14.7923579995327,0.0 -54.7730603,-14.7927272995327,0.0 -54.7728313,-14.7926084995327,0.0 -54.7727303,-14.7921956995327,0.0 -54.772528,-14.7920407995327,0.0 -54.7720464,-14.7922090995327,0.0 -54.7715796,-14.7925243995327,0.0 -54.7706623,-14.7938168995326,0.0 -54.7702634,-14.7939980995326,0.0 -54.7691846,-14.7944881995326,0.0 -54.7686375,-14.7949256995326,0.0 -54.7684639,-14.7952775995326,0.0 -54.7685206,-14.7963287995326,0.0 -54.7688948,-14.7971829995326,0.0 -54.7689431,-14.7978741995325,0.0 -54.7687036,-14.7981114995325,0.0 -54.7674747,-14.7984286995325,0.0 -54.7667258,-14.7979859995325,0.0 -54.765508,-14.7978028995325,0.0 -54.7648738,-14.7973094995326,0.0 -54.7645313,-14.7973138995326,0.0 -54.7638855,-14.7975012995325,0.0 -54.7635921,-14.7974813995325,0.0 -54.7635469,-14.7974783995325,0.0 -54.762228,-14.7969475995326,0.0 -54.7613555,-14.7967112995326,0.0 -54.7610138,-14.7964189995326,0.0 -54.7603097,-14.7961615995326,0.0 -54.7588189,-14.7960852995326,0.0 -54.7583367,-14.7962383995326,0.0 -54.7580591,-14.7966408995326,0.0 -54.7578547,-14.7967099995326,0.0 -54.7568648,-14.7961757995326,0.0 -54.7565207,-14.7961153995326,0.0 -54.7558034,-14.7963713995326,0.0 -54.7551406,-14.7969456995326,0.0 -54.7545862,-14.7970208995326,0.0 -54.7528729,-14.7969129995326,0.0 -54.7516963,-14.7964510995326,0.0 -54.750612,-14.7965334995326,0.0 -54.7496393,-14.7961667995326,0.0 -54.7482879,-14.7962904995326,0.0 -54.7473455,-14.7961889995326,0.0 -54.7470095,-14.7963594995326,0.0 -54.7467656,-14.7966287995326,0.0 -54.7462131,-14.7981646995325,0.0 -54.7458655,-14.7987913995325,0.0 -54.7456854,-14.7989639995325,0.0 -54.7455631,-14.7990812995325,0.0 -54.7449411,-14.7993789995325,0.0 -54.7445394,-14.7994561995325,0.0 -54.7433791,-14.7991129995325,0.0 -54.7432868,-14.7992361995325,0.0 -54.7432878,-14.7999049995325,0.0 -54.7431576,-14.8003733995325,0.0 -54.7423621,-14.8007001995325,0.0 -54.7418247,-14.8006197995325,0.0 -54.7408247,-14.8005543995325,0.0 -54.740333,-14.8006248995325,0.0 -54.7397927,-14.8008857995324,0.0 -54.7385656,-14.8019730995324,0.0 -54.737688,-14.8022403995324,0.0 -54.7369216,-14.8026085995324,0.0 -54.7361855,-14.8027455995324,0.0 -54.7357256,-14.8026240995324,0.0 -54.7346355,-14.8013681995324,0.0 -54.7340692,-14.8009533995324,0.0 -54.7335946,-14.8007423995325,0.0 -54.7332369,-14.8002364995325,0.0 -54.7327583,-14.7993009995325,0.0 -54.7323999,-14.7990510995325,0.0 -54.7316459,-14.7988428995325,0.0 -54.7313227,-14.7986665995325,0.0 -54.7308555,-14.7978946995325,0.0 -54.7300243,-14.7970294995326,0.0 -54.7296159,-14.7961031995326,0.0 -54.7287803,-14.7950597995326,0.0 -54.7285824,-14.7946190995326,0.0 -54.7285243,-14.7941172995326,0.0 -54.7286276,-14.7925642995327,0.0 -54.728396,-14.7917430995327,0.0 -54.7281105,-14.7913010995327,0.0 -54.7276614,-14.7908692995327,0.0 -54.7269085,-14.7905427995327,0.0 -54.72654,-14.7902711995327,0.0 -54.7262753,-14.7895980995328,0.0 -54.7260242,-14.7893503995328,0.0 -54.7253658,-14.7891699995328,0.0 -54.7246598,-14.7886586995328,0.0 -54.723746,-14.7886150995328,0.0 -54.7231401,-14.7889650995328,0.0 -54.7223644,-14.7900312995328,0.0 -54.7218225,-14.7902488995327,0.0 -54.7197158,-14.7893135995328,0.0 -54.7190562,-14.7892419995328,0.0 -54.7189068,-14.7891553995328,0.0 -54.7188554,-14.7889187995328,0.0 -54.7191651,-14.7881562995328,0.0 -54.7191704,-14.7878922995328,0.0 -54.718756,-14.7868323995328,0.0 -54.7184623,-14.7857713995329,0.0 -54.7180473,-14.7849555995329,0.0 -54.71797,-14.7845689995329,0.0 -54.717976,-14.7845389995329,0.0 -54.718032,-14.7842601995329,0.0 -54.7185861,-14.783069499533,0.0 -54.7187595,-14.782197799533,0.0 -54.7187367,-14.781911899533,0.0 -54.7185657,-14.781724099533,0.0 -54.7183106,-14.781646399533,0.0 -54.7175296,-14.782061599533,0.0 -54.7166088,-14.781493099533,0.0 -54.7157722,-14.781329299533,0.0 -54.7135686,-14.781837599533,0.0 -54.711963,-14.781791499533,0.0 -54.709907,-14.781236399533,0.0 -54.7073777,-14.780042099533,0.0 -54.7065499,-14.779929099533,0.0 -54.7059928,-14.780017299533,0.0 -54.7057631,-14.780116099533,0.0 -54.7055213,-14.780220099533,0.0 -54.7041017,-14.781682699533,0.0 -54.7028674,-14.781846699533,0.0 -54.7019897,-14.782317599533,0.0 -54.7002821,-14.781955499533,0.0 -54.6995075,-14.781561099533,0.0 -54.6989812,-14.781395699533,0.0 -54.6984034,-14.781461799533,0.0 -54.6977861,-14.781274399533,0.0 -54.696977,-14.781332199533,0.0 -54.6967386,-14.781067299533,0.0 -54.6962925,-14.780179299533,0.0 -54.6958686,-14.779933499533,0.0 -54.6955065,-14.779976599533,0.0 -54.6946072,-14.780484199533,0.0 -54.6942899,-14.780474299533,0.0 -54.6941058,-14.780124699533,0.0 -54.6939364,-14.7792239995331,0.0 -54.6940477,-14.7781103995331,0.0 -54.6940141,-14.7774564995331,0.0 -54.6938855,-14.7770843995331,0.0 -54.6936318,-14.7767592995331,0.0 -54.693213,-14.7765036995331,0.0 -54.6927843,-14.7763826995331,0.0 -54.6920373,-14.7763273995332,0.0 -54.6917179,-14.7758864995332,0.0 -54.6914674,-14.7752755995332,0.0 -54.6913826,-14.7739440995332,0.0 -54.6915718,-14.7733555995332,0.0 -54.6925975,-14.7720584995333,0.0 -54.692943,-14.7714849995333,0.0 -54.6931386,-14.7708471995333,0.0 -54.6931445,-14.7704550995333,0.0 -54.6929371,-14.7698425995333,0.0 -54.6919077,-14.7693732995333,0.0 -54.6914673,-14.7691338995334,0.0 -54.6908742,-14.7688114995334,0.0 -54.6893779,-14.7682312995334,0.0 -54.6885308,-14.7674481995334,0.0 -54.6869253,-14.7670187995334,0.0 -54.6863737,-14.7665271995334,0.0 -54.6855846,-14.7662021995334,0.0 -54.6850548,-14.7656068995335,0.0 -54.6844628,-14.7651707995335,0.0 -54.6836782,-14.7643549995335,0.0 -54.6828212,-14.7639285995335,0.0 -54.6823329,-14.7635307995335,0.0 -54.6815635,-14.7632378995335,0.0 -54.6804913,-14.7625829995335,0.0 -54.6798797,-14.7620585995336,0.0 -54.6789707,-14.7609635995336,0.0 -54.6781694,-14.7606060995336,0.0 -54.676902,-14.7604165995336,0.0 -54.6760775,-14.7604216995336,0.0 -54.6754249,-14.7605055995336,0.0 -54.6746207,-14.7608000995336,0.0 -54.6745842,-14.7606991995336,0.0 -54.6736808,-14.7611017995336,0.0 -54.6730391,-14.7617643995336,0.0 -54.6720817,-14.7622693995336,0.0 -54.6713424,-14.7621589995336,0.0 -54.6705017,-14.7616358995336,0.0 -54.6696561,-14.7615758995336,0.0 -54.6685417,-14.7619248995336,0.0 -54.6675904,-14.7618637995336,0.0 -54.6667949,-14.7620616995336,0.0 -54.665307,-14.7627156995335,0.0 -54.6555025,-14.7497553995339,0.0 -54.6531675,-14.7486639995339,0.0 -54.650557,-14.748217299534,0.0 -54.646754,-14.746986199534,0.0 -54.6461803,-14.746704499534,0.0 -54.6453438,-14.746484099534,0.0 -54.6446446,-14.746440499534,0.0 -54.643905,-14.746597699534,0.0 -54.6417016,-14.745902299534,0.0 -54.6405157,-14.745389599534,0.0 -54.6401177,-14.745114499534,0.0 -54.6397221,-14.7444915995341,0.0 -54.6394929,-14.7442994995341,0.0 -54.6385406,-14.7441408995341,0.0 -54.6379038,-14.7439088995341,0.0 -54.6375675,-14.7436198995341,0.0 -54.6366867,-14.7422983995341,0.0 -54.6362347,-14.7419965995341,0.0 -54.6358643,-14.7419354995341,0.0 -54.6347159,-14.7418160995341,0.0 -54.634532,-14.7416777995341,0.0 -54.634307,-14.7412906995342,0.0 -54.6341616,-14.7412142995342,0.0 -54.6330821,-14.7412568995342,0.0 -54.6324695,-14.7410811995342,0.0 -54.6318444,-14.7407724995342,0.0 -54.6315228,-14.7404928995342,0.0 -54.6313717,-14.7402014995342,0.0 -54.6313773,-14.7387292995342,0.0 -54.6312117,-14.7384168995342,0.0 -54.6307598,-14.7382380995342,0.0 -54.6297592,-14.7385088995342,0.0 -54.6289424,-14.7384651995342,0.0 -54.6287594,-14.7382693995342,0.0 -54.6286153,-14.7377321995343,0.0 -54.6279047,-14.7368785995343,0.0 -54.6273367,-14.7366055995343,0.0 -54.6261994,-14.7366515995343,0.0 -54.6258606,-14.7365852995343,0.0 -54.6254824,-14.7361804995343,0.0 -54.6251011,-14.7355064995343,0.0 -54.624647,-14.7355485995343,0.0 -54.6241899,-14.7358243995343,0.0 -54.6238429,-14.7361216995343,0.0 -54.6234326,-14.7367773995343,0.0 -54.6231182,-14.7369442995343,0.0 -54.6227198,-14.7368434995343,0.0 -54.6218707,-14.7362377995343,0.0 -54.6214983,-14.7360789995343,0.0 -54.6212802,-14.7359282995343,0.0 -54.620871,-14.7353445995343,0.0 -54.6198287,-14.7348572995343,0.0 -54.618933,-14.7347769995343,0.0 -54.6185782,-14.7345098995344,0.0 -54.6181957,-14.7340248995344,0.0 -54.617696,-14.7338056995344,0.0 -54.6152471,-14.7336199995344,0.0 -54.6138026,-14.7341448995344,0.0 -54.6128769,-14.7343014995344,0.0 -54.612435,-14.7342505995344,0.0 -54.6120856,-14.7337994995344,0.0 -54.6117517,-14.7327565995344,0.0 -54.6110832,-14.7319755995344,0.0 -54.610252,-14.7320712995344,0.0 -54.6091511,-14.7319581995344,0.0 -54.608886,-14.7320520995344,0.0 -54.6087505,-14.7321941995344,0.0 -54.6086916,-14.7322559995344,0.0 -54.6088873,-14.7334938995344,0.0 -54.6081379,-14.7346893995343,0.0 -54.6059004,-14.7370099995343,0.0 -54.605293,-14.7373370995343,0.0 -54.6042154,-14.7376489995343,0.0 -54.6037392,-14.7381356995343,0.0 -54.6037484,-14.7384123995342,0.0 -54.603877,-14.7386698995342,0.0 -54.6042163,-14.7389177995342,0.0 -54.6049376,-14.7389837995342,0.0 -54.6056115,-14.7388395995342,0.0 -54.6069052,-14.7384656995342,0.0 -54.6077093,-14.7384867995342,0.0 -54.6081474,-14.7386667995342,0.0 -54.6083187,-14.7389693995342,0.0 -54.6081543,-14.7399232995342,0.0 -54.608222,-14.7402830995342,0.0 -54.6084071,-14.7405271995342,0.0 -54.6089534,-14.7408486995342,0.0 -54.6092502,-14.7412549995342,0.0 -54.6099049,-14.7414418995341,0.0 -54.6106588,-14.7412495995342,0.0 -54.61097,-14.7412630995342,0.0 -54.611222,-14.7413942995342,0.0 -54.6114623,-14.7417887995341,0.0 -54.6115941,-14.7425269995341,0.0 -54.6115521,-14.7432415995341,0.0 -54.6112324,-14.7445129995341,0.0 -54.6111066,-14.745013399534,0.0 -54.6110841,-14.745927499534,0.0 -54.6112553,-14.746468299534,0.0 -54.6119224,-14.746937399534,0.0 -54.6121372,-14.747273199534,0.0 -54.6121915,-14.747642599534,0.0 -54.6120136,-14.7484124995339,0.0 -54.611985,-14.7492158995339,0.0 -54.6124233,-14.7496072995339,0.0 -54.61275,-14.7496528995339,0.0 -54.6129724,-14.7494034995339,0.0 -54.6134176,-14.748428999534,0.0 -54.6136126,-14.748282699534,0.0 -54.6140118,-14.748175499534,0.0 -54.6146887,-14.748141199534,0.0 -54.6155031,-14.748279699534,0.0 -54.615934,-14.748416299534,0.0 -54.6161952,-14.7485994995339,0.0 -54.616417,-14.7489439995339,0.0 -54.6164426,-14.7493417995339,0.0 -54.6162055,-14.7512009995339,0.0 -54.6157216,-14.7529447995338,0.0 -54.6151829,-14.7532626995338,0.0 -54.6149032,-14.7536780995338,0.0 -54.6150062,-14.7539525995338,0.0 -54.6155209,-14.7543619995338,0.0 -54.6155811,-14.7547388995338,0.0 -54.6153282,-14.7549341995338,0.0 -54.6144477,-14.7551169995338,0.0 -54.6142234,-14.7552704995338,0.0 -54.6141401,-14.7555224995337,0.0 -54.6142027,-14.7562943995337,0.0 -54.6136392,-14.7569365995337,0.0 -54.6133391,-14.7575158995337,0.0 -54.6133141,-14.7581120995337,0.0 -54.6135837,-14.7592484995336,0.0 -54.6136886,-14.7605844995336,0.0 -54.613506,-14.7608582995336,0.0 -54.6127779,-14.7614269995336,0.0 -54.6125764,-14.7623865995335,0.0 -54.6119875,-14.7630263995335,0.0 -54.611788,-14.7635113995335,0.0 -54.6117582,-14.7645720995335,0.0 -54.6114706,-14.7656471995335,0.0 -54.61157,-14.7665696995334,0.0 -54.6115529,-14.7674789995334,0.0 -54.6114138,-14.7677749995334,0.0 -54.610849,-14.7684810995334,0.0 -54.6110515,-14.7689922995334,0.0 -54.6110487,-14.7691989995334,0.0 -54.610811,-14.7694727995333,0.0 -54.6098298,-14.7700757995333,0.0 -54.6094895,-14.7705352995333,0.0 -54.6091268,-14.7730852995332,0.0 -54.6089499,-14.7733808995332,0.0 -54.6081779,-14.7740665995332,0.0 -54.6081466,-14.7744913995332,0.0 -54.6083449,-14.7753124995332,0.0 -54.6073986,-14.7769097995331,0.0 -54.6071375,-14.7782209995331,0.0 -54.6069062,-14.7784811995331,0.0 -54.6063835,-14.7786500995331,0.0 -54.6057468,-14.7791125995331,0.0 -54.6046784,-14.7790146995331,0.0 -54.6038457,-14.7793600995331,0.0 -54.6030376,-14.7791493995331,0.0 -54.6027033,-14.7791587995331,0.0 -54.6022947,-14.7793228995331,0.0 -54.6012415,-14.779992399533,0.0 -54.6008496,-14.780862899533,0.0 -54.600008,-14.781779599533,0.0 -54.599375,-14.783238699533,0.0 -54.5985874,-14.7838465995329,0.0 -54.5980291,-14.7844668995329,0.0 -54.598,-14.7847319995329,0.0 -54.5982201,-14.7852676995329,0.0 -54.5981528,-14.7855180995329,0.0 -54.5970398,-14.7864005995329,0.0 -54.5957471,-14.7872533995328,0.0 -54.5952217,-14.7871755995328,0.0 -54.5942853,-14.7865456995329,0.0 -54.5939272,-14.7865397995329,0.0 -54.5935284,-14.7868028995329,0.0 -54.5928485,-14.7874934995328,0.0 -54.5921446,-14.7879298995328,0.0 -54.5918442,-14.7882924995328,0.0 -54.5915286,-14.7885109995328,0.0 -54.5909728,-14.7886952995328,0.0 -54.5890027,-14.7888754995328,0.0 -54.5883331,-14.7890609995328,0.0 -54.5873338,-14.7896959995328,0.0 -54.586715,-14.7904843995327,0.0 -54.5864163,-14.7907215995327,0.0 -54.5859649,-14.7908540995327,0.0 -54.5852796,-14.7907785995327,0.0 -54.5846335,-14.7911355995327,0.0 -54.5841995,-14.7912641995327,0.0 -54.5830679,-14.7912034995327,0.0 -54.581667,-14.7907269995327,0.0 -54.5812744,-14.7907025995327,0.0 -54.5807857,-14.7908532995327,0.0 -54.5793112,-14.7916447995327,0.0 -54.5784233,-14.7916439995327,0.0 -54.5777473,-14.7914109995327,0.0 -54.5764465,-14.7903595995327,0.0 -54.575925,-14.7899175995328,0.0 -54.5741546,-14.7887164995328,0.0 -54.5728111,-14.7871265995328,0.0 -54.5717758,-14.7863888995329,0.0 -54.570387,-14.7859744995329,0.0 -54.5686714,-14.7858101995329,0.0 -54.5643579,-14.7841878995329,0.0 -54.5637783,-14.7841226995329,0.0 -54.5624578,-14.7842751995329,0.0 -54.5613273,-14.7842228995329,0.0 -54.528291,-14.7795938995331,0.0 -54.5192213,-14.7891391995328,0.0 -54.5147221,-14.7927958995327,0.0 -54.5125913,-14.7970178995326,0.0 -54.5120456,-14.8051013995323,0.0 -54.5101854,-14.815054399532,0.0 -54.5101816,-14.815063299532,0.0 -54.5093711,-14.816957799532,0.0 -54.5069298,-14.8226641995318,0.0 -54.5069085,-14.8227141995318,0.0 -54.5046444,-14.8296886995316,0.0 -54.5035534,-14.8314999995316,0.0 -54.4993724,-14.8344497995315,0.0 -54.4966117,-14.8418426995313,0.0 -54.4969664,-14.8458834995312,0.0 -54.4989228,-14.8582836995308,0.0 -54.4990862,-14.8593198995308,0.0 -54.4983917,-14.8627236995307,0.0 -54.498329,-14.8630305995307,0.0 -54.4984611,-14.8631192995307,0.0 -54.498673,-14.8632841995307,0.0 -54.4989152,-14.8634695995307,0.0 -54.4989937,-14.8635301995306,0.0 -54.4991563,-14.8636555995306,0.0 -54.4994691,-14.8639133995306,0.0 -54.4995155,-14.8639515995306,0.0 -54.4999019,-14.8642446995306,0.0 -54.5001606,-14.8644395995306,0.0 -54.5004169,-14.8646456995306,0.0 -54.500798,-14.8649448995306,0.0 -54.5011649,-14.8652255995306,0.0 -54.5015301,-14.8655047995306,0.0 -54.5019198,-14.8658035995306,0.0 -54.5023065,-14.8660983995306,0.0 -54.5025737,-14.8662974995306,0.0 -54.5028431,-14.8664964995306,0.0 -54.5032368,-14.8667932995306,0.0 -54.5036265,-14.8670800995305,0.0 -54.5038787,-14.8672683995305,0.0 -54.5042351,-14.8675455995305,0.0 -54.5045682,-14.8677949995305,0.0 -54.5047332,-14.8679174995305,0.0 -54.50478,-14.8679522995305,0.0 -54.505007,-14.8681316995305,0.0 -54.505323,-14.8683960995305,0.0 -54.5055409,-14.8685402995305,0.0 -54.5058648,-14.8687881995305,0.0 -54.5061952,-14.8690467995305,0.0 -54.5064092,-14.8691995995305,0.0 -54.5066051,-14.8693389995305,0.0 -54.5069021,-14.8695751995305,0.0 -54.5071172,-14.8697294995305,0.0 -54.5072009,-14.8697887995305,0.0 -54.5073424,-14.8696395995305,0.0 -54.5074494,-14.8696050995305,0.0 -54.5090418,-14.8694787995305,0.0 -54.5128328,-14.8691800995305,0.0 -54.5132369,-14.8692260995305,0.0 -54.5138073,-14.8693638995305,0.0 -54.5179073,-14.8707536995304,0.0 -54.5246276,-14.8730969995304,0.0 -54.524693,-14.8731197995304,0.0 -54.5281527,-14.8743334995303,0.0 -54.5282559,-14.8743621995303,0.0 -54.5284389,-14.8744224995303,0.0 -54.5286449,-14.8744936995303,0.0 -54.5288322,-14.8745612995303,0.0 -54.5290851,-14.8746462995303,0.0 -54.5293812,-14.8747489995303,0.0 -54.5295406,-14.8748086995303,0.0 -54.5296643,-14.8748539995303,0.0 -54.5297935,-14.8749000995303,0.0 -54.5300765,-14.8749958995303,0.0 -54.5303542,-14.8750915995303,0.0 -54.5306419,-14.8751908995303,0.0 -54.5309702,-14.8753087995303,0.0 -54.5311913,-14.8753835995303,0.0 -54.5314613,-14.8754796995303,0.0 -54.5315904,-14.8755275995303,0.0 -54.5318018,-14.8755990995303,0.0 -54.5320113,-14.8756676995303,0.0 -54.5321769,-14.8757199995303,0.0 -54.5324621,-14.8758204995303,0.0 -54.5327019,-14.8759084995303,0.0 -54.5328635,-14.8759655995303,0.0 -54.5331364,-14.8760646995303,0.0 -54.5333507,-14.8761456995303,0.0 -54.5336684,-14.8762687995303,0.0 -54.5338671,-14.8763461995303,0.0 -54.5341953,-14.8764444995303,0.0 -54.5344539,-14.8765299995303,0.0 -54.5348368,-14.8766672995303,0.0 -54.5350868,-14.8767554995303,0.0 -54.5353419,-14.8768390995303,0.0 -54.5355848,-14.8769200995303,0.0 -54.5358138,-14.8769949995303,0.0 -54.5360341,-14.8770691995303,0.0 -54.536408,-14.8771971995303,0.0 -54.5368009,-14.8773315995303,0.0 -54.5370638,-14.8774163995303,0.0 -54.5374402,-14.8775346995302,0.0 -54.5376863,-14.8776181995303,0.0 -54.5380349,-14.8777477995302,0.0 -54.5382458,-14.8778270995302,0.0 -54.5385576,-14.8779430995302,0.0 -54.5387969,-14.8780248995302,0.0 -54.5391712,-14.8781539995302,0.0 -54.5394053,-14.8782358995302,0.0 -54.5396435,-14.8783164995302,0.0 -54.539878,-14.8784020995302,0.0 -54.5402177,-14.8785260995302,0.0 -54.5404471,-14.8786053995302,0.0 -54.5408017,-14.8787336995302,0.0 -54.5411449,-14.8788553995302,0.0 -54.5413834,-14.8789318995302,0.0 -54.5416346,-14.8790176995302,0.0 -54.5420036,-14.8791287995302,0.0 -54.5422447,-14.8792159995302,0.0 -54.5425979,-14.8793425995302,0.0 -54.5429149,-14.8794542995302,0.0 -54.543108,-14.8795264995302,0.0 -54.5433146,-14.8795983995302,0.0 -54.5435683,-14.8796831995302,0.0 -54.5438355,-14.8797704995302,0.0 -54.5442169,-14.8799061995302,0.0 -54.5444633,-14.8799958995302,0.0 -54.5448306,-14.8801208995302,0.0 -54.5452137,-14.8802559995302,0.0 -54.5455945,-14.8803983995302,0.0 -54.5458413,-14.8804893995302,0.0 -54.5460783,-14.8805758995302,0.0 -54.5464126,-14.8806975995302,0.0 -54.5466225,-14.8807788995302,0.0 -54.5468402,-14.8808547995302,0.0 -54.5471933,-14.8809779995301,0.0 -54.5475382,-14.8810939995301,0.0 -54.5478968,-14.8812235995301,0.0 -54.5481383,-14.8813025995301,0.0 -54.5483898,-14.8813826995301,0.0 -54.5487283,-14.8814979995301,0.0 -54.5490779,-14.8816173995301,0.0 -54.5494361,-14.8817492995301,0.0 -54.5496518,-14.8818318995301,0.0 -54.5499596,-14.8819385995301,0.0 -54.550187,-14.8820206995301,0.0 -54.5504133,-14.8820990995301,0.0 -54.5506469,-14.8821779995301,0.0 -54.5508871,-14.8822611995301,0.0 -54.5511977,-14.8823718995301,0.0 -54.5514851,-14.8824664995301,0.0 -54.551784,-14.8825692995301,0.0 -54.5520043,-14.8826371995301,0.0 -54.5522256,-14.8827078995301,0.0 -54.5526309,-14.8828462995301,0.0 -54.5528924,-14.8829437995301,0.0 -54.5533301,-14.8830988995301,0.0 -54.5536462,-14.8832110995301,0.0 -54.5540764,-14.8833726995301,0.0 -54.554495,-14.8835250995301,0.0 -54.5547732,-14.8836211995301,0.0 -54.5550435,-14.8837146995301,0.0 -54.5552942,-14.8838020995301,0.0 -54.5556554,-14.8839293995301,0.0 -54.5560277,-14.8840588995301,0.0 -54.5562928,-14.8841434995301,0.0 -54.5567124,-14.8842868995301,0.0 -54.556981,-14.8843799995301,0.0 -54.5573491,-14.8845102995301,0.0 -54.5577222,-14.88463969953,0.0 -54.5581216,-14.88477969953,0.0 -54.5583963,-14.88488049953,0.0 -54.5587376,-14.88499839953,0.0 -54.5589711,-14.88507749953,0.0 -54.5592383,-14.88516099953,0.0 -54.5596291,-14.88528389953,0.0 -54.5598976,-14.88537859953,0.0 -54.5603072,-14.88552539953,0.0 -54.5605815,-14.88562799953,0.0 -54.5608599,-14.88572409953,0.0 -54.561242,-14.88585289953,0.0 -54.561489,-14.88593769953,0.0 -54.5618416,-14.88605689953,0.0 -54.5620517,-14.88613209953,0.0 -54.5622398,-14.88619769953,0.0 -54.5626022,-14.88631869953,0.0 -54.5628529,-14.88641809953,0.0 -54.5631319,-14.88651819953,0.0 -54.5635113,-14.88665029953,0.0 -54.5637863,-14.88674449953,0.0 -54.5641993,-14.88688839953,0.0 -54.5646004,-14.88702829953,0.0 -54.5648574,-14.88711569953,0.0 -54.5652123,-14.88723389953,0.0 -54.5655317,-14.88734129953,0.0 -54.5658642,-14.88746149953,0.0 -54.5660766,-14.88753819953,0.0 -54.5664064,-14.88766309953,0.0 -54.5666161,-14.88774629953,0.0 -54.5668421,-14.88783319953,0.0 -54.5671032,-14.88792289953,0.0 -54.56735,-14.88800949953,0.0 -54.5675863,-14.8880901995299,0.0 -54.5679402,-14.8882104995299,0.0 -54.5682048,-14.8883033995299,0.0 -54.5686268,-14.8884497995299,0.0 -54.5690333,-14.8885915995299,0.0 -54.5693015,-14.8886826995299,0.0 -54.5696792,-14.8888213995299,0.0 -54.5699225,-14.8889090995299,0.0 -54.5702846,-14.8890316995299,0.0 -54.5705962,-14.8891388995299,0.0 -54.5707954,-14.8892083995299,0.0 -54.5711271,-14.8893238995299,0.0 -54.5714372,-14.8894347995299,0.0 -54.5716218,-14.8895008995299,0.0 -54.5717892,-14.8895575995299,0.0 -54.5720441,-14.8896457995299,0.0 -54.5722016,-14.8897011995299,0.0 -54.5724058,-14.8897723995299,0.0 -54.572547,-14.8898191995299,0.0 -54.5726974,-14.8898704995299,0.0 -54.5729595,-14.8899564995299,0.0 -54.5732213,-14.8900481995299,0.0 -54.5735909,-14.8901676995299,0.0 -54.5739231,-14.8902892995299,0.0 -54.5741002,-14.8903545995299,0.0 -54.574268,-14.8904086995299,0.0 -54.5745403,-14.8905019995299,0.0 -54.574799,-14.8905946995299,0.0 -54.5749618,-14.8906515995299,0.0 -54.5751457,-14.8907146995299,0.0 -54.575471,-14.8908290995299,0.0 -54.5758346,-14.8909557995299,0.0 -54.5760924,-14.8910414995299,0.0 -54.5765085,-14.8911779995299,0.0 -54.5769194,-14.8913251995299,0.0 -54.5771993,-14.8914295995299,0.0 -54.5774747,-14.8915317995298,0.0 -54.5777592,-14.8916340995298,0.0 -54.5781807,-14.8917881995298,0.0 -54.5785894,-14.8919292995298,0.0 -54.5788561,-14.8920143995298,0.0 -54.5791217,-14.8920962995298,0.0 -54.5793737,-14.8921748995298,0.0 -54.579719,-14.8922991995298,0.0 -54.5800337,-14.8924218995298,0.0 -54.5802282,-14.8924995995298,0.0 -54.5803972,-14.8925619995298,0.0 -54.5805557,-14.8926162995298,0.0 -54.5806899,-14.8926667995298,0.0 -54.5807806,-14.8927007995298,0.0 -54.5809216,-14.8927617995298,0.0 -54.581487,-14.8929429995298,0.0 -54.5818614,-14.8930740995298,0.0 -54.5822243,-14.8932176995298,0.0 -54.5825894,-14.8933381995298,0.0 -54.5828069,-14.8934108995298,0.0 -54.5831154,-14.8935206995298,0.0 -54.5834131,-14.8936234995298,0.0 -54.5835949,-14.8936859995298,0.0 -54.5838334,-14.8937760995298,0.0 -54.5839645,-14.8938354995298,0.0 -54.5841088,-14.8939700995298,0.0 -54.5842227,-14.8941266995298,0.0 -54.5843025,-14.8942354995298,0.0 -54.5844203,-14.8943834995298,0.0 -54.5845669,-14.8945621995298,0.0 -54.584795,-14.8948076995298,0.0 -54.5850191,-14.8949796995298,0.0 -54.5850742,-14.8949994995298,0.0 -54.5851384,-14.8950131995297,0.0 -54.5902706,-14.8964784995297,0.0 -54.596022,-14.8981206995297,0.0 -54.5982172,-14.8987473995296,0.0 -54.5985441,-14.8988407995296,0.0 -54.5986383,-14.8988738995296,0.0 -54.598864,-14.8989483995296,0.0 -54.5992681,-14.8990883995296,0.0 -54.5995173,-14.8991742995296,0.0 -54.5998247,-14.8992799995296,0.0 -54.5998991,-14.8993168995296,0.0 -54.6006684,-14.8995871995296,0.0 -54.6006826,-14.8995910995296,0.0 -54.6009305,-14.8996613995296,0.0 -54.6011309,-14.8997266995296,0.0 -54.6015324,-14.8998650995296,0.0 -54.6018309,-14.8999786995296,0.0 -54.6020838,-14.9000844995296,0.0 -54.6040191,-14.9007644995296,0.0 -54.6074889,-14.9019835995296,0.0 -54.6123927,-14.9037066995295,0.0 -54.6124528,-14.9037200995295,0.0 -54.6127252,-14.9037970995295,0.0 -54.6131215,-14.9039339995295,0.0 -54.6133917,-14.9040379995295,0.0 -54.6137454,-14.9041690995295,0.0 -54.6140508,-14.9042779995295,0.0 -54.6142182,-14.9043422995295,0.0 -54.6144209,-14.9044149995295,0.0 -54.6148442,-14.9045660995295,0.0 -54.615311,-14.9047254995295,0.0 -54.6156171,-14.9048247995295,0.0 -54.6160777,-14.9049873995295,0.0 -54.6163824,-14.9050992995295,0.0 -54.616707,-14.9052156995295,0.0 -54.6171972,-14.9053813995295,0.0 -54.6176896,-14.9055444995295,0.0 -54.6180137,-14.9056447995294,0.0 -54.6183191,-14.9057428995294,0.0 -54.6187731,-14.9058955995294,0.0 -54.6190588,-14.9059970995294,0.0 -54.6193439,-14.9061035995294,0.0 -54.6195972,-14.9062147995294,0.0 -54.6197912,-14.9063061995294,0.0 -54.6206073,-14.9065929995294,0.0 -54.6207463,-14.9066066995294,0.0 -54.6209273,-14.9066069995294,0.0 -54.6210678,-14.9066165995294,0.0 -54.6211967,-14.9066563995294,0.0 -54.6213734,-14.9067310995294,0.0 -54.6214879,-14.9067771995294,0.0 -54.6216519,-14.9068347995294,0.0 -54.6218023,-14.9068919995294,0.0 -54.6219785,-14.9069863995294,0.0 -54.6221441,-14.9070695995294,0.0 -54.6223446,-14.9071507995294,0.0 -54.6227455,-14.9072941995294,0.0 -54.6232432,-14.9074693995294,0.0 -54.6235655,-14.9075826995294,0.0 -54.6240091,-14.9077374995294,0.0 -54.6242751,-14.9078257995294,0.0 -54.6245109,-14.9078989995294,0.0 -54.6248441,-14.9080096995294,0.0 -54.6250778,-14.9080961995294,0.0 -54.6254374,-14.9082382995294,0.0 -54.6256814,-14.9083275995294,0.0 -54.6260497,-14.9084554995294,0.0 -54.6264459,-14.9085898995294,0.0 -54.6267003,-14.9086784995294,0.0 -54.6269358,-14.9087590995294,0.0 -54.627158,-14.9088383995294,0.0 -54.6275706,-14.9089935995293,0.0 -54.6278893,-14.9091005995293,0.0 -54.6282316,-14.9092207995293,0.0 -54.6282453,-14.9092255995293,0.0 -54.6315733,-14.9103487995293,0.0 -54.6325136,-14.9106660995293,0.0 -54.6327334,-14.9107150995293,0.0 -54.6330257,-14.9108117995293,0.0 -54.6332541,-14.9109124995293,0.0 -54.633284,-14.9109260995293,0.0 -54.6343352,-14.9112808995293,0.0 -54.6391107,-14.9128924995292,0.0 -54.6393518,-14.9129360995292,0.0 -54.6395502,-14.9129704995292,0.0 -54.6397977,-14.9130368995292,0.0 -54.6402173,-14.9131839995292,0.0 -54.6404829,-14.9132886995292,0.0 -54.6408725,-14.9134429995292,0.0 -54.6412711,-14.9136002995292,0.0 -54.6415332,-14.9137099995292,0.0 -54.6420303,-14.9138777995292,0.0 -54.643323,-14.9143139995292,0.0 -54.6437301,-14.9144513995292,0.0 -54.6439114,-14.9145082995292,0.0 -54.6441727,-14.9145920995292,0.0 -54.6445667,-14.9147282995292,0.0 -54.6446925,-14.9147761995292,0.0 -54.6448959,-14.9148448995292,0.0 -54.6467131,-14.9155099995292,0.0 -54.647566,-14.9157548995292,0.0 -54.6481274,-14.9158183995292,0.0 -54.6481726,-14.9158235995292,0.0 -54.6497476,-14.9160200995292,0.0 -54.6498105,-14.9160279995292,0.0 -54.6536538,-14.9165075995291,0.0 -54.6551156,-14.9166848995291,0.0 -54.655159,-14.9166901995291,0.0 -54.6555659,-14.9167560995291,0.0 -54.6558552,-14.9168029995291,0.0 -54.6563261,-14.9170239995291,0.0 -54.6568406,-14.9174856995291,0.0 -54.6568917,-14.9175316995291,0.0 -54.6571469,-14.9177300995291,0.0 -54.6573836,-14.9179387995291,0.0 -54.6576353,-14.9181612995291,0.0 -54.6578683,-14.9183536995291,0.0 -54.6579945,-14.9184605995291,0.0 -54.6581868,-14.9186268995291,0.0 -54.6582883,-14.9187471995291,0.0 -54.6590515,-14.9193925995291,0.0 -54.6592278,-14.919582999529,0.0 -54.6594924,-14.919823999529,0.0 -54.6596463,-14.919955699529,0.0 -54.6598503,-14.920127599529,0.0 -54.660035,-14.920269199529,0.0 -54.6601323,-14.920373699529,0.0 -54.6602258,-14.920485399529,0.0 -54.6604018,-14.920652099529,0.0 -54.6605443,-14.920784199529,0.0 -54.6605808,-14.920810499529,0.0 -54.6606285,-14.920844999529,0.0 -54.6607818,-14.920945399529,0.0 -54.6609301,-14.921096299529,0.0 -54.6610366,-14.921208499529,0.0 -54.6611188,-14.921297699529,0.0 -54.6611815,-14.921369699529,0.0 -54.6612962,-14.921468399529,0.0 -54.6613582,-14.921501699529,0.0 -54.6614324,-14.921576699529,0.0 -54.6614609,-14.921610199529,0.0 -54.662846,-14.922801899529,0.0 -54.6629961,-14.922917699529,0.0 -54.6631217,-14.9230242995289,0.0 -54.6633192,-14.9232018995289,0.0 -54.6636372,-14.9234743995289,0.0 -54.6638771,-14.9236795995289,0.0 -54.6641226,-14.9239002995289,0.0 -54.6652548,-14.9248744995289,0.0 -54.6653012,-14.9249130995289,0.0 -54.6654798,-14.9250577995289,0.0 -54.6656694,-14.9252031995289,0.0 -54.6658332,-14.9253228995289,0.0 -54.6659727,-14.9254416995289,0.0 -54.666166,-14.9256221995289,0.0 -54.6662766,-14.9257182995289,0.0 -54.6664334,-14.9258740995289,0.0 -54.6675742,-14.9268788995288,0.0 -54.6678178,-14.9271027995288,0.0 -54.6681298,-14.9273524995288,0.0 -54.6682499,-14.9274422995288,0.0 -54.6685854,-14.9276327995288,0.0 -54.6685878,-14.9276338995288,0.0 -54.6687179,-14.9277007995288,0.0 -54.6687727,-14.9277345995288,0.0 -54.6698841,-14.9282650995288,0.0 -54.6714052,-14.9289910995288,0.0 -54.6714994,-14.9290275995288,0.0 -54.671671,-14.9291136995288,0.0 -54.6717037,-14.9291335995288,0.0 -54.6718602,-14.9292082995288,0.0 -54.6737675,-14.9301186995287,0.0 -54.6739698,-14.9302421995287,0.0 -54.6739868,-14.9302486995287,0.0 -54.6741438,-14.9303084995287,0.0 -54.6743432,-14.9303935995287,0.0 -54.6745735,-14.9306088995287,0.0 -54.6746664,-14.9308213995287,0.0 -54.6746853,-14.9308445995287,0.0 -54.6747271,-14.9309602995287,0.0 -54.6747408,-14.9309916995287,0.0 -54.6747535,-14.9310332995287,0.0 -54.6749068,-14.9314577995287,0.0 -54.6751944,-14.9323335995287,0.0 -54.6754819,-14.9332093995287,0.0 -54.6755726,-14.9334206995287,0.0 -54.6757262,-14.9337788995286,0.0 -54.6763065,-14.9345686995286,0.0 -54.6769321,-14.9352931995286,0.0 -54.6779616,-14.9361508995286,0.0 -54.6790739,-14.9370912995286,0.0 -54.6791263,-14.9371354995285,0.0 -54.6793125,-14.9372826995285,0.0 -54.6795799,-14.9374940995285,0.0 -54.6798284,-14.9376938995285,0.0 -54.680058,-14.9378789995285,0.0 -54.6802638,-14.9380519995285,0.0 -54.6804396,-14.9382078995285,0.0 -54.6806109,-14.9383797995285,0.0 -54.6806474,-14.9384214995285,0.0 -54.6808487,-14.9385916995285,0.0 -54.6810865,-14.9387864995285,0.0 -54.6811558,-14.9388206995285,0.0 -54.6814832,-14.9390087995285,0.0 -54.6818183,-14.9392794995285,0.0 -54.682078,-14.9394960995285,0.0 -54.6824683,-14.9398204995285,0.0 -54.6827355,-14.9400358995285,0.0 -54.6831241,-14.9403433995285,0.0 -54.6834787,-14.9406279995284,0.0 -54.6838103,-14.9409097995284,0.0 -54.6841138,-14.9411606995284,0.0 -54.6842761,-14.9413015995284,0.0 -54.6844668,-14.9414796995284,0.0 -54.684601,-14.9416047995284,0.0 -54.6847986,-14.9417586995284,0.0 -54.6849249,-14.9418498995284,0.0 -54.6850549,-14.9419354995284,0.0 -54.6852311,-14.9420807995284,0.0 -54.6853678,-14.9421879995284,0.0 -54.6855345,-14.9423201995284,0.0 -54.6856532,-14.9424257995284,0.0 -54.6859291,-14.9426765995284,0.0 -54.6861097,-14.9428349995284,0.0 -54.6863541,-14.9430336995284,0.0 -54.6865628,-14.9432032995284,0.0 -54.6868054,-14.9434058995284,0.0 -54.687024,-14.9435916995284,0.0 -54.6871718,-14.9437393995284,0.0 -54.6873079,-14.9438492995284,0.0 -54.6875316,-14.9440158995283,0.0 -54.687743,-14.9441955995283,0.0 -54.688087,-14.9444950995283,0.0 -54.6883075,-14.9447008995283,0.0 -54.6890517,-14.9453104995283,0.0 -54.691042,-14.9469406995283,0.0 -54.691046,-14.9469436995283,0.0 -54.6913783,-14.9472050995283,0.0 -54.6916616,-14.9474338995283,0.0 -54.6918493,-14.9475909995282,0.0 -54.6921383,-14.9478316995282,0.0 -54.6923193,-14.9479731995282,0.0 -54.6925684,-14.9481733995282,0.0 -54.6927233,-14.9483023995282,0.0 -54.6927421,-14.9483173995282,0.0 -54.6930494,-14.9485540995282,0.0 -54.69325,-14.9487085995282,0.0 -54.6933088,-14.9487735995282,0.0 -54.6933382,-14.9487938995282,0.0 -54.693451,-14.9488749995282,0.0 -54.6936242,-14.9490225995282,0.0 -54.6937491,-14.9491268995282,0.0 -54.6938799,-14.9492444995282,0.0 -54.6940342,-14.9494023995282,0.0 -54.6941479,-14.9495262995282,0.0 -54.6942374,-14.9496066995282,0.0 -54.6943433,-14.9497017995282,0.0 -54.6945725,-14.9499578995282,0.0 -54.6947443,-14.9501496995282,0.0 -54.6949282,-14.9503537995282,0.0 -54.6951924,-14.9506562995282,0.0 -54.6953808,-14.9508626995281,0.0 -54.6956527,-14.9511598995281,0.0 -54.6959072,-14.9514634995281,0.0 -54.6961644,-14.9518040995281,0.0 -54.6964564,-14.9521993995281,0.0 -54.6966396,-14.9524163995281,0.0 -54.6967568,-14.9525393995281,0.0 -54.6968607,-14.9526438995281,0.0 -54.6968918,-14.9526751995281,0.0 -54.6969303,-14.9527084995281,0.0 -54.697044,-14.9527875995281,0.0 -54.6974313,-14.9530572995281,0.0 -54.6982167,-14.9533452995281,0.0 -54.6998613,-14.9539759995281,0.0 -54.7076343,-14.956956599528,0.0 -54.7116582,-14.9584995995279,0.0 -54.7116662,-14.9585026995279,0.0 -54.7135194,-14.9592132995279,0.0 -54.7143238,-14.9594596995279,0.0 -54.7144622,-14.9595020995279,0.0 -54.7261882,-14.9664069995277,0.0 -54.7263648,-14.9665109995277,0.0 -54.7275762,-14.9670414995277,0.0 -54.7297751,-14.9679264995277,0.0 -54.7299247,-14.9679843995277,0.0 -54.7332084,-14.9692545995276,0.0 -54.7358777,-14.9704914995276,0.0 -54.7364385,-14.9707564995276,0.0 -54.7367516,-14.9710858995276,0.0 -54.7369742,-14.9715240995276,0.0 -54.7380637,-14.9739117995275,0.0 -54.7386205,-14.9749636995275,0.0 -54.740474,-14.9774642995274,0.0 -54.7406341,-14.9776102995274,0.0 -54.7407873,-14.9777499995274,0.0 -54.7411685,-14.9779485995274,0.0 -54.7417303,-14.9780167995274,0.0 -54.7419774,-14.9780549995274,0.0 -54.7423145,-14.9781070995274,0.0 -54.742719,-14.9781526995274,0.0 -54.7431002,-14.9783512995274,0.0 -54.7435311,-14.9786823995274,0.0 -54.7436153,-14.9787471995274,0.0 -54.7444438,-14.9794286995273,0.0 -54.7449566,-14.9799008995273,0.0 -54.7456992,-14.9805845995273,0.0 -54.7457116,-14.9805959995273,0.0 -54.7461191,-14.9809712995273,0.0 -54.7480471,-14.9827464995272,0.0 -54.7485309,-14.9831550995272,0.0 -54.7490099,-14.9835597995272,0.0 -54.7494129,-14.9839113995272,0.0 -54.749681,-14.9842405995272,0.0 -54.7500157,-14.9847666995272,0.0 -54.7503949,-14.9853586995272,0.0 -54.750865,-14.9857761995272,0.0 -54.7514479,-14.9861286995271,0.0 -54.7524123,-14.9866141995271,0.0 -54.7525278,-14.9866844995271,0.0 -54.7533538,-14.9871869995271,0.0 -54.753556,-14.9872795995271,0.0 -54.7552831,-14.9880703995271,0.0 -54.7554018,-14.9881094995271,0.0 -54.7558219,-14.9882478995271,0.0 -54.7564956,-14.9884258995271,0.0 -54.7569376,-14.9885662995271,0.0 -54.7571242,-14.9886255995271,0.0 -54.7572806,-14.9888230995271,0.0 -54.7574141,-14.9891077995271,0.0 -54.7574615,-14.9892864995271,0.0 -54.7575244,-14.989523699527,0.0 -54.7576341,-14.990070599527,0.0 -54.7577895,-14.990464799527,0.0 -54.7582137,-14.991078799527,0.0 -54.758795,-14.991737299527,0.0 -54.7594886,-14.992309899527,0.0 -54.7597803,-14.992550699527,0.0 -54.7602287,-14.9929439995269,0.0 -54.76025,-14.9929625995269,0.0 -54.7608326,-14.9934735995269,0.0 -54.7615053,-14.9938483995269,0.0 -54.7621772,-14.9943760995269,0.0 -54.7638784,-14.9959359995269,0.0 -54.7648334,-14.9969030995268,0.0 -54.7650213,-14.9970933995268,0.0 -54.7650357,-14.9971079995268,0.0 -54.765288,-14.9973633995268,0.0 -54.7660348,-14.9976371995268,0.0 -54.7686099,-14.9985811995268,0.0 -54.7697991,-14.9991113995268,0.0 -54.7709869,-14.9999256995268,0.0 -54.771995,-15.0006953995267,0.0 -54.7729127,-15.0015520995267,0.0 -54.7743573,-15.0029616995267,0.0 -54.7759508,-15.0045165995266,0.0 -54.7806841,-15.0091350995265,0.0 -54.7807678,-15.0092167995265,0.0 -54.7811705,-15.0096339995265,0.0 -54.78144,-15.0097226995265,0.0 -54.7820025,-15.0096596995265,0.0 -54.7838702,-15.0094060995265,0.0 -54.7843652,-15.0093646995265,0.0 -54.7847248,-15.0094538995265,0.0 -54.7848144,-15.0094760995265,0.0 -54.7850832,-15.0096739995265,0.0 -54.7854857,-15.0101566995265,0.0 -54.7861109,-15.0110557995264,0.0 -54.7865892,-15.0116083995264,0.0 -54.7874973,-15.0126576995264,0.0 -54.7882171,-15.0135247995264,0.0 -54.788481,-15.0138425995264,0.0 -54.7887974,-15.0141958995263,0.0 -54.7891296,-15.0145667995263,0.0 -54.7903836,-15.0158180995263,0.0 -54.7904499,-15.0158842995263,0.0 -54.7910621,-15.0164717995263,0.0 -54.7945237,-15.0197935995262,0.0 -54.7948816,-15.0201886995262,0.0 -54.7949925,-15.0205169995262,0.0 -54.7951121,-15.0208130995262,0.0 -54.795664,-15.0221786995261,0.0 -54.7959924,-15.0229913995261,0.0 -54.7962374,-15.0234733995261,0.0 -54.7965279,-15.0238680995261,0.0 -54.7975126,-15.024856199526,0.0 -54.7999516,-15.027380899526,0.0 -54.8006557,-15.028081699526,0.0 -54.8007423,-15.0281679995259,0.0 -54.8018085,-15.0292291995259,0.0 -54.8045399,-15.0319479995258,0.0 -54.8132458,-15.0408175995256,0.0 -54.8140649,-15.0416466995256,0.0 -54.8175716,-15.0451961995255,0.0 -54.8202515,-15.0479087995254,0.0 -54.8206916,-15.0483814995254,0.0 -54.8211913,-15.0489183995254,0.0 -54.8212085,-15.0489359995253,0.0 -54.8219865,-15.0497307995253,0.0 -54.8222657,-15.0500159995253,0.0 -54.8226353,-15.0502983995253,0.0 -54.8231139,-15.0506638995253,0.0 -54.8283472,-15.0546608995252,0.0 -54.8297022,-15.0556957995252,0.0 -54.8318798,-15.0573589995251,0.0 -54.8322416,-15.0576368995251,0.0 -54.8340447,-15.0590217995251,0.0 -54.8340855,-15.0590530995251,0.0 -54.8374362,-15.061626599525,0.0 -54.8401239,-15.0636907995249,0.0 -54.843758,-15.0664819995249,0.0 -54.8443184,-15.0668778995248,0.0 -54.8447453,-15.0669889995248,0.0 -54.845735,-15.0669933995248,0.0 -54.846185,-15.0669516995248,0.0 -54.8464161,-15.0668459995248,0.0 -54.8466584,-15.0667351995248,0.0 -54.8493202,-15.0651076995249,0.0 -54.8496583,-15.0649561995249,0.0 -54.8500632,-15.0649360995249,0.0 -54.8504453,-15.0650033995249,0.0 -54.8530749,-15.0660043995249,0.0 -54.8556149,-15.0669711995248,0.0 -54.8556244,-15.0669747995248,0.0 -54.855699,-15.0670031995248,0.0 -54.8557892,-15.0670374995248,0.0 -54.8559109,-15.0670842995248,0.0 -54.8559132,-15.0670852995248,0.0 -54.8559259,-15.0670847995248,0.0 -54.8561512,-15.0670775995248,0.0 -54.8628747,-15.0668599995248,0.0 -54.8636262,-15.0668356995248,0.0 -54.8681736,-15.0666883995248,0.0 -54.8713685,-15.0665848995249,0.0 -54.8754685,-15.0664519995249,0.0 -54.8801703,-15.0662994995249,0.0 -54.881409,-15.0662619995249,0.0 -54.8784067,-15.0649148995249,0.0 -54.8751532,-15.0634551995249,0.0 -54.8817165,-15.0580790995251,0.0 -54.8817515,-15.0580504995251,0.0 -54.8847089,-15.0556280995252,0.0 -54.884965,-15.0554087995252,0.0 -54.8852429,-15.0551708995252,0.0 -54.8854714,-15.0549765995252,0.0 -54.8874803,-15.0532682995252,0.0 -54.8885751,-15.0523373995253,0.0 -54.8887846,-15.0521910995253,0.0 -54.8890791,-15.0519854995253,0.0 -54.9002407,-15.0441907995255,0.0 -54.9003788,-15.0441434995255,0.0 -54.9005363,-15.0441632995255,0.0 -54.9033479,-15.0453906995255,0.0 -54.9034758,-15.0454103995254,0.0 -54.9042433,-15.0455858995254,0.0 -54.9057594,-15.0457549995254,0.0 -54.9117265,-15.0461817995254,0.0 -54.9130061,-15.0463689995254,0.0 -54.9131044,-15.0464268995254,0.0 -54.9131037,-15.0465799995254,0.0 -54.9131028,-15.0467905995254,0.0 -54.9131811,-15.0469057995254,0.0 -54.9139679,-15.0471674995254,0.0 -54.9143011,-15.0475420995254,0.0 -54.9144871,-15.0478013995254,0.0 -54.914644,-15.0479742995254,0.0 -54.9147619,-15.0480417995254,0.0 -54.9150569,-15.0481482995254,0.0 -54.9154206,-15.0483124995254,0.0 -54.9158927,-15.0484867995254,0.0 -54.916178,-15.0485644995254,0.0 -54.9173201,-15.0486649995254,0.0 -54.9183934,-15.0487376995254,0.0 -54.9194626,-15.0486319995254,0.0 -54.9207043,-15.0484791995254,0.0 -54.9214337,-15.0483672995254,0.0 -54.9219165,-15.0483357995254,0.0 -54.922646,-15.0481904995254,0.0 -54.9234888,-15.0480503995254,0.0 -54.9242913,-15.0481014995254,0.0 -54.9249265,-15.0481279995254,0.0 -54.9255611,-15.0482981995254,0.0 -54.9261662,-15.0484489995254,0.0 -54.9266726,-15.0486520995254,0.0 -54.9271888,-15.0488647995254,0.0 -54.9279359,-15.0491980995253,0.0 -54.9287182,-15.0493830995253,0.0 -54.9292153,-15.0494569995253,0.0 -54.9296581,-15.0495592995253,0.0 -54.93073,-15.0496071995253,0.0 -54.9325163,-15.0499374995253,0.0 -54.9333429,-15.0501346995253,0.0 -54.9345544,-15.0501324995253,0.0 -54.9493747,-15.0482040995254,0.0 -54.9504385,-15.0480334995254,0.0 -54.9515024,-15.0478628995254,0.0 -54.9519016,-15.0477988995254,0.0 -54.9532253,-15.0475866995254,0.0 -54.9532691,-15.0475066995254,0.0 -54.9546768,-15.0477858995254,0.0 -54.9580831,-15.0488236995254,0.0 -54.9597316,-15.0493258995253,0.0 -54.9623447,-15.0500689995253,0.0 -54.9642739,-15.0508612995253,0.0 -54.9692729,-15.0522898995253,0.0 -54.9734887,-15.0536763995252,0.0 -54.9752921,-15.0542809995252,0.0 -54.9761459,-15.0543439995252,0.0 -54.976567,-15.0543756995252,0.0 -54.976744,-15.0543889995252,0.0 -54.9768856,-15.0543996995252,0.0 -54.9768912,-15.0544000995252,0.0 -54.9769443,-15.0544040995252,0.0 -54.9769773,-15.0544052995252,0.0 -54.9770115,-15.0544078995252,0.0 -54.977014,-15.0544067995252,0.0 -54.9770794,-15.0543787995252,0.0 -54.9771873,-15.0543325995252,0.0 -54.9772467,-15.0543066995252,0.0 -54.9774801,-15.0542050995252,0.0 -54.9778889,-15.0540351995252,0.0 -54.9783148,-15.0538585995252,0.0 -54.9786647,-15.0537052995252,0.0 -54.979061,-15.0535468995252,0.0 -54.9793072,-15.0534458995252,0.0 -54.9795665,-15.0533409995252,0.0 -54.9797678,-15.0532539995252,0.0 -54.9798154,-15.0532333995252,0.0 -54.9802395,-15.0530381995252,0.0 -54.9806708,-15.0528819995252,0.0 -54.9810114,-15.0527926995252,0.0 -54.9811013,-15.0527723995252,0.0 -54.9815176,-15.0526784995252,0.0 -54.9816826,-15.0526423995252,0.0 -54.9818333,-15.0526094995252,0.0 -54.9822939,-15.0525036995253,0.0 -54.9826119,-15.0524290995252,0.0 -54.9829349,-15.0523484995253,0.0 -54.9834304,-15.0522239995253,0.0 -54.9835864,-15.0521861995253,0.0 -54.9838718,-15.0521170995253,0.0 -54.9839485,-15.0520984995253,0.0 -54.9840289,-15.0520790995253,0.0 -54.9842996,-15.0520135995253,0.0 -54.9847967,-15.0519046995253,0.0 -54.9851936,-15.0517891995253,0.0 -54.9854635,-15.0517228995253,0.0 -54.9858726,-15.0516066995253,0.0 -54.9863204,-15.0514894995253,0.0 -54.9866879,-15.0514093995253,0.0 -54.9870889,-15.0513208995253,0.0 -54.9874718,-15.0512186995253,0.0 -54.9876815,-15.0511616995253,0.0 -54.9880113,-15.0510766995253,0.0 -54.9882531,-15.0510238995253,0.0 -54.9885151,-15.0509626995253,0.0 -54.9887586,-15.0508983995253,0.0 -54.9891749,-15.0507946995253,0.0 -54.9892994,-15.0507666995253,0.0 -54.9894094,-15.0507419995253,0.0 -54.9894531,-15.0507321995253,0.0 -54.9894979,-15.0507220995253,0.0 -54.9898614,-15.0506401995253,0.0 -54.9901071,-15.0505815995253,0.0 -54.9903159,-15.0505185995253,0.0 -54.9903408,-15.0505110995253,0.0 -54.9906572,-15.0504325995253,0.0 -54.9906657,-15.0504304995253,0.0 -54.9910546,-15.0503355995253,0.0 -54.9913208,-15.0502596995253,0.0 -54.9917335,-15.0501563995253,0.0 -54.9921281,-15.0500534995253,0.0 -54.9922634,-15.0500214995253,0.0 -54.9922917,-15.0500072995253,0.0 -54.9925053,-15.0499464995253,0.0 -54.992825,-15.0498190995253,0.0 -54.9930439,-15.0496979995253,0.0 -54.9932738,-15.0495676995253,0.0 -54.9934963,-15.0494205995253,0.0 -54.9938512,-15.0491769995253,0.0 -54.994188,-15.0489544995254,0.0 -54.9945352,-15.0487339995254,0.0 -54.9947534,-15.0485904995254,0.0 -54.9948107,-15.0485521995254,0.0 -54.9949899,-15.0484325995254,0.0 -54.9952331,-15.0482703995254,0.0 -54.995278,-15.0482400995254,0.0 -54.9955049,-15.0480869995254,0.0 -54.9957444,-15.0479222995254,0.0 -54.9959865,-15.0477564995254,0.0 -54.9962761,-15.0475397995254,0.0 -54.9963272,-15.0474948995254,0.0 -54.9964351,-15.0473999995254,0.0 -54.9965908,-15.0472310995254,0.0 -54.9966576,-15.0471585995254,0.0 -54.9967855,-15.0470003995254,0.0 -54.9969715,-15.0467602995254,0.0 -54.9971171,-15.0465687995254,0.0 -54.9973308,-15.0462112995254,0.0 -54.9974943,-15.0458041995254,0.0 -54.9975596,-15.0455136995255,0.0 -54.9976378,-15.0450691995255,0.0 -54.9976648,-15.0446268995255,0.0 -54.9976518,-15.0442403995255,0.0 -54.9976514,-15.0442305995255,0.0 -54.997649,-15.0441588995255,0.0 -54.9976393,-15.0438995995255,0.0 -54.997631,-15.0436773995255,0.0 -54.9976084,-15.0431880995255,0.0 -54.9976019,-15.0428743995255,0.0 -54.9975961,-15.0426958995255,0.0 -54.9975858,-15.0423808995255,0.0 -54.9975695,-15.0420439995255,0.0 -54.9975531,-15.0417228995256,0.0 -54.9975374,-15.0412595995256,0.0 -54.9975262,-15.0407869995256,0.0 -54.9975113,-15.0402935995256,0.0 -54.9974992,-15.0398647995256,0.0 -54.9974976,-15.0395879995256,0.0 -54.9974976,-15.0395853995256,0.0 -54.9974968,-15.0394528995256,0.0 -54.9974855,-15.0390509995256,0.0 -54.9974763,-15.0387464995256,0.0 -54.9974723,-15.0386135995256,0.0 -54.9974693,-15.0381604995257,0.0 -54.9974609,-15.0378028995257,0.0 -54.9974534,-15.0376513995257,0.0 -54.997441,-15.0373987995257,0.0 -54.9974208,-15.0370127995257,0.0 -54.9973753,-15.0365556995257,0.0 -54.997353,-15.0362744995257,0.0 -54.9973166,-15.0358348995257,0.0 -54.9972922,-15.0355880995257,0.0 -54.9972901,-15.0355670995257,0.0 -54.9972874,-15.0355137995257,0.0 -54.9972764,-15.0353017995257,0.0 -54.9972747,-15.0352819995257,0.0 -54.9972461,-15.0349422995258,0.0 -54.9972426,-15.0349005995258,0.0 -54.9972172,-15.0346386995258,0.0 -54.9971451,-15.0342814995258,0.0 -54.9969171,-15.0339303995258,0.0 -54.9967646,-15.0337867995258,0.0 -54.9967566,-15.0337574995258,0.0 -54.9967169,-15.0336131995258,0.0 -54.9966996,-15.0335501995258,0.0 -54.9938378,-15.0231363995261,0.0 -54.9938153,-15.0226882995261,0.0 -54.9937515,-15.0214143995261,0.0 -54.9931973,-15.0201435995262,0.0 -54.993856,-15.0186239995262,0.0 -54.9946091,-15.0168868995263,0.0 -54.9982536,-15.0148165995263,0.0 -54.998842,-15.0144266995263,0.0 -55.000753,-15.0131602995264,0.0 -55.0016739,-15.0119503995264,0.0 -55.0018372,-15.0116530995264,0.0 -55.0036806,-15.0100234995265,0.0 -55.0049242,-15.0093905995265,0.0 -55.0053774,-15.0092958995265,0.0 -55.0060177,-15.0091734995265,0.0 -55.0081002,-15.0083488995265,0.0 -55.0096005,-15.0078766995265,0.0 -55.0104291,-15.0076281995265,0.0 -55.0111389,-15.0073409995265,0.0 -55.011391,-15.0070540995265,0.0 -55.0114935,-15.0062998995266,0.0 -55.0117402,-15.0058331995266,0.0 -55.0121194,-15.0054407995266,0.0 -55.0124201,-15.0051630995266,0.0 -55.0147818,-15.0035675995266,0.0 -55.0156276,-15.0029962995267,0.0 -55.0165507,-15.0021967995267,0.0 -55.017501,-15.0021360995267,0.0 -55.0184931,-15.0025629995267,0.0 -55.0191902,-15.0027807995267,0.0 -55.0192477,-15.0027986995267,0.0 -55.0205765,-15.0030944995267,0.0 -55.0214911,-15.0029647995267,0.0 -55.0220558,-15.0029907995267,0.0 -55.0224446,-15.0030464995267,0.0 -55.0238721,-15.0022386995267,0.0 -55.0244415,-15.0019164995267,0.0 -55.0244673,-15.0018930995267,0.0 -55.0246871,-15.0016934995267,0.0 -55.0256479,-15.0008209995267,0.0 -55.0260682,-15.0004393995267,0.0 -55.0260927,-15.0004256995267,0.0 -55.0263004,-15.0003099995267,0.0 -55.026677,-15.0001001995267,0.0 -55.0269811,-14.9999307995267,0.0 -55.02751,-14.9998100995268,0.0 -55.0298654,-14.9996837995268,0.0 -55.0319532,-14.9998383995268,0.0 -55.0336902,-14.9994289995268,0.0 -55.0337176,-14.9994224995268,0.0 -55.0340031,-14.9993552995268,0.0 -55.0356177,-14.9991964995268,0.0 -55.0359731,-14.9992254995268,0.0 -55.0360466,-14.9992314995268,0.0 -55.0373776,-14.9993399995268,0.0 -55.0389991,-14.9996229995268,0.0 -55.0395223,-14.9997142995268,0.0 -55.0399185,-14.9997833995268,0.0 -55.0403588,-14.9998602995268,0.0 -55.040386,-14.9998681995268,0.0 -55.0418661,-15.0002980995267,0.0 -55.0421596,-15.0003832995267,0.0 -55.0429871,-15.0006235995267,0.0 -55.043173,-15.0006776995267,0.0 -55.0437801,-15.0006829995267,0.0 -55.0448484,-15.0006922995267,0.0 -55.0455349,-15.0005672995267,0.0 -55.0461726,-15.0006168995267,0.0 -55.0474081,-15.0014838995267,0.0 -55.0475457,-15.0015620995267,0.0 -55.0477702,-15.0016734995267,0.0 -55.048396,-15.0016993995267,0.0 -55.048835,-15.0011875995267,0.0 -55.0490503,-15.0010174995267,0.0 -55.0490825,-15.0009920995267,0.0 -55.0503963,-14.9999541995268,0.0 -55.0504394,-14.9999200995268,0.0 -55.0506829,-14.9997276995268,0.0 -55.0509982,-14.9994786995268,0.0 -55.0516762,-14.9991300995268,0.0 -55.0518182,-14.9990757995268,0.0 -55.0532256,-14.9985373995268,0.0 -55.0541737,-14.9982269995268,0.0 -55.0570484,-14.9976225995268,0.0 -55.0584471,-14.9975066995268,0.0 -55.059221,-14.9974424995268,0.0 -55.0595524,-14.9974150995268,0.0 -55.0615014,-14.9975389995268,0.0 -55.0665466,-14.9978597995268,0.0 -55.0680431,-14.9977932995268,0.0 -55.0697781,-14.9974962995268,0.0 -55.0724927,-14.9967680995268,0.0 -55.0740735,-14.9965768995268,0.0 -55.0758728,-14.9965540995268,0.0 -55.0763024,-14.9966165995268,0.0 -55.0802101,-14.9977734995268,0.0 -55.0816907,-14.9981020995268,0.0 -55.083358,-14.9982401995268,0.0 -55.0863119,-14.9981458995268,0.0 -55.0869063,-14.9982602995268,0.0 -55.0874921,-14.9985581995268,0.0 -55.0882431,-14.9993157995268,0.0 -55.0884817,-14.9995565995268,0.0 -55.0897055,-15.0004464995267,0.0 -55.090568,-15.0009096995267,0.0 -55.0918988,-15.0012362995267,0.0 -55.0926468,-15.0012017995267,0.0 -55.0932886,-15.0010218995267,0.0 -55.0949064,-14.9995391995268,0.0 -55.0957813,-14.9991948995268,0.0 -55.0964315,-14.9990542995268,0.0 -55.0978961,-14.9991339995268,0.0 -55.1012386,-14.9997236995268,0.0 -55.1026303,-14.9998668995268,0.0 -55.1033832,-14.9998151995268,0.0 -55.1047551,-14.9994425995268,0.0 -55.1055911,-14.9995292995268,0.0 -55.1060317,-14.9996282995268,0.0 -55.1073579,-14.9998655995268,0.0 -55.1097305,-14.9997728995268,0.0 -55.1099882,-14.9995737995268,0.0 -55.1100835,-14.9993485995268,0.0 -55.1102462,-14.9981837995268,0.0 -55.1105387,-14.9969685995268,0.0 -55.1113362,-14.9958599995269,0.0 -55.1113921,-14.9957823995269,0.0 -55.1116896,-14.9954961995269,0.0 -55.1124153,-14.9951898995269,0.0 -55.1138973,-14.9948281995269,0.0 -55.1162795,-14.9946825995269,0.0 -55.1184288,-14.9941966995269,0.0 -55.1193015,-14.9942477995269,0.0 -55.1238017,-14.9948706995269,0.0 -55.1250583,-14.9948464995269,0.0 -55.1261955,-14.9944969995269,0.0 -55.1267807,-14.9940555995269,0.0 -55.1269122,-14.9937901995269,0.0 -55.1270402,-14.9930870995269,0.0 -55.1272404,-14.992783899527,0.0 -55.127804,-14.992593599527,0.0 -55.1295302,-14.992448299527,0.0 -55.1299599,-14.992343099527,0.0 -55.1329375,-14.989971399527,0.0 -55.1333843,-14.989783499527,0.0 -55.1355227,-14.9892839995271,0.0 -55.136337,-14.9889631995271,0.0 -55.1366646,-14.9886448995271,0.0 -55.137068,-14.9875940995271,0.0 -55.1372928,-14.9873270995271,0.0 -55.13768,-14.9872739995271,0.0 -55.1386268,-14.9876739995271,0.0 -55.1390842,-14.9875283995271,0.0 -55.1393505,-14.9872533995271,0.0 -55.1394924,-14.9869511995271,0.0 -55.1395868,-14.9858329995272,0.0 -55.1397028,-14.9855601995272,0.0 -55.1400182,-14.9850155995272,0.0 -55.1403485,-14.9844451995272,0.0 -55.1412889,-14.9834201995272,0.0 -55.1414806,-14.9831079995272,0.0 -55.1414656,-14.9827708995272,0.0 -55.1413011,-14.9824868995272,0.0 -55.1407496,-14.9820439995273,0.0 -55.1405627,-14.9817601995273,0.0 -55.1405018,-14.9813781995273,0.0 -55.140609,-14.9807486995273,0.0 -55.1407306,-14.9799597995273,0.0 -55.1405186,-14.9795623995273,0.0 -55.1404095,-14.9793578995273,0.0 -55.1398415,-14.9787062995274,0.0 -55.139393,-14.9781916995274,0.0 -55.1393843,-14.9781816995274,0.0 -55.1389552,-14.9776894995274,0.0 -55.1379934,-14.9768876995274,0.0 -55.1377935,-14.9767210995274,0.0 -55.1376562,-14.9765295995274,0.0 -55.1372355,-14.9759421995274,0.0 -55.1370928,-14.9757430995274,0.0 -55.1361779,-14.9751163995275,0.0 -55.1354295,-14.9744264995275,0.0 -55.1351354,-14.9743012995275,0.0 -55.1345801,-14.9742286995275,0.0 -55.1342612,-14.9742357995275,0.0 -55.1340268,-14.9742408995275,0.0 -55.133381,-14.9741286995275,0.0 -55.1327838,-14.9737464995275,0.0 -55.1324583,-14.9731077995275,0.0 -55.1321981,-14.9721973995275,0.0 -55.1317422,-14.9699893995276,0.0 -55.1315172,-14.9694274995276,0.0 -55.1315147,-14.9694246995276,0.0 -55.1313562,-14.9692422995276,0.0 -55.1312012,-14.9691641995276,0.0 -55.1309325,-14.9690287995276,0.0 -55.1305757,-14.9689843995276,0.0 -55.1295742,-14.9688594995276,0.0 -55.1290842,-14.9687984995276,0.0 -55.1279023,-14.9683896995276,0.0 -55.127847,-14.9683965995277,0.0 -55.1267374,-14.9685343995277,0.0 -55.126517,-14.9685617995276,0.0 -55.1253338,-14.9684475995276,0.0 -55.1250845,-14.9684748995276,0.0 -55.1248386,-14.9685017995276,0.0 -55.1239582,-14.9686770995276,0.0 -55.1238084,-14.9687069995276,0.0 -55.1232101,-14.9685605995276,0.0 -55.1228525,-14.9685793995276,0.0 -55.1227054,-14.9686803995276,0.0 -55.1226041,-14.9687499995276,0.0 -55.122204,-14.9692636995276,0.0 -55.1221682,-14.9693096995276,0.0 -55.1217781,-14.9694217995276,0.0 -55.1215081,-14.9693176995276,0.0 -55.1214309,-14.9692878995276,0.0 -55.1204292,-14.9684915995277,0.0 -55.1202849,-14.9684340995276,0.0 -55.119804,-14.9682426995277,0.0 -55.1194862,-14.9681877995277,0.0 -55.1183586,-14.9682643995277,0.0 -55.1174671,-14.9675004995277,0.0 -55.1170681,-14.9673202995277,0.0 -55.1166311,-14.9673351995277,0.0 -55.1161079,-14.9675365995277,0.0 -55.1153313,-14.9672315995277,0.0 -55.1146236,-14.9673918995277,0.0 -55.1141996,-14.9674361995277,0.0 -55.1138488,-14.9669398995277,0.0 -55.1137087,-14.9668068995277,0.0 -55.1135649,-14.9668076995277,0.0 -55.1132392,-14.9671054995277,0.0 -55.1129768,-14.9673455995277,0.0 -55.1127947,-14.9675120995277,0.0 -55.1123396,-14.9676246995277,0.0 -55.1115717,-14.9678146995277,0.0 -55.1112436,-14.9676696995277,0.0 -55.1104849,-14.9673345995277,0.0 -55.1103133,-14.9672587995277,0.0 -55.1099723,-14.9674885995277,0.0 -55.1097323,-14.9679709995277,0.0 -55.1095771,-14.9680291995277,0.0 -55.1094995,-14.9678972995277,0.0 -55.1094591,-14.9678285995277,0.0 -55.1092811,-14.9669134995277,0.0 -55.1091333,-14.9666950995277,0.0 -55.1091136,-14.9666954995277,0.0 -55.1088342,-14.9667011995277,0.0 -55.108174,-14.9670899995277,0.0 -55.1079314,-14.9669991995277,0.0 -55.1078825,-14.9668094995277,0.0 -55.1078129,-14.9665390995277,0.0 -55.1079167,-14.9660358995277,0.0 -55.1080042,-14.9659544995277,0.0 -55.1082621,-14.9657146995277,0.0 -55.1088551,-14.9654040995277,0.0 -55.1089628,-14.9653475995277,0.0 -55.1091894,-14.9647944995278,0.0 -55.1091724,-14.9642623995278,0.0 -55.1090006,-14.9639716995278,0.0 -55.1086489,-14.9636789995278,0.0 -55.1084523,-14.9636246995278,0.0 -55.1082525,-14.9635693995278,0.0 -55.1078282,-14.9635422995278,0.0 -55.1073579,-14.9635122995278,0.0 -55.1069071,-14.9632209995278,0.0 -55.1066306,-14.9622978995278,0.0 -55.1061275,-14.9614448995279,0.0 -55.1062728,-14.9601890995279,0.0 -55.1062328,-14.9598932995279,0.0 -55.1060795,-14.9597294995279,0.0 -55.1059408,-14.9597013995279,0.0 -55.1057321,-14.9596591995279,0.0 -55.1054536,-14.9596027995279,0.0 -55.1053811,-14.9595205995279,0.0 -55.1054977,-14.957875999528,0.0 -55.1056911,-14.957678499528,0.0 -55.106778,-14.957242799528,0.0 -55.1069718,-14.957027599528,0.0 -55.1068863,-14.956620699528,0.0 -55.1067745,-14.956550399528,0.0 -55.1062949,-14.956249199528,0.0 -55.1061379,-14.956150499528,0.0 -55.1059718,-14.955775799528,0.0 -55.1059625,-14.955461299528,0.0 -55.106187,-14.955033299528,0.0 -55.107215,-14.9537942995281,0.0 -55.1073723,-14.9532956995281,0.0 -55.107391,-14.9524303995281,0.0 -55.1075209,-14.9520012995281,0.0 -55.1077075,-14.9518585995281,0.0 -55.1078828,-14.9519081995281,0.0 -55.1082006,-14.9519979995281,0.0 -55.1085605,-14.9518370995281,0.0 -55.1086247,-14.9518083995281,0.0 -55.1090845,-14.9507772995282,0.0 -55.1097909,-14.9499801995282,0.0 -55.1103939,-14.9493024995282,0.0 -55.1106347,-14.9488790995282,0.0 -55.1107175,-14.9482677995282,0.0 -55.1106645,-14.9479935995282,0.0 -55.1106567,-14.9479529995282,0.0 -55.1105933,-14.9476248995282,0.0 -55.1106305,-14.9473486995283,0.0 -55.1108525,-14.9472561995283,0.0 -55.1110179,-14.9472612995283,0.0 -55.1112352,-14.9472679995283,0.0 -55.1113793,-14.9472724995282,0.0 -55.1116778,-14.9472155995283,0.0 -55.1117496,-14.9472019995283,0.0 -55.1118105,-14.9471903995283,0.0 -55.1119695,-14.9470764995283,0.0 -55.1120966,-14.9468386995283,0.0 -55.1121489,-14.9467406995283,0.0 -55.1121491,-14.9465023995283,0.0 -55.1121492,-14.9464444995283,0.0 -55.1118494,-14.9459163995283,0.0 -55.1117159,-14.9451351995283,0.0 -55.1116622,-14.9450307995283,0.0 -55.1112862,-14.9443001995283,0.0 -55.1112933,-14.9442911995283,0.0 -55.1115895,-14.9439123995284,0.0 -55.1118048,-14.9436370995284,0.0 -55.1118495,-14.9433838995284,0.0 -55.1120081,-14.9424840995284,0.0 -55.1123138,-14.9421494995284,0.0 -55.1125348,-14.9420922995284,0.0 -55.1127544,-14.9420353995284,0.0 -55.1131477,-14.9424694995284,0.0 -55.1133874,-14.9433892995284,0.0 -55.1135554,-14.9435420995284,0.0 -55.1136529,-14.9435297995284,0.0 -55.1137838,-14.9435131995284,0.0 -55.1139816,-14.9432421995284,0.0 -55.1139968,-14.9432212995284,0.0 -55.1140159,-14.9427163995284,0.0 -55.1140313,-14.9423088995284,0.0 -55.1141232,-14.9420580995284,0.0 -55.1147325,-14.9415554995284,0.0 -55.1149007,-14.9414167995284,0.0 -55.1153629,-14.9410354995284,0.0 -55.1157298,-14.9404192995285,0.0 -55.1157473,-14.9402423995285,0.0 -55.1157765,-14.9399467995285,0.0 -55.1158313,-14.9393933995285,0.0 -55.1157605,-14.9391646995285,0.0 -55.1157508,-14.9391332995285,0.0 -55.1156779,-14.9388975995285,0.0 -55.1152283,-14.9380072995285,0.0 -55.1152062,-14.9378323995285,0.0 -55.1153387,-14.9376391995285,0.0 -55.1154911,-14.9376506995285,0.0 -55.1160451,-14.9380896995285,0.0 -55.1161945,-14.9380988995285,0.0 -55.1164353,-14.9379518995285,0.0 -55.1166064,-14.9376960995285,0.0 -55.1166181,-14.9373364995285,0.0 -55.1164749,-14.9367731995286,0.0 -55.1164136,-14.9366591995286,0.0 -55.1164056,-14.9366442995286,0.0 -55.116122,-14.9361171995286,0.0 -55.1156106,-14.9351665995286,0.0 -55.11548,-14.9347104995286,0.0 -55.1152863,-14.9340344995286,0.0 -55.1154651,-14.9336118995286,0.0 -55.1154966,-14.9335917995287,0.0 -55.1157351,-14.9334394995287,0.0 -55.1161245,-14.9331907995287,0.0 -55.1163078,-14.9329194995287,0.0 -55.1165235,-14.9315003995287,0.0 -55.1168276,-14.9307139995287,0.0 -55.1172927,-14.9302523995287,0.0 -55.1181719,-14.9299651995288,0.0 -55.1183952,-14.9297813995288,0.0 -55.1184028,-14.9296713995288,0.0 -55.1184216,-14.9294021995288,0.0 -55.1184948,-14.9283519995288,0.0 -55.1188387,-14.9279488995288,0.0 -55.1192697,-14.9279044995288,0.0 -55.1194169,-14.9280149995288,0.0 -55.1195753,-14.9281338995288,0.0 -55.1199605,-14.9284231995288,0.0 -55.1204568,-14.9287630995288,0.0 -55.1216748,-14.9288474995288,0.0 -55.1222548,-14.9288806995288,0.0 -55.122366,-14.9287955995288,0.0 -55.1224583,-14.9285078995288,0.0 -55.1223676,-14.9279498995288,0.0 -55.1223383,-14.9277700995288,0.0 -55.1217646,-14.9268024995288,0.0 -55.1217867,-14.9261716995289,0.0 -55.1219282,-14.9261539995289,0.0 -55.1221585,-14.9261252995289,0.0 -55.1226948,-14.9263449995289,0.0 -55.1229706,-14.9264579995288,0.0 -55.1232574,-14.9263909995289,0.0 -55.1233876,-14.9261862995289,0.0 -55.1233922,-14.9259683995289,0.0 -55.1233401,-14.9258636995289,0.0 -55.1233118,-14.9258069995289,0.0 -55.1231239,-14.9254297995289,0.0 -55.1229224,-14.9250194995289,0.0 -55.1230884,-14.9242889995289,0.0 -55.1230095,-14.9240529995289,0.0 -55.1229256,-14.9239931995289,0.0 -55.1225246,-14.9237075995289,0.0 -55.1224769,-14.9236736995289,0.0 -55.1223698,-14.9233689995289,0.0 -55.1225939,-14.923205199529,0.0 -55.1230621,-14.9232241995289,0.0 -55.1234368,-14.9232474995289,0.0 -55.123804,-14.923093599529,0.0 -55.1239896,-14.922806699529,0.0 -55.1240066,-14.922254699529,0.0 -55.1239643,-14.921684699529,0.0 -55.1241243,-14.921179499529,0.0 -55.1244078,-14.920851799529,0.0 -55.1247597,-14.920812399529,0.0 -55.1251433,-14.921121699529,0.0 -55.1254324,-14.921354799529,0.0 -55.1256845,-14.921443399529,0.0 -55.1257814,-14.921399499529,0.0 -55.1257916,-14.921394799529,0.0 -55.1257987,-14.921379499529,0.0 -55.1259538,-14.921046099529,0.0 -55.1259595,-14.921033899529,0.0 -55.1262203,-14.9192249995291,0.0 -55.1264367,-14.9186436995291,0.0 -55.1267781,-14.9177261995291,0.0 -55.1271633,-14.9172268995291,0.0 -55.1273656,-14.9171421995291,0.0 -55.1274619,-14.9171715995291,0.0 -55.1276074,-14.9172160995291,0.0 -55.1276042,-14.9173353995291,0.0 -55.1271646,-14.9184946995291,0.0 -55.1272548,-14.9188644995291,0.0 -55.127352,-14.9189211995291,0.0 -55.1276345,-14.9188537995291,0.0 -55.1278581,-14.9187185995291,0.0 -55.1284424,-14.9183649995291,0.0 -55.1292104,-14.9181283995291,0.0 -55.1299034,-14.9177368995291,0.0 -55.1300551,-14.9173830995291,0.0 -55.1300567,-14.9173791995291,0.0 -55.1298176,-14.9167379995291,0.0 -55.1297763,-14.9165829995291,0.0 -55.1297187,-14.9163669995291,0.0 -55.1297321,-14.9161809995291,0.0 -55.1298422,-14.9160858995291,0.0 -55.132827,-14.9162466995291,0.0 -55.1335829,-14.9160878995291,0.0 -55.1339299,-14.9158965995292,0.0 -55.1341172,-14.9157932995292,0.0 -55.1345569,-14.9153827995292,0.0 -55.1346159,-14.9151430995292,0.0 -55.1345731,-14.9150841995292,0.0 -55.1343847,-14.9148253995292,0.0 -55.133516,-14.9142457995292,0.0 -55.1334176,-14.9139052995292,0.0 -55.1334139,-14.9138924995292,0.0 -55.1334495,-14.9136222995292,0.0 -55.1334852,-14.9136003995292,0.0 -55.1335947,-14.9135329995292,0.0 -55.1339791,-14.9134955995292,0.0 -55.1360428,-14.9132950995292,0.0 -55.1366866,-14.9132324995292,0.0 -55.1369388,-14.9131640995292,0.0 -55.1376327,-14.9129756995292,0.0 -55.1380525,-14.9127473995292,0.0 -55.1383276,-14.9122931995293,0.0 -55.1383446,-14.9115952995293,0.0 -55.1383591,-14.9109978995293,0.0 -55.1384999,-14.9105214995293,0.0 -55.1389439,-14.9090188995294,0.0 -55.1390934,-14.9085129995294,0.0 -55.1393175,-14.9077182995294,0.0 -55.1393298,-14.9076747995294,0.0 -55.1393861,-14.9071323995294,0.0 -55.1392978,-14.9068850995294,0.0 -55.1391665,-14.9067706995294,0.0 -55.1388397,-14.9064858995294,0.0 -55.1387799,-14.9062690995294,0.0 -55.138976,-14.9059054995294,0.0 -55.138985,-14.9058888995294,0.0 -55.1397407,-14.9051552995295,0.0 -55.140054,-14.9042792995295,0.0 -55.1401292,-14.9040376995295,0.0 -55.1403804,-14.9035129995295,0.0 -55.1404589,-14.9034171995295,0.0 -55.1407129,-14.9031068995295,0.0 -55.1410571,-14.9028658995295,0.0 -55.14159,-14.9024929995295,0.0 -55.1426403,-14.9014926995296,0.0 -55.1431831,-14.9010858995296,0.0 -55.1432165,-14.9010177995296,0.0 -55.1433423,-14.9007614995296,0.0 -55.1433864,-14.9004895995296,0.0 -55.1433902,-14.9004664995296,0.0 -55.1434567,-14.9000569995296,0.0 -55.1434452,-14.8998188995296,0.0 -55.1434192,-14.8992797995296,0.0 -55.1434074,-14.8990331995296,0.0 -55.1436954,-14.8977004995297,0.0 -55.1435428,-14.8972081995297,0.0 -55.1428133,-14.8966432995297,0.0 -55.1424122,-14.8963327995297,0.0 -55.1421301,-14.8958707995297,0.0 -55.1421241,-14.8958609995297,0.0 -55.1421038,-14.8956735995297,0.0 -55.1422752,-14.8951642995297,0.0 -55.1429868,-14.8944937995298,0.0 -55.1430105,-14.8944808995298,0.0 -55.1437661,-14.8940673995298,0.0 -55.1439012,-14.8939933995298,0.0 -55.144399,-14.8936217995298,0.0 -55.1447198,-14.8931830995298,0.0 -55.1448284,-14.8928499995298,0.0 -55.145473,-14.8908717995299,0.0 -55.1455156,-14.8906798995299,0.0 -55.1456539,-14.8900560995299,0.0 -55.1457041,-14.8894553995299,0.0 -55.1457183,-14.8892847995299,0.0 -55.1456335,-14.8884341995299,0.0 -55.1455909,-14.88800699953,0.0 -55.1454394,-14.88648839953,0.0 -55.1454421,-14.88637479953,0.0 -55.145458,-14.88570609953,0.0 -55.1455276,-14.88549909953,0.0 -55.1456719,-14.88507029953,0.0 -55.1457168,-14.88504039953,0.0 -55.1459381,-14.88489329953,0.0 -55.1463326,-14.88499749953,0.0 -55.1464764,-14.88523239953,0.0 -55.1466816,-14.88556749953,0.0 -55.1470526,-14.88585469953,0.0 -55.1475631,-14.88557399953,0.0 -55.1476596,-14.88547059953,0.0 -55.1480557,-14.88474629953,0.0 -55.1480829,-14.8842618995301,0.0 -55.147874,-14.8839992995301,0.0 -55.1471795,-14.8836569995301,0.0 -55.1471475,-14.8835580995301,0.0 -55.147026,-14.8831828995301,0.0 -55.1472961,-14.8827475995301,0.0 -55.148151,-14.8813702995301,0.0 -55.1482287,-14.8809107995301,0.0 -55.148215,-14.8799704995302,0.0 -55.1482084,-14.8795179995302,0.0 -55.1485395,-14.8790005995302,0.0 -55.1485851,-14.8789662995302,0.0 -55.1499842,-14.8779158995302,0.0 -55.1503628,-14.8775435995302,0.0 -55.150475,-14.8773107995303,0.0 -55.1503771,-14.8770680995303,0.0 -55.1502711,-14.8770425995303,0.0 -55.1500778,-14.8771277995303,0.0 -55.149511,-14.8773775995303,0.0 -55.1492219,-14.8774102995303,0.0 -55.1484338,-14.8769046995303,0.0 -55.1483283,-14.8768369995303,0.0 -55.1479886,-14.8770323995303,0.0 -55.14797,-14.8770831995303,0.0 -55.1477291,-14.8777400995302,0.0 -55.147618,-14.8778120995302,0.0 -55.1473924,-14.8777916995302,0.0 -55.1472671,-14.8776085995302,0.0 -55.1471189,-14.8773919995303,0.0 -55.146913,-14.8768396995303,0.0 -55.1465811,-14.8759494995303,0.0 -55.1465469,-14.8758577995303,0.0 -55.1459887,-14.8751790995303,0.0 -55.1458567,-14.8750185995303,0.0 -55.1458486,-14.8750085995303,0.0 -55.1458485,-14.8749923995303,0.0 -55.1458473,-14.8747330995303,0.0 -55.145847,-14.8746750995303,0.0 -55.1458758,-14.8746046995303,0.0 -55.146218,-14.8737668995304,0.0 -55.1461913,-14.8735862995304,0.0 -55.1460907,-14.8729078995304,0.0 -55.1460031,-14.8723166995304,0.0 -55.1460386,-14.8719269995304,0.0 -55.1460753,-14.8715248995304,0.0 -55.1461225,-14.8710067995304,0.0 -55.1477892,-14.8673325995305,0.0 -55.1479088,-14.8668786995306,0.0 -55.1476964,-14.8665945995306,0.0 -55.1476844,-14.8665784995306,0.0 -55.1466084,-14.8665658995306,0.0 -55.1466063,-14.8665658995306,0.0 -55.1465893,-14.8665520995306,0.0 -55.1464171,-14.8664118995306,0.0 -55.1463854,-14.8663860995306,0.0 -55.1462618,-14.8659627995306,0.0 -55.1465897,-14.8656072995306,0.0 -55.1469472,-14.8654743995306,0.0 -55.1474864,-14.8652739995306,0.0 -55.1478309,-14.8650442995306,0.0 -55.1479103,-14.8649425995306,0.0 -55.1479304,-14.8648258995306,0.0 -55.147978,-14.8645503995306,0.0 -55.1477868,-14.8640773995306,0.0 -55.1477044,-14.8638734995306,0.0 -55.1476037,-14.8636242995306,0.0 -55.1475856,-14.8633371995307,0.0 -55.1478813,-14.8630658995307,0.0 -55.1480809,-14.8630248995307,0.0 -55.1492314,-14.8629643995307,0.0 -55.1496342,-14.8629431995307,0.0 -55.1499872,-14.8627449995307,0.0 -55.1504321,-14.8623375995307,0.0 -55.1505588,-14.8620128995307,0.0 -55.1505003,-14.8616478995307,0.0 -55.1503599,-14.8613279995307,0.0 -55.1496004,-14.8603543995307,0.0 -55.1495232,-14.8598842995308,0.0 -55.1494736,-14.8595828995308,0.0 -55.1496872,-14.8593108995308,0.0 -55.1497404,-14.8593026995308,0.0 -55.1501407,-14.8592412995308,0.0 -55.1501832,-14.8592721995308,0.0 -55.1511116,-14.8599449995308,0.0 -55.1513027,-14.8599497995308,0.0 -55.151355,-14.8599510995308,0.0 -55.1515848,-14.8595492995308,0.0 -55.1516564,-14.8594243995308,0.0 -55.1518447,-14.8582282995308,0.0 -55.1516788,-14.8579496995308,0.0 -55.1512996,-14.8576576995308,0.0 -55.1499357,-14.8566071995308,0.0 -55.1498291,-14.8564466995309,0.0 -55.1497076,-14.8559254995309,0.0 -55.1497685,-14.8554408995309,0.0 -55.1499171,-14.8551454995309,0.0 -55.1502802,-14.8544237995309,0.0 -55.1503,-14.8541857995309,0.0 -55.1501255,-14.8538121995309,0.0 -55.1501083,-14.8537753995309,0.0 -55.1494911,-14.8533754995309,0.0 -55.1472471,-14.852721899531,0.0 -55.1469034,-14.852415099531,0.0 -55.1468192,-14.852200599531,0.0 -55.1468977,-14.851954299531,0.0 -55.1468985,-14.851951899531,0.0 -55.1472546,-14.851765699531,0.0 -55.1477407,-14.851771799531,0.0 -55.1484373,-14.851955199531,0.0 -55.1490491,-14.851809099531,0.0 -55.1495096,-14.851449599531,0.0 -55.1498612,-14.850789299531,0.0 -55.1498547,-14.850397099531,0.0 -55.1496584,-14.850157199531,0.0 -55.1493757,-14.850035499531,0.0 -55.1490646,-14.849996499531,0.0 -55.1484733,-14.849922399531,0.0 -55.1480606,-14.8495503995311,0.0 -55.1479757,-14.8489246995311,0.0 -55.148031,-14.8481307995311,0.0 -55.1484985,-14.8475137995311,0.0 -55.1488718,-14.8470210995311,0.0 -55.1489072,-14.8468092995311,0.0 -55.1488978,-14.8467806995311,0.0 -55.1488233,-14.8465539995311,0.0 -55.1482263,-14.8459622995312,0.0 -55.1481603,-14.8458363995312,0.0 -55.1481627,-14.8458214995312,0.0 -55.1482096,-14.8455273995312,0.0 -55.1490244,-14.8446639995312,0.0 -55.149099,-14.8445849995312,0.0 -55.149179,-14.8443356995312,0.0 -55.1491512,-14.8440263995312,0.0 -55.1490566,-14.8439208995312,0.0 -55.1489556,-14.8438083995312,0.0 -55.1489189,-14.8437674995312,0.0 -55.1486019,-14.8436385995312,0.0 -55.1469724,-14.8436810995312,0.0 -55.1466542,-14.8432307995312,0.0 -55.1467404,-14.8427517995313,0.0 -55.1467471,-14.8427144995312,0.0 -55.1467977,-14.8426495995312,0.0 -55.1471098,-14.8422491995313,0.0 -55.1472571,-14.8421491995313,0.0 -55.1473439,-14.8420901995313,0.0 -55.1480278,-14.8420017995313,0.0 -55.1488114,-14.8423224995313,0.0 -55.1499881,-14.8428039995312,0.0 -55.1501546,-14.8428455995312,0.0 -55.1506849,-14.8429781995312,0.0 -55.1512463,-14.8428640995312,0.0 -55.1514705,-14.8426655995312,0.0 -55.1516661,-14.8421628995313,0.0 -55.1516809,-14.8421246995313,0.0 -55.1516128,-14.8414294995313,0.0 -55.1513795,-14.8406250995313,0.0 -55.1513829,-14.8400995995313,0.0 -55.1516953,-14.8394674995313,0.0 -55.1519867,-14.8388779995314,0.0 -55.1520894,-14.8383677995314,0.0 -55.151942,-14.8378281995314,0.0 -55.1519355,-14.8378042995314,0.0 -55.1517425,-14.8375997995314,0.0 -55.1510476,-14.8372105995314,0.0 -55.1505467,-14.8366676995314,0.0 -55.1505126,-14.8365449995314,0.0 -55.1503099,-14.8358152995314,0.0 -55.1503099,-14.8358084995314,0.0 -55.150307,-14.8343814995315,0.0 -55.1500418,-14.8338121995315,0.0 -55.1500269,-14.8338037995315,0.0 -55.1495608,-14.8335410995315,0.0 -55.1494385,-14.8334721995315,0.0 -55.1483981,-14.8333319995315,0.0 -55.1480165,-14.8332804995315,0.0 -55.1477303,-14.8330320995315,0.0 -55.1477282,-14.8330040995315,0.0 -55.1476959,-14.8325721995315,0.0 -55.1477958,-14.8324306995315,0.0 -55.1488302,-14.8309635995316,0.0 -55.1493275,-14.8298006995316,0.0 -55.1496669,-14.8295637995316,0.0 -55.1499873,-14.8294645995316,0.0 -55.1502677,-14.8293777995316,0.0 -55.1506283,-14.8290730995316,0.0 -55.1507194,-14.8289960995316,0.0 -55.151168,-14.8275531995317,0.0 -55.1526486,-14.8259201995317,0.0 -55.1527738,-14.8256814995317,0.0 -55.1527928,-14.8254571995317,0.0 -55.1528027,-14.8253404995317,0.0 -55.1526401,-14.8250459995318,0.0 -55.1523327,-14.8249726995318,0.0 -55.1521564,-14.8249306995318,0.0 -55.1516215,-14.8250444995318,0.0 -55.1513971,-14.8250921995317,0.0 -55.1512621,-14.8251341995317,0.0 -55.1508008,-14.8252778995317,0.0 -55.1498709,-14.8255673995317,0.0 -55.1489175,-14.8258642995317,0.0 -55.1483625,-14.8257943995317,0.0 -55.1479483,-14.8254775995317,0.0 -55.1478052,-14.8249226995318,0.0 -55.1477632,-14.8241524995318,0.0 -55.1477603,-14.8241423995318,0.0 -55.1475296,-14.8233210995318,0.0 -55.1475066,-14.8232916995318,0.0 -55.1471111,-14.8227862995318,0.0 -55.1464934,-14.8221997995318,0.0 -55.1463841,-14.8220959995318,0.0 -55.1462799,-14.8218039995318,0.0 -55.1462777,-14.8217977995318,0.0 -55.1458716,-14.8206602995319,0.0 -55.1458711,-14.8206588995319,0.0 -55.1456368,-14.8202442995319,0.0 -55.1454873,-14.8201100995319,0.0 -55.1451853,-14.8198389995319,0.0 -55.1448449,-14.8196891995319,0.0 -55.1443852,-14.8194868995319,0.0 -55.1442878,-14.8193412995319,0.0 -55.1442103,-14.8190396995319,0.0 -55.1442307,-14.8186718995319,0.0 -55.1442801,-14.817782599532,0.0 -55.144068,-14.817448799532,0.0 -55.1440393,-14.817403799532,0.0 -55.1432738,-14.816852899532,0.0 -55.1430153,-14.816428699532,0.0 -55.1429637,-14.816210099532,0.0 -55.1429492,-14.816148699532,0.0 -55.1429993,-14.815693399532,0.0 -55.1432585,-14.815386499532,0.0 -55.1432774,-14.815378299532,0.0 -55.1438386,-14.815133499532,0.0 -55.1440389,-14.815046099532,0.0 -55.1449438,-14.814956699532,0.0 -55.1452082,-14.8148210995321,0.0 -55.1455182,-14.8143699995321,0.0 -55.1460378,-14.8136139995321,0.0 -55.14655,-14.8132012995321,0.0 -55.1473942,-14.8127965995321,0.0 -55.1475306,-14.8126482995321,0.0 -55.1475352,-14.8123926995321,0.0 -55.1475374,-14.8122663995321,0.0 -55.1473572,-14.8120585995321,0.0 -55.1473527,-14.8120532995321,0.0 -55.145772,-14.8110653995322,0.0 -55.1457703,-14.8110642995322,0.0 -55.1455138,-14.8109996995322,0.0 -55.1449992,-14.8110684995322,0.0 -55.1440525,-14.8115557995321,0.0 -55.1436564,-14.8115538995321,0.0 -55.1433905,-14.8113264995321,0.0 -55.1433832,-14.8112937995322,0.0 -55.1433286,-14.8110498995322,0.0 -55.1433943,-14.8108784995322,0.0 -55.1436412,-14.8106773995322,0.0 -55.1438697,-14.8105572995322,0.0 -55.1444117,-14.8102726995322,0.0 -55.1445571,-14.8101190995322,0.0 -55.1446718,-14.8097910995322,0.0 -55.1447037,-14.8096997995322,0.0 -55.1446673,-14.8094932995322,0.0 -55.1446657,-14.8094840995322,0.0 -55.1444943,-14.8092532995322,0.0 -55.1444063,-14.8091594995322,0.0 -55.1442825,-14.8090274995322,0.0 -55.144631,-14.8089550995322,0.0 -55.144848,-14.8086554995322,0.0 -55.1449401,-14.8085282995322,0.0 -55.1449608,-14.8083902995322,0.0 -55.1451387,-14.8072049995323,0.0 -55.1452772,-14.8066061995323,0.0 -55.1455242,-14.8055387995323,0.0 -55.1460377,-14.8044995995323,0.0 -55.1464417,-14.8039064995324,0.0 -55.1468232,-14.8033463995324,0.0 -55.1470692,-14.8021296995324,0.0 -55.1472395,-14.8018967995324,0.0 -55.1473486,-14.8017477995324,0.0 -55.1478084,-14.8016436995324,0.0 -55.1483505,-14.8017143995324,0.0 -55.1496679,-14.8024216995324,0.0 -55.1500261,-14.8026139995324,0.0 -55.1504304,-14.8027340995324,0.0 -55.151056,-14.8029199995324,0.0 -55.1517815,-14.8029203995324,0.0 -55.152655,-14.8029208995324,0.0 -55.154602,-14.8031904995324,0.0 -55.155427,-14.8031746995324,0.0 -55.1554776,-14.8031736995324,0.0 -55.1554985,-14.8031580995324,0.0 -55.1559533,-14.8028184995324,0.0 -55.1559856,-14.8027942995324,0.0 -55.1560027,-14.8027586995324,0.0 -55.1562762,-14.8021896995324,0.0 -55.156307,-14.8020166995324,0.0 -55.1563809,-14.8016010995324,0.0 -55.1563676,-14.8009608995324,0.0 -55.1563542,-14.8003159995325,0.0 -55.156413,-14.8001711995325,0.0 -55.1565319,-14.7998780995325,0.0 -55.1567846,-14.7996299995325,0.0 -55.1573786,-14.7993280995325,0.0 -55.1581906,-14.7989154995325,0.0 -55.1586622,-14.7986258995325,0.0 -55.1589995,-14.7982513995325,0.0 -55.1590083,-14.7982305995325,0.0 -55.1593519,-14.7974193995325,0.0 -55.1593919,-14.7968232995326,0.0 -55.1591785,-14.7965845995326,0.0 -55.159123,-14.7965224995326,0.0 -55.1588612,-14.7962297995326,0.0 -55.1575504,-14.7955445995326,0.0 -55.1572493,-14.7951842995326,0.0 -55.1571488,-14.7946497995326,0.0 -55.1574728,-14.7942042995326,0.0 -55.1581379,-14.7939854995326,0.0 -55.1583935,-14.7939013995326,0.0 -55.1589083,-14.7935596995327,0.0 -55.1592096,-14.7933596995327,0.0 -55.1592494,-14.7932041995327,0.0 -55.1591482,-14.7929522995327,0.0 -55.15875,-14.7926181995327,0.0 -55.1587437,-14.7926128995327,0.0 -55.1579359,-14.7922116995327,0.0 -55.15768,-14.7920313995327,0.0 -55.1571744,-14.7916751995327,0.0 -55.1562224,-14.7912159995327,0.0 -55.1551226,-14.7909216995327,0.0 -55.1535434,-14.7907209995327,0.0 -55.153125,-14.7906676995327,0.0 -55.1515631,-14.7900621995328,0.0 -55.1511273,-14.7897516995328,0.0 -55.1509595,-14.7895027995328,0.0 -55.1509033,-14.7889477995328,0.0 -55.1508884,-14.7888008995328,0.0 -55.150868,-14.7885996995328,0.0 -55.1510363,-14.7882742995328,0.0 -55.1511288,-14.7881906995328,0.0 -55.1514991,-14.7878560995328,0.0 -55.1516506,-14.7877649995328,0.0 -55.1519913,-14.7875601995328,0.0 -55.1541058,-14.7869419995328,0.0 -55.1552841,-14.7867772995328,0.0 -55.1581797,-14.7868902995329,0.0 -55.1584158,-14.7868994995328,0.0 -55.158751,-14.7869125995329,0.0 -55.1597137,-14.7870793995328,0.0 -55.1605945,-14.7879680995328,0.0 -55.1612835,-14.7892126995328,0.0 -55.1616111,-14.7904656995328,0.0 -55.1619742,-14.7910501995327,0.0 -55.162699,-14.7912651995327,0.0 -55.1632251,-14.7911875995327,0.0 -55.1642592,-14.7908212995327,0.0 -55.1649655,-14.7907114995327,0.0 -55.1659953,-14.7910305995327,0.0 -55.1666853,-14.7913952995327,0.0 -55.1682734,-14.7926104995327,0.0 -55.1690663,-14.7934453995327,0.0 -55.1701376,-14.7947331995326,0.0 -55.1709634,-14.7957257995326,0.0 -55.1711826,-14.7959891995326,0.0 -55.1713135,-14.7963011995326,0.0 -55.1713089,-14.7967000995326,0.0 -55.1713074,-14.7968383995326,0.0 -55.1709701,-14.7979119995325,0.0 -55.1710334,-14.7981243995325,0.0 -55.1711182,-14.7982282995325,0.0 -55.1713229,-14.7984789995325,0.0 -55.1718368,-14.7986631995325,0.0 -55.1721276,-14.7986232995325,0.0 -55.1732237,-14.7980889995325,0.0 -55.1746114,-14.7970886995325,0.0 -55.175303,-14.7964995995326,0.0 -55.1758434,-14.7958656995326,0.0 -55.1759604,-14.7958071995326,0.0 -55.1761572,-14.7957089995326,0.0 -55.1761998,-14.7956876995326,0.0 -55.1768092,-14.7955746995326,0.0 -55.1775808,-14.7955838995326,0.0 -55.1783572,-14.7958510995326,0.0 -55.178768,-14.7963117995326,0.0 -55.1788575,-14.7965159995326,0.0 -55.1792544,-14.7974212995326,0.0 -55.1794434,-14.7982096995325,0.0 -55.1794573,-14.7982675995325,0.0 -55.1795005,-14.7984479995325,0.0 -55.1797618,-14.7988980995325,0.0 -55.1803877,-14.7993995995325,0.0 -55.1817132,-14.7999800995325,0.0 -55.1822215,-14.8002171995325,0.0 -55.182561,-14.8005037995325,0.0 -55.1828933,-14.8010340995324,0.0 -55.1829837,-14.8020588995324,0.0 -55.1830567,-14.8028874995324,0.0 -55.1830616,-14.8037631995324,0.0 -55.1830629,-14.8039988995324,0.0 -55.1832428,-14.8044125995323,0.0 -55.1835071,-14.8045581995323,0.0 -55.183945,-14.8045293995323,0.0 -55.1843121,-14.8045051995323,0.0 -55.1844674,-14.8045151995323,0.0 -55.1852169,-14.8045634995323,0.0 -55.1855539,-14.8048341995323,0.0 -55.1857997,-14.8053026995323,0.0 -55.1858223,-14.8056000995323,0.0 -55.1859,-14.8066225995323,0.0 -55.1859094,-14.8067459995323,0.0 -55.1858789,-14.8070008995323,0.0 -55.1857952,-14.8076992995322,0.0 -55.1856805,-14.8086568995322,0.0 -55.1853033,-14.8100007995322,0.0 -55.1849719,-14.8106736995322,0.0 -55.1843515,-14.8119333995321,0.0 -55.1842897,-14.8122027995321,0.0 -55.184255,-14.8123538995321,0.0 -55.184253,-14.8123625995321,0.0 -55.1843574,-14.8128691995321,0.0 -55.1849935,-14.8133845995321,0.0 -55.1855353,-14.8134368995321,0.0 -55.1863558,-14.8130759995321,0.0 -55.1865031,-14.8129464995321,0.0 -55.1869429,-14.8125596995321,0.0 -55.1869667,-14.8125272995321,0.0 -55.1874966,-14.8118062995321,0.0 -55.1880286,-14.8114213995321,0.0 -55.18841,-14.8112985995321,0.0 -55.1890032,-14.8113331995321,0.0 -55.1894715,-14.8112544995321,0.0 -55.1899041,-14.8110685995322,0.0 -55.1902339,-14.8108002995322,0.0 -55.1902572,-14.8107240995322,0.0 -55.190278,-14.8106563995322,0.0 -55.1903614,-14.8103838995322,0.0 -55.1903901,-14.8094805995322,0.0 -55.1899518,-14.8079507995322,0.0 -55.1896606,-14.8064727995323,0.0 -55.1896771,-14.8057894995323,0.0 -55.1897415,-14.8053905995323,0.0 -55.1898468,-14.8047389995323,0.0 -55.1899984,-14.8043995995323,0.0 -55.1902835,-14.8040622995324,0.0 -55.1907002,-14.8037544995324,0.0 -55.1910054,-14.8036882995324,0.0 -55.1916393,-14.8038320995324,0.0 -55.1922108,-14.8043005995323,0.0 -55.1927603,-14.8049350995323,0.0 -55.193275,-14.8057391995323,0.0 -55.1935961,-14.8064383995323,0.0 -55.1936942,-14.8068904995323,0.0 -55.1937045,-14.8073918995323,0.0 -55.1937184,-14.8080684995322,0.0 -55.1934231,-14.8095630995322,0.0 -55.1928618,-14.8105884995322,0.0 -55.1923433,-14.8115358995321,0.0 -55.192028,-14.8127254995321,0.0 -55.1921528,-14.816272999532,0.0 -55.1921788,-14.817012499532,0.0 -55.1921589,-14.817206499532,0.0 -55.1919369,-14.8193726995319,0.0 -55.1919363,-14.8193789995319,0.0 -55.1918672,-14.8200526995319,0.0 -55.1920532,-14.8203397995319,0.0 -55.1922021,-14.8203869995319,0.0 -55.1925294,-14.8204909995319,0.0 -55.1933357,-14.8204873995319,0.0 -55.1939313,-14.8204846995319,0.0 -55.1940714,-14.8204840995319,0.0 -55.19539,-14.8207992995319,0.0 -55.1963312,-14.8208487995319,0.0 -55.1970058,-14.8206591995319,0.0 -55.1970286,-14.8206527995319,0.0 -55.1973697,-14.8203697995319,0.0 -55.1977489,-14.8200551995319,0.0 -55.1978016,-14.8200262995319,0.0 -55.1982896,-14.8197592995319,0.0 -55.1988969,-14.8196071995319,0.0 -55.1990112,-14.8196560995319,0.0 -55.1992364,-14.8197525995319,0.0 -55.1992895,-14.8198940995319,0.0 -55.1993665,-14.8200995995319,0.0 -55.1992466,-14.8209738995319,0.0 -55.1992385,-14.8209946995319,0.0 -55.1989575,-14.8217144995319,0.0 -55.1979822,-14.8234143995318,0.0 -55.1977059,-14.8248457995318,0.0 -55.1976621,-14.8250724995317,0.0 -55.1977045,-14.8254249995317,0.0 -55.1978977,-14.8257646995317,0.0 -55.1982247,-14.8259959995317,0.0 -55.1988594,-14.8261559995317,0.0 -55.199576,-14.8260926995317,0.0 -55.2008507,-14.8255829995317,0.0 -55.2008715,-14.8255746995317,0.0 -55.2009109,-14.8255531995317,0.0 -55.2020081,-14.8249523995318,0.0 -55.2027522,-14.8246605995318,0.0 -55.2028359,-14.8246277995318,0.0 -55.2039928,-14.8243954995318,0.0 -55.2041013,-14.8243901995318,0.0 -55.2051587,-14.8243385995318,0.0 -55.2056442,-14.8244633995318,0.0 -55.2063111,-14.8248247995318,0.0 -55.2068741,-14.8251297995318,0.0 -55.2072115,-14.8252131995318,0.0 -55.2075959,-14.8251891995318,0.0 -55.2079942,-14.8249207995318,0.0 -55.2083005,-14.8241322995318,0.0 -55.208317,-14.8241102995318,0.0 -55.2088245,-14.8234316995318,0.0 -55.2092621,-14.8232402995318,0.0 -55.2097451,-14.8231771995318,0.0 -55.2098074,-14.8231690995318,0.0 -55.2102701,-14.8233216995318,0.0 -55.2106625,-14.8237649995318,0.0 -55.2107142,-14.8238648995318,0.0 -55.2117095,-14.8257874995317,0.0 -55.212105,-14.8272324995317,0.0 -55.212578,-14.8278817995317,0.0 -55.2130416,-14.8282081995317,0.0 -55.2134181,-14.8282603995317,0.0 -55.2138859,-14.8280718995317,0.0 -55.2141851,-14.8278468995317,0.0 -55.2142047,-14.8278321995317,0.0 -55.214816,-14.8269051995317,0.0 -55.2153137,-14.8245989995318,0.0 -55.2154734,-14.8244168995318,0.0 -55.2158095,-14.8243033995318,0.0 -55.2159127,-14.8242685995318,0.0 -55.2162769,-14.8243130995318,0.0 -55.2167647,-14.8247259995318,0.0 -55.2170414,-14.8254875995317,0.0 -55.2173092,-14.8273278995317,0.0 -55.2175046,-14.8280567995317,0.0 -55.2180667,-14.8289487995316,0.0 -55.2184253,-14.8292107995316,0.0 -55.2187238,-14.8292622995316,0.0 -55.2193383,-14.8290880995316,0.0 -55.2194964,-14.8290431995316,0.0 -55.219499,-14.8290424995316,0.0 -55.2195119,-14.8290335995316,0.0 -55.2198084,-14.8288289995316,0.0 -55.2210342,-14.8272828995317,0.0 -55.2210715,-14.8272358995317,0.0 -55.2221818,-14.8263041995317,0.0 -55.2249532,-14.8235571995318,0.0 -55.2251045,-14.8234071995318,0.0 -55.2257137,-14.8229552995318,0.0 -55.2260148,-14.8228000995318,0.0 -55.2263601,-14.8226220995318,0.0 -55.2272494,-14.8223894995318,0.0 -55.2281178,-14.8224372995318,0.0 -55.2286726,-14.8227925995318,0.0 -55.2298262,-14.8242543995318,0.0 -55.2301639,-14.8244661995318,0.0 -55.2305871,-14.8245630995318,0.0 -55.2312795,-14.8244689995318,0.0 -55.2316832,-14.8241639995318,0.0 -55.2318896,-14.8240078995318,0.0 -55.2321946,-14.8235450995318,0.0 -55.232549,-14.8225976995318,0.0 -55.2326946,-14.8217358995318,0.0 -55.2327005,-14.8211109995319,0.0 -55.2327095,-14.8201625995319,0.0 -55.2329397,-14.8193729995319,0.0 -55.2334121,-14.8190127995319,0.0 -55.2336152,-14.8188580995319,0.0 -55.2343835,-14.8186889995319,0.0 -55.2344852,-14.8186665995319,0.0 -55.23461,-14.8186391995319,0.0 -55.2350811,-14.8186322995319,0.0 -55.2356076,-14.8187035995319,0.0 -55.2361235,-14.8189012995319,0.0 -55.2367091,-14.8193447995319,0.0 -55.2371336,-14.8196662995319,0.0 -55.237416,-14.8197583995319,0.0 -55.2378133,-14.8198879995319,0.0 -55.2383457,-14.8199501995319,0.0 -55.2388957,-14.8197694995319,0.0 -55.2396006,-14.8188806995319,0.0 -55.2400817,-14.8184059995319,0.0 -55.2403898,-14.8182232995319,0.0 -55.2405384,-14.818214199532,0.0 -55.2411408,-14.818177399532,0.0 -55.2416028,-14.818272699532,0.0 -55.2421104,-14.8183773995319,0.0 -55.2430571,-14.8184180995319,0.0 -55.243345,-14.8184304995319,0.0 -55.2436986,-14.8183539995319,0.0 -55.2440744,-14.818028699532,0.0 -55.2444129,-14.816678499532,0.0 -55.2444991,-14.816334799532,0.0 -55.2449765,-14.815814299532,0.0 -55.2450686,-14.815713799532,0.0 -55.2467777,-14.814802199532,0.0 -55.2468548,-14.814767399532,0.0 -55.2469212,-14.814737399532,0.0 -55.2491512,-14.8137303995321,0.0 -55.2493628,-14.8136348995321,0.0 -55.249712,-14.8134771995321,0.0 -55.2502636,-14.8130755995321,0.0 -55.2506169,-14.8125232995321,0.0 -55.2507345,-14.8118320995321,0.0 -55.2507706,-14.8116200995321,0.0 -55.2508317,-14.8112610995322,0.0 -55.2511414,-14.8107302995322,0.0 -55.2513671,-14.8105773995322,0.0 -55.2527102,-14.8102399995322,0.0 -55.2531334,-14.8102266995322,0.0 -55.2533854,-14.8103187995322,0.0 -55.2537237,-14.8107607995322,0.0 -55.2537128,-14.8127569995321,0.0 -55.2539643,-14.815256899532,0.0 -55.2542097,-14.815931399532,0.0 -55.2546102,-14.816305799532,0.0 -55.2551971,-14.816337499532,0.0 -55.2557493,-14.816240399532,0.0 -55.2567088,-14.815749599532,0.0 -55.2582332,-14.814969799532,0.0 -55.2593751,-14.8145432995321,0.0 -55.2599318,-14.8144433995321,0.0 -55.2606757,-14.814566999532,0.0 -55.2639243,-14.816114399532,0.0 -55.264864,-14.816551599532,0.0 -55.2660986,-14.816754399532,0.0 -55.2666103,-14.816718599532,0.0 -55.2667432,-14.816664499532,0.0 -55.2677013,-14.816274799532,0.0 -55.2681915,-14.816065599532,0.0 -55.2686771,-14.815986199532,0.0 -55.2686933,-14.815983599532,0.0 -55.269173,-14.816031499532,0.0 -55.2699409,-14.816304199532,0.0 -55.2706798,-14.816870299532,0.0 -55.2721839,-14.8184401995319,0.0 -55.2733014,-14.8196771995319,0.0 -55.2738998,-14.8201586995319,0.0 -55.2742782,-14.8203816995319,0.0 -55.2745854,-14.8204543995319,0.0 -55.2751191,-14.8205024995319,0.0 -55.2761878,-14.8202420995319,0.0 -55.2768846,-14.8197907995319,0.0 -55.2769463,-14.8197507995319,0.0 -55.277688,-14.8189534995319,0.0 -55.2779454,-14.8183315995319,0.0 -55.2779717,-14.818032499532,0.0 -55.2778672,-14.817638699532,0.0 -55.2776358,-14.817287299532,0.0 -55.2775909,-14.817253399532,0.0 -55.2773589,-14.817078499532,0.0 -55.2773553,-14.817075799532,0.0 -55.2769412,-14.816763499532,0.0 -55.2759019,-14.815979699532,0.0 -55.27543,-14.815485799532,0.0 -55.2752249,-14.815024999532,0.0 -55.275241,-14.8142509995321,0.0 -55.2753609,-14.8139700995321,0.0 -55.2755539,-14.8137851995321,0.0 -55.2755615,-14.8137778995321,0.0 -55.2763066,-14.8134172995321,0.0 -55.2770086,-14.8128380995321,0.0 -55.2770676,-14.8127893995321,0.0 -55.2773902,-14.8124020995321,0.0 -55.2779969,-14.8111212995322,0.0 -55.278027,-14.8110576995322,0.0 -55.2784152,-14.8106380995322,0.0 -55.2789608,-14.8105242995322,0.0 -55.2796869,-14.8106209995322,0.0 -55.2800938,-14.8108207995322,0.0 -55.2808071,-14.8115598995321,0.0 -55.2812251,-14.8118476995321,0.0 -55.2820454,-14.8122337995321,0.0 -55.2829282,-14.8123872995321,0.0 -55.2835192,-14.8124899995321,0.0 -55.2843985,-14.8123292995321,0.0 -55.2846874,-14.8120743995321,0.0 -55.2848485,-14.8115047995321,0.0 -55.2847554,-14.8109321995322,0.0 -55.2846784,-14.8104584995322,0.0 -55.2845834,-14.8098739995322,0.0 -55.2846442,-14.8083079995322,0.0 -55.2847002,-14.8081226995322,0.0 -55.2848472,-14.8076356995323,0.0 -55.2852199,-14.8071063995323,0.0 -55.2858192,-14.8066736995323,0.0 -55.2865038,-14.8064407995323,0.0 -55.2876675,-14.8064093995323,0.0 -55.2886069,-14.8066541995323,0.0 -55.2892265,-14.8071547995323,0.0 -55.2895966,-14.8078079995322,0.0 -55.2897808,-14.8088103995322,0.0 -55.2897828,-14.8093659995322,0.0 -55.2895517,-14.8105602995322,0.0 -55.2891658,-14.8115633995321,0.0 -55.2887372,-14.8122892995321,0.0 -55.2886856,-14.8123767995321,0.0 -55.2885908,-14.8125373995321,0.0 -55.2879189,-14.8132717995321,0.0 -55.2877027,-14.8137973995321,0.0 -55.2878664,-14.8143280995321,0.0 -55.2882749,-14.814873999532,0.0 -55.2885486,-14.815239799532,0.0 -55.2886831,-14.815494599532,0.0 -55.2894958,-14.817034099532,0.0 -55.2900696,-14.817505399532,0.0 -55.2909681,-14.817708499532,0.0 -55.2922162,-14.817763799532,0.0 -55.2924601,-14.817741399532,0.0 -55.2935079,-14.817645099532,0.0 -55.2939347,-14.817414399532,0.0 -55.2941996,-14.817130099532,0.0 -55.2944024,-14.816753799532,0.0 -55.2946881,-14.815591099532,0.0 -55.2949981,-14.815027799532,0.0 -55.2953229,-14.814883799532,0.0 -55.2955158,-14.814798299532,0.0 -55.2960963,-14.814868899532,0.0 -55.2962922,-14.814972599532,0.0 -55.2967566,-14.815476399532,0.0 -55.2970031,-14.816466599532,0.0 -55.2971368,-14.817790399532,0.0 -55.297161,-14.818029999532,0.0 -55.2971622,-14.818042299532,0.0 -55.2973919,-14.8187660995319,0.0 -55.2976951,-14.8193495995319,0.0 -55.2984511,-14.8202350995319,0.0 -55.2985085,-14.8203023995319,0.0 -55.2986892,-14.8205139995319,0.0 -55.2995391,-14.8209563995319,0.0 -55.300448,-14.8210949995319,0.0 -55.3004549,-14.8210937995319,0.0 -55.3007601,-14.8210438995319,0.0 -55.3009785,-14.8210081995319,0.0 -55.301338,-14.8208406995319,0.0 -55.301642,-14.8205261995319,0.0 -55.3017604,-14.8201728995319,0.0 -55.3018499,-14.8187626995319,0.0 -55.302082,-14.817763399532,0.0 -55.3019183,-14.816785299532,0.0 -55.301446,-14.815770799532,0.0 -55.3009122,-14.814918199532,0.0 -55.2994113,-14.8129808995321,0.0 -55.2991647,-14.8118314995321,0.0 -55.2991359,-14.8116973995321,0.0 -55.2991647,-14.8114063995321,0.0 -55.2991957,-14.8110933995322,0.0 -55.299369,-14.8107530995322,0.0 -55.2993939,-14.8107041995322,0.0 -55.299467,-14.8106669995322,0.0 -55.2998544,-14.8104697995322,0.0 -55.3002423,-14.8102723995322,0.0 -55.3012506,-14.8102829995322,0.0 -55.3018502,-14.8104307995322,0.0 -55.3023676,-14.8105583995322,0.0 -55.3028926,-14.8106878995322,0.0 -55.3035461,-14.8110316995322,0.0 -55.3035893,-14.8110543995322,0.0 -55.3037873,-14.8111585995322,0.0 -55.3041809,-14.8115682995321,0.0 -55.3044478,-14.8121174995321,0.0 -55.30463,-14.8128669995321,0.0 -55.3047322,-14.8138982995321,0.0 -55.3048854,-14.8143618995321,0.0 -55.3053093,-14.814922899532,0.0 -55.3058144,-14.815121599532,0.0 -55.3065733,-14.814959099532,0.0 -55.3072739,-14.8143983995321,0.0 -55.3085786,-14.8119973995321,0.0 -55.3088053,-14.8114673995321,0.0 -55.3091031,-14.8107709995322,0.0 -55.3094887,-14.8102075995322,0.0 -55.3096985,-14.8099977995322,0.0 -55.3098423,-14.8099674995322,0.0 -55.3103059,-14.8098700995322,0.0 -55.310965,-14.8100862995322,0.0 -55.3114423,-14.8104067995322,0.0 -55.3137265,-14.8125439995321,0.0 -55.3142633,-14.8127830995321,0.0 -55.3150006,-14.8129274995321,0.0 -55.3154731,-14.8129236995321,0.0 -55.3161563,-14.8127101995321,0.0 -55.3162168,-14.8126802995321,0.0 -55.3169225,-14.8123306995321,0.0 -55.3170961,-14.8122980995321,0.0 -55.3174995,-14.8122222995321,0.0 -55.3183567,-14.8123874995321,0.0 -55.3188271,-14.8128504995321,0.0 -55.3188506,-14.8131265995321,0.0 -55.3181998,-14.8144718995321,0.0 -55.317911,-14.815535399532,0.0 -55.318058,-14.816434699532,0.0 -55.3190855,-14.818202899532,0.0 -55.3195643,-14.8193441995319,0.0 -55.3196305,-14.8202193995319,0.0 -55.3192514,-14.8211090995319,0.0 -55.3188,-14.8216384995319,0.0 -55.3185478,-14.8219343995318,0.0 -55.3176894,-14.8221743995318,0.0 -55.3155133,-14.8219924995318,0.0 -55.3135843,-14.8213598995319,0.0 -55.3126313,-14.8213887995319,0.0 -55.31222,-14.8216552995318,0.0 -55.312004,-14.8220351995318,0.0 -55.3119563,-14.8221781995318,0.0 -55.3117339,-14.8228447995318,0.0 -55.3116996,-14.8233822995318,0.0 -55.3119984,-14.8237105995318,0.0 -55.3128585,-14.8238995995318,0.0 -55.313507,-14.8243269995318,0.0 -55.3138674,-14.8247202995318,0.0 -55.3151742,-14.8265924995317,0.0 -55.315992,-14.8272846995317,0.0 -55.316055,-14.8273379995317,0.0 -55.3162781,-14.8273768995317,0.0 -55.3166741,-14.8274458995317,0.0 -55.3171343,-14.8275260995317,0.0 -55.3180887,-14.8275492995317,0.0 -55.3201983,-14.8276005995317,0.0 -55.3215002,-14.8278727995317,0.0 -55.3221678,-14.8281681995317,0.0 -55.3246374,-14.8296395995316,0.0 -55.3254299,-14.8301117995316,0.0 -55.3263119,-14.8307786995316,0.0 -55.3266528,-14.8311861995316,0.0 -55.3268847,-14.8316369995316,0.0 -55.3271059,-14.8322990995316,0.0 -55.3272075,-14.8332244995315,0.0 -55.3269482,-14.8373294995314,0.0 -55.3269542,-14.8390851995313,0.0 -55.3272208,-14.8407746995313,0.0 -55.3274969,-14.8416486995313,0.0 -55.3278017,-14.8420638995313,0.0 -55.3282594,-14.8423770995313,0.0 -55.3297696,-14.8426276995312,0.0 -55.3306962,-14.8429512995312,0.0 -55.3310773,-14.8431497995312,0.0 -55.3312463,-14.8432377995312,0.0 -55.3321048,-14.8440974995312,0.0 -55.3326613,-14.8450826995312,0.0 -55.3328776,-14.8453189995312,0.0 -55.3328844,-14.8453263995312,0.0 -55.3334509,-14.8456057995312,0.0 -55.3343147,-14.8454566995312,0.0 -55.3355098,-14.8445416995312,0.0 -55.3357493,-14.8444096995312,0.0 -55.3359856,-14.8442792995312,0.0 -55.3360917,-14.8442207995312,0.0 -55.3364302,-14.8441467995312,0.0 -55.3364851,-14.8441497995312,0.0 -55.3372547,-14.8441907995312,0.0 -55.3376912,-14.8442140995312,0.0 -55.3385368,-14.8444080995312,0.0 -55.3395804,-14.8454051995312,0.0 -55.3402064,-14.8457378995312,0.0 -55.3402897,-14.8457282995312,0.0 -55.3407252,-14.8456779995312,0.0 -55.3413062,-14.8453714995312,0.0 -55.3416521,-14.8446402995312,0.0 -55.3418008,-14.8440745995312,0.0 -55.3416506,-14.8432904995312,0.0 -55.3412201,-14.8428514995312,0.0 -55.3409044,-14.8426953995312,0.0 -55.3393811,-14.8423259995313,0.0 -55.33863,-14.8420528995313,0.0 -55.3379577,-14.8417487995313,0.0 -55.3375974,-14.8414679995313,0.0 -55.3370411,-14.8408002995313,0.0 -55.3369092,-14.8403376995313,0.0 -55.3369255,-14.8393664995313,0.0 -55.3369279,-14.8392224995313,0.0 -55.3371814,-14.8383743995314,0.0 -55.3377221,-14.8376501995314,0.0 -55.3384262,-14.8369893995314,0.0 -55.338957,-14.8362029995314,0.0 -55.339136,-14.8359377995314,0.0 -55.3393637,-14.8356004995315,0.0 -55.3398608,-14.8350998995315,0.0 -55.3410341,-14.8345108995315,0.0 -55.3417893,-14.8342515995315,0.0 -55.3420932,-14.8341472995315,0.0 -55.3435801,-14.8337861995315,0.0 -55.3437609,-14.8336652995315,0.0 -55.3441276,-14.8334199995315,0.0 -55.344472,-14.8329729995315,0.0 -55.3447216,-14.8324590995315,0.0 -55.3451438,-14.8312221995316,0.0 -55.3451781,-14.8311533995316,0.0 -55.3456439,-14.8302183995316,0.0 -55.3457923,-14.8297544995316,0.0 -55.3459025,-14.8286049995317,0.0 -55.3462124,-14.8275000995317,0.0 -55.3465164,-14.8269647995317,0.0 -55.3467803,-14.8265002995317,0.0 -55.3475385,-14.8258231995317,0.0 -55.3475508,-14.8258219995317,0.0 -55.3482574,-14.8257526995317,0.0 -55.348392,-14.8258219995317,0.0 -55.3488843,-14.8260754995317,0.0 -55.3492521,-14.8266503995317,0.0 -55.3495252,-14.8273222995317,0.0 -55.3497322,-14.8278312995317,0.0 -55.3503788,-14.8290170995316,0.0 -55.3509751,-14.8296284995316,0.0 -55.3511696,-14.8298277995316,0.0 -55.35203,-14.8303022995316,0.0 -55.3527593,-14.8304714995316,0.0 -55.3533428,-14.8303765995316,0.0 -55.3538387,-14.8300469995316,0.0 -55.3539756,-14.8298284995316,0.0 -55.3540352,-14.8297332995316,0.0 -55.3542536,-14.8293848995316,0.0 -55.3543994,-14.8283507995317,0.0 -55.3543892,-14.8281433995317,0.0 -55.3543612,-14.8275783995317,0.0 -55.3542792,-14.8259203995317,0.0 -55.3538927,-14.8238476995318,0.0 -55.3538374,-14.8235511995318,0.0 -55.3538125,-14.8233201995318,0.0 -55.3537786,-14.8230056995318,0.0 -55.3537048,-14.8223209995318,0.0 -55.3537101,-14.8219521995318,0.0 -55.3537233,-14.8210260995319,0.0 -55.353992,-14.8205253995319,0.0 -55.35437,-14.8203134995319,0.0 -55.3552176,-14.8201264995319,0.0 -55.3556682,-14.8201437995319,0.0 -55.357305,-14.8204864995319,0.0</coordinates>
</LinearRing>
</outerBoundaryIs>
</Polygon>
</MultiGeometry>
</Placemark>
</Folder>
</Document></kml>
